elapsed_s,CP_LONG_PREEMPTIONS,CP_SQE_I_CACHE_STARVE,CP_SQE_IDLE,CP_SQE_PM4_STARVE_RB,CP_SQE_PM4_STARVE_IB1,CP_SQE_PM4_STARVE_IB2,CP_SQE_PM4_STARVE_IB3,CP_SQE_PM4_STARVE_FSDT,CP_SQE_PM4_STARVE_SDS,CP_SQE_MRB_STARVE,CP_SQE_RRB_STARVE,CP_SQE_VSD_STARVE,CP_VSD_DECODE_STARVE,CP_SQE_PIPE_OUT_STALL
0.001107,0,823,99708,1,0,0,0,0,0,0,52,0,0,0
0.002869,0,921,97012,48,0,0,0,0,0,0,52,0,0,0
0.004681,0,1129,114830,48,0,0,0,0,0,0,52,0,0,0
0.006481,0,1084,98387,47,0,0,0,0,0,0,52,0,0,0
0.008143,0,917,90813,47,0,0,0,0,0,0,52,0,0,0
0.009814,0,1126,88841,47,0,0,0,0,0,0,52,0,0,0
0.011498,0,1027,89725,47,0,0,0,0,0,0,52,0,0,0
0.013142,0,1004,89729,47,0,0,0,0,0,0,52,0,0,0
0.014874,0,986,87795,47,0,0,0,0,0,0,52,0,0,0
0.016492,0,1003,86838,47,0,0,0,0,0,0,52,0,0,0
0.018477,0,950,139765,47,0,0,0,0,0,0,52,0,0,0
0.020163,0,1134,90499,47,0,0,0,0,0,0,52,0,0,0
0.021773,0,1124,90958,47,0,0,0,0,0,0,52,0,0,0
0.023486,0,883,88870,47,0,0,0,0,0,0,51,0,0,0
0.025140,0,1007,92699,47,0,0,0,0,0,0,52,0,0,0
0.026705,0,904,85773,47,0,0,0,0,0,0,52,0,0,0
0.028260,0,1078,106085,47,0,0,0,0,0,0,52,0,0,0
0.029942,0,898,105706,47,0,0,0,0,0,0,52,0,0,0
0.031721,0,768,96167,47,0,0,0,0,0,0,52,0,0,0
0.033205,0,857,82160,47,0,0,0,0,0,0,51,0,0,0
0.034687,0,878,82006,47,0,0,0,0,0,0,52,0,0,0
0.036219,0,733,85779,47,0,0,0,0,0,0,52,0,0,0
0.037742,0,939,85119,47,0,0,0,0,0,0,51,0,0,0
0.039245,0,906,84185,47,0,0,0,0,0,0,52,0,0,0
0.040747,0,650,84268,47,0,0,0,0,0,0,52,0,0,0
0.042257,0,636,63880,47,0,0,0,0,0,0,52,0,0,0
0.043632,0,596,82296,46,0,0,0,0,0,0,51,0,0,0
0.045130,0,586,63304,47,0,0,0,0,0,0,52,0,0,0
0.046554,0,565,65279,47,0,0,0,0,0,0,51,0,0,0
0.047957,0,498,65871,47,0,0,0,0,0,0,51,0,0,0
0.049354,0,485,65907,39,0,0,0,0,0,0,52,0,0,0
0.050754,0,487,66525,40,0,0,0,0,0,0,51,0,0,0
0.052159,0,493,67285,41,0,0,0,0,0,0,51,0,0,0
0.053643,0,486,67292,40,0,0,0,0,0,0,52,0,0,0
0.055105,0,485,67715,40,0,0,0,0,0,0,52,0,0,0
0.056647,0,483,80458,47,0,0,0,0,0,0,51,0,0,0
0.058105,0,473,66692,39,0,0,0,0,0,0,52,0,0,0
0.059516,0,476,66895,40,0,0,0,0,0,0,52,0,0,0
0.060926,0,465,67773,39,0,0,0,0,0,0,52,0,0,0
0.062411,1,10298,109370,77,62,0,0,0,0,199,7135,0,0,0
0.063779,0,518,70757,1,0,0,0,0,0,0,52,0,0,0
0.065242,0,488,67069,47,0,0,0,0,0,0,51,0,0,0
0.066654,0,482,67088,40,0,0,0,0,0,0,52,0,0,0
0.068060,0,477,66883,40,0,0,0,0,0,0,52,0,0,0
0.069467,0,479,66723,40,0,0,0,0,0,0,52,0,0,0
0.070920,0,479,66521,40,0,0,0,0,0,0,52,0,0,0
0.072324,0,15616,82359,40,8,235,120,0,0,0,114,0,0,0
0.073799,0,4965,421932,377,0,0,0,0,0,111,120,0,0,0
0.075202,0,1680,478867,160,0,0,0,0,0,0,88,0,0,0
0.076606,0,1756,469873,137,0,0,0,0,0,0,87,0,0,0
0.078005,0,1657,483491,137,0,0,0,0,0,0,85,0,0,0
0.079561,0,1715,477674,138,0,0,0,0,0,0,85,0,0,0
0.081025,0,1650,470682,139,0,0,0,0,0,0,88,0,0,0
0.082471,0,1673,452543,173,0,0,0,0,0,0,90,0,0,0
0.083917,0,1732,453026,138,0,0,0,0,0,0,89,0,0,0
0.085359,0,22146,474572,220,0,0,0,0,0,0,86,0,0,0
0.087261,0,1663,501489,138,0,0,0,0,0,0,86,0,0,0
0.088733,0,1656,450950,138,0,0,0,0,0,0,86,0,0,0
0.090168,0,1653,444991,138,0,0,0,0,0,0,86,0,0,0
0.091602,0,1655,4552922,138,0,0,0,0,0,0,88,0,0,0
0.096764,0,1649,469968,138,0,0,0,0,0,0,88,0,0,0
0.098245,0,1654,458070,137,0,0,0,0,0,0,89,0,0,0
0.099821,0,1717,495983,139,0,0,0,0,0,0,86,0,0,0
0.101276,0,1725,463027,137,0,0,0,0,0,0,85,0,0,0
0.102679,0,1654,471625,137,0,0,0,0,0,0,88,0,0,0
0.104133,0,1650,469756,137,0,0,0,0,0,0,88,0,0,0
0.105577,0,1650,461343,137,0,0,0,0,0,0,85,0,0,0
0.107042,0,1651,465535,137,0,0,0,0,0,0,89,0,0,0
0.108479,0,1653,459744,137,0,0,0,0,0,0,85,0,0,0
0.109913,0,1653,446703,137,0,0,0,0,0,0,90,0,0,0
0.111386,0,1659,507223,137,0,0,0,0,0,0,88,0,0,0
0.112870,0,1654,451180,137,0,0,0,0,0,0,88,0,0,0
0.114311,0,1658,449291,136,0,0,0,0,0,0,86,0,0,0
0.115748,0,1658,446633,136,0,0,0,0,0,0,88,0,0,0
0.117193,0,1664,452561,137,0,0,0,0,0,0,89,0,0,0
0.118664,0,1659,472717,136,0,0,0,0,0,0,90,0,0,0
0.120101,0,1661,537444,136,0,0,0,0,0,0,85,0,0,0
0.121749,0,1656,477624,137,0,0,0,0,0,0,87,0,0,0
0.123352,0,1659,494397,137,0,0,0,0,0,0,87,0,0,0
0.124962,0,1868,478581,137,0,0,0,0,0,0,89,0,0,0
0.126608,0,1654,479139,136,0,0,0,0,0,0,87,0,0,0
0.128104,0,1652,469172,137,0,0,0,0,0,0,86,0,0,0
0.129683,0,1659,478130,136,0,0,0,0,0,0,88,0,0,0
0.131286,0,1655,483701,136,0,0,0,0,0,0,89,0,0,0
0.134128,0,1651,1168948,137,0,0,0,0,0,0,90,0,0,0
0.135622,0,1759,455238,138,0,0,0,0,0,0,90,0,0,0
0.137068,0,1660,456032,137,0,0,0,0,0,0,88,0,0,0
0.138531,0,1653,462223,137,0,0,0,0,0,0,85,0,0,0
0.140012,0,1655,460723,137,0,0,0,0,0,0,87,0,0,0
0.141452,0,1652,448724,137,0,0,0,0,0,0,86,0,0,0
0.142926,0,1650,481649,136,0,0,0,0,0,0,90,0,0,0
0.144386,0,1650,460052,137,0,0,0,0,0,0,89,0,0,0
0.145832,0,1648,453008,136,0,0,0,0,0,0,87,0,0,0
0.147273,0,1659,476044,137,0,0,0,0,0,0,86,0,0,0
0.148738,0,1657,454352,137,0,0,0,0,0,0,85,0,0,0
0.150178,0,1653,489430,137,0,0,0,0,0,0,89,0,0,0
0.151787,0,1654,478538,138,0,0,0,0,0,0,87,0,0,0
0.153394,0,1650,479681,137,0,0,0,0,0,0,85,0,0,0
0.155000,0,1790,480305,136,0,0,0,0,0,0,86,0,0,0
0.156607,0,1654,479396,137,0,0,0,0,0,0,90,0,0,0
0.158213,0,1651,527431,137,0,0,0,0,0,0,89,0,0,0
0.159755,0,1585,443624,131,0,0,0,0,0,0,86,0,0,0
0.161331,0,1631,458836,132,0,0,0,0,0,0,86,0,0,0
0.162937,0,1586,459316,131,0,0,0,0,0,0,85,0,0,0
0.164544,0,1779,459946,131,0,0,0,0,0,0,87,0,0,0
0.166151,0,1589,504426,132,0,0,0,0,0,0,86,0,0,0
0.167802,0,1629,459563,132,0,0,0,0,0,0,84,0,0,0
0.169409,0,1629,460645,132,0,0,0,0,0,0,85,0,0,0
0.171027,0,1588,457592,132,0,0,0,0,0,0,88,0,0,0
0.172697,0,1633,459791,132,0,0,0,0,0,0,84,0,0,0
0.174303,0,1591,505315,131,0,0,0,0,0,0,86,0,0,0
0.175956,0,1768,459868,132,0,0,0,0,0,0,83,0,0,0
0.177563,0,1670,457718,132,0,0,0,0,0,0,85,0,0,0
0.179167,0,1636,464523,132,0,0,0,0,0,0,87,0,0,0
0.180778,0,1598,460255,132,0,0,0,0,0,0,85,0,0,0
0.182437,0,1593,459281,131,0,0,0,0,0,0,87,0,0,0
0.184045,0,1593,458167,132,0,0,0,0,0,0,84,0,0,0
0.185654,0,1595,460791,132,0,0,0,0,0,0,85,0,0,0
0.187135,0,1638,708291,132,0,0,0,0,0,0,83,0,0,0
0.188830,0,1708,434014,131,0,0,0,0,0,0,84,0,0,0
0.190268,0,1632,472074,132,0,0,0,0,0,0,83,0,0,0
0.191745,0,1595,425715,132,0,0,0,0,0,0,87,0,0,0
0.193189,0,1588,440349,131,0,0,0,0,0,0,86,0,0,0
0.194623,0,1767,441002,132,0,0,0,0,0,0,86,0,0,0
0.196055,0,1590,419980,132,0,0,0,0,0,0,87,0,0,0
0.197488,0,1591,419986,132,0,0,0,0,0,0,88,0,0,0
0.198969,0,1635,427006,132,0,0,0,0,0,0,85,0,0,0
0.200375,0,1609,423300,132,0,0,0,0,0,0,85,0,0,0
0.201780,0,1595,422325,131,0,0,0,0,0,0,85,0,0,0
0.203191,0,1635,455014,132,0,0,0,0,0,0,83,0,0,0
0.204641,0,1591,440262,131,0,0,0,0,0,0,88,0,0,0
0.206045,0,1597,422241,132,0,0,0,0,0,0,87,0,0,0
0.207478,0,1585,421053,133,0,0,0,0,0,0,87,0,0,0
0.208871,0,1594,411065,132,0,0,0,0,0,0,87,0,0,0
0.210257,0,1632,411181,132,0,0,0,0,0,0,83,0,0,0
0.211643,0,1598,410889,132,0,0,0,0,0,0,83,0,0,0
0.213028,0,1671,409750,131,0,0,0,0,0,0,88,0,0,0
0.214447,0,1628,498819,132,0,0,0,0,0,0,84,0,0,0
0.215898,0,1628,494850,152,0,0,0,0,0,0,88,0,0,0
0.217347,0,1697,495574,132,0,0,0,0,0,0,88,0,0,0
0.218796,0,1872,494358,150,0,0,0,0,0,0,86,0,0,0
0.220245,0,1906,495011,152,0,0,0,0,0,0,87,0,0,0
0.221702,0,1609,502592,132,0,0,0,0,0,0,84,0,0,0
0.223164,0,1594,548003,132,0,0,0,0,0,0,85,0,0,0
0.224734,0,1632,444755,133,0,0,0,0,0,0,86,0,0,0
0.226183,0,1598,467339,131,0,0,0,0,0,0,85,0,0,0
0.227693,0,1792,469599,132,0,0,0,0,0,0,87,0,0,0
0.229137,0,1622,448264,137,0,0,0,0,0,0,84,0,0,0
0.230696,0,1628,564568,133,0,0,0,0,0,0,86,0,0,0
0.232262,0,1638,627268,133,0,0,0,0,0,0,87,0,0,0
0.233892,0,1612,468280,132,0,0,0,0,0,0,86,0,0,0
0.235370,0,1592,542658,132,0,0,0,0,0,0,85,0,0,0
0.237073,0,1632,432671,137,0,0,0,0,0,0,87,0,0,0
0.238562,0,1592,446781,132,0,0,0,0,0,0,84,0,0,0
0.239999,0,1764,424983,132,0,0,0,0,0,0,87,0,0,0
0.241455,0,13025,729319,133,135,0,0,0,0,128,142,0,0,0
0.242924,0,1715,449940,133,0,0,0,0,0,0,85,0,0,0
0.244499,0,1595,623896,132,0,0,0,0,0,0,86,0,0,0
0.246136,0,1671,488290,132,0,0,0,0,0,0,85,0,0,0
0.247614,0,1638,426057,132,0,0,0,0,0,0,87,0,0,0
0.249054,0,1636,431700,133,0,0,0,0,0,0,84,0,0,0
0.250490,0,1587,426009,133,0,0,0,0,0,0,84,0,0,0
0.252002,0,18998,808623,139,8,229,51,0,0,134,147,0,0,0
0.253473,0,1850,471633,170,0,0,0,0,0,0,88,0,0,0
0.254957,0,1651,467496,138,0,0,0,0,0,0,90,0,0,0
0.256408,0,1650,467671,137,0,0,0,0,0,0,89,0,0,0
0.257849,0,1702,450642,161,0,0,0,0,0,0,85,0,0,0
0.259288,0,1652,449891,139,0,0,0,0,0,0,89,0,0,0
0.260731,0,1655,483949,139,0,0,0,0,0,0,85,0,0,0
0.262170,0,1848,502695,138,0,0,0,0,0,0,88,0,0,0
0.263636,0,1657,461425,138,0,0,0,0,0,0,88,0,0,0
0.265068,0,1656,449728,139,0,0,0,0,0,0,85,0,0,0
0.266524,0,1649,465029,138,0,0,0,0,0,0,88,0,0,0
0.267994,0,1719,463481,138,0,0,0,0,0,0,89,0,0,0
0.269425,0,1670,442735,139,0,0,0,0,0,0,88,0,0,0
0.270900,0,1822,461500,220,0,0,0,0,0,0,86,0,0,0
0.272331,0,1743,443528,137,0,0,0,0,0,0,88,0,0,0
0.273768,0,1655,449667,202,0,0,0,0,0,0,89,0,0,0
0.275202,0,1654,548768,137,0,0,0,0,0,0,90,0,0,0
0.276708,0,1653,502129,136,0,0,0,0,0,0,88,0,0,0
0.278168,0,1656,488140,137,0,0,0,0,0,0,88,0,0,0
0.279643,0,1658,447580,137,0,0,0,0,0,0,85,0,0,0
0.281077,0,1653,461393,137,0,0,0,0,0,0,85,0,0,0
0.282510,0,1658,462902,137,0,0,0,0,0,0,86,0,0,0
0.283944,0,1654,446174,138,0,0,0,0,0,0,88,0,0,0
0.285379,0,1657,565082,136,0,0,0,0,0,0,89,0,0,0
0.287681,0,1664,478901,136,0,0,0,0,0,0,88,0,0,0
0.289282,0,1767,476918,137,0,0,0,0,0,0,85,0,0,0
0.290883,0,1653,476991,137,0,0,0,0,0,0,87,0,0,0
0.292362,0,1649,467386,137,0,0,0,0,0,0,88,0,0,0
0.293936,0,1653,477440,136,0,0,0,0,0,0,86,0,0,0
0.295540,0,1704,479930,137,0,0,0,0,0,0,88,0,0,0
0.297157,0,1643,478147,137,0,0,0,0,0,0,87,0,0,0
0.298761,0,1658,479237,137,0,0,0,0,0,0,85,0,0,0
0.300365,0,1653,479688,138,0,0,0,0,0,0,87,0,0,0
0.301970,0,1771,478093,137,0,0,0,0,0,0,88,0,0,0
0.303575,0,1738,483020,137,0,0,0,0,0,0,88,0,0,0
0.305180,0,1650,478625,137,0,0,0,0,0,0,86,0,0,0
0.306784,0,1650,477753,137,0,0,0,0,0,0,88,0,0,0
0.308278,0,1658,465682,137,0,0,0,0,0,0,88,0,0,0
0.309854,0,1723,476346,137,0,0,0,0,0,0,87,0,0,0
0.311462,0,1647,479980,137,0,0,0,0,0,0,90,0,0,0
0.313068,0,1643,477326,136,0,0,0,0,0,0,85,0,0,0
0.314672,0,1650,488859,137,0,0,0,0,0,0,87,0,0,0
0.316277,0,1655,488256,136,0,0,0,0,0,0,88,0,0,0
0.317883,0,1656,477457,136,0,0,0,0,0,0,85,0,0,0
0.319504,0,1655,499154,137,0,0,0,0,0,0,89,0,0,0
0.321126,0,1656,476318,136,0,0,0,0,0,0,85,0,0,0
0.322730,0,1656,478397,138,0,0,0,0,0,0,87,0,0,0
0.324333,0,1644,478528,136,0,0,0,0,0,0,87,0,0,0
0.325939,0,1648,487795,136,0,0,0,0,0,0,88,0,0,0
0.327547,0,1654,477914,137,0,0,0,0,0,0,88,0,0,0
0.329152,0,1653,478085,137,0,0,0,0,0,0,89,0,0,0
0.330769,0,1651,476978,136,0,0,0,0,0,0,90,0,0,0
0.332374,0,1655,479001,137,0,0,0,0,0,0,89,0,0,0
0.333980,0,1725,480960,138,0,0,0,0,0,0,88,0,0,0
0.335587,0,1659,478408,138,0,0,0,0,0,0,88,0,0,0
0.337069,0,1656,471096,137,0,0,0,0,0,0,85,0,0,0
0.340666,0,1656,462103,138,0,0,0,0,0,0,87,0,0,0
0.342137,0,1669,621007,137,0,0,0,0,0,0,89,0,0,0
0.343761,0,1673,500447,138,0,0,0,0,0,0,89,0,0,0
0.345237,0,1658,665249,136,0,0,0,0,0,0,85,0,0,0
0.346857,0,1659,489385,137,0,0,0,0,0,0,85,0,0,0
0.348332,0,1659,489345,137,0,0,0,0,0,0,87,0,0,0
0.349819,0,1658,542427,137,0,0,0,0,0,0,85,0,0,0
0.351301,0,1652,571352,136,0,0,0,0,0,0,89,0,0,0
0.352897,0,1649,473588,137,0,0,0,0,0,0,88,0,0,0
0.354479,0,1661,505784,220,0,0,0,0,0,0,89,0,0,0
0.355970,0,1655,457140,137,0,0,0,0,0,0,89,0,0,0
0.357415,0,1668,449980,137,0,0,0,0,0,0,85,0,0,0
0.358888,0,1659,462136,138,0,0,0,0,0,0,86,0,0,0
0.360380,0,1657,559009,137,0,0,0,0,0,0,85,0,0,0
0.361910,0,1653,448840,138,0,0,0,0,0,0,85,0,0,0
0.363359,0,1654,546681,137,0,0,0,0,0,0,88,0,0,0
0.364901,0,1648,481220,136,0,0,0,0,0,0,86,0,0,0
0.366332,0,1666,466813,136,0,0,0,0,0,0,87,0,0,0
0.367774,0,1651,450452,137,0,0,0,0,0,0,90,0,0,0
0.369163,0,1660,461254,137,0,0,0,0,0,0,88,0,0,0
0.370547,0,1658,484630,137,0,0,0,0,0,0,90,0,0,0
0.372002,0,1648,486232,137,0,0,0,0,0,0,88,0,0,0
0.373421,0,1651,463740,137,0,0,0,0,0,0,90,0,0,0
0.374858,0,1679,432418,137,0,0,0,0,0,0,88,0,0,0
0.376218,0,1652,452110,137,0,0,0,0,0,0,90,0,0,0
0.377576,0,1652,438553,136,0,0,0,0,0,0,88,0,0,0
0.378933,0,1655,447805,138,0,0,0,0,0,0,89,0,0,0
0.380357,0,1653,449091,137,0,0,0,0,0,0,88,0,0,0
0.381789,0,1654,446277,136,0,0,0,0,0,0,88,0,0,0
0.383243,0,1656,438914,137,0,0,0,0,0,0,90,0,0,0
0.384671,0,1656,455681,137,0,0,0,0,0,0,88,0,0,0
0.386057,0,1658,431324,137,0,0,0,0,0,0,86,0,0,0
0.387506,0,1657,468182,137,0,0,0,0,0,0,87,0,0,0
0.388909,0,1659,439982,138,0,0,0,0,0,0,85,0,0,0
0.390305,0,1846,440420,137,0,0,0,0,0,0,89,0,0,0
0.391687,0,1768,517448,138,0,0,0,0,0,0,88,0,0,0
0.393136,0,1660,511373,136,0,0,0,0,0,0,90,0,0,0
0.394586,0,1683,518101,137,0,0,0,0,0,0,90,0,0,0
0.396043,0,1821,517470,137,0,0,0,0,0,0,87,0,0,0
0.397493,0,1646,516919,141,0,0,0,0,0,0,86,0,0,0
0.398966,0,1653,517492,139,0,0,0,0,0,0,85,0,0,0
0.400436,0,1654,450970,137,0,0,0,0,0,0,85,0,0,0
0.401872,0,1650,453084,137,0,0,0,0,0,0,85,0,0,0
0.403453,0,1715,509886,138,0,0,0,0,0,0,88,0,0,0
0.404925,0,1864,477432,199,0,0,0,0,0,0,90,0,0,0
0.406343,0,1664,457376,153,0,0,0,0,0,0,89,0,0,0
0.407977,0,1820,1806827,137,0,0,0,0,0,0,86,0,0,0
0.410715,0,1651,551047,136,0,0,0,0,0,0,85,0,0,0
0.412292,0,1651,474422,136,0,0,0,0,0,0,89,0,0,0
0.413748,0,1658,456459,136,0,0,0,0,0,0,87,0,0,0
0.415236,0,1654,571373,137,0,0,0,0,0,0,87,0,0,0
0.416791,0,1655,475599,137,0,0,0,0,0,0,87,0,0,0
0.418207,0,1666,469573,137,0,0,0,0,0,0,86,0,0,0
0.419631,0,1658,534740,137,0,0,0,0,0,0,87,0,0,0
0.421090,0,16052,778925,224,159,0,0,0,0,134,4465,0,0,0
0.422514,0,1743,523716,138,0,0,0,0,0,0,89,0,0,0
0.423986,0,1679,457971,137,0,0,0,0,0,0,88,0,0,0
0.425381,0,1654,474378,138,0,0,0,0,0,0,89,0,0,0
0.426809,0,1645,471885,138,0,0,0,0,0,0,85,0,0,0
0.428210,0,1655,470337,138,0,0,0,0,0,0,87,0,0,0
0.429608,0,1730,468918,138,0,0,0,0,0,0,89,0,0,0
0.431057,0,1658,458509,138,0,0,0,0,0,0,89,0,0,0
0.432577,0,19831,485981,139,8,171,51,0,0,124,148,0,0,0
0.433840,0,1962,467264,373,0,0,0,0,0,0,88,0,0,0
0.435241,0,1745,483266,160,0,0,0,0,0,0,87,0,0,0
0.436660,0,1748,489453,139,0,0,0,0,0,0,90,0,0,0
0.438070,0,1633,451555,133,0,0,0,0,0,0,86,0,0,0
0.439504,0,1629,458307,133,0,0,0,0,0,0,88,0,0,0
0.440967,0,1677,448360,133,0,0,0,0,0,0,86,0,0,0
0.442412,0,1588,437936,132,0,0,0,0,0,0,87,0,0,0
0.444821,0,1595,466420,132,0,0,0,0,0,0,87,0,0,0
0.446291,0,1593,471520,132,0,0,0,0,0,0,83,0,0,0
0.448853,0,1793,453018,133,0,0,0,0,0,0,84,0,0,0
0.450299,0,1588,439828,132,0,0,0,0,0,0,87,0,0,0
0.454275,0,1627,491719,132,0,0,0,0,0,0,84,0,0,0
0.455899,0,1596,474946,132,0,0,0,0,0,0,85,0,0,0
0.457347,0,1585,448818,131,0,0,0,0,0,0,86,0,0,0
0.458746,0,1627,446849,132,0,0,0,0,0,0,87,0,0,0
0.460141,0,1630,447292,131,0,0,0,0,0,0,88,0,0,0
0.461550,0,1630,446687,132,0,0,0,0,0,0,87,0,0,0
0.462963,0,1647,444282,131,0,0,0,0,0,0,86,0,0,0
0.464399,0,1629,422127,133,0,0,0,0,0,0,85,0,0,0
0.465835,0,1635,421435,132,0,0,0,0,0,0,86,0,0,0
0.467269,0,1593,439729,131,0,0,0,0,0,0,87,0,0,0
0.468724,0,1588,431786,132,0,0,0,0,0,0,83,0,0,0
0.470162,0,1586,460530,132,0,0,0,0,0,0,83,0,0,0
0.471647,0,1634,446648,132,0,0,0,0,0,0,87,0,0,0
0.473086,0,1631,423780,132,0,0,0,0,0,0,88,0,0,0
0.474525,0,1588,424999,131,0,0,0,0,0,0,85,0,0,0
0.475965,0,1666,431219,132,0,0,0,0,0,0,84,0,0,0
0.477404,0,1585,428888,132,0,0,0,0,0,0,84,0,0,0
0.478842,0,1596,420987,131,0,0,0,0,0,0,85,0,0,0
0.480402,0,1658,456603,131,0,0,0,0,0,0,84,0,0,0
0.481893,0,1629,450324,131,0,0,0,0,0,0,83,0,0,0
0.483340,0,1586,442447,132,0,0,0,0,0,0,83,0,0,0
0.484785,0,1684,431444,131,0,0,0,0,0,0,86,0,0,0
0.486223,0,1630,469227,132,0,0,0,0,0,0,85,0,0,0
0.487709,0,1635,434594,131,0,0,0,0,0,0,86,0,0,0
0.489149,0,1589,492022,132,0,0,0,0,0,0,84,0,0,0
0.490775,0,1626,456162,132,0,0,0,0,0,0,84,0,0,0
0.492391,0,1592,454564,131,0,0,0,0,0,0,87,0,0,0
0.493995,0,1583,456519,131,0,0,0,0,0,0,86,0,0,0
0.495600,0,1596,457121,132,0,0,0,0,0,0,87,0,0,0
0.497203,0,1630,458717,131,0,0,0,0,0,0,86,0,0,0
0.498805,0,1632,456029,132,0,0,0,0,0,0,84,0,0,0
0.500407,0,1674,458129,132,0,0,0,0,0,0,84,0,0,0
0.502010,0,1623,458564,131,0,0,0,0,0,0,87,0,0,0
0.503581,0,1635,454234,132,0,0,0,0,0,0,85,0,0,0
0.505184,0,1596,456312,132,0,0,0,0,0,0,84,0,0,0
0.506786,0,1636,458092,132,0,0,0,0,0,0,85,0,0,0
0.508389,0,1585,456881,132,0,0,0,0,0,0,88,0,0,0
0.509993,0,1597,456643,131,0,0,0,0,0,0,84,0,0,0
0.511600,0,1627,456228,131,0,0,0,0,0,0,83,0,0,0
0.513264,0,1628,457088,132,0,0,0,0,0,0,87,0,0,0
0.514878,0,1634,456249,132,0,0,0,0,0,0,85,0,0,0
0.516482,0,1589,458705,131,0,0,0,0,0,0,88,0,0,0
0.518085,0,1594,512950,132,0,0,0,0,0,0,86,0,0,0
0.519733,0,1592,459051,132,0,0,0,0,0,0,85,0,0,0
0.521338,0,1587,456837,132,0,0,0,0,0,0,86,0,0,0
0.522939,0,1632,457877,132,0,0,0,0,0,0,87,0,0,0
0.524543,0,1586,456761,132,0,0,0,0,0,0,88,0,0,0
0.526158,0,1594,503524,132,0,0,0,0,0,0,85,0,0,0
0.527871,0,1632,414141,131,0,0,0,0,0,0,84,0,0,0
0.529365,0,1632,504481,132,0,0,0,0,0,0,88,0,0,0
0.530810,0,1711,454876,132,0,0,0,0,0,0,83,0,0,0
0.532381,0,1633,456945,132,0,0,0,0,0,0,88,0,0,0
0.534022,0,1596,447099,132,0,0,0,0,0,0,85,0,0,0
0.535626,0,1635,456820,132,0,0,0,0,0,0,87,0,0,0
0.537337,0,1594,470274,132,0,0,0,0,0,0,86,0,0,0
0.538796,0,1630,438249,132,0,0,0,0,0,0,87,0,0,0
0.540234,0,1629,427549,132,0,0,0,0,0,0,83,0,0,0
0.541671,0,1594,427599,132,0,0,0,0,0,0,87,0,0,0
0.543147,0,1624,577321,132,0,0,0,0,0,0,86,0,0,0
0.545038,0,1634,450871,132,0,0,0,0,0,0,84,0,0,0
0.546484,0,1628,487426,132,0,0,0,0,0,0,86,0,0,0
0.547988,0,1720,448030,133,0,0,0,0,0,0,86,0,0,0
0.549423,0,1634,451347,131,0,0,0,0,0,0,85,0,0,0
0.550893,0,1596,440864,131,0,0,0,0,0,0,85,0,0,0
0.552326,0,1673,418498,132,0,0,0,0,0,0,87,0,0,0
0.553758,0,1593,426115,132,0,0,0,0,0,0,85,0,0,0
0.555190,0,1594,466422,132,0,0,0,0,0,0,84,0,0,0
0.556690,0,1631,450281,132,0,0,0,0,0,0,84,0,0,0
0.558130,0,1586,481493,132,0,0,0,0,0,0,86,0,0,0
0.559595,0,1631,422837,132,0,0,0,0,0,0,84,0,0,0
0.560998,0,1591,421931,132,0,0,0,0,0,0,86,0,0,0
0.562401,0,1633,421366,133,0,0,0,0,0,0,87,0,0,0
0.563804,0,1636,421261,131,0,0,0,0,0,0,86,0,0,0
0.565208,0,1635,422760,132,0,0,0,0,0,0,83,0,0,0
0.566646,0,1592,504132,132,0,0,0,0,0,0,87,0,0,0
0.568105,0,1866,494810,132,0,0,0,0,0,0,86,0,0,0
0.569554,0,1627,495869,132,0,0,0,0,0,0,86,0,0,0
0.571003,0,1653,495122,132,0,0,0,0,0,0,83,0,0,0
0.572452,0,1715,495282,134,0,0,0,0,0,0,87,0,0,0
0.573901,0,1589,495903,132,0,0,0,0,0,0,88,0,0,0
0.575363,0,1696,456525,132,0,0,0,0,0,0,87,0,0,0
0.576819,0,1643,460320,132,0,0,0,0,0,0,86,0,0,0
0.578263,0,1726,454229,131,0,0,0,0,0,0,83,0,0,0
0.579670,0,1648,456677,131,0,0,0,0,0,0,88,0,0,0
0.581079,0,1659,456958,132,0,0,0,0,0,0,84,0,0,0
0.582503,0,1629,452759,131,0,0,0,0,0,0,85,0,0,0
0.583947,0,1630,442764,132,0,0,0,0,0,0,86,0,0,0
0.585483,0,1793,452873,131,0,0,0,0,0,0,87,0,0,0
0.586936,0,1756,440411,132,0,0,0,0,0,0,83,0,0,0
0.588583,0,1631,453650,131,0,0,0,0,0,0,85,0,0,0
0.590036,0,1676,439860,132,0,0,0,0,0,0,83,0,0,0
0.591488,0,1732,444405,132,0,0,0,0,0,0,85,0,0,0
0.592930,0,1592,434676,132,0,0,0,0,0,0,86,0,0,0
0.594368,0,1629,429227,132,0,0,0,0,0,0,87,0,0,0
0.595843,0,17786,880197,288,140,0,0,0,0,128,4361,0,0,0
0.598481,0,1794,448651,151,0,0,0,0,0,0,87,0,0,0
0.599919,0,1594,428483,133,0,0,0,0,0,0,84,0,0,0
0.601354,0,1597,428065,133,0,0,0,0,0,0,83,0,0,0
0.602791,0,1793,431338,133,0,0,0,0,0,0,87,0,0,0
0.604227,0,1744,450534,133,0,0,0,0,0,0,85,0,0,0
0.605661,0,1677,428147,133,0,0,0,0,0,0,85,0,0,0
0.607097,0,19193,623806,162,8,250,50,0,0,419,146,0,0,0
0.608642,0,1807,554370,220,0,0,0,0,0,0,85,0,0,0
0.610083,0,1675,456741,161,0,0,0,0,0,0,85,0,0,0
0.611581,0,1716,483586,137,0,0,0,0,0,0,87,0,0,0
0.613033,0,1658,453113,138,0,0,0,0,0,0,87,0,0,0
0.614512,0,1813,466211,137,0,0,0,0,0,0,85,0,0,0
0.615952,0,1656,452452,138,0,0,0,0,0,0,89,0,0,0
0.617392,0,1649,450842,138,0,0,0,0,0,0,86,0,0,0
0.618839,0,1657,475108,162,0,0,0,0,0,0,85,0,0,0
0.620300,0,1652,456133,137,0,0,0,0,0,0,85,0,0,0
0.621733,0,1664,471111,138,0,0,0,0,0,0,90,0,0,0
0.623211,0,1652,511896,137,0,0,0,0,0,0,87,0,0,0
0.624690,0,1646,471211,138,0,0,0,0,0,0,85,0,0,0
0.626121,0,1655,461378,138,0,0,0,0,0,0,90,0,0,0
0.630043,0,1647,464351,138,0,0,0,0,0,0,85,0,0,0
0.631569,0,1656,489384,138,0,0,0,0,0,0,86,0,0,0
0.633028,0,1657,476244,137,0,0,0,0,0,0,88,0,0,0
0.634460,0,1701,447557,138,0,0,0,0,0,0,88,0,0,0
0.635948,0,1811,522205,137,0,0,0,0,0,0,86,0,0,0
0.637441,0,1722,469182,136,0,0,0,0,0,0,88,0,0,0
0.638863,0,1657,469047,137,0,0,0,0,0,0,85,0,0,0
0.640306,0,1651,451242,137,0,0,0,0,0,0,90,0,0,0
0.641760,0,1656,479511,137,0,0,0,0,0,0,89,0,0,0
0.643256,0,1661,470037,136,0,0,0,0,0,0,87,0,0,0
0.644750,0,1654,503900,137,0,0,0,0,0,0,89,0,0,0
0.646187,0,1652,582984,196,0,0,0,0,0,0,87,0,0,0
0.647778,0,1643,504318,137,0,0,0,0,0,0,86,0,0,0
0.649254,0,1649,447799,137,0,0,0,0,0,0,89,0,0,0
0.650803,0,1781,578965,136,0,0,0,0,0,0,90,0,0,0
0.652379,0,1650,962505,138,0,0,0,0,0,0,90,0,0,0
0.654267,0,1649,495013,137,0,0,0,0,0,0,86,0,0,0
0.655744,0,1645,451001,136,0,0,0,0,0,0,90,0,0,0
0.657184,0,1660,450109,136,0,0,0,0,0,0,86,0,0,0
0.658622,0,1659,446158,137,0,0,0,0,0,0,89,0,0,0
0.660066,0,1651,458181,137,0,0,0,0,0,0,85,0,0,0
0.661505,0,1661,448689,138,0,0,0,0,0,0,87,0,0,0
0.663026,0,1654,464463,138,0,0,0,0,0,0,88,0,0,0
0.664466,0,1666,451706,220,0,0,0,0,0,0,85,0,0,0
0.665904,0,1656,449518,137,0,0,0,0,0,0,88,0,0,0
0.667343,0,1649,451291,137,0,0,0,0,0,0,86,0,0,0
0.668785,0,1812,450122,137,0,0,0,0,0,0,85,0,0,0
0.670229,0,1652,493911,138,0,0,0,0,0,0,86,0,0,0
0.671751,0,1651,503405,136,0,0,0,0,0,0,85,0,0,0
0.673204,0,1653,463412,137,0,0,0,0,0,0,87,0,0,0
0.674642,0,1649,449173,137,0,0,0,0,0,0,87,0,0,0
0.676083,0,1655,450957,138,0,0,0,0,0,0,87,0,0,0
0.677523,0,1656,447611,137,0,0,0,0,0,0,90,0,0,0
0.678994,0,1651,465049,137,0,0,0,0,0,0,85,0,0,0
0.680564,0,1646,477432,137,0,0,0,0,0,0,86,0,0,0
0.682168,0,1645,477183,137,0,0,0,0,0,0,90,0,0,0
0.683788,0,1654,478778,137,0,0,0,0,0,0,85,0,0,0
0.685395,0,1660,476728,137,0,0,0,0,0,0,88,0,0,0
0.687039,0,1654,478837,136,0,0,0,0,0,0,89,0,0,0
0.688597,0,1649,466064,137,0,0,0,0,0,0,87,0,0,0
0.690171,0,1755,486323,137,0,0,0,0,0,0,88,0,0,0
0.691777,0,1653,476548,137,0,0,0,0,0,0,88,0,0,0
0.693382,0,1650,478984,138,0,0,0,0,0,0,88,0,0,0
0.694914,0,1626,445061,131,0,0,0,0,0,0,86,0,0,0
0.696492,0,1595,456931,132,0,0,0,0,0,0,87,0,0,0
0.698097,0,1635,457167,132,0,0,0,0,0,0,84,0,0,0
0.699703,0,1636,457583,137,0,0,0,0,0,0,83,0,0,0
0.701308,0,1629,456872,131,0,0,0,0,0,0,86,0,0,0
0.702953,0,1594,457906,132,0,0,0,0,0,0,83,0,0,0
0.704557,0,1640,457254,131,0,0,0,0,0,0,86,0,0,0
0.706049,0,1597,449306,132,0,0,0,0,0,0,88,0,0,0
0.707627,0,1630,461631,132,0,0,0,0,0,0,84,0,0,0
0.709231,0,1590,456435,131,0,0,0,0,0,0,84,0,0,0
0.710877,0,1623,457962,132,0,0,0,0,0,0,86,0,0,0
0.712482,0,1694,457335,132,0,0,0,0,0,0,88,0,0,0
0.714087,0,1636,457278,132,0,0,0,0,0,0,85,0,0,0
0.715694,0,1635,466826,132,0,0,0,0,0,0,87,0,0,0
0.717310,0,1639,456205,131,0,0,0,0,0,0,88,0,0,0
0.718953,0,1636,1383920,132,0,0,0,0,0,0,83,0,0,0
0.721314,0,1594,448287,133,0,0,0,0,0,0,84,0,0,0
0.722759,0,1590,430130,132,0,0,0,0,0,0,85,0,0,0
0.724194,0,1597,451418,132,0,0,0,0,0,0,86,0,0,0
0.725628,0,1591,426084,132,0,0,0,0,0,0,87,0,0,0
0.727098,0,1696,440144,131,0,0,0,0,0,0,85,0,0,0
0.728628,0,1595,527278,131,0,0,0,0,0,0,86,0,0,0
0.730061,0,1635,419423,131,0,0,0,0,0,0,87,0,0,0
0.731476,0,1629,443220,131,0,0,0,0,0,0,88,0,0,0
0.732911,0,1670,421288,132,0,0,0,0,0,0,88,0,0,0
0.734392,0,1630,427318,132,0,0,0,0,0,0,87,0,0,0
0.735797,0,1628,423798,131,0,0,0,0,0,0,84,0,0,0
0.737201,0,1628,430196,131,0,0,0,0,0,0,84,0,0,0
0.738625,0,1735,411378,132,0,0,0,0,0,0,86,0,0,0
0.740033,0,1593,422384,132,0,0,0,0,0,0,84,0,0,0
0.741437,0,1597,423084,132,0,0,0,0,0,0,85,0,0,0
0.742875,0,1695,504293,132,0,0,0,0,0,0,87,0,0,0
0.744329,0,1635,495237,132,0,0,0,0,0,0,85,0,0,0
0.745778,0,1630,484142,136,0,0,0,0,0,0,85,0,0,0
0.747227,0,1588,495030,131,0,0,0,0,0,0,86,0,0,0
0.748680,0,1582,495261,132,0,0,0,0,0,0,87,0,0,0
0.750137,0,1596,403163,133,0,0,0,0,0,0,84,0,0,0
0.751534,0,1596,498935,132,0,0,0,0,0,0,85,0,0,0
0.752943,0,1716,496038,132,0,0,0,0,0,0,87,0,0,0
0.754344,0,1609,494270,132,0,0,0,0,0,0,87,0,0,0
0.755743,0,1701,496019,132,0,0,0,0,0,0,88,0,0,0
0.757143,0,1709,494712,132,0,0,0,0,0,0,84,0,0,0
0.758557,0,1603,495403,132,0,0,0,0,0,0,83,0,0,0
0.759982,0,1637,434283,132,0,0,0,0,0,0,85,0,0,0
0.761372,0,1598,459894,133,0,0,0,0,0,0,88,0,0,0
0.762765,0,1634,543621,131,0,0,0,0,0,0,84,0,0,0
0.764294,0,1592,434371,132,0,0,0,0,0,0,87,0,0,0
0.765682,0,1721,446503,131,0,0,0,0,0,0,88,0,0,0
0.767096,0,1598,449607,132,0,0,0,0,0,0,86,0,0,0
0.768735,0,1676,662978,132,0,0,0,0,0,0,87,0,0,0
0.770218,0,1636,426387,131,0,0,0,0,0,0,84,0,0,0
0.771668,0,1741,451593,132,0,0,0,0,0,0,87,0,0,0
0.773095,0,15586,677219,134,135,0,0,0,0,106,4258,0,0,0
0.774335,0,1938,503594,288,0,0,0,0,0,0,86,0,0,0
0.775825,0,1659,450967,209,0,0,0,0,0,0,84,0,0,0
0.777272,0,1630,449683,132,0,0,0,0,0,0,83,0,0,0
0.778673,0,1703,449330,132,0,0,0,0,0,0,86,0,0,0
0.780071,0,1648,457168,133,0,0,0,0,0,0,88,0,0,0
0.781485,0,1593,440369,135,0,0,0,0,0,0,83,0,0,0
0.782879,0,1668,434853,134,0,0,0,0,0,0,85,0,0,0
0.784274,0,19117,410934,151,8,262,51,0,0,0,111,0,0,0
0.785526,0,3045,429670,374,0,0,0,0,0,210,120,0,0,0
0.786926,0,1666,474824,220,0,0,0,0,0,0,87,0,0,0
0.788326,0,1797,473492,137,0,0,0,0,0,0,85,0,0,0
0.789774,0,1647,482067,137,0,0,0,0,0,0,85,0,0,0
0.791191,0,1724,581484,137,0,0,0,0,0,0,88,0,0,0
0.792745,0,1699,491222,137,0,0,0,0,0,0,87,0,0,0
0.794218,0,1687,481153,138,0,0,0,0,0,0,86,0,0,0
0.795662,0,1688,453530,138,0,0,0,0,0,0,88,0,0,0
0.797237,0,1653,460788,143,0,0,0,0,0,0,88,0,0,0
0.798715,0,1654,463091,138,0,0,0,0,0,0,85,0,0,0
0.800150,0,1654,461438,137,0,0,0,0,0,0,86,0,0,0
0.801588,0,1658,449000,138,0,0,0,0,0,0,87,0,0,0
0.803039,0,1653,453612,137,0,0,0,0,0,0,87,0,0,0
0.804472,0,1660,465496,138,0,0,0,0,0,0,88,0,0,0
0.805904,0,1659,443614,137,0,0,0,0,0,0,87,0,0,0
0.807380,0,1660,450429,138,0,0,0,0,0,0,89,0,0,0
0.808791,0,1691,463017,155,0,0,0,0,0,0,87,0,0,0
0.810224,0,1656,463080,138,0,0,0,0,0,0,86,0,0,0
0.811689,0,1699,478712,136,0,0,0,0,0,0,88,0,0,0
0.813129,0,1658,442049,138,0,0,0,0,0,0,87,0,0,0
0.814587,0,1656,462994,138,0,0,0,0,0,0,87,0,0,0
0.816025,0,1656,450200,137,0,0,0,0,0,0,87,0,0,0
0.817468,0,1652,456957,137,0,0,0,0,0,0,85,0,0,0
0.818908,0,1661,451006,137,0,0,0,0,0,0,85,0,0,0
0.820350,0,1640,447974,137,0,0,0,0,0,0,85,0,0,0
0.821785,0,1653,446166,136,0,0,0,0,0,0,87,0,0,0
0.823263,0,1693,442586,136,0,0,0,0,0,0,88,0,0,0
0.824691,0,1658,484182,137,0,0,0,0,0,0,90,0,0,0
0.826251,0,1655,474750,138,0,0,0,0,0,0,90,0,0,0
0.827727,0,1657,467299,138,0,0,0,0,0,0,88,0,0,0
0.829303,0,1650,477994,137,0,0,0,0,0,0,88,0,0,0
0.830948,0,1655,479142,137,0,0,0,0,0,0,88,0,0,0
0.832554,0,1667,478496,137,0,0,0,0,0,0,88,0,0,0
0.834173,0,1649,478800,137,0,0,0,0,0,0,90,0,0,0
0.835780,0,1658,490920,136,0,0,0,0,0,0,87,0,0,0
0.837386,0,1658,476619,137,0,0,0,0,0,0,86,0,0,0
0.839031,0,1648,478620,136,0,0,0,0,0,0,87,0,0,0
0.840699,0,1650,478189,136,0,0,0,0,0,0,87,0,0,0
0.842305,0,1652,478846,137,0,0,0,0,0,0,90,0,0,0
0.843913,0,1789,480141,137,0,0,0,0,0,0,86,0,0,0
0.845530,0,1661,478660,137,0,0,0,0,0,0,86,0,0,0
0.847177,0,1661,483590,137,0,0,0,0,0,0,87,0,0,0
0.848787,0,1648,478409,137,0,0,0,0,0,0,88,0,0,0
0.850391,0,1659,477704,137,0,0,0,0,0,0,89,0,0,0
0.851998,0,1654,478408,137,0,0,0,0,0,0,86,0,0,0
0.853603,0,1726,479355,137,0,0,0,0,0,0,88,0,0,0
0.855208,0,1723,484193,137,0,0,0,0,0,0,85,0,0,0
0.856706,0,1650,468737,136,0,0,0,0,0,0,85,0,0,0
0.858281,0,1658,489974,137,0,0,0,0,0,0,86,0,0,0
0.859888,0,1659,478553,137,0,0,0,0,0,0,89,0,0,0
0.861493,0,1805,477087,219,0,0,0,0,0,0,87,0,0,0
0.863138,0,1656,483609,137,0,0,0,0,0,0,86,0,0,0
0.864748,0,1660,479293,137,0,0,0,0,0,0,90,0,0,0
0.866351,0,1656,479297,137,0,0,0,0,0,0,85,0,0,0
0.867969,0,1843,480963,136,0,0,0,0,0,0,89,0,0,0
0.869573,0,1652,476522,138,0,0,0,0,0,0,87,0,0,0
0.871218,0,1821,486346,137,0,0,0,0,0,0,88,0,0,0
0.872826,0,1717,479948,137,0,0,0,0,0,0,88,0,0,0
0.874429,0,1650,478833,136,0,0,0,0,0,0,88,0,0,0
0.876035,0,1656,477926,137,0,0,0,0,0,0,89,0,0,0
0.877641,0,1697,479026,136,0,0,0,0,0,0,87,0,0,0
0.879257,0,1664,696031,137,0,0,0,0,0,0,89,0,0,0
0.880932,0,1652,466944,141,0,0,0,0,0,0,88,0,0,0
0.882376,0,1654,452913,137,0,0,0,0,0,0,88,0,0,0
0.883948,0,1788,478021,138,0,0,0,0,0,0,88,0,0,0
0.885553,0,1656,479186,137,0,0,0,0,0,0,90,0,0,0
0.887200,0,1659,483707,137,0,0,0,0,0,0,88,0,0,0
0.888808,0,1656,477131,137,0,0,0,0,0,0,87,0,0,0
0.890424,0,1657,477363,137,0,0,0,0,0,0,86,0,0,0
0.892031,0,1651,478654,138,0,0,0,0,0,0,90,0,0,0
0.893636,0,1750,490431,137,0,0,0,0,0,0,89,0,0,0
0.895161,0,1655,472910,138,0,0,0,0,0,0,90,0,0,0
0.896743,0,1648,479837,137,0,0,0,0,0,0,90,0,0,0
0.898347,0,1657,479374,137,0,0,0,0,0,0,88,0,0,0
0.899954,0,1660,512439,136,0,0,0,0,0,0,87,0,0,0
0.901478,0,1657,468524,138,0,0,0,0,0,0,90,0,0,0
0.902965,0,1658,461927,136,0,0,0,0,0,0,90,0,0,0
0.904409,0,1660,453486,137,0,0,0,0,0,0,86,0,0,0
0.905849,0,1658,466139,137,0,0,0,0,0,0,89,0,0,0
0.907289,0,1653,453765,138,0,0,0,0,0,0,87,0,0,0
0.908731,0,1655,448827,138,0,0,0,0,0,0,88,0,0,0
0.910299,0,1653,528045,136,0,0,0,0,0,0,87,0,0,0
0.911965,0,1656,479325,136,0,0,0,0,0,0,87,0,0,0
0.913570,0,1682,488305,137,0,0,0,0,0,0,89,0,0,0
0.915174,0,1654,495587,137,0,0,0,0,0,0,88,0,0,0
0.916782,0,1651,478917,138,0,0,0,0,0,0,90,0,0,0
0.918428,0,1658,481113,137,0,0,0,0,0,0,86,0,0,0
0.920036,0,1660,478273,137,0,0,0,0,0,0,86,0,0,0
0.921678,0,1812,478439,137,0,0,0,0,0,0,86,0,0,0
0.923294,0,1659,482831,137,0,0,0,0,0,0,88,0,0,0
0.924902,0,1653,477336,138,0,0,0,0,0,0,86,0,0,0
0.926548,0,1656,477726,137,0,0,0,0,0,0,87,0,0,0
0.928155,0,1650,480272,137,0,0,0,0,0,0,89,0,0,0
0.929761,0,1659,477380,137,0,0,0,0,0,0,90,0,0,0
0.931363,0,1651,479349,137,0,0,0,0,0,0,88,0,0,0
0.932969,0,1663,479422,137,0,0,0,0,0,0,85,0,0,0
0.934629,0,1649,478616,137,0,0,0,0,0,0,90,0,0,0
0.936235,0,1658,477244,136,0,0,0,0,0,0,85,0,0,0
0.937838,0,1653,456558,137,0,0,0,0,0,0,85,0,0,0
0.939302,0,1658,485520,138,0,0,0,0,0,0,87,0,0,0
0.940863,0,1658,465145,137,0,0,0,0,0,0,88,0,0,0
0.942471,0,1654,461044,136,0,0,0,0,0,0,88,0,0,0
0.943981,0,1650,469739,136,0,0,0,0,0,0,89,0,0,0
0.945568,0,1654,480190,136,0,0,0,0,0,0,85,0,0,0
0.947174,0,1688,484675,137,0,0,0,0,0,0,87,0,0,0
0.948784,0,1654,480704,137,0,0,0,0,0,0,90,0,0,0
0.950432,0,1792,479258,137,0,0,0,0,0,0,87,0,0,0
0.952041,0,1817,480692,137,0,0,0,0,0,0,85,0,0,0
0.953647,0,1647,479163,136,0,0,0,0,0,0,90,0,0,0
0.955252,0,1691,508641,137,0,0,0,0,0,0,89,0,0,0
0.956762,0,1593,445180,131,0,0,0,0,0,0,85,0,0,0
0.958339,0,1596,462972,132,0,0,0,0,0,0,87,0,0,0
0.959948,0,1593,460248,131,0,0,0,0,0,0,84,0,0,0
0.961539,0,1630,459669,131,0,0,0,0,0,0,85,0,0,0
0.963020,0,1688,448603,131,0,0,0,0,0,0,83,0,0,0
0.964471,0,1634,444042,132,0,0,0,0,0,0,85,0,0,0
0.965915,0,1675,437123,131,0,0,0,0,0,0,86,0,0,0
0.967478,0,1594,536759,132,0,0,0,0,0,0,86,0,0,0
0.969005,0,1590,434423,132,0,0,0,0,0,0,83,0,0,0
0.970446,0,1666,455806,132,0,0,0,0,0,0,84,0,0,0
0.972019,0,1596,455959,132,0,0,0,0,0,0,87,0,0,0
0.973622,0,1743,458303,132,0,0,0,0,0,0,87,0,0,0
0.975228,0,1629,462740,132,0,0,0,0,0,0,84,0,0,0
0.976839,0,1628,459115,131,0,0,0,0,0,0,85,0,0,0
0.978457,0,1739,460292,132,0,0,0,0,0,0,86,0,0,0
0.980066,0,1591,459021,131,0,0,0,0,0,0,88,0,0,0
0.981673,0,1632,459974,131,0,0,0,0,0,0,84,0,0,0
0.983279,0,1637,464451,132,0,0,0,0,0,0,87,0,0,0
0.984892,0,1633,459599,132,0,0,0,0,0,0,86,0,0,0
0.986497,0,1612,459471,132,0,0,0,0,0,0,87,0,0,0
0.988106,0,1630,468655,131,0,0,0,0,0,0,87,0,0,0
0.989725,0,1716,460612,132,0,0,0,0,0,0,85,0,0,0
0.991332,0,1595,464033,132,0,0,0,0,0,0,87,0,0,0
0.992944,0,1631,460216,132,0,0,0,0,0,0,86,0,0,0
0.994549,0,1635,458844,132,0,0,0,0,0,0,87,0,0,0
0.996157,0,1587,460101,132,0,0,0,0,0,0,83,0,0,0
0.997764,0,1589,457774,131,0,0,0,0,0,0,83,0,0,0
0.999370,0,1636,443583,132,0,0,0,0,0,0,87,0,0,0
1.000835,0,1637,443317,131,0,0,0,0,0,0,83,0,0,0
1.002277,0,1627,428406,132,0,0,0,0,0,0,86,0,0,0
1.003714,0,1595,434710,132,0,0,0,0,0,0,84,0,0,0
1.005286,0,1635,460180,132,0,0,0,0,0,0,85,0,0,0
1.006934,0,1593,458615,131,0,0,0,0,0,0,87,0,0,0
1.008542,0,1586,460075,132,0,0,0,0,0,0,86,0,0,0
1.010149,0,1594,459060,131,0,0,0,0,0,0,86,0,0,0
1.011771,0,1764,459957,132,0,0,0,0,0,0,86,0,0,0
1.013378,0,1778,457454,131,0,0,0,0,0,0,84,0,0,0
1.015025,0,1642,459393,132,0,0,0,0,0,0,84,0,0,0
1.016703,0,1584,469094,132,0,0,0,0,0,0,86,0,0,0
1.018310,0,1639,467890,132,0,0,0,0,0,0,88,0,0,0
1.019918,0,1597,459793,132,0,0,0,0,0,0,85,0,0,0
1.021525,0,1591,459883,132,0,0,0,0,0,0,84,0,0,0
1.023185,0,1802,461276,132,0,0,0,0,0,0,86,0,0,0
1.024796,0,1634,459800,131,0,0,0,0,0,0,86,0,0,0
1.026402,0,1593,457444,132,0,0,0,0,0,0,84,0,0,0
1.028011,0,1625,458692,132,0,0,0,0,0,0,83,0,0,0
1.029617,0,1603,459968,131,0,0,0,0,0,0,84,0,0,0
1.031224,0,1593,463374,132,0,0,0,0,0,0,83,0,0,0
1.032836,0,1594,459448,131,0,0,0,0,0,0,84,0,0,0
1.034453,0,1776,460803,132,0,0,0,0,0,0,83,0,0,0
1.036063,0,1587,459485,132,0,0,0,0,0,0,83,0,0,0
1.037670,0,1588,459177,132,0,0,0,0,0,0,87,0,0,0
1.039277,0,1691,465385,131,0,0,0,0,0,0,84,0,0,0
1.040889,0,1634,458248,131,0,0,0,0,0,0,86,0,0,0
1.042494,0,1598,459446,131,0,0,0,0,0,0,87,0,0,0
1.044102,0,1588,463394,131,0,0,0,0,0,0,83,0,0,0
1.045713,0,1591,453413,132,0,0,0,0,0,0,84,0,0,0
1.047310,0,1634,523562,132,0,0,0,0,0,0,84,0,0,0
1.048853,0,1668,447607,131,0,0,0,0,0,0,86,0,0,0
1.050427,0,1591,482077,132,0,0,0,0,0,0,88,0,0,0
1.053098,0,1617,498134,132,0,0,0,0,0,0,84,0,0,0
1.054611,0,1634,459372,132,0,0,0,0,0,0,83,0,0,0
1.056075,0,1643,442409,132,0,0,0,0,0,0,86,0,0,0
1.057546,0,1586,451736,132,0,0,0,0,0,0,84,0,0,0
1.058991,0,1592,430843,131,0,0,0,0,0,0,84,0,0,0
1.060425,0,1593,425055,131,0,0,0,0,0,0,86,0,0,0
1.061864,0,1591,427840,132,0,0,0,0,0,0,85,0,0,0
1.063358,0,1638,412288,132,0,0,0,0,0,0,88,0,0,0
1.064754,0,1594,423960,132,0,0,0,0,0,0,87,0,0,0
1.066167,0,1637,423532,132,0,0,0,0,0,0,87,0,0,0
1.067573,0,1592,425153,131,0,0,0,0,0,0,85,0,0,0
1.068980,0,1592,424452,132,0,0,0,0,0,0,86,0,0,0
1.070420,0,1630,438261,132,0,0,0,0,0,0,87,0,0,0
1.071855,0,1582,427103,132,0,0,0,0,0,0,88,0,0,0
1.073290,0,1636,421366,132,0,0,0,0,0,0,84,0,0,0
1.074851,0,1676,454337,132,0,0,0,0,0,0,84,0,0,0
1.076338,0,1597,446811,132,0,0,0,0,0,0,88,0,0,0
1.077915,0,1594,458862,131,0,0,0,0,0,0,85,0,0,0
1.079527,0,1590,459316,133,0,0,0,0,0,0,83,0,0,0
1.081134,0,1593,458507,132,0,0,0,0,0,0,85,0,0,0
1.082738,0,1638,457896,131,0,0,0,0,0,0,83,0,0,0
1.084345,0,1671,460584,132,0,0,0,0,0,0,83,0,0,0
1.085953,0,1630,458365,132,0,0,0,0,0,0,86,0,0,0
1.087575,0,1629,457893,131,0,0,0,0,0,0,87,0,0,0
1.089182,0,1632,457423,131,0,0,0,0,0,0,86,0,0,0
1.090787,0,1591,459175,132,0,0,0,0,0,0,84,0,0,0
1.092394,0,1594,460224,131,0,0,0,0,0,0,86,0,0,0
1.094001,0,1634,458732,132,0,0,0,0,0,0,83,0,0,0
1.095610,0,1635,458640,131,0,0,0,0,0,0,88,0,0,0
1.097216,0,1595,457329,133,0,0,0,0,0,0,88,0,0,0
1.098835,0,1587,459333,200,0,0,0,0,0,0,86,0,0,0
1.100442,0,1583,459674,132,0,0,0,0,0,0,84,0,0,0
1.102049,0,1593,458757,132,0,0,0,0,0,0,84,0,0,0
1.103657,0,1592,469797,132,0,0,0,0,0,0,87,0,0,0
1.105266,0,1668,459072,132,0,0,0,0,0,0,85,0,0,0
1.106871,0,1632,458899,131,0,0,0,0,0,0,88,0,0,0
1.108479,0,1629,458349,132,0,0,0,0,0,0,85,0,0,0
1.110099,0,1593,505072,131,0,0,0,0,0,0,88,0,0,0
1.111751,0,1759,459508,132,0,0,0,0,0,0,84,0,0,0
1.113359,0,1594,458555,131,0,0,0,0,0,0,85,0,0,0
1.114964,0,1674,469873,132,0,0,0,0,0,0,87,0,0,0
1.116571,0,1673,453596,132,0,0,0,0,0,0,84,0,0,0
1.118168,0,1784,498352,132,0,0,0,0,0,0,87,0,0,0
1.119689,0,1592,459058,131,0,0,0,0,0,0,86,0,0,0
1.121286,0,1592,465308,132,0,0,0,0,0,0,86,0,0,0
1.122927,0,1592,467031,132,0,0,0,0,0,0,86,0,0,0
1.124407,0,1670,424242,132,0,0,0,0,0,0,85,0,0,0
1.125844,0,1590,454879,132,0,0,0,0,0,0,87,0,0,0
1.127327,0,1634,450976,132,0,0,0,0,0,0,88,0,0,0
1.128772,0,1586,432968,131,0,0,0,0,0,0,83,0,0,0
1.130211,0,1746,425231,132,0,0,0,0,0,0,84,0,0,0
1.131664,0,1697,445328,132,0,0,0,0,0,0,84,0,0,0
1.133132,0,1677,481166,132,0,0,0,0,0,0,83,0,0,0
1.134726,0,1673,470279,132,0,0,0,0,0,0,86,0,0,0
1.136225,0,1697,442484,132,0,0,0,0,0,0,86,0,0,0
1.137665,0,1631,423218,132,0,0,0,0,0,0,86,0,0,0
1.139103,0,1673,434835,131,0,0,0,0,0,0,87,0,0,0
1.140684,0,1626,575440,132,0,0,0,0,0,0,87,0,0,0
1.142129,0,1669,478150,131,0,0,0,0,0,0,87,0,0,0
1.143634,0,1702,449170,132,0,0,0,0,0,0,88,0,0,0
1.145078,0,1675,430232,131,0,0,0,0,0,0,84,0,0,0
1.146514,0,1679,424470,132,0,0,0,0,0,0,86,0,0,0
1.147950,0,1632,420745,132,0,0,0,0,0,0,83,0,0,0
1.149386,0,1669,453908,131,0,0,0,0,0,0,84,0,0,0
1.150991,0,1657,441340,132,0,0,0,0,0,0,84,0,0,0
1.152476,0,1763,442225,131,0,0,0,0,0,0,87,0,0,0
1.154111,0,1674,742972,131,0,0,0,0,0,0,84,0,0,0
1.156764,0,1629,710001,132,0,0,0,0,0,0,86,0,0,0
1.158208,0,1593,432629,131,0,0,0,0,0,0,83,0,0,0
1.159777,0,1592,473374,132,0,0,0,0,0,0,86,0,0,0
1.161226,0,1618,449251,131,0,0,0,0,0,0,85,0,0,0
1.162643,0,1593,448252,132,0,0,0,0,0,0,88,0,0,0
1.164043,0,1592,448541,131,0,0,0,0,0,0,87,0,0,0
1.165440,0,1633,447403,132,0,0,0,0,0,0,85,0,0,0
1.166854,0,1638,450195,131,0,0,0,0,0,0,85,0,0,0
1.168301,0,1671,455224,132,0,0,0,0,0,0,84,0,0,0
1.169871,0,1595,458198,131,0,0,0,0,0,0,87,0,0,0
1.171480,0,1631,458781,132,0,0,0,0,0,0,87,0,0,0
1.173099,0,1631,458555,131,0,0,0,0,0,0,83,0,0,0
1.174747,0,1665,459963,132,0,0,0,0,0,0,85,0,0,0
1.176354,0,1586,458288,131,0,0,0,0,0,0,85,0,0,0
1.177959,0,1636,459244,131,0,0,0,0,0,0,83,0,0,0
1.179567,0,1591,454197,132,0,0,0,0,0,0,88,0,0,0
1.181165,0,1630,455474,132,0,0,0,0,0,0,88,0,0,0
1.182802,0,1590,453383,131,0,0,0,0,0,0,84,0,0,0
1.184288,0,1638,445883,131,0,0,0,0,0,0,88,0,0,0
1.185865,0,1592,457500,132,0,0,0,0,0,0,85,0,0,0
1.187471,0,1592,457323,132,0,0,0,0,0,0,86,0,0,0
1.189076,0,1634,457551,132,0,0,0,0,0,0,84,0,0,0
1.190759,0,1631,469620,132,0,0,0,0,0,0,86,0,0,0
1.192365,0,1635,458409,132,0,0,0,0,0,0,87,0,0,0
1.193970,0,1735,456972,131,0,0,0,0,0,0,87,0,0,0
1.195590,0,1593,456349,132,0,0,0,0,0,0,87,0,0,0
1.197206,0,1584,470847,131,0,0,0,0,0,0,87,0,0,0
1.199759,0,1589,4063497,132,0,0,0,0,0,0,83,0,0,0
1.204662,0,1624,450144,132,0,0,0,0,0,0,86,0,0,0
1.206132,0,1633,479861,132,0,0,0,0,0,0,88,0,0,0
1.207691,0,1629,475628,132,0,0,0,0,0,0,86,0,0,0
1.209143,0,1593,448084,131,0,0,0,0,0,0,88,0,0,0
1.210542,0,1590,449023,132,0,0,0,0,0,0,88,0,0,0
1.211939,0,1672,446701,132,0,0,0,0,0,0,83,0,0,0
1.213334,0,1634,446947,131,0,0,0,0,0,0,84,0,0,0
1.214750,0,1634,451656,131,0,0,0,0,0,0,85,0,0,0
1.216209,0,1589,458322,131,0,0,0,0,0,0,86,0,0,0
1.217656,0,1595,434949,132,0,0,0,0,0,0,83,0,0,0
1.219099,0,1637,434711,132,0,0,0,0,0,0,88,0,0,0
1.220588,0,1624,483063,131,0,0,0,0,0,0,84,0,0,0
1.222028,0,1587,433729,132,0,0,0,0,0,0,87,0,0,0
1.223474,0,1589,510031,132,0,0,0,0,0,0,87,0,0,0
1.225097,0,1630,459255,132,0,0,0,0,0,0,84,0,0,0
1.226714,0,1593,469630,132,0,0,0,0,0,0,86,0,0,0
1.228322,0,1633,461605,131,0,0,0,0,0,0,83,0,0,0
1.229933,0,1721,456555,132,0,0,0,0,0,0,87,0,0,0
1.231538,0,1592,460733,132,0,0,0,0,0,0,83,0,0,0
1.233145,0,1588,457599,132,0,0,0,0,0,0,87,0,0,0
1.234748,0,1629,446840,132,0,0,0,0,0,0,83,0,0,0
1.236353,0,1592,460862,131,0,0,0,0,0,0,84,0,0,0
1.237848,0,1590,447221,124,0,0,0,0,0,0,83,0,0,0
1.239509,0,1551,506156,124,0,0,0,0,0,0,83,0,0,0
1.241060,0,1591,432524,123,0,0,0,0,0,0,84,0,0,0
1.242508,0,1653,425150,123,0,0,0,0,0,0,82,0,0,0
1.243951,0,1589,432060,123,0,0,0,0,0,0,83,0,0,0
1.245397,0,1589,428730,123,0,0,0,0,0,0,83,0,0,0
1.246878,0,1591,428735,123,0,0,0,0,0,0,84,0,0,0
1.248332,0,1591,478269,123,0,0,0,0,0,0,84,0,0,0
1.249955,0,1588,438269,123,0,0,0,0,0,0,84,0,0,0
1.251563,0,1590,435835,123,0,0,0,0,0,0,83,0,0,0
1.253161,0,1552,434581,122,0,0,0,0,0,0,82,0,0,0
1.254798,0,1551,435305,122,0,0,0,0,0,0,82,0,0,0
1.256277,0,1584,428126,123,0,0,0,0,0,0,81,0,0,0
1.257857,0,1590,441267,124,0,0,0,0,0,0,83,0,0,0
1.259476,0,1582,439201,124,0,0,0,0,0,0,83,0,0,0
1.261081,0,1592,436434,123,0,0,0,0,0,0,81,0,0,0
1.262726,0,1553,439371,123,0,0,0,0,0,0,81,0,0,0
1.264331,0,1591,437564,123,0,0,0,0,0,0,82,0,0,0
1.265936,0,1589,437833,122,0,0,0,0,0,0,81,0,0,0
1.267542,0,1589,438545,123,0,0,0,0,0,0,84,0,0,0
1.269146,0,1585,437943,122,0,0,0,0,0,0,83,0,0,0
1.270806,0,1592,439173,122,0,0,0,0,0,0,80,0,0,0
1.272411,0,1591,437534,123,0,0,0,0,0,0,84,0,0,0
1.274015,0,1588,436422,124,0,0,0,0,0,0,84,0,0,0
1.275620,0,1591,437585,122,0,0,0,0,0,0,80,0,0,0
1.277224,0,1552,438219,123,0,0,0,0,0,0,80,0,0,0
1.278869,0,1589,439231,122,0,0,0,0,0,0,82,0,0,0
1.280346,0,1658,428168,122,0,0,0,0,0,0,83,0,0,0
1.281806,0,1554,427791,124,0,0,0,0,0,0,81,0,0,0
1.283248,0,1591,430024,124,0,0,0,0,0,0,81,0,0,0
1.284692,0,1591,426059,122,0,0,0,0,0,0,82,0,0,0
1.286132,0,1546,460640,123,0,0,0,0,0,0,80,0,0,0
1.287608,0,1593,425904,122,0,0,0,0,0,0,83,0,0,0
1.289047,0,1589,426570,123,0,0,0,0,0,0,81,0,0,0
1.290616,0,1590,438965,123,0,0,0,0,0,0,81,0,0,0
1.292128,0,1555,434360,123,0,0,0,0,0,0,84,0,0,0
1.293727,0,1587,436666,123,0,0,0,0,0,0,82,0,0,0
1.295330,0,1551,442547,123,0,0,0,0,0,0,83,0,0,0
1.296938,0,1553,437060,123,0,0,0,0,0,0,84,0,0,0
1.298540,0,1588,438246,122,0,0,0,0,0,0,83,0,0,0
1.300146,0,1586,439185,122,0,0,0,0,0,0,81,0,0,0
1.301751,0,1591,438838,123,0,0,0,0,0,0,85,0,0,0
1.303368,0,1584,439458,122,0,0,0,0,0,0,84,0,0,0
1.304975,0,1593,437365,123,0,0,0,0,0,0,85,0,0,0
1.306576,0,1657,437637,122,0,0,0,0,0,0,84,0,0,0
1.308182,0,1732,436652,123,0,0,0,0,0,0,84,0,0,0
1.309785,0,1691,437281,124,0,0,0,0,0,0,82,0,0,0
1.311389,0,1614,480989,124,0,0,0,0,0,0,82,0,0,0
1.313039,0,1592,438427,123,0,0,0,0,0,0,80,0,0,0
1.314653,0,1598,437584,123,0,0,0,0,0,0,82,0,0,0
1.316258,0,1720,436673,123,0,0,0,0,0,0,81,0,0,0
1.317861,0,1591,436614,123,0,0,0,0,0,0,84,0,0,0
1.319468,0,1596,438337,123,0,0,0,0,0,0,80,0,0,0
1.321073,0,1554,438002,122,0,0,0,0,0,0,81,0,0,0
1.322677,0,1546,437810,123,0,0,0,0,0,0,83,0,0,0
1.324281,0,1590,437807,123,0,0,0,0,0,0,82,0,0,0
1.325899,0,1549,437843,123,0,0,0,0,0,0,84,0,0,0
1.327542,0,1586,438998,124,0,0,0,0,0,0,82,0,0,0
1.329146,0,1591,439662,123,0,0,0,0,0,0,84,0,0,0
1.330749,0,1604,437594,192,0,0,0,0,0,0,80,0,0,0
1.332354,0,1549,437740,122,0,0,0,0,0,0,84,0,0,0
1.333958,0,1549,438171,122,0,0,0,0,0,0,82,0,0,0
1.335564,0,1588,436700,122,0,0,0,0,0,0,82,0,0,0
1.337180,0,1590,436636,123,0,0,0,0,0,0,82,0,0,0
1.338781,0,1552,433231,123,0,0,0,0,0,0,82,0,0,0
1.340261,0,1549,433872,122,0,0,0,0,0,0,82,0,0,0
1.341716,0,1594,427889,123,0,0,0,0,0,0,81,0,0,0
1.343329,0,1591,442476,123,0,0,0,0,0,0,83,0,0,0
1.344940,0,1591,438637,122,0,0,0,0,0,0,85,0,0,0
1.346545,0,1593,438824,123,0,0,0,0,0,0,84,0,0,0
1.348165,0,1682,439918,123,0,0,0,0,0,0,83,0,0,0
1.349771,0,1594,438585,123,0,0,0,0,0,0,81,0,0,0
1.351377,0,1593,496816,123,0,0,0,0,0,0,84,0,0,0
1.352915,0,1584,428209,123,0,0,0,0,0,0,83,0,0,0
1.354488,0,1590,438366,123,0,0,0,0,0,0,80,0,0,0
1.356095,0,1551,434202,124,0,0,0,0,0,0,80,0,0,0
1.357692,0,1552,434973,123,0,0,0,0,0,0,83,0,0,0
1.359301,0,1590,498169,123,0,0,0,0,0,0,81,0,0,0
1.360967,0,1591,438847,123,0,0,0,0,0,0,83,0,0,0
1.362572,0,1553,438984,122,0,0,0,0,0,0,82,0,0,0
1.364180,0,1591,438963,122,0,0,0,0,0,0,84,0,0,0
1.365785,0,1675,439990,127,0,0,0,0,0,0,82,0,0,0
1.367393,0,1594,460318,124,0,0,0,0,0,0,83,0,0,0
1.369021,0,1661,440173,123,0,0,0,0,0,0,82,0,0,0
1.370637,0,1590,439204,123,0,0,0,0,0,0,84,0,0,0
1.372245,0,1601,440004,192,0,0,0,0,0,0,84,0,0,0
1.373851,0,1593,439779,122,0,0,0,0,0,0,82,0,0,0
1.375461,0,1594,438735,124,0,0,0,0,0,0,84,0,0,0
1.377066,0,1590,438756,123,0,0,0,0,0,0,83,0,0,0
1.378673,0,1592,439757,124,0,0,0,0,0,0,84,0,0,0
1.380279,0,1592,438524,123,0,0,0,0,0,0,82,0,0,0
1.381896,0,1552,437752,123,0,0,0,0,0,0,85,0,0,0
1.383505,0,1586,440279,123,0,0,0,0,0,0,82,0,0,0
1.385113,0,1591,438386,124,0,0,0,0,0,0,80,0,0,0
1.386717,0,1551,440035,123,0,0,0,0,0,0,84,0,0,0
1.388323,0,1595,439433,124,0,0,0,0,0,0,84,0,0,0
1.389930,0,1552,439179,124,0,0,0,0,0,0,84,0,0,0
1.391538,0,1593,440844,123,0,0,0,0,0,0,80,0,0,0
1.393158,0,1595,439283,123,0,0,0,0,0,0,82,0,0,0
1.394765,0,1591,438369,123,0,0,0,0,0,0,81,0,0,0
1.396371,0,1550,439318,124,0,0,0,0,0,0,84,0,0,0
1.397978,0,1593,439403,123,0,0,0,0,0,0,82,0,0,0
1.399585,0,1592,439811,123,0,0,0,0,0,0,83,0,0,0
1.401192,0,1590,439178,123,0,0,0,0,0,0,84,0,0,0
1.402797,0,1590,439095,123,0,0,0,0,0,0,83,0,0,0
1.404416,0,1592,439147,123,0,0,0,0,0,0,81,0,0,0
1.406023,0,1589,439300,123,0,0,0,0,0,0,82,0,0,0
1.407631,0,1552,438826,123,0,0,0,0,0,0,81,0,0,0
1.409237,0,1550,439528,123,0,0,0,0,0,0,80,0,0,0
1.410841,0,1588,438531,123,0,0,0,0,0,0,84,0,0,0
1.412447,0,1593,438719,123,0,0,0,0,0,0,82,0,0,0
1.414054,0,1590,435021,122,0,0,0,0,0,0,84,0,0,0
1.415715,0,1593,439507,123,0,0,0,0,0,0,82,0,0,0
1.417322,0,1592,439268,131,0,0,0,0,0,0,81,0,0,0
1.418926,0,1595,441870,123,0,0,0,0,0,0,81,0,0,0
1.420533,0,1603,439440,123,0,0,0,0,0,0,84,0,0,0
1.422140,0,1588,480547,124,0,0,0,0,0,0,80,0,0,0
1.423791,0,1548,438682,123,0,0,0,0,0,0,84,0,0,0
1.425397,0,1554,439471,123,0,0,0,0,0,0,84,0,0,0
1.427016,0,1721,439534,123,0,0,0,0,0,0,81,0,0,0
1.428589,0,1590,427465,124,0,0,0,0,0,0,85,0,0,0
1.430166,0,1546,482063,123,0,0,0,0,0,0,82,0,0,0
1.431818,0,1593,439071,123,0,0,0,0,0,0,81,0,0,0
1.433424,0,1596,438871,123,0,0,0,0,0,0,80,0,0,0
1.435028,0,1591,439295,123,0,0,0,0,0,0,84,0,0,0
1.436697,0,1585,438662,123,0,0,0,0,0,0,84,0,0,0
1.438314,0,1591,438733,123,0,0,0,0,0,0,82,0,0,0
1.439922,0,1551,439555,123,0,0,0,0,0,0,82,0,0,0
1.441528,0,1643,440847,123,0,0,0,0,0,0,82,0,0,0
1.443133,0,1551,496892,123,0,0,0,0,0,0,80,0,0,0
1.444825,0,1591,464657,122,0,0,0,0,0,0,81,0,0,0
1.446471,0,1588,439103,124,0,0,0,0,0,0,82,0,0,0
1.448079,0,1556,439186,123,0,0,0,0,0,0,84,0,0,0
1.449698,0,1516,439723,122,0,0,0,0,0,0,83,0,0,0
1.451302,0,1555,445190,122,0,0,0,0,0,0,84,0,0,0
1.452914,0,1592,438940,122,0,0,0,0,0,0,80,0,0,0
1.454560,0,1551,439178,122,0,0,0,0,0,0,85,0,0,0
1.456169,0,1589,437222,123,0,0,0,0,0,0,83,0,0,0
1.457774,0,1670,439798,123,0,0,0,0,0,0,85,0,0,0
1.459378,0,1590,479382,123,0,0,0,0,0,0,83,0,0,0
1.461031,0,1621,434853,123,0,0,0,0,0,0,83,0,0,0
1.462669,0,1593,433567,123,0,0,0,0,0,0,85,0,0,0
1.464178,0,1586,426373,123,0,0,0,0,0,0,83,0,0,0
1.465753,0,1593,435069,123,0,0,0,0,0,0,80,0,0,0
1.467356,0,1591,442996,123,0,0,0,0,0,0,83,0,0,0
1.468965,0,1593,437802,123,0,0,0,0,0,0,83,0,0,0
1.470610,0,1711,438870,123,0,0,0,0,0,0,83,0,0,0
1.472115,0,1589,433568,122,0,0,0,0,0,0,83,0,0,0
1.473714,0,1591,438915,123,0,0,0,0,0,0,82,0,0,0
1.475317,0,1593,443356,122,0,0,0,0,0,0,81,0,0,0
1.476927,0,1589,439042,123,0,0,0,0,0,0,81,0,0,0
1.478573,0,1591,437837,123,0,0,0,0,0,0,83,0,0,0
1.480180,0,1588,437299,123,0,0,0,0,0,0,83,0,0,0
1.481784,0,1552,438348,123,0,0,0,0,0,0,82,0,0,0
1.483399,0,1587,411062,132,0,0,0,0,0,0,84,0,0,0
1.485056,0,1644,437845,132,0,0,0,0,0,0,82,0,0,0
1.486701,0,1553,438534,139,0,0,0,0,0,0,83,0,0,0
1.488306,0,1546,436453,122,0,0,0,0,0,0,81,0,0,0
1.489910,0,1586,436837,123,0,0,0,0,0,0,82,0,0,0
1.491516,0,1557,437936,122,0,0,0,0,0,0,83,0,0,0
1.493121,0,1592,437582,123,0,0,0,0,0,0,82,0,0,0
1.494779,0,1590,438310,123,0,0,0,0,0,0,80,0,0,0
1.496384,0,1552,436857,122,0,0,0,0,0,0,81,0,0,0
1.497988,0,1693,437311,123,0,0,0,0,0,0,83,0,0,0
1.499594,0,1593,437557,123,0,0,0,0,0,0,82,0,0,0
1.501198,0,1596,438159,123,0,0,0,0,0,0,82,0,0,0
1.502844,0,1586,440154,123,0,0,0,0,0,0,84,0,0,0
1.504448,0,1589,437414,123,0,0,0,0,0,0,81,0,0,0
1.506066,0,1590,436736,123,0,0,0,0,0,0,84,0,0,0
1.507673,0,1553,438799,123,0,0,0,0,0,0,82,0,0,0
1.509278,0,1584,437968,123,0,0,0,0,0,0,83,0,0,0
1.510923,0,1587,438584,123,0,0,0,0,0,0,83,0,0,0
1.512528,0,1551,438530,123,0,0,0,0,0,0,80,0,0,0
1.514133,0,1587,437820,123,0,0,0,0,0,0,84,0,0,0
1.515739,0,1591,438920,123,0,0,0,0,0,0,82,0,0,0
1.517233,0,1460,411142,117,0,0,0,0,0,0,82,0,0,0
1.518852,0,1462,408528,122,0,0,0,0,0,0,81,0,0,0
1.520458,0,1452,408477,122,0,0,0,0,0,0,78,0,0,0
1.522063,0,1458,406941,122,0,0,0,0,0,0,79,0,0,0
1.523670,0,1552,409111,121,0,0,0,0,0,0,81,0,0,0
1.525275,0,1456,407589,121,0,0,0,0,0,0,81,0,0,0
1.526921,0,1455,408319,121,0,0,0,0,0,0,81,0,0,0
1.528548,0,1458,408519,121,0,0,0,0,0,0,80,0,0,0
1.530153,0,1450,407666,122,0,0,0,0,0,0,80,0,0,0
1.531760,0,1462,407797,122,0,0,0,0,0,0,80,0,0,0
1.533366,0,1454,408484,122,0,0,0,0,0,0,81,0,0,0
1.535012,0,1468,408066,121,0,0,0,0,0,0,81,0,0,0
1.536488,0,1461,396413,121,0,0,0,0,0,0,80,0,0,0
1.538061,0,1458,406010,122,0,0,0,0,0,0,78,0,0,0
1.539734,0,1467,409023,122,0,0,0,0,0,0,78,0,0,0
1.541323,0,1454,407856,122,0,0,0,0,0,0,81,0,0,0
1.542971,0,1455,409308,121,0,0,0,0,0,0,79,0,0,0
1.544579,0,1457,409201,121,0,0,0,0,0,0,80,0,0,0
1.546185,0,1456,410080,121,0,0,0,0,0,0,78,0,0,0
1.547794,0,1459,408668,121,0,0,0,0,0,0,79,0,0,0
1.549401,0,1464,408091,122,0,0,0,0,0,0,81,0,0,0
1.551062,0,1458,408685,122,0,0,0,0,0,0,79,0,0,0
1.552760,0,1454,464279,121,0,0,0,0,0,0,79,0,0,0
1.554366,0,1456,406259,122,0,0,0,0,0,0,80,0,0,0
1.555843,0,1452,451009,121,0,0,0,0,0,0,80,0,0,0
1.557413,0,1463,420629,121,0,0,0,0,0,0,79,0,0,0
1.558881,0,1462,402414,121,0,0,0,0,0,0,79,0,0,0
1.560330,0,1457,395884,122,0,0,0,0,0,0,80,0,0,0
1.561779,0,1499,396166,122,0,0,0,0,0,0,79,0,0,0
1.563215,0,1461,420788,121,0,0,0,0,0,0,79,0,0,0
1.564681,0,1451,394595,121,0,0,0,0,0,0,79,0,0,0
1.566116,0,1457,399773,122,0,0,0,0,0,0,80,0,0,0
1.567586,0,1456,396423,121,0,0,0,0,0,0,81,0,0,0
1.569155,0,1463,731260,121,0,0,0,0,0,0,79,0,0,0
1.571180,0,1454,529837,121,0,0,0,0,0,0,80,0,0,0
1.572735,0,1548,403664,129,0,0,0,0,0,0,82,0,0,0
1.574183,0,1539,436839,130,0,0,0,0,0,0,78,0,0,0
1.575672,0,1545,399334,129,0,0,0,0,0,0,81,0,0,0
1.577117,0,1549,399297,129,0,0,0,0,0,0,81,0,0,0
1.578559,0,1640,399298,129,0,0,0,0,0,0,79,0,0,0
1.580133,0,1638,408751,130,0,0,0,0,0,0,78,0,0,0
1.581740,0,1544,408927,131,0,0,0,0,0,0,81,0,0,0
1.583361,0,1546,413576,129,0,0,0,0,0,0,81,0,0,0
1.584974,0,1548,408871,129,0,0,0,0,0,0,81,0,0,0
1.586578,0,1542,408847,129,0,0,0,0,0,0,80,0,0,0
1.588186,0,1548,409099,130,0,0,0,0,0,0,79,0,0,0
1.589794,0,1545,409353,129,0,0,0,0,0,0,79,0,0,0
1.591401,0,1544,466129,129,0,0,0,0,0,0,80,0,0,0
1.593035,0,1546,400892,130,0,0,0,0,0,0,80,0,0,0
1.594499,0,1550,401797,129,0,0,0,0,0,0,82,0,0,0
1.596079,0,1542,408518,129,0,0,0,0,0,0,82,0,0,0
1.597687,0,1548,408405,130,0,0,0,0,0,0,80,0,0,0
1.599294,0,1544,477980,130,0,0,0,0,0,0,81,0,0,0
1.601016,0,1544,412181,130,0,0,0,0,0,0,79,0,0,0
1.602622,0,1541,407801,129,0,0,0,0,0,0,78,0,0,0
1.604230,0,1541,409583,129,0,0,0,0,0,0,80,0,0,0
1.605849,0,1549,408706,130,0,0,0,0,0,0,80,0,0,0
1.607459,0,1543,409519,129,0,0,0,0,0,0,79,0,0,0
1.609067,0,1543,408838,129,0,0,0,0,0,0,79,0,0,0
1.610673,0,1549,408358,130,0,0,0,0,0,0,78,0,0,0
1.612280,0,1555,408499,130,0,0,0,0,0,0,82,0,0,0
1.613887,0,1550,408129,129,0,0,0,0,0,0,78,0,0,0
1.615497,0,1544,408721,130,0,0,0,0,0,0,80,0,0,0
1.617118,0,1549,408446,130,0,0,0,0,0,0,79,0,0,0
1.618724,0,1546,409019,130,0,0,0,0,0,0,81,0,0,0
1.620331,0,1546,408879,129,0,0,0,0,0,0,79,0,0,0
1.621938,0,1545,408701,130,0,0,0,0,0,0,79,0,0,0
1.623547,0,1542,410216,129,0,0,0,0,0,0,78,0,0,0
1.625155,0,1542,407956,129,0,0,0,0,0,0,80,0,0,0
1.626760,0,1773,408215,129,0,0,0,0,0,0,79,0,0,0
1.628252,0,1674,400792,157,0,0,0,0,0,0,79,0,0,0
1.629828,0,1808,406016,141,0,0,0,0,0,0,82,0,0,0
1.631659,0,1675,408272,142,0,0,0,0,0,0,81,0,0,0
1.633461,0,1674,410329,140,0,0,0,0,0,0,81,0,0,0
1.635071,0,1669,410306,141,0,0,0,0,0,0,78,0,0,0
1.636774,0,1813,467245,140,0,0,0,0,0,0,81,0,0,0
1.638439,0,1681,410817,142,0,0,0,0,0,0,81,0,0,0
1.640054,0,1680,410251,141,0,0,0,0,0,0,81,0,0,0
1.641666,0,1680,408969,140,0,0,0,0,0,0,81,0,0,0
1.643276,0,1672,414733,141,0,0,0,0,0,0,80,0,0,0
1.644892,0,1645,410094,141,0,0,0,0,0,0,79,0,0,0
1.646545,0,1665,410429,140,0,0,0,0,0,0,79,0,0,0
1.648158,0,1670,410591,141,0,0,0,0,0,0,79,0,0,0
1.649783,0,1676,410992,141,0,0,0,0,0,0,78,0,0,0
1.651394,0,1668,433464,140,0,0,0,0,0,0,78,0,0,0
1.653029,0,1667,410415,141,0,0,0,0,0,0,81,0,0,0
1.654683,0,1675,409926,140,0,0,0,0,0,0,78,0,0,0
1.656295,0,1663,410896,140,0,0,0,0,0,0,82,0,0,0
1.657907,0,1828,409876,141,0,0,0,0,0,0,79,0,0,0
1.659520,0,1686,410090,142,0,0,0,0,0,0,81,0,0,0
1.661145,0,1720,409979,141,0,0,0,0,0,0,80,0,0,0
1.662800,0,1674,410739,140,0,0,0,0,0,0,80,0,0,0
1.664412,0,1674,409796,141,0,0,0,0,0,0,82,0,0,0
1.666024,0,1669,410534,140,0,0,0,0,0,0,79,0,0,0
1.667638,0,1673,411525,141,0,0,0,0,0,0,80,0,0,0
1.669250,0,1675,409556,140,0,0,0,0,0,0,79,0,0,0
1.670903,0,1672,410589,141,0,0,0,0,0,0,78,0,0,0
1.672528,0,1679,410329,158,0,0,0,0,0,0,81,0,0,0
1.674139,0,1668,409452,141,0,0,0,0,0,0,80,0,0,0
1.675753,0,1714,409794,141,0,0,0,0,0,0,80,0,0,0
1.677365,0,1676,410662,141,0,0,0,0,0,0,80,0,0,0
1.679019,0,1688,411416,140,0,0,0,0,0,0,82,0,0,0
1.680581,0,1683,400482,140,0,0,0,0,0,0,80,0,0,0
1.682163,0,1747,410132,140,0,0,0,0,0,0,81,0,0,0
1.683663,0,1715,405172,144,0,0,0,0,0,0,81,0,0,0
1.685247,0,1711,414386,145,0,0,0,0,0,0,82,0,0,0
1.686901,0,1714,409991,144,0,0,0,0,0,0,82,0,0,0
1.688513,0,1718,411070,145,0,0,0,0,0,0,79,0,0,0
1.690125,0,1713,409569,143,0,0,0,0,0,0,78,0,0,0
1.691739,0,1706,410203,145,0,0,0,0,0,0,78,0,0,0
1.693350,0,1713,409876,144,0,0,0,0,0,0,82,0,0,0
1.695016,0,1716,410607,144,0,0,0,0,0,0,78,0,0,0
1.696693,0,1711,409260,145,0,0,0,0,0,0,82,0,0,0
1.698305,0,1799,408799,145,0,0,0,0,0,0,78,0,0,0
1.700025,0,1713,413077,146,0,0,0,0,0,0,80,0,0,0
1.701511,0,1715,400604,145,0,0,0,0,0,0,78,0,0,0
1.703003,0,1718,400944,145,0,0,0,0,0,0,81,0,0,0
1.704453,0,1704,399988,144,0,0,0,0,0,0,81,0,0,0
1.705914,0,1715,403123,144,0,0,0,0,0,0,81,0,0,0
1.707362,0,1719,403396,145,0,0,0,0,0,0,80,0,0,0
1.708810,0,1745,400141,145,0,0,0,0,0,0,78,0,0,0
1.710427,0,1775,410371,144,0,0,0,0,0,0,78,0,0,0
1.712038,0,1567,409601,140,0,0,0,0,0,0,79,0,0,0
1.713647,0,1548,400035,116,0,0,0,0,0,0,79,0,0,0
1.715251,0,1543,434874,129,0,0,0,0,0,0,78,0,0,0
1.716886,0,1484,405457,130,0,0,0,0,0,0,81,0,0,0
1.718535,0,1708,405578,115,0,0,0,0,0,0,81,0,0,0
1.720148,0,1713,411772,145,0,0,0,0,0,0,78,0,0,0
1.721761,0,1952,410642,143,0,0,0,0,0,0,80,0,0,0
1.723369,0,1723,410205,146,0,0,0,0,0,0,80,0,0,0
1.724975,0,1721,398429,143,0,0,0,0,0,0,78,0,0,0
1.726620,0,1715,406966,145,0,0,0,0,0,0,79,0,0,0
1.728363,0,1725,378480,144,0,0,0,0,0,0,82,0,0,0
1.729831,0,1771,395930,145,0,0,0,0,0,0,78,0,0,0
1.731313,0,1734,466054,143,0,0,0,0,0,0,79,0,0,0
1.732870,0,1710,401962,144,0,0,0,0,0,0,82,0,0,0
1.734318,0,1713,435293,145,0,0,0,0,0,0,81,0,0,0
1.735904,0,1710,506106,144,0,0,0,0,0,0,82,0,0,0
1.738313,0,1716,398489,146,0,0,0,0,0,0,78,0,0,0
1.739770,0,1713,397260,144,0,0,0,0,0,0,82,0,0,0
1.741218,0,1709,402612,144,0,0,0,0,0,0,82,0,0,0
1.742667,0,1711,371905,145,0,0,0,0,0,0,81,0,0,0
1.744079,0,1706,408485,145,0,0,0,0,0,0,78,0,0,0
1.745501,0,1795,402328,143,0,0,0,0,0,0,81,0,0,0
1.746904,0,1701,399466,145,0,0,0,0,0,0,81,0,0,0
1.748306,0,1712,400390,144,0,0,0,0,0,0,80,0,0,0
1.749705,0,1709,400894,143,0,0,0,0,0,0,80,0,0,0
1.751138,0,1717,451314,145,0,0,0,0,0,0,80,0,0,0
1.752771,0,1708,410123,144,0,0,0,0,0,0,80,0,0,0
1.754257,0,1712,398927,145,0,0,0,0,0,0,79,0,0,0
1.755719,0,1709,403454,144,0,0,0,0,0,0,80,0,0,0
1.757167,0,1714,399510,144,0,0,0,0,0,0,81,0,0,0
1.758656,0,1711,399705,145,0,0,0,0,0,0,78,0,0,0
1.760103,0,1719,398808,143,0,0,0,0,0,0,78,0,0,0
1.761560,0,1709,399262,144,0,0,0,0,0,0,80,0,0,0
1.763006,0,1711,399538,145,0,0,0,0,0,0,80,0,0,0
1.764582,0,1711,409413,144,0,0,0,0,0,0,78,0,0,0
1.766193,0,1698,449087,145,0,0,0,0,0,0,81,0,0,0
1.767851,0,1708,409657,144,0,0,0,0,0,0,79,0,0,0
1.769462,0,1724,409042,178,0,0,0,0,0,0,79,0,0,0
1.771072,0,1718,409517,144,0,0,0,0,0,0,78,0,0,0
1.772655,0,1706,475143,145,0,0,0,0,0,0,80,0,0,0
1.774237,0,1718,450400,145,0,0,0,0,0,0,78,0,0,0
1.775894,0,1706,410552,144,0,0,0,0,0,0,81,0,0,0
1.777507,0,1714,409756,145,0,0,0,0,0,0,81,0,0,0
1.779117,0,1711,468306,145,0,0,0,0,0,0,80,0,0,0
1.780825,0,1711,437235,145,0,0,0,0,0,0,80,0,0,0
1.782478,0,1708,409420,144,0,0,0,0,0,0,79,0,0,0
1.784107,0,1706,409668,144,0,0,0,0,0,0,81,0,0,0
1.785717,0,1707,408479,144,0,0,0,0,0,0,80,0,0,0
1.787352,0,1792,413286,145,0,0,0,0,0,0,80,0,0,0
1.788835,0,1717,398477,145,0,0,0,0,0,0,78,0,0,0
1.790280,0,1809,435527,145,0,0,0,0,0,0,82,0,0,0
1.791767,0,1699,400482,143,0,0,0,0,0,0,80,0,0,0
1.793214,0,1845,399706,178,0,0,0,0,0,0,78,0,0,0
1.794673,0,1370,380719,136,0,0,0,0,0,0,76,0,0,0
1.796117,0,1366,368000,114,0,0,0,0,0,0,78,0,0,0
1.797688,0,1371,383468,114,0,0,0,0,0,0,79,0,0,0
1.799184,0,1369,376480,114,0,0,0,0,0,0,78,0,0,0
1.800643,0,1473,367452,114,0,0,0,0,0,0,78,0,0,0
1.802086,0,1366,368829,114,0,0,0,0,0,0,78,0,0,0
1.803530,0,1416,368055,114,0,0,0,0,0,0,77,0,0,0
1.804993,0,1496,367697,114,0,0,0,0,0,0,78,0,0,0
1.806470,0,1370,367330,114,0,0,0,0,0,0,79,0,0,0
1.808043,0,1433,377088,115,0,0,0,0,0,0,78,0,0,0
1.809648,0,1366,376939,114,0,0,0,0,0,0,79,0,0,0
1.811251,0,1431,455872,114,0,0,0,0,0,0,77,0,0,0
1.812825,0,1369,367970,114,0,0,0,0,0,0,78,0,0,0
1.814271,0,1373,402039,113,0,0,0,0,0,0,77,0,0,0
1.815897,0,1374,376968,114,0,0,0,0,0,0,77,0,0,0
1.817503,0,1370,376750,114,0,0,0,0,0,0,76,0,0,0
1.819105,0,1370,378158,114,0,0,0,0,0,0,78,0,0,0
1.820800,0,1372,450384,114,0,0,0,0,0,0,79,0,0,0
1.822444,0,1368,376766,114,0,0,0,0,0,0,78,0,0,0
1.823926,0,1372,371234,114,0,0,0,0,0,0,79,0,0,0
1.825506,0,1369,377310,114,0,0,0,0,0,0,79,0,0,0
1.827124,0,1368,442760,114,0,0,0,0,0,0,79,0,0,0
1.828714,0,1366,394231,114,0,0,0,0,0,0,78,0,0,0
1.830161,0,1369,402270,114,0,0,0,0,0,0,75,0,0,0
1.831648,0,1370,365748,114,0,0,0,0,0,0,79,0,0,0
1.833087,0,1370,365485,114,0,0,0,0,0,0,79,0,0,0
1.834523,0,1373,365514,114,0,0,0,0,0,0,76,0,0,0
1.836157,0,1371,369074,114,0,0,0,0,0,0,78,0,0,0
1.837614,0,1369,368804,114,0,0,0,0,0,0,77,0,0,0
1.839091,0,1374,367669,114,0,0,0,0,0,0,79,0,0,0
1.840574,0,1371,401106,114,0,0,0,0,0,0,76,0,0,0
1.842015,0,1363,368764,114,0,0,0,0,0,0,78,0,0,0
1.843458,0,1462,368734,114,0,0,0,0,0,0,77,0,0,0
1.844899,0,1369,367043,114,0,0,0,0,0,0,76,0,0,0
1.846511,0,1365,379213,114,0,0,0,0,0,0,76,0,0,0
1.848010,0,1568,362060,122,0,0,0,0,0,0,77,0,0,0
1.849589,0,1455,378990,122,0,0,0,0,0,0,77,0,0,0
1.851197,0,1447,382302,122,0,0,0,0,0,0,76,0,0,0
1.852809,0,1454,378055,121,0,0,0,0,0,0,76,0,0,0
1.854457,0,1447,379233,122,0,0,0,0,0,0,78,0,0,0
1.856067,0,1448,379274,121,0,0,0,0,0,0,79,0,0,0
1.857676,0,1574,376749,122,0,0,0,0,0,0,79,0,0,0
1.859295,0,1447,384180,122,0,0,0,0,0,0,75,0,0,0
1.860910,0,1448,377347,121,0,0,0,0,0,0,76,0,0,0
1.862558,0,1452,380185,122,0,0,0,0,0,0,76,0,0,0
1.864168,0,1453,377476,122,0,0,0,0,0,0,78,0,0,0
1.865776,0,1446,377514,122,0,0,0,0,0,0,79,0,0,0
1.867382,0,1451,368315,122,0,0,0,0,0,0,78,0,0,0
1.868888,0,1545,370834,121,0,0,0,0,0,0,79,0,0,0
1.870390,0,1453,368713,121,0,0,0,0,0,0,78,0,0,0
1.871968,0,1455,377653,121,0,0,0,0,0,0,76,0,0,0
1.873575,0,1454,377785,121,0,0,0,0,0,0,76,0,0,0
1.875181,0,1449,382754,122,0,0,0,0,0,0,78,0,0,0
1.876794,0,1454,377064,121,0,0,0,0,0,0,77,0,0,0
1.878442,0,1451,378749,121,0,0,0,0,0,0,76,0,0,0
1.880052,0,1449,378448,121,0,0,0,0,0,0,76,0,0,0
1.881673,0,1453,379118,121,0,0,0,0,0,0,76,0,0,0
1.883281,0,1453,383080,120,0,0,0,0,0,0,78,0,0,0
1.884893,0,1444,378031,122,0,0,0,0,0,0,75,0,0,0
1.886541,0,1448,378734,121,0,0,0,0,0,0,76,0,0,0
1.888152,0,1447,377605,122,0,0,0,0,0,0,76,0,0,0
1.889760,0,1450,378177,121,0,0,0,0,0,0,75,0,0,0
1.891366,0,1452,379727,121,0,0,0,0,0,0,77,0,0,0
1.892989,0,1452,377954,121,0,0,0,0,0,0,79,0,0,0
1.894638,0,1448,379564,121,0,0,0,0,0,0,76,0,0,0
1.896248,0,1451,378645,121,0,0,0,0,0,0,76,0,0,0
1.897856,0,1446,377390,121,0,0,0,0,0,0,77,0,0,0
1.899464,0,1443,378525,122,0,0,0,0,0,0,79,0,0,0
1.901072,0,1450,377175,121,0,0,0,0,0,0,76,0,0,0
1.902720,0,1449,378495,121,0,0,0,0,0,0,79,0,0,0
1.904213,0,1565,375070,132,0,0,0,0,0,0,75,0,0,0
1.905797,0,1559,379625,133,0,0,0,0,0,0,76,0,0,0
1.907407,0,1641,377097,131,0,0,0,0,0,0,78,0,0,0
1.909086,0,1571,380067,168,0,0,0,0,0,0,79,0,0,0
1.910741,0,1558,381049,132,0,0,0,0,0,0,78,0,0,0
1.912354,0,1559,379541,131,0,0,0,0,0,0,79,0,0,0
1.913966,0,1562,379503,131,0,0,0,0,0,0,75,0,0,0
1.915594,0,1558,379836,131,0,0,0,0,0,0,76,0,0,0
1.917208,0,1557,379099,132,0,0,0,0,0,0,79,0,0,0
1.918862,0,1559,380149,131,0,0,0,0,0,0,76,0,0,0
1.920474,0,1644,379135,131,0,0,0,0,0,0,76,0,0,0
1.922087,0,1556,380124,132,0,0,0,0,0,0,76,0,0,0
1.923701,0,1564,375858,133,0,0,0,0,0,0,76,0,0,0
1.925305,0,1567,375451,132,0,0,0,0,0,0,77,0,0,0
1.926964,0,1571,376022,133,0,0,0,0,0,0,79,0,0,0
1.928444,0,1566,371139,131,0,0,0,0,0,0,76,0,0,0
1.930027,0,1560,380385,131,0,0,0,0,0,0,78,0,0,0
1.931642,0,1556,381273,131,0,0,0,0,0,0,77,0,0,0
1.933254,0,1563,378791,132,0,0,0,0,0,0,78,0,0,0
1.934908,0,1560,380339,132,0,0,0,0,0,0,77,0,0,0
1.936522,0,1561,375957,131,0,0,0,0,0,0,78,0,0,0
1.938138,0,1632,376071,132,0,0,0,0,0,0,78,0,0,0
1.939620,0,1562,369097,131,0,0,0,0,0,0,76,0,0,0
1.941178,0,1570,372741,131,0,0,0,0,0,0,76,0,0,0
1.942805,0,1608,379810,131,0,0,0,0,0,0,76,0,0,0
1.944417,0,1565,379894,132,0,0,0,0,0,0,76,0,0,0
1.946029,0,1578,378860,131,0,0,0,0,0,0,78,0,0,0
1.947644,0,1678,380295,132,0,0,0,0,0,0,78,0,0,0
1.949269,0,1558,380421,132,0,0,0,0,0,0,77,0,0,0
1.950924,0,1563,379541,131,0,0,0,0,0,0,76,0,0,0
1.952539,0,1563,382946,132,0,0,0,0,0,0,77,0,0,0
1.954153,0,1563,378996,132,0,0,0,0,0,0,79,0,0,0
1.955767,0,1567,380340,131,0,0,0,0,0,0,75,0,0,0
1.957380,0,1556,380277,132,0,0,0,0,0,0,76,0,0,0
1.959036,0,1570,379803,131,0,0,0,0,0,0,79,0,0,0
1.960601,0,1623,368788,131,0,0,0,0,0,0,76,0,0,0
1.962183,0,1596,378790,135,0,0,0,0,0,0,77,0,0,0
1.963796,0,1712,378445,135,0,0,0,0,0,0,79,0,0,0
1.965407,0,1597,377111,135,0,0,0,0,0,0,77,0,0,0
1.967059,0,1642,378166,134,0,0,0,0,0,0,75,0,0,0
1.968768,0,1600,435056,135,0,0,0,0,0,0,79,0,0,0
1.970378,0,1602,377720,135,0,0,0,0,0,0,79,0,0,0
1.972003,0,1689,376748,136,0,0,0,0,0,0,77,0,0,0
1.973613,0,1683,378044,135,0,0,0,0,0,0,78,0,0,0
1.975225,0,1598,381291,135,0,0,0,0,0,0,77,0,0,0
1.976841,0,1687,377218,136,0,0,0,0,0,0,79,0,0,0
1.978450,0,1594,377684,135,0,0,0,0,0,0,76,0,0,0
1.980065,0,1601,379656,135,0,0,0,0,0,0,77,0,0,0
1.981677,0,1597,377979,136,0,0,0,0,0,0,77,0,0,0
1.983301,0,1600,380921,135,0,0,0,0,0,0,75,0,0,0
1.984789,0,1703,370557,135,0,0,0,0,0,0,79,0,0,0
1.986237,0,1742,367486,136,0,0,0,0,0,0,76,0,0,0
1.987685,0,1591,372328,135,0,0,0,0,0,0,75,0,0,0
1.989152,0,1596,396866,136,0,0,0,0,0,0,79,0,0,0
1.990708,0,1605,410761,134,0,0,0,0,0,0,78,0,0,0
1.992159,0,1592,368674,135,0,0,0,0,0,0,78,0,0,0
1.993620,0,1600,368143,135,0,0,0,0,0,0,75,0,0,0
1.995065,0,1595,369473,136,0,0,0,0,0,0,77,0,0,0
1.996574,0,1595,368149,135,0,0,0,0,0,0,77,0,0,0
1.998018,0,1605,368145,135,0,0,0,0,0,0,76,0,0,0
1.999597,0,1600,378849,136,0,0,0,0,0,0,77,0,0,0
2.001209,0,1731,376853,136,0,0,0,0,0,0,79,0,0,0
2.002817,0,1614,378561,168,0,0,0,0,0,0,78,0,0,0
2.004441,0,1651,379069,134,0,0,0,0,0,0,78,0,0,0
2.006089,0,1600,413447,136,0,0,0,0,0,0,76,0,0,0
2.007745,0,1597,378880,135,0,0,0,0,0,0,78,0,0,0
2.009356,0,1600,377609,135,0,0,0,0,0,0,78,0,0,0
2.010966,0,1637,377091,136,0,0,0,0,0,0,78,0,0,0
2.012576,0,1605,378048,135,0,0,0,0,0,0,77,0,0,0
2.014187,0,1599,380332,134,0,0,0,0,0,0,79,0,0,0
2.015816,0,1596,377880,136,0,0,0,0,0,0,79,0,0,0
2.017427,0,1598,378337,134,0,0,0,0,0,0,76,0,0,0
2.019037,0,1615,378124,135,0,0,0,0,0,0,78,0,0,0
2.020718,0,1596,380086,135,0,0,0,0,0,0,79,0,0,0
2.022328,0,1799,378245,135,0,0,0,0,0,0,77,0,0,0
2.023942,0,1599,378449,135,0,0,0,0,0,0,76,0,0,0
2.025554,0,1625,377677,136,0,0,0,0,0,0,79,0,0,0
2.027176,0,1664,381530,134,0,0,0,0,0,0,76,0,0,0
2.028791,0,1590,377289,135,0,0,0,0,0,0,75,0,0,0
2.030443,0,1601,378246,168,0,0,0,0,0,0,79,0,0,0
2.032057,0,1599,377824,136,0,0,0,0,0,0,78,0,0,0
2.033668,0,1595,377636,135,0,0,0,0,0,0,77,0,0,0
2.035290,0,1597,388838,134,0,0,0,0,0,0,77,0,0,0
2.036800,0,1590,377654,135,0,0,0,0,0,0,76,0,0,0
2.038273,0,1606,405575,135,0,0,0,0,0,0,77,0,0,0
2.039769,0,1676,367561,134,0,0,0,0,0,0,78,0,0,0
2.041212,0,1600,365940,135,0,0,0,0,0,0,76,0,0,0
2.042652,0,1605,365748,136,0,0,0,0,0,0,78,0,0,0
2.044094,0,1597,370422,135,0,0,0,0,0,0,76,0,0,0
2.045672,0,1653,378666,134,0,0,0,0,0,0,79,0,0,0
2.047285,0,1723,382351,134,0,0,0,0,0,0,78,0,0,0
2.048914,0,1599,378662,134,0,0,0,0,0,0,79,0,0,0
2.050524,0,1604,379670,136,0,0,0,0,0,0,75,0,0,0
2.052139,0,1773,379382,135,0,0,0,0,0,0,78,0,0,0
2.053752,0,1592,378323,136,0,0,0,0,0,0,77,0,0,0
2.055363,0,1608,383136,135,0,0,0,0,0,0,78,0,0,0
2.056981,0,1705,380936,135,0,0,0,0,0,0,75,0,0,0
2.058591,0,1594,379796,135,0,0,0,0,0,0,77,0,0,0
2.060219,0,1596,380138,135,0,0,0,0,0,0,79,0,0,0
2.061832,0,1752,378284,135,0,0,0,0,0,0,78,0,0,0
2.063447,0,1601,379493,135,0,0,0,0,0,0,76,0,0,0
2.065058,0,1597,377319,135,0,0,0,0,0,0,77,0,0,0
2.066667,0,1597,377548,135,0,0,0,0,0,0,78,0,0,0
2.068277,0,1597,377518,135,0,0,0,0,0,0,77,0,0,0
2.069888,0,1606,377450,135,0,0,0,0,0,0,75,0,0,0
2.071383,0,1404,302530,122,0,0,0,0,0,0,74,0,0,0
2.072905,0,1406,336136,119,0,0,0,0,0,0,75,0,0,0
2.074513,0,1438,334332,118,0,0,0,0,0,0,74,0,0,0
2.076126,0,1403,333392,119,0,0,0,0,0,0,75,0,0,0
2.077736,0,1406,333834,119,0,0,0,0,0,0,75,0,0,0
2.079346,0,1403,337717,118,0,0,0,0,0,0,74,0,0,0
2.080962,0,1400,333526,119,0,0,0,0,0,0,74,0,0,0
2.082585,0,1401,334389,118,0,0,0,0,0,0,73,0,0,0
2.084198,0,1407,333177,119,0,0,0,0,0,0,74,0,0,0
2.085809,0,1398,332817,119,0,0,0,0,0,0,74,0,0,0
2.087488,0,1405,383101,119,0,0,0,0,0,0,75,0,0,0
2.089165,0,1403,333906,118,0,0,0,0,0,0,72,0,0,0
2.090775,0,1403,333000,123,0,0,0,0,0,0,75,0,0,0
2.092386,0,1408,334333,118,0,0,0,0,0,0,73,0,0,0
2.094010,0,1403,333299,118,0,0,0,0,0,0,74,0,0,0
2.095621,0,1407,334484,119,0,0,0,0,0,0,73,0,0,0
2.097232,0,1408,334602,123,0,0,0,0,0,0,74,0,0,0
2.098842,0,1408,333715,118,0,0,0,0,0,0,74,0,0,0
2.100452,0,1408,332998,118,0,0,0,0,0,0,72,0,0,0
2.102064,0,1410,365350,119,0,0,0,0,0,0,72,0,0,0
2.103720,0,1404,333582,118,0,0,0,0,0,0,72,0,0,0
2.105344,0,1493,334540,118,0,0,0,0,0,0,72,0,0,0
2.106954,0,1401,333280,118,0,0,0,0,0,0,73,0,0,0
2.108564,0,1408,333665,119,0,0,0,0,0,0,72,0,0,0
2.110174,0,1408,366157,118,0,0,0,0,0,0,73,0,0,0
2.111831,0,1402,334155,118,0,0,0,0,0,0,75,0,0,0
2.113442,0,1402,333606,118,0,0,0,0,0,0,74,0,0,0
2.115051,0,1407,334481,120,0,0,0,0,0,0,73,0,0,0
2.116636,0,1410,388015,119,0,0,0,0,0,0,74,0,0,0
2.118216,0,1402,365569,119,0,0,0,0,0,0,72,0,0,0
2.119872,0,1404,333507,119,0,0,0,0,0,0,73,0,0,0
2.121482,0,1500,333969,120,0,0,0,0,0,0,74,0,0,0
2.123098,0,1409,336701,119,0,0,0,0,0,0,73,0,0,0
2.124803,0,1407,402021,123,0,0,0,0,0,0,73,0,0,0
2.126456,0,1535,334352,118,0,0,0,0,0,0,73,0,0,0
2.127957,0,1438,325068,121,0,0,0,0,0,0,75,0,0,0
2.129538,0,1436,333777,121,0,0,0,0,0,0,74,0,0,0
2.131148,0,1440,337139,121,0,0,0,0,0,0,75,0,0,0
2.132763,0,1490,332969,122,0,0,0,0,0,0,74,0,0,0
2.134415,0,1437,332948,122,0,0,0,0,0,0,75,0,0,0
2.136028,0,1438,333630,122,0,0,0,0,0,0,75,0,0,0
2.137638,0,1478,334105,121,0,0,0,0,0,0,75,0,0,0
2.139261,0,1439,350493,121,0,0,0,0,0,0,75,0,0,0
2.141150,0,1564,337942,121,0,0,0,0,0,0,75,0,0,0
2.142835,0,1434,332223,122,0,0,0,0,0,0,72,0,0,0
2.144318,0,1655,326045,122,0,0,0,0,0,0,74,0,0,0
2.145810,0,1439,323921,122,0,0,0,0,0,0,72,0,0,0
2.147253,0,1441,309480,122,0,0,0,0,0,0,73,0,0,0
2.148705,0,1436,345102,122,0,0,0,0,0,0,74,0,0,0
2.150162,0,1433,352688,122,0,0,0,0,0,0,73,0,0,0
2.151648,0,1509,326617,122,0,0,0,0,0,0,74,0,0,0
2.153095,0,1437,324739,122,0,0,0,0,0,0,73,0,0,0
2.154669,0,1450,334309,150,0,0,0,0,0,0,73,0,0,0
2.156281,0,1433,334393,122,0,0,0,0,0,0,75,0,0,0
2.157895,0,1441,334880,122,0,0,0,0,0,0,73,0,0,0
2.159511,0,1436,334361,122,0,0,0,0,0,0,74,0,0,0
2.161137,0,1444,335181,121,0,0,0,0,0,0,73,0,0,0
2.162749,0,1436,334063,122,0,0,0,0,0,0,73,0,0,0
2.164362,0,1436,335060,121,0,0,0,0,0,0,73,0,0,0
2.165976,0,1440,334643,122,0,0,0,0,0,0,73,0,0,0
2.167590,0,1439,334677,121,0,0,0,0,0,0,74,0,0,0
2.169203,0,1445,334607,122,0,0,0,0,0,0,73,0,0,0
2.170815,0,1443,334481,121,0,0,0,0,0,0,72,0,0,0
2.172441,0,1460,335675,122,0,0,0,0,0,0,72,0,0,0
2.174054,0,1451,334857,122,0,0,0,0,0,0,74,0,0,0
2.175668,0,1495,333627,150,0,0,0,0,0,0,75,0,0,0
2.177279,0,1441,335672,122,0,0,0,0,0,0,75,0,0,0
2.178888,0,1448,335362,121,0,0,0,0,0,0,73,0,0,0
2.180499,0,1442,336497,139,0,0,0,0,0,0,74,0,0,0
2.182111,0,1537,367028,121,0,0,0,0,0,0,72,0,0,0
2.183660,0,2262,338944,147,0,0,0,0,0,0,74,0,0,0
2.185315,0,2246,369885,150,0,0,0,0,0,0,72,0,0,0
2.186999,0,2259,369894,150,0,0,0,0,0,0,72,0,0,0
2.188781,0,2321,429738,150,0,0,0,0,0,0,72,0,0,0
2.190514,0,2286,368094,150,0,0,0,0,0,0,74,0,0,0
2.192202,0,2211,367383,150,0,0,0,0,0,0,74,0,0,0
2.193903,0,2323,367705,150,0,0,0,0,0,0,75,0,0,0
2.195590,0,2301,367673,150,0,0,0,0,0,0,74,0,0,0
2.197276,0,2327,367502,150,0,0,0,0,0,0,73,0,0,0
2.199009,0,2279,369108,151,0,0,0,0,0,0,74,0,0,0
2.200794,0,2313,420479,147,0,0,0,0,0,0,72,0,0,0
2.202479,0,2323,369204,150,0,0,0,0,0,0,75,0,0,0
2.204178,0,2303,368870,150,0,0,0,0,0,0,73,0,0,0
2.205864,0,6422,369282,150,0,0,0,0,0,0,72,0,0,0
2.207553,0,2308,368473,151,0,0,0,0,0,0,75,0,0,0
2.209240,0,2299,368647,147,0,0,0,0,0,0,73,0,0,0
2.210924,0,2323,367691,150,0,0,0,0,0,0,76,0,0,0
2.212609,0,2389,368713,150,0,0,0,0,0,0,72,0,0,0
2.214308,0,2322,405034,150,0,0,0,0,0,0,75,0,0,0
2.216046,0,2234,368414,150,0,0,0,0,0,0,74,0,0,0
2.217732,0,2317,368092,147,0,0,0,0,0,0,74,0,0,0
2.219496,0,2273,422636,150,0,0,0,0,0,0,74,0,0,0
2.221251,0,2323,368619,151,0,0,0,0,0,0,75,0,0,0
2.222982,0,2326,367851,150,0,0,0,0,0,0,74,0,0,0
2.224739,0,2313,368514,150,0,0,0,0,0,0,74,0,0,0
2.226423,0,2307,367552,150,0,0,0,0,0,0,73,0,0,0
2.228110,0,2266,367135,147,0,0,0,0,0,0,75,0,0,0
2.229795,0,2295,367913,150,0,0,0,0,0,0,75,0,0,0
2.231485,0,6417,368083,147,0,0,0,0,0,0,75,0,0,0
2.233172,0,2323,368042,150,0,0,0,0,0,0,72,0,0,0
2.234870,0,2372,367896,150,0,0,0,0,0,0,75,0,0,0
2.236555,0,2297,368262,150,0,0,0,0,0,0,75,0,0,0
2.238241,0,2316,404473,147,0,0,0,0,0,0,75,0,0,0
2.239999,0,2312,378919,147,0,0,0,0,0,0,75,0,0,0
2.241686,0,2281,368006,147,0,0,0,0,0,0,74,0,0,0
2.243370,0,2301,345491,151,0,0,0,0,0,0,74,0,0,0
2.244901,0,2331,360530,150,0,0,0,0,0,0,74,0,0,0
2.246468,0,2306,360298,150,0,0,0,0,0,0,74,0,0,0
2.248124,0,2312,364349,150,0,0,0,0,0,0,75,0,0,0
2.249784,0,2529,374994,150,0,0,0,0,0,0,75,0,0,0
2.251402,0,2307,383393,151,0,0,0,0,0,0,74,0,0,0
2.253050,0,2321,362418,147,0,0,0,0,0,0,73,0,0,0
2.254616,0,2192,360940,147,0,0,0,0,0,0,74,0,0,0
2.256142,0,2301,360698,150,0,0,0,0,0,0,75,0,0,0
2.257657,0,2530,361410,150,0,0,0,0,0,0,72,0,0,0
2.259181,0,2312,481178,150,0,0,0,0,0,0,73,0,0,0
2.260927,0,2136,383825,150,0,0,0,0,0,0,74,0,0,0
2.262513,0,2302,370737,147,0,0,0,0,0,0,73,0,0,0
2.264032,0,2258,359228,150,0,0,0,0,0,0,75,0,0,0
2.265540,0,2316,356706,147,0,0,0,0,0,0,73,0,0,0
2.267065,0,2315,358408,150,0,0,0,0,0,0,75,0,0,0
2.268717,0,2309,464825,151,0,0,0,0,0,0,73,0,0,0
2.270226,0,2318,388390,150,0,0,0,0,0,0,73,0,0,0
2.271776,0,2329,356684,147,0,0,0,0,0,0,74,0,0,0
2.273381,0,2299,356906,147,0,0,0,0,0,0,72,0,0,0
2.274887,0,2356,359370,150,0,0,0,0,0,0,72,0,0,0
2.276393,0,6407,357361,150,0,0,0,0,0,0,74,0,0,0
2.277910,0,2256,337534,134,0,0,0,0,0,0,72,0,0,0
2.279657,0,2251,332606,134,0,0,0,0,0,0,70,0,0,0
2.281383,0,2053,332802,134,0,0,0,0,0,0,70,0,0,0
2.283067,0,2296,330944,134,0,0,0,0,0,0,70,0,0,0
2.284731,0,2302,392288,134,0,0,0,0,0,0,72,0,0,0
2.286436,0,2286,331888,134,0,0,0,0,0,0,72,0,0,0
2.288007,0,2300,327855,134,0,0,0,0,0,0,70,0,0,0
2.289665,0,2244,336337,134,0,0,0,0,0,0,69,0,0,0
2.291350,0,2292,334266,134,0,0,0,0,0,0,71,0,0,0
2.293043,0,2294,330688,134,0,0,0,0,0,0,72,0,0,0
2.294777,0,2296,330771,134,0,0,0,0,0,0,71,0,0,0
2.296463,0,2324,331144,134,0,0,0,0,0,0,69,0,0,0
2.298164,0,2138,331437,134,0,0,0,0,0,0,72,0,0,0
2.299853,0,2594,328916,135,0,0,0,0,0,0,69,0,0,0
2.301532,0,2273,329584,134,0,0,0,0,0,0,72,0,0,0
2.303210,0,2290,321995,134,0,0,0,0,0,0,70,0,0,0
2.304911,0,2266,349864,133,0,0,0,0,0,0,71,0,0,0
2.306596,0,2297,331752,134,0,0,0,0,0,0,70,0,0,0
2.308296,0,2315,327507,134,0,0,0,0,0,0,71,0,0,0
2.309973,0,2282,327105,134,0,0,0,0,0,0,69,0,0,0
2.311619,0,2291,329159,134,0,0,0,0,0,0,70,0,0,0
2.313333,0,2284,329365,134,0,0,0,0,0,0,70,0,0,0
2.315016,0,2287,330016,134,0,0,0,0,0,0,70,0,0,0
2.316759,0,2316,367869,134,0,0,0,0,0,0,70,0,0,0
2.318502,0,2497,330839,134,0,0,0,0,0,0,70,0,0,0
2.320189,0,2331,330738,134,0,0,0,0,0,0,70,0,0,0
2.321875,0,2280,329767,134,0,0,0,0,0,0,70,0,0,0
2.323561,0,2314,329778,135,0,0,0,0,0,0,72,0,0,0
2.325247,0,2249,330881,135,0,0,0,0,0,0,72,0,0,0
2.326978,0,2312,330169,135,0,0,0,0,0,0,69,0,0,0
2.328609,0,2298,322677,134,0,0,0,0,0,0,72,0,0,0
2.330264,0,2307,329141,134,0,0,0,0,0,0,71,0,0,0
2.331950,0,2358,330048,134,0,0,0,0,0,0,70,0,0,0
2.333635,0,2311,329902,134,0,0,0,0,0,0,69,0,0,0
2.335321,0,2604,333145,134,0,0,0,0,0,0,72,0,0,0
2.337010,0,2296,330035,133,0,0,0,0,0,0,71,0,0,0
2.338693,0,2265,329967,134,0,0,0,0,0,0,72,0,0,0
2.340253,0,2012,327980,135,0,0,0,0,0,0,69,0,0,0
2.341778,0,2326,331168,134,0,0,0,0,0,0,70,0,0,0
2.343493,0,2296,331068,135,0,0,0,0,0,0,71,0,0,0
2.345179,0,2290,331715,134,0,0,0,0,0,0,72,0,0,0
2.346864,0,2280,331354,134,0,0,0,0,0,0,71,0,0,0
2.348551,0,2273,330818,134,0,0,0,0,0,0,70,0,0,0
2.350238,0,2369,364466,134,0,0,0,0,0,0,69,0,0,0
2.351988,0,2304,329626,135,0,0,0,0,0,0,70,0,0,0
2.353666,0,2250,328527,135,0,0,0,0,0,0,72,0,0,0
2.355342,0,2608,364823,135,0,0,0,0,0,0,70,0,0,0
2.357080,0,2311,330081,134,0,0,0,0,0,0,69,0,0,0
2.358811,0,2505,329816,134,0,0,0,0,0,0,70,0,0,0
2.360496,0,2486,330077,134,0,0,0,0,0,0,70,0,0,0
2.362195,0,2269,329995,134,0,0,0,0,0,0,71,0,0,0
2.363881,0,2288,330495,134,0,0,0,0,0,0,72,0,0,0
2.365566,0,2303,329877,134,0,0,0,0,0,0,71,0,0,0
2.367250,0,2301,413716,135,0,0,0,0,0,0,72,0,0,0
2.368927,0,2285,323232,134,0,0,0,0,0,0,72,0,0,0
2.370445,0,2309,323639,134,0,0,0,0,0,0,71,0,0,0
2.372099,0,2313,329969,134,0,0,0,0,0,0,71,0,0,0
2.373662,0,2118,324104,134,0,0,0,0,0,0,70,0,0,0
2.375319,0,2283,333301,134,0,0,0,0,0,0,71,0,0,0
2.377009,0,2283,329553,134,0,0,0,0,0,0,72,0,0,0
2.378692,0,2320,330504,134,0,0,0,0,0,0,71,0,0,0
2.380378,0,2308,331590,134,0,0,0,0,0,0,71,0,0,0
2.382063,0,2281,361590,134,0,0,0,0,0,0,72,0,0,0
2.383813,0,2278,329817,134,0,0,0,0,0,0,70,0,0,0
2.385498,0,2305,330560,134,0,0,0,0,0,0,71,0,0,0
2.387182,0,2291,332223,134,0,0,0,0,0,0,72,0,0,0
2.388870,0,2292,329181,134,0,0,0,0,0,0,72,0,0,0
2.390600,0,2290,330427,134,0,0,0,0,0,0,72,0,0,0
2.392286,0,2545,329065,134,0,0,0,0,0,0,70,0,0,0
2.393983,0,2369,351018,134,0,0,0,0,0,0,71,0,0,0
2.395704,0,2300,328802,134,0,0,0,0,0,0,69,0,0,0
2.397383,0,2291,328153,134,0,0,0,0,0,0,69,0,0,0
2.399106,0,2123,424407,134,0,0,0,0,0,0,70,0,0,0
2.400803,0,2496,327709,134,0,0,0,0,0,0,70,0,0,0
2.402460,0,2333,330346,134,0,0,0,0,0,0,69,0,0,0
2.404160,0,2295,331273,131,0,0,0,0,0,0,69,0,0,0
2.405847,0,2276,330659,134,0,0,0,0,0,0,72,0,0,0
2.407537,0,2310,331448,134,0,0,0,0,0,0,70,0,0,0
2.409224,0,2271,329526,133,0,0,0,0,0,0,70,0,0,0
2.410909,0,2298,330806,134,0,0,0,0,0,0,70,0,0,0
2.412596,0,2315,330821,135,0,0,0,0,0,0,70,0,0,0
2.414296,0,2255,365140,134,0,0,0,0,0,0,72,0,0,0
2.416037,0,2502,331299,134,0,0,0,0,0,0,71,0,0,0
2.417724,0,2146,331390,135,0,0,0,0,0,0,70,0,0,0
2.419409,0,2239,297114,134,0,0,0,0,0,0,72,0,0,0
2.420999,0,2274,325080,134,0,0,0,0,0,0,70,0,0,0
2.422703,0,2264,332660,135,0,0,0,0,0,0,71,0,0,0
2.424276,0,2485,324215,134,0,0,0,0,0,0,72,0,0,0
2.425836,0,2270,325173,134,0,0,0,0,0,0,72,0,0,0
2.427353,0,2287,326096,134,0,0,0,0,0,0,69,0,0,0
2.428871,0,2294,324920,134,0,0,0,0,0,0,69,0,0,0
2.430427,0,2306,324814,134,0,0,0,0,0,0,70,0,0,0
2.431942,0,2296,323906,134,0,0,0,0,0,0,72,0,0,0
2.433594,0,2286,330490,134,0,0,0,0,0,0,70,0,0,0
2.435294,0,2306,334644,134,0,0,0,0,0,0,72,0,0,0
2.436986,0,2293,330716,134,0,0,0,0,0,0,70,0,0,0
2.438721,0,2304,331599,134,0,0,0,0,0,0,70,0,0,0
2.440409,0,2530,331825,134,0,0,0,0,0,0,71,0,0,0
2.442096,0,2315,329886,135,0,0,0,0,0,0,69,0,0,0
2.443784,0,2287,331365,134,0,0,0,0,0,0,70,0,0,0
2.445485,0,2304,331359,134,0,0,0,0,0,0,71,0,0,0
2.447220,0,2286,333575,134,0,0,0,0,0,0,70,0,0,0
2.448910,0,2533,329855,134,0,0,0,0,0,0,69,0,0,0
2.450595,0,2307,331051,134,0,0,0,0,0,0,69,0,0,0
2.452284,0,2540,331013,134,0,0,0,0,0,0,71,0,0,0
2.453973,0,2601,330308,135,0,0,0,0,0,0,70,0,0,0
2.455720,0,2315,328050,135,0,0,0,0,0,0,69,0,0,0
2.457398,0,2553,327017,134,0,0,0,0,0,0,70,0,0,0
2.459075,0,2556,327035,134,0,0,0,0,0,0,71,0,0,0
2.460915,0,2302,434386,134,0,0,0,0,0,0,72,0,0,0
2.462650,0,2283,330716,134,0,0,0,0,0,0,72,0,0,0
2.464337,0,2291,330700,133,0,0,0,0,0,0,72,0,0,0
2.465904,0,2314,325045,134,0,0,0,0,0,0,70,0,0,0
2.467428,0,2285,325470,134,0,0,0,0,0,0,70,0,0,0
2.468946,0,2279,323815,134,0,0,0,0,0,0,72,0,0,0
2.470509,0,2326,325004,134,0,0,0,0,0,0,71,0,0,0
2.472027,0,2295,324680,134,0,0,0,0,0,0,70,0,0,0
2.473542,0,2282,324092,134,0,0,0,0,0,0,71,0,0,0
2.475192,0,2311,333893,134,0,0,0,0,0,0,71,0,0,0
2.476765,0,2271,310016,125,0,0,0,0,0,0,70,0,0,0
2.478470,0,2125,310531,126,0,0,0,0,0,0,68,0,0,0
2.480159,0,2098,304203,126,0,0,0,0,0,0,69,0,0,0
2.481847,0,2126,304176,126,0,0,0,0,0,0,68,0,0,0
2.483536,0,2112,304481,125,0,0,0,0,0,0,69,0,0,0
2.485224,0,1927,304034,125,0,0,0,0,0,0,69,0,0,0
2.486980,0,2098,304125,125,0,0,0,0,0,0,68,0,0,0
2.488772,0,2361,303723,126,0,0,0,0,0,0,69,0,0,0
2.490457,0,2118,303346,126,0,0,0,0,0,0,70,0,0,0
2.492146,0,2112,301457,126,0,0,0,0,0,0,68,0,0,0
2.493824,0,1876,301489,126,0,0,0,0,0,0,67,0,0,0
2.495638,0,1889,303121,125,0,0,0,0,0,0,69,0,0,0
2.497198,0,2106,302215,126,0,0,0,0,0,0,70,0,0,0
2.498719,0,2289,298243,126,0,0,0,0,0,0,68,0,0,0
2.500237,0,2104,297333,126,0,0,0,0,0,0,68,0,0,0
2.501752,0,2094,297366,125,0,0,0,0,0,0,68,0,0,0
2.503313,0,2266,299623,126,0,0,0,0,0,0,69,0,0,0
2.504829,0,2102,296344,125,0,0,0,0,0,0,70,0,0,0
2.506478,0,2180,303618,126,0,0,0,0,0,0,69,0,0,0
2.508179,0,2083,303248,126,0,0,0,0,0,0,69,0,0,0
2.509865,0,2105,302931,125,0,0,0,0,0,0,69,0,0,0
2.511556,0,2269,304118,126,0,0,0,0,0,0,68,0,0,0
2.513243,0,2279,301572,125,0,0,0,0,0,0,69,0,0,0
2.514926,0,2116,303106,126,0,0,0,0,0,0,68,0,0,0
2.516611,0,2100,304043,126,0,0,0,0,0,0,68,0,0,0
2.518311,0,2166,333826,125,0,0,0,0,0,0,70,0,0,0
2.520048,0,2107,302794,125,0,0,0,0,0,0,68,0,0,0
2.521734,0,2083,303605,126,0,0,0,0,0,0,69,0,0,0
2.523511,0,2093,272497,125,0,0,0,0,0,0,69,0,0,0
2.525008,0,2080,297521,126,0,0,0,0,0,0,70,0,0,0
2.526711,0,2078,303345,125,0,0,0,0,0,0,69,0,0,0
2.528279,0,2091,297116,125,0,0,0,0,0,0,69,0,0,0
2.529935,0,2122,303370,126,0,0,0,0,0,0,70,0,0,0
2.531622,0,2096,303975,125,0,0,0,0,0,0,69,0,0,0
2.533309,0,2125,302973,125,0,0,0,0,0,0,70,0,0,0
2.535041,0,2065,303292,126,0,0,0,0,0,0,68,0,0,0
2.536828,0,2107,362085,126,0,0,0,0,0,0,70,0,0,0
2.538524,0,2092,303723,122,0,0,0,0,0,0,68,0,0,0
2.540210,0,2109,303011,125,0,0,0,0,0,0,69,0,0,0
2.541897,0,2098,301157,126,0,0,0,0,0,0,69,0,0,0
2.543561,0,2106,303531,125,0,0,0,0,0,0,68,0,0,0
2.545247,0,2099,303548,126,0,0,0,0,0,0,70,0,0,0
2.546931,0,2165,302727,126,0,0,0,0,0,0,70,0,0,0
2.548494,0,2101,301032,125,0,0,0,0,0,0,70,0,0,0
2.550149,0,2112,334304,126,0,0,0,0,0,0,69,0,0,0
2.551885,0,2112,302843,126,0,0,0,0,0,0,68,0,0,0
2.553570,0,2114,303810,126,0,0,0,0,0,0,68,0,0,0
2.555254,0,2097,329343,126,0,0,0,0,0,0,69,0,0,0
2.557462,0,2104,313068,125,0,0,0,0,0,0,70,0,0,0
2.559088,0,2118,299540,125,0,0,0,0,0,0,69,0,0,0
2.560675,0,2077,330205,126,0,0,0,0,0,0,68,0,0,0
2.562186,0,2050,295927,125,0,0,0,0,0,0,69,0,0,0
2.563786,0,2106,293654,126,0,0,0,0,0,0,68,0,0,0
2.565303,0,2102,297004,125,0,0,0,0,0,0,68,0,0,0
2.566897,0,2159,297979,126,0,0,0,0,0,0,70,0,0,0
2.568415,0,2122,297432,125,0,0,0,0,0,0,70,0,0,0
2.569941,0,2068,297935,125,0,0,0,0,0,0,70,0,0,0
2.571458,0,2118,298161,125,0,0,0,0,0,0,69,0,0,0
2.572972,0,2104,296999,126,0,0,0,0,0,0,70,0,0,0
2.574671,0,2368,303642,125,0,0,0,0,0,0,68,0,0,0
2.576358,0,2360,304005,125,0,0,0,0,0,0,69,0,0,0
2.578044,0,2106,303793,126,0,0,0,0,0,0,70,0,0,0
2.579734,0,2336,302816,125,0,0,0,0,0,0,70,0,0,0
2.581433,0,2114,304258,125,0,0,0,0,0,0,70,0,0,0
2.583165,0,2105,306883,126,0,0,0,0,0,0,69,0,0,0
2.584856,0,2102,302648,126,0,0,0,0,0,0,69,0,0,0
2.586540,0,2106,304367,126,0,0,0,0,0,0,69,0,0,0
2.588230,0,2295,304429,125,0,0,0,0,0,0,69,0,0,0
2.589916,0,2096,303250,125,0,0,0,0,0,0,68,0,0,0
2.591662,0,2054,304376,126,0,0,0,0,0,0,69,0,0,0
2.593349,0,2105,303288,125,0,0,0,0,0,0,69,0,0,0
2.595034,0,2112,303239,126,0,0,0,0,0,0,70,0,0,0
2.596822,0,2108,363563,126,0,0,0,0,0,0,69,0,0,0
2.598555,0,2275,303526,125,0,0,0,0,0,0,68,0,0,0
2.600242,0,2102,303830,125,0,0,0,0,0,0,68,0,0,0
2.601943,0,2125,303963,125,0,0,0,0,0,0,68,0,0,0
2.603631,0,2089,304248,125,0,0,0,0,0,0,70,0,0,0
2.605321,0,2099,302886,125,0,0,0,0,0,0,68,0,0,0
2.607053,0,2115,304771,125,0,0,0,0,0,0,68,0,0,0
2.608709,0,2078,357241,126,0,0,0,0,0,0,68,0,0,0
2.610364,0,2093,303013,125,0,0,0,0,0,0,67,0,0,0
2.612064,0,2273,304171,126,0,0,0,0,0,0,68,0,0,0
2.613751,0,2143,304470,125,0,0,0,0,0,0,68,0,0,0
2.615442,0,2125,305276,125,0,0,0,0,0,0,70,0,0,0
2.617131,0,2272,303943,125,0,0,0,0,0,0,70,0,0,0
2.618815,0,2173,303680,126,0,0,0,0,0,0,69,0,0,0
2.620503,0,2124,303418,125,0,0,0,0,0,0,70,0,0,0
2.622064,0,2109,296017,125,0,0,0,0,0,0,69,0,0,0
2.623609,0,2077,300449,125,0,0,0,0,0,0,69,0,0,0
2.625133,0,2283,297888,125,0,0,0,0,0,0,70,0,0,0
2.626649,0,2114,298080,125,0,0,0,0,0,0,68,0,0,0
2.628166,0,2111,297615,125,0,0,0,0,0,0,70,0,0,0
2.629680,0,2096,297028,125,0,0,0,0,0,0,70,0,0,0
2.631329,0,1841,305837,125,0,0,0,0,0,0,68,0,0,0
2.633031,0,1973,306617,125,0,0,0,0,0,0,70,0,0,0
2.634716,0,1959,304050,126,0,0,0,0,0,0,68,0,0,0
2.636405,0,2110,305377,126,0,0,0,0,0,0,68,0,0,0
2.638091,0,2062,333375,125,0,0,0,0,0,0,69,0,0,0
2.639826,0,2108,304488,126,0,0,0,0,0,0,70,0,0,0
2.641514,0,2115,304292,126,0,0,0,0,0,0,67,0,0,0
2.643213,0,2125,305850,125,0,0,0,0,0,0,68,0,0,0
2.644904,0,2096,303203,125,0,0,0,0,0,0,68,0,0,0
2.646637,0,2151,306292,125,0,0,0,0,0,0,67,0,0,0
2.648323,0,1879,304928,125,0,0,0,0,0,0,69,0,0,0
2.650008,0,2125,305434,126,0,0,0,0,0,0,69,0,0,0
2.651653,0,1928,280834,125,0,0,0,0,0,0,68,0,0,0
2.653343,0,1576,296827,126,0,0,0,0,0,0,70,0,0,0
2.654991,0,1454,271677,126,0,0,0,0,0,0,67,0,0,0
2.656468,0,1570,267074,119,0,0,0,0,0,0,69,0,0,0
2.657990,0,2091,273073,117,0,0,0,0,0,0,69,0,0,0
2.659509,0,2283,299523,126,0,0,0,0,0,0,70,0,0,0
2.661026,0,2099,297773,126,0,0,0,0,0,0,69,0,0,0
2.662582,0,2027,301350,125,0,0,0,0,0,0,69,0,0,0
2.664106,0,2037,297476,125,0,0,0,0,0,0,69,0,0,0
2.665613,0,2036,296569,125,0,0,0,0,0,0,68,0,0,0
2.667253,0,2106,308321,126,0,0,0,0,0,0,67,0,0,0
2.668959,0,2112,305982,125,0,0,0,0,0,0,69,0,0,0
2.670557,0,2114,297361,126,0,0,0,0,0,0,69,0,0,0
2.672214,0,2101,304037,126,0,0,0,0,0,0,69,0,0,0
2.673899,0,2093,302317,125,0,0,0,0,0,0,68,0,0,0
2.675467,0,1813,281046,110,0,0,0,0,0,0,65,0,0,0
2.677126,0,1836,261466,109,0,0,0,0,0,0,65,0,0,0
2.678857,0,1819,262257,109,0,0,0,0,0,0,66,0,0,0
2.680542,0,1820,262527,109,0,0,0,0,0,0,64,0,0,0
2.682228,0,1830,262723,109,0,0,0,0,0,0,66,0,0,0
2.683915,0,1807,262435,110,0,0,0,0,0,0,67,0,0,0
2.685615,0,1814,262102,109,0,0,0,0,0,0,66,0,0,0
2.687299,0,2018,264614,110,0,0,0,0,0,0,65,0,0,0
2.688990,0,2016,261659,110,0,0,0,0,0,0,66,0,0,0
2.690675,0,1814,262153,110,0,0,0,0,0,0,64,0,0,0
2.692361,0,1816,262616,110,0,0,0,0,0,0,66,0,0,0
2.694047,0,1816,262372,110,0,0,0,0,0,0,66,0,0,0
2.695792,0,1816,262288,109,0,0,0,0,0,0,66,0,0,0
2.697478,0,1816,261246,110,0,0,0,0,0,0,65,0,0,0
2.699161,0,1823,264557,110,0,0,0,0,0,0,64,0,0,0
2.700851,0,1822,262848,110,0,0,0,0,0,0,65,0,0,0
2.702583,0,1825,263908,109,0,0,0,0,0,0,65,0,0,0
2.704271,0,1816,262691,109,0,0,0,0,0,0,66,0,0,0
2.705843,0,2394,271077,110,0,0,0,0,0,0,66,0,0,0
2.707681,0,2783,313207,131,0,0,0,0,0,0,65,0,0,0
2.709512,0,2382,313400,131,0,0,0,0,0,0,65,0,0,0
2.711344,0,2398,316880,130,0,0,0,0,0,0,67,0,0,0
2.713181,0,2393,314344,130,0,0,0,0,0,0,65,0,0,0
2.715011,0,2409,313460,131,0,0,0,0,0,0,65,0,0,0
2.716830,0,2428,378813,131,0,0,0,0,0,0,66,0,0,0
2.718542,0,2421,309354,131,0,0,0,0,0,0,67,0,0,0
2.720190,0,2371,309791,131,0,0,0,0,0,0,67,0,0,0
2.721835,0,2425,307978,130,0,0,0,0,0,0,65,0,0,0
2.723481,0,2390,308824,131,0,0,0,0,0,0,67,0,0,0
2.725124,0,2405,308398,131,0,0,0,0,0,0,65,0,0,0
2.726978,0,2368,313642,131,0,0,0,0,0,0,67,0,0,0
2.728944,0,2421,381502,131,0,0,0,0,0,0,66,0,0,0
2.730775,0,2414,313323,131,0,0,0,0,0,0,66,0,0,0
2.732606,0,2347,314293,131,0,0,0,0,0,0,66,0,0,0
2.734499,0,2418,314537,131,0,0,0,0,0,0,64,0,0,0
2.736331,0,2335,314122,131,0,0,0,0,0,0,66,0,0,0
2.738163,0,2424,313206,131,0,0,0,0,0,0,66,0,0,0
2.739864,0,2389,309104,130,0,0,0,0,0,0,67,0,0,0
2.741513,0,2420,309400,130,0,0,0,0,0,0,66,0,0,0
2.743185,0,2420,322520,131,0,0,0,0,0,0,66,0,0,0
2.744840,0,6514,308429,130,0,0,0,0,0,0,66,0,0,0
2.746485,0,2424,308983,131,0,0,0,0,0,0,67,0,0,0
2.748131,0,2353,307151,131,0,0,0,0,0,0,64,0,0,0
2.749770,0,2348,307230,131,0,0,0,0,0,0,67,0,0,0
2.751514,0,2241,310247,131,0,0,0,0,0,0,66,0,0,0
2.753170,0,2396,314297,131,0,0,0,0,0,0,66,0,0,0
2.754815,0,6512,310502,131,0,0,0,0,0,0,66,0,0,0
2.756463,0,2428,309699,130,0,0,0,0,0,0,66,0,0,0
2.758108,0,2396,338014,131,0,0,0,0,0,0,65,0,0,0
2.759810,0,2428,310249,131,0,0,0,0,0,0,64,0,0,0
2.761477,0,2471,311981,131,0,0,0,0,0,0,66,0,0,0
2.763122,0,2474,362977,131,0,0,0,0,0,0,67,0,0,0
2.764894,0,2469,321890,131,0,0,0,0,0,0,67,0,0,0
2.766592,0,2486,309207,131,0,0,0,0,0,0,66,0,0,0
2.768240,0,2475,306205,131,0,0,0,0,0,0,66,0,0,0
2.769878,0,2502,307532,131,0,0,0,0,0,0,66,0,0,0
2.771561,0,2493,309478,131,0,0,0,0,0,0,66,0,0,0
2.773204,0,2451,308742,131,0,0,0,0,0,0,65,0,0,0
2.774902,0,6550,309417,131,0,0,0,0,0,0,65,0,0,0
2.776602,0,2628,309530,130,0,0,0,0,0,0,66,0,0,0
2.778247,0,2484,308468,131,0,0,0,0,0,0,65,0,0,0
2.779892,0,2475,351445,131,0,0,0,0,0,0,66,0,0,0
2.781627,0,2469,309408,130,0,0,0,0,0,0,65,0,0,0
2.783326,0,2467,310288,131,0,0,0,0,0,0,65,0,0,0
2.784972,0,2553,308772,131,0,0,0,0,0,0,67,0,0,0
2.786615,0,2450,308764,131,0,0,0,0,0,0,64,0,0,0
2.788260,0,2454,308278,131,0,0,0,0,0,0,65,0,0,0
2.789904,0,2438,308617,131,0,0,0,0,0,0,64,0,0,0
2.791703,0,2480,314384,131,0,0,0,0,0,0,65,0,0,0
2.793552,0,2554,313490,130,0,0,0,0,0,0,65,0,0,0
2.795384,0,2458,350541,130,0,0,0,0,0,0,65,0,0,0
2.797286,0,2471,314247,131,0,0,0,0,0,0,66,0,0,0
2.799180,0,2482,315741,130,0,0,0,0,0,0,65,0,0,0
2.801017,0,2488,314467,130,0,0,0,0,0,0,66,0,0,0
2.802848,0,2479,314043,131,0,0,0,0,0,0,65,0,0,0
2.804651,0,2501,309319,130,0,0,0,0,0,0,65,0,0,0
2.806302,0,2481,341459,131,0,0,0,0,0,0,65,0,0,0
2.808012,0,2589,309195,131,0,0,0,0,0,0,65,0,0,0
2.809659,0,2635,308321,131,0,0,0,0,0,0,66,0,0,0
2.811303,0,2441,309873,131,0,0,0,0,0,0,66,0,0,0
2.812947,0,2602,306677,131,0,0,0,0,0,0,66,0,0,0
2.814794,0,2525,312003,130,0,0,0,0,0,0,67,0,0,0
2.816490,0,2474,309263,130,0,0,0,0,0,0,66,0,0,0
2.818291,0,2478,313241,130,0,0,0,0,0,0,66,0,0,0
2.820124,0,2308,312395,130,0,0,0,0,0,0,66,0,0,0
2.821954,0,6569,314468,131,0,0,0,0,0,0,66,0,0,0
2.823788,0,2480,313685,131,0,0,0,0,0,0,65,0,0,0
2.825619,0,2470,313852,131,0,0,0,0,0,0,64,0,0,0
2.827467,0,2483,313376,130,0,0,0,0,0,0,67,0,0,0
2.829301,0,2462,314100,131,0,0,0,0,0,0,66,0,0,0
2.831192,0,2459,315136,130,0,0,0,0,0,0,65,0,0,0
2.833026,0,2540,313907,131,0,0,0,0,0,0,67,0,0,0
2.834854,0,2478,289341,131,0,0,0,0,0,0,67,0,0,0
2.836692,0,2476,338371,131,0,0,0,0,0,0,65,0,0,0
2.838415,0,2484,309637,131,0,0,0,0,0,0,65,0,0,0
2.840065,0,2463,309176,131,0,0,0,0,0,0,65,0,0,0
2.841712,0,2824,308484,131,0,0,0,0,0,0,66,0,0,0
2.843356,0,2481,310107,130,0,0,0,0,0,0,66,0,0,0
2.845003,0,2485,309045,130,0,0,0,0,0,0,65,0,0,0
2.846702,0,2474,309488,130,0,0,0,0,0,0,67,0,0,0
2.848503,0,1770,279089,131,0,0,0,0,0,0,62,0,0,0
2.850019,0,1713,218069,93,0,0,0,0,0,0,63,0,0,0
2.851538,0,1705,217708,93,0,0,0,0,0,0,63,0,0,0
2.853054,0,1691,216856,93,0,0,0,0,0,0,61,0,0,0
2.854610,0,1721,217955,93,0,0,0,0,0,0,62,0,0,0
2.856165,0,1716,216996,93,0,0,0,0,0,0,63,0,0,0
2.857680,0,1731,216628,95,0,0,0,0,0,0,63,0,0,0
2.859204,0,1769,218108,93,0,0,0,0,0,0,63,0,0,0
2.860721,0,1687,218710,93,0,0,0,0,0,0,62,0,0,0
2.862237,0,1727,235257,93,0,0,0,0,0,0,63,0,0,0
2.863794,0,1730,217059,95,0,0,0,0,0,0,62,0,0,0
2.865309,0,1728,217186,93,0,0,0,0,0,0,62,0,0,0
2.866824,0,1713,217584,95,0,0,0,0,0,0,63,0,0,0
2.868477,0,1726,221894,93,0,0,0,0,0,0,62,0,0,0
2.870053,0,2239,227374,95,0,0,0,0,0,0,63,0,0,0
2.871859,0,2243,263196,111,0,0,0,0,0,0,62,0,0,0
2.873684,0,2242,263285,111,0,0,0,0,0,0,63,0,0,0
2.875657,0,2021,264364,113,0,0,0,0,0,0,63,0,0,0
2.877334,0,2096,260566,111,0,0,0,0,0,0,63,0,0,0
2.879045,0,2244,260064,113,0,0,0,0,0,0,63,0,0,0
2.880804,0,2212,294144,111,0,0,0,0,0,0,63,0,0,0
2.882447,0,2249,260615,111,0,0,0,0,0,0,62,0,0,0
2.884093,0,2145,260848,113,0,0,0,0,0,0,62,0,0,0
2.885749,0,2089,250794,113,0,0,0,0,0,0,62,0,0,0
2.887435,0,2221,264483,111,0,0,0,0,0,0,63,0,0,0
2.889101,0,2323,329064,111,0,0,0,0,0,0,63,0,0,0
2.890903,0,2216,261151,113,0,0,0,0,0,0,63,0,0,0
2.892648,0,2066,260261,111,0,0,0,0,0,0,63,0,0,0
2.894291,0,2069,285596,111,0,0,0,0,0,0,63,0,0,0
2.895991,0,2070,260254,111,0,0,0,0,0,0,63,0,0,0
2.897634,0,2028,260730,111,0,0,0,0,0,0,62,0,0,0
2.899583,0,1891,279569,111,0,0,0,0,0,0,62,0,0,0
2.901345,0,2012,275455,111,0,0,0,0,0,0,62,0,0,0
2.903105,0,1897,289925,111,0,0,0,0,0,0,63,0,0,0
2.904835,0,2065,267586,111,0,0,0,0,0,0,62,0,0,0
2.906479,0,2097,260653,111,0,0,0,0,0,0,61,0,0,0
2.908124,0,2139,261139,111,0,0,0,0,0,0,62,0,0,0
2.909767,0,2250,260396,113,0,0,0,0,0,0,62,0,0,0
2.911427,0,2068,265727,113,0,0,0,0,0,0,63,0,0,0
2.913082,0,2068,259150,111,0,0,0,0,0,0,62,0,0,0
2.914777,0,2213,269950,113,0,0,0,0,0,0,62,0,0,0
2.918848,0,1862,293349,111,0,0,0,0,0,0,63,0,0,0
2.920736,0,2234,348276,113,0,0,0,0,0,0,62,0,0,0
2.922490,0,2306,274664,111,0,0,0,0,0,0,63,0,0,0
2.924094,0,2158,260672,111,0,0,0,0,0,0,64,0,0,0
2.925691,0,2156,258981,111,0,0,0,0,0,0,62,0,0,0
2.927287,0,1979,263174,113,0,0,0,0,0,0,63,0,0,0
2.928890,0,1975,260315,111,0,0,0,0,0,0,62,0,0,0
2.930518,0,2102,264859,113,0,0,0,0,0,0,63,0,0,0
2.932125,0,2016,283089,113,0,0,0,0,0,0,62,0,0,0
2.933865,0,2158,277736,113,0,0,0,0,0,0,63,0,0,0
2.935516,0,2124,273433,112,0,0,0,0,0,0,63,0,0,0
2.937119,0,2138,260296,111,0,0,0,0,0,0,62,0,0,0
2.938716,0,2126,257229,111,0,0,0,0,0,0,63,0,0,0
2.940428,0,1982,288454,113,0,0,0,0,0,0,62,0,0,0
2.942236,0,1952,298933,111,0,0,0,0,0,0,63,0,0,0
2.944094,0,2012,276909,111,0,0,0,0,0,0,62,0,0,0
2.945811,0,1988,269137,113,0,0,0,0,0,0,62,0,0,0
2.947644,0,2099,318520,113,0,0,0,0,0,0,62,0,0,0
2.949400,0,1944,259799,113,0,0,0,0,0,0,62,0,0,0
2.951076,0,2289,259451,113,0,0,0,0,0,0,62,0,0,0
2.952803,0,2130,314084,113,0,0,0,0,0,0,62,0,0,0
2.954427,0,2256,259228,112,0,0,0,0,0,0,64,0,0,0
2.956023,0,2270,260094,111,0,0,0,0,0,0,61,0,0,0
2.957618,0,2122,259766,113,0,0,0,0,0,0,62,0,0,0
2.959288,0,2121,256115,111,0,0,0,0,0,0,62,0,0,0
2.960873,0,2478,258126,113,0,0,0,0,0,0,62,0,0,0
2.962439,0,2126,252471,111,0,0,0,0,0,0,63,0,0,0
2.964007,0,1944,252619,111,0,0,0,0,0,0,62,0,0,0
2.965585,0,2119,252292,113,0,0,0,0,0,0,62,0,0,0
2.967209,0,2312,259429,113,0,0,0,0,0,0,63,0,0,0
2.968808,0,2137,260215,113,0,0,0,0,0,0,63,0,0,0
2.970403,0,2489,259954,111,0,0,0,0,0,0,62,0,0,0
2.972001,0,2128,259796,111,0,0,0,0,0,0,63,0,0,0
2.973597,0,2134,259300,111,0,0,0,0,0,0,63,0,0,0
2.975365,0,2124,316081,111,0,0,0,0,0,0,63,0,0,0
2.977174,0,2109,262003,111,0,0,0,0,0,0,62,0,0,0
2.978821,0,2303,258489,113,0,0,0,0,0,0,63,0,0,0
2.980464,0,2147,259707,113,0,0,0,0,0,0,62,0,0,0
2.982106,0,2125,286766,111,0,0,0,0,0,0,63,0,0,0
2.983811,0,2126,259843,111,0,0,0,0,0,0,62,0,0,0
2.985452,0,2305,259645,111,0,0,0,0,0,0,62,0,0,0
2.987245,0,2438,296211,111,0,0,0,0,0,0,63,0,0,0
2.989023,0,2346,263588,111,0,0,0,0,0,0,63,0,0,0
2.990731,0,2079,259949,113,0,0,0,0,0,0,63,0,0,0
2.992378,0,2129,260372,111,0,0,0,0,0,0,62,0,0,0
2.994025,0,2139,259931,113,0,0,0,0,0,0,62,0,0,0
2.995671,0,2139,260416,113,0,0,0,0,0,0,63,0,0,0
2.997316,0,2143,259895,111,0,0,0,0,0,0,62,0,0,0
2.999171,0,2135,267226,112,0,0,0,0,0,0,63,0,0,0
3.000919,0,2134,260820,113,0,0,0,0,0,0,62,0,0,0
3.002570,0,2123,260593,111,0,0,0,0,0,0,62,0,0,0
3.004219,0,2352,258295,113,0,0,0,0,0,0,63,0,0,0
3.006181,0,1906,310659,113,0,0,0,0,0,0,63,0,0,0
3.008049,0,1251,321365,111,0,0,0,0,0,0,63,0,0,0
3.009679,0,1486,225506,111,0,0,0,0,0,0,62,0,0,0
3.011223,0,1447,188873,100,0,0,0,0,0,0,61,0,0,0
3.012700,0,1619,176316,84,0,0,0,0,0,0,60,0,0,0
3.014145,0,1578,185518,84,0,0,0,0,0,0,60,0,0,0
3.015674,0,1737,190836,84,0,0,0,0,0,0,60,0,0,0
3.017193,0,1453,167281,85,0,0,0,0,0,0,61,0,0,0
3.018650,0,1451,173073,84,0,0,0,0,0,0,60,0,0,0
3.020116,0,1308,211261,85,0,0,0,0,0,0,60,0,0,0
3.021794,0,1787,215776,85,0,0,0,0,0,0,60,0,0,0
3.023326,0,1358,188281,85,0,0,0,0,0,0,61,0,0,0
3.024816,0,1528,189363,83,0,0,0,0,0,0,60,0,0,0
3.026326,0,1629,195358,84,0,0,0,0,0,0,60,0,0,0
3.027838,0,1677,186870,84,0,0,0,0,0,0,61,0,0,0
3.029355,0,1627,193334,84,0,0,0,0,0,0,61,0,0,0
3.030912,0,1659,187032,85,0,0,0,0,0,0,61,0,0,0
3.032450,0,2069,204703,85,0,0,0,0,0,0,61,0,0,0
3.034246,0,2098,239584,100,0,0,0,0,0,0,60,0,0,0
3.036090,0,1677,243745,100,0,0,0,0,0,0,61,0,0,0
3.037785,0,1910,235326,100,0,0,0,0,0,0,60,0,0,0
3.039626,0,2073,236150,98,0,0,0,0,0,0,61,0,0,0
3.041277,0,2082,235578,100,0,0,0,0,0,0,60,0,0,0
3.042937,0,2099,235138,100,0,0,0,0,0,0,61,0,0,0
3.044647,0,2094,257399,100,0,0,0,0,0,0,61,0,0,0
3.046291,0,2105,257453,100,0,0,0,0,0,0,60,0,0,0
3.047996,0,2092,235422,100,0,0,0,0,0,0,60,0,0,0
3.049642,0,2061,235368,100,0,0,0,0,0,0,61,0,0,0
3.051286,0,1914,236344,100,0,0,0,0,0,0,60,0,0,0
3.052944,0,2040,229726,100,0,0,0,0,0,0,61,0,0,0
3.054643,0,1997,228842,99,0,0,0,0,0,0,61,0,0,0
3.056290,0,2044,235337,99,0,0,0,0,0,0,61,0,0,0
3.057935,0,2097,235039,100,0,0,0,0,0,0,61,0,0,0
3.059582,0,2055,235037,100,0,0,0,0,0,0,60,0,0,0
3.061226,0,2059,234232,100,0,0,0,0,0,0,60,0,0,0
3.063079,0,1909,278013,100,0,0,0,0,0,0,61,0,0,0
3.064910,0,2084,252156,100,0,0,0,0,0,0,61,0,0,0
3.066713,0,1905,233424,100,0,0,0,0,0,0,61,0,0,0
3.068547,0,2100,239096,100,0,0,0,0,0,0,61,0,0,0
3.070442,0,2098,239344,100,0,0,0,0,0,0,61,0,0,0
3.072275,0,2084,239030,100,0,0,0,0,0,0,61,0,0,0
3.074110,0,2089,233191,100,0,0,0,0,0,0,60,0,0,0
3.075816,0,2090,229640,100,0,0,0,0,0,0,61,0,0,0
3.077470,0,2056,235453,100,0,0,0,0,0,0,60,0,0,0
3.079179,0,2072,236252,100,0,0,0,0,0,0,60,0,0,0
3.080828,0,2065,234062,100,0,0,0,0,0,0,61,0,0,0
3.082468,0,2115,233321,100,0,0,0,0,0,0,61,0,0,0
3.084108,0,2100,234162,100,0,0,0,0,0,0,60,0,0,0
3.085901,0,2102,238368,100,0,0,0,0,0,0,60,0,0,0
3.087657,0,2131,227058,100,0,0,0,0,0,0,60,0,0,0
3.089309,0,2163,234737,100,0,0,0,0,0,0,60,0,0,0
3.090954,0,1989,234520,100,0,0,0,0,0,0,61,0,0,0
3.092713,0,2133,274505,100,0,0,0,0,0,0,61,0,0,0
3.094413,0,2230,234121,100,0,0,0,0,0,0,60,0,0,0
3.096060,0,2117,234511,100,0,0,0,0,0,0,60,0,0,0
3.097716,0,2152,234427,100,0,0,0,0,0,0,60,0,0,0
3.099360,0,2125,235247,99,0,0,0,0,0,0,61,0,0,0
3.101006,0,2160,235840,100,0,0,0,0,0,0,60,0,0,0
3.102703,0,2123,228620,100,0,0,0,0,0,0,60,0,0,0
3.104348,0,2159,233453,100,0,0,0,0,0,0,61,0,0,0
3.105988,0,2141,234318,100,0,0,0,0,0,0,61,0,0,0
3.107785,0,1959,238617,100,0,0,0,0,0,0,60,0,0,0
3.109485,0,2170,234149,100,0,0,0,0,0,0,61,0,0,0
3.111346,0,2149,239664,100,0,0,0,0,0,0,60,0,0,0
3.113184,0,2137,237887,100,0,0,0,0,0,0,61,0,0,0
3.115015,0,1992,238551,100,0,0,0,0,0,0,61,0,0,0
3.116835,0,2190,286128,100,0,0,0,0,0,0,60,0,0,0
3.118545,0,1908,234487,100,0,0,0,0,0,0,61,0,0,0
3.120205,0,1727,237500,100,0,0,0,0,0,0,60,0,0,0
3.121849,0,1735,226157,100,0,0,0,0,0,0,61,0,0,0
3.123494,0,1701,236789,100,0,0,0,0,0,0,61,0,0,0
3.125138,0,2128,233966,100,0,0,0,0,0,0,61,0,0,0
3.126835,0,2155,227737,100,0,0,0,0,0,0,60,0,0,0
3.128477,0,1928,235528,99,0,0,0,0,0,0,60,0,0,0
3.130269,0,1891,232130,100,0,0,0,0,0,0,61,0,0,0
3.131970,0,2154,228130,100,0,0,0,0,0,0,61,0,0,0
3.133691,0,1721,231204,100,0,0,0,0,0,0,60,0,0,0
3.135504,0,1743,216575,100,0,0,0,0,0,0,60,0,0,0
3.137123,0,1905,234225,100,0,0,0,0,0,0,61,0,0,0
3.138766,0,1708,233918,100,0,0,0,0,0,0,61,0,0,0
3.140401,0,2058,230991,100,0,0,0,0,0,0,61,0,0,0
3.142057,0,2146,251899,100,0,0,0,0,0,0,59,0,0,0
3.143793,0,1924,229375,100,0,0,0,0,0,0,61,0,0,0
3.145463,0,1955,228852,100,0,0,0,0,0,0,60,0,0,0
3.147108,0,2070,254533,100,0,0,0,0,0,0,61,0,0,0
3.148833,0,2100,242090,100,0,0,0,0,0,0,60,0,0,0
3.150533,0,2149,234564,100,0,0,0,0,0,0,60,0,0,0
3.152193,0,2111,234493,100,0,0,0,0,0,0,60,0,0,0
3.153839,0,1986,234843,100,0,0,0,0,0,0,60,0,0,0
3.155485,0,2153,234825,100,0,0,0,0,0,0,61,0,0,0
3.157129,0,2117,228564,99,0,0,0,0,0,0,61,0,0,0
3.158828,0,2158,234866,100,0,0,0,0,0,0,60,0,0,0
3.160473,0,2116,228133,100,0,0,0,0,0,0,61,0,0,0
3.162267,0,2161,238065,100,0,0,0,0,0,0,60,0,0,0
3.164117,0,2164,236719,100,0,0,0,0,0,0,60,0,0,0
3.165942,0,2137,236639,100,0,0,0,0,0,0,60,0,0,0
3.167595,0,2005,218525,100,0,0,0,0,0,0,60,0,0,0
3.169291,0,1985,235989,100,0,0,0,0,0,0,60,0,0,0
3.170938,0,2136,234126,100,0,0,0,0,0,0,61,0,0,0
3.172803,0,2021,274046,100,0,0,0,0,0,0,60,0,0,0
3.174579,0,1859,224665,49,0,0,0,0,0,0,58,0,0,0
3.176232,0,1914,204397,88,0,0,0,0,0,0,59,0,0,0
3.177879,0,1915,203209,88,0,0,0,0,0,0,58,0,0,0
3.179527,0,1922,203530,88,0,0,0,0,0,0,59,0,0,0
3.181173,0,1916,202674,89,0,0,0,0,0,0,59,0,0,0
3.182872,0,1909,203766,88,0,0,0,0,0,0,59,0,0,0
3.184604,0,1885,201950,88,0,0,0,0,0,0,59,0,0,0
3.186244,0,1917,201828,88,0,0,0,0,0,0,59,0,0,0
3.187883,0,1900,202731,88,0,0,0,0,0,0,58,0,0,0
3.189528,0,1933,197083,88,0,0,0,0,0,0,58,0,0,0
3.191227,0,1815,203859,88,0,0,0,0,0,0,59,0,0,0
3.192873,0,1910,202714,88,0,0,0,0,0,0,59,0,0,0
3.194667,0,1905,206272,88,0,0,0,0,0,0,59,0,0,0
3.196368,0,1943,201220,89,0,0,0,0,0,0,58,0,0,0
3.198020,0,1958,202578,88,0,0,0,0,0,0,59,0,0,0
3.199669,0,1951,196759,88,0,0,0,0,0,0,59,0,0,0
3.201315,0,1903,202736,89,0,0,0,0,0,0,59,0,0,0
3.202960,0,1936,201989,88,0,0,0,0,0,0,59,0,0,0
3.204724,0,1962,239775,88,0,0,0,0,0,0,59,0,0,0
3.206434,0,1970,202308,88,0,0,0,0,0,0,59,0,0,0
3.208081,0,1930,202367,88,0,0,0,0,0,0,59,0,0,0
3.209726,0,1947,202243,89,0,0,0,0,0,0,59,0,0,0
3.211370,0,1908,202452,88,0,0,0,0,0,0,58,0,0,0
3.213017,0,1954,202153,89,0,0,0,0,0,0,59,0,0,0
3.214714,0,1959,202125,88,0,0,0,0,0,0,60,0,0,0
3.216509,0,1871,205682,88,0,0,0,0,0,0,58,0,0,0
3.218210,0,1948,202184,88,0,0,0,0,0,0,58,0,0,0
3.219864,0,1956,202130,88,0,0,0,0,0,0,58,0,0,0
3.221510,0,1916,202862,88,0,0,0,0,0,0,59,0,0,0
3.223218,0,1928,203523,88,0,0,0,0,0,0,58,0,0,0
3.224866,0,1948,201785,89,0,0,0,0,0,0,59,0,0,0
3.226509,0,1939,196859,88,0,0,0,0,0,0,59,0,0,0
3.228305,0,1941,206348,88,0,0,0,0,0,0,59,0,0,0
3.230003,0,1556,197689,89,0,0,0,0,0,0,59,0,0,0
3.231647,0,1196,194661,88,0,0,0,0,0,0,59,0,0,0
3.233161,0,1588,168137,88,0,0,0,0,0,0,59,0,0,0
3.234674,0,1211,169152,88,0,0,0,0,0,0,58,0,0,0
3.236188,0,1205,169024,89,0,0,0,0,0,0,58,0,0,0
3.237701,0,1275,168671,88,0,0,0,0,0,0,59,0,0,0
3.239351,0,1259,173895,88,0,0,0,0,0,0,58,0,0,0
3.241055,0,1469,172027,88,0,0,0,0,0,0,58,0,0,0
3.242739,0,1277,172553,88,0,0,0,0,0,0,58,0,0,0
3.244424,0,1400,165512,89,0,0,0,0,0,0,58,0,0,0
3.245977,0,1405,162973,89,0,0,0,0,0,0,58,0,0,0
3.247928,0,1609,221659,88,0,0,0,0,0,0,58,0,0,0
3.249449,0,1477,167106,86,0,0,0,0,0,0,59,0,0,0
3.250970,0,1485,166899,89,0,0,0,0,0,0,58,0,0,0
3.252486,0,1201,169616,88,0,0,0,0,0,0,59,0,0,0
3.254004,0,1612,168156,88,0,0,0,0,0,0,59,0,0,0
3.255522,0,1238,169566,89,0,0,0,0,0,0,58,0,0,0
3.257173,0,1209,172597,89,0,0,0,0,0,0,59,0,0,0
3.258875,0,1556,175677,88,0,0,0,0,0,0,59,0,0,0
3.260676,0,1934,197839,89,0,0,0,0,0,0,59,0,0,0
3.262341,0,1569,202873,88,0,0,0,0,0,0,58,0,0,0
3.263983,0,1600,203245,88,0,0,0,0,0,0,58,0,0,0
3.265626,0,1521,204917,89,0,0,0,0,0,0,59,0,0,0
3.267281,0,1648,202999,89,0,0,0,0,0,0,58,0,0,0
3.268930,0,1951,202698,88,0,0,0,0,0,0,59,0,0,0
3.270640,0,1943,202677,89,0,0,0,0,0,0,59,0,0,0
3.272288,0,1945,202678,88,0,0,0,0,0,0,58,0,0,0
3.273945,0,1923,203051,88,0,0,0,0,0,0,59,0,0,0
3.275748,0,1747,209469,88,0,0,0,0,0,0,59,0,0,0
3.277628,0,1887,218953,89,0,0,0,0,0,0,58,0,0,0
3.279458,0,1938,206893,88,0,0,0,0,0,0,58,0,0,0
3.281293,0,1953,206155,88,0,0,0,0,0,0,59,0,0,0
3.283126,0,1941,207543,88,0,0,0,0,0,0,58,0,0,0
3.284833,0,1857,202688,88,0,0,0,0,0,0,58,0,0,0
3.286547,0,1961,202802,89,0,0,0,0,0,0,59,0,0,0
3.288198,0,1839,201669,88,0,0,0,0,0,0,59,0,0,0
3.289841,0,1839,201692,88,0,0,0,0,0,0,59,0,0,0
3.291628,0,1942,201655,88,0,0,0,0,0,0,59,0,0,0
3.293278,0,1952,196888,88,0,0,0,0,0,0,58,0,0,0
3.294991,0,1946,197410,88,0,0,0,0,0,0,59,0,0,0
3.296758,0,1926,235543,88,0,0,0,0,0,0,58,0,0,0
3.298403,0,1918,202454,88,0,0,0,0,0,0,59,0,0,0
3.300051,0,1939,203025,88,0,0,0,0,0,0,58,0,0,0
3.301697,0,1834,203464,88,0,0,0,0,0,0,59,0,0,0
3.303397,0,1940,211637,89,0,0,0,0,0,0,59,0,0,0
3.305081,0,1940,202464,88,0,0,0,0,0,0,60,0,0,0
3.306726,0,1964,202679,89,0,0,0,0,0,0,59,0,0,0
3.308373,0,1894,202863,89,0,0,0,0,0,0,59,0,0,0
3.310019,0,1899,202660,88,0,0,0,0,0,0,58,0,0,0
3.311666,0,1935,202326,88,0,0,0,0,0,0,59,0,0,0
3.313312,0,1949,202563,88,0,0,0,0,0,0,58,0,0,0
3.315107,0,1934,202258,88,0,0,0,0,0,0,58,0,0,0
3.316815,0,1944,203485,88,0,0,0,0,0,0,58,0,0,0
3.318530,0,1955,202311,88,0,0,0,0,0,0,59,0,0,0
3.320181,0,1987,202803,88,0,0,0,0,0,0,59,0,0,0
3.321829,0,1936,197118,89,0,0,0,0,0,0,58,0,0,0
3.323476,0,1840,201476,88,0,0,0,0,0,0,59,0,0,0
3.325116,0,2058,200435,88,0,0,0,0,0,0,59,0,0,0
3.326964,0,1874,205155,88,0,0,0,0,0,0,58,0,0,0
3.328833,0,1390,242636,89,0,0,0,0,0,0,54,0,0,0
3.330486,0,1400,130395,62,0,0,0,0,0,0,54,0,0,0
3.332137,0,1375,129891,62,0,0,0,0,0,0,54,0,0,0
3.333784,0,1388,130122,61,0,0,0,0,0,0,54,0,0,0
3.335434,0,1410,129851,61,0,0,0,0,0,0,55,0,0,0
3.337081,0,1409,129717,61,0,0,0,0,0,0,54,0,0,0
3.338879,0,1407,132038,61,0,0,0,0,0,0,54,0,0,0
3.340683,0,1410,152121,62,0,0,0,0,0,0,54,0,0,0
3.342337,0,1400,127698,61,0,0,0,0,0,0,54,0,0,0
3.344025,0,1412,135188,61,0,0,0,0,0,0,54,0,0,0
3.345701,0,1410,130193,62,0,0,0,0,0,0,55,0,0,0
3.347352,0,1409,130511,62,0,0,0,0,0,0,55,0,0,0
3.349002,0,1420,130202,62,0,0,0,0,0,0,54,0,0,0
3.350707,0,1413,129986,62,0,0,0,0,0,0,54,0,0,0
3.352368,0,1405,129813,61,0,0,0,0,0,0,54,0,0,0
3.354018,0,1401,129832,61,0,0,0,0,0,0,54,0,0,0
3.355667,0,1403,130051,61,0,0,0,0,0,0,54,0,0,0
3.357314,0,1402,130492,61,0,0,0,0,0,0,54,0,0,0
3.359017,0,1395,129880,62,0,0,0,0,0,0,54,0,0,0
3.360750,0,1398,148353,61,0,0,0,0,0,0,54,0,0,0
3.362407,0,1404,130373,61,0,0,0,0,0,0,54,0,0,0
3.364058,0,1466,130011,61,0,0,0,0,0,0,54,0,0,0
3.365705,0,1402,129549,62,0,0,0,0,0,0,54,0,0,0
3.367405,0,1288,136651,61,0,0,0,0,0,0,54,0,0,0
3.369081,0,1472,129930,62,0,0,0,0,0,0,54,0,0,0
3.370728,0,1409,129917,61,0,0,0,0,0,0,54,0,0,0
3.372377,0,1416,129790,61,0,0,0,0,0,0,55,0,0,0
3.374035,0,1424,130173,61,0,0,0,0,0,0,54,0,0,0
3.375683,0,1492,131047,61,0,0,0,0,0,0,54,0,0,0
3.377398,0,1203,176793,62,0,0,0,0,0,0,54,0,0,0
3.379320,0,1405,183463,62,0,0,0,0,0,0,54,0,0,0
3.381143,0,1262,132619,61,0,0,0,0,0,0,54,0,0,0
3.382843,0,1475,130065,62,0,0,0,0,0,0,54,0,0,0
3.384556,0,1402,130155,61,0,0,0,0,0,0,54,0,0,0
3.386361,0,1118,176372,62,0,0,0,0,0,0,54,0,0,0
3.388272,0,1165,134943,62,0,0,0,0,0,0,54,0,0,0
3.389929,0,1311,135952,61,0,0,0,0,0,0,54,0,0,0
3.391556,0,1414,136896,61,0,0,0,0,0,0,54,0,0,0
3.393260,0,1376,132483,61,0,0,0,0,0,0,54,0,0,0
3.394927,0,1409,128957,62,0,0,0,0,0,0,54,0,0,0
3.396757,0,1390,168758,62,0,0,0,0,0,0,54,0,0,0
3.398451,0,1471,128802,62,0,0,0,0,0,0,54,0,0,0
3.401170,0,1159,183628,61,0,0,0,0,0,0,54,0,0,0
3.403064,0,1461,130212,62,0,0,0,0,0,0,55,0,0,0
3.405015,0,1407,175661,62,0,0,0,0,0,0,54,0,0,0
3.406715,0,1396,129122,61,0,0,0,0,0,0,54,0,0,0
3.408361,0,1402,129943,61,0,0,0,0,0,0,54,0,0,0
3.410011,0,1366,130233,61,0,0,0,0,0,0,54,0,0,0
3.411661,0,1404,130251,61,0,0,0,0,0,0,54,0,0,0
3.413308,0,1399,130069,62,0,0,0,0,0,0,54,0,0,0
3.415010,0,1409,129922,62,0,0,0,0,0,0,54,0,0,0
3.416814,0,1374,157766,61,0,0,0,0,0,0,54,0,0,0
3.418461,0,1397,130081,61,0,0,0,0,0,0,54,0,0,0
3.420110,0,1395,129956,62,0,0,0,0,0,0,54,0,0,0
3.421758,0,1437,130283,62,0,0,0,0,0,0,54,0,0,0
3.423466,0,1281,132119,61,0,0,0,0,0,0,54,0,0,0
3.425147,0,1410,136933,61,0,0,0,0,0,0,54,0,0,0
3.426781,0,1400,129854,61,0,0,0,0,0,0,54,0,0,0
3.428387,0,1406,129777,61,0,0,0,0,0,0,54,0,0,0
3.429989,0,1463,129737,62,0,0,0,0,0,0,54,0,0,0
3.431591,0,1413,129790,62,0,0,0,0,0,0,54,0,0,0
3.433191,0,1405,129797,61,0,0,0,0,0,0,54,0,0,0
3.434789,0,1410,129596,62,0,0,0,0,0,0,54,0,0,0
3.436386,0,1404,129992,61,0,0,0,0,0,0,54,0,0,0
3.437999,0,1136,148532,61,0,0,0,0,0,0,52,0,0,0
3.439837,0,1109,89958,47,0,0,0,0,0,0,52,0,0,0
3.441439,0,1092,89741,47,0,0,0,0,0,0,51,0,0,0
3.443040,0,1122,89799,47,0,0,0,0,0,0,51,0,0,0
3.444776,0,1119,108786,47,0,0,0,0,0,0,52,0,0,0
3.446409,0,870,95735,47,0,0,0,0,0,0,52,0,0,0
3.448467,0,1163,91122,47,0,0,0,0,0,0,51,0,0,0
3.450137,0,1121,90181,47,0,0,0,0,0,0,52,0,0,0
3.451794,0,1102,90418,47,0,0,0,0,0,0,52,0,0,0
3.453446,0,1114,90037,47,0,0,0,0,0,0,52,0,0,0
3.455159,0,1069,90504,47,0,0,0,0,0,0,52,0,0,0
3.456813,0,1119,90015,48,0,0,0,0,0,0,52,0,0,0
3.458493,0,1089,90146,47,0,0,0,0,0,0,51,0,0,0
3.460147,0,1120,89846,47,0,0,0,0,0,0,52,0,0,0
3.461797,0,1119,90190,48,0,0,0,0,0,0,51,0,0,0
3.463449,0,1123,90085,47,0,0,0,0,0,0,52,0,0,0
3.465115,0,1095,91717,47,0,0,0,0,0,0,52,0,0,0
3.466766,0,1117,90300,48,0,0,0,0,0,0,51,0,0,0
3.468418,0,1179,89760,47,0,0,0,0,0,0,52,0,0,0
3.470092,0,1111,98490,47,0,0,0,0,0,0,52,0,0,0
3.471798,0,1037,90224,47,0,0,0,0,0,0,52,0,0,0
3.473448,0,1128,90106,47,0,0,0,0,0,0,52,0,0,0
3.475098,0,1179,104847,47,0,0,0,0,0,0,51,0,0,0
3.476877,0,1188,95351,47,0,0,0,0,0,0,52,0,0,0
3.478739,0,1099,91861,47,0,0,0,0,0,0,52,0,0,0
3.480445,0,1118,90177,47,0,0,0,0,0,0,52,0,0,0
3.482105,0,1123,89887,47,0,0,0,0,0,0,51,0,0,0
3.483760,0,1114,90250,47,0,0,0,0,0,0,51,0,0,0
3.485413,0,1120,90235,47,0,0,0,0,0,0,51,0,0,0
3.487121,0,1108,105699,47,0,0,0,0,0,0,52,0,0,0
3.488899,0,1063,94550,47,0,0,0,0,0,0,52,0,0,0
3.490560,0,1094,90397,47,0,0,0,0,0,0,52,0,0,0
3.492214,0,1116,90111,48,0,0,0,0,0,0,52,0,0,0
3.493865,0,1186,89774,47,0,0,0,0,0,0,52,0,0,0
3.495518,0,1117,89351,47,0,0,0,0,0,0,51,0,0,0
3.497163,0,1099,89401,47,0,0,0,0,0,0,52,0,0,0
3.498807,0,1169,89267,47,0,0,0,0,0,0,52,0,0,0
3.500453,0,1087,89736,47,0,0,0,0,0,0,51,0,0,0
3.502113,0,1121,98600,47,0,0,0,0,0,0,51,0,0,0
3.503819,0,985,90396,47,0,0,0,0,0,0,52,0,0,0
3.505469,0,1120,90194,48,0,0,0,0,0,0,52,0,0,0
3.507120,0,1088,105056,47,0,0,0,0,0,0,52,0,0,0
3.508891,0,1132,94057,47,0,0,0,0,0,0,52,0,0,0
3.510595,0,1128,90098,47,0,0,0,0,0,0,51,0,0,0
3.512257,0,1121,90279,47,0,0,0,0,0,0,52,0,0,0
3.513907,0,1122,90100,47,0,0,0,0,0,0,52,0,0,0
3.515559,0,1123,89220,47,0,0,0,0,0,0,52,0,0,0
3.517203,0,1141,89315,47,0,0,0,0,0,0,52,0,0,0
3.518900,0,1112,89493,47,0,0,0,0,0,0,52,0,0,0
3.521304,0,1110,89761,47,0,0,0,0,0,0,52,0,0,0
3.522964,0,1106,89776,47,0,0,0,0,0,0,52,0,0,0
3.524663,0,1121,97931,47,0,0,0,0,0,0,52,0,0,0
3.526311,0,1121,98732,47,0,0,0,0,0,0,52,0,0,0
3.528016,0,1111,89918,47,0,0,0,0,0,0,52,0,0,0
3.529665,0,1095,89746,47,0,0,0,0,0,0,52,0,0,0
3.531313,0,1125,90144,47,0,0,0,0,0,0,52,0,0,0
3.532991,0,1110,89736,47,0,0,0,0,0,0,52,0,0,0
3.534694,0,1101,89928,47,0,0,0,0,0,0,52,0,0,0
3.536344,0,1115,89985,48,0,0,0,0,0,0,52,0,0,0
3.537993,0,1119,89881,48,0,0,0,0,0,0,52,0,0,0
3.539643,0,1112,90129,47,0,0,0,0,0,0,52,0,0,0
3.541291,0,938,90682,47,0,0,0,0,0,0,52,0,0,0
3.542991,0,1085,88754,47,0,0,0,0,0,0,52,0,0,0
3.544744,0,1106,106313,47,0,0,0,0,0,0,52,0,0,0
3.546401,0,1100,90077,47,0,0,0,0,0,0,51,0,0,0
3.548054,0,1187,90065,47,0,0,0,0,0,0,52,0,0,0
3.549705,0,1097,90073,47,0,0,0,0,0,0,52,0,0,0
3.551408,0,1070,94584,47,0,0,0,0,0,0,52,0,0,0
3.553087,0,1119,90037,47,0,0,0,0,0,0,52,0,0,0
3.554748,0,1124,89998,47,0,0,0,0,0,0,52,0,0,0
3.556399,0,1121,89837,48,0,0,0,0,0,0,52,0,0,0
3.558049,0,1119,90039,47,0,0,0,0,0,0,51,0,0,0
3.559701,0,1116,89992,47,0,0,0,0,0,0,52,0,0,0
3.561351,0,1122,90183,47,0,0,0,0,0,0,52,0,0,0
3.563000,0,1072,89739,47,0,0,0,0,0,0,52,0,0,0
3.564763,0,1084,105517,47,0,0,0,0,0,0,52,0,0,0
3.566465,0,1123,90247,47,0,0,0,0,0,0,51,0,0,0
3.568117,0,1103,89132,47,0,0,0,0,0,0,52,0,0,0
3.569767,0,1102,89907,47,0,0,0,0,0,0,51,0,0,0
3.571483,0,1115,105141,47,0,0,0,0,0,0,51,0,0,0
3.573227,0,1123,89936,47,0,0,0,0,0,0,52,0,0,0
3.574940,0,1118,90139,47,0,0,0,0,0,0,51,0,0,0
3.576626,0,1080,95549,47,0,0,0,0,0,0,52,0,0,0
3.578276,0,1014,90003,47,0,0,0,0,0,0,52,0,0,0
3.579927,0,1098,90111,47,0,0,0,0,0,0,52,0,0,0
3.581577,0,1012,89536,48,0,0,0,0,0,0,51,0,0,0
3.583277,0,1114,90280,47,0,0,0,0,0,0,52,0,0,0
3.585091,0,1123,91589,47,0,0,0,0,0,0,51,0,0,0
3.586929,0,1114,91752,47,0,0,0,0,0,0,52,0,0,0
3.588893,0,1058,110734,47,0,0,0,0,0,0,52,0,0,0
3.590819,0,924,92216,47,0,0,0,0,0,0,52,0,0,0
3.592686,0,710,88583,47,0,0,0,0,0,0,52,0,0,0
3.594366,0,720,74018,47,0,0,0,0,0,0,52,0,0,0
3.595876,0,575,67945,47,0,0,0,0,0,0,52,0,0,0
3.597339,0,739,65815,39,0,0,0,0,0,0,52,0,0,0
3.598834,0,568,66345,46,0,0,0,0,0,0,51,0,0,0
3.600288,0,472,66043,38,0,0,0,0,0,0,51,0,0,0
3.601732,0,679,64952,38,0,0,0,0,0,0,52,0,0,0
3.603184,0,1091,87053,47,0,0,0,0,0,0,52,0,0,0
3.604960,0,910,94274,47,0,0,0,0,0,0,52,0,0,0
3.606673,0,1083,90114,47,0,0,0,0,0,0,52,0,0,0
3.608326,0,1038,89726,47,0,0,0,0,0,0,52,0,0,0
3.609974,0,1125,90040,47,0,0,0,0,0,0,51,0,0,0
3.611626,0,1070,90697,47,0,0,0,0,0,0,51,0,0,0
3.613277,0,1070,90227,47,0,0,0,0,0,0,52,0,0,0
3.614980,0,1124,89968,47,0,0,0,0,0,0,51,0,0,0
3.616759,0,1076,107252,47,0,0,0,0,0,0,51,0,0,0
3.618409,0,1061,90259,47,0,0,0,0,0,0,52,0,0,0
3.620061,0,1084,90367,48,0,0,0,0,0,0,52,0,0,0
3.621712,0,1008,90674,47,0,0,0,0,0,0,52,0,0,0
3.623484,0,1149,104670,47,0,0,0,0,0,0,52,0,0,0
3.625226,0,1121,90179,47,0,0,0,0,0,0,51,0,0,0
3.626886,0,1119,90092,47,0,0,0,0,0,0,52,0,0,0
3.628572,0,1091,89963,47,0,0,0,0,0,0,51,0,0,0
3.630222,0,1120,98326,48,0,0,0,0,0,0,52,0,0,0
3.631928,0,1119,90031,48,0,0,0,0,0,0,52,0,0,0
3.633579,0,1126,89996,48,0,0,0,0,0,0,51,0,0,0
3.635228,0,1124,90197,47,0,0,0,0,0,0,52,0,0,0
3.637040,0,1121,91478,47,0,0,0,0,0,0,52,0,0,0
3.638940,0,1188,91698,47,0,0,0,0,0,0,52,0,0,0
3.640770,0,1122,108974,47,0,0,0,0,0,0,51,0,0,0
3.642427,0,1125,89966,47,0,0,0,0,0,0,52,0,0,0
3.644082,0,1043,89500,47,0,0,0,0,0,0,51,0,0,0
3.645728,0,951,89532,48,0,0,0,0,0,0,52,0,0,0
3.647386,0,1132,102757,47,0,0,0,0,0,0,51,0,0,0
3.649137,0,1124,92986,47,0,0,0,0,0,0,52,0,0,0
3.650787,0,1127,89896,47,0,0,0,0,0,0,51,0,0,0
3.652439,0,1041,90160,47,0,0,0,0,0,0,52,0,0,0
3.654090,0,1122,98866,47,0,0,0,0,0,0,52,0,0,0
3.655797,0,1033,90024,47,0,0,0,0,0,0,52,0,0,0
3.657621,0,1130,91371,48,0,0,0,0,0,0,52,0,0,0
3.659461,0,1118,91897,47,0,0,0,0,0,0,52,0,0,0
3.661301,0,1122,91759,47,0,0,0,0,0,0,52,0,0,0
3.663199,0,1122,92312,47,0,0,0,0,0,0,52,0,0,0
3.665043,0,1121,91360,47,0,0,0,0,0,0,52,0,0,0
3.666880,0,1126,91667,47,0,0,0,0,0,0,52,0,0,0
3.668691,0,935,104415,47,0,0,0,0,0,0,52,0,0,0
3.670409,0,1121,90173,47,0,0,0,0,0,0,52,0,0,0
3.672065,0,1115,89910,47,0,0,0,0,0,0,52,0,0,0
3.673717,0,1105,90140,47,0,0,0,0,0,0,52,0,0,0
3.675367,0,1072,90261,47,0,0,0,0,0,0,51,0,0,0
3.677018,0,1073,89357,47,0,0,0,0,0,0,52,0,0,0
3.678871,0,1115,91261,47,0,0,0,0,0,0,52,0,0,0
3.680740,0,1071,90380,47,0,0,0,0,0,0,51,0,0,0
3.682436,0,1091,90351,47,0,0,0,0,0,0,51,0,0,0
3.684091,0,1125,90169,47,0,0,0,0,0,0,51,0,0,0
3.685744,0,1113,89800,47,0,0,0,0,0,0,52,0,0,0
3.687453,0,1076,90312,48,0,0,0,0,0,0,51,0,0,0
3.689105,0,1081,90339,48,0,0,0,0,0,0,52,0,0,0
3.690771,0,1120,89899,48,0,0,0,0,0,0,52,0,0,0
3.692423,0,1122,89929,47,0,0,0,0,0,0,52,0,0,0
3.694073,0,1121,98662,47,0,0,0,0,0,0,52,0,0,0
3.695778,0,1068,90172,47,0,0,0,0,0,0,51,0,0,0
3.697428,0,1028,90258,47,0,0,0,0,0,0,51,0,0,0
3.699079,0,1142,102200,47,0,0,0,0,0,0,52,0,0,0
3.700867,0,1118,97840,47,0,0,0,0,0,0,52,0,0,0
3.702674,0,890,91383,47,0,0,0,0,0,0,52,0,0,0
3.704980,0,941,91191,47,0,0,0,0,0,0,52,0,0,0
3.706635,0,1008,89373,48,0,0,0,0,0,0,51,0,0,0
3.708282,0,1117,90035,47,0,0,0,0,0,0,51,0,0,0
3.709932,0,1089,89866,47,0,0,0,0,0,0,51,0,0,0
3.711646,0,1089,89712,48,0,0,0,0,0,0,52,0,0,0
3.713296,0,1110,89666,47,0,0,0,0,0,0,52,0,0,0
3.714944,0,1159,90028,47,0,0,0,0,0,0,52,0,0,0
3.716727,0,1101,107522,47,0,0,0,0,0,0,52,0,0,0
3.718427,0,1123,90115,47,0,0,0,0,0,0,51,0,0,0
3.720079,0,1106,89955,48,0,0,0,0,0,0,52,0,0,0
3.721750,0,1125,89954,47,0,0,0,0,0,0,52,0,0,0
3.723399,0,1076,94228,47,0,0,0,0,0,0,52,0,0,0
3.725073,0,1037,89760,47,0,0,0,0,0,0,52,0,0,0
3.726776,0,1100,90005,47,0,0,0,0,0,0,52,0,0,0
3.728427,0,1106,89941,47,0,0,0,0,0,0,52,0,0,0
3.730075,0,1114,90029,47,0,0,0,0,0,0,51,0,0,0
3.731725,0,1089,90102,47,0,0,0,0,0,0,52,0,0,0
3.733386,0,1109,89430,47,0,0,0,0,0,0,52,0,0,0
3.735247,0,1116,100590,47,0,0,0,0,0,0,52,0,0,0
3.737003,0,1129,91865,47,0,0,0,0,0,0,52,0,0,0
3.738659,0,1126,89880,47,0,0,0,0,0,0,52,0,0,0
3.740325,0,884,92549,47,0,0,0,0,0,0,52,0,0,0
3.742033,0,1120,90641,47,0,0,0,0,0,0,52,0,0,0
3.743755,0,1083,89714,47,0,0,0,0,0,0,51,0,0,0
3.745410,0,1118,90596,47,0,0,0,0,0,0,52,0,0,0
3.747067,0,1128,89897,47,0,0,0,0,0,0,51,0,0,0
3.748858,0,906,107070,47,0,0,0,0,0,0,51,0,0,0
3.750561,0,1126,89541,47,0,0,0,0,0,0,51,0,0,0
3.752211,0,1095,90279,47,0,0,0,0,0,0,51,0,0,0
3.753874,0,1124,90022,47,0,0,0,0,0,0,52,0,0,0
3.755527,0,1113,90018,47,0,0,0,0,0,0,52,0,0,0
3.757177,0,1110,90229,47,0,0,0,0,0,0,52,0,0,0
3.758881,0,1119,90150,47,0,0,0,0,0,0,51,0,0,0
3.760605,0,1124,89928,48,0,0,0,0,0,0,52,0,0,0
3.762255,0,1034,89880,47,0,0,0,0,0,0,52,0,0,0
3.763917,0,1130,89802,47,0,0,0,0,0,0,52,0,0,0
3.765567,0,1123,90130,47,0,0,0,0,0,0,52,0,0,0
3.767272,0,1126,90382,47,0,0,0,0,0,0,52,0,0,0
3.768926,0,1117,90107,47,0,0,0,0,0,0,52,0,0,0
3.770576,0,1089,89988,47,0,0,0,0,0,0,52,0,0,0
3.772381,0,1191,90962,48,0,0,0,0,0,0,51,0,0,0
3.774083,0,1048,99410,47,0,0,0,0,0,0,52,0,0,0
3.775800,0,1113,89976,47,0,0,0,0,0,0,52,0,0,0
3.777454,0,1111,90115,47,0,0,0,0,0,0,52,0,0,0
3.779105,0,1105,97319,47,0,0,0,0,0,0,51,0,0,0
3.780803,0,1117,89892,47,0,0,0,0,0,0,52,0,0,0
3.782508,0,1117,90254,47,0,0,0,0,0,0,52,0,0,0
3.784323,0,1120,91654,47,0,0,0,0,0,0,51,0,0,0
3.786160,0,1115,91663,47,0,0,0,0,0,0,52,0,0,0
3.788001,0,1115,91585,47,0,0,0,0,0,0,52,0,0,0
3.789841,0,1124,91790,47,0,0,0,0,0,0,52,0,0,0
3.791682,0,1110,91868,47,0,0,0,0,0,0,52,0,0,0
3.793387,0,946,92272,47,0,0,0,0,0,0,51,0,0,0
3.795063,0,1121,89943,47,0,0,0,0,0,0,52,0,0,0
3.796844,0,1121,110323,47,0,0,0,0,0,0,52,0,0,0
3.798558,0,1106,90064,47,0,0,0,0,0,0,52,0,0,0
3.800378,0,1124,90344,47,0,0,0,0,0,0,51,0,0,0
3.802033,0,1105,89926,47,0,0,0,0,0,0,52,0,0,0
3.803686,0,1124,90079,47,0,0,0,0,0,0,51,0,0,0
3.805350,0,1113,90129,47,0,0,0,0,0,0,51,0,0,0
3.807057,0,1115,90228,47,0,0,0,0,0,0,52,0,0,0
3.808877,0,1066,116788,47,0,0,0,0,0,0,52,0,0,0
3.810521,0,1115,89449,47,0,0,0,0,0,0,52,0,0,0
3.812167,0,1122,90092,47,0,0,0,0,0,0,52,0,0,0
3.813817,0,1123,89780,47,0,0,0,0,0,0,52,0,0,0
3.815541,0,1105,89925,47,0,0,0,0,0,0,51,0,0,0
3.817192,0,1126,90051,48,0,0,0,0,0,0,51,0,0,0
3.818843,0,1121,90363,47,0,0,0,0,0,0,52,0,0,0
3.820493,0,1128,89570,47,0,0,0,0,0,0,52,0,0,0
3.822143,0,985,99004,47,0,0,0,0,0,0,52,0,0,0
3.823850,0,1108,90218,47,0,0,0,0,0,0,52,0,0,0
3.825511,0,1119,90068,48,0,0,0,0,0,0,52,0,0,0
3.827161,0,1118,90348,47,0,0,0,0,0,0,52,0,0,0
3.828814,0,1114,89933,47,0,0,0,0,0,0,52,0,0,0
3.830518,0,1098,90103,47,0,0,0,0,0,0,52,0,0,0
3.832170,0,1108,89818,47,0,0,0,0,0,0,52,0,0,0
3.833819,0,1103,89812,47,0,0,0,0,0,0,52,0,0,0
3.835624,0,1115,91104,47,0,0,0,0,0,0,52,0,0,0
3.837326,0,1171,89559,47,0,0,0,0,0,0,52,0,0,0
3.839040,0,1115,89657,47,0,0,0,0,0,0,52,0,0,0
3.840884,0,1109,118755,48,0,0,0,0,0,0,52,0,0,0
3.842539,0,1110,90052,47,0,0,0,0,0,0,52,0,0,0
3.844193,0,1086,90189,47,0,0,0,0,0,0,52,0,0,0
3.845845,0,1110,90235,47,0,0,0,0,0,0,51,0,0,0
3.847559,0,1127,90146,47,0,0,0,0,0,0,52,0,0,0
3.849210,0,1107,89726,47,0,0,0,0,0,0,52,0,0,0
3.850860,0,1108,90295,48,0,0,0,0,0,0,52,0,0,0
3.852580,0,1121,89980,47,0,0,0,0,0,0,52,0,0,0
3.854231,0,1120,98705,47,0,0,0,0,0,0,52,0,0,0
3.855936,0,1124,89614,47,0,0,0,0,0,0,52,0,0,0
3.857597,0,1103,89984,47,0,0,0,0,0,0,52,0,0,0
3.859247,0,1119,89833,47,0,0,0,0,0,0,52,0,0,0
3.860896,0,1116,90137,47,0,0,0,0,0,0,51,0,0,0
3.862599,0,1104,90094,47,0,0,0,0,0,0,51,0,0,0
3.864251,0,1118,90100,47,0,0,0,0,0,0,52,0,0,0
3.865901,0,1103,90101,47,0,0,0,0,0,0,51,0,0,0
3.867704,0,1113,91681,47,0,0,0,0,0,0,52,0,0,0
3.869412,0,1120,89952,47,0,0,0,0,0,0,52,0,0,0
3.871130,0,1122,106754,47,0,0,0,0,0,0,52,0,0,0
3.872888,0,1110,90231,47,0,0,0,0,0,0,52,0,0,0
3.874540,0,1113,89874,47,0,0,0,0,0,0,51,0,0,0
3.876192,0,1113,90099,47,0,0,0,0,0,0,51,0,0,0
3.877844,0,1120,90120,47,0,0,0,0,0,0,52,0,0,0
3.879557,0,1092,90264,47,0,0,0,0,0,0,51,0,0,0
3.881209,0,1119,90005,47,0,0,0,0,0,0,52,0,0,0
3.882859,0,1171,89743,47,0,0,0,0,0,0,52,0,0,0
3.884592,0,1120,90060,47,0,0,0,0,0,0,51,0,0,0
3.886244,0,1111,98953,47,0,0,0,0,0,0,52,0,0,0
3.887950,0,1118,89974,47,0,0,0,0,0,0,52,0,0,0
3.889613,0,1097,89950,47,0,0,0,0,0,0,52,0,0,0
3.891262,0,934,97620,47,0,0,0,0,0,0,52,0,0,0
3.893007,0,1111,91618,47,0,0,0,0,0,0,51,0,0,0
3.894711,0,1106,90128,47,0,0,0,0,0,0,51,0,0,0
3.896364,0,1120,89841,47,0,0,0,0,0,0,52,0,0,0
3.898014,0,1124,90020,47,0,0,0,0,0,0,51,0,0,0
3.899677,0,1118,90266,47,0,0,0,0,0,0,52,0,0,0
3.901328,0,1112,90225,47,0,0,0,0,0,0,51,0,0,0
3.903033,0,1094,89975,47,0,0,0,0,0,0,52,0,0,0
3.904766,0,1123,103537,48,0,0,0,0,0,0,52,0,0,0
3.906416,0,1097,89995,47,0,0,0,0,0,0,52,0,0,0
3.908067,0,1101,89944,47,0,0,0,0,0,0,52,0,0,0
3.909727,0,1123,90074,47,0,0,0,0,0,0,51,0,0,0
3.911434,0,1121,89566,48,0,0,0,0,0,0,52,0,0,0
3.913080,0,1104,89338,47,0,0,0,0,0,0,52,0,0,0
3.914723,0,1098,89244,48,0,0,0,0,0,0,52,0,0,0
3.916368,0,1120,89542,47,0,0,0,0,0,0,52,0,0,0
3.918016,0,1110,89647,47,0,0,0,0,0,0,51,0,0,0
3.919817,0,1126,91695,47,0,0,0,0,0,0,51,0,0,0
3.921521,0,1118,89795,47,0,0,0,0,0,0,51,0,0,0
3.923203,0,1122,91988,47,0,0,0,0,0,0,52,0,0,0
3.925043,0,1126,91582,47,0,0,0,0,0,0,52,0,0,0
3.926940,0,1126,91746,47,0,0,0,0,0,0,52,0,0,0
3.928751,0,1181,107615,47,0,0,0,0,0,0,52,0,0,0
3.930553,0,1188,91373,47,0,0,0,0,0,0,51,0,0,0
3.932258,0,1104,89859,47,0,0,0,0,0,0,52,0,0,0
3.934064,0,1116,101387,47,0,0,0,0,0,0,52,0,0,0
3.935964,0,1112,91390,48,0,0,0,0,0,0,51,0,0,0
3.937801,0,1116,91188,47,0,0,0,0,0,0,52,0,0,0
3.939638,0,1113,91270,47,0,0,0,0,0,0,51,0,0,0
3.941473,0,880,97437,47,0,0,0,0,0,0,51,0,0,0
3.943278,0,1122,91000,48,0,0,0,0,0,0,51,0,0,0
3.944941,0,1111,93032,48,0,0,0,0,0,0,51,0,0,0
3.946623,0,1126,94737,47,0,0,0,0,0,0,52,0,0,0
3.948252,0,1109,90123,47,0,0,0,0,0,0,52,0,0,0
3.949861,0,1085,89921,47,0,0,0,0,0,0,52,0,0,0
3.951492,0,1119,90818,47,0,0,0,0,0,0,52,0,0,0
3.953172,0,1121,92037,47,0,0,0,0,0,0,52,0,0,0
3.954835,0,1131,89939,47,0,0,0,0,0,0,52,0,0,0
3.956486,0,1127,89717,47,0,0,0,0,0,0,51,0,0,0
3.958286,0,1125,101610,48,0,0,0,0,0,0,52,0,0,0
3.960191,0,1104,91949,47,0,0,0,0,0,0,52,0,0,0
3.962032,0,1018,91785,48,0,0,0,0,0,0,51,0,0,0
3.963872,0,1122,91824,47,0,0,0,0,0,0,51,0,0,0
3.965580,0,1121,90063,47,0,0,0,0,0,0,52,0,0,0
3.967299,0,1156,90616,47,0,0,0,0,0,0,52,0,0,0
3.968955,0,1123,90138,47,0,0,0,0,0,0,51,0,0,0
3.970607,0,1116,89992,47,0,0,0,0,0,0,52,0,0,0
3.972259,0,1144,89758,47,0,0,0,0,0,0,52,0,0,0
3.973909,0,1111,90073,47,0,0,0,0,0,0,51,0,0,0
3.975624,0,1121,90213,48,0,0,0,0,0,0,52,0,0,0
3.977276,0,1168,90145,47,0,0,0,0,0,0,51,0,0,0
3.978926,0,1105,89945,47,0,0,0,0,0,0,51,0,0,0
3.980686,0,1184,105155,47,0,0,0,0,0,0,52,0,0,0
3.982335,0,1127,89671,47,0,0,0,0,0,0,51,0,0,0
3.983985,0,1159,89797,48,0,0,0,0,0,0,52,0,0,0
3.985646,0,1101,90018,47,0,0,0,0,0,0,51,0,0,0
3.987296,0,1118,90384,47,0,0,0,0,0,0,52,0,0,0
3.988950,0,1118,89993,47,0,0,0,0,0,0,52,0,0,0
3.990653,0,1091,89869,47,0,0,0,0,0,0,52,0,0,0
3.992304,0,1093,89864,48,0,0,0,0,0,0,52,0,0,0
3.993954,0,1096,89833,47,0,0,0,0,0,0,52,0,0,0
3.995756,0,1114,91743,47,0,0,0,0,0,0,51,0,0,0
3.997461,0,1110,101820,48,0,0,0,0,0,0,52,0,0,0
3.999219,0,1125,108220,47,0,0,0,0,0,0,52,0,0,0
4.000091,0,0,76041,0,0,0,0,0,0,0,0,0,0,0
