elapsed_s,PC_US_STALL_CYCLES_UCHE0,PC_US_STALL_CYCLES_UCHE1,PC_US_UCHE_0_TRANS,PC_US_UCHE_1_TRANS,PC_US_BV_STALLED_BY_ATTR,PC_US_BV_STARVED_BY_RARB,PC_US_VPC_PRIM_COUNT_STALLS_BR,PC_US_VPC_PRIM_COUNT_STALLS_BV
0.015274,0,0,0,0,0,0,0,0
0.016737,0,0,0,0,0,0,0,0
0.018175,0,0,0,0,0,0,0,0
0.019629,0,0,0,0,0,0,0,0
0.021067,0,0,0,0,0,0,0,0
0.022507,0,0,0,0,0,0,0,0
0.023946,0,0,0,0,0,0,0,0
0.025386,0,0,0,0,0,0,0,0
0.026835,0,0,0,0,0,0,0,0
0.035270,0,0,0,0,0,0,0,0
0.036673,0,0,0,0,0,0,0,0
0.038118,0,0,0,0,0,0,0,0
0.039558,0,0,0,0,0,0,0,0
0.040999,0,0,0,0,0,0,0,0
0.042460,0,0,0,0,0,0,0,0
0.043899,0,0,0,0,0,0,0,0
0.045334,0,0,0,0,0,0,0,0
0.046771,0,0,0,0,0,0,0,0
0.048216,0,0,0,0,0,0,0,0
0.049665,0,0,0,0,0,0,0,0
0.051120,0,0,0,0,0,0,0,0
0.052552,0,0,0,0,0,0,0,0
0.053991,0,0,0,0,0,0,0,0
0.055431,0,0,0,0,0,0,0,0
0.056869,0,0,0,0,0,0,0,0
0.058391,0,0,0,0,0,0,0,0
0.059954,0,0,0,0,0,0,0,0
0.061419,0,0,0,0,0,0,0,0
0.062909,0,0,0,0,0,0,0,0
0.064347,0,0,0,0,0,0,0,0
0.065785,0,0,0,0,0,0,0,0
0.067207,0,0,0,0,0,0,0,0
0.068654,0,0,0,0,0,0,0,0
0.070104,0,0,0,0,0,0,0,0
0.071541,0,0,0,0,0,0,0,0
0.072999,0,0,0,0,0,0,0,0
0.074437,0,0,0,0,0,0,0,0
0.075874,0,0,0,0,0,0,0,0
0.077313,0,0,0,0,0,0,0,0
0.078757,0,0,0,0,0,0,0,0
0.080197,0,0,0,0,0,0,0,0
0.081635,0,0,0,0,0,0,0,0
0.083072,0,0,0,0,0,0,0,0
0.084432,0,0,0,0,0,0,0,0
0.085876,0,0,0,0,0,0,0,0
0.087315,0,0,0,0,0,0,0,0
0.088759,0,0,0,0,0,0,0,0
0.090196,0,0,0,0,0,0,0,0
0.091654,0,0,0,0,0,0,0,0
0.093093,0,0,0,0,0,0,0,0
0.094531,0,0,0,0,0,0,0,0
0.095970,0,0,0,0,0,0,0,0
0.097506,0,0,0,0,0,0,0,0
0.098957,0,0,0,0,0,0,0,0
0.101332,0,0,0,0,0,0,0,0
0.102784,0,0,0,0,0,0,0,0
0.108354,0,0,0,0,0,0,0,0
0.109800,0,0,0,0,0,0,0,0
0.111242,0,0,0,0,0,0,0,0
0.119299,0,0,0,0,0,0,0,0
0.123298,0,0,0,0,0,0,0,0
0.124748,0,0,0,0,0,0,0,0
0.126292,0,0,0,0,0,0,0,0
0.128361,0,0,0,0,0,0,0,0
0.129851,0,0,0,0,0,0,0,0
0.131353,0,0,0,0,0,0,0,0
0.136856,0,0,0,0,0,0,0,0
0.138332,0,0,0,0,0,0,0,0
0.139773,0,0,0,0,0,0,0,0
0.141498,0,0,0,0,0,0,0,0
0.142702,0,0,0,0,0,0,0,0
0.144124,0,0,0,0,0,0,0,0
0.145550,0,0,0,0,0,0,0,0
0.146971,0,0,0,0,0,0,0,0
0.148330,0,0,0,0,0,0,0,0
0.149760,0,0,0,0,0,0,0,0
0.151194,0,0,0,0,0,0,0,0
0.152523,0,0,0,0,0,0,0,0
0.153953,0,0,0,0,0,0,0,0
0.155382,0,0,0,0,0,0,0,0
0.156812,0,0,0,0,0,0,0,0
0.158242,0,0,0,0,0,0,0,0
0.159671,0,0,0,0,0,0,0,0
0.161101,0,0,0,0,0,0,0,0
0.162440,0,0,0,0,0,0,0,0
0.163879,0,0,0,0,0,0,0,0
0.165309,0,0,0,0,0,0,0,0
0.166738,0,0,0,0,0,0,0,0
0.171210,0,0,0,0,0,0,0,0
0.172553,0,0,0,0,0,0,0,0
0.173992,0,0,0,0,0,0,0,0
0.175513,0,0,0,0,0,0,0,0
0.176900,0,0,0,0,0,0,0,0
0.178346,0,0,0,0,0,0,0,0
0.179775,0,0,0,0,0,0,0,0
0.187210,0,0,0,0,0,0,0,0
0.191268,0,0,0,0,0,0,0,0
0.192700,0,0,0,0,0,0,0,0
0.194130,0,0,0,0,0,0,0,0
0.195476,0,0,0,0,0,0,0,0
0.196821,0,0,0,0,0,0,0,0
0.198249,0,0,0,0,0,0,0,0
0.199680,0,0,0,0,0,0,0,0
0.201109,0,0,0,0,0,0,0,0
0.202555,0,0,0,0,0,0,0,0
0.203877,0,0,0,0,0,0,0,0
0.205307,0,0,0,0,0,0,0,0
0.206627,0,0,0,0,0,0,0,0
0.208058,0,0,0,0,0,0,0,0
0.209487,0,0,0,0,0,0,0,0
0.210938,0,0,0,0,0,0,0,0
0.212371,0,0,0,0,0,0,0,0
0.213799,0,0,0,0,0,0,0,0
0.215193,0,0,0,0,0,0,0,0
0.216622,0,0,0,0,0,0,0,0
0.218050,0,0,0,0,0,0,0,0
0.219496,0,0,0,0,0,0,0,0
0.220931,0,0,0,0,0,0,0,0
0.222361,0,0,0,0,0,0,0,0
0.223791,0,0,0,0,0,0,0,0
0.225219,0,0,0,0,0,0,0,0
0.226664,0,0,0,0,0,0,0,0
0.228094,0,0,0,0,0,0,0,0
0.229523,0,0,0,0,0,0,0,0
0.230957,0,0,0,0,0,0,0,0
0.233330,0,0,0,0,0,0,0,0
0.234762,0,0,0,0,0,0,0,0
0.236192,0,0,0,0,0,0,0,0
0.237621,0,0,0,0,0,0,0,0
0.239050,0,0,0,0,0,0,0,0
0.240480,0,0,0,0,0,0,0,0
0.241806,0,0,0,0,0,0,0,0
0.243208,0,0,0,0,0,0,0,0
0.244652,0,0,0,0,0,0,0,0
0.246082,0,0,0,0,0,0,0,0
0.247512,0,0,0,0,0,0,0,0
0.248941,0,0,0,0,0,0,0,0
0.250387,0,0,0,0,0,0,0,0
0.251822,0,0,0,0,0,0,0,0
0.253251,0,0,0,0,0,0,0,0
0.254572,0,0,0,0,0,0,0,0
0.256002,0,0,0,0,0,0,0,0
0.257431,0,0,0,0,0,0,0,0
0.258860,0,0,0,0,0,0,0,0
0.260330,0,0,0,0,0,0,0,0
0.261650,0,0,0,0,0,0,0,0
0.264149,0,0,0,0,0,0,0,0
0.266419,0,0,0,0,0,0,0,0
0.275311,0,0,0,0,0,0,0,0
0.276747,0,0,0,0,0,0,0,0
0.278176,0,0,0,0,0,0,0,0
0.279606,0,0,0,0,0,0,0,0
0.281035,0,0,0,0,0,0,0,0
0.282526,0,0,0,0,0,0,0,0
0.283955,0,0,0,0,0,0,0,0
0.285384,0,0,0,0,0,0,0,0
0.286818,0,0,0,0,0,0,0,0
0.288271,0,0,0,0,0,0,0,0
0.289758,0,0,0,0,0,0,0,0
0.291211,0,0,0,0,0,0,0,0
0.293587,0,0,0,0,0,0,0,0
0.295016,0,0,0,0,0,0,0,0
0.296403,0,0,0,0,0,0,0,0
0.297838,0,0,0,0,0,0,0,0
0.299283,0,0,0,0,0,0,0,0
0.300713,0,0,0,0,0,0,0,0
0.302209,0,0,0,0,0,0,0,0
0.303639,0,0,0,0,0,0,0,0
0.305069,0,0,0,0,0,0,0,0
0.306497,0,0,0,0,0,0,0,0
0.307932,0,0,0,0,0,0,0,0
0.309362,0,0,0,0,0,0,0,0
0.310791,0,0,0,0,0,0,0,0
0.312223,0,0,0,0,0,0,0,0
0.314668,0,0,0,0,0,0,0,0
0.316102,0,0,0,0,0,0,0,0
0.317530,0,0,0,0,0,0,0,0
0.318964,0,0,0,0,0,0,0,0
0.320401,0,0,0,0,0,0,0,0
0.321830,0,0,0,0,0,0,0,0
0.323260,0,0,0,0,0,0,0,0
0.324582,0,0,0,0,0,0,0,0
0.326010,0,0,0,0,0,0,0,0
0.327443,0,0,0,0,0,0,0,0
0.328872,0,0,0,0,0,0,0,0
0.330324,0,0,0,0,0,0,0,0
0.331752,0,0,0,0,0,0,0,0
0.333226,0,0,0,0,0,0,0,0
0.334656,0,0,0,0,0,0,0,0
0.335976,0,0,0,0,0,0,0,0
0.337406,0,0,0,0,0,0,0,0
0.338727,0,0,0,0,0,0,0,0
0.340156,0,0,0,0,0,0,0,0
0.341590,0,0,0,0,0,0,0,0
0.343020,0,0,0,0,0,0,0,0
0.344403,0,0,0,0,0,0,0,0
0.345816,0,0,0,0,0,0,0,0
0.347135,0,0,0,0,0,0,0,0
0.348525,0,0,0,0,0,0,0,0
0.349982,0,0,0,0,0,0,0,0
0.351344,0,0,0,0,0,0,0,0
0.352776,0,0,0,0,0,0,0,0
0.354097,0,0,0,0,0,0,0,0
0.355441,0,0,0,0,0,0,0,0
0.356870,0,0,0,0,0,0,0,0
0.358300,0,0,0,0,0,0,0,0
0.359747,0,0,0,0,0,0,0,0
0.361176,0,0,0,0,0,0,0,0
0.362626,0,0,0,0,0,0,0,0
0.364062,0,0,0,0,0,0,0,0
0.365492,0,0,0,0,0,0,0,0
0.366920,0,0,0,0,0,0,0,0
0.368296,0,0,0,0,0,0,0,0
0.369724,0,0,0,0,0,0,0,0
0.371059,0,0,0,0,0,0,0,0
0.372495,0,0,0,0,0,0,0,0
0.373825,0,0,0,0,0,0,0,0
0.375151,0,0,0,0,0,0,0,0
0.376472,0,0,0,0,0,0,0,0
0.377902,0,0,0,0,0,0,0,0
0.379372,0,0,0,0,0,0,0,0
0.382305,0,0,0,0,0,0,0,0
0.383739,0,0,0,0,0,0,0,0
0.385175,0,0,0,0,0,0,0,0
0.386607,0,0,0,0,0,0,0,0
0.388051,0,0,0,0,0,0,0,0
0.389523,0,0,0,0,0,0,0,0
0.390987,0,0,0,0,0,0,0,0
0.392404,0,0,0,0,0,0,0,0
0.393835,0,0,0,0,0,0,0,0
0.395272,0,0,0,0,0,0,0,0
0.396725,0,0,0,0,0,0,0,0
0.398156,0,0,0,0,0,0,0,0
0.399587,0,0,0,0,0,0,0,0
0.401079,0,0,0,0,0,0,0,0
0.402527,0,0,0,0,0,0,0,0
0.403957,0,0,0,0,0,0,0,0
0.405283,0,0,0,0,0,0,0,0
0.406712,0,0,0,0,0,0,0,0
0.408143,0,0,0,0,0,0,0,0
0.409572,0,0,0,0,0,0,0,0
0.411022,0,0,0,0,0,0,0,0
0.412424,0,0,0,0,0,0,0,0
0.413852,0,0,0,0,0,0,0,0
0.415300,0,0,0,0,0,0,0,0
0.416729,0,0,0,0,0,0,0,0
0.418158,0,0,0,0,0,0,0,0
0.419495,0,0,0,0,0,0,0,0
0.420924,0,0,0,0,0,0,0,0
0.422254,0,0,0,0,0,0,0,0
0.423684,0,0,0,0,0,0,0,0
0.425121,0,0,0,0,0,0,0,0
0.426570,0,0,0,0,0,0,0,0
0.428004,0,0,0,0,0,0,0,0
0.429432,0,0,0,0,0,0,0,0
0.430861,0,0,0,0,0,0,0,0
0.432295,0,0,0,0,0,0,0,0
0.433725,0,0,0,0,0,0,0,0
0.435168,0,0,0,0,0,0,0,0
0.436604,0,0,0,0,0,0,0,0
0.438033,0,0,0,0,0,0,0,0
0.439462,0,0,0,0,0,0,0,0
0.440783,0,0,0,0,0,0,0,0
0.442217,0,0,0,0,0,0,0,0
0.443556,0,0,0,0,0,0,0,0
0.444987,0,0,0,0,0,0,0,0
0.446308,0,0,0,0,0,0,0,0
0.447744,0,0,0,0,0,0,0,0
0.449174,0,0,0,0,0,0,0,0
0.450620,0,0,0,0,0,0,0,0
0.452051,0,0,0,0,0,0,0,0
0.453372,0,0,0,0,0,0,0,0
0.454801,0,0,0,0,0,0,0,0
0.456231,0,0,0,0,0,0,0,0
0.457660,0,0,0,0,0,0,0,0
0.459095,0,0,0,0,0,0,0,0
0.460523,0,0,0,0,0,0,0,0
0.461978,0,0,0,0,0,0,0,0
0.463408,0,0,0,0,0,0,0,0
0.464841,0,0,0,0,0,0,0,0
0.466418,0,0,0,0,0,0,0,0
0.467894,0,0,0,0,0,0,0,0
0.469340,0,0,0,0,0,0,0,0
0.470770,0,0,0,0,0,0,0,0
0.472091,0,0,0,0,0,0,0,0
0.473527,0,0,0,0,0,0,0,0
0.474957,0,0,0,0,0,0,0,0
0.476391,0,0,0,0,0,0,0,0
0.477821,0,0,0,0,0,0,0,0
0.479252,0,0,0,0,0,0,0,0
0.480577,0,0,0,0,0,0,0,0
0.482006,0,0,0,0,0,0,0,0
0.483453,0,0,0,0,0,0,0,0
0.484776,0,0,0,0,0,0,0,0
0.486205,0,0,0,0,0,0,0,0
0.487635,0,0,0,0,0,0,0,0
0.488955,0,0,0,0,0,0,0,0
0.490400,0,0,0,0,0,0,0,0
0.491834,0,0,0,0,0,0,0,0
0.493302,0,0,0,0,0,0,0,0
0.494732,0,0,0,0,0,0,0,0
0.496053,0,0,0,0,0,0,0,0
0.497482,0,0,0,0,0,0,0,0
0.498910,0,0,0,0,0,0,0,0
0.500329,0,0,0,0,0,0,0,0
0.501757,0,0,0,0,0,0,0,0
0.503083,0,0,0,0,0,0,0,0
0.506662,0,0,0,0,0,0,0,0
0.508094,0,0,0,0,0,0,0,0
0.509523,0,0,0,0,0,0,0,0
0.510951,0,0,0,0,0,0,0,0
0.512344,0,0,0,0,0,0,0,0
0.513821,0,0,0,0,0,0,0,0
0.515271,0,0,0,0,0,0,0,0
0.516702,0,0,0,0,0,0,0,0
0.518133,0,0,0,0,0,0,0,0
0.519562,0,0,0,0,0,0,0,0
0.520992,0,0,0,0,0,0,0,0
0.522420,0,0,0,0,0,0,0,0
0.523854,0,0,0,0,0,0,0,0
0.525282,0,0,0,0,0,0,0,0
0.526711,0,0,0,0,0,0,0,0
0.528139,0,0,0,0,0,0,0,0
0.529569,0,0,0,0,0,0,0,0
0.530997,0,0,0,0,0,0,0,0
0.532421,0,0,0,0,0,0,0,0
0.533856,0,0,0,0,0,0,0,0
0.535286,0,0,0,0,0,0,0,0
0.536729,0,0,0,0,0,0,0,0
0.538162,0,0,0,0,0,0,0,0
0.539499,0,0,0,0,0,0,0,0
0.540928,0,0,0,0,0,0,0,0
0.544003,0,0,0,0,0,0,0,0
0.545439,0,0,0,0,0,0,0,0
0.546875,0,0,0,0,0,0,0,0
0.548205,0,0,0,0,0,0,0,0
0.549634,0,0,0,0,0,0,0,0
0.551062,0,0,0,0,0,0,0,0
0.552493,0,0,0,0,0,0,0,0
0.553920,0,0,0,0,0,0,0,0
0.555242,0,0,0,0,0,0,0,0
0.556676,0,0,0,0,0,0,0,0
0.558123,0,0,0,0,0,0,0,0
0.559553,0,0,0,0,0,0,0,0
0.560873,0,0,0,0,0,0,0,0
0.562322,0,0,0,0,0,0,0,0
0.563751,0,0,0,0,0,0,0,0
0.565180,0,0,0,0,0,0,0,0
0.566610,0,0,0,0,0,0,0,0
0.568049,0,0,0,0,0,0,0,0
0.569481,0,0,0,0,0,0,0,0
0.570910,0,0,0,0,0,0,0,0
0.572232,0,0,0,0,0,0,0,0
0.573553,0,0,0,0,0,0,0,0
0.574874,0,0,0,0,0,0,0,0
0.576302,0,0,0,0,0,0,0,0
0.577731,0,0,0,0,0,0,0,0
0.579165,0,0,0,0,0,0,0,0
0.580597,0,0,0,0,0,0,0,0
0.582025,0,0,0,0,0,0,0,0
0.583454,0,0,0,0,0,0,0,0
0.584882,0,0,0,0,0,0,0,0
0.586327,0,0,0,0,0,0,0,0
0.587756,0,0,0,0,0,0,0,0
0.589191,0,0,0,0,0,0,0,0
0.595218,0,0,0,0,0,0,0,0
0.596651,0,0,0,0,0,0,0,0
0.598079,0,0,0,0,0,0,0,0
0.599513,0,0,0,0,0,0,0,0
0.600943,0,0,0,0,0,0,0,0
0.602377,0,0,0,0,0,0,0,0
0.603806,0,0,0,0,0,0,0,0
0.605235,0,0,0,0,0,0,0,0
0.606665,0,0,0,0,0,0,0,0
0.608095,0,0,0,0,0,0,0,0
0.609529,0,0,0,0,0,0,0,0
0.610975,0,0,0,0,0,0,0,0
0.612326,0,0,0,0,0,0,0,0
0.613755,0,0,0,0,0,0,0,0
0.615194,0,0,0,0,0,0,0,0
0.616625,0,0,0,0,0,0,0,0
0.619638,0,0,0,0,0,0,0,0
0.621074,0,0,0,0,0,0,0,0
0.622503,0,0,0,0,0,0,0,0
0.623938,0,0,0,0,0,0,0,0
0.625372,0,0,0,0,0,0,0,0
0.626800,0,0,0,0,0,0,0,0
0.628231,0,0,0,0,0,0,0,0
0.629699,0,0,0,0,0,0,0,0
0.631133,0,0,0,0,0,0,0,0
0.632514,0,0,0,0,0,0,0,0
0.633835,0,0,0,0,0,0,0,0
0.635156,0,0,0,0,0,0,0,0
0.636479,0,0,0,0,0,0,0,0
0.637799,0,0,0,0,0,0,0,0
0.639118,0,0,0,0,0,0,0,0
0.640513,0,0,0,0,0,0,0,0
0.641839,0,0,0,0,0,0,0,0
0.643161,0,0,0,0,0,0,0,0
0.644484,0,0,0,0,0,0,0,0
0.645805,0,0,0,0,0,0,0,0
0.647126,0,0,0,0,0,0,0,0
0.648513,0,0,0,0,0,0,0,0
0.649833,0,0,0,0,0,0,0,0
0.651154,0,0,0,0,0,0,0,0
0.652481,0,0,0,0,0,0,0,0
0.653801,0,0,0,0,0,0,0,0
0.655122,0,0,0,0,0,0,0,0
0.656524,0,0,0,0,0,0,0,0
0.657845,0,0,0,0,0,0,0,0
0.659216,0,0,0,0,0,0,0,0
0.660537,0,0,0,0,0,0,0,0
0.661858,0,0,0,0,0,0,0,0
0.663195,0,0,0,0,0,0,0,0
0.664516,0,0,0,0,0,0,0,0
0.665837,0,0,0,0,0,0,0,0
0.667174,0,0,0,0,0,0,0,0
0.668497,0,0,0,0,0,0,0,0
0.669816,0,0,0,0,0,0,0,0
0.671135,0,0,0,0,0,0,0,0
0.672512,0,0,0,0,0,0,0,0
0.673839,0,0,0,0,0,0,0,0
0.675175,0,0,0,0,0,0,0,0
0.676498,0,0,0,0,0,0,0,0
0.677817,0,0,0,0,0,0,0,0
0.679138,0,0,0,0,0,0,0,0
0.680513,0,0,0,0,0,0,0,0
0.681838,0,0,0,0,0,0,0,0
0.683159,0,0,0,0,0,0,0,0
0.684487,0,0,0,0,0,0,0,0
0.685807,0,0,0,0,0,0,0,0
0.687127,0,0,0,0,0,0,0,0
0.688519,0,0,0,0,0,0,0,0
0.689841,0,0,0,0,0,0,0,0
0.691176,0,0,0,0,0,0,0,0
0.692520,0,0,0,0,0,0,0,0
0.693841,0,0,0,0,0,0,0,0
0.695166,0,0,0,0,0,0,0,0
0.696489,0,0,0,0,0,0,0,0
0.697809,0,0,0,0,0,0,0,0
0.699218,0,0,0,0,0,0,0,0
0.700539,0,0,0,0,0,0,0,0
0.701860,0,0,0,0,0,0,0,0
0.703197,0,0,0,0,0,0,0,0
0.704518,0,0,0,0,0,0,0,0
0.706604,0,0,0,0,0,0,0,0
0.707927,0,0,0,0,0,0,0,0
0.709247,0,0,0,0,0,0,0,0
0.710567,0,0,0,0,0,0,0,0
0.711888,0,0,0,0,0,0,0,0
0.713208,0,0,0,0,0,0,0,0
0.714545,0,0,0,0,0,0,0,0
0.715871,0,0,0,0,0,0,0,0
0.717193,0,0,0,0,0,0,0,0
0.718515,0,0,0,0,0,0,0,0
0.719835,0,0,0,0,0,0,0,0
0.721157,0,0,0,0,0,0,0,0
0.722492,0,0,0,0,0,0,0,0
0.723814,0,0,0,0,0,0,0,0
0.725134,0,0,0,0,0,0,0,0
0.726460,0,0,0,0,0,0,0,0
0.727785,0,0,0,0,0,0,0,0
0.731666,0,0,0,0,0,0,0,0
0.732989,0,0,0,0,0,0,0,0
0.734310,0,0,0,0,0,0,0,0
0.735632,0,0,0,0,0,0,0,0
0.737009,0,0,0,0,0,0,0,0
0.738345,0,0,0,0,0,0,0,0
0.739666,0,0,0,0,0,0,0,0
0.740987,0,0,0,0,0,0,0,0
0.742308,0,0,0,0,0,0,0,0
0.743629,0,0,0,0,0,0,0,0
0.744950,0,0,0,0,0,0,0,0
0.746271,0,0,0,0,0,0,0,0
0.747613,0,0,0,0,0,0,0,0
0.748934,0,0,0,0,0,0,0,0
0.750255,0,0,0,0,0,0,0,0
0.751576,0,0,0,0,0,0,0,0
0.752897,0,0,0,0,0,0,0,0
0.754218,0,0,0,0,0,0,0,0
0.755554,0,0,0,0,0,0,0,0
0.756875,0,0,0,0,0,0,0,0
0.758201,0,0,0,0,0,0,0,0
0.759522,0,0,0,0,0,0,0,0
0.760843,0,0,0,0,0,0,0,0
0.762164,0,0,0,0,0,0,0,0
0.763501,0,0,0,0,0,0,0,0
0.764822,0,0,0,0,0,0,0,0
0.766142,0,0,0,0,0,0,0,0
0.767462,0,0,0,0,0,0,0,0
0.768788,0,0,0,0,0,0,0,0
0.770108,0,0,0,0,0,0,0,0
0.771456,0,0,0,0,0,0,0,0
0.772777,0,0,0,0,0,0,0,0
0.774107,0,0,0,0,0,0,0,0
0.775429,0,0,0,0,0,0,0,0
0.776751,0,0,0,0,0,0,0,0
0.778079,0,0,0,0,0,0,0,0
0.780157,0,0,0,0,0,0,0,0
0.781479,0,0,0,0,0,0,0,0
0.782799,0,0,0,0,0,0,0,0
0.784119,0,0,0,0,0,0,0,0
0.785449,0,0,0,0,0,0,0,0
0.786769,0,0,0,0,0,0,0,0
0.788091,0,0,0,0,0,0,0,0
0.789419,0,0,0,0,0,0,0,0
0.790760,0,0,0,0,0,0,0,0
0.792085,0,0,0,0,0,0,0,0
0.793417,0,0,0,0,0,0,0,0
0.794737,0,0,0,0,0,0,0,0
0.796058,0,0,0,0,0,0,0,0
0.797382,0,0,0,0,0,0,0,0
0.798702,0,0,0,0,0,0,0,0
0.800023,0,0,0,0,0,0,0,0
0.801349,0,0,0,0,0,0,0,0
0.802686,0,0,0,0,0,0,0,0
0.804007,0,0,0,0,0,0,0,0
0.805328,0,0,0,0,0,0,0,0
0.806649,0,0,0,0,0,0,0,0
0.807971,0,0,0,0,0,0,0,0
0.809291,0,0,0,0,0,0,0,0
0.810627,0,0,0,0,0,0,0,0
0.811969,0,0,0,0,0,0,0,0
0.813291,0,0,0,0,0,0,0,0
0.814611,0,0,0,0,0,0,0,0
0.815932,0,0,0,0,0,0,0,0
0.817255,0,0,0,0,0,0,0,0
0.818591,0,0,0,0,0,0,0,0
0.819913,0,0,0,0,0,0,0,0
0.821234,0,0,0,0,0,0,0,0
0.822560,0,0,0,0,0,0,0,0
0.823882,0,0,0,0,0,0,0,0
0.825203,0,0,0,0,0,0,0,0
0.826524,0,0,0,0,0,0,0,0
0.827846,0,0,0,0,0,0,0,0
0.829167,0,0,0,0,0,0,0,0
0.830488,0,0,0,0,0,0,0,0
0.831809,0,0,0,0,0,0,0,0
0.833135,0,0,0,0,0,0,0,0
0.834457,0,0,0,0,0,0,0,0
0.835780,0,0,0,0,0,0,0,0
0.837100,0,0,0,0,0,0,0,0
0.838449,0,0,0,0,0,0,0,0
0.839771,0,0,0,0,0,0,0,0
0.841092,0,0,0,0,0,0,0,0
0.842430,0,0,0,0,0,0,0,0
0.843754,0,0,0,0,0,0,0,0
0.845077,0,0,0,0,0,0,0,0
0.846397,0,0,0,0,0,0,0,0
0.847800,0,0,0,0,0,0,0,0
0.849537,0,0,0,0,0,0,0,0
0.851942,0,0,0,0,0,0,0,0
0.853265,0,0,0,0,0,0,0,0
0.854590,0,0,0,0,0,0,0,0
0.855911,0,0,0,0,0,0,0,0
0.857234,0,0,0,0,0,0,0,0
0.858572,0,0,0,0,0,0,0,0
0.859894,0,0,0,0,0,0,0,0
0.861226,0,0,0,0,0,0,0,0
0.862546,0,0,0,0,0,0,0,0
0.863866,0,0,0,0,0,0,0,0
0.865194,0,0,0,0,0,0,0,0
0.866515,0,0,0,0,0,0,0,0
0.871263,0,0,0,0,0,0,0,0
0.872586,0,0,0,0,0,0,0,0
0.873907,0,0,0,0,0,0,0,0
0.875209,0,0,0,0,0,0,0,0
0.876532,0,0,0,0,0,0,0,0
0.877852,0,0,0,0,0,0,0,0
0.879173,0,0,0,0,0,0,0,0
0.880497,0,0,0,0,0,0,0,0
0.881818,0,0,0,0,0,0,0,0
0.883154,0,0,0,0,0,0,0,0
0.884477,0,0,0,0,0,0,0,0
0.885803,0,0,0,0,0,0,0,0
0.887123,0,0,0,0,0,0,0,0
0.888512,0,0,0,0,0,0,0,0
0.889833,0,0,0,0,0,0,0,0
0.891154,0,0,0,0,0,0,0,0
0.892476,0,0,0,0,0,0,0,0
0.893796,0,0,0,0,0,0,0,0
0.895117,0,0,0,0,0,0,0,0
0.896517,0,0,0,0,0,0,0,0
0.897840,0,0,0,0,0,0,0,0
0.899163,0,0,0,0,0,0,0,0
0.900486,0,0,0,0,0,0,0,0
0.901807,0,0,0,0,0,0,0,0
0.903128,0,0,0,0,0,0,0,0
0.904518,0,0,0,0,0,0,0,0
0.905842,0,0,0,0,0,0,0,0
0.907170,0,0,0,0,0,0,0,0
0.908497,0,0,0,0,0,0,0,0
0.909819,0,0,0,0,0,0,0,0
0.911140,0,0,0,0,0,0,0,0
0.912513,0,0,0,0,0,0,0,0
0.913835,0,0,0,0,0,0,0,0
0.915172,0,0,0,0,0,0,0,0
0.916496,0,0,0,0,0,0,0,0
0.917823,0,0,0,0,0,0,0,0
0.919146,0,0,0,0,0,0,0,0
0.920515,0,0,0,0,0,0,0,0
0.921837,0,0,0,0,0,0,0,0
0.923175,0,0,0,0,0,0,0,0
0.924578,0,0,0,0,0,0,0,0
0.926690,0,0,0,0,0,0,0,0
0.928019,0,0,0,0,0,0,0,0
0.929340,0,0,0,0,0,0,0,0
0.930663,0,0,0,0,0,0,0,0
0.931986,0,0,0,0,0,0,0,0
0.933307,0,0,0,0,0,0,0,0
0.934629,0,0,0,0,0,0,0,0
0.935951,0,0,0,0,0,0,0,0
0.937272,0,0,0,0,0,0,0,0
0.938618,0,0,0,0,0,0,0,0
0.939941,0,0,0,0,0,0,0,0
0.941263,0,0,0,0,0,0,0,0
0.942583,0,0,0,0,0,0,0,0
0.943905,0,0,0,0,0,0,0,0
0.945225,0,0,0,0,0,0,0,0
0.946549,0,0,0,0,0,0,0,0
0.947872,0,0,0,0,0,0,0,0
0.949200,0,0,0,0,0,0,0,0
0.950522,0,0,0,0,0,0,0,0
0.951898,0,0,0,0,0,0,0,0
0.953221,0,0,0,0,0,0,0,0
0.954560,0,0,0,0,0,0,0,0
0.955881,0,0,0,0,0,0,0,0
0.957203,0,0,0,0,0,0,0,0
0.958525,0,0,0,0,0,0,0,0
0.959856,0,0,0,0,0,0,0,0
0.961218,0,0,0,0,0,0,0,0
0.962559,0,0,0,0,0,0,0,0
0.963895,0,0,0,0,0,0,0,0
0.965221,0,0,0,0,0,0,0,0
0.966545,0,0,0,0,0,0,0,0
0.967870,0,0,0,0,0,0,0,0
0.969196,0,0,0,0,0,0,0,0
0.970527,0,0,0,0,0,0,0,0
0.971854,0,0,0,0,0,0,0,0
0.973179,0,0,0,0,0,0,0,0
0.974504,0,0,0,0,0,0,0,0
0.975828,0,0,0,0,0,0,0,0
0.977153,0,0,0,0,0,0,0,0
0.978495,0,0,0,0,0,0,0,0
0.981292,0,0,0,0,0,0,0,0
0.982623,0,0,0,0,0,0,0,0
0.983950,0,0,0,0,0,0,0,0
0.985275,0,0,0,0,0,0,0,0
0.986617,0,0,0,0,0,0,0,0
0.987943,0,0,0,0,0,0,0,0
0.990984,0,0,0,0,0,0,0,0
0.992409,0,0,0,0,0,0,0,0
0.993740,0,0,0,0,0,0,0,0
0.995067,0,0,0,0,0,0,0,0
0.996393,0,0,0,0,0,0,0,0
0.997717,0,0,0,0,0,0,0,0
0.999051,0,0,0,0,0,0,0,0
1.000378,0,0,0,0,0,0,0,0
1.001702,0,0,0,0,0,0,0,0
1.003043,0,0,0,0,0,0,0,0
1.004376,0,0,0,0,0,0,0,0
1.005699,0,0,0,0,0,0,0,0
1.007024,0,0,0,0,0,0,0,0
1.008408,0,0,0,0,0,0,0,0
1.009732,0,0,0,0,0,0,0,0
1.011063,0,0,0,0,0,0,0,0
1.012392,0,0,0,0,0,0,0,0
1.013716,0,0,0,0,0,0,0,0
1.015048,0,0,0,0,0,0,0,0
1.016384,0,0,0,0,0,0,0,0
1.017770,0,0,0,0,0,0,0,0
1.019095,0,0,0,0,0,0,0,0
1.020419,0,0,0,0,0,0,0,0
1.021747,0,0,0,0,0,0,0,0
1.023073,0,0,0,0,0,0,0,0
1.024405,0,0,0,0,0,0,0,0
1.025735,0,0,0,0,0,0,0,0
1.027059,0,0,0,0,0,0,0,0
1.028391,0,0,0,0,0,0,0,0
1.029810,0,0,0,0,0,0,0,0
1.031135,0,0,0,0,0,0,0,0
1.032518,0,0,0,0,0,0,0,0
1.033844,0,0,0,0,0,0,0,0
1.035168,0,0,0,0,0,0,0,0
1.036501,0,0,0,0,0,0,0,0
1.037825,0,0,0,0,0,0,0,0
1.039149,0,0,0,0,0,0,0,0
1.040541,0,0,0,0,0,0,0,0
1.041865,0,0,0,0,0,0,0,0
1.043224,0,0,0,0,0,0,0,0
1.044552,0,0,0,0,0,0,0,0
1.045879,0,0,0,0,0,0,0,0
1.047194,0,0,0,0,0,0,0,0
1.048546,0,0,0,0,0,0,0,0
1.049870,0,0,0,0,0,0,0,0
1.051211,0,0,0,0,0,0,0,0
1.052546,0,0,0,0,0,0,0,0
1.053871,0,0,0,0,0,0,0,0
1.055193,0,0,0,0,0,0,0,0
1.056520,0,0,0,0,0,0,0,0
1.057851,0,0,0,0,0,0,0,0
1.059216,0,0,0,0,0,0,0,0
1.060542,0,0,0,0,0,0,0,0
1.061867,0,0,0,0,0,0,0,0
1.063301,0,0,0,0,0,0,0,0
1.064626,0,0,0,0,0,0,0,0
1.065961,0,0,0,0,0,0,0,0
1.067286,0,0,0,0,0,0,0,0
1.068667,0,0,0,0,0,0,0,0
1.069993,0,0,0,0,0,0,0,0
1.071318,0,0,0,0,0,0,0,0
1.072645,0,0,0,0,0,0,0,0
1.073976,0,0,0,0,0,0,0,0
1.075302,0,0,0,0,0,0,0,0
1.076627,0,0,0,0,0,0,0,0
1.077951,0,0,0,0,0,0,0,0
1.079283,0,0,0,0,0,0,0,0
1.080616,0,0,0,0,0,0,0,0
1.081940,0,0,0,0,0,0,0,0
1.083277,0,0,0,0,0,0,0,0
1.084603,0,0,0,0,0,0,0,0
1.085936,0,0,0,0,0,0,0,0
1.087263,0,0,0,0,0,0,0,0
1.088587,0,0,0,0,0,0,0,0
1.089920,0,0,0,0,0,0,0,0
1.091246,0,0,0,0,0,0,0,0
1.092579,0,0,0,0,0,0,0,0
1.093908,0,0,0,0,0,0,0,0
1.095208,0,0,0,0,0,0,0,0
1.096535,0,0,0,0,0,0,0,0
1.097864,0,0,0,0,0,0,0,0
1.099209,0,0,0,0,0,0,0,0
1.100549,0,0,0,0,0,0,0,0
1.101912,0,0,0,0,0,0,0,0
1.103281,0,0,0,0,0,0,0,0
1.104605,0,0,0,0,0,0,0,0
1.105926,0,0,0,0,0,0,0,0
1.107250,0,0,0,0,0,0,0,0
1.108573,0,0,0,0,0,0,0,0
1.109897,0,0,0,0,0,0,0,0
1.111195,0,0,0,0,0,0,0,0
1.112565,0,0,0,0,0,0,0,0
1.114018,0,0,0,0,0,0,0,0
1.115343,0,0,0,0,0,0,0,0
1.116665,0,0,0,0,0,0,0,0
1.117986,0,0,0,0,0,0,0,0
1.119308,0,0,0,0,0,0,0,0
1.120629,0,0,0,0,0,0,0,0
1.121967,0,0,0,0,0,0,0,0
1.123290,0,0,0,0,0,0,0,0
1.124617,0,0,0,0,0,0,0,0
1.125938,0,0,0,0,0,0,0,0
1.127262,0,0,0,0,0,0,0,0
1.129987,0,0,0,0,0,0,0,0
1.131314,0,0,0,0,0,0,0,0
1.132644,0,0,0,0,0,0,0,0
1.133969,0,0,0,0,0,0,0,0
1.135294,0,0,0,0,0,0,0,0
1.136620,0,0,0,0,0,0,0,0
1.137945,0,0,0,0,0,0,0,0
1.139270,0,0,0,0,0,0,0,0
1.140601,0,0,0,0,0,0,0,0
1.141927,0,0,0,0,0,0,0,0
1.143257,0,0,0,0,0,0,0,0
1.144578,0,0,0,0,0,0,0,0
1.145899,0,0,0,0,0,0,0,0
1.147226,0,0,0,0,0,0,0,0
1.148550,0,0,0,0,0,0,0,0
1.149871,0,0,0,0,0,0,0,0
1.151194,0,0,0,0,0,0,0,0
1.152516,0,0,0,0,0,0,0,0
1.153842,0,0,0,0,0,0,0,0
1.155165,0,0,0,0,0,0,0,0
1.156488,0,0,0,0,0,0,0,0
1.163225,0,0,0,0,0,0,0,0
1.164555,0,0,0,0,0,0,0,0
1.165877,0,0,0,0,0,0,0,0
1.167195,0,0,0,0,0,0,0,0
1.168517,0,0,0,0,0,0,0,0
1.169837,0,0,0,0,0,0,0,0
1.171159,0,0,0,0,0,0,0,0
1.172481,0,0,0,0,0,0,0,0
1.173803,0,0,0,0,0,0,0,0
1.175129,0,0,0,0,0,0,0,0
1.176515,0,0,0,0,0,0,0,0
1.177840,0,0,0,0,0,0,0,0
1.179164,0,0,0,0,0,0,0,0
1.180490,0,0,0,0,0,0,0,0
1.181813,0,0,0,0,0,0,0,0
1.183146,0,0,0,0,0,0,0,0
1.184518,0,0,0,0,0,0,0,0
1.185853,0,0,0,0,0,0,0,0
1.187175,0,0,0,0,0,0,0,0
1.188500,0,0,0,0,0,0,0,0
1.189820,0,0,0,0,0,0,0,0
1.191158,0,0,0,0,0,0,0,0
1.192489,0,0,0,0,0,0,0,0
1.193812,0,0,0,0,0,0,0,0
1.195152,0,0,0,0,0,0,0,0
1.196482,0,0,0,0,0,0,0,0
1.197805,0,0,0,0,0,0,0,0
1.199127,0,0,0,0,0,0,0,0
1.200516,0,0,0,0,0,0,0,0
1.201838,0,0,0,0,0,0,0,0
1.203160,0,0,0,0,0,0,0,0
1.204485,0,0,0,0,0,0,0,0
1.205805,0,0,0,0,0,0,0,0
1.207132,0,0,0,0,0,0,0,0
1.208514,0,0,0,0,0,0,0,0
1.209835,0,0,0,0,0,0,0,0
1.211157,0,0,0,0,0,0,0,0
1.212482,0,0,0,0,0,0,0,0
1.213804,0,0,0,0,0,0,0,0
1.215125,0,0,0,0,0,0,0,0
1.216515,0,0,0,0,0,0,0,0
1.217842,0,0,0,0,0,0,0,0
1.219174,0,0,0,0,0,0,0,0
1.220496,0,0,0,0,0,0,0,0
1.221817,0,0,0,0,0,0,0,0
1.223137,0,0,0,0,0,0,0,0
1.224527,0,0,0,0,0,0,0,0
1.225849,0,0,0,0,0,0,0,0
1.227456,0,0,0,0,0,0,0,0
1.228785,0,0,0,0,0,0,0,0
1.230110,0,0,0,0,0,0,0,0
1.231439,0,0,0,0,0,0,0,0
1.232765,0,0,0,0,0,0,0,0
1.234090,0,0,0,0,0,0,0,0
1.235432,0,0,0,0,0,0,0,0
1.236757,0,0,0,0,0,0,0,0
1.238080,0,0,0,0,0,0,0,0
1.239412,0,0,0,0,0,0,0,0
1.240738,0,0,0,0,0,0,0,0
1.242062,0,0,0,0,0,0,0,0
1.243387,0,0,0,0,0,0,0,0
1.244713,0,0,0,0,0,0,0,0
1.246038,0,0,0,0,0,0,0,0
1.247364,0,0,0,0,0,0,0,0
1.248689,0,0,0,0,0,0,0,0
1.250019,0,0,0,0,0,0,0,0
1.251345,0,0,0,0,0,0,0,0
1.252670,0,0,0,0,0,0,0,0
1.253995,0,0,0,0,0,0,0,0
1.255323,0,0,0,0,0,0,0,0
1.256650,0,0,0,0,0,0,0,0
1.257974,0,0,0,0,0,0,0,0
1.259300,0,0,0,0,0,0,0,0
1.260631,0,0,0,0,0,0,0,0
1.263843,0,0,0,0,0,0,0,0
1.265170,0,0,0,0,0,0,0,0
1.266512,0,0,0,0,0,0,0,0
1.267837,0,0,0,0,0,0,0,0
1.269162,0,0,0,0,0,0,0,0
1.270485,0,0,0,0,0,0,0,0
1.271816,0,0,0,0,0,0,0,0
1.273142,0,0,0,0,0,0,0,0
1.274483,0,0,0,0,0,0,0,0
1.275808,0,0,0,0,0,0,0,0
1.277132,0,0,0,0,0,0,0,0
1.278557,0,0,0,0,0,0,0,0
1.279884,0,0,0,0,0,0,0,0
1.281211,0,0,0,0,0,0,0,0
1.282558,0,0,0,0,0,0,0,0
1.283887,0,0,0,0,0,0,0,0
1.285212,0,0,0,0,0,0,0,0
1.286537,0,0,0,0,0,0,0,0
1.287865,0,0,0,0,0,0,0,0
1.289188,0,0,0,0,0,0,0,0
1.290547,0,0,0,0,0,0,0,0
1.291873,0,0,0,0,0,0,0,0
1.293204,0,0,0,0,0,0,0,0
1.294529,0,0,0,0,0,0,0,0
1.295854,0,0,0,0,0,0,0,0
1.297204,0,0,0,0,0,0,0,0
1.298545,0,0,0,0,0,0,0,0
1.299869,0,0,0,0,0,0,0,0
1.301195,0,0,0,0,0,0,0,0
1.302518,0,0,0,0,0,0,0,0
1.303850,0,0,0,0,0,0,0,0
1.305176,0,0,0,0,0,0,0,0
1.306519,0,0,0,0,0,0,0,0
1.307844,0,0,0,0,0,0,0,0
1.309169,0,0,0,0,0,0,0,0
1.310493,0,0,0,0,0,0,0,0
1.311818,0,0,0,0,0,0,0,0
1.313142,0,0,0,0,0,0,0,0
1.314492,0,0,0,0,0,0,0,0
1.315819,0,0,0,0,0,0,0,0
1.317144,0,0,0,0,0,0,0,0
1.318470,0,0,0,0,0,0,0,0
1.319795,0,0,0,0,0,0,0,0
1.321121,0,0,0,0,0,0,0,0
1.322462,0,0,0,0,0,0,0,0
1.323788,0,0,0,0,0,0,0,0
1.325118,0,0,0,0,0,0,0,0
1.326442,0,0,0,0,0,0,0,0
1.327765,0,0,0,0,0,0,0,0
1.329089,0,0,0,0,0,0,0,0
1.330430,0,0,0,0,0,0,0,0
1.331755,0,0,0,0,0,0,0,0
1.333080,0,0,0,0,0,0,0,0
1.334404,0,0,0,0,0,0,0,0
1.336427,0,0,0,0,0,0,0,0
1.337754,0,0,0,0,0,0,0,0
1.339080,0,0,0,0,0,0,0,0
1.340422,0,0,0,0,0,0,0,0
1.341747,0,0,0,0,0,0,0,0
1.343071,0,0,0,0,0,0,0,0
1.344417,0,0,0,0,0,0,0,0
1.345743,0,0,0,0,0,0,0,0
1.347075,0,0,0,0,0,0,0,0
1.348431,0,0,0,0,0,0,0,0
1.349757,0,0,0,0,0,0,0,0
1.351081,0,0,0,0,0,0,0,0
1.352411,0,0,0,0,0,0,0,0
1.353806,0,0,0,0,0,0,0,0
1.355130,0,0,0,0,0,0,0,0
1.356539,0,0,0,0,0,0,0,0
1.357871,0,0,0,0,0,0,0,0
1.359196,0,0,0,0,0,0,0,0
1.360521,0,0,0,0,0,0,0,0
1.361847,0,0,0,0,0,0,0,0
1.363233,0,0,0,0,0,0,0,0
1.364561,0,0,0,0,0,0,0,0
1.365885,0,0,0,0,0,0,0,0
1.367196,0,0,0,0,0,0,0,0
1.368528,0,0,0,0,0,0,0,0
1.369853,0,0,0,0,0,0,0,0
1.371217,0,0,0,0,0,0,0,0
1.372543,0,0,0,0,0,0,0,0
1.373867,0,0,0,0,0,0,0,0
1.375420,0,0,0,0,0,0,0,0
1.376745,0,0,0,0,0,0,0,0
1.378069,0,0,0,0,0,0,0,0
1.379415,0,0,0,0,0,0,0,0
1.380743,0,0,0,0,0,0,0,0
1.382068,0,0,0,0,0,0,0,0
1.383393,0,0,0,0,0,0,0,0
1.384719,0,0,0,0,0,0,0,0
1.386044,0,0,0,0,0,0,0,0
1.387368,0,0,0,0,0,0,0,0
1.388693,0,0,0,0,0,0,0,0
1.390024,0,0,0,0,0,0,0,0
1.391350,0,0,0,0,0,0,0,0
1.392676,0,0,0,0,0,0,0,0
1.394000,0,0,0,0,0,0,0,0
1.395326,0,0,0,0,0,0,0,0
1.396651,0,0,0,0,0,0,0,0
1.399282,0,0,0,0,0,0,0,0
1.400613,0,0,0,0,0,0,0,0
1.401939,0,0,0,0,0,0,0,0
1.403327,0,0,0,0,0,0,0,0
1.406038,0,0,0,0,0,0,0,0
1.407364,0,0,0,0,0,0,0,0
1.408691,0,0,0,0,0,0,0,0
1.410017,0,0,0,0,0,0,0,0
1.411350,0,0,0,0,0,0,0,0
1.412674,0,0,0,0,0,0,0,0
1.414002,0,0,0,0,0,0,0,0
1.415328,0,0,0,0,0,0,0,0
1.416653,0,0,0,0,0,0,0,0
1.417980,0,0,0,0,0,0,0,0
1.419304,0,0,0,0,0,0,0,0
1.420630,0,0,0,0,0,0,0,0
1.421961,0,0,0,0,0,0,0,0
1.423287,0,0,0,0,0,0,0,0
1.424611,0,0,0,0,0,0,0,0
1.425934,0,0,0,0,0,0,0,0
1.427258,0,0,0,0,0,0,0,0
1.428584,0,0,0,0,0,0,0,0
1.429907,0,0,0,0,0,0,0,0
1.431195,0,0,0,0,0,0,0,0
1.432527,0,0,0,0,0,0,0,0
1.433852,0,0,0,0,0,0,0,0
1.435177,0,0,0,0,0,0,0,0
1.436529,0,0,0,0,0,0,0,0
1.437854,0,0,0,0,0,0,0,0
1.439177,0,0,0,0,0,0,0,0
1.440513,0,0,0,0,0,0,0,0
1.441839,0,0,0,0,0,0,0,0
1.443169,0,0,0,0,0,0,0,0
1.444499,0,0,0,0,0,0,0,0
1.445824,0,0,0,0,0,0,0,0
1.447149,0,0,0,0,0,0,0,0
1.448528,0,0,0,0,0,0,0,0
1.449853,0,0,0,0,0,0,0,0
1.451217,0,0,0,0,0,0,0,0
1.452544,0,0,0,0,0,0,0,0
1.453874,0,0,0,0,0,0,0,0
1.455199,0,0,0,0,0,0,0,0
1.456524,0,0,0,0,0,0,0,0
1.457849,0,0,0,0,0,0,0,0
1.459174,0,0,0,0,0,0,0,0
1.460502,0,0,0,0,0,0,0,0
1.461828,0,0,0,0,0,0,0,0
1.463152,0,0,0,0,0,0,0,0
1.464488,0,0,0,0,0,0,0,0
1.466037,0,0,0,0,0,0,0,0
1.467363,0,0,0,0,0,0,0,0
1.468688,0,0,0,0,0,0,0,0
1.477137,0,0,0,0,0,0,0,0
1.478468,0,0,0,0,0,0,0,0
1.479797,0,0,0,0,0,0,0,0
1.481121,0,0,0,0,0,0,0,0
1.482446,0,0,0,0,0,0,0,0
1.483772,0,0,0,0,0,0,0,0
1.485095,0,0,0,0,0,0,0,0
1.486420,0,0,0,0,0,0,0,0
1.487744,0,0,0,0,0,0,0,0
1.489073,0,0,0,0,0,0,0,0
1.490421,0,0,0,0,0,0,0,0
1.491748,0,0,0,0,0,0,0,0
1.493073,0,0,0,0,0,0,0,0
1.494399,0,0,0,0,0,0,0,0
1.495725,0,0,0,0,0,0,0,0
1.497050,0,0,0,0,0,0,0,0
1.498394,0,0,0,0,0,0,0,0
1.499728,0,0,0,0,0,0,0,0
1.501210,0,0,0,0,0,0,0,0
1.502580,0,0,0,0,0,0,0,0
1.503956,0,0,0,0,0,0,0,0
1.505326,0,0,0,0,0,0,0,0
1.506753,0,0,0,0,0,0,0,0
1.508221,0,0,0,0,0,0,0,0
1.509545,0,0,0,0,0,0,0,0
1.510887,0,0,0,0,0,0,0,0
1.512215,0,0,0,0,0,0,0,0
1.513541,0,0,0,0,0,0,0,0
1.514884,0,0,0,0,0,0,0,0
1.516210,0,0,0,0,0,0,0,0
1.517540,0,0,0,0,0,0,0,0
1.518865,0,0,0,0,0,0,0,0
1.520190,0,0,0,0,0,0,0,0
1.521520,0,0,0,0,0,0,0,0
1.522863,0,0,0,0,0,0,0,0
1.524191,0,0,0,0,0,0,0,0
1.525517,0,0,0,0,0,0,0,0
1.526839,0,0,0,0,0,0,0,0
1.528165,0,0,0,0,0,0,0,0
1.529489,0,0,0,0,0,0,0,0
1.530829,0,0,0,0,0,0,0,0
1.532160,0,0,0,0,0,0,0,0
1.533486,0,0,0,0,0,0,0,0
1.534812,0,0,0,0,0,0,0,0
1.536139,0,0,0,0,0,0,0,0
1.537465,0,0,0,0,0,0,0,0
1.538792,0,0,0,0,0,0,0,0
1.540118,0,0,0,0,0,0,0,0
1.541446,0,0,0,0,0,0,0,0
1.542775,0,0,0,0,0,0,0,0
1.544102,0,0,0,0,0,0,0,0
1.545428,0,0,0,0,0,0,0,0
1.551194,0,0,0,0,0,0,0,0
1.552519,0,0,0,0,0,0,0,0
1.553844,0,0,0,0,0,0,0,0
1.555166,0,0,0,0,0,0,0,0
1.556491,0,0,0,0,0,0,0,0
1.557812,0,0,0,0,0,0,0,0
1.559135,0,0,0,0,0,0,0,0
1.560515,0,0,0,0,0,0,0,0
1.561839,0,0,0,0,0,0,0,0
1.563177,0,0,0,0,0,0,0,0
1.567191,0,0,0,0,0,0,0,0
1.571516,0,0,0,0,0,0,0,0
1.572839,0,0,0,0,0,0,0,0
1.574160,0,0,0,0,0,0,0,0
1.575486,0,0,0,0,0,0,0,0
1.576809,0,0,0,0,0,0,0,0
1.578134,0,0,0,0,0,0,0,0
1.579473,0,0,0,0,0,0,0,0
1.580797,0,0,0,0,0,0,0,0
1.582120,0,0,0,0,0,0,0,0
1.583442,0,0,0,0,0,0,0,0
1.584763,0,0,0,0,0,0,0,0
1.587569,0,0,0,0,0,0,0,0
1.588897,0,0,0,0,0,0,0,0
1.590222,0,0,0,0,0,0,0,0
1.591547,0,0,0,0,0,0,0,0
1.592872,0,0,0,0,0,0,0,0
1.594197,0,0,0,0,0,0,0,0
1.595539,0,0,0,0,0,0,0,0
1.599192,0,0,0,0,0,0,0,0
1.600519,0,0,0,0,0,0,0,0
1.601844,0,0,0,0,0,0,0,0
1.603305,0,0,0,0,0,0,0,0
1.604631,0,0,0,0,0,0,0,0
1.607194,0,0,0,0,0,0,0,0
1.613048,0,0,0,0,0,0,0,0
1.614374,0,0,0,0,0,0,0,0
1.615705,0,0,0,0,0,0,0,0
1.617027,0,0,0,0,0,0,0,0
1.618366,0,0,0,0,0,0,0,0
1.623195,0,0,0,0,0,0,0,0
1.624520,0,0,0,0,0,0,0,0
1.625842,0,0,0,0,0,0,0,0
1.627211,0,0,0,0,0,0,0,0
1.628536,0,0,0,0,0,0,0,0
1.629861,0,0,0,0,0,0,0,0
1.631189,0,0,0,0,0,0,0,0
1.632513,0,0,0,0,0,0,0,0
1.633837,0,0,0,0,0,0,0,0
1.635159,0,0,0,0,0,0,0,0
1.636485,0,0,0,0,0,0,0,0
1.637841,0,0,0,0,0,0,0,0
1.639163,0,0,0,0,0,0,0,0
1.640490,0,0,0,0,0,0,0,0
1.641811,0,0,0,0,0,0,0,0
1.643133,0,0,0,0,0,0,0,0
1.644528,0,0,0,0,0,0,0,0
1.645854,0,0,0,0,0,0,0,0
1.647176,0,0,0,0,0,0,0,0
1.648512,0,0,0,0,0,0,0,0
1.649834,0,0,0,0,0,0,0,0
1.651177,0,0,0,0,0,0,0,0
1.652522,0,0,0,0,0,0,0,0
1.653844,0,0,0,0,0,0,0,0
1.655166,0,0,0,0,0,0,0,0
1.656489,0,0,0,0,0,0,0,0
1.657812,0,0,0,0,0,0,0,0
1.659147,0,0,0,0,0,0,0,0
1.660532,0,0,0,0,0,0,0,0
1.661858,0,0,0,0,0,0,0,0
1.663200,0,0,0,0,0,0,0,0
1.664522,0,0,0,0,0,0,0,0
1.665844,0,0,0,0,0,0,0,0
1.667166,0,0,0,0,0,0,0,0
1.668491,0,0,0,0,0,0,0,0
1.669813,0,0,0,0,0,0,0,0
1.671142,0,0,0,0,0,0,0,0
1.672520,0,0,0,0,0,0,0,0
1.673842,0,0,0,0,0,0,0,0
1.675166,0,0,0,0,0,0,0,0
1.676489,0,0,0,0,0,0,0,0
1.677812,0,0,0,0,0,0,0,0
1.679134,0,0,0,0,0,0,0,0
1.680515,0,0,0,0,0,0,0,0
1.688853,0,0,0,0,0,0,0,0
1.690181,0,0,0,0,0,0,0,0
1.691507,0,0,0,0,0,0,0,0
1.692830,0,0,0,0,0,0,0,0
1.694152,0,0,0,0,0,0,0,0
1.695473,0,0,0,0,0,0,0,0
1.696795,0,0,0,0,0,0,0,0
1.698118,0,0,0,0,0,0,0,0
1.699460,0,0,0,0,0,0,0,0
1.700786,0,0,0,0,0,0,0,0
1.702108,0,0,0,0,0,0,0,0
1.703442,0,0,0,0,0,0,0,0
1.704765,0,0,0,0,0,0,0,0
1.706089,0,0,0,0,0,0,0,0
1.707428,0,0,0,0,0,0,0,0
1.708754,0,0,0,0,0,0,0,0
1.710079,0,0,0,0,0,0,0,0
1.711409,0,0,0,0,0,0,0,0
1.712734,0,0,0,0,0,0,0,0
1.714059,0,0,0,0,0,0,0,0
1.715384,0,0,0,0,0,0,0,0
1.716710,0,0,0,0,0,0,0,0
1.718033,0,0,0,0,0,0,0,0
1.719469,0,0,0,0,0,0,0,0
1.720795,0,0,0,0,0,0,0,0
1.722125,0,0,0,0,0,0,0,0
1.723468,0,0,0,0,0,0,0,0
1.724794,0,0,0,0,0,0,0,0
1.726119,0,0,0,0,0,0,0,0
1.727443,0,0,0,0,0,0,0,0
1.728768,0,0,0,0,0,0,0,0
1.730092,0,0,0,0,0,0,0,0
1.731435,0,0,0,0,0,0,0,0
1.732765,0,0,0,0,0,0,0,0
1.734089,0,0,0,0,0,0,0,0
1.735415,0,0,0,0,0,0,0,0
1.736739,0,0,0,0,0,0,0,0
1.738063,0,0,0,0,0,0,0,0
1.739389,0,0,0,0,0,0,0,0
1.740715,0,0,0,0,0,0,0,0
1.742039,0,0,0,0,0,0,0,0
1.743369,0,0,0,0,0,0,0,0
1.744695,0,0,0,0,0,0,0,0
1.746018,0,0,0,0,0,0,0,0
1.747345,0,0,0,0,0,0,0,0
1.748719,0,0,0,0,0,0,0,0
1.750091,0,0,0,0,0,0,0,0
1.751460,0,0,0,0,0,0,0,0
1.753782,0,0,0,0,0,0,0,0
1.755164,0,0,0,0,0,0,0,0
1.756540,0,0,0,0,0,0,0,0
1.757911,0,0,0,0,0,0,0,0
1.759284,0,0,0,0,0,0,0,0
1.760667,0,0,0,0,0,0,0,0
1.762042,0,0,0,0,0,0,0,0
1.763412,0,0,0,0,0,0,0,0
1.764785,0,0,0,0,0,0,0,0
1.766162,0,0,0,0,0,0,0,0
1.767533,0,0,0,0,0,0,0,0
1.768905,0,0,0,0,0,0,0,0
1.770278,0,0,0,0,0,0,0,0
1.771674,0,0,0,0,0,0,0,0
1.773046,0,0,0,0,0,0,0,0
1.774421,0,0,0,0,0,0,0,0
1.775790,0,0,0,0,0,0,0,0
1.777166,0,0,0,0,0,0,0,0
1.778540,0,0,0,0,0,0,0,0
1.779911,0,0,0,0,0,0,0,0
1.781282,0,0,0,0,0,0,0,0
1.782655,0,0,0,0,0,0,0,0
1.784027,0,0,0,0,0,0,0,0
1.785399,0,0,0,0,0,0,0,0
1.788492,0,0,0,0,0,0,0,0
1.789987,0,0,0,0,0,0,0,0
1.791474,0,0,0,0,0,0,0,0
1.792802,0,0,0,0,0,0,0,0
1.794127,0,0,0,0,0,0,0,0
1.795471,0,0,0,0,0,0,0,0
1.796795,0,0,0,0,0,0,0,0
1.798122,0,0,0,0,0,0,0,0
1.799448,0,0,0,0,0,0,0,0
1.800773,0,0,0,0,0,0,0,0
1.802097,0,0,0,0,0,0,0,0
1.803442,0,0,0,0,0,0,0,0
1.804769,0,0,0,0,0,0,0,0
1.806389,0,0,0,0,0,0,0,0
1.807714,0,0,0,0,0,0,0,0
1.809044,0,0,0,0,0,0,0,0
1.810421,0,0,0,0,0,0,0,0
1.811757,0,0,0,0,0,0,0,0
1.815196,0,0,0,0,0,0,0,0
1.816573,0,0,0,0,0,0,0,0
1.817945,0,0,0,0,0,0,0,0
1.819318,0,0,0,0,0,0,0,0
1.820690,0,0,0,0,0,0,0,0
1.822060,0,0,0,0,0,0,0,0
1.823432,0,0,0,0,0,0,0,0
1.824807,0,0,0,0,0,0,0,0
1.826180,0,0,0,0,0,0,0,0
1.827572,0,0,0,0,0,0,0,0
1.829019,0,0,0,0,0,0,0,0
1.830503,0,0,0,0,0,0,0,0
1.831946,0,0,0,0,0,0,0,0
1.833277,0,0,0,0,0,0,0,0
1.834619,0,0,0,0,0,0,0,0
1.835945,0,0,0,0,0,0,0,0
1.837270,0,0,0,0,0,0,0,0
1.838595,0,0,0,0,0,0,0,0
1.839920,0,0,0,0,0,0,0,0
1.841245,0,0,0,0,0,0,0,0
1.842572,0,0,0,0,0,0,0,0
1.843906,0,0,0,0,0,0,0,0
1.845230,0,0,0,0,0,0,0,0
1.846557,0,0,0,0,0,0,0,0
1.847883,0,0,0,0,0,0,0,0
1.849208,0,0,0,0,0,0,0,0
1.850551,0,0,0,0,0,0,0,0
1.851879,0,0,0,0,0,0,0,0
1.853204,0,0,0,0,0,0,0,0
1.854535,0,0,0,0,0,0,0,0
1.859223,0,0,0,0,0,0,0,0
1.860653,0,0,0,0,0,0,0,0
1.862035,0,0,0,0,0,0,0,0
1.863407,0,0,0,0,0,0,0,0
1.864743,0,0,0,0,0,0,0,0
1.866073,0,0,0,0,0,0,0,0
1.867424,0,0,0,0,0,0,0,0
1.868790,0,0,0,0,0,0,0,0
1.870157,0,0,0,0,0,0,0,0
1.871525,0,0,0,0,0,0,0,0
1.872849,0,0,0,0,0,0,0,0
1.874171,0,0,0,0,0,0,0,0
1.875517,0,0,0,0,0,0,0,0
1.876842,0,0,0,0,0,0,0,0
1.878165,0,0,0,0,0,0,0,0
1.879489,0,0,0,0,0,0,0,0
1.880818,0,0,0,0,0,0,0,0
1.884034,0,0,0,0,0,0,0,0
1.885358,0,0,0,0,0,0,0,0
1.886687,0,0,0,0,0,0,0,0
1.888010,0,0,0,0,0,0,0,0
1.889334,0,0,0,0,0,0,0,0
1.890673,0,0,0,0,0,0,0,0
1.891996,0,0,0,0,0,0,0,0
1.893319,0,0,0,0,0,0,0,0
1.894642,0,0,0,0,0,0,0,0
1.895982,0,0,0,0,0,0,0,0
1.897316,0,0,0,0,0,0,0,0
1.898660,0,0,0,0,0,0,0,0
1.899987,0,0,0,0,0,0,0,0
1.901312,0,0,0,0,0,0,0,0
1.902638,0,0,0,0,0,0,0,0
1.903964,0,0,0,0,0,0,0,0
1.905288,0,0,0,0,0,0,0,0
1.906630,0,0,0,0,0,0,0,0
1.907962,0,0,0,0,0,0,0,0
1.909287,0,0,0,0,0,0,0,0
1.910613,0,0,0,0,0,0,0,0
1.911939,0,0,0,0,0,0,0,0
1.913264,0,0,0,0,0,0,0,0
1.914589,0,0,0,0,0,0,0,0
1.915916,0,0,0,0,0,0,0,0
1.917241,0,0,0,0,0,0,0,0
1.918572,0,0,0,0,0,0,0,0
1.919899,0,0,0,0,0,0,0,0
1.921227,0,0,0,0,0,0,0,0
1.922570,0,0,0,0,0,0,0,0
1.927542,0,0,0,0,0,0,0,0
1.928877,0,0,0,0,0,0,0,0
1.930205,0,0,0,0,0,0,0,0
1.931551,0,0,0,0,0,0,0,0
1.932880,0,0,0,0,0,0,0,0
1.934204,0,0,0,0,0,0,0,0
1.935531,0,0,0,0,0,0,0,0
1.936855,0,0,0,0,0,0,0,0
1.938186,0,0,0,0,0,0,0,0
1.939533,0,0,0,0,0,0,0,0
1.940866,0,0,0,0,0,0,0,0
1.942201,0,0,0,0,0,0,0,0
1.943528,0,0,0,0,0,0,0,0
1.944852,0,0,0,0,0,0,0,0
1.946177,0,0,0,0,0,0,0,0
1.947520,0,0,0,0,0,0,0,0
1.948845,0,0,0,0,0,0,0,0
1.950172,0,0,0,0,0,0,0,0
1.951498,0,0,0,0,0,0,0,0
1.952936,0,0,0,0,0,0,0,0
1.954261,0,0,0,0,0,0,0,0
1.955604,0,0,0,0,0,0,0,0
1.959193,0,0,0,0,0,0,0,0
1.960530,0,0,0,0,0,0,0,0
1.961855,0,0,0,0,0,0,0,0
1.963237,0,0,0,0,0,0,0,0
1.964567,0,0,0,0,0,0,0,0
1.965892,0,0,0,0,0,0,0,0
1.967197,0,0,0,0,0,0,0,0
1.968522,0,0,0,0,0,0,0,0
1.969845,0,0,0,0,0,0,0,0
1.971177,0,0,0,0,0,0,0,0
1.972540,0,0,0,0,0,0,0,0
1.973864,0,0,0,0,0,0,0,0
1.975196,0,0,0,0,0,0,0,0
1.976522,0,0,0,0,0,0,0,0
1.977847,0,0,0,0,0,0,0,0
1.979213,0,0,0,0,0,0,0,0
1.980539,0,0,0,0,0,0,0,0
1.981868,0,0,0,0,0,0,0,0
1.983196,0,0,0,0,0,0,0,0
1.984523,0,0,0,0,0,0,0,0
1.985852,0,0,0,0,0,0,0,0
1.987177,0,0,0,0,0,0,0,0
1.988526,0,0,0,0,0,0,0,0
1.989851,0,0,0,0,0,0,0,0
1.991175,0,0,0,0,0,0,0,0
1.992505,0,0,0,0,0,0,0,0
1.993830,0,0,0,0,0,0,0,0
1.995157,0,0,0,0,0,0,0,0
1.996489,0,0,0,0,0,0,0,0
1.997814,0,0,0,0,0,0,0,0
1.999139,0,0,0,0,0,0,0,0
2.000518,0,0,0,0,0,0,0,0
2.001844,0,0,0,0,0,0,0,0
2.003174,0,0,0,0,0,0,0,0
2.004501,0,0,0,0,0,0,0,0
2.005827,0,0,0,0,0,0,0,0
2.007151,0,0,0,0,0,0,0,0
2.011511,0,0,0,0,0,0,0,0
2.012838,0,0,0,0,0,0,0,0
2.014168,0,0,0,0,0,0,0,0
2.015495,0,0,0,0,0,0,0,0
2.016867,0,0,0,0,0,0,0,0
2.018240,0,0,0,0,0,0,0,0
2.019636,0,0,0,0,0,0,0,0
2.021010,0,0,0,0,0,0,0,0
2.022380,0,0,0,0,0,0,0,0
2.023754,0,0,0,0,0,0,0,0
2.025130,0,0,0,0,0,0,0,0
2.026522,0,0,0,0,0,0,0,0
2.027894,0,0,0,0,0,0,0,0
2.030662,0,0,0,0,0,0,0,0
2.032045,0,0,0,0,0,0,0,0
2.033419,0,0,0,0,0,0,0,0
2.034807,0,0,0,0,0,0,0,0
2.036183,0,0,0,0,0,0,0,0
2.037549,0,0,0,0,0,0,0,0
2.038914,0,0,0,0,0,0,0,0
2.040249,0,0,0,0,0,0,0,0
2.041570,0,0,0,0,0,0,0,0
2.042906,0,0,0,0,0,0,0,0
2.044229,0,0,0,0,0,0,0,0
2.045551,0,0,0,0,0,0,0,0
2.046877,0,0,0,0,0,0,0,0
2.048342,0,0,0,0,0,0,0,0
2.049756,0,0,0,0,0,0,0,0
2.051146,0,0,0,0,0,0,0,0
2.052594,0,0,0,0,0,0,0,0
2.053962,0,0,0,0,0,0,0,0
2.055336,0,0,0,0,0,0,0,0
2.056705,0,0,0,0,0,0,0,0
2.058079,0,0,0,0,0,0,0,0
2.059449,0,0,0,0,0,0,0,0
2.060821,0,0,0,0,0,0,0,0
2.062190,0,0,0,0,0,0,0,0
2.063561,0,0,0,0,0,0,0,0
2.064929,0,0,0,0,0,0,0,0
2.066296,0,0,0,0,0,0,0,0
2.067688,0,0,0,0,0,0,0,0
2.069062,0,0,0,0,0,0,0,0
2.070432,0,0,0,0,0,0,0,0
2.071912,0,0,0,0,0,0,0,0
2.076028,0,0,0,0,0,0,0,0
2.077399,0,0,0,0,0,0,0,0
2.078771,0,0,0,0,0,0,0,0
2.080280,0,0,0,0,0,0,0,0
2.081651,0,0,0,0,0,0,0,0
2.083046,0,0,0,0,0,0,0,0
2.084425,0,0,0,0,0,0,0,0
2.085793,0,0,0,0,0,0,0,0
2.087277,0,0,0,0,0,0,0,0
2.088757,0,0,0,0,0,0,0,0
2.090128,0,0,0,0,0,0,0,0
2.091527,0,0,0,0,0,0,0,0
2.092898,0,0,0,0,0,0,0,0
2.095199,0,0,0,0,0,0,0,0
2.096573,0,0,0,0,0,0,0,0
2.098055,0,0,0,0,0,0,0,0
2.099427,0,0,0,0,0,0,0,0
2.100799,0,0,0,0,0,0,0,0
2.102277,0,0,0,0,0,0,0,0
2.105516,0,0,0,0,0,0,0,0
2.107022,0,0,0,0,0,0,0,0
2.108487,0,0,0,0,0,0,0,0
2.109969,0,0,0,0,0,0,0,0
2.111452,0,0,0,0,0,0,0,0
2.112938,0,0,0,0,0,0,0,0
2.114443,0,0,0,0,0,0,0,0
2.115928,0,0,0,0,0,0,0,0
2.117413,0,0,0,0,0,0,0,0
2.118937,0,0,0,0,0,0,0,0
2.123225,0,0,0,0,0,0,0,0
2.124717,0,0,0,0,0,0,0,0
2.126199,0,0,0,0,0,0,0,0
2.127681,0,0,0,0,0,0,0,0
2.129163,0,0,0,0,0,0,0,0
2.130672,0,0,0,0,0,0,0,0
2.132155,0,0,0,0,0,0,0,0
2.133638,0,0,0,0,0,0,0,0
2.135129,0,0,0,0,0,0,0,0
2.136578,0,0,0,0,0,0,0,0
2.137971,0,0,0,0,0,0,0,0
2.139479,0,0,0,0,0,0,0,0
2.140959,0,0,0,0,0,0,0,0
2.142440,0,0,0,0,0,0,0,0
2.143923,0,0,0,0,0,0,0,0
2.145410,0,0,0,0,0,0,0,0
2.146920,0,0,0,0,0,0,0,0
2.148397,0,0,0,0,0,0,0,0
2.149880,0,0,0,0,0,0,0,0
2.151364,0,0,0,0,0,0,0,0
2.152844,0,0,0,0,0,0,0,0
2.154350,0,0,0,0,0,0,0,0
2.155838,0,0,0,0,0,0,0,0
2.157351,0,0,0,0,0,0,0,0
2.158833,0,0,0,0,0,0,0,0
2.160347,0,0,0,0,0,0,0,0
2.161831,0,0,0,0,0,0,0,0
2.163313,0,0,0,0,0,0,0,0
2.164796,0,0,0,0,0,0,0,0
2.169022,0,0,0,0,0,0,0,0
2.170560,0,0,0,0,0,0,0,0
2.172044,0,0,0,0,0,0,0,0
2.175177,0,0,0,0,0,0,0,0
2.176579,0,0,0,0,0,0,0,0
2.178061,0,0,0,0,0,0,0,0
2.179569,0,0,0,0,0,0,0,0
2.181055,0,0,0,0,0,0,0,0
2.182537,0,0,0,0,0,0,0,0
2.184020,0,0,0,0,0,0,0,0
2.185503,0,0,0,0,0,0,0,0
2.187028,0,0,0,0,0,0,0,0
2.192344,0,0,0,0,0,0,0,0
2.193826,0,0,0,0,0,0,0,0
2.195308,0,0,0,0,0,0,0,0
2.196793,0,0,0,0,0,0,0,0
2.198280,0,0,0,0,0,0,0,0
2.199765,0,0,0,0,0,0,0,0
2.201249,0,0,0,0,0,0,0,0
2.202759,0,0,0,0,0,0,0,0
2.204280,0,0,0,0,0,0,0,0
2.205762,0,0,0,0,0,0,0,0
2.207245,0,0,0,0,0,0,0,0
2.208736,0,0,0,0,0,0,0,0
2.210221,0,0,0,0,0,0,0,0
2.211616,0,0,0,0,0,0,0,0
2.213078,0,0,0,0,0,0,0,0
2.214561,0,0,0,0,0,0,0,0
2.216048,0,0,0,0,0,0,0,0
2.217531,0,0,0,0,0,0,0,0
2.219043,0,0,0,0,0,0,0,0
2.220429,0,0,0,0,0,0,0,0
2.221911,0,0,0,0,0,0,0,0
2.223395,0,0,0,0,0,0,0,0
2.224877,0,0,0,0,0,0,0,0
2.226385,0,0,0,0,0,0,0,0
2.227869,0,0,0,0,0,0,0,0
2.236174,0,0,0,0,0,0,0,0
2.237702,0,0,0,0,0,0,0,0
2.239194,0,0,0,0,0,0,0,0
2.240685,0,0,0,0,0,0,0,0
2.242168,0,0,0,0,0,0,0,0
2.243565,0,0,0,0,0,0,0,0
2.245048,0,0,0,0,0,0,0,0
2.246529,0,0,0,0,0,0,0,0
2.248013,0,0,0,0,0,0,0,0
2.249495,0,0,0,0,0,0,0,0
2.251005,0,0,0,0,0,0,0,0
2.252485,0,0,0,0,0,0,0,0
2.253968,0,0,0,0,0,0,0,0
2.255341,0,0,0,0,0,0,0,0
2.256823,0,0,0,0,0,0,0,0
2.258307,0,0,0,0,0,0,0,0
2.259789,0,0,0,0,0,0,0,0
2.261279,0,0,0,0,0,0,0,0
2.262765,0,0,0,0,0,0,0,0
2.264269,0,0,0,0,0,0,0,0
2.265753,0,0,0,0,0,0,0,0
2.267228,0,0,0,0,0,0,0,0
2.268602,0,0,0,0,0,0,0,0
2.269977,0,0,0,0,0,0,0,0
2.271467,0,0,0,0,0,0,0,0
2.272841,0,0,0,0,0,0,0,0
2.274214,0,0,0,0,0,0,0,0
2.275611,0,0,0,0,0,0,0,0
2.276982,0,0,0,0,0,0,0,0
2.278356,0,0,0,0,0,0,0,0
2.279840,0,0,0,0,0,0,0,0
2.281212,0,0,0,0,0,0,0,0
2.282635,0,0,0,0,0,0,0,0
2.284120,0,0,0,0,0,0,0,0
2.285611,0,0,0,0,0,0,0,0
2.287138,0,0,0,0,0,0,0,0
2.288608,0,0,0,0,0,0,0,0
2.290044,0,0,0,0,0,0,0,0
2.291391,0,0,0,0,0,0,0,0
2.292735,0,0,0,0,0,0,0,0
2.295197,0,0,0,0,0,0,0,0
2.298418,0,0,0,0,0,0,0,0
2.299743,0,0,0,0,0,0,0,0
2.301070,0,0,0,0,0,0,0,0
2.302392,0,0,0,0,0,0,0,0
2.303720,0,0,0,0,0,0,0,0
2.305044,0,0,0,0,0,0,0,0
2.306382,0,0,0,0,0,0,0,0
2.307707,0,0,0,0,0,0,0,0
2.309032,0,0,0,0,0,0,0,0
2.310466,0,0,0,0,0,0,0,0
2.311792,0,0,0,0,0,0,0,0
2.313119,0,0,0,0,0,0,0,0
2.314449,0,0,0,0,0,0,0,0
2.315886,0,0,0,0,0,0,0,0
2.317323,0,0,0,0,0,0,0,0
2.318757,0,0,0,0,0,0,0,0
2.320192,0,0,0,0,0,0,0,0
2.321627,0,0,0,0,0,0,0,0
2.323061,0,0,0,0,0,0,0,0
2.324456,0,0,0,0,0,0,0,0
2.325970,0,0,0,0,0,0,0,0
2.327409,0,0,0,0,0,0,0,0
2.328789,0,0,0,0,0,0,0,0
2.330223,0,0,0,0,0,0,0,0
2.331569,0,0,0,0,0,0,0,0
2.333004,0,0,0,0,0,0,0,0
2.334438,0,0,0,0,0,0,0,0
2.335879,0,0,0,0,0,0,0,0
2.337315,0,0,0,0,0,0,0,0
2.338752,0,0,0,0,0,0,0,0
2.340188,0,0,0,0,0,0,0,0
2.341623,0,0,0,0,0,0,0,0
2.343058,0,0,0,0,0,0,0,0
2.344494,0,0,0,0,0,0,0,0
2.345934,0,0,0,0,0,0,0,0
2.347368,0,0,0,0,0,0,0,0
2.348802,0,0,0,0,0,0,0,0
2.350236,0,0,0,0,0,0,0,0
2.351672,0,0,0,0,0,0,0,0
2.353108,0,0,0,0,0,0,0,0
2.354558,0,0,0,0,0,0,0,0
2.355998,0,0,0,0,0,0,0,0
2.357433,0,0,0,0,0,0,0,0
2.359026,0,0,0,0,0,0,0,0
2.360410,0,0,0,0,0,0,0,0
2.361844,0,0,0,0,0,0,0,0
2.363279,0,0,0,0,0,0,0,0
2.364715,0,0,0,0,0,0,0,0
2.366155,0,0,0,0,0,0,0,0
2.367593,0,0,0,0,0,0,0,0
2.370763,0,0,0,0,0,0,0,0
2.372299,0,0,0,0,0,0,0,0
2.373733,0,0,0,0,0,0,0,0
2.375167,0,0,0,0,0,0,0,0
2.376608,0,0,0,0,0,0,0,0
2.378044,0,0,0,0,0,0,0,0
2.379495,0,0,0,0,0,0,0,0
2.381008,0,0,0,0,0,0,0,0
2.382442,0,0,0,0,0,0,0,0
2.383878,0,0,0,0,0,0,0,0
2.385311,0,0,0,0,0,0,0,0
2.386753,0,0,0,0,0,0,0,0
2.388188,0,0,0,0,0,0,0,0
2.389623,0,0,0,0,0,0,0,0
2.391060,0,0,0,0,0,0,0,0
2.392497,0,0,0,0,0,0,0,0
2.393933,0,0,0,0,0,0,0,0
2.395368,0,0,0,0,0,0,0,0
2.396806,0,0,0,0,0,0,0,0
2.398239,0,0,0,0,0,0,0,0
2.399674,0,0,0,0,0,0,0,0
2.401109,0,0,0,0,0,0,0,0
2.402560,0,0,0,0,0,0,0,0
2.403995,0,0,0,0,0,0,0,0
2.405430,0,0,0,0,0,0,0,0
2.406869,0,0,0,0,0,0,0,0
2.408312,0,0,0,0,0,0,0,0
2.409746,0,0,0,0,0,0,0,0
2.411239,0,0,0,0,0,0,0,0
2.412678,0,0,0,0,0,0,0,0
2.414112,0,0,0,0,0,0,0,0
2.415548,0,0,0,0,0,0,0,0
2.419404,0,0,0,0,0,0,0,0
2.420840,0,0,0,0,0,0,0,0
2.422275,0,0,0,0,0,0,0,0
2.423711,0,0,0,0,0,0,0,0
2.425145,0,0,0,0,0,0,0,0
2.426596,0,0,0,0,0,0,0,0
2.428037,0,0,0,0,0,0,0,0
2.429473,0,0,0,0,0,0,0,0
2.430907,0,0,0,0,0,0,0,0
2.432300,0,0,0,0,0,0,0,0
2.435224,0,0,0,0,0,0,0,0
2.436631,0,0,0,0,0,0,0,0
2.437964,0,0,0,0,0,0,0,0
2.439402,0,0,0,0,0,0,0,0
2.440837,0,0,0,0,0,0,0,0
2.442281,0,0,0,0,0,0,0,0
2.443624,0,0,0,0,0,0,0,0
2.445099,0,0,0,0,0,0,0,0
2.446533,0,0,0,0,0,0,0,0
2.447969,0,0,0,0,0,0,0,0
2.449408,0,0,0,0,0,0,0,0
2.450841,0,0,0,0,0,0,0,0
2.452338,0,0,0,0,0,0,0,0
2.453773,0,0,0,0,0,0,0,0
2.455195,0,0,0,0,0,0,0,0
2.456631,0,0,0,0,0,0,0,0
2.458064,0,0,0,0,0,0,0,0
2.459521,0,0,0,0,0,0,0,0
2.460955,0,0,0,0,0,0,0,0
2.462389,0,0,0,0,0,0,0,0
2.463825,0,0,0,0,0,0,0,0
2.465260,0,0,0,0,0,0,0,0
2.466711,0,0,0,0,0,0,0,0
2.468146,0,0,0,0,0,0,0,0
2.469586,0,0,0,0,0,0,0,0
2.470911,0,0,0,0,0,0,0,0
2.472300,0,0,0,0,0,0,0,0
2.473734,0,0,0,0,0,0,0,0
2.475170,0,0,0,0,0,0,0,0
2.476497,0,0,0,0,0,0,0,0
2.477933,0,0,0,0,0,0,0,0
2.479297,0,0,0,0,0,0,0,0
2.480737,0,0,0,0,0,0,0,0
2.482063,0,0,0,0,0,0,0,0
2.483516,0,0,0,0,0,0,0,0
2.484953,0,0,0,0,0,0,0,0
2.486278,0,0,0,0,0,0,0,0
2.487713,0,0,0,0,0,0,0,0
2.489149,0,0,0,0,0,0,0,0
2.490603,0,0,0,0,0,0,0,0
2.491934,0,0,0,0,0,0,0,0
2.493369,0,0,0,0,0,0,0,0
2.494803,0,0,0,0,0,0,0,0
2.496237,0,0,0,0,0,0,0,0
2.497673,0,0,0,0,0,0,0,0
2.499014,0,0,0,0,0,0,0,0
2.500443,0,0,0,0,0,0,0,0
2.501802,0,0,0,0,0,0,0,0
2.503242,0,0,0,0,0,0,0,0
2.504568,0,0,0,0,0,0,0,0
2.505895,0,0,0,0,0,0,0,0
2.507330,0,0,0,0,0,0,0,0
2.508734,0,0,0,0,0,0,0,0
2.511210,0,0,0,0,0,0,0,0
2.512582,0,0,0,0,0,0,0,0
2.514073,0,0,0,0,0,0,0,0
2.515566,0,0,0,0,0,0,0,0
2.517053,0,0,0,0,0,0,0,0
2.518658,0,0,0,0,0,0,0,0
2.520144,0,0,0,0,0,0,0,0
2.522032,0,0,0,0,0,0,0,0
2.523537,0,0,0,0,0,0,0,0
2.524866,0,0,0,0,0,0,0,0
2.526297,0,0,0,0,0,0,0,0
2.527730,0,0,0,0,0,0,0,0
2.529161,0,0,0,0,0,0,0,0
2.530593,0,0,0,0,0,0,0,0
2.532028,0,0,0,0,0,0,0,0
2.533512,0,0,0,0,0,0,0,0
2.535002,0,0,0,0,0,0,0,0
2.536470,0,0,0,0,0,0,0,0
2.537905,0,0,0,0,0,0,0,0
2.539352,0,0,0,0,0,0,0,0
2.556234,0,0,0,0,0,0,0,0
2.557680,0,0,0,0,0,0,0,0
2.559114,0,0,0,0,0,0,0,0
2.560603,0,0,0,0,0,0,0,0
2.562085,0,0,0,0,0,0,0,0
2.563477,0,0,0,0,0,0,0,0
2.564912,0,0,0,0,0,0,0,0
2.566347,0,0,0,0,0,0,0,0
2.567787,0,0,0,0,0,0,0,0
2.569225,0,0,0,0,0,0,0,0
2.570660,0,0,0,0,0,0,0,0
2.572097,0,0,0,0,0,0,0,0
2.573579,0,0,0,0,0,0,0,0
2.575065,0,0,0,0,0,0,0,0
2.576456,0,0,0,0,0,0,0,0
2.577943,0,0,0,0,0,0,0,0
2.579426,0,0,0,0,0,0,0,0
2.580909,0,0,0,0,0,0,0,0
2.582390,0,0,0,0,0,0,0,0
2.583871,0,0,0,0,0,0,0,0
2.585363,0,0,0,0,0,0,0,0
2.586850,0,0,0,0,0,0,0,0
2.588422,0,0,0,0,0,0,0,0
2.589911,0,0,0,0,0,0,0,0
2.591405,0,0,0,0,0,0,0,0
2.592897,0,0,0,0,0,0,0,0
2.594419,0,0,0,0,0,0,0,0
2.595916,0,0,0,0,0,0,0,0
2.597352,0,0,0,0,0,0,0,0
2.598836,0,0,0,0,0,0,0,0
2.600289,0,0,0,0,0,0,0,0
2.601723,0,0,0,0,0,0,0,0
2.603208,0,0,0,0,0,0,0,0
2.604643,0,0,0,0,0,0,0,0
2.606076,0,0,0,0,0,0,0,0
2.607512,0,0,0,0,0,0,0,0
2.608950,0,0,0,0,0,0,0,0
2.610389,0,0,0,0,0,0,0,0
2.611824,0,0,0,0,0,0,0,0
2.613267,0,0,0,0,0,0,0,0
2.614699,0,0,0,0,0,0,0,0
2.616135,0,0,0,0,0,0,0,0
2.617567,0,0,0,0,0,0,0,0
2.619004,0,0,0,0,0,0,0,0
2.620457,0,0,0,0,0,0,0,0
2.621891,0,0,0,0,0,0,0,0
2.623327,0,0,0,0,0,0,0,0
2.624806,0,0,0,0,0,0,0,0
2.626287,0,0,0,0,0,0,0,0
2.627682,0,0,0,0,0,0,0,0
2.629165,0,0,0,0,0,0,0,0
2.630647,0,0,0,0,0,0,0,0
2.632130,0,0,0,0,0,0,0,0
2.633611,0,0,0,0,0,0,0,0
2.635116,0,0,0,0,0,0,0,0
2.636603,0,0,0,0,0,0,0,0
2.638088,0,0,0,0,0,0,0,0
2.639577,0,0,0,0,0,0,0,0
2.641061,0,0,0,0,0,0,0,0
2.642546,0,0,0,0,0,0,0,0
2.648379,0,0,0,0,0,0,0,0
2.654350,0,0,0,0,0,0,0,0
2.655837,0,0,0,0,0,0,0,0
2.658715,0,0,0,0,0,0,0,0
2.662591,0,0,0,0,0,0,0,0
2.663982,0,0,0,0,0,0,0,0
2.665467,0,0,0,0,0,0,0,0
2.666948,0,0,0,0,0,0,0,0
2.669742,0,0,0,0,0,0,0,0
2.675342,0,0,0,0,0,0,0,0
2.676857,0,0,0,0,0,0,0,0
2.678341,0,0,0,0,0,0,0,0
2.679858,0,0,0,0,0,0,0,0
2.685212,0,0,0,0,0,0,0,0
2.686651,0,0,0,0,0,0,0,0
2.688122,0,0,0,0,0,0,0,0
2.689559,0,0,0,0,0,0,0,0
2.691011,0,0,0,0,0,0,0,0
2.699521,0,0,0,0,0,0,0,0
2.701008,0,0,0,0,0,0,0,0
2.702496,0,0,0,0,0,0,0,0
2.703985,0,0,0,0,0,0,0,0
2.705470,0,0,0,0,0,0,0,0
2.706980,0,0,0,0,0,0,0,0
2.708396,0,0,0,0,0,0,0,0
2.709778,0,0,0,0,0,0,0,0
2.711286,0,0,0,0,0,0,0,0
2.714382,0,0,0,0,0,0,0,0
2.721116,0,0,0,0,0,0,0,0
2.722625,0,0,0,0,0,0,0,0
2.725572,0,0,0,0,0,0,0,0
2.727055,0,0,0,0,0,0,0,0
2.728565,0,0,0,0,0,0,0,0
2.730049,0,0,0,0,0,0,0,0
2.731557,0,0,0,0,0,0,0,0
2.733040,0,0,0,0,0,0,0,0
2.735069,0,0,0,0,0,0,0,0
2.736461,0,0,0,0,0,0,0,0
2.738256,0,0,0,0,0,0,0,0
2.739652,0,0,0,0,0,0,0,0
2.741134,0,0,0,0,0,0,0,0
2.743207,0,0,0,0,0,0,0,0
2.747389,0,0,0,0,0,0,0,0
2.748874,0,0,0,0,0,0,0,0
2.750356,0,0,0,0,0,0,0,0
2.751840,0,0,0,0,0,0,0,0
2.753328,0,0,0,0,0,0,0,0
2.755307,0,0,0,0,0,0,0,0
2.759256,0,0,0,0,0,0,0,0
2.760769,0,0,0,0,0,0,0,0
2.762252,0,0,0,0,0,0,0,0
2.763648,0,0,0,0,0,0,0,0
2.765138,0,0,0,0,0,0,0,0
2.766622,0,0,0,0,0,0,0,0
2.768156,0,0,0,0,0,0,0,0
2.769642,0,0,0,0,0,0,0,0
2.771022,0,0,0,0,0,0,0,0
2.772486,0,0,0,0,0,0,0,0
2.773972,0,0,0,0,0,0,0,0
2.779965,0,0,0,0,0,0,0,0
2.781457,0,0,0,0,0,0,0,0
2.782939,0,0,0,0,0,0,0,0
2.784351,0,0,0,0,0,0,0,0
2.785842,0,0,0,0,0,0,0,0
2.787324,0,0,0,0,0,0,0,0
2.788810,0,0,0,0,0,0,0,0
2.791683,0,0,0,0,0,0,0,0
2.793168,0,0,0,0,0,0,0,0
2.794676,0,0,0,0,0,0,0,0
2.799259,0,0,0,0,0,0,0,0
2.800745,0,0,0,0,0,0,0,0
2.802228,0,0,0,0,0,0,0,0
2.803622,0,0,0,0,0,0,0,0
2.806204,0,0,0,0,0,0,0,0
2.809377,0,0,0,0,0,0,0,0
2.810861,0,0,0,0,0,0,0,0
2.813372,0,0,0,0,0,0,0,0
2.814855,0,0,0,0,0,0,0,0
2.816351,0,0,0,0,0,0,0,0
2.819312,0,0,0,0,0,0,0,0
2.822968,0,0,0,0,0,0,0,0
2.824458,0,0,0,0,0,0,0,0
2.826214,0,0,0,0,0,0,0,0
2.827608,0,0,0,0,0,0,0,0
2.846927,0,0,0,0,0,0,0,0
2.848450,0,0,0,0,0,0,0,0
2.849939,0,0,0,0,0,0,0,0
2.851425,0,0,0,0,0,0,0,0
2.852910,0,0,0,0,0,0,0,0
2.854393,0,0,0,0,0,0,0,0
2.855805,0,0,0,0,0,0,0,0
2.857289,0,0,0,0,0,0,0,0
2.858814,0,0,0,0,0,0,0,0
2.864921,0,0,0,0,0,0,0,0
2.866761,0,0,0,0,0,0,0,0
2.869149,0,0,0,0,0,0,0,0
2.873593,0,0,0,0,0,0,0,0
2.878634,0,0,0,0,0,0,0,0
2.880120,0,0,0,0,0,0,0,0
2.887261,0,0,0,0,0,0,0,0
2.888747,0,0,0,0,0,0,0,0
2.890232,0,0,0,0,0,0,0,0
2.899315,0,0,0,0,0,0,0,0
2.900807,0,0,0,0,0,0,0,0
2.902294,0,0,0,0,0,0,0,0
2.903778,0,0,0,0,0,0,0,0
2.905261,0,0,0,0,0,0,0,0
2.906746,0,0,0,0,0,0,0,0
2.908237,0,0,0,0,0,0,0,0
2.909721,0,0,0,0,0,0,0,0
2.911201,0,0,0,0,0,0,0,0
2.915308,0,0,0,0,0,0,0,0
2.916795,0,0,0,0,0,0,0,0
2.918279,0,0,0,0,0,0,0,0
2.919765,0,0,0,0,0,0,0,0
2.921252,0,0,0,0,0,0,0,0
2.927255,0,0,0,0,0,0,0,0
2.930527,0,0,0,0,0,0,0,0
2.932016,0,0,0,0,0,0,0,0
2.939308,0,0,0,0,0,0,0,0
2.940794,0,0,0,0,0,0,0,0
2.942278,0,0,0,0,0,0,0,0
2.943768,0,0,0,0,0,0,0,0
2.945249,0,0,0,0,0,0,0,0
2.946759,0,0,0,0,0,0,0,0
2.948298,0,0,0,0,0,0,0,0
2.949782,0,0,0,0,0,0,0,0
2.951265,0,0,0,0,0,0,0,0
2.952749,0,0,0,0,0,0,0,0
2.955343,0,0,0,0,0,0,0,0
2.959409,0,0,0,0,0,0,0,0
2.960892,0,0,0,0,0,0,0,0
2.962398,0,0,0,0,0,0,0,0
2.963880,0,0,0,0,0,0,0,0
2.967254,0,0,0,0,0,0,0,0
2.968738,0,0,0,0,0,0,0,0
2.970223,0,0,0,0,0,0,0,0
2.971618,0,0,0,0,0,0,0,0
2.973105,0,0,0,0,0,0,0,0
2.974589,0,0,0,0,0,0,0,0
2.979310,0,0,0,0,0,0,0,0
2.980742,0,0,0,0,0,0,0,0
2.982177,0,0,0,0,0,0,0,0
2.983610,0,0,0,0,0,0,0,0
2.984969,0,0,0,0,0,0,0,0
2.999227,0,0,0,0,0,0,0,0
3.000732,0,0,0,0,0,0,0,0
3.002221,0,0,0,0,0,0,0,0
3.003627,0,0,0,0,0,0,0,0
3.005125,0,0,0,0,0,0,0,0
3.006617,0,0,0,0,0,0,0,0
3.008121,0,0,0,0,0,0,0,0
3.009619,0,0,0,0,0,0,0,0
3.013759,0,0,0,0,0,0,0,0
3.015448,0,0,0,0,0,0,0,0
3.017003,0,0,0,0,0,0,0,0
3.018571,0,0,0,0,0,0,0,0
3.020053,0,0,0,0,0,0,0,0
3.027329,0,0,0,0,0,0,0,0
3.039302,0,0,0,0,0,0,0,0
3.041301,0,0,0,0,0,0,0,0
3.047461,0,0,0,0,0,0,0,0
3.048899,0,0,0,0,0,0,0,0
3.050352,0,0,0,0,0,0,0,0
3.051789,0,0,0,0,0,0,0,0
3.058770,0,0,0,0,0,0,0,0
3.066883,0,0,0,0,0,0,0,0
3.075212,0,0,0,0,0,0,0,0
3.076660,0,0,0,0,0,0,0,0
3.078107,0,0,0,0,0,0,0,0
3.081432,0,0,0,0,0,0,0,0
3.082876,0,0,0,0,0,0,0,0
3.084406,0,0,0,0,0,0,0,0
3.085849,0,0,0,0,0,0,0,0
3.087288,0,0,0,0,0,0,0,0
3.088745,0,0,0,0,0,0,0,0
3.090197,0,0,0,0,0,0,0,0
3.091555,0,0,0,0,0,0,0,0
3.093263,0,0,0,0,0,0,0,0
3.094748,0,0,0,0,0,0,0,0
3.097494,0,0,0,0,0,0,0,0
3.098980,0,0,0,0,0,0,0,0
3.100488,0,0,0,0,0,0,0,0
3.101972,0,0,0,0,0,0,0,0
3.103454,0,0,0,0,0,0,0,0
3.104939,0,0,0,0,0,0,0,0
3.106449,0,0,0,0,0,0,0,0
3.107937,0,0,0,0,0,0,0,0
3.109495,0,0,0,0,0,0,0,0
3.110897,0,0,0,0,0,0,0,0
3.112354,0,0,0,0,0,0,0,0
3.113862,0,0,0,0,0,0,0,0
3.115346,0,0,0,0,0,0,0,0
3.116850,0,0,0,0,0,0,0,0
3.118342,0,0,0,0,0,0,0,0
3.119831,0,0,0,0,0,0,0,0
3.121325,0,0,0,0,0,0,0,0
3.122811,0,0,0,0,0,0,0,0
3.124377,0,0,0,0,0,0,0,0
3.125890,0,0,0,0,0,0,0,0
3.127463,0,0,0,0,0,0,0,0
3.128951,0,0,0,0,0,0,0,0
3.130477,0,0,0,0,0,0,0,0
3.131991,0,0,0,0,0,0,0,0
3.134462,0,0,0,0,0,0,0,0
3.135968,0,0,0,0,0,0,0,0
3.137453,0,0,0,0,0,0,0,0
3.138941,0,0,0,0,0,0,0,0
3.142959,0,0,0,0,0,0,0,0
3.144487,0,0,0,0,0,0,0,0
3.145973,0,0,0,0,0,0,0,0
3.147486,0,0,0,0,0,0,0,0
3.148984,0,0,0,0,0,0,0,0
3.150468,0,0,0,0,0,0,0,0
3.151978,0,0,0,0,0,0,0,0
3.153460,0,0,0,0,0,0,0,0
3.155632,0,0,0,0,0,0,0,0
3.157129,0,0,0,0,0,0,0,0
3.158617,0,0,0,0,0,0,0,0
3.161990,0,0,0,0,0,0,0,0
3.163502,0,0,0,0,0,0,0,0
3.164939,0,0,0,0,0,0,0,0
3.166383,0,0,0,0,0,0,0,0
3.167824,0,0,0,0,0,0,0,0
3.169262,0,0,0,0,0,0,0,0
3.170712,0,0,0,0,0,0,0,0
3.172156,0,0,0,0,0,0,0,0
3.173640,0,0,0,0,0,0,0,0
3.175126,0,0,0,0,0,0,0,0
3.176582,0,0,0,0,0,0,0,0
3.178069,0,0,0,0,0,0,0,0
3.179557,0,0,0,0,0,0,0,0
3.181048,0,0,0,0,0,0,0,0
3.182541,0,0,0,0,0,0,0,0
3.184032,0,0,0,0,0,0,0,0
3.185525,0,0,0,0,0,0,0,0
3.187117,0,0,0,0,0,0,0,0
3.189420,0,0,0,0,0,0,0,0
3.190861,0,0,0,0,0,0,0,0
3.192303,0,0,0,0,0,0,0,0
3.193742,0,0,0,0,0,0,0,0
3.195212,0,0,0,0,0,0,0,0
3.196654,0,0,0,0,0,0,0,0
3.198099,0,0,0,0,0,0,0,0
3.199537,0,0,0,0,0,0,0,0
3.200975,0,0,0,0,0,0,0,0
3.202465,0,0,0,0,0,0,0,0
3.203904,0,0,0,0,0,0,0,0
3.205342,0,0,0,0,0,0,0,0
3.206779,0,0,0,0,0,0,0,0
3.208235,0,0,0,0,0,0,0,0
3.209675,0,0,0,0,0,0,0,0
3.211132,0,0,0,0,0,0,0,0
3.212541,0,0,0,0,0,0,0,0
3.214460,0,0,0,0,0,0,0,0
3.215904,0,0,0,0,0,0,0,0
3.217369,0,0,0,0,0,0,0,0
3.218813,0,0,0,0,0,0,0,0
3.220291,0,0,0,0,0,0,0,0
3.227359,0,0,0,0,0,0,0,0
3.228874,0,0,0,0,0,0,0,0
3.230374,0,0,0,0,0,0,0,0
3.231861,0,0,0,0,0,0,0,0
3.233348,0,0,0,0,0,0,0,0
3.234839,0,0,0,0,0,0,0,0
3.236420,0,0,0,0,0,0,0,0
3.237909,0,0,0,0,0,0,0,0
3.239403,0,0,0,0,0,0,0,0
3.240889,0,0,0,0,0,0,0,0
3.242400,0,0,0,0,0,0,0,0
3.243889,0,0,0,0,0,0,0,0
3.245377,0,0,0,0,0,0,0,0
3.246875,0,0,0,0,0,0,0,0
3.248349,0,0,0,0,0,0,0,0
3.249846,0,0,0,0,0,0,0,0
3.251336,0,0,0,0,0,0,0,0
3.252823,0,0,0,0,0,0,0,0
3.254310,0,0,0,0,0,0,0,0
3.255798,0,0,0,0,0,0,0,0
3.257287,0,0,0,0,0,0,0,0
3.258786,0,0,0,0,0,0,0,0
3.260383,0,0,0,0,0,0,0,0
3.261823,0,0,0,0,0,0,0,0
3.263259,0,0,0,0,0,0,0,0
3.264700,0,0,0,0,0,0,0,0
3.266137,0,0,0,0,0,0,0,0
3.267595,0,0,0,0,0,0,0,0
3.269046,0,0,0,0,0,0,0,0
3.270489,0,0,0,0,0,0,0,0
3.271928,0,0,0,0,0,0,0,0
3.275485,0,0,0,0,0,0,0,0
3.276973,0,0,0,0,0,0,0,0
3.278460,0,0,0,0,0,0,0,0
3.279948,0,0,0,0,0,0,0,0
3.281442,0,0,0,0,0,0,0,0
3.282930,0,0,0,0,0,0,0,0
3.284428,0,0,0,0,0,0,0,0
3.285894,0,0,0,0,0,0,0,0
3.287377,0,0,0,0,0,0,0,0
3.288864,0,0,0,0,0,0,0,0
3.290374,0,0,0,0,0,0,0,0
3.291870,0,0,0,0,0,0,0,0
3.293360,0,0,0,0,0,0,0,0
3.294846,0,0,0,0,0,0,0,0
3.296352,0,0,0,0,0,0,0,0
3.297838,0,0,0,0,0,0,0,0
3.299325,0,0,0,0,0,0,0,0
3.300810,0,0,0,0,0,0,0,0
3.302414,0,0,0,0,0,0,0,0
3.303941,0,0,0,0,0,0,0,0
3.305395,0,0,0,0,0,0,0,0
3.306833,0,0,0,0,0,0,0,0
3.308323,0,0,0,0,0,0,0,0
3.309761,0,0,0,0,0,0,0,0
3.315352,0,0,0,0,0,0,0,0
3.316800,0,0,0,0,0,0,0,0
3.318255,0,0,0,0,0,0,0,0
3.319693,0,0,0,0,0,0,0,0
3.321132,0,0,0,0,0,0,0,0
3.322587,0,0,0,0,0,0,0,0
3.324027,0,0,0,0,0,0,0,0
3.325469,0,0,0,0,0,0,0,0
3.326937,0,0,0,0,0,0,0,0
3.328380,0,0,0,0,0,0,0,0
3.329817,0,0,0,0,0,0,0,0
3.331255,0,0,0,0,0,0,0,0
3.332693,0,0,0,0,0,0,0,0
3.334133,0,0,0,0,0,0,0,0
3.335573,0,0,0,0,0,0,0,0
3.337019,0,0,0,0,0,0,0,0
3.338474,0,0,0,0,0,0,0,0
3.339914,0,0,0,0,0,0,0,0
3.341362,0,0,0,0,0,0,0,0
3.342824,0,0,0,0,0,0,0,0
3.344295,0,0,0,0,0,0,0,0
3.345780,0,0,0,0,0,0,0,0
3.347208,0,0,0,0,0,0,0,0
3.348668,0,0,0,0,0,0,0,0
3.350105,0,0,0,0,0,0,0,0
3.351594,0,0,0,0,0,0,0,0
3.353032,0,0,0,0,0,0,0,0
3.354479,0,0,0,0,0,0,0,0
3.355915,0,0,0,0,0,0,0,0
3.357363,0,0,0,0,0,0,0,0
3.358798,0,0,0,0,0,0,0,0
3.360233,0,0,0,0,0,0,0,0
3.361667,0,0,0,0,0,0,0,0
3.363112,0,0,0,0,0,0,0,0
3.364535,0,0,0,0,0,0,0,0
3.365970,0,0,0,0,0,0,0,0
3.367413,0,0,0,0,0,0,0,0
3.368850,0,0,0,0,0,0,0,0
3.370287,0,0,0,0,0,0,0,0
3.371749,0,0,0,0,0,0,0,0
3.373187,0,0,0,0,0,0,0,0
3.374624,0,0,0,0,0,0,0,0
3.376061,0,0,0,0,0,0,0,0
3.377505,0,0,0,0,0,0,0,0
3.378943,0,0,0,0,0,0,0,0
3.380404,0,0,0,0,0,0,0,0
3.381866,0,0,0,0,0,0,0,0
3.383304,0,0,0,0,0,0,0,0
3.384743,0,0,0,0,0,0,0,0
3.386212,0,0,0,0,0,0,0,0
3.387674,0,0,0,0,0,0,0,0
3.389114,0,0,0,0,0,0,0,0
3.390552,0,0,0,0,0,0,0,0
3.391993,0,0,0,0,0,0,0,0
3.393430,0,0,0,0,0,0,0,0
3.394869,0,0,0,0,0,0,0,0
3.396337,0,0,0,0,0,0,0,0
3.397781,0,0,0,0,0,0,0,0
3.399194,0,0,0,0,0,0,0,0
3.400634,0,0,0,0,0,0,0,0
3.402072,0,0,0,0,0,0,0,0
3.403529,0,0,0,0,0,0,0,0
3.404967,0,0,0,0,0,0,0,0
3.406407,0,0,0,0,0,0,0,0
3.407852,0,0,0,0,0,0,0,0
3.409292,0,0,0,0,0,0,0,0
3.410749,0,0,0,0,0,0,0,0
3.412188,0,0,0,0,0,0,0,0
3.413627,0,0,0,0,0,0,0,0
3.415065,0,0,0,0,0,0,0,0
3.416505,0,0,0,0,0,0,0,0
3.417949,0,0,0,0,0,0,0,0
3.419393,0,0,0,0,0,0,0,0
3.421119,0,0,0,0,0,0,0,0
3.422601,0,0,0,0,0,0,0,0
3.424046,0,0,0,0,0,0,0,0
3.425488,0,0,0,0,0,0,0,0
3.426945,0,0,0,0,0,0,0,0
3.428396,0,0,0,0,0,0,0,0
3.429846,0,0,0,0,0,0,0,0
3.431285,0,0,0,0,0,0,0,0
3.432722,0,0,0,0,0,0,0,0
3.434160,0,0,0,0,0,0,0,0
3.435618,0,0,0,0,0,0,0,0
3.437062,0,0,0,0,0,0,0,0
3.443206,0,0,0,0,0,0,0,0
3.444666,0,0,0,0,0,0,0,0
3.446103,0,0,0,0,0,0,0,0
3.447544,0,0,0,0,0,0,0,0
3.448988,0,0,0,0,0,0,0,0
3.450428,0,0,0,0,0,0,0,0
3.451867,0,0,0,0,0,0,0,0
3.453305,0,0,0,0,0,0,0,0
3.454744,0,0,0,0,0,0,0,0
3.456182,0,0,0,0,0,0,0,0
3.457621,0,0,0,0,0,0,0,0
3.459083,0,0,0,0,0,0,0,0
3.460535,0,0,0,0,0,0,0,0
3.461972,0,0,0,0,0,0,0,0
3.463412,0,0,0,0,0,0,0,0
3.464854,0,0,0,0,0,0,0,0
3.466291,0,0,0,0,0,0,0,0
3.467747,0,0,0,0,0,0,0,0
3.469206,0,0,0,0,0,0,0,0
3.470644,0,0,0,0,0,0,0,0
3.472083,0,0,0,0,0,0,0,0
3.473521,0,0,0,0,0,0,0,0
3.474961,0,0,0,0,0,0,0,0
3.476357,0,0,0,0,0,0,0,0
3.477795,0,0,0,0,0,0,0,0
3.479195,0,0,0,0,0,0,0,0
3.480638,0,0,0,0,0,0,0,0
3.482077,0,0,0,0,0,0,0,0
3.483532,0,0,0,0,0,0,0,0
3.484971,0,0,0,0,0,0,0,0
3.486410,0,0,0,0,0,0,0,0
3.487849,0,0,0,0,0,0,0,0
3.489297,0,0,0,0,0,0,0,0
3.490735,0,0,0,0,0,0,0,0
3.492173,0,0,0,0,0,0,0,0
3.493611,0,0,0,0,0,0,0,0
3.495049,0,0,0,0,0,0,0,0
3.496488,0,0,0,0,0,0,0,0
3.497926,0,0,0,0,0,0,0,0
3.499388,0,0,0,0,0,0,0,0
3.500826,0,0,0,0,0,0,0,0
3.502265,0,0,0,0,0,0,0,0
3.503702,0,0,0,0,0,0,0,0
3.505151,0,0,0,0,0,0,0,0
3.506605,0,0,0,0,0,0,0,0
3.508043,0,0,0,0,0,0,0,0
3.509486,0,0,0,0,0,0,0,0
3.510925,0,0,0,0,0,0,0,0
3.512305,0,0,0,0,0,0,0,0
3.513742,0,0,0,0,0,0,0,0
3.515242,0,0,0,0,0,0,0,0
3.516684,0,0,0,0,0,0,0,0
3.518121,0,0,0,0,0,0,0,0
3.519566,0,0,0,0,0,0,0,0
3.521005,0,0,0,0,0,0,0,0
3.522463,0,0,0,0,0,0,0,0
3.523904,0,0,0,0,0,0,0,0
3.525374,0,0,0,0,0,0,0,0
3.526812,0,0,0,0,0,0,0,0
3.528266,0,0,0,0,0,0,0,0
3.529760,0,0,0,0,0,0,0,0
3.531257,0,0,0,0,0,0,0,0
3.532748,0,0,0,0,0,0,0,0
3.534234,0,0,0,0,0,0,0,0
3.535720,0,0,0,0,0,0,0,0
3.537206,0,0,0,0,0,0,0,0
3.538715,0,0,0,0,0,0,0,0
3.540214,0,0,0,0,0,0,0,0
3.542327,0,0,0,0,0,0,0,0
3.543815,0,0,0,0,0,0,0,0
3.545301,0,0,0,0,0,0,0,0
3.546810,0,0,0,0,0,0,0,0
3.551198,0,0,0,0,0,0,0,0
3.552698,0,0,0,0,0,0,0,0
3.554185,0,0,0,0,0,0,0,0
3.555675,0,0,0,0,0,0,0,0
3.557168,0,0,0,0,0,0,0,0
3.558650,0,0,0,0,0,0,0,0
3.560147,0,0,0,0,0,0,0,0
3.561633,0,0,0,0,0,0,0,0
3.563132,0,0,0,0,0,0,0,0
3.564650,0,0,0,0,0,0,0,0
3.566145,0,0,0,0,0,0,0,0
3.567634,0,0,0,0,0,0,0,0
3.569121,0,0,0,0,0,0,0,0
3.570641,0,0,0,0,0,0,0,0
3.572127,0,0,0,0,0,0,0,0
3.578092,0,0,0,0,0,0,0,0
3.579606,0,0,0,0,0,0,0,0
3.581102,0,0,0,0,0,0,0,0
3.582587,0,0,0,0,0,0,0,0
3.584082,0,0,0,0,0,0,0,0
3.585584,0,0,0,0,0,0,0,0
3.587076,0,0,0,0,0,0,0,0
3.588501,0,0,0,0,0,0,0,0
3.589993,0,0,0,0,0,0,0,0
3.591482,0,0,0,0,0,0,0,0
3.592969,0,0,0,0,0,0,0,0
3.594488,0,0,0,0,0,0,0,0
3.595976,0,0,0,0,0,0,0,0
3.597462,0,0,0,0,0,0,0,0
3.598949,0,0,0,0,0,0,0,0
3.600439,0,0,0,0,0,0,0,0
3.601970,0,0,0,0,0,0,0,0
3.603484,0,0,0,0,0,0,0,0
3.604978,0,0,0,0,0,0,0,0
3.606493,0,0,0,0,0,0,0,0
3.607980,0,0,0,0,0,0,0,0
3.609468,0,0,0,0,0,0,0,0
3.610976,0,0,0,0,0,0,0,0
3.612496,0,0,0,0,0,0,0,0
3.613989,0,0,0,0,0,0,0,0
3.615482,0,0,0,0,0,0,0,0
3.616971,0,0,0,0,0,0,0,0
3.618642,0,0,0,0,0,0,0,0
3.620533,0,0,0,0,0,0,0,0
3.622022,0,0,0,0,0,0,0,0
3.623508,0,0,0,0,0,0,0,0
3.625303,0,0,0,0,0,0,0,0
3.626801,0,0,0,0,0,0,0,0
3.632063,0,0,0,0,0,0,0,0
3.633553,0,0,0,0,0,0,0,0
3.635062,0,0,0,0,0,0,0,0
3.636549,0,0,0,0,0,0,0,0
3.638045,0,0,0,0,0,0,0,0
3.639534,0,0,0,0,0,0,0,0
3.641018,0,0,0,0,0,0,0,0
3.642502,0,0,0,0,0,0,0,0
3.644006,0,0,0,0,0,0,0,0
3.645493,0,0,0,0,0,0,0,0
3.651339,0,0,0,0,0,0,0,0
3.652843,0,0,0,0,0,0,0,0
3.654357,0,0,0,0,0,0,0,0
3.655844,0,0,0,0,0,0,0,0
3.657330,0,0,0,0,0,0,0,0
3.658820,0,0,0,0,0,0,0,0
3.660383,0,0,0,0,0,0,0,0
3.661871,0,0,0,0,0,0,0,0
3.663367,0,0,0,0,0,0,0,0
3.664875,0,0,0,0,0,0,0,0
3.666385,0,0,0,0,0,0,0,0
3.667873,0,0,0,0,0,0,0,0
3.669367,0,0,0,0,0,0,0,0
3.672175,0,0,0,0,0,0,0,0
3.673672,0,0,0,0,0,0,0,0
3.675220,0,0,0,0,0,0,0,0
3.676708,0,0,0,0,0,0,0,0
3.678192,0,0,0,0,0,0,0,0
3.679679,0,0,0,0,0,0,0,0
3.681165,0,0,0,0,0,0,0,0
3.682652,0,0,0,0,0,0,0,0
3.684149,0,0,0,0,0,0,0,0
3.685672,0,0,0,0,0,0,0,0
3.687215,0,0,0,0,0,0,0,0
3.688705,0,0,0,0,0,0,0,0
3.690192,0,0,0,0,0,0,0,0
3.691655,0,0,0,0,0,0,0,0
3.693149,0,0,0,0,0,0,0,0
3.694568,0,0,0,0,0,0,0,0
3.696057,0,0,0,0,0,0,0,0
3.697542,0,0,0,0,0,0,0,0
3.699027,0,0,0,0,0,0,0,0
3.700479,0,0,0,0,0,0,0,0
3.701992,0,0,0,0,0,0,0,0
3.703480,0,0,0,0,0,0,0,0
3.704989,0,0,0,0,0,0,0,0
3.706503,0,0,0,0,0,0,0,0
3.707990,0,0,0,0,0,0,0,0
3.709477,0,0,0,0,0,0,0,0
3.710889,0,0,0,0,0,0,0,0
3.712352,0,0,0,0,0,0,0,0
3.713869,0,0,0,0,0,0,0,0
3.715365,0,0,0,0,0,0,0,0
3.716860,0,0,0,0,0,0,0,0
3.718347,0,0,0,0,0,0,0,0
3.719838,0,0,0,0,0,0,0,0
3.721325,0,0,0,0,0,0,0,0
3.722834,0,0,0,0,0,0,0,0
3.724439,0,0,0,0,0,0,0,0
3.725977,0,0,0,0,0,0,0,0
3.727465,0,0,0,0,0,0,0,0
3.728950,0,0,0,0,0,0,0,0
3.732418,0,0,0,0,0,0,0,0
3.733906,0,0,0,0,0,0,0,0
3.735394,0,0,0,0,0,0,0,0
3.736887,0,0,0,0,0,0,0,0
3.738396,0,0,0,0,0,0,0,0
3.739884,0,0,0,0,0,0,0,0
3.741298,0,0,0,0,0,0,0,0
3.742791,0,0,0,0,0,0,0,0
3.744305,0,0,0,0,0,0,0,0
3.745791,0,0,0,0,0,0,0,0
3.747285,0,0,0,0,0,0,0,0
3.748774,0,0,0,0,0,0,0,0
3.750260,0,0,0,0,0,0,0,0
3.751747,0,0,0,0,0,0,0,0
3.753240,0,0,0,0,0,0,0,0
3.754770,0,0,0,0,0,0,0,0
3.756404,0,0,0,0,0,0,0,0
3.757859,0,0,0,0,0,0,0,0
3.763370,0,0,0,0,0,0,0,0
3.764815,0,0,0,0,0,0,0,0
3.766255,0,0,0,0,0,0,0,0
3.767694,0,0,0,0,0,0,0,0
3.770151,0,0,0,0,0,0,0,0
3.771611,0,0,0,0,0,0,0,0
3.773047,0,0,0,0,0,0,0,0
3.774482,0,0,0,0,0,0,0,0
3.775918,0,0,0,0,0,0,0,0
3.777352,0,0,0,0,0,0,0,0
3.778803,0,0,0,0,0,0,0,0
3.780274,0,0,0,0,0,0,0,0
3.781735,0,0,0,0,0,0,0,0
3.783172,0,0,0,0,0,0,0,0
3.784614,0,0,0,0,0,0,0,0
3.786053,0,0,0,0,0,0,0,0
3.787509,0,0,0,0,0,0,0,0
3.788947,0,0,0,0,0,0,0,0
3.790392,0,0,0,0,0,0,0,0
3.791832,0,0,0,0,0,0,0,0
3.793271,0,0,0,0,0,0,0,0
3.794728,0,0,0,0,0,0,0,0
3.796167,0,0,0,0,0,0,0,0
3.797605,0,0,0,0,0,0,0,0
3.799044,0,0,0,0,0,0,0,0
3.800488,0,0,0,0,0,0,0,0
3.801927,0,0,0,0,0,0,0,0
3.803367,0,0,0,0,0,0,0,0
3.804824,0,0,0,0,0,0,0,0
3.806405,0,0,0,0,0,0,0,0
3.807843,0,0,0,0,0,0,0,0
3.809281,0,0,0,0,0,0,0,0
3.810726,0,0,0,0,0,0,0,0
3.812165,0,0,0,0,0,0,0,0
3.813604,0,0,0,0,0,0,0,0
3.815042,0,0,0,0,0,0,0,0
3.816482,0,0,0,0,0,0,0,0
3.817841,0,0,0,0,0,0,0,0
3.819280,0,0,0,0,0,0,0,0
3.820718,0,0,0,0,0,0,0,0
3.822162,0,0,0,0,0,0,0,0
3.823603,0,0,0,0,0,0,0,0
3.825041,0,0,0,0,0,0,0,0
3.826502,0,0,0,0,0,0,0,0
3.827941,0,0,0,0,0,0,0,0
3.829380,0,0,0,0,0,0,0,0
3.830817,0,0,0,0,0,0,0,0
3.832279,0,0,0,0,0,0,0,0
3.833719,0,0,0,0,0,0,0,0
3.835158,0,0,0,0,0,0,0,0
3.836615,0,0,0,0,0,0,0,0
3.838661,0,0,0,0,0,0,0,0
3.840675,0,0,0,0,0,0,0,0
3.842113,0,0,0,0,0,0,0,0
3.843576,0,0,0,0,0,0,0,0
3.845015,0,0,0,0,0,0,0,0
3.846453,0,0,0,0,0,0,0,0
3.847892,0,0,0,0,0,0,0,0
3.849329,0,0,0,0,0,0,0,0
3.850797,0,0,0,0,0,0,0,0
3.852236,0,0,0,0,0,0,0,0
3.853680,0,0,0,0,0,0,0,0
3.855120,0,0,0,0,0,0,0,0
3.856523,0,0,0,0,0,0,0,0
3.857962,0,0,0,0,0,0,0,0
3.859401,0,0,0,0,0,0,0,0
3.860850,0,0,0,0,0,0,0,0
3.862289,0,0,0,0,0,0,0,0
3.863740,0,0,0,0,0,0,0,0
3.865179,0,0,0,0,0,0,0,0
3.866633,0,0,0,0,0,0,0,0
3.868071,0,0,0,0,0,0,0,0
3.869510,0,0,0,0,0,0,0,0
3.871308,0,0,0,0,0,0,0,0
3.872746,0,0,0,0,0,0,0,0
3.874199,0,0,0,0,0,0,0,0
3.875656,0,0,0,0,0,0,0,0
3.877094,0,0,0,0,0,0,0,0
3.883230,0,0,0,0,0,0,0,0
3.884678,0,0,0,0,0,0,0,0
3.886116,0,0,0,0,0,0,0,0
3.887554,0,0,0,0,0,0,0,0
3.888994,0,0,0,0,0,0,0,0
3.890468,0,0,0,0,0,0,0,0
3.891911,0,0,0,0,0,0,0,0
3.893353,0,0,0,0,0,0,0,0
3.894796,0,0,0,0,0,0,0,0
3.896235,0,0,0,0,0,0,0,0
3.897674,0,0,0,0,0,0,0,0
3.899211,0,0,0,0,0,0,0,0
3.900652,0,0,0,0,0,0,0,0
3.902090,0,0,0,0,0,0,0,0
3.903545,0,0,0,0,0,0,0,0
3.904994,0,0,0,0,0,0,0,0
3.906451,0,0,0,0,0,0,0,0
3.908718,0,0,0,0,0,0,0,0
3.910158,0,0,0,0,0,0,0,0
3.911597,0,0,0,0,0,0,0,0
3.913038,0,0,0,0,0,0,0,0
3.914493,0,0,0,0,0,0,0,0
3.915945,0,0,0,0,0,0,0,0
3.917384,0,0,0,0,0,0,0,0
3.918822,0,0,0,0,0,0,0,0
3.920274,0,0,0,0,0,0,0,0
3.921710,0,0,0,0,0,0,0,0
3.923168,0,0,0,0,0,0,0,0
3.924603,0,0,0,0,0,0,0,0
3.926051,0,0,0,0,0,0,0,0
3.927488,0,0,0,0,0,0,0,0
3.928924,0,0,0,0,0,0,0,0
3.930283,0,0,0,0,0,0,0,0
3.931724,0,0,0,0,0,0,0,0
3.933163,0,0,0,0,0,0,0,0
3.934618,0,0,0,0,0,0,0,0
3.936061,0,0,0,0,0,0,0,0
3.937505,0,0,0,0,0,0,0,0
3.938960,0,0,0,0,0,0,0,0
3.940384,0,0,0,0,0,0,0,0
3.941823,0,0,0,0,0,0,0,0
3.943261,0,0,0,0,0,0,0,0
3.944698,0,0,0,0,0,0,0,0
3.946145,0,0,0,0,0,0,0,0
3.947601,0,0,0,0,0,0,0,0
3.949048,0,0,0,0,0,0,0,0
3.950485,0,0,0,0,0,0,0,0
3.951922,0,0,0,0,0,0,0,0
3.953363,0,0,0,0,0,0,0,0
3.954802,0,0,0,0,0,0,0,0
3.956267,0,0,0,0,0,0,0,0
3.957711,0,0,0,0,0,0,0,0
3.959148,0,0,0,0,0,0,0,0
3.960522,0,0,0,0,0,0,0,0
3.961961,0,0,0,0,0,0,0,0
3.963399,0,0,0,0,0,0,0,0
3.964838,0,0,0,0,0,0,0,0
3.966282,0,0,0,0,0,0,0,0
3.967754,0,0,0,0,0,0,0,0
3.969200,0,0,0,0,0,0,0,0
3.970655,0,0,0,0,0,0,0,0
3.972094,0,0,0,0,0,0,0,0
3.973662,0,0,0,0,0,0,0,0
3.976311,0,0,0,0,0,0,0,0
3.977758,0,0,0,0,0,0,0,0
3.979212,0,0,0,0,0,0,0,0
3.980651,0,0,0,0,0,0,0,0
3.982088,0,0,0,0,0,0,0,0
3.983526,0,0,0,0,0,0,0,0
3.984963,0,0,0,0,0,0,0,0
3.986426,0,0,0,0,0,0,0,0
3.987866,0,0,0,0,0,0,0,0
3.989306,0,0,0,0,0,0,0,0
3.990753,0,0,0,0,0,0,0,0
3.992192,0,0,0,0,0,0,0,0
3.993630,0,0,0,0,0,0,0,0
3.995068,0,0,0,0,0,0,0,0
3.996434,0,0,0,0,0,0,0,0
3.997873,0,0,0,0,0,0,0,0
3.999313,0,0,0,0,0,0,0,0
4.000752,0,0,0,0,0,0,0,0
4.002191,0,0,0,0,0,0,0,0
4.003630,0,0,0,0,0,0,0,0
4.005078,0,0,0,0,0,0,0,0
4.006571,0,0,0,0,0,0,0,0
4.008072,0,0,0,0,0,0,0,0
4.009563,0,0,0,0,0,0,0,0
4.011073,0,0,0,0,0,0,0,0
4.012487,0,0,0,0,0,0,0,0
4.013974,0,0,0,0,0,0,0,0
4.015518,0,0,0,0,0,0,0,0
4.017099,0,0,0,0,0,0,0,0
4.018610,0,0,0,0,0,0,0,0
4.020070,0,0,0,0,0,0,0,0
4.021558,0,0,0,0,0,0,0,0
4.023073,0,0,0,0,0,0,0,0
4.024576,0,0,0,0,0,0,0,0
4.026061,0,0,0,0,0,0,0,0
4.031421,0,0,0,0,0,0,0,0
4.032907,0,0,0,0,0,0,0,0
4.034418,0,0,0,0,0,0,0,0
4.035907,0,0,0,0,0,0,0,0
4.037394,0,0,0,0,0,0,0,0
4.038893,0,0,0,0,0,0,0,0
4.040355,0,0,0,0,0,0,0,0
4.041793,0,0,0,0,0,0,0,0
4.043224,0,0,0,0,0,0,0,0
4.044664,0,0,0,0,0,0,0,0
4.046101,0,0,0,0,0,0,0,0
4.047541,0,0,0,0,0,0,0,0
4.048985,0,0,0,0,0,0,0,0
4.050480,0,0,0,0,0,0,0,0
4.051919,0,0,0,0,0,0,0,0
4.053370,0,0,0,0,0,0,0,0
4.054917,0,0,0,0,0,0,0,0
4.057893,0,0,0,0,0,0,0,0
4.059413,0,0,0,0,0,0,0,0
4.060911,0,0,0,0,0,0,0,0
4.062397,0,0,0,0,0,0,0,0
4.063894,0,0,0,0,0,0,0,0
4.065381,0,0,0,0,0,0,0,0
4.066896,0,0,0,0,0,0,0,0
4.068406,0,0,0,0,0,0,0,0
4.069901,0,0,0,0,0,0,0,0
4.071389,0,0,0,0,0,0,0,0
4.072932,0,0,0,0,0,0,0,0
4.074443,0,0,0,0,0,0,0,0
4.075931,0,0,0,0,0,0,0,0
4.077528,0,0,0,0,0,0,0,0
4.079035,0,0,0,0,0,0,0,0
4.080510,0,0,0,0,0,0,0,0
4.081996,0,0,0,0,0,0,0,0
4.083504,0,0,0,0,0,0,0,0
4.084942,0,0,0,0,0,0,0,0
4.086379,0,0,0,0,0,0,0,0
4.087819,0,0,0,0,0,0,0,0
4.089256,0,0,0,0,0,0,0,0
4.090718,0,0,0,0,0,0,0,0
4.092166,0,0,0,0,0,0,0,0
4.093651,0,0,0,0,0,0,0,0
4.095055,0,0,0,0,0,0,0,0
4.096541,0,0,0,0,0,0,0,0
4.098024,0,0,0,0,0,0,0,0
4.099532,0,0,0,0,0,0,0,0
4.101023,0,0,0,0,0,0,0,0
4.102505,0,0,0,0,0,0,0,0
4.103992,0,0,0,0,0,0,0,0
4.105476,0,0,0,0,0,0,0,0
4.106983,0,0,0,0,0,0,0,0
4.108493,0,0,0,0,0,0,0,0
4.109981,0,0,0,0,0,0,0,0
4.111483,0,0,0,0,0,0,0,0
4.112978,0,0,0,0,0,0,0,0
4.114420,0,0,0,0,0,0,0,0
4.115910,0,0,0,0,0,0,0,0
4.117336,0,0,0,0,0,0,0,0
4.118815,0,0,0,0,0,0,0,0
4.120268,0,0,0,0,0,0,0,0
4.121718,0,0,0,0,0,0,0,0
4.124223,0,0,0,0,0,0,0,0
4.125703,0,0,0,0,0,0,0,0
4.127138,0,0,0,0,0,0,0,0
4.128522,0,0,0,0,0,0,0,0
4.130004,0,0,0,0,0,0,0,0
4.131452,0,0,0,0,0,0,0,0
4.132894,0,0,0,0,0,0,0,0
4.134329,0,0,0,0,0,0,0,0
4.135900,0,0,0,0,0,0,0,0
4.137334,0,0,0,0,0,0,0,0
4.138785,0,0,0,0,0,0,0,0
4.140220,0,0,0,0,0,0,0,0
4.141660,0,0,0,0,0,0,0,0
4.143103,0,0,0,0,0,0,0,0
4.144524,0,0,0,0,0,0,0,0
4.146003,0,0,0,0,0,0,0,0
4.147460,0,0,0,0,0,0,0,0
4.148901,0,0,0,0,0,0,0,0
4.150338,0,0,0,0,0,0,0,0
4.151795,0,0,0,0,0,0,0,0
4.153239,0,0,0,0,0,0,0,0
4.154694,0,0,0,0,0,0,0,0
4.156131,0,0,0,0,0,0,0,0
4.157569,0,0,0,0,0,0,0,0
4.159006,0,0,0,0,0,0,0,0
4.163281,0,0,0,0,0,0,0,0
4.164726,0,0,0,0,0,0,0,0
4.166167,0,0,0,0,0,0,0,0
4.167606,0,0,0,0,0,0,0,0
4.169042,0,0,0,0,0,0,0,0
4.170499,0,0,0,0,0,0,0,0
4.171938,0,0,0,0,0,0,0,0
4.173377,0,0,0,0,0,0,0,0
4.174864,0,0,0,0,0,0,0,0
4.176303,0,0,0,0,0,0,0,0
4.177740,0,0,0,0,0,0,0,0
4.179178,0,0,0,0,0,0,0,0
4.180649,0,0,0,0,0,0,0,0
4.182087,0,0,0,0,0,0,0,0
4.183452,0,0,0,0,0,0,0,0
4.184951,0,0,0,0,0,0,0,0
4.186463,0,0,0,0,0,0,0,0
4.187949,0,0,0,0,0,0,0,0
4.189435,0,0,0,0,0,0,0,0
4.190921,0,0,0,0,0,0,0,0
4.192353,0,0,0,0,0,0,0,0
4.193840,0,0,0,0,0,0,0,0
4.195335,0,0,0,0,0,0,0,0
4.196823,0,0,0,0,0,0,0,0
4.198311,0,0,0,0,0,0,0,0
4.199816,0,0,0,0,0,0,0,0
4.201302,0,0,0,0,0,0,0,0
4.202681,0,0,0,0,0,0,0,0
4.204120,0,0,0,0,0,0,0,0
4.206721,0,0,0,0,0,0,0,0
4.208166,0,0,0,0,0,0,0,0
4.209615,0,0,0,0,0,0,0,0
4.211056,0,0,0,0,0,0,0,0
4.212520,0,0,0,0,0,0,0,0
4.213954,0,0,0,0,0,0,0,0
4.215389,0,0,0,0,0,0,0,0
4.216831,0,0,0,0,0,0,0,0
4.218267,0,0,0,0,0,0,0,0
4.219720,0,0,0,0,0,0,0,0
4.221161,0,0,0,0,0,0,0,0
4.222605,0,0,0,0,0,0,0,0
4.224204,0,0,0,0,0,0,0,0
4.225657,0,0,0,0,0,0,0,0
4.228413,0,0,0,0,0,0,0,0
4.229853,0,0,0,0,0,0,0,0
4.231291,0,0,0,0,0,0,0,0
4.232731,0,0,0,0,0,0,0,0
4.234168,0,0,0,0,0,0,0,0
4.235622,0,0,0,0,0,0,0,0
4.237072,0,0,0,0,0,0,0,0
4.243212,0,0,0,0,0,0,0,0
4.244654,0,0,0,0,0,0,0,0
4.246102,0,0,0,0,0,0,0,0
4.247467,0,0,0,0,0,0,0,0
4.248960,0,0,0,0,0,0,0,0
4.250470,0,0,0,0,0,0,0,0
4.251959,0,0,0,0,0,0,0,0
4.253443,0,0,0,0,0,0,0,0
4.254931,0,0,0,0,0,0,0,0
4.256419,0,0,0,0,0,0,0,0
4.257906,0,0,0,0,0,0,0,0
4.263322,0,0,0,0,0,0,0,0
4.264810,0,0,0,0,0,0,0,0
4.266296,0,0,0,0,0,0,0,0
4.267808,0,0,0,0,0,0,0,0
4.269295,0,0,0,0,0,0,0,0
4.270799,0,0,0,0,0,0,0,0
4.272311,0,0,0,0,0,0,0,0
4.273799,0,0,0,0,0,0,0,0
4.275665,0,0,0,0,0,0,0,0
4.277152,0,0,0,0,0,0,0,0
4.278638,0,0,0,0,0,0,0,0
4.281865,0,0,0,0,0,0,0,0
4.284134,0,0,0,0,0,0,0,0
4.285622,0,0,0,0,0,0,0,0
4.287108,0,0,0,0,0,0,0,0
4.288572,0,0,0,0,0,0,0,0
4.290057,0,0,0,0,0,0,0,0
4.295196,0,0,0,0,0,0,0,0
4.296686,0,0,0,0,0,0,0,0
4.298171,0,0,0,0,0,0,0,0
4.299679,0,0,0,0,0,0,0,0
4.301165,0,0,0,0,0,0,0,0
4.302651,0,0,0,0,0,0,0,0
4.304140,0,0,0,0,0,0,0,0
4.305625,0,0,0,0,0,0,0,0
4.311367,0,0,0,0,0,0,0,0
4.312852,0,0,0,0,0,0,0,0
4.314364,0,0,0,0,0,0,0,0
4.315853,0,0,0,0,0,0,0,0
4.317988,0,0,0,0,0,0,0,0
4.319475,0,0,0,0,0,0,0,0
4.320962,0,0,0,0,0,0,0,0
4.323310,0,0,0,0,0,0,0,0
4.324801,0,0,0,0,0,0,0,0
4.326206,0,0,0,0,0,0,0,0
4.330245,0,0,0,0,0,0,0,0
4.331757,0,0,0,0,0,0,0,0
4.333244,0,0,0,0,0,0,0,0
4.334731,0,0,0,0,0,0,0,0
4.336218,0,0,0,0,0,0,0,0
4.339985,0,0,0,0,0,0,0,0
4.341471,0,0,0,0,0,0,0,0
4.342956,0,0,0,0,0,0,0,0
4.344468,0,0,0,0,0,0,0,0
4.345882,0,0,0,0,0,0,0,0
4.347366,0,0,0,0,0,0,0,0
4.351197,0,0,0,0,0,0,0,0
4.352685,0,0,0,0,0,0,0,0
4.354169,0,0,0,0,0,0,0,0
4.355675,0,0,0,0,0,0,0,0
4.357160,0,0,0,0,0,0,0,0
4.358645,0,0,0,0,0,0,0,0
4.361514,0,0,0,0,0,0,0,0
4.363020,0,0,0,0,0,0,0,0
4.364475,0,0,0,0,0,0,0,0
4.365960,0,0,0,0,0,0,0,0
4.367525,0,0,0,0,0,0,0,0
4.369012,0,0,0,0,0,0,0,0
4.371462,0,0,0,0,0,0,0,0
4.374329,0,0,0,0,0,0,0,0
4.375818,0,0,0,0,0,0,0,0
4.377304,0,0,0,0,0,0,0,0
4.378813,0,0,0,0,0,0,0,0
4.380401,0,0,0,0,0,0,0,0
4.383195,0,0,0,0,0,0,0,0
4.384681,0,0,0,0,0,0,0,0
4.386166,0,0,0,0,0,0,0,0
4.387674,0,0,0,0,0,0,0,0
4.389161,0,0,0,0,0,0,0,0
4.390641,0,0,0,0,0,0,0,0
4.395241,0,0,0,0,0,0,0,0
4.396728,0,0,0,0,0,0,0,0
4.398213,0,0,0,0,0,0,0,0
4.399699,0,0,0,0,0,0,0,0
4.401239,0,0,0,0,0,0,0,0
4.402727,0,0,0,0,0,0,0,0
4.404213,0,0,0,0,0,0,0,0
4.405698,0,0,0,0,0,0,0,0
4.407203,0,0,0,0,0,0,0,0
4.408689,0,0,0,0,0,0,0,0
4.410177,0,0,0,0,0,0,0,0
4.411688,0,0,0,0,0,0,0,0
4.413795,0,0,0,0,0,0,0,0
4.415285,0,0,0,0,0,0,0,0
4.417306,0,0,0,0,0,0,0,0
4.418816,0,0,0,0,0,0,0,0
4.420394,0,0,0,0,0,0,0,0
4.421880,0,0,0,0,0,0,0,0
4.427245,0,0,0,0,0,0,0,0
4.428733,0,0,0,0,0,0,0,0
4.430221,0,0,0,0,0,0,0,0
4.431706,0,0,0,0,0,0,0,0
4.433190,0,0,0,0,0,0,0,0
4.434679,0,0,0,0,0,0,0,0
4.436165,0,0,0,0,0,0,0,0
4.437650,0,0,0,0,0,0,0,0
4.439135,0,0,0,0,0,0,0,0
4.440602,0,0,0,0,0,0,0,0
4.442085,0,0,0,0,0,0,0,0
4.443593,0,0,0,0,0,0,0,0
4.445082,0,0,0,0,0,0,0,0
4.446566,0,0,0,0,0,0,0,0
4.448053,0,0,0,0,0,0,0,0
4.449536,0,0,0,0,0,0,0,0
4.451019,0,0,0,0,0,0,0,0
4.452475,0,0,0,0,0,0,0,0
4.453961,0,0,0,0,0,0,0,0
4.456703,0,0,0,0,0,0,0,0
4.458196,0,0,0,0,0,0,0,0
4.459703,0,0,0,0,0,0,0,0
4.461186,0,0,0,0,0,0,0,0
4.462672,0,0,0,0,0,0,0,0
4.464168,0,0,0,0,0,0,0,0
4.466952,0,0,0,0,0,0,0,0
4.469134,0,0,0,0,0,0,0,0
4.470619,0,0,0,0,0,0,0,0
4.472105,0,0,0,0,0,0,0,0
4.473609,0,0,0,0,0,0,0,0
4.475097,0,0,0,0,0,0,0,0
4.478446,0,0,0,0,0,0,0,0
4.479934,0,0,0,0,0,0,0,0
4.481419,0,0,0,0,0,0,0,0
4.482927,0,0,0,0,0,0,0,0
4.484419,0,0,0,0,0,0,0,0
4.485838,0,0,0,0,0,0,0,0
4.491262,0,0,0,0,0,0,0,0
4.492760,0,0,0,0,0,0,0,0
4.494245,0,0,0,0,0,0,0,0
4.495730,0,0,0,0,0,0,0,0
4.497212,0,0,0,0,0,0,0,0
4.498724,0,0,0,0,0,0,0,0
4.500212,0,0,0,0,0,0,0,0
4.502928,0,0,0,0,0,0,0,0
4.504413,0,0,0,0,0,0,0,0
4.505896,0,0,0,0,0,0,0,0
4.508613,0,0,0,0,0,0,0,0
4.511675,0,0,0,0,0,0,0,0
4.513219,0,0,0,0,0,0,0,0
4.514979,0,0,0,0,0,0,0,0
4.516475,0,0,0,0,0,0,0,0
4.517973,0,0,0,0,0,0,0,0
4.519457,0,0,0,0,0,0,0,0
4.521845,0,0,0,0,0,0,0,0
4.523329,0,0,0,0,0,0,0,0
4.524859,0,0,0,0,0,0,0,0
4.526344,0,0,0,0,0,0,0,0
4.527832,0,0,0,0,0,0,0,0
4.529315,0,0,0,0,0,0,0,0
4.530822,0,0,0,0,0,0,0,0
4.532697,0,0,0,0,0,0,0,0
4.534305,0,0,0,0,0,0,0,0
4.536341,0,0,0,0,0,0,0,0
4.537920,0,0,0,0,0,0,0,0
4.539972,0,0,0,0,0,0,0,0
4.541408,0,0,0,0,0,0,0,0
4.544661,0,0,0,0,0,0,0,0
4.546097,0,0,0,0,0,0,0,0
4.547548,0,0,0,0,0,0,0,0
4.548985,0,0,0,0,0,0,0,0
4.550421,0,0,0,0,0,0,0,0
4.551856,0,0,0,0,0,0,0,0
4.553295,0,0,0,0,0,0,0,0
4.554747,0,0,0,0,0,0,0,0
4.556182,0,0,0,0,0,0,0,0
4.557617,0,0,0,0,0,0,0,0
4.559085,0,0,0,0,0,0,0,0
4.560522,0,0,0,0,0,0,0,0
4.561956,0,0,0,0,0,0,0,0
4.567342,0,0,0,0,0,0,0,0
4.568785,0,0,0,0,0,0,0,0
4.570221,0,0,0,0,0,0,0,0
4.571675,0,0,0,0,0,0,0,0
4.573109,0,0,0,0,0,0,0,0
4.574550,0,0,0,0,0,0,0,0
4.575984,0,0,0,0,0,0,0,0
4.577422,0,0,0,0,0,0,0,0
4.578876,0,0,0,0,0,0,0,0
4.580335,0,0,0,0,0,0,0,0
4.581772,0,0,0,0,0,0,0,0
4.583195,0,0,0,0,0,0,0,0
4.584637,0,0,0,0,0,0,0,0
4.586073,0,0,0,0,0,0,0,0
4.587528,0,0,0,0,0,0,0,0
4.588965,0,0,0,0,0,0,0,0
4.590402,0,0,0,0,0,0,0,0
4.591840,0,0,0,0,0,0,0,0
4.593278,0,0,0,0,0,0,0,0
4.594743,0,0,0,0,0,0,0,0
4.596180,0,0,0,0,0,0,0,0
4.597618,0,0,0,0,0,0,0,0
4.599054,0,0,0,0,0,0,0,0
4.600492,0,0,0,0,0,0,0,0
4.601930,0,0,0,0,0,0,0,0
4.603369,0,0,0,0,0,0,0,0
4.604810,0,0,0,0,0,0,0,0
4.606256,0,0,0,0,0,0,0,0
4.607696,0,0,0,0,0,0,0,0
4.609136,0,0,0,0,0,0,0,0
4.610581,0,0,0,0,0,0,0,0
4.612017,0,0,0,0,0,0,0,0
4.613455,0,0,0,0,0,0,0,0
4.614898,0,0,0,0,0,0,0,0
4.616316,0,0,0,0,0,0,0,0
4.617754,0,0,0,0,0,0,0,0
4.619239,0,0,0,0,0,0,0,0
4.620678,0,0,0,0,0,0,0,0
4.622115,0,0,0,0,0,0,0,0
4.623553,0,0,0,0,0,0,0,0
4.625020,0,0,0,0,0,0,0,0
4.626473,0,0,0,0,0,0,0,0
4.627911,0,0,0,0,0,0,0,0
4.629349,0,0,0,0,0,0,0,0
4.630789,0,0,0,0,0,0,0,0
4.632229,0,0,0,0,0,0,0,0
4.633668,0,0,0,0,0,0,0,0
4.635112,0,0,0,0,0,0,0,0
4.636537,0,0,0,0,0,0,0,0
4.637976,0,0,0,0,0,0,0,0
4.639415,0,0,0,0,0,0,0,0
4.640852,0,0,0,0,0,0,0,0
4.642290,0,0,0,0,0,0,0,0
4.643749,0,0,0,0,0,0,0,0
4.645191,0,0,0,0,0,0,0,0
4.646630,0,0,0,0,0,0,0,0
4.648068,0,0,0,0,0,0,0,0
4.649504,0,0,0,0,0,0,0,0
4.650945,0,0,0,0,0,0,0,0
4.652384,0,0,0,0,0,0,0,0
4.653824,0,0,0,0,0,0,0,0
4.655267,0,0,0,0,0,0,0,0
4.656707,0,0,0,0,0,0,0,0
4.664304,0,0,0,0,0,0,0,0
4.665748,0,0,0,0,0,0,0,0
4.667230,0,0,0,0,0,0,0,0
4.668669,0,0,0,0,0,0,0,0
4.670108,0,0,0,0,0,0,0,0
4.671493,0,0,0,0,0,0,0,0
4.672930,0,0,0,0,0,0,0,0
4.674397,0,0,0,0,0,0,0,0
4.675840,0,0,0,0,0,0,0,0
4.677277,0,0,0,0,0,0,0,0
4.678717,0,0,0,0,0,0,0,0
4.680157,0,0,0,0,0,0,0,0
4.681593,0,0,0,0,0,0,0,0
4.683032,0,0,0,0,0,0,0,0
4.684426,0,0,0,0,0,0,0,0
4.685869,0,0,0,0,0,0,0,0
4.687309,0,0,0,0,0,0,0,0
4.688748,0,0,0,0,0,0,0,0
4.690185,0,0,0,0,0,0,0,0
4.691642,0,0,0,0,0,0,0,0
4.695758,0,0,0,0,0,0,0,0
4.697229,0,0,0,0,0,0,0,0
4.698691,0,0,0,0,0,0,0,0
4.700130,0,0,0,0,0,0,0,0
4.701567,0,0,0,0,0,0,0,0
4.703004,0,0,0,0,0,0,0,0
4.704412,0,0,0,0,0,0,0,0
4.705851,0,0,0,0,0,0,0,0
4.707295,0,0,0,0,0,0,0,0
4.708780,0,0,0,0,0,0,0,0
4.710289,0,0,0,0,0,0,0,0
4.711775,0,0,0,0,0,0,0,0
4.713267,0,0,0,0,0,0,0,0
4.714777,0,0,0,0,0,0,0,0
4.716339,0,0,0,0,0,0,0,0
4.717865,0,0,0,0,0,0,0,0
4.719362,0,0,0,0,0,0,0,0
4.720847,0,0,0,0,0,0,0,0
4.722356,0,0,0,0,0,0,0,0
4.723840,0,0,0,0,0,0,0,0
4.725326,0,0,0,0,0,0,0,0
4.726813,0,0,0,0,0,0,0,0
4.728323,0,0,0,0,0,0,0,0
4.729807,0,0,0,0,0,0,0,0
4.731291,0,0,0,0,0,0,0,0
4.732776,0,0,0,0,0,0,0,0
4.734261,0,0,0,0,0,0,0,0
4.735747,0,0,0,0,0,0,0,0
4.737232,0,0,0,0,0,0,0,0
4.738744,0,0,0,0,0,0,0,0
4.740229,0,0,0,0,0,0,0,0
4.741663,0,0,0,0,0,0,0,0
4.743147,0,0,0,0,0,0,0,0
4.744569,0,0,0,0,0,0,0,0
4.746054,0,0,0,0,0,0,0,0
4.747563,0,0,0,0,0,0,0,0
4.749054,0,0,0,0,0,0,0,0
4.750538,0,0,0,0,0,0,0,0
4.752024,0,0,0,0,0,0,0,0
4.753510,0,0,0,0,0,0,0,0
4.754995,0,0,0,0,0,0,0,0
4.756488,0,0,0,0,0,0,0,0
4.757972,0,0,0,0,0,0,0,0
4.759460,0,0,0,0,0,0,0,0
4.760949,0,0,0,0,0,0,0,0
4.763671,0,0,0,0,0,0,0,0
4.765160,0,0,0,0,0,0,0,0
4.766647,0,0,0,0,0,0,0,0
4.768134,0,0,0,0,0,0,0,0
4.769656,0,0,0,0,0,0,0,0
4.771143,0,0,0,0,0,0,0,0
4.772562,0,0,0,0,0,0,0,0
4.774000,0,0,0,0,0,0,0,0
4.775440,0,0,0,0,0,0,0,0
4.776886,0,0,0,0,0,0,0,0
4.778343,0,0,0,0,0,0,0,0
4.779789,0,0,0,0,0,0,0,0
4.781275,0,0,0,0,0,0,0,0
4.783137,0,0,0,0,0,0,0,0
4.784573,0,0,0,0,0,0,0,0
4.786067,0,0,0,0,0,0,0,0
4.787577,0,0,0,0,0,0,0,0
4.789065,0,0,0,0,0,0,0,0
4.790558,0,0,0,0,0,0,0,0
4.795244,0,0,0,0,0,0,0,0
4.796732,0,0,0,0,0,0,0,0
4.798218,0,0,0,0,0,0,0,0
4.799705,0,0,0,0,0,0,0,0
4.801199,0,0,0,0,0,0,0,0
4.802708,0,0,0,0,0,0,0,0
4.804195,0,0,0,0,0,0,0,0
4.805688,0,0,0,0,0,0,0,0
4.807214,0,0,0,0,0,0,0,0
4.808625,0,0,0,0,0,0,0,0
4.810107,0,0,0,0,0,0,0,0
4.811569,0,0,0,0,0,0,0,0
4.813006,0,0,0,0,0,0,0,0
4.814447,0,0,0,0,0,0,0,0
4.815885,0,0,0,0,0,0,0,0
4.817323,0,0,0,0,0,0,0,0
4.818761,0,0,0,0,0,0,0,0
4.820200,0,0,0,0,0,0,0,0
4.821642,0,0,0,0,0,0,0,0
4.823079,0,0,0,0,0,0,0,0
4.824523,0,0,0,0,0,0,0,0
4.825982,0,0,0,0,0,0,0,0
4.827438,0,0,0,0,0,0,0,0
4.828879,0,0,0,0,0,0,0,0
4.830316,0,0,0,0,0,0,0,0
4.831846,0,0,0,0,0,0,0,0
4.833357,0,0,0,0,0,0,0,0
4.834838,0,0,0,0,0,0,0,0
4.836340,0,0,0,0,0,0,0,0
4.838826,0,0,0,0,0,0,0,0
4.840303,0,0,0,0,0,0,0,0
4.841770,0,0,0,0,0,0,0,0
4.843218,0,0,0,0,0,0,0,0
4.844668,0,0,0,0,0,0,0,0
4.846147,0,0,0,0,0,0,0,0
4.847625,0,0,0,0,0,0,0,0
4.849062,0,0,0,0,0,0,0,0
4.850497,0,0,0,0,0,0,0,0
4.851975,0,0,0,0,0,0,0,0
4.853416,0,0,0,0,0,0,0,0
4.854889,0,0,0,0,0,0,0,0
4.856304,0,0,0,0,0,0,0,0
4.857744,0,0,0,0,0,0,0,0
4.859205,0,0,0,0,0,0,0,0
4.860641,0,0,0,0,0,0,0,0
4.862080,0,0,0,0,0,0,0,0
4.863605,0,0,0,0,0,0,0,0
4.865040,0,0,0,0,0,0,0,0
4.866492,0,0,0,0,0,0,0,0
4.867928,0,0,0,0,0,0,0,0
4.869367,0,0,0,0,0,0,0,0
4.870813,0,0,0,0,0,0,0,0
4.872270,0,0,0,0,0,0,0,0
4.873714,0,0,0,0,0,0,0,0
4.875154,0,0,0,0,0,0,0,0
4.876593,0,0,0,0,0,0,0,0
4.878031,0,0,0,0,0,0,0,0
4.879471,0,0,0,0,0,0,0,0
4.880912,0,0,0,0,0,0,0,0
4.882374,0,0,0,0,0,0,0,0
4.884960,0,0,0,0,0,0,0,0
4.886399,0,0,0,0,0,0,0,0
4.887839,0,0,0,0,0,0,0,0
4.889277,0,0,0,0,0,0,0,0
4.890732,0,0,0,0,0,0,0,0
4.892170,0,0,0,0,0,0,0,0
4.893613,0,0,0,0,0,0,0,0
4.895050,0,0,0,0,0,0,0,0
4.896545,0,0,0,0,0,0,0,0
4.903193,0,0,0,0,0,0,0,0
4.904697,0,0,0,0,0,0,0,0
4.906198,0,0,0,0,0,0,0,0
4.909409,0,0,0,0,0,0,0,0
4.910903,0,0,0,0,0,0,0,0
4.912350,0,0,0,0,0,0,0,0
4.913838,0,0,0,0,0,0,0,0
4.915332,0,0,0,0,0,0,0,0
4.916820,0,0,0,0,0,0,0,0
4.918310,0,0,0,0,0,0,0,0
4.919799,0,0,0,0,0,0,0,0
4.921383,0,0,0,0,0,0,0,0
4.922870,0,0,0,0,0,0,0,0
4.924400,0,0,0,0,0,0,0,0
4.925905,0,0,0,0,0,0,0,0
4.927392,0,0,0,0,0,0,0,0
4.928886,0,0,0,0,0,0,0,0
4.930347,0,0,0,0,0,0,0,0
4.931785,0,0,0,0,0,0,0,0
4.933223,0,0,0,0,0,0,0,0
4.934661,0,0,0,0,0,0,0,0
4.936105,0,0,0,0,0,0,0,0
4.937543,0,0,0,0,0,0,0,0
4.938997,0,0,0,0,0,0,0,0
4.940423,0,0,0,0,0,0,0,0
4.941860,0,0,0,0,0,0,0,0
4.943316,0,0,0,0,0,0,0,0
4.944754,0,0,0,0,0,0,0,0
4.946197,0,0,0,0,0,0,0,0
4.947652,0,0,0,0,0,0,0,0
4.949091,0,0,0,0,0,0,0,0
4.950528,0,0,0,0,0,0,0,0
4.951966,0,0,0,0,0,0,0,0
4.953404,0,0,0,0,0,0,0,0
4.954841,0,0,0,0,0,0,0,0
4.956342,0,0,0,0,0,0,0,0
4.957790,0,0,0,0,0,0,0,0
4.959195,0,0,0,0,0,0,0,0
4.960636,0,0,0,0,0,0,0,0
4.962072,0,0,0,0,0,0,0,0
4.963546,0,0,0,0,0,0,0,0
4.964983,0,0,0,0,0,0,0,0
4.966427,0,0,0,0,0,0,0,0
4.967873,0,0,0,0,0,0,0,0
4.969376,0,0,0,0,0,0,0,0
4.971253,0,0,0,0,0,0,0,0
4.972739,0,0,0,0,0,0,0,0
4.974256,0,0,0,0,0,0,0,0
4.975743,0,0,0,0,0,0,0,0
4.977799,0,0,0,0,0,0,0,0
4.979284,0,0,0,0,0,0,0,0
4.983205,0,0,0,0,0,0,0,0
4.984771,0,0,0,0,0,0,0,0
4.986257,0,0,0,0,0,0,0,0
4.988567,0,0,0,0,0,0,0,0
4.991786,0,0,0,0,0,0,0,0
4.993298,0,0,0,0,0,0,0,0
4.994808,0,0,0,0,0,0,0,0
4.996377,0,0,0,0,0,0,0,0
4.997869,0,0,0,0,0,0,0,0
4.999359,0,0,0,0,0,0,0,0
5.000845,0,0,0,0,0,0,0,0
5.002365,0,0,0,0,0,0,0,0
5.003852,0,0,0,0,0,0,0,0
5.005338,0,0,0,0,0,0,0,0
5.006824,0,0,0,0,0,0,0,0
5.008361,0,0,0,0,0,0,0,0
5.009847,0,0,0,0,0,0,0,0
5.011333,0,0,0,0,0,0,0,0
5.012819,0,0,0,0,0,0,0,0
5.014305,0,0,0,0,0,0,0,0
5.015794,0,0,0,0,0,0,0,0
5.017281,0,0,0,0,0,0,0,0
5.018794,0,0,0,0,0,0,0,0
5.020391,0,0,0,0,0,0,0,0
5.021878,0,0,0,0,0,0,0,0
5.023367,0,0,0,0,0,0,0,0
5.024872,0,0,0,0,0,0,0,0
5.026380,0,0,0,0,0,0,0,0
5.031198,0,0,0,0,0,0,0,0
5.032692,0,0,0,0,0,0,0,0
5.034177,0,0,0,0,0,0,0,0
5.035689,0,0,0,0,0,0,0,0
5.037174,0,0,0,0,0,0,0,0
5.038660,0,0,0,0,0,0,0,0
5.040154,0,0,0,0,0,0,0,0
5.041642,0,0,0,0,0,0,0,0
5.043156,0,0,0,0,0,0,0,0
5.044647,0,0,0,0,0,0,0,0
5.046133,0,0,0,0,0,0,0,0
5.047831,0,0,0,0,0,0,0,0
5.049320,0,0,0,0,0,0,0,0
5.052920,0,0,0,0,0,0,0,0
5.054415,0,0,0,0,0,0,0,0
5.055903,0,0,0,0,0,0,0,0
5.057388,0,0,0,0,0,0,0,0
5.058896,0,0,0,0,0,0,0,0
5.060408,0,0,0,0,0,0,0,0
5.061894,0,0,0,0,0,0,0,0
5.063381,0,0,0,0,0,0,0,0
5.064871,0,0,0,0,0,0,0,0
5.066378,0,0,0,0,0,0,0,0
5.067863,0,0,0,0,0,0,0,0
5.069349,0,0,0,0,0,0,0,0
5.070835,0,0,0,0,0,0,0,0
5.072351,0,0,0,0,0,0,0,0
5.073836,0,0,0,0,0,0,0,0
5.075342,0,0,0,0,0,0,0,0
5.076828,0,0,0,0,0,0,0,0
5.078314,0,0,0,0,0,0,0,0
5.079805,0,0,0,0,0,0,0,0
5.081296,0,0,0,0,0,0,0,0
5.082779,0,0,0,0,0,0,0,0
5.084350,0,0,0,0,0,0,0,0
5.085840,0,0,0,0,0,0,0,0
5.087325,0,0,0,0,0,0,0,0
5.090785,0,0,0,0,0,0,0,0
5.092392,0,0,0,0,0,0,0,0
5.093883,0,0,0,0,0,0,0,0
5.095369,0,0,0,0,0,0,0,0
5.096863,0,0,0,0,0,0,0,0
5.098375,0,0,0,0,0,0,0,0
5.099864,0,0,0,0,0,0,0,0
5.101350,0,0,0,0,0,0,0,0
5.102836,0,0,0,0,0,0,0,0
5.104342,0,0,0,0,0,0,0,0
5.105830,0,0,0,0,0,0,0,0
5.107323,0,0,0,0,0,0,0,0
5.108808,0,0,0,0,0,0,0,0
5.110293,0,0,0,0,0,0,0,0
5.111798,0,0,0,0,0,0,0,0
5.113286,0,0,0,0,0,0,0,0
5.114817,0,0,0,0,0,0,0,0
5.116384,0,0,0,0,0,0,0,0
5.119452,0,0,0,0,0,0,0,0
5.120940,0,0,0,0,0,0,0,0
5.122454,0,0,0,0,0,0,0,0
5.123941,0,0,0,0,0,0,0,0
5.125429,0,0,0,0,0,0,0,0
5.126914,0,0,0,0,0,0,0,0
5.128356,0,0,0,0,0,0,0,0
5.131867,0,0,0,0,0,0,0,0
5.133357,0,0,0,0,0,0,0,0
5.134844,0,0,0,0,0,0,0,0
5.136442,0,0,0,0,0,0,0,0
5.137988,0,0,0,0,0,0,0,0
5.139505,0,0,0,0,0,0,0,0
5.140992,0,0,0,0,0,0,0,0
5.142488,0,0,0,0,0,0,0,0
5.143977,0,0,0,0,0,0,0,0
5.147171,0,0,0,0,0,0,0,0
5.148584,0,0,0,0,0,0,0,0
5.150084,0,0,0,0,0,0,0,0
5.151570,0,0,0,0,0,0,0,0
5.153059,0,0,0,0,0,0,0,0
5.154568,0,0,0,0,0,0,0,0
5.156101,0,0,0,0,0,0,0,0
5.157588,0,0,0,0,0,0,0,0
5.159074,0,0,0,0,0,0,0,0
5.160581,0,0,0,0,0,0,0,0
5.162068,0,0,0,0,0,0,0,0
5.163580,0,0,0,0,0,0,0,0
5.165081,0,0,0,0,0,0,0,0
5.166565,0,0,0,0,0,0,0,0
5.171347,0,0,0,0,0,0,0,0
5.172841,0,0,0,0,0,0,0,0
5.174325,0,0,0,0,0,0,0,0
5.175814,0,0,0,0,0,0,0,0
5.177334,0,0,0,0,0,0,0,0
5.178819,0,0,0,0,0,0,0,0
5.180391,0,0,0,0,0,0,0,0
5.181877,0,0,0,0,0,0,0,0
5.183370,0,0,0,0,0,0,0,0
5.184854,0,0,0,0,0,0,0,0
5.186365,0,0,0,0,0,0,0,0
5.187852,0,0,0,0,0,0,0,0
5.189341,0,0,0,0,0,0,0,0
5.190829,0,0,0,0,0,0,0,0
5.192382,0,0,0,0,0,0,0,0
5.195341,0,0,0,0,0,0,0,0
5.196832,0,0,0,0,0,0,0,0
5.198318,0,0,0,0,0,0,0,0
5.199806,0,0,0,0,0,0,0,0
5.201292,0,0,0,0,0,0,0,0
5.202802,0,0,0,0,0,0,0,0
5.204366,0,0,0,0,0,0,0,0
5.205859,0,0,0,0,0,0,0,0
5.207344,0,0,0,0,0,0,0,0
5.208831,0,0,0,0,0,0,0,0
5.210357,0,0,0,0,0,0,0,0
5.211846,0,0,0,0,0,0,0,0
5.213332,0,0,0,0,0,0,0,0
5.214818,0,0,0,0,0,0,0,0
5.216356,0,0,0,0,0,0,0,0
5.217848,0,0,0,0,0,0,0,0
5.219343,0,0,0,0,0,0,0,0
5.220831,0,0,0,0,0,0,0,0
5.222250,0,0,0,0,0,0,0,0
5.223737,0,0,0,0,0,0,0,0
5.225224,0,0,0,0,0,0,0,0
5.226717,0,0,0,0,0,0,0,0
5.228204,0,0,0,0,0,0,0,0
5.229690,0,0,0,0,0,0,0,0
5.231473,0,0,0,0,0,0,0,0
5.235305,0,0,0,0,0,0,0,0
5.236796,0,0,0,0,0,0,0,0
5.238282,0,0,0,0,0,0,0,0
5.239769,0,0,0,0,0,0,0,0
5.241256,0,0,0,0,0,0,0,0
5.243312,0,0,0,0,0,0,0,0
5.247196,0,0,0,0,0,0,0,0
5.248688,0,0,0,0,0,0,0,0
5.250175,0,0,0,0,0,0,0,0
5.251684,0,0,0,0,0,0,0,0
5.253173,0,0,0,0,0,0,0,0
5.254658,0,0,0,0,0,0,0,0
5.256145,0,0,0,0,0,0,0,0
5.257631,0,0,0,0,0,0,0,0
5.259132,0,0,0,0,0,0,0,0
5.260633,0,0,0,0,0,0,0,0
5.262146,0,0,0,0,0,0,0,0
5.263587,0,0,0,0,0,0,0,0
5.265032,0,0,0,0,0,0,0,0
5.266489,0,0,0,0,0,0,0,0
5.267927,0,0,0,0,0,0,0,0
5.269367,0,0,0,0,0,0,0,0
5.270802,0,0,0,0,0,0,0,0
5.272253,0,0,0,0,0,0,0,0
5.273687,0,0,0,0,0,0,0,0
5.275137,0,0,0,0,0,0,0,0
5.276537,0,0,0,0,0,0,0,0
5.277974,0,0,0,0,0,0,0,0
5.279417,0,0,0,0,0,0,0,0
5.280856,0,0,0,0,0,0,0,0
5.282295,0,0,0,0,0,0,0,0
5.283751,0,0,0,0,0,0,0,0
5.285189,0,0,0,0,0,0,0,0
5.286628,0,0,0,0,0,0,0,0
5.288066,0,0,0,0,0,0,0,0
5.289508,0,0,0,0,0,0,0,0
5.290948,0,0,0,0,0,0,0,0
5.295192,0,0,0,0,0,0,0,0
5.296631,0,0,0,0,0,0,0,0
5.298069,0,0,0,0,0,0,0,0
5.299531,0,0,0,0,0,0,0,0
5.300969,0,0,0,0,0,0,0,0
5.302407,0,0,0,0,0,0,0,0
5.303846,0,0,0,0,0,0,0,0
5.305281,0,0,0,0,0,0,0,0
5.306732,0,0,0,0,0,0,0,0
5.308168,0,0,0,0,0,0,0,0
5.309611,0,0,0,0,0,0,0,0
5.311047,0,0,0,0,0,0,0,0
5.312483,0,0,0,0,0,0,0,0
5.313921,0,0,0,0,0,0,0,0
5.315406,0,0,0,0,0,0,0,0
5.316893,0,0,0,0,0,0,0,0
5.318380,0,0,0,0,0,0,0,0
5.319871,0,0,0,0,0,0,0,0
5.321357,0,0,0,0,0,0,0,0
5.322868,0,0,0,0,0,0,0,0
5.324403,0,0,0,0,0,0,0,0
5.325891,0,0,0,0,0,0,0,0
5.327381,0,0,0,0,0,0,0,0
5.328865,0,0,0,0,0,0,0,0
5.330382,0,0,0,0,0,0,0,0
5.331869,0,0,0,0,0,0,0,0
5.333358,0,0,0,0,0,0,0,0
5.334844,0,0,0,0,0,0,0,0
5.336342,0,0,0,0,0,0,0,0
5.337828,0,0,0,0,0,0,0,0
5.339321,0,0,0,0,0,0,0,0
5.340814,0,0,0,0,0,0,0,0
5.342321,0,0,0,0,0,0,0,0
5.343811,0,0,0,0,0,0,0,0
5.347250,0,0,0,0,0,0,0,0
5.348738,0,0,0,0,0,0,0,0
5.350223,0,0,0,0,0,0,0,0
5.351709,0,0,0,0,0,0,0,0
5.353194,0,0,0,0,0,0,0,0
5.354705,0,0,0,0,0,0,0,0
5.356192,0,0,0,0,0,0,0,0
5.357679,0,0,0,0,0,0,0,0
5.359168,0,0,0,0,0,0,0,0
5.360652,0,0,0,0,0,0,0,0
5.362144,0,0,0,0,0,0,0,0
5.363652,0,0,0,0,0,0,0,0
5.365147,0,0,0,0,0,0,0,0
5.366629,0,0,0,0,0,0,0,0
5.368124,0,0,0,0,0,0,0,0
5.369609,0,0,0,0,0,0,0,0
5.371095,0,0,0,0,0,0,0,0
5.372601,0,0,0,0,0,0,0,0
5.374087,0,0,0,0,0,0,0,0
5.379244,0,0,0,0,0,0,0,0
5.380739,0,0,0,0,0,0,0,0
5.382235,0,0,0,0,0,0,0,0
5.383681,0,0,0,0,0,0,0,0
5.385125,0,0,0,0,0,0,0,0
5.386582,0,0,0,0,0,0,0,0
5.388023,0,0,0,0,0,0,0,0
5.389471,0,0,0,0,0,0,0,0
5.390914,0,0,0,0,0,0,0,0
5.392312,0,0,0,0,0,0,0,0
5.393757,0,0,0,0,0,0,0,0
5.395208,0,0,0,0,0,0,0,0
5.396650,0,0,0,0,0,0,0,0
5.398093,0,0,0,0,0,0,0,0
5.399532,0,0,0,0,0,0,0,0
5.400970,0,0,0,0,0,0,0,0
5.402409,0,0,0,0,0,0,0,0
5.403854,0,0,0,0,0,0,0,0
5.405293,0,0,0,0,0,0,0,0
5.406731,0,0,0,0,0,0,0,0
5.408172,0,0,0,0,0,0,0,0
5.409611,0,0,0,0,0,0,0,0
5.411066,0,0,0,0,0,0,0,0
5.412522,0,0,0,0,0,0,0,0
5.414064,0,0,0,0,0,0,0,0
5.415513,0,0,0,0,0,0,0,0
5.416949,0,0,0,0,0,0,0,0
5.418404,0,0,0,0,0,0,0,0
5.419843,0,0,0,0,0,0,0,0
5.421286,0,0,0,0,0,0,0,0
5.422724,0,0,0,0,0,0,0,0
5.424171,0,0,0,0,0,0,0,0
5.425609,0,0,0,0,0,0,0,0
5.427047,0,0,0,0,0,0,0,0
5.428534,0,0,0,0,0,0,0,0
5.430019,0,0,0,0,0,0,0,0
5.431513,0,0,0,0,0,0,0,0
5.432952,0,0,0,0,0,0,0,0
5.434463,0,0,0,0,0,0,0,0
5.435903,0,0,0,0,0,0,0,0
5.437349,0,0,0,0,0,0,0,0
5.438786,0,0,0,0,0,0,0,0
5.440225,0,0,0,0,0,0,0,0
5.441663,0,0,0,0,0,0,0,0
5.443101,0,0,0,0,0,0,0,0
5.444580,0,0,0,0,0,0,0,0
5.446067,0,0,0,0,0,0,0,0
5.447555,0,0,0,0,0,0,0,0
5.449042,0,0,0,0,0,0,0,0
5.450532,0,0,0,0,0,0,0,0
5.452019,0,0,0,0,0,0,0,0
5.459242,0,0,0,0,0,0,0,0
5.460732,0,0,0,0,0,0,0,0
5.463195,0,0,0,0,0,0,0,0
5.464685,0,0,0,0,0,0,0,0
5.466168,0,0,0,0,0,0,0,0
5.467683,0,0,0,0,0,0,0,0
5.469172,0,0,0,0,0,0,0,0
5.470657,0,0,0,0,0,0,0,0
5.472144,0,0,0,0,0,0,0,0
5.473632,0,0,0,0,0,0,0,0
5.475120,0,0,0,0,0,0,0,0
5.476601,0,0,0,0,0,0,0,0
5.483246,0,0,0,0,0,0,0,0
5.484736,0,0,0,0,0,0,0,0
5.486222,0,0,0,0,0,0,0,0
5.487712,0,0,0,0,0,0,0,0
5.489202,0,0,0,0,0,0,0,0
5.490687,0,0,0,0,0,0,0,0
5.492175,0,0,0,0,0,0,0,0
5.493662,0,0,0,0,0,0,0,0
5.495148,0,0,0,0,0,0,0,0
5.496576,0,0,0,0,0,0,0,0
5.498060,0,0,0,0,0,0,0,0
5.499594,0,0,0,0,0,0,0,0
5.501079,0,0,0,0,0,0,0,0
5.502566,0,0,0,0,0,0,0,0
5.504054,0,0,0,0,0,0,0,0
5.505506,0,0,0,0,0,0,0,0
5.506995,0,0,0,0,0,0,0,0
5.508478,0,0,0,0,0,0,0,0
5.509969,0,0,0,0,0,0,0,0
5.511475,0,0,0,0,0,0,0,0
5.519202,0,0,0,0,0,0,0,0
5.526882,0,0,0,0,0,0,0,0
5.532375,0,0,0,0,0,0,0,0
5.533844,0,0,0,0,0,0,0,0
5.535297,0,0,0,0,0,0,0,0
5.537303,0,0,0,0,0,0,0,0
5.538823,0,0,0,0,0,0,0,0
5.540408,0,0,0,0,0,0,0,0
5.541895,0,0,0,0,0,0,0,0
5.543385,0,0,0,0,0,0,0,0
5.547327,0,0,0,0,0,0,0,0
5.548820,0,0,0,0,0,0,0,0
5.550265,0,0,0,0,0,0,0,0
5.553406,0,0,0,0,0,0,0,0
5.554918,0,0,0,0,0,0,0,0
5.559350,0,0,0,0,0,0,0,0
5.562783,0,0,0,0,0,0,0,0
5.564221,0,0,0,0,0,0,0,0
5.565713,0,0,0,0,0,0,0,0
5.567200,0,0,0,0,0,0,0,0
5.568739,0,0,0,0,0,0,0,0
5.570371,0,0,0,0,0,0,0,0
5.600273,0,0,0,0,0,0,0,0
5.602144,0,0,0,0,0,0,0,0
5.603742,0,0,0,0,0,0,0,0
5.605179,0,0,0,0,0,0,0,0
5.606623,0,0,0,0,0,0,0,0
5.608070,0,0,0,0,0,0,0,0
5.609506,0,0,0,0,0,0,0,0
5.610942,0,0,0,0,0,0,0,0
5.612421,0,0,0,0,0,0,0,0
5.613858,0,0,0,0,0,0,0,0
5.615293,0,0,0,0,0,0,0,0
5.616731,0,0,0,0,0,0,0,0
5.619019,0,0,0,0,0,0,0,0
5.620442,0,0,0,0,0,0,0,0
5.621887,0,0,0,0,0,0,0,0
5.629806,0,0,0,0,0,0,0,0
5.631247,0,0,0,0,0,0,0,0
5.632685,0,0,0,0,0,0,0,0
5.639509,0,0,0,0,0,0,0,0
5.640948,0,0,0,0,0,0,0,0
5.642403,0,0,0,0,0,0,0,0
5.643840,0,0,0,0,0,0,0,0
5.647243,0,0,0,0,0,0,0,0
5.648682,0,0,0,0,0,0,0,0
5.650119,0,0,0,0,0,0,0,0
5.651581,0,0,0,0,0,0,0,0
5.653019,0,0,0,0,0,0,0,0
5.654457,0,0,0,0,0,0,0,0
5.659461,0,0,0,0,0,0,0,0
5.660908,0,0,0,0,0,0,0,0
5.662347,0,0,0,0,0,0,0,0
5.663786,0,0,0,0,0,0,0,0
5.665227,0,0,0,0,0,0,0,0
5.666685,0,0,0,0,0,0,0,0
5.668122,0,0,0,0,0,0,0,0
5.669559,0,0,0,0,0,0,0,0
5.670996,0,0,0,0,0,0,0,0
5.672413,0,0,0,0,0,0,0,0
5.673851,0,0,0,0,0,0,0,0
5.675317,0,0,0,0,0,0,0,0
5.685357,0,0,0,0,0,0,0,0
5.686768,0,0,0,0,0,0,0,0
5.688289,0,0,0,0,0,0,0,0
5.689972,0,0,0,0,0,0,0,0
5.691544,0,0,0,0,0,0,0,0
5.692978,0,0,0,0,0,0,0,0
5.694412,0,0,0,0,0,0,0,0
5.695849,0,0,0,0,0,0,0,0
5.697284,0,0,0,0,0,0,0,0
5.698742,0,0,0,0,0,0,0,0
5.700131,0,0,0,0,0,0,0,0
5.701671,0,0,0,0,0,0,0,0
5.703168,0,0,0,0,0,0,0,0
5.704656,0,0,0,0,0,0,0,0
5.706142,0,0,0,0,0,0,0,0
5.707656,0,0,0,0,0,0,0,0
5.709148,0,0,0,0,0,0,0,0
5.710634,0,0,0,0,0,0,0,0
5.712123,0,0,0,0,0,0,0,0
5.713609,0,0,0,0,0,0,0,0
5.715117,0,0,0,0,0,0,0,0
5.716602,0,0,0,0,0,0,0,0
5.718087,0,0,0,0,0,0,0,0
5.719580,0,0,0,0,0,0,0,0
5.721065,0,0,0,0,0,0,0,0
5.722573,0,0,0,0,0,0,0,0
5.724060,0,0,0,0,0,0,0,0
5.725546,0,0,0,0,0,0,0,0
5.727031,0,0,0,0,0,0,0,0
5.728488,0,0,0,0,0,0,0,0
5.729980,0,0,0,0,0,0,0,0
5.731492,0,0,0,0,0,0,0,0
5.732978,0,0,0,0,0,0,0,0
5.734467,0,0,0,0,0,0,0,0
5.735953,0,0,0,0,0,0,0,0
5.738517,0,0,0,0,0,0,0,0
5.739952,0,0,0,0,0,0,0,0
5.741446,0,0,0,0,0,0,0,0
5.742932,0,0,0,0,0,0,0,0
5.744439,0,0,0,0,0,0,0,0
5.745927,0,0,0,0,0,0,0,0
5.747412,0,0,0,0,0,0,0,0
5.748897,0,0,0,0,0,0,0,0
5.752683,0,0,0,0,0,0,0,0
5.754189,0,0,0,0,0,0,0,0
5.755674,0,0,0,0,0,0,0,0
5.757157,0,0,0,0,0,0,0,0
5.758640,0,0,0,0,0,0,0,0
5.760123,0,0,0,0,0,0,0,0
5.761607,0,0,0,0,0,0,0,0
5.763117,0,0,0,0,0,0,0,0
5.764597,0,0,0,0,0,0,0,0
5.766079,0,0,0,0,0,0,0,0
5.767565,0,0,0,0,0,0,0,0
5.769050,0,0,0,0,0,0,0,0
5.770557,0,0,0,0,0,0,0,0
5.772040,0,0,0,0,0,0,0,0
5.773526,0,0,0,0,0,0,0,0
5.775020,0,0,0,0,0,0,0,0
5.776459,0,0,0,0,0,0,0,0
5.777944,0,0,0,0,0,0,0,0
5.779491,0,0,0,0,0,0,0,0
5.780977,0,0,0,0,0,0,0,0
5.783328,0,0,0,0,0,0,0,0
5.784813,0,0,0,0,0,0,0,0
5.786300,0,0,0,0,0,0,0,0
5.788894,0,0,0,0,0,0,0,0
5.790378,0,0,0,0,0,0,0,0
5.791863,0,0,0,0,0,0,0,0
5.793347,0,0,0,0,0,0,0,0
5.794833,0,0,0,0,0,0,0,0
5.796488,0,0,0,0,0,0,0,0
5.800361,0,0,0,0,0,0,0,0
5.801883,0,0,0,0,0,0,0,0
5.803365,0,0,0,0,0,0,0,0
5.804845,0,0,0,0,0,0,0,0
5.806281,0,0,0,0,0,0,0,0
5.807793,0,0,0,0,0,0,0,0
5.809232,0,0,0,0,0,0,0,0
5.810743,0,0,0,0,0,0,0,0
5.813381,0,0,0,0,0,0,0,0
5.814868,0,0,0,0,0,0,0,0
5.816349,0,0,0,0,0,0,0,0
5.817837,0,0,0,0,0,0,0,0
5.819322,0,0,0,0,0,0,0,0
5.820807,0,0,0,0,0,0,0,0
5.822293,0,0,0,0,0,0,0,0
5.823789,0,0,0,0,0,0,0,0
5.825272,0,0,0,0,0,0,0,0
5.826782,0,0,0,0,0,0,0,0
5.828330,0,0,0,0,0,0,0,0
5.829814,0,0,0,0,0,0,0,0
5.831301,0,0,0,0,0,0,0,0
5.832806,0,0,0,0,0,0,0,0
5.834289,0,0,0,0,0,0,0,0
5.835801,0,0,0,0,0,0,0,0
5.837289,0,0,0,0,0,0,0,0
5.838777,0,0,0,0,0,0,0,0
5.840279,0,0,0,0,0,0,0,0
5.841763,0,0,0,0,0,0,0,0
5.843254,0,0,0,0,0,0,0,0
5.844746,0,0,0,0,0,0,0,0
5.846231,0,0,0,0,0,0,0,0
5.847715,0,0,0,0,0,0,0,0
5.850860,0,0,0,0,0,0,0,0
5.852402,0,0,0,0,0,0,0,0
5.853886,0,0,0,0,0,0,0,0
5.855372,0,0,0,0,0,0,0,0
5.856866,0,0,0,0,0,0,0,0
5.858387,0,0,0,0,0,0,0,0
5.859879,0,0,0,0,0,0,0,0
5.861366,0,0,0,0,0,0,0,0
5.862852,0,0,0,0,0,0,0,0
5.864348,0,0,0,0,0,0,0,0
5.865834,0,0,0,0,0,0,0,0
5.867321,0,0,0,0,0,0,0,0
5.868807,0,0,0,0,0,0,0,0
5.870297,0,0,0,0,0,0,0,0
5.871786,0,0,0,0,0,0,0,0
5.875147,0,0,0,0,0,0,0,0
5.876600,0,0,0,0,0,0,0,0
5.878087,0,0,0,0,0,0,0,0
5.881105,0,0,0,0,0,0,0,0
5.882626,0,0,0,0,0,0,0,0
5.884065,0,0,0,0,0,0,0,0
5.885503,0,0,0,0,0,0,0,0
5.886940,0,0,0,0,0,0,0,0
5.888377,0,0,0,0,0,0,0,0
5.889815,0,0,0,0,0,0,0,0
5.891252,0,0,0,0,0,0,0,0
5.892695,0,0,0,0,0,0,0,0
5.894132,0,0,0,0,0,0,0,0
5.895570,0,0,0,0,0,0,0,0
5.897007,0,0,0,0,0,0,0,0
5.898481,0,0,0,0,0,0,0,0
5.899918,0,0,0,0,0,0,0,0
5.901354,0,0,0,0,0,0,0,0
5.902796,0,0,0,0,0,0,0,0
5.904233,0,0,0,0,0,0,0,0
5.905670,0,0,0,0,0,0,0,0
5.927230,0,0,0,0,0,0,0,0
5.928647,0,0,0,0,0,0,0,0
5.930133,0,0,0,0,0,0,0,0
5.931646,0,0,0,0,0,0,0,0
5.933131,0,0,0,0,0,0,0,0
5.934621,0,0,0,0,0,0,0,0
5.936109,0,0,0,0,0,0,0,0
5.937595,0,0,0,0,0,0,0,0
5.939110,0,0,0,0,0,0,0,0
5.940623,0,0,0,0,0,0,0,0
5.942109,0,0,0,0,0,0,0,0
5.943597,0,0,0,0,0,0,0,0
5.945085,0,0,0,0,0,0,0,0
5.946596,0,0,0,0,0,0,0,0
5.948082,0,0,0,0,0,0,0,0
5.949574,0,0,0,0,0,0,0,0
5.951069,0,0,0,0,0,0,0,0
5.952567,0,0,0,0,0,0,0,0
5.954053,0,0,0,0,0,0,0,0
5.955572,0,0,0,0,0,0,0,0
5.957058,0,0,0,0,0,0,0,0
5.958544,0,0,0,0,0,0,0,0
5.967397,0,0,0,0,0,0,0,0
5.968940,0,0,0,0,0,0,0,0
5.971926,0,0,0,0,0,0,0,0
5.973412,0,0,0,0,0,0,0,0
5.974899,0,0,0,0,0,0,0,0
5.976351,0,0,0,0,0,0,0,0
5.979514,0,0,0,0,0,0,0,0
5.982344,0,0,0,0,0,0,0,0
5.983833,0,0,0,0,0,0,0,0
5.985319,0,0,0,0,0,0,0,0
5.987118,0,0,0,0,0,0,0,0
5.988588,0,0,0,0,0,0,0,0
5.990073,0,0,0,0,0,0,0,0
5.992363,0,0,0,0,0,0,0,0
5.993849,0,0,0,0,0,0,0,0
5.995360,0,0,0,0,0,0,0,0
5.996846,0,0,0,0,0,0,0,0
5.998333,0,0,0,0,0,0,0,0
5.999822,0,0,0,0,0,0,0,0
6.001319,0,0,0,0,0,0,0,0
6.002830,0,0,0,0,0,0,0,0
6.004397,0,0,0,0,0,0,0,0
6.005900,0,0,0,0,0,0,0,0
6.007391,0,0,0,0,0,0,0,0
6.008879,0,0,0,0,0,0,0,0
6.010382,0,0,0,0,0,0,0,0
6.011820,0,0,0,0,0,0,0,0
6.013260,0,0,0,0,0,0,0,0
6.014699,0,0,0,0,0,0,0,0
6.016137,0,0,0,0,0,0,0,0
6.019259,0,0,0,0,0,0,0,0
6.020697,0,0,0,0,0,0,0,0
6.022141,0,0,0,0,0,0,0,0
6.024247,0,0,0,0,0,0,0,0
6.026967,0,0,0,0,0,0,0,0
6.028427,0,0,0,0,0,0,0,0
6.029863,0,0,0,0,0,0,0,0
6.031299,0,0,0,0,0,0,0,0
6.032734,0,0,0,0,0,0,0,0
6.035308,0,0,0,0,0,0,0,0
6.036747,0,0,0,0,0,0,0,0
6.039397,0,0,0,0,0,0,0,0
6.040838,0,0,0,0,0,0,0,0
6.042276,0,0,0,0,0,0,0,0
6.091247,0,0,0,0,0,0,0,0
6.094016,0,0,0,0,0,0,0,0
6.095484,0,0,0,0,0,0,0,0
6.096919,0,0,0,0,0,0,0,0
6.098371,0,0,0,0,0,0,0,0
6.099806,0,0,0,0,0,0,0,0
6.101240,0,0,0,0,0,0,0,0
6.102674,0,0,0,0,0,0,0,0
6.104112,0,0,0,0,0,0,0,0
6.105562,0,0,0,0,0,0,0,0
6.106997,0,0,0,0,0,0,0,0
6.108468,0,0,0,0,0,0,0,0
6.109905,0,0,0,0,0,0,0,0
6.111345,0,0,0,0,0,0,0,0
6.112783,0,0,0,0,0,0,0,0
6.114227,0,0,0,0,0,0,0,0
6.115682,0,0,0,0,0,0,0,0
6.117122,0,0,0,0,0,0,0,0
6.118559,0,0,0,0,0,0,0,0
6.119998,0,0,0,0,0,0,0,0
6.121436,0,0,0,0,0,0,0,0
6.122891,0,0,0,0,0,0,0,0
6.124378,0,0,0,0,0,0,0,0
6.125815,0,0,0,0,0,0,0,0
6.127253,0,0,0,0,0,0,0,0
6.128690,0,0,0,0,0,0,0,0
6.130129,0,0,0,0,0,0,0,0
6.131582,0,0,0,0,0,0,0,0
6.133020,0,0,0,0,0,0,0,0
6.134460,0,0,0,0,0,0,0,0
6.135899,0,0,0,0,0,0,0,0
6.137336,0,0,0,0,0,0,0,0
6.138790,0,0,0,0,0,0,0,0
6.140227,0,0,0,0,0,0,0,0
6.141664,0,0,0,0,0,0,0,0
6.143105,0,0,0,0,0,0,0,0
6.146577,0,0,0,0,0,0,0,0
6.148018,0,0,0,0,0,0,0,0
6.149503,0,0,0,0,0,0,0,0
6.150940,0,0,0,0,0,0,0,0
6.152380,0,0,0,0,0,0,0,0
6.153820,0,0,0,0,0,0,0,0
6.161647,0,0,0,0,0,0,0,0
6.163087,0,0,0,0,0,0,0,0
6.164553,0,0,0,0,0,0,0,0
6.168598,0,0,0,0,0,0,0,0
6.171570,0,0,0,0,0,0,0,0
6.173008,0,0,0,0,0,0,0,0
6.174444,0,0,0,0,0,0,0,0
6.175882,0,0,0,0,0,0,0,0
6.177323,0,0,0,0,0,0,0,0
6.178791,0,0,0,0,0,0,0,0
6.180230,0,0,0,0,0,0,0,0
6.181666,0,0,0,0,0,0,0,0
6.183105,0,0,0,0,0,0,0,0
6.184523,0,0,0,0,0,0,0,0
6.187985,0,0,0,0,0,0,0,0
6.195220,0,0,0,0,0,0,0,0
6.196660,0,0,0,0,0,0,0,0
6.198098,0,0,0,0,0,0,0,0
6.202749,0,0,0,0,0,0,0,0
6.211354,0,0,0,0,0,0,0,0
6.212804,0,0,0,0,0,0,0,0
6.214247,0,0,0,0,0,0,0,0
6.215686,0,0,0,0,0,0,0,0
6.217124,0,0,0,0,0,0,0,0
6.218580,0,0,0,0,0,0,0,0
6.220018,0,0,0,0,0,0,0,0
6.221458,0,0,0,0,0,0,0,0
6.222898,0,0,0,0,0,0,0,0
6.224303,0,0,0,0,0,0,0,0
6.225742,0,0,0,0,0,0,0,0
6.227261,0,0,0,0,0,0,0,0
6.228699,0,0,0,0,0,0,0,0
6.230137,0,0,0,0,0,0,0,0
6.231618,0,0,0,0,0,0,0,0
6.234404,0,0,0,0,0,0,0,0
6.235846,0,0,0,0,0,0,0,0
6.237280,0,0,0,0,0,0,0,0
6.238715,0,0,0,0,0,0,0,0
6.240151,0,0,0,0,0,0,0,0
6.241585,0,0,0,0,0,0,0,0
6.243037,0,0,0,0,0,0,0,0
6.244457,0,0,0,0,0,0,0,0
6.245959,0,0,0,0,0,0,0,0
6.247398,0,0,0,0,0,0,0,0
6.248836,0,0,0,0,0,0,0,0
6.250272,0,0,0,0,0,0,0,0
6.251727,0,0,0,0,0,0,0,0
6.253165,0,0,0,0,0,0,0,0
6.254607,0,0,0,0,0,0,0,0
6.256086,0,0,0,0,0,0,0,0
6.257524,0,0,0,0,0,0,0,0
6.258961,0,0,0,0,0,0,0,0
6.261081,0,0,0,0,0,0,0,0
6.262948,0,0,0,0,0,0,0,0
6.264387,0,0,0,0,0,0,0,0
6.269516,0,0,0,0,0,0,0,0
6.270954,0,0,0,0,0,0,0,0
6.272392,0,0,0,0,0,0,0,0
6.273826,0,0,0,0,0,0,0,0
6.275261,0,0,0,0,0,0,0,0
6.280359,0,0,0,0,0,0,0,0
6.281797,0,0,0,0,0,0,0,0
6.283271,0,0,0,0,0,0,0,0
6.284710,0,0,0,0,0,0,0,0
6.286147,0,0,0,0,0,0,0,0
6.287539,0,0,0,0,0,0,0,0
6.288977,0,0,0,0,0,0,0,0
6.290432,0,0,0,0,0,0,0,0
6.291869,0,0,0,0,0,0,0,0
6.293307,0,0,0,0,0,0,0,0
6.294744,0,0,0,0,0,0,0,0
6.296182,0,0,0,0,0,0,0,0
6.297656,0,0,0,0,0,0,0,0
6.299108,0,0,0,0,0,0,0,0
6.300546,0,0,0,0,0,0,0,0
6.302950,0,0,0,0,0,0,0,0
6.304394,0,0,0,0,0,0,0,0
6.305839,0,0,0,0,0,0,0,0
6.307321,0,0,0,0,0,0,0,0
6.308760,0,0,0,0,0,0,0,0
6.311200,0,0,0,0,0,0,0,0
6.312638,0,0,0,0,0,0,0,0
6.314072,0,0,0,0,0,0,0,0
6.315524,0,0,0,0,0,0,0,0
6.317020,0,0,0,0,0,0,0,0
6.320282,0,0,0,0,0,0,0,0
6.321725,0,0,0,0,0,0,0,0
6.323207,0,0,0,0,0,0,0,0
6.324687,0,0,0,0,0,0,0,0
6.326124,0,0,0,0,0,0,0,0
6.327563,0,0,0,0,0,0,0,0
6.329000,0,0,0,0,0,0,0,0
6.330454,0,0,0,0,0,0,0,0
6.331897,0,0,0,0,0,0,0,0
6.333334,0,0,0,0,0,0,0,0
6.334790,0,0,0,0,0,0,0,0
6.336227,0,0,0,0,0,0,0,0
6.337665,0,0,0,0,0,0,0,0
6.339117,0,0,0,0,0,0,0,0
6.340538,0,0,0,0,0,0,0,0
6.341981,0,0,0,0,0,0,0,0
6.343417,0,0,0,0,0,0,0,0
6.344863,0,0,0,0,0,0,0,0
6.346329,0,0,0,0,0,0,0,0
6.347771,0,0,0,0,0,0,0,0
6.349209,0,0,0,0,0,0,0,0
6.350646,0,0,0,0,0,0,0,0
6.352090,0,0,0,0,0,0,0,0
6.353528,0,0,0,0,0,0,0,0
6.354983,0,0,0,0,0,0,0,0
6.356428,0,0,0,0,0,0,0,0
6.357897,0,0,0,0,0,0,0,0
6.359336,0,0,0,0,0,0,0,0
6.360773,0,0,0,0,0,0,0,0
6.362215,0,0,0,0,0,0,0,0
6.363671,0,0,0,0,0,0,0,0
6.365108,0,0,0,0,0,0,0,0
6.367644,0,0,0,0,0,0,0,0
6.369083,0,0,0,0,0,0,0,0
6.370537,0,0,0,0,0,0,0,0
6.371974,0,0,0,0,0,0,0,0
6.373431,0,0,0,0,0,0,0,0
6.377591,0,0,0,0,0,0,0,0
6.379044,0,0,0,0,0,0,0,0
6.380501,0,0,0,0,0,0,0,0
6.381938,0,0,0,0,0,0,0,0
6.383404,0,0,0,0,0,0,0,0
6.384844,0,0,0,0,0,0,0,0
6.386279,0,0,0,0,0,0,0,0
6.387755,0,0,0,0,0,0,0,0
6.389191,0,0,0,0,0,0,0,0
6.390631,0,0,0,0,0,0,0,0
6.392095,0,0,0,0,0,0,0,0
6.393531,0,0,0,0,0,0,0,0
6.394971,0,0,0,0,0,0,0,0
6.396428,0,0,0,0,0,0,0,0
6.397862,0,0,0,0,0,0,0,0
6.399298,0,0,0,0,0,0,0,0
6.400732,0,0,0,0,0,0,0,0
6.402179,0,0,0,0,0,0,0,0
6.403624,0,0,0,0,0,0,0,0
6.405066,0,0,0,0,0,0,0,0
6.406507,0,0,0,0,0,0,0,0
6.407948,0,0,0,0,0,0,0,0
6.409388,0,0,0,0,0,0,0,0
6.410828,0,0,0,0,0,0,0,0
6.412317,0,0,0,0,0,0,0,0
6.413754,0,0,0,0,0,0,0,0
6.415194,0,0,0,0,0,0,0,0
6.416632,0,0,0,0,0,0,0,0
6.418070,0,0,0,0,0,0,0,0
6.419530,0,0,0,0,0,0,0,0
6.420967,0,0,0,0,0,0,0,0
6.422405,0,0,0,0,0,0,0,0
6.423842,0,0,0,0,0,0,0,0
6.425286,0,0,0,0,0,0,0,0
6.426725,0,0,0,0,0,0,0,0
6.428164,0,0,0,0,0,0,0,0
6.429604,0,0,0,0,0,0,0,0
6.431041,0,0,0,0,0,0,0,0
6.432412,0,0,0,0,0,0,0,0
6.433850,0,0,0,0,0,0,0,0
6.435294,0,0,0,0,0,0,0,0
6.436732,0,0,0,0,0,0,0,0
6.438172,0,0,0,0,0,0,0,0
6.439608,0,0,0,0,0,0,0,0
6.441046,0,0,0,0,0,0,0,0
6.442502,0,0,0,0,0,0,0,0
6.443940,0,0,0,0,0,0,0,0
6.445384,0,0,0,0,0,0,0,0
6.446821,0,0,0,0,0,0,0,0
6.448283,0,0,0,0,0,0,0,0
6.449719,0,0,0,0,0,0,0,0
6.451176,0,0,0,0,0,0,0,0
6.452640,0,0,0,0,0,0,0,0
6.455329,0,0,0,0,0,0,0,0
6.459047,0,0,0,0,0,0,0,0
6.460530,0,0,0,0,0,0,0,0
6.462009,0,0,0,0,0,0,0,0
6.463462,0,0,0,0,0,0,0,0
6.464900,0,0,0,0,0,0,0,0
6.466356,0,0,0,0,0,0,0,0
6.467800,0,0,0,0,0,0,0,0
6.469238,0,0,0,0,0,0,0,0
6.470676,0,0,0,0,0,0,0,0
6.479206,0,0,0,0,0,0,0,0
6.483288,0,0,0,0,0,0,0,0
6.484743,0,0,0,0,0,0,0,0
6.486181,0,0,0,0,0,0,0,0
6.487618,0,0,0,0,0,0,0,0
6.489056,0,0,0,0,0,0,0,0
6.490560,0,0,0,0,0,0,0,0
6.494461,0,0,0,0,0,0,0,0
6.495901,0,0,0,0,0,0,0,0
6.497338,0,0,0,0,0,0,0,0
6.498794,0,0,0,0,0,0,0,0
6.500232,0,0,0,0,0,0,0,0
6.501671,0,0,0,0,0,0,0,0
6.504376,0,0,0,0,0,0,0,0
6.505816,0,0,0,0,0,0,0,0
6.507254,0,0,0,0,0,0,0,0
6.508691,0,0,0,0,0,0,0,0
6.510129,0,0,0,0,0,0,0,0
6.511576,0,0,0,0,0,0,0,0
6.513012,0,0,0,0,0,0,0,0
6.514471,0,0,0,0,0,0,0,0
6.515910,0,0,0,0,0,0,0,0
6.517347,0,0,0,0,0,0,0,0
6.518708,0,0,0,0,0,0,0,0
6.520146,0,0,0,0,0,0,0,0
6.521584,0,0,0,0,0,0,0,0
6.523021,0,0,0,0,0,0,0,0
6.524424,0,0,0,0,0,0,0,0
6.527232,0,0,0,0,0,0,0,0
6.528738,0,0,0,0,0,0,0,0
6.530225,0,0,0,0,0,0,0,0
6.531738,0,0,0,0,0,0,0,0
6.534200,0,0,0,0,0,0,0,0
6.537261,0,0,0,0,0,0,0,0
6.538716,0,0,0,0,0,0,0,0
6.544657,0,0,0,0,0,0,0,0
6.546097,0,0,0,0,0,0,0,0
6.547550,0,0,0,0,0,0,0,0
6.548993,0,0,0,0,0,0,0,0
6.550431,0,0,0,0,0,0,0,0
6.553534,0,0,0,0,0,0,0,0
6.555060,0,0,0,0,0,0,0,0
6.556552,0,0,0,0,0,0,0,0
6.558037,0,0,0,0,0,0,0,0
6.560836,0,0,0,0,0,0,0,0
6.562347,0,0,0,0,0,0,0,0
6.563833,0,0,0,0,0,0,0,0
6.568354,0,0,0,0,0,0,0,0
6.571274,0,0,0,0,0,0,0,0
6.572778,0,0,0,0,0,0,0,0
6.574264,0,0,0,0,0,0,0,0
6.575674,0,0,0,0,0,0,0,0
6.577758,0,0,0,0,0,0,0,0
6.579259,0,0,0,0,0,0,0,0
6.582924,0,0,0,0,0,0,0,0
6.584346,0,0,0,0,0,0,0,0
6.585831,0,0,0,0,0,0,0,0
6.587317,0,0,0,0,0,0,0,0
6.588833,0,0,0,0,0,0,0,0
6.590319,0,0,0,0,0,0,0,0
6.592177,0,0,0,0,0,0,0,0
6.593661,0,0,0,0,0,0,0,0
6.595151,0,0,0,0,0,0,0,0
6.596637,0,0,0,0,0,0,0,0
6.598123,0,0,0,0,0,0,0,0
6.599611,0,0,0,0,0,0,0,0
6.601100,0,0,0,0,0,0,0,0
6.605017,0,0,0,0,0,0,0,0
6.606505,0,0,0,0,0,0,0,0
6.607992,0,0,0,0,0,0,0,0
6.609477,0,0,0,0,0,0,0,0
6.610962,0,0,0,0,0,0,0,0
6.613337,0,0,0,0,0,0,0,0
6.619515,0,0,0,0,0,0,0,0
6.621012,0,0,0,0,0,0,0,0
6.622496,0,0,0,0,0,0,0,0
6.623983,0,0,0,0,0,0,0,0
6.625472,0,0,0,0,0,0,0,0
6.626958,0,0,0,0,0,0,0,0
6.628431,0,0,0,0,0,0,0,0
6.629921,0,0,0,0,0,0,0,0
6.631813,0,0,0,0,0,0,0,0
6.633299,0,0,0,0,0,0,0,0
6.634810,0,0,0,0,0,0,0,0
6.641373,0,0,0,0,0,0,0,0
6.642874,0,0,0,0,0,0,0,0
6.644409,0,0,0,0,0,0,0,0
6.645895,0,0,0,0,0,0,0,0
6.647388,0,0,0,0,0,0,0,0
6.648874,0,0,0,0,0,0,0,0
6.650385,0,0,0,0,0,0,0,0
6.651873,0,0,0,0,0,0,0,0
6.653359,0,0,0,0,0,0,0,0
6.654844,0,0,0,0,0,0,0,0
6.656402,0,0,0,0,0,0,0,0
6.657906,0,0,0,0,0,0,0,0
6.659393,0,0,0,0,0,0,0,0
6.660887,0,0,0,0,0,0,0,0
6.662372,0,0,0,0,0,0,0,0
6.663858,0,0,0,0,0,0,0,0
6.665348,0,0,0,0,0,0,0,0
6.666833,0,0,0,0,0,0,0,0
6.668404,0,0,0,0,0,0,0,0
6.669933,0,0,0,0,0,0,0,0
6.671419,0,0,0,0,0,0,0,0
6.672906,0,0,0,0,0,0,0,0
6.674417,0,0,0,0,0,0,0,0
6.675917,0,0,0,0,0,0,0,0
6.677403,0,0,0,0,0,0,0,0
6.678815,0,0,0,0,0,0,0,0
6.680320,0,0,0,0,0,0,0,0
6.681806,0,0,0,0,0,0,0,0
6.683293,0,0,0,0,0,0,0,0
6.684777,0,0,0,0,0,0,0,0
6.686276,0,0,0,0,0,0,0,0
6.687764,0,0,0,0,0,0,0,0
6.689257,0,0,0,0,0,0,0,0
6.690746,0,0,0,0,0,0,0,0
6.692234,0,0,0,0,0,0,0,0
6.693718,0,0,0,0,0,0,0,0
6.695198,0,0,0,0,0,0,0,0
6.696720,0,0,0,0,0,0,0,0
6.698207,0,0,0,0,0,0,0,0
6.700777,0,0,0,0,0,0,0,0
6.707358,0,0,0,0,0,0,0,0
6.708845,0,0,0,0,0,0,0,0
6.710335,0,0,0,0,0,0,0,0
6.711826,0,0,0,0,0,0,0,0
6.713324,0,0,0,0,0,0,0,0
6.714815,0,0,0,0,0,0,0,0
6.716388,0,0,0,0,0,0,0,0
6.717874,0,0,0,0,0,0,0,0
6.719362,0,0,0,0,0,0,0,0
6.720856,0,0,0,0,0,0,0,0
6.722366,0,0,0,0,0,0,0,0
6.723867,0,0,0,0,0,0,0,0
6.725404,0,0,0,0,0,0,0,0
6.726888,0,0,0,0,0,0,0,0
6.728349,0,0,0,0,0,0,0,0
6.729835,0,0,0,0,0,0,0,0
6.731328,0,0,0,0,0,0,0,0
6.732742,0,0,0,0,0,0,0,0
6.734228,0,0,0,0,0,0,0,0
6.735717,0,0,0,0,0,0,0,0
6.737202,0,0,0,0,0,0,0,0
6.738711,0,0,0,0,0,0,0,0
6.740196,0,0,0,0,0,0,0,0
6.741690,0,0,0,0,0,0,0,0
6.743176,0,0,0,0,0,0,0,0
6.744679,0,0,0,0,0,0,0,0
6.746160,0,0,0,0,0,0,0,0
6.747615,0,0,0,0,0,0,0,0
6.749079,0,0,0,0,0,0,0,0
6.750512,0,0,0,0,0,0,0,0
6.751973,0,0,0,0,0,0,0,0
6.753407,0,0,0,0,0,0,0,0
6.754843,0,0,0,0,0,0,0,0
6.756432,0,0,0,0,0,0,0,0
6.757917,0,0,0,0,0,0,0,0
6.759403,0,0,0,0,0,0,0,0
6.760888,0,0,0,0,0,0,0,0
6.767267,0,0,0,0,0,0,0,0
6.768756,0,0,0,0,0,0,0,0
6.770242,0,0,0,0,0,0,0,0
6.771750,0,0,0,0,0,0,0,0
6.773272,0,0,0,0,0,0,0,0
6.774756,0,0,0,0,0,0,0,0
6.776253,0,0,0,0,0,0,0,0
6.777740,0,0,0,0,0,0,0,0
6.779231,0,0,0,0,0,0,0,0
6.780722,0,0,0,0,0,0,0,0
6.782210,0,0,0,0,0,0,0,0
6.783703,0,0,0,0,0,0,0,0
6.785189,0,0,0,0,0,0,0,0
6.786702,0,0,0,0,0,0,0,0
6.788189,0,0,0,0,0,0,0,0
6.789674,0,0,0,0,0,0,0,0
6.791590,0,0,0,0,0,0,0,0
6.793187,0,0,0,0,0,0,0,0
6.797208,0,0,0,0,0,0,0,0
6.798719,0,0,0,0,0,0,0,0
6.802423,0,0,0,0,0,0,0,0
6.803787,0,0,0,0,0,0,0,0
6.807323,0,0,0,0,0,0,0,0
6.808761,0,0,0,0,0,0,0,0
6.810198,0,0,0,0,0,0,0,0
6.811655,0,0,0,0,0,0,0,0
6.813093,0,0,0,0,0,0,0,0
6.815089,0,0,0,0,0,0,0,0
6.816529,0,0,0,0,0,0,0,0
6.817974,0,0,0,0,0,0,0,0
6.819482,0,0,0,0,0,0,0,0
6.820967,0,0,0,0,0,0,0,0
6.822453,0,0,0,0,0,0,0,0
6.823939,0,0,0,0,0,0,0,0
6.825425,0,0,0,0,0,0,0,0
6.826943,0,0,0,0,0,0,0,0
6.828485,0,0,0,0,0,0,0,0
6.829975,0,0,0,0,0,0,0,0
6.831463,0,0,0,0,0,0,0,0
6.832947,0,0,0,0,0,0,0,0
6.834458,0,0,0,0,0,0,0,0
6.835947,0,0,0,0,0,0,0,0
6.841812,0,0,0,0,0,0,0,0
6.843302,0,0,0,0,0,0,0,0
6.844790,0,0,0,0,0,0,0,0
6.846275,0,0,0,0,0,0,0,0
6.847770,0,0,0,0,0,0,0,0
6.849254,0,0,0,0,0,0,0,0
6.850764,0,0,0,0,0,0,0,0
6.852297,0,0,0,0,0,0,0,0
6.853788,0,0,0,0,0,0,0,0
6.855275,0,0,0,0,0,0,0,0
6.856761,0,0,0,0,0,0,0,0
6.858254,0,0,0,0,0,0,0,0
6.859765,0,0,0,0,0,0,0,0
6.861252,0,0,0,0,0,0,0,0
6.862736,0,0,0,0,0,0,0,0
6.864222,0,0,0,0,0,0,0,0
6.865709,0,0,0,0,0,0,0,0
6.867240,0,0,0,0,0,0,0,0
6.868748,0,0,0,0,0,0,0,0
6.870238,0,0,0,0,0,0,0,0
6.871724,0,0,0,0,0,0,0,0
6.874682,0,0,0,0,0,0,0,0
6.880972,0,0,0,0,0,0,0,0
6.882489,0,0,0,0,0,0,0,0
6.883977,0,0,0,0,0,0,0,0
6.885470,0,0,0,0,0,0,0,0
6.886952,0,0,0,0,0,0,0,0
6.888461,0,0,0,0,0,0,0,0
6.889947,0,0,0,0,0,0,0,0
6.891436,0,0,0,0,0,0,0,0
6.892929,0,0,0,0,0,0,0,0
6.894416,0,0,0,0,0,0,0,0
6.895902,0,0,0,0,0,0,0,0
6.897411,0,0,0,0,0,0,0,0
6.898920,0,0,0,0,0,0,0,0
6.905796,0,0,0,0,0,0,0,0
6.907289,0,0,0,0,0,0,0,0
6.908744,0,0,0,0,0,0,0,0
6.910228,0,0,0,0,0,0,0,0
6.911715,0,0,0,0,0,0,0,0
6.913206,0,0,0,0,0,0,0,0
6.914716,0,0,0,0,0,0,0,0
6.916204,0,0,0,0,0,0,0,0
6.917694,0,0,0,0,0,0,0,0
6.919202,0,0,0,0,0,0,0,0
6.920689,0,0,0,0,0,0,0,0
6.922176,0,0,0,0,0,0,0,0
6.923690,0,0,0,0,0,0,0,0
6.925182,0,0,0,0,0,0,0,0
6.926668,0,0,0,0,0,0,0,0
6.928167,0,0,0,0,0,0,0,0
6.929653,0,0,0,0,0,0,0,0
6.931167,0,0,0,0,0,0,0,0
6.932656,0,0,0,0,0,0,0,0
6.955459,0,0,0,0,0,0,0,0
6.956958,0,0,0,0,0,0,0,0
6.958445,0,0,0,0,0,0,0,0
6.959936,0,0,0,0,0,0,0,0
6.961446,0,0,0,0,0,0,0,0
6.962933,0,0,0,0,0,0,0,0
6.964379,0,0,0,0,0,0,0,0
6.965821,0,0,0,0,0,0,0,0
6.968849,0,0,0,0,0,0,0,0
6.970289,0,0,0,0,0,0,0,0
6.971749,0,0,0,0,0,0,0,0
6.979549,0,0,0,0,0,0,0,0
6.985162,0,0,0,0,0,0,0,0
6.987304,0,0,0,0,0,0,0,0
6.988743,0,0,0,0,0,0,0,0
6.990181,0,0,0,0,0,0,0,0
6.997875,0,0,0,0,0,0,0,0
6.999374,0,0,0,0,0,0,0,0
7.000812,0,0,0,0,0,0,0,0
7.007315,0,0,0,0,0,0,0,0
7.008803,0,0,0,0,0,0,0,0
7.010289,0,0,0,0,0,0,0,0
7.011692,0,0,0,0,0,0,0,0
7.015407,0,0,0,0,0,0,0,0
7.016896,0,0,0,0,0,0,0,0
7.018412,0,0,0,0,0,0,0,0
7.019952,0,0,0,0,0,0,0,0
7.021438,0,0,0,0,0,0,0,0
7.022925,0,0,0,0,0,0,0,0
7.025154,0,0,0,0,0,0,0,0
7.026662,0,0,0,0,0,0,0,0
7.028148,0,0,0,0,0,0,0,0
7.029637,0,0,0,0,0,0,0,0
7.035417,0,0,0,0,0,0,0,0
7.036831,0,0,0,0,0,0,0,0
7.038284,0,0,0,0,0,0,0,0
7.039735,0,0,0,0,0,0,0,0
7.041187,0,0,0,0,0,0,0,0
7.042655,0,0,0,0,0,0,0,0
7.044105,0,0,0,0,0,0,0,0
7.045555,0,0,0,0,0,0,0,0
7.047014,0,0,0,0,0,0,0,0
7.048479,0,0,0,0,0,0,0,0
7.049978,0,0,0,0,0,0,0,0
7.051658,0,0,0,0,0,0,0,0
7.053133,0,0,0,0,0,0,0,0
7.054626,0,0,0,0,0,0,0,0
7.056156,0,0,0,0,0,0,0,0
7.057665,0,0,0,0,0,0,0,0
7.059287,0,0,0,0,0,0,0,0
7.060788,0,0,0,0,0,0,0,0
7.062317,0,0,0,0,0,0,0,0
7.063760,0,0,0,0,0,0,0,0
7.065257,0,0,0,0,0,0,0,0
7.066777,0,0,0,0,0,0,0,0
7.068371,0,0,0,0,0,0,0,0
7.069938,0,0,0,0,0,0,0,0
7.071532,0,0,0,0,0,0,0,0
7.074633,0,0,0,0,0,0,0,0
7.077432,0,0,0,0,0,0,0,0
7.078892,0,0,0,0,0,0,0,0
7.080343,0,0,0,0,0,0,0,0
7.081794,0,0,0,0,0,0,0,0
7.083243,0,0,0,0,0,0,0,0
7.084662,0,0,0,0,0,0,0,0
7.086696,0,0,0,0,0,0,0,0
7.088193,0,0,0,0,0,0,0,0
7.089699,0,0,0,0,0,0,0,0
7.091256,0,0,0,0,0,0,0,0
7.093937,0,0,0,0,0,0,0,0
7.095434,0,0,0,0,0,0,0,0
7.096930,0,0,0,0,0,0,0,0
7.098472,0,0,0,0,0,0,0,0
7.099977,0,0,0,0,0,0,0,0
7.101477,0,0,0,0,0,0,0,0
7.106756,0,0,0,0,0,0,0,0
7.108280,0,0,0,0,0,0,0,0
7.109924,0,0,0,0,0,0,0,0
7.111383,0,0,0,0,0,0,0,0
7.112836,0,0,0,0,0,0,0,0
7.114285,0,0,0,0,0,0,0,0
7.115791,0,0,0,0,0,0,0,0
7.117240,0,0,0,0,0,0,0,0
7.118687,0,0,0,0,0,0,0,0
7.120138,0,0,0,0,0,0,0,0
7.121598,0,0,0,0,0,0,0,0
7.123047,0,0,0,0,0,0,0,0
7.124495,0,0,0,0,0,0,0,0
7.125962,0,0,0,0,0,0,0,0
7.127408,0,0,0,0,0,0,0,0
7.128857,0,0,0,0,0,0,0,0
7.130305,0,0,0,0,0,0,0,0
7.131759,0,0,0,0,0,0,0,0
7.133208,0,0,0,0,0,0,0,0
7.134658,0,0,0,0,0,0,0,0
7.136108,0,0,0,0,0,0,0,0
7.137558,0,0,0,0,0,0,0,0
7.139008,0,0,0,0,0,0,0,0
7.140450,0,0,0,0,0,0,0,0
7.141908,0,0,0,0,0,0,0,0
7.143525,0,0,0,0,0,0,0,0
7.144975,0,0,0,0,0,0,0,0
7.146442,0,0,0,0,0,0,0,0
7.147893,0,0,0,0,0,0,0,0
7.149342,0,0,0,0,0,0,0,0
7.150792,0,0,0,0,0,0,0,0
7.152279,0,0,0,0,0,0,0,0
7.153730,0,0,0,0,0,0,0,0
7.155251,0,0,0,0,0,0,0,0
7.156701,0,0,0,0,0,0,0,0
7.158151,0,0,0,0,0,0,0,0
7.159601,0,0,0,0,0,0,0,0
7.161050,0,0,0,0,0,0,0,0
7.162524,0,0,0,0,0,0,0,0
7.165507,0,0,0,0,0,0,0,0
7.166959,0,0,0,0,0,0,0,0
7.168426,0,0,0,0,0,0,0,0
7.169876,0,0,0,0,0,0,0,0
7.171327,0,0,0,0,0,0,0,0
7.172785,0,0,0,0,0,0,0,0
7.174236,0,0,0,0,0,0,0,0
7.175686,0,0,0,0,0,0,0,0
7.177133,0,0,0,0,0,0,0,0
7.178604,0,0,0,0,0,0,0,0
7.180055,0,0,0,0,0,0,0,0
7.181505,0,0,0,0,0,0,0,0
7.182962,0,0,0,0,0,0,0,0
7.184451,0,0,0,0,0,0,0,0
7.185902,0,0,0,0,0,0,0,0
7.187353,0,0,0,0,0,0,0,0
7.188899,0,0,0,0,0,0,0,0
7.190431,0,0,0,0,0,0,0,0
7.192953,0,0,0,0,0,0,0,0
7.194429,0,0,0,0,0,0,0,0
7.195880,0,0,0,0,0,0,0,0
7.197328,0,0,0,0,0,0,0,0
7.198779,0,0,0,0,0,0,0,0
7.200229,0,0,0,0,0,0,0,0
7.201679,0,0,0,0,0,0,0,0
7.203146,0,0,0,0,0,0,0,0
7.204589,0,0,0,0,0,0,0,0
7.206039,0,0,0,0,0,0,0,0
7.207490,0,0,0,0,0,0,0,0
7.208940,0,0,0,0,0,0,0,0
7.210423,0,0,0,0,0,0,0,0
7.211873,0,0,0,0,0,0,0,0
7.213323,0,0,0,0,0,0,0,0
7.214780,0,0,0,0,0,0,0,0
7.216230,0,0,0,0,0,0,0,0
7.217681,0,0,0,0,0,0,0,0
7.223218,0,0,0,0,0,0,0,0
7.224680,0,0,0,0,0,0,0,0
7.226141,0,0,0,0,0,0,0,0
7.227615,0,0,0,0,0,0,0,0
7.229066,0,0,0,0,0,0,0,0
7.230516,0,0,0,0,0,0,0,0
7.231967,0,0,0,0,0,0,0,0
7.233417,0,0,0,0,0,0,0,0
7.234887,0,0,0,0,0,0,0,0
7.236357,0,0,0,0,0,0,0,0
7.237807,0,0,0,0,0,0,0,0
7.239256,0,0,0,0,0,0,0,0
7.240705,0,0,0,0,0,0,0,0
7.242154,0,0,0,0,0,0,0,0
7.243623,0,0,0,0,0,0,0,0
7.245094,0,0,0,0,0,0,0,0
7.246552,0,0,0,0,0,0,0,0
7.248003,0,0,0,0,0,0,0,0
7.249453,0,0,0,0,0,0,0,0
7.250903,0,0,0,0,0,0,0,0
7.252355,0,0,0,0,0,0,0,0
7.253803,0,0,0,0,0,0,0,0
7.255252,0,0,0,0,0,0,0,0
7.256709,0,0,0,0,0,0,0,0
7.258160,0,0,0,0,0,0,0,0
7.259628,0,0,0,0,0,0,0,0
7.261078,0,0,0,0,0,0,0,0
7.262528,0,0,0,0,0,0,0,0
7.263981,0,0,0,0,0,0,0,0
7.265479,0,0,0,0,0,0,0,0
7.267009,0,0,0,0,0,0,0,0
7.268518,0,0,0,0,0,0,0,0
7.270016,0,0,0,0,0,0,0,0
7.271514,0,0,0,0,0,0,0,0
7.275300,0,0,0,0,0,0,0,0
7.276803,0,0,0,0,0,0,0,0
7.278308,0,0,0,0,0,0,0,0
7.279809,0,0,0,0,0,0,0,0
7.281306,0,0,0,0,0,0,0,0
7.282803,0,0,0,0,0,0,0,0
7.284410,0,0,0,0,0,0,0,0
7.285906,0,0,0,0,0,0,0,0
7.287401,0,0,0,0,0,0,0,0
7.288908,0,0,0,0,0,0,0,0
7.290428,0,0,0,0,0,0,0,0
7.291927,0,0,0,0,0,0,0,0
7.293423,0,0,0,0,0,0,0,0
7.294928,0,0,0,0,0,0,0,0
7.296424,0,0,0,0,0,0,0,0
7.297921,0,0,0,0,0,0,0,0
7.299467,0,0,0,0,0,0,0,0
7.300967,0,0,0,0,0,0,0,0
7.302464,0,0,0,0,0,0,0,0
7.303961,0,0,0,0,0,0,0,0
7.307272,0,0,0,0,0,0,0,0
7.308766,0,0,0,0,0,0,0,0
7.310273,0,0,0,0,0,0,0,0
7.311772,0,0,0,0,0,0,0,0
7.313269,0,0,0,0,0,0,0,0
7.314793,0,0,0,0,0,0,0,0
7.316386,0,0,0,0,0,0,0,0
7.317882,0,0,0,0,0,0,0,0
7.319378,0,0,0,0,0,0,0,0
7.320882,0,0,0,0,0,0,0,0
7.327206,0,0,0,0,0,0,0,0
7.328705,0,0,0,0,0,0,0,0
7.330203,0,0,0,0,0,0,0,0
7.331732,0,0,0,0,0,0,0,0
7.333287,0,0,0,0,0,0,0,0
7.334781,0,0,0,0,0,0,0,0
7.336306,0,0,0,0,0,0,0,0
7.337803,0,0,0,0,0,0,0,0
7.339355,0,0,0,0,0,0,0,0
7.340854,0,0,0,0,0,0,0,0
7.342362,0,0,0,0,0,0,0,0
7.343862,0,0,0,0,0,0,0,0
7.345358,0,0,0,0,0,0,0,0
7.346882,0,0,0,0,0,0,0,0
7.348422,0,0,0,0,0,0,0,0
7.349920,0,0,0,0,0,0,0,0
7.351418,0,0,0,0,0,0,0,0
7.352928,0,0,0,0,0,0,0,0
7.354451,0,0,0,0,0,0,0,0
7.355949,0,0,0,0,0,0,0,0
7.357447,0,0,0,0,0,0,0,0
7.358943,0,0,0,0,0,0,0,0
7.360442,0,0,0,0,0,0,0,0
7.361940,0,0,0,0,0,0,0,0
7.363472,0,0,0,0,0,0,0,0
7.364969,0,0,0,0,0,0,0,0
7.366467,0,0,0,0,0,0,0,0
7.367964,0,0,0,0,0,0,0,0
7.369462,0,0,0,0,0,0,0,0
7.370957,0,0,0,0,0,0,0,0
7.372433,0,0,0,0,0,0,0,0
7.373940,0,0,0,0,0,0,0,0
7.375439,0,0,0,0,0,0,0,0
7.376937,0,0,0,0,0,0,0,0
7.379245,0,0,0,0,0,0,0,0
7.380743,0,0,0,0,0,0,0,0
7.382240,0,0,0,0,0,0,0,0
7.383737,0,0,0,0,0,0,0,0
7.385244,0,0,0,0,0,0,0,0
7.386765,0,0,0,0,0,0,0,0
7.388356,0,0,0,0,0,0,0,0
7.391204,0,0,0,0,0,0,0,0
7.392702,0,0,0,0,0,0,0,0
7.394200,0,0,0,0,0,0,0,0
7.395615,0,0,0,0,0,0,0,0
7.397133,0,0,0,0,0,0,0,0
7.398636,0,0,0,0,0,0,0,0
7.400138,0,0,0,0,0,0,0,0
7.401634,0,0,0,0,0,0,0,0
7.403156,0,0,0,0,0,0,0,0
7.404658,0,0,0,0,0,0,0,0
7.406166,0,0,0,0,0,0,0,0
7.407664,0,0,0,0,0,0,0,0
7.409161,0,0,0,0,0,0,0,0
7.415198,0,0,0,0,0,0,0,0
7.416707,0,0,0,0,0,0,0,0
7.418202,0,0,0,0,0,0,0,0
7.419610,0,0,0,0,0,0,0,0
7.421109,0,0,0,0,0,0,0,0
7.422606,0,0,0,0,0,0,0,0
7.424104,0,0,0,0,0,0,0,0
7.425603,0,0,0,0,0,0,0,0
7.427108,0,0,0,0,0,0,0,0
7.428553,0,0,0,0,0,0,0,0
7.430051,0,0,0,0,0,0,0,0
7.431548,0,0,0,0,0,0,0,0
7.433047,0,0,0,0,0,0,0,0
7.434544,0,0,0,0,0,0,0,0
7.436043,0,0,0,0,0,0,0,0
7.437550,0,0,0,0,0,0,0,0
7.439048,0,0,0,0,0,0,0,0
7.440544,0,0,0,0,0,0,0,0
7.442040,0,0,0,0,0,0,0,0
7.443563,0,0,0,0,0,0,0,0
7.445062,0,0,0,0,0,0,0,0
7.446559,0,0,0,0,0,0,0,0
7.448065,0,0,0,0,0,0,0,0
7.449564,0,0,0,0,0,0,0,0
7.451065,0,0,0,0,0,0,0,0
7.452479,0,0,0,0,0,0,0,0
7.453977,0,0,0,0,0,0,0,0
7.455472,0,0,0,0,0,0,0,0
7.456968,0,0,0,0,0,0,0,0
7.458494,0,0,0,0,0,0,0,0
7.459994,0,0,0,0,0,0,0,0
7.461490,0,0,0,0,0,0,0,0
7.462987,0,0,0,0,0,0,0,0
7.464499,0,0,0,0,0,0,0,0
7.465997,0,0,0,0,0,0,0,0
7.467521,0,0,0,0,0,0,0,0
7.469030,0,0,0,0,0,0,0,0
7.470526,0,0,0,0,0,0,0,0
7.472025,0,0,0,0,0,0,0,0
7.473522,0,0,0,0,0,0,0,0
7.475043,0,0,0,0,0,0,0,0
7.476542,0,0,0,0,0,0,0,0
7.478038,0,0,0,0,0,0,0,0
7.483266,0,0,0,0,0,0,0,0
7.484768,0,0,0,0,0,0,0,0
7.486264,0,0,0,0,0,0,0,0
7.487763,0,0,0,0,0,0,0,0
7.489265,0,0,0,0,0,0,0,0
7.490772,0,0,0,0,0,0,0,0
7.492364,0,0,0,0,0,0,0,0
7.493860,0,0,0,0,0,0,0,0
7.495356,0,0,0,0,0,0,0,0
7.496853,0,0,0,0,0,0,0,0
7.498373,0,0,0,0,0,0,0,0
7.499869,0,0,0,0,0,0,0,0
7.501372,0,0,0,0,0,0,0,0
7.502869,0,0,0,0,0,0,0,0
7.504395,0,0,0,0,0,0,0,0
7.505890,0,0,0,0,0,0,0,0
7.507386,0,0,0,0,0,0,0,0
7.508884,0,0,0,0,0,0,0,0
7.510383,0,0,0,0,0,0,0,0
7.511888,0,0,0,0,0,0,0,0
7.513385,0,0,0,0,0,0,0,0
7.514882,0,0,0,0,0,0,0,0
7.516429,0,0,0,0,0,0,0,0
7.518004,0,0,0,0,0,0,0,0
7.519574,0,0,0,0,0,0,0,0
7.521024,0,0,0,0,0,0,0,0
7.527205,0,0,0,0,0,0,0,0
7.528654,0,0,0,0,0,0,0,0
7.530100,0,0,0,0,0,0,0,0
7.531566,0,0,0,0,0,0,0,0
7.533023,0,0,0,0,0,0,0,0
7.534472,0,0,0,0,0,0,0,0
7.535922,0,0,0,0,0,0,0,0
7.537370,0,0,0,0,0,0,0,0
7.538838,0,0,0,0,0,0,0,0
7.540340,0,0,0,0,0,0,0,0
7.541789,0,0,0,0,0,0,0,0
7.543246,0,0,0,0,0,0,0,0
7.544696,0,0,0,0,0,0,0,0
7.546145,0,0,0,0,0,0,0,0
7.547614,0,0,0,0,0,0,0,0
7.549065,0,0,0,0,0,0,0,0
7.550514,0,0,0,0,0,0,0,0
7.551963,0,0,0,0,0,0,0,0
7.553421,0,0,0,0,0,0,0,0
7.554889,0,0,0,0,0,0,0,0
7.556348,0,0,0,0,0,0,0,0
7.557799,0,0,0,0,0,0,0,0
7.559247,0,0,0,0,0,0,0,0
7.560697,0,0,0,0,0,0,0,0
7.562147,0,0,0,0,0,0,0,0
7.563604,0,0,0,0,0,0,0,0
7.565062,0,0,0,0,0,0,0,0
7.566510,0,0,0,0,0,0,0,0
7.567957,0,0,0,0,0,0,0,0
7.569407,0,0,0,0,0,0,0,0
7.570874,0,0,0,0,0,0,0,0
7.575199,0,0,0,0,0,0,0,0
7.576660,0,0,0,0,0,0,0,0
7.578110,0,0,0,0,0,0,0,0
7.579579,0,0,0,0,0,0,0,0
7.581029,0,0,0,0,0,0,0,0
7.582479,0,0,0,0,0,0,0,0
7.583930,0,0,0,0,0,0,0,0
7.585380,0,0,0,0,0,0,0,0
7.586855,0,0,0,0,0,0,0,0
7.588354,0,0,0,0,0,0,0,0
7.589803,0,0,0,0,0,0,0,0
7.591251,0,0,0,0,0,0,0,0
7.592701,0,0,0,0,0,0,0,0
7.594149,0,0,0,0,0,0,0,0
7.595617,0,0,0,0,0,0,0,0
7.597074,0,0,0,0,0,0,0,0
7.598525,0,0,0,0,0,0,0,0
7.599979,0,0,0,0,0,0,0,0
7.601515,0,0,0,0,0,0,0,0
7.603037,0,0,0,0,0,0,0,0
7.604527,0,0,0,0,0,0,0,0
7.606027,0,0,0,0,0,0,0,0
7.607534,0,0,0,0,0,0,0,0
7.609039,0,0,0,0,0,0,0,0
7.610561,0,0,0,0,0,0,0,0
7.612059,0,0,0,0,0,0,0,0
7.613559,0,0,0,0,0,0,0,0
7.615057,0,0,0,0,0,0,0,0
7.616556,0,0,0,0,0,0,0,0
7.618064,0,0,0,0,0,0,0,0
7.619587,0,0,0,0,0,0,0,0
7.621132,0,0,0,0,0,0,0,0
7.622627,0,0,0,0,0,0,0,0
7.627256,0,0,0,0,0,0,0,0
7.628768,0,0,0,0,0,0,0,0
7.630267,0,0,0,0,0,0,0,0
7.631782,0,0,0,0,0,0,0,0
7.633281,0,0,0,0,0,0,0,0
7.634803,0,0,0,0,0,0,0,0
7.636397,0,0,0,0,0,0,0,0
7.637894,0,0,0,0,0,0,0,0
7.639404,0,0,0,0,0,0,0,0
7.640904,0,0,0,0,0,0,0,0
7.642426,0,0,0,0,0,0,0,0
7.643925,0,0,0,0,0,0,0,0
7.645424,0,0,0,0,0,0,0,0
7.646922,0,0,0,0,0,0,0,0
7.648365,0,0,0,0,0,0,0,0
7.649872,0,0,0,0,0,0,0,0
7.651373,0,0,0,0,0,0,0,0
7.652871,0,0,0,0,0,0,0,0
7.654367,0,0,0,0,0,0,0,0
7.655866,0,0,0,0,0,0,0,0
7.657362,0,0,0,0,0,0,0,0
7.658884,0,0,0,0,0,0,0,0
7.660426,0,0,0,0,0,0,0,0
7.661926,0,0,0,0,0,0,0,0
7.663422,0,0,0,0,0,0,0,0
7.664919,0,0,0,0,0,0,0,0
7.666373,0,0,0,0,0,0,0,0
7.667849,0,0,0,0,0,0,0,0
7.669300,0,0,0,0,0,0,0,0
7.670759,0,0,0,0,0,0,0,0
7.672212,0,0,0,0,0,0,0,0
7.679204,0,0,0,0,0,0,0,0
7.680703,0,0,0,0,0,0,0,0
7.682222,0,0,0,0,0,0,0,0
7.683773,0,0,0,0,0,0,0,0
7.685361,0,0,0,0,0,0,0,0
7.686927,0,0,0,0,0,0,0,0
7.688454,0,0,0,0,0,0,0,0
7.689941,0,0,0,0,0,0,0,0
7.691420,0,0,0,0,0,0,0,0
7.692877,0,0,0,0,0,0,0,0
7.694324,0,0,0,0,0,0,0,0
7.695771,0,0,0,0,0,0,0,0
7.697225,0,0,0,0,0,0,0,0
7.698691,0,0,0,0,0,0,0,0
7.700140,0,0,0,0,0,0,0,0
7.701638,0,0,0,0,0,0,0,0
7.703144,0,0,0,0,0,0,0,0
7.704587,0,0,0,0,0,0,0,0
7.706082,0,0,0,0,0,0,0,0
7.707489,0,0,0,0,0,0,0,0
7.708988,0,0,0,0,0,0,0,0
7.710486,0,0,0,0,0,0,0,0
7.711986,0,0,0,0,0,0,0,0
7.713492,0,0,0,0,0,0,0,0
7.719204,0,0,0,0,0,0,0,0
7.720700,0,0,0,0,0,0,0,0
7.722201,0,0,0,0,0,0,0,0
7.723621,0,0,0,0,0,0,0,0
7.725120,0,0,0,0,0,0,0,0
7.726621,0,0,0,0,0,0,0,0
7.728119,0,0,0,0,0,0,0,0
7.729618,0,0,0,0,0,0,0,0
7.731115,0,0,0,0,0,0,0,0
7.732566,0,0,0,0,0,0,0,0
7.734074,0,0,0,0,0,0,0,0
7.735572,0,0,0,0,0,0,0,0
7.737069,0,0,0,0,0,0,0,0
7.738570,0,0,0,0,0,0,0,0
7.740067,0,0,0,0,0,0,0,0
7.741565,0,0,0,0,0,0,0,0
7.743064,0,0,0,0,0,0,0,0
7.744485,0,0,0,0,0,0,0,0
7.745985,0,0,0,0,0,0,0,0
7.747507,0,0,0,0,0,0,0,0
7.749006,0,0,0,0,0,0,0,0
7.750502,0,0,0,0,0,0,0,0
7.752000,0,0,0,0,0,0,0,0
7.753498,0,0,0,0,0,0,0,0
7.755034,0,0,0,0,0,0,0,0
7.756521,0,0,0,0,0,0,0,0
7.758050,0,0,0,0,0,0,0,0
7.759554,0,0,0,0,0,0,0,0
7.761122,0,0,0,0,0,0,0,0
7.762621,0,0,0,0,0,0,0,0
7.764087,0,0,0,0,0,0,0,0
7.765544,0,0,0,0,0,0,0,0
7.766994,0,0,0,0,0,0,0,0
7.768429,0,0,0,0,0,0,0,0
7.769878,0,0,0,0,0,0,0,0
7.771327,0,0,0,0,0,0,0,0
7.772777,0,0,0,0,0,0,0,0
7.774226,0,0,0,0,0,0,0,0
7.775683,0,0,0,0,0,0,0,0
7.777131,0,0,0,0,0,0,0,0
7.778596,0,0,0,0,0,0,0,0
7.780087,0,0,0,0,0,0,0,0
7.781584,0,0,0,0,0,0,0,0
7.783225,0,0,0,0,0,0,0,0
7.787262,0,0,0,0,0,0,0,0
7.788775,0,0,0,0,0,0,0,0
7.790279,0,0,0,0,0,0,0,0
7.791775,0,0,0,0,0,0,0,0
7.793276,0,0,0,0,0,0,0,0
7.794798,0,0,0,0,0,0,0,0
7.796388,0,0,0,0,0,0,0,0
7.797886,0,0,0,0,0,0,0,0
7.799391,0,0,0,0,0,0,0,0
7.800887,0,0,0,0,0,0,0,0
7.802422,0,0,0,0,0,0,0,0
7.803949,0,0,0,0,0,0,0,0
7.805493,0,0,0,0,0,0,0,0
7.806995,0,0,0,0,0,0,0,0
7.808475,0,0,0,0,0,0,0,0
7.809982,0,0,0,0,0,0,0,0
7.811506,0,0,0,0,0,0,0,0
7.813005,0,0,0,0,0,0,0,0
7.814501,0,0,0,0,0,0,0,0
7.815999,0,0,0,0,0,0,0,0
7.817499,0,0,0,0,0,0,0,0
7.819024,0,0,0,0,0,0,0,0
7.823212,0,0,0,0,0,0,0,0
7.824713,0,0,0,0,0,0,0,0
7.826211,0,0,0,0,0,0,0,0
7.827621,0,0,0,0,0,0,0,0
7.829117,0,0,0,0,0,0,0,0
7.830622,0,0,0,0,0,0,0,0
7.832119,0,0,0,0,0,0,0,0
7.833615,0,0,0,0,0,0,0,0
7.835114,0,0,0,0,0,0,0,0
7.836605,0,0,0,0,0,0,0,0
7.838106,0,0,0,0,0,0,0,0
7.839608,0,0,0,0,0,0,0,0
7.841070,0,0,0,0,0,0,0,0
7.842552,0,0,0,0,0,0,0,0
7.844009,0,0,0,0,0,0,0,0
7.845472,0,0,0,0,0,0,0,0
7.846923,0,0,0,0,0,0,0,0
7.848330,0,0,0,0,0,0,0,0
7.849778,0,0,0,0,0,0,0,0
7.851212,0,0,0,0,0,0,0,0
7.852664,0,0,0,0,0,0,0,0
7.854112,0,0,0,0,0,0,0,0
7.855558,0,0,0,0,0,0,0,0
7.857004,0,0,0,0,0,0,0,0
7.858450,0,0,0,0,0,0,0,0
7.859898,0,0,0,0,0,0,0,0
7.861357,0,0,0,0,0,0,0,0
7.862806,0,0,0,0,0,0,0,0
7.864317,0,0,0,0,0,0,0,0
7.865766,0,0,0,0,0,0,0,0
7.867241,0,0,0,0,0,0,0,0
7.868693,0,0,0,0,0,0,0,0
7.870142,0,0,0,0,0,0,0,0
7.871599,0,0,0,0,0,0,0,0
7.879206,0,0,0,0,0,0,0,0
7.880656,0,0,0,0,0,0,0,0
7.882114,0,0,0,0,0,0,0,0
7.883587,0,0,0,0,0,0,0,0
7.885036,0,0,0,0,0,0,0,0
7.886485,0,0,0,0,0,0,0,0
7.887935,0,0,0,0,0,0,0,0
7.889384,0,0,0,0,0,0,0,0
7.890833,0,0,0,0,0,0,0,0
7.892354,0,0,0,0,0,0,0,0
7.893805,0,0,0,0,0,0,0,0
7.895255,0,0,0,0,0,0,0,0
7.896706,0,0,0,0,0,0,0,0
7.898158,0,0,0,0,0,0,0,0
7.899627,0,0,0,0,0,0,0,0
7.901078,0,0,0,0,0,0,0,0
7.902534,0,0,0,0,0,0,0,0
7.903986,0,0,0,0,0,0,0,0
7.905435,0,0,0,0,0,0,0,0
7.906885,0,0,0,0,0,0,0,0
7.908368,0,0,0,0,0,0,0,0
7.909867,0,0,0,0,0,0,0,0
7.911365,0,0,0,0,0,0,0,0
7.912870,0,0,0,0,0,0,0,0
7.914393,0,0,0,0,0,0,0,0
7.915891,0,0,0,0,0,0,0,0
7.917390,0,0,0,0,0,0,0,0
7.918892,0,0,0,0,0,0,0,0
7.920378,0,0,0,0,0,0,0,0
7.922143,0,0,0,0,0,0,0,0
7.923577,0,0,0,0,0,0,0,0
7.925078,0,0,0,0,0,0,0,0
7.926579,0,0,0,0,0,0,0,0
7.928081,0,0,0,0,0,0,0,0
7.929577,0,0,0,0,0,0,0,0
7.931075,0,0,0,0,0,0,0,0
7.932505,0,0,0,0,0,0,0,0
7.934017,0,0,0,0,0,0,0,0
7.935518,0,0,0,0,0,0,0,0
7.937016,0,0,0,0,0,0,0,0
7.938512,0,0,0,0,0,0,0,0
7.940011,0,0,0,0,0,0,0,0
7.941510,0,0,0,0,0,0,0,0
7.943013,0,0,0,0,0,0,0,0
7.944485,0,0,0,0,0,0,0,0
7.945984,0,0,0,0,0,0,0,0
7.947507,0,0,0,0,0,0,0,0
7.948958,0,0,0,0,0,0,0,0
7.950406,0,0,0,0,0,0,0,0
7.951856,0,0,0,0,0,0,0,0
7.953305,0,0,0,0,0,0,0,0
7.954762,0,0,0,0,0,0,0,0
7.956214,0,0,0,0,0,0,0,0
7.957668,0,0,0,0,0,0,0,0
7.959119,0,0,0,0,0,0,0,0
7.960541,0,0,0,0,0,0,0,0
7.961991,0,0,0,0,0,0,0,0
7.963459,0,0,0,0,0,0,0,0
7.964916,0,0,0,0,0,0,0,0
7.966366,0,0,0,0,0,0,0,0
7.967816,0,0,0,0,0,0,0,0
7.969264,0,0,0,0,0,0,0,0
7.970732,0,0,0,0,0,0,0,0
7.972182,0,0,0,0,0,0,0,0
7.973632,0,0,0,0,0,0,0,0
7.975093,0,0,0,0,0,0,0,0
7.976542,0,0,0,0,0,0,0,0
7.977991,0,0,0,0,0,0,0,0
7.979457,0,0,0,0,0,0,0,0
7.980906,0,0,0,0,0,0,0,0
7.982355,0,0,0,0,0,0,0,0
7.983805,0,0,0,0,0,0,0,0
7.985262,0,0,0,0,0,0,0,0
7.986712,0,0,0,0,0,0,0,0
7.988163,0,0,0,0,0,0,0,0
7.989659,0,0,0,0,0,0,0,0
7.995244,0,0,0,0,0,0,0,0
7.996758,0,0,0,0,0,0,0,0
7.998254,0,0,0,0,0,0,0,0
7.999750,0,0,0,0,0,0,0,0
8.001245,0,0,0,0,0,0,0,0
8.002742,0,0,0,0,0,0,0,0
8.004239,0,0,0,0,0,0,0,0
8.005736,0,0,0,0,0,0,0,0
8.007208,0,0,0,0,0,0,0,0
8.008706,0,0,0,0,0,0,0,0
8.010204,0,0,0,0,0,0,0,0
8.011725,0,0,0,0,0,0,0,0
8.013223,0,0,0,0,0,0,0,0
8.014720,0,0,0,0,0,0,0,0
8.016221,0,0,0,0,0,0,0,0
8.017726,0,0,0,0,0,0,0,0
8.019238,0,0,0,0,0,0,0,0
8.020735,0,0,0,0,0,0,0,0
8.022232,0,0,0,0,0,0,0,0
8.023727,0,0,0,0,0,0,0,0
8.025223,0,0,0,0,0,0,0,0
8.026717,0,0,0,0,0,0,0,0
8.028222,0,0,0,0,0,0,0,0
8.029722,0,0,0,0,0,0,0,0
8.031210,0,0,0,0,0,0,0,0
8.032721,0,0,0,0,0,0,0,0
8.034221,0,0,0,0,0,0,0,0
8.035630,0,0,0,0,0,0,0,0
8.037131,0,0,0,0,0,0,0,0
8.038642,0,0,0,0,0,0,0,0
8.040143,0,0,0,0,0,0,0,0
8.041642,0,0,0,0,0,0,0,0
8.043146,0,0,0,0,0,0,0,0
8.044642,0,0,0,0,0,0,0,0
8.046142,0,0,0,0,0,0,0,0
8.047642,0,0,0,0,0,0,0,0
8.049149,0,0,0,0,0,0,0,0
8.050673,0,0,0,0,0,0,0,0
8.052170,0,0,0,0,0,0,0,0
8.059252,0,0,0,0,0,0,0,0
8.060761,0,0,0,0,0,0,0,0
8.062257,0,0,0,0,0,0,0,0
8.063754,0,0,0,0,0,0,0,0
8.065249,0,0,0,0,0,0,0,0
8.066768,0,0,0,0,0,0,0,0
8.068379,0,0,0,0,0,0,0,0
8.069875,0,0,0,0,0,0,0,0
8.071380,0,0,0,0,0,0,0,0
8.072934,0,0,0,0,0,0,0,0
8.074449,0,0,0,0,0,0,0,0
8.075943,0,0,0,0,0,0,0,0
8.077438,0,0,0,0,0,0,0,0
8.078933,0,0,0,0,0,0,0,0
8.080429,0,0,0,0,0,0,0,0
8.081935,0,0,0,0,0,0,0,0
8.083432,0,0,0,0,0,0,0,0
8.084928,0,0,0,0,0,0,0,0
8.086529,0,0,0,0,0,0,0,0
8.088028,0,0,0,0,0,0,0,0
8.089522,0,0,0,0,0,0,0,0
8.091019,0,0,0,0,0,0,0,0
8.092487,0,0,0,0,0,0,0,0
8.093982,0,0,0,0,0,0,0,0
8.095479,0,0,0,0,0,0,0,0
8.096976,0,0,0,0,0,0,0,0
8.098471,0,0,0,0,0,0,0,0
8.099972,0,0,0,0,0,0,0,0
8.101471,0,0,0,0,0,0,0,0
8.102975,0,0,0,0,0,0,0,0
8.104474,0,0,0,0,0,0,0,0
8.105970,0,0,0,0,0,0,0,0
8.107494,0,0,0,0,0,0,0,0
8.108992,0,0,0,0,0,0,0,0
8.110488,0,0,0,0,0,0,0,0
8.111985,0,0,0,0,0,0,0,0
8.113491,0,0,0,0,0,0,0,0
8.115021,0,0,0,0,0,0,0,0
8.116536,0,0,0,0,0,0,0,0
8.118037,0,0,0,0,0,0,0,0
8.119536,0,0,0,0,0,0,0,0
8.121034,0,0,0,0,0,0,0,0
8.122532,0,0,0,0,0,0,0,0
8.124077,0,0,0,0,0,0,0,0
8.125576,0,0,0,0,0,0,0,0
8.127082,0,0,0,0,0,0,0,0
8.128590,0,0,0,0,0,0,0,0
8.130089,0,0,0,0,0,0,0,0
8.131497,0,0,0,0,0,0,0,0
8.132994,0,0,0,0,0,0,0,0
8.134501,0,0,0,0,0,0,0,0
8.139294,0,0,0,0,0,0,0,0
8.140793,0,0,0,0,0,0,0,0
8.142291,0,0,0,0,0,0,0,0
8.143791,0,0,0,0,0,0,0,0
8.145300,0,0,0,0,0,0,0,0
8.146803,0,0,0,0,0,0,0,0
8.148421,0,0,0,0,0,0,0,0
8.149918,0,0,0,0,0,0,0,0
8.151415,0,0,0,0,0,0,0,0
8.152914,0,0,0,0,0,0,0,0
8.154437,0,0,0,0,0,0,0,0
8.155945,0,0,0,0,0,0,0,0
8.157441,0,0,0,0,0,0,0,0
8.158936,0,0,0,0,0,0,0,0
8.160435,0,0,0,0,0,0,0,0
8.161940,0,0,0,0,0,0,0,0
8.163436,0,0,0,0,0,0,0,0
8.164934,0,0,0,0,0,0,0,0
8.166437,0,0,0,0,0,0,0,0
8.167937,0,0,0,0,0,0,0,0
8.169435,0,0,0,0,0,0,0,0
8.170957,0,0,0,0,0,0,0,0
8.172441,0,0,0,0,0,0,0,0
8.173944,0,0,0,0,0,0,0,0
8.175443,0,0,0,0,0,0,0,0
8.176950,0,0,0,0,0,0,0,0
8.178471,0,0,0,0,0,0,0,0
8.179968,0,0,0,0,0,0,0,0
8.181471,0,0,0,0,0,0,0,0
8.182970,0,0,0,0,0,0,0,0
8.187267,0,0,0,0,0,0,0,0
8.188777,0,0,0,0,0,0,0,0
8.190277,0,0,0,0,0,0,0,0
8.191772,0,0,0,0,0,0,0,0
8.193270,0,0,0,0,0,0,0,0
8.194794,0,0,0,0,0,0,0,0
8.196385,0,0,0,0,0,0,0,0
8.197883,0,0,0,0,0,0,0,0
8.199390,0,0,0,0,0,0,0,0
8.200888,0,0,0,0,0,0,0,0
8.202410,0,0,0,0,0,0,0,0
8.203907,0,0,0,0,0,0,0,0
8.205406,0,0,0,0,0,0,0,0
8.206905,0,0,0,0,0,0,0,0
8.208391,0,0,0,0,0,0,0,0
8.209893,0,0,0,0,0,0,0,0
8.211390,0,0,0,0,0,0,0,0
8.212897,0,0,0,0,0,0,0,0
8.214392,0,0,0,0,0,0,0,0
8.215890,0,0,0,0,0,0,0,0
8.217385,0,0,0,0,0,0,0,0
8.218902,0,0,0,0,0,0,0,0
8.220436,0,0,0,0,0,0,0,0
8.221939,0,0,0,0,0,0,0,0
8.223442,0,0,0,0,0,0,0,0
8.224937,0,0,0,0,0,0,0,0
8.231207,0,0,0,0,0,0,0,0
8.232720,0,0,0,0,0,0,0,0
8.234215,0,0,0,0,0,0,0,0
8.235733,0,0,0,0,0,0,0,0
8.237227,0,0,0,0,0,0,0,0
8.238727,0,0,0,0,0,0,0,0
8.240234,0,0,0,0,0,0,0,0
8.241728,0,0,0,0,0,0,0,0
8.243227,0,0,0,0,0,0,0,0
8.244686,0,0,0,0,0,0,0,0
8.246134,0,0,0,0,0,0,0,0
8.247584,0,0,0,0,0,0,0,0
8.249036,0,0,0,0,0,0,0,0
8.250506,0,0,0,0,0,0,0,0
8.251980,0,0,0,0,0,0,0,0
8.253534,0,0,0,0,0,0,0,0
8.255294,0,0,0,0,0,0,0,0
8.256774,0,0,0,0,0,0,0,0
8.258211,0,0,0,0,0,0,0,0
8.259671,0,0,0,0,0,0,0,0
8.261115,0,0,0,0,0,0,0,0
8.262551,0,0,0,0,0,0,0,0
8.263993,0,0,0,0,0,0,0,0
8.265427,0,0,0,0,0,0,0,0
8.266879,0,0,0,0,0,0,0,0
8.273537,0,0,0,0,0,0,0,0
8.278092,0,0,0,0,0,0,0,0
8.279584,0,0,0,0,0,0,0,0
8.281029,0,0,0,0,0,0,0,0
8.287193,0,0,0,0,0,0,0,0
8.288647,0,0,0,0,0,0,0,0
8.290086,0,0,0,0,0,0,0,0
8.291543,0,0,0,0,0,0,0,0
8.292983,0,0,0,0,0,0,0,0
8.294420,0,0,0,0,0,0,0,0
8.299204,0,0,0,0,0,0,0,0
8.300649,0,0,0,0,0,0,0,0
8.302087,0,0,0,0,0,0,0,0
8.303526,0,0,0,0,0,0,0,0
8.304964,0,0,0,0,0,0,0,0
8.306419,0,0,0,0,0,0,0,0
8.307859,0,0,0,0,0,0,0,0
8.309297,0,0,0,0,0,0,0,0
8.310740,0,0,0,0,0,0,0,0
8.312179,0,0,0,0,0,0,0,0
8.313618,0,0,0,0,0,0,0,0
8.315058,0,0,0,0,0,0,0,0
8.316498,0,0,0,0,0,0,0,0
8.317936,0,0,0,0,0,0,0,0
8.319374,0,0,0,0,0,0,0,0
8.320816,0,0,0,0,0,0,0,0
8.322255,0,0,0,0,0,0,0,0
8.323694,0,0,0,0,0,0,0,0
8.325132,0,0,0,0,0,0,0,0
8.326571,0,0,0,0,0,0,0,0
8.328009,0,0,0,0,0,0,0,0
8.329448,0,0,0,0,0,0,0,0
8.330909,0,0,0,0,0,0,0,0
8.332384,0,0,0,0,0,0,0,0
8.333852,0,0,0,0,0,0,0,0
8.335288,0,0,0,0,0,0,0,0
8.336725,0,0,0,0,0,0,0,0
8.338163,0,0,0,0,0,0,0,0
8.339619,0,0,0,0,0,0,0,0
8.341062,0,0,0,0,0,0,0,0
8.342501,0,0,0,0,0,0,0,0
8.343940,0,0,0,0,0,0,0,0
8.345377,0,0,0,0,0,0,0,0
8.346823,0,0,0,0,0,0,0,0
8.348308,0,0,0,0,0,0,0,0
8.349746,0,0,0,0,0,0,0,0
8.351195,0,0,0,0,0,0,0,0
8.352632,0,0,0,0,0,0,0,0
8.354070,0,0,0,0,0,0,0,0
8.355527,0,0,0,0,0,0,0,0
8.356964,0,0,0,0,0,0,0,0
8.358401,0,0,0,0,0,0,0,0
8.359840,0,0,0,0,0,0,0,0
8.361284,0,0,0,0,0,0,0,0
8.362740,0,0,0,0,0,0,0,0
8.364179,0,0,0,0,0,0,0,0
8.365617,0,0,0,0,0,0,0,0
8.367056,0,0,0,0,0,0,0,0
8.368494,0,0,0,0,0,0,0,0
8.369934,0,0,0,0,0,0,0,0
8.371397,0,0,0,0,0,0,0,0
8.372834,0,0,0,0,0,0,0,0
8.374271,0,0,0,0,0,0,0,0
8.375709,0,0,0,0,0,0,0,0
8.377146,0,0,0,0,0,0,0,0
8.378600,0,0,0,0,0,0,0,0
8.383192,0,0,0,0,0,0,0,0
8.384636,0,0,0,0,0,0,0,0
8.386073,0,0,0,0,0,0,0,0
8.387529,0,0,0,0,0,0,0,0
8.389028,0,0,0,0,0,0,0,0
8.390463,0,0,0,0,0,0,0,0
8.391900,0,0,0,0,0,0,0,0
8.393337,0,0,0,0,0,0,0,0
8.394796,0,0,0,0,0,0,0,0
8.396276,0,0,0,0,0,0,0,0
8.397715,0,0,0,0,0,0,0,0
8.399153,0,0,0,0,0,0,0,0
8.400592,0,0,0,0,0,0,0,0
8.402030,0,0,0,0,0,0,0,0
8.403485,0,0,0,0,0,0,0,0
8.404928,0,0,0,0,0,0,0,0
8.406367,0,0,0,0,0,0,0,0
8.407806,0,0,0,0,0,0,0,0
8.409243,0,0,0,0,0,0,0,0
8.410683,0,0,0,0,0,0,0,0
8.412121,0,0,0,0,0,0,0,0
8.413559,0,0,0,0,0,0,0,0
8.415002,0,0,0,0,0,0,0,0
8.416460,0,0,0,0,0,0,0,0
8.417947,0,0,0,0,0,0,0,0
8.419436,0,0,0,0,0,0,0,0
8.420926,0,0,0,0,0,0,0,0
8.422413,0,0,0,0,0,0,0,0
8.423902,0,0,0,0,0,0,0,0
8.425395,0,0,0,0,0,0,0,0
8.426892,0,0,0,0,0,0,0,0
8.428414,0,0,0,0,0,0,0,0
8.429899,0,0,0,0,0,0,0,0
8.431393,0,0,0,0,0,0,0,0
8.432881,0,0,0,0,0,0,0,0
8.434394,0,0,0,0,0,0,0,0
8.435888,0,0,0,0,0,0,0,0
8.437374,0,0,0,0,0,0,0,0
8.438861,0,0,0,0,0,0,0,0
8.440350,0,0,0,0,0,0,0,0
8.441837,0,0,0,0,0,0,0,0
8.447199,0,0,0,0,0,0,0,0
8.448693,0,0,0,0,0,0,0,0
8.450182,0,0,0,0,0,0,0,0
8.451694,0,0,0,0,0,0,0,0
8.453182,0,0,0,0,0,0,0,0
8.454666,0,0,0,0,0,0,0,0
8.456154,0,0,0,0,0,0,0,0
8.457645,0,0,0,0,0,0,0,0
8.459141,0,0,0,0,0,0,0,0
8.460592,0,0,0,0,0,0,0,0
8.462083,0,0,0,0,0,0,0,0
8.463569,0,0,0,0,0,0,0,0
8.465057,0,0,0,0,0,0,0,0
8.466547,0,0,0,0,0,0,0,0
8.468068,0,0,0,0,0,0,0,0
8.469559,0,0,0,0,0,0,0,0
8.471045,0,0,0,0,0,0,0,0
8.472534,0,0,0,0,0,0,0,0
8.474018,0,0,0,0,0,0,0,0
8.475531,0,0,0,0,0,0,0,0
8.477017,0,0,0,0,0,0,0,0
8.478504,0,0,0,0,0,0,0,0
8.479998,0,0,0,0,0,0,0,0
8.481485,0,0,0,0,0,0,0,0
8.482994,0,0,0,0,0,0,0,0
8.484465,0,0,0,0,0,0,0,0
8.485902,0,0,0,0,0,0,0,0
8.487341,0,0,0,0,0,0,0,0
8.488779,0,0,0,0,0,0,0,0
8.490222,0,0,0,0,0,0,0,0
8.491678,0,0,0,0,0,0,0,0
8.493115,0,0,0,0,0,0,0,0
8.494551,0,0,0,0,0,0,0,0
8.495992,0,0,0,0,0,0,0,0
8.497430,0,0,0,0,0,0,0,0
8.498886,0,0,0,0,0,0,0,0
8.500375,0,0,0,0,0,0,0,0
8.501867,0,0,0,0,0,0,0,0
8.503306,0,0,0,0,0,0,0,0
8.504743,0,0,0,0,0,0,0,0
8.506181,0,0,0,0,0,0,0,0
8.507640,0,0,0,0,0,0,0,0
8.509077,0,0,0,0,0,0,0,0
8.510519,0,0,0,0,0,0,0,0
8.511958,0,0,0,0,0,0,0,0
8.513395,0,0,0,0,0,0,0,0
8.514851,0,0,0,0,0,0,0,0
8.523211,0,0,0,0,0,0,0,0
8.524707,0,0,0,0,0,0,0,0
8.526194,0,0,0,0,0,0,0,0
8.527684,0,0,0,0,0,0,0,0
8.529181,0,0,0,0,0,0,0,0
8.530690,0,0,0,0,0,0,0,0
8.532184,0,0,0,0,0,0,0,0
8.533669,0,0,0,0,0,0,0,0
8.535162,0,0,0,0,0,0,0,0
8.536649,0,0,0,0,0,0,0,0
8.538136,0,0,0,0,0,0,0,0
8.539654,0,0,0,0,0,0,0,0
8.541168,0,0,0,0,0,0,0,0
8.542655,0,0,0,0,0,0,0,0
8.544142,0,0,0,0,0,0,0,0
8.545635,0,0,0,0,0,0,0,0
8.547123,0,0,0,0,0,0,0,0
8.548588,0,0,0,0,0,0,0,0
8.550076,0,0,0,0,0,0,0,0
8.551564,0,0,0,0,0,0,0,0
8.553050,0,0,0,0,0,0,0,0
8.554559,0,0,0,0,0,0,0,0
8.556050,0,0,0,0,0,0,0,0
8.557494,0,0,0,0,0,0,0,0
8.558935,0,0,0,0,0,0,0,0
8.560374,0,0,0,0,0,0,0,0
8.561811,0,0,0,0,0,0,0,0
8.563250,0,0,0,0,0,0,0,0
8.564690,0,0,0,0,0,0,0,0
8.566131,0,0,0,0,0,0,0,0
8.567571,0,0,0,0,0,0,0,0
8.569009,0,0,0,0,0,0,0,0
8.570464,0,0,0,0,0,0,0,0
8.571902,0,0,0,0,0,0,0,0
8.573343,0,0,0,0,0,0,0,0
8.574780,0,0,0,0,0,0,0,0
8.576224,0,0,0,0,0,0,0,0
8.577693,0,0,0,0,0,0,0,0
8.579172,0,0,0,0,0,0,0,0
8.580614,0,0,0,0,0,0,0,0
8.582060,0,0,0,0,0,0,0,0
8.583500,0,0,0,0,0,0,0,0
8.584938,0,0,0,0,0,0,0,0
8.586384,0,0,0,0,0,0,0,0
8.587822,0,0,0,0,0,0,0,0
8.589259,0,0,0,0,0,0,0,0
8.590696,0,0,0,0,0,0,0,0
8.592134,0,0,0,0,0,0,0,0
8.593572,0,0,0,0,0,0,0,0
8.595027,0,0,0,0,0,0,0,0
8.596510,0,0,0,0,0,0,0,0
8.597994,0,0,0,0,0,0,0,0
8.599481,0,0,0,0,0,0,0,0
8.600965,0,0,0,0,0,0,0,0
8.602475,0,0,0,0,0,0,0,0
8.603961,0,0,0,0,0,0,0,0
8.605444,0,0,0,0,0,0,0,0
8.606934,0,0,0,0,0,0,0,0
8.608418,0,0,0,0,0,0,0,0
8.609906,0,0,0,0,0,0,0,0
8.611395,0,0,0,0,0,0,0,0
8.612896,0,0,0,0,0,0,0,0
8.614391,0,0,0,0,0,0,0,0
8.615883,0,0,0,0,0,0,0,0
8.617330,0,0,0,0,0,0,0,0
8.618807,0,0,0,0,0,0,0,0
8.620340,0,0,0,0,0,0,0,0
8.621775,0,0,0,0,0,0,0,0
8.623196,0,0,0,0,0,0,0,0
8.624633,0,0,0,0,0,0,0,0
8.626075,0,0,0,0,0,0,0,0
8.627535,0,0,0,0,0,0,0,0
8.628977,0,0,0,0,0,0,0,0
8.630412,0,0,0,0,0,0,0,0
8.631847,0,0,0,0,0,0,0,0
8.633280,0,0,0,0,0,0,0,0
8.634731,0,0,0,0,0,0,0,0
8.636167,0,0,0,0,0,0,0,0
8.637610,0,0,0,0,0,0,0,0
8.639049,0,0,0,0,0,0,0,0
8.640492,0,0,0,0,0,0,0,0
8.641926,0,0,0,0,0,0,0,0
8.643364,0,0,0,0,0,0,0,0
8.644805,0,0,0,0,0,0,0,0
8.646259,0,0,0,0,0,0,0,0
8.647703,0,0,0,0,0,0,0,0
8.649142,0,0,0,0,0,0,0,0
8.650596,0,0,0,0,0,0,0,0
8.655194,0,0,0,0,0,0,0,0
8.656681,0,0,0,0,0,0,0,0
8.658176,0,0,0,0,0,0,0,0
8.659685,0,0,0,0,0,0,0,0
8.661173,0,0,0,0,0,0,0,0
8.662661,0,0,0,0,0,0,0,0
8.664152,0,0,0,0,0,0,0,0
8.665640,0,0,0,0,0,0,0,0
8.667128,0,0,0,0,0,0,0,0
8.668609,0,0,0,0,0,0,0,0
8.670097,0,0,0,0,0,0,0,0
8.671588,0,0,0,0,0,0,0,0
8.673075,0,0,0,0,0,0,0,0
8.674565,0,0,0,0,0,0,0,0
8.676053,0,0,0,0,0,0,0,0
8.677543,0,0,0,0,0,0,0,0
8.679034,0,0,0,0,0,0,0,0
8.680459,0,0,0,0,0,0,0,0
8.681948,0,0,0,0,0,0,0,0
8.683436,0,0,0,0,0,0,0,0
8.684922,0,0,0,0,0,0,0,0
8.686409,0,0,0,0,0,0,0,0
8.687899,0,0,0,0,0,0,0,0
8.689391,0,0,0,0,0,0,0,0
8.690878,0,0,0,0,0,0,0,0
8.692400,0,0,0,0,0,0,0,0
8.693886,0,0,0,0,0,0,0,0
8.695382,0,0,0,0,0,0,0,0
8.696868,0,0,0,0,0,0,0,0
8.698408,0,0,0,0,0,0,0,0
8.699898,0,0,0,0,0,0,0,0
8.701466,0,0,0,0,0,0,0,0
8.707216,0,0,0,0,0,0,0,0
8.708705,0,0,0,0,0,0,0,0
8.710198,0,0,0,0,0,0,0,0
8.711686,0,0,0,0,0,0,0,0
8.713175,0,0,0,0,0,0,0,0
8.714686,0,0,0,0,0,0,0,0
8.716173,0,0,0,0,0,0,0,0
8.717659,0,0,0,0,0,0,0,0
8.719144,0,0,0,0,0,0,0,0
8.720584,0,0,0,0,0,0,0,0
8.722069,0,0,0,0,0,0,0,0
8.723580,0,0,0,0,0,0,0,0
8.725069,0,0,0,0,0,0,0,0
8.726556,0,0,0,0,0,0,0,0
8.728042,0,0,0,0,0,0,0,0
8.729480,0,0,0,0,0,0,0,0
8.730923,0,0,0,0,0,0,0,0
8.732364,0,0,0,0,0,0,0,0
8.733857,0,0,0,0,0,0,0,0
8.735296,0,0,0,0,0,0,0,0
8.736734,0,0,0,0,0,0,0,0
8.738173,0,0,0,0,0,0,0,0
8.739629,0,0,0,0,0,0,0,0
8.741072,0,0,0,0,0,0,0,0
8.742510,0,0,0,0,0,0,0,0
8.743949,0,0,0,0,0,0,0,0
8.745386,0,0,0,0,0,0,0,0
8.746825,0,0,0,0,0,0,0,0
8.748304,0,0,0,0,0,0,0,0
8.749741,0,0,0,0,0,0,0,0
8.751198,0,0,0,0,0,0,0,0
8.752636,0,0,0,0,0,0,0,0
8.754074,0,0,0,0,0,0,0,0
8.755530,0,0,0,0,0,0,0,0
8.756968,0,0,0,0,0,0,0,0
8.758406,0,0,0,0,0,0,0,0
8.759844,0,0,0,0,0,0,0,0
8.761285,0,0,0,0,0,0,0,0
8.762740,0,0,0,0,0,0,0,0
8.764178,0,0,0,0,0,0,0,0
8.765617,0,0,0,0,0,0,0,0
8.767054,0,0,0,0,0,0,0,0
8.768553,0,0,0,0,0,0,0,0
8.770038,0,0,0,0,0,0,0,0
8.771554,0,0,0,0,0,0,0,0
8.773042,0,0,0,0,0,0,0,0
8.774528,0,0,0,0,0,0,0,0
8.776017,0,0,0,0,0,0,0,0
8.777503,0,0,0,0,0,0,0,0
8.778995,0,0,0,0,0,0,0,0
8.780479,0,0,0,0,0,0,0,0
8.781973,0,0,0,0,0,0,0,0
8.783461,0,0,0,0,0,0,0,0
8.787225,0,0,0,0,0,0,0,0
8.788718,0,0,0,0,0,0,0,0
8.790208,0,0,0,0,0,0,0,0
8.791694,0,0,0,0,0,0,0,0
8.793183,0,0,0,0,0,0,0,0
8.794693,0,0,0,0,0,0,0,0
8.796180,0,0,0,0,0,0,0,0
8.797663,0,0,0,0,0,0,0,0
8.799152,0,0,0,0,0,0,0,0
8.800640,0,0,0,0,0,0,0,0
8.802125,0,0,0,0,0,0,0,0
8.803642,0,0,0,0,0,0,0,0
8.805129,0,0,0,0,0,0,0,0
8.806614,0,0,0,0,0,0,0,0
8.808103,0,0,0,0,0,0,0,0
8.809590,0,0,0,0,0,0,0,0
8.811099,0,0,0,0,0,0,0,0
8.812612,0,0,0,0,0,0,0,0
8.814104,0,0,0,0,0,0,0,0
8.815591,0,0,0,0,0,0,0,0
8.817079,0,0,0,0,0,0,0,0
8.818587,0,0,0,0,0,0,0,0
8.820074,0,0,0,0,0,0,0,0
8.823247,0,0,0,0,0,0,0,0
8.824745,0,0,0,0,0,0,0,0
8.826232,0,0,0,0,0,0,0,0
8.827742,0,0,0,0,0,0,0,0
8.829227,0,0,0,0,0,0,0,0
8.830712,0,0,0,0,0,0,0,0
8.832199,0,0,0,0,0,0,0,0
8.833685,0,0,0,0,0,0,0,0
8.835235,0,0,0,0,0,0,0,0
8.836724,0,0,0,0,0,0,0,0
8.838210,0,0,0,0,0,0,0,0
8.839697,0,0,0,0,0,0,0,0
8.841182,0,0,0,0,0,0,0,0
8.842692,0,0,0,0,0,0,0,0
8.844180,0,0,0,0,0,0,0,0
8.845680,0,0,0,0,0,0,0,0
8.847164,0,0,0,0,0,0,0,0
8.851217,0,0,0,0,0,0,0,0
8.852707,0,0,0,0,0,0,0,0
8.854193,0,0,0,0,0,0,0,0
8.855689,0,0,0,0,0,0,0,0
8.857175,0,0,0,0,0,0,0,0
8.858662,0,0,0,0,0,0,0,0
8.860149,0,0,0,0,0,0,0,0
8.861641,0,0,0,0,0,0,0,0
8.863128,0,0,0,0,0,0,0,0
8.864571,0,0,0,0,0,0,0,0
8.866114,0,0,0,0,0,0,0,0
8.867630,0,0,0,0,0,0,0,0
8.869119,0,0,0,0,0,0,0,0
8.870604,0,0,0,0,0,0,0,0
8.872094,0,0,0,0,0,0,0,0
8.873592,0,0,0,0,0,0,0,0
8.875082,0,0,0,0,0,0,0,0
8.876511,0,0,0,0,0,0,0,0
8.877953,0,0,0,0,0,0,0,0
8.879388,0,0,0,0,0,0,0,0
8.880826,0,0,0,0,0,0,0,0
8.882263,0,0,0,0,0,0,0,0
8.883715,0,0,0,0,0,0,0,0
8.885152,0,0,0,0,0,0,0,0
8.886594,0,0,0,0,0,0,0,0
8.888032,0,0,0,0,0,0,0,0
8.889473,0,0,0,0,0,0,0,0
8.890912,0,0,0,0,0,0,0,0
8.892362,0,0,0,0,0,0,0,0
8.893808,0,0,0,0,0,0,0,0
8.899222,0,0,0,0,0,0,0,0
8.900668,0,0,0,0,0,0,0,0
8.902110,0,0,0,0,0,0,0,0
8.903549,0,0,0,0,0,0,0,0
8.904985,0,0,0,0,0,0,0,0
8.906449,0,0,0,0,0,0,0,0
8.907889,0,0,0,0,0,0,0,0
8.909328,0,0,0,0,0,0,0,0
8.910771,0,0,0,0,0,0,0,0
8.912209,0,0,0,0,0,0,0,0
8.913646,0,0,0,0,0,0,0,0
8.915100,0,0,0,0,0,0,0,0
8.916545,0,0,0,0,0,0,0,0
8.918030,0,0,0,0,0,0,0,0
8.919519,0,0,0,0,0,0,0,0
8.921009,0,0,0,0,0,0,0,0
8.922518,0,0,0,0,0,0,0,0
8.924005,0,0,0,0,0,0,0,0
8.925489,0,0,0,0,0,0,0,0
8.926977,0,0,0,0,0,0,0,0
8.928468,0,0,0,0,0,0,0,0
8.929957,0,0,0,0,0,0,0,0
8.931477,0,0,0,0,0,0,0,0
8.932966,0,0,0,0,0,0,0,0
8.934455,0,0,0,0,0,0,0,0
8.935943,0,0,0,0,0,0,0,0
8.937429,0,0,0,0,0,0,0,0
8.938917,0,0,0,0,0,0,0,0
8.940401,0,0,0,0,0,0,0,0
8.941893,0,0,0,0,0,0,0,0
8.943380,0,0,0,0,0,0,0,0
8.944867,0,0,0,0,0,0,0,0
8.946382,0,0,0,0,0,0,0,0
8.947869,0,0,0,0,0,0,0,0
8.949355,0,0,0,0,0,0,0,0
8.950845,0,0,0,0,0,0,0,0
8.952350,0,0,0,0,0,0,0,0
8.953835,0,0,0,0,0,0,0,0
8.955328,0,0,0,0,0,0,0,0
8.956825,0,0,0,0,0,0,0,0
8.958312,0,0,0,0,0,0,0,0
8.959797,0,0,0,0,0,0,0,0
8.961281,0,0,0,0,0,0,0,0
8.962797,0,0,0,0,0,0,0,0
8.964354,0,0,0,0,0,0,0,0
8.971225,0,0,0,0,0,0,0,0
8.972717,0,0,0,0,0,0,0,0
8.974210,0,0,0,0,0,0,0,0
8.975702,0,0,0,0,0,0,0,0
8.977188,0,0,0,0,0,0,0,0
8.978677,0,0,0,0,0,0,0,0
8.980163,0,0,0,0,0,0,0,0
8.981653,0,0,0,0,0,0,0,0
8.983140,0,0,0,0,0,0,0,0
8.984588,0,0,0,0,0,0,0,0
8.986072,0,0,0,0,0,0,0,0
8.987560,0,0,0,0,0,0,0,0
8.989047,0,0,0,0,0,0,0,0
8.990534,0,0,0,0,0,0,0,0
8.992022,0,0,0,0,0,0,0,0
8.993509,0,0,0,0,0,0,0,0
8.995024,0,0,0,0,0,0,0,0
8.996500,0,0,0,0,0,0,0,0
8.997988,0,0,0,0,0,0,0,0
8.999477,0,0,0,0,0,0,0,0
9.000964,0,0,0,0,0,0,0,0
9.002472,0,0,0,0,0,0,0,0
9.003959,0,0,0,0,0,0,0,0
9.005450,0,0,0,0,0,0,0,0
9.006936,0,0,0,0,0,0,0,0
9.008423,0,0,0,0,0,0,0,0
9.009910,0,0,0,0,0,0,0,0
9.011396,0,0,0,0,0,0,0,0
9.012882,0,0,0,0,0,0,0,0
9.014371,0,0,0,0,0,0,0,0
9.015868,0,0,0,0,0,0,0,0
9.017367,0,0,0,0,0,0,0,0
9.018874,0,0,0,0,0,0,0,0
9.020400,0,0,0,0,0,0,0,0
9.021887,0,0,0,0,0,0,0,0
9.023375,0,0,0,0,0,0,0,0
9.024861,0,0,0,0,0,0,0,0
9.026378,0,0,0,0,0,0,0,0
9.027868,0,0,0,0,0,0,0,0
9.029357,0,0,0,0,0,0,0,0
9.035507,0,0,0,0,0,0,0,0
9.037775,0,0,0,0,0,0,0,0
9.039195,0,0,0,0,0,0,0,0
9.040633,0,0,0,0,0,0,0,0
9.042072,0,0,0,0,0,0,0,0
9.043528,0,0,0,0,0,0,0,0
9.044969,0,0,0,0,0,0,0,0
9.046407,0,0,0,0,0,0,0,0
9.047850,0,0,0,0,0,0,0,0
9.049288,0,0,0,0,0,0,0,0
9.050748,0,0,0,0,0,0,0,0
9.052188,0,0,0,0,0,0,0,0
9.053628,0,0,0,0,0,0,0,0
9.055066,0,0,0,0,0,0,0,0
9.056505,0,0,0,0,0,0,0,0
9.057947,0,0,0,0,0,0,0,0
9.059384,0,0,0,0,0,0,0,0
9.060822,0,0,0,0,0,0,0,0
9.139265,0,0,0,0,0,0,0,0
9.150910,0,0,0,0,0,0,0,0
9.152383,0,0,0,0,0,0,0,0
9.153820,0,0,0,0,0,0,0,0
9.155256,0,0,0,0,0,0,0,0
9.156694,0,0,0,0,0,0,0,0
9.158130,0,0,0,0,0,0,0,0
9.159567,0,0,0,0,0,0,0,0
9.161009,0,0,0,0,0,0,0,0
9.162463,0,0,0,0,0,0,0,0
9.163903,0,0,0,0,0,0,0,0
9.165340,0,0,0,0,0,0,0,0
9.166777,0,0,0,0,0,0,0,0
9.168227,0,0,0,0,0,0,0,0
9.169664,0,0,0,0,0,0,0,0
9.171105,0,0,0,0,0,0,0,0
9.172547,0,0,0,0,0,0,0,0
9.173984,0,0,0,0,0,0,0,0
9.175422,0,0,0,0,0,0,0,0
9.176859,0,0,0,0,0,0,0,0
9.178295,0,0,0,0,0,0,0,0
9.179642,0,0,0,0,0,0,0,0
9.181081,0,0,0,0,0,0,0,0
9.183196,0,0,0,0,0,0,0,0
9.184641,0,0,0,0,0,0,0,0
9.186082,0,0,0,0,0,0,0,0
9.187519,0,0,0,0,0,0,0,0
9.188956,0,0,0,0,0,0,0,0
9.190393,0,0,0,0,0,0,0,0
9.191830,0,0,0,0,0,0,0,0
9.193277,0,0,0,0,0,0,0,0
9.194730,0,0,0,0,0,0,0,0
9.196167,0,0,0,0,0,0,0,0
9.197600,0,0,0,0,0,0,0,0
9.199036,0,0,0,0,0,0,0,0
9.200412,0,0,0,0,0,0,0,0
9.201849,0,0,0,0,0,0,0,0
9.203321,0,0,0,0,0,0,0,0
9.204759,0,0,0,0,0,0,0,0
9.206195,0,0,0,0,0,0,0,0
9.207632,0,0,0,0,0,0,0,0
9.209067,0,0,0,0,0,0,0,0
9.210504,0,0,0,0,0,0,0,0
9.211941,0,0,0,0,0,0,0,0
9.213382,0,0,0,0,0,0,0,0
9.214818,0,0,0,0,0,0,0,0
9.216352,0,0,0,0,0,0,0,0
9.217789,0,0,0,0,0,0,0,0
9.219224,0,0,0,0,0,0,0,0
9.220663,0,0,0,0,0,0,0,0
9.222101,0,0,0,0,0,0,0,0
9.223545,0,0,0,0,0,0,0,0
9.224981,0,0,0,0,0,0,0,0
9.226436,0,0,0,0,0,0,0,0
9.227877,0,0,0,0,0,0,0,0
9.229314,0,0,0,0,0,0,0,0
9.230750,0,0,0,0,0,0,0,0
9.232186,0,0,0,0,0,0,0,0
9.233630,0,0,0,0,0,0,0,0
9.235084,0,0,0,0,0,0,0,0
9.236532,0,0,0,0,0,0,0,0
9.237967,0,0,0,0,0,0,0,0
9.239405,0,0,0,0,0,0,0,0
9.240846,0,0,0,0,0,0,0,0
9.242283,0,0,0,0,0,0,0,0
9.243632,0,0,0,0,0,0,0,0
9.245085,0,0,0,0,0,0,0,0
9.246521,0,0,0,0,0,0,0,0
9.247957,0,0,0,0,0,0,0,0
9.249393,0,0,0,0,0,0,0,0
9.250847,0,0,0,0,0,0,0,0
9.252400,0,0,0,0,0,0,0,0
9.253840,0,0,0,0,0,0,0,0
9.255276,0,0,0,0,0,0,0,0
9.256713,0,0,0,0,0,0,0,0
9.259541,0,0,0,0,0,0,0,0
9.260978,0,0,0,0,0,0,0,0
9.262414,0,0,0,0,0,0,0,0
9.263855,0,0,0,0,0,0,0,0
9.265292,0,0,0,0,0,0,0,0
9.266686,0,0,0,0,0,0,0,0
9.268169,0,0,0,0,0,0,0,0
9.269605,0,0,0,0,0,0,0,0
9.271041,0,0,0,0,0,0,0,0
9.272410,0,0,0,0,0,0,0,0
9.273846,0,0,0,0,0,0,0,0
9.275288,0,0,0,0,0,0,0,0
9.276789,0,0,0,0,0,0,0,0
9.278226,0,0,0,0,0,0,0,0
9.279665,0,0,0,0,0,0,0,0
9.281102,0,0,0,0,0,0,0,0
9.282556,0,0,0,0,0,0,0,0
9.283993,0,0,0,0,0,0,0,0
9.285446,0,0,0,0,0,0,0,0
9.286883,0,0,0,0,0,0,0,0
9.288305,0,0,0,0,0,0,0,0
9.289741,0,0,0,0,0,0,0,0
9.291216,0,0,0,0,0,0,0,0
9.292656,0,0,0,0,0,0,0,0
9.294100,0,0,0,0,0,0,0,0
9.295544,0,0,0,0,0,0,0,0
9.297011,0,0,0,0,0,0,0,0
9.298464,0,0,0,0,0,0,0,0
9.299902,0,0,0,0,0,0,0,0
9.301341,0,0,0,0,0,0,0,0
9.302788,0,0,0,0,0,0,0,0
9.304226,0,0,0,0,0,0,0,0
9.305675,0,0,0,0,0,0,0,0
9.307130,0,0,0,0,0,0,0,0
9.308572,0,0,0,0,0,0,0,0
9.310009,0,0,0,0,0,0,0,0
9.311449,0,0,0,0,0,0,0,0
9.312887,0,0,0,0,0,0,0,0
9.314342,0,0,0,0,0,0,0,0
9.315789,0,0,0,0,0,0,0,0
9.317227,0,0,0,0,0,0,0,0
9.318665,0,0,0,0,0,0,0,0
9.320104,0,0,0,0,0,0,0,0
9.321542,0,0,0,0,0,0,0,0
9.322988,0,0,0,0,0,0,0,0
9.324432,0,0,0,0,0,0,0,0
9.325877,0,0,0,0,0,0,0,0
9.327355,0,0,0,0,0,0,0,0
9.328794,0,0,0,0,0,0,0,0
9.330231,0,0,0,0,0,0,0,0
9.333410,0,0,0,0,0,0,0,0
9.334851,0,0,0,0,0,0,0,0
9.336440,0,0,0,0,0,0,0,0
9.337941,0,0,0,0,0,0,0,0
9.339441,0,0,0,0,0,0,0,0
9.340890,0,0,0,0,0,0,0,0
9.342360,0,0,0,0,0,0,0,0
9.343841,0,0,0,0,0,0,0,0
9.345277,0,0,0,0,0,0,0,0
9.347657,0,0,0,0,0,0,0,0
9.350801,0,0,0,0,0,0,0,0
9.352259,0,0,0,0,0,0,0,0
9.353735,0,0,0,0,0,0,0,0
9.355204,0,0,0,0,0,0,0,0
9.356639,0,0,0,0,0,0,0,0
9.359203,0,0,0,0,0,0,0,0
9.360647,0,0,0,0,0,0,0,0
9.362080,0,0,0,0,0,0,0,0
9.363538,0,0,0,0,0,0,0,0
9.364977,0,0,0,0,0,0,0,0
9.366417,0,0,0,0,0,0,0,0
9.367856,0,0,0,0,0,0,0,0
9.369297,0,0,0,0,0,0,0,0
9.370754,0,0,0,0,0,0,0,0
9.372197,0,0,0,0,0,0,0,0
9.373684,0,0,0,0,0,0,0,0
9.387508,0,0,0,0,0,0,0,0
9.389001,0,0,0,0,0,0,0,0
9.390486,0,0,0,0,0,0,0,0
9.391978,0,0,0,0,0,0,0,0
9.393464,0,0,0,0,0,0,0,0
9.402437,0,0,0,0,0,0,0,0
9.403931,0,0,0,0,0,0,0,0
9.405417,0,0,0,0,0,0,0,0
9.406904,0,0,0,0,0,0,0,0
9.408398,0,0,0,0,0,0,0,0
9.409905,0,0,0,0,0,0,0,0
9.411440,0,0,0,0,0,0,0,0
9.412927,0,0,0,0,0,0,0,0
9.414417,0,0,0,0,0,0,0,0
9.415904,0,0,0,0,0,0,0,0
9.417390,0,0,0,0,0,0,0,0
9.418804,0,0,0,0,0,0,0,0
9.420370,0,0,0,0,0,0,0,0
9.421859,0,0,0,0,0,0,0,0
9.423429,0,0,0,0,0,0,0,0
9.428942,0,0,0,0,0,0,0,0
9.430378,0,0,0,0,0,0,0,0
9.431836,0,0,0,0,0,0,0,0
9.433272,0,0,0,0,0,0,0,0
9.434730,0,0,0,0,0,0,0,0
9.443304,0,0,0,0,0,0,0,0
9.444696,0,0,0,0,0,0,0,0
9.446134,0,0,0,0,0,0,0,0
9.447578,0,0,0,0,0,0,0,0
9.449018,0,0,0,0,0,0,0,0
9.450473,0,0,0,0,0,0,0,0
9.451911,0,0,0,0,0,0,0,0
9.453364,0,0,0,0,0,0,0,0
9.454802,0,0,0,0,0,0,0,0
9.456257,0,0,0,0,0,0,0,0
9.459382,0,0,0,0,0,0,0,0
9.460822,0,0,0,0,0,0,0,0
9.462261,0,0,0,0,0,0,0,0
9.463699,0,0,0,0,0,0,0,0
9.465139,0,0,0,0,0,0,0,0
9.466593,0,0,0,0,0,0,0,0
9.472257,0,0,0,0,0,0,0,0
9.474846,0,0,0,0,0,0,0,0
9.527219,0,0,0,0,0,0,0,0
9.529557,0,0,0,0,0,0,0,0
9.531046,0,0,0,0,0,0,0,0
9.532536,0,0,0,0,0,0,0,0
9.534024,0,0,0,0,0,0,0,0
9.535511,0,0,0,0,0,0,0,0
9.537000,0,0,0,0,0,0,0,0
9.538513,0,0,0,0,0,0,0,0
9.540010,0,0,0,0,0,0,0,0
9.541509,0,0,0,0,0,0,0,0
9.542994,0,0,0,0,0,0,0,0
9.544481,0,0,0,0,0,0,0,0
9.545968,0,0,0,0,0,0,0,0
9.547480,0,0,0,0,0,0,0,0
9.548967,0,0,0,0,0,0,0,0
9.550455,0,0,0,0,0,0,0,0
9.551942,0,0,0,0,0,0,0,0
9.553431,0,0,0,0,0,0,0,0
9.554918,0,0,0,0,0,0,0,0
9.563393,0,0,0,0,0,0,0,0
9.569635,0,0,0,0,0,0,0,0
9.571118,0,0,0,0,0,0,0,0
9.572601,0,0,0,0,0,0,0,0
9.574108,0,0,0,0,0,0,0,0
9.579254,0,0,0,0,0,0,0,0
9.580743,0,0,0,0,0,0,0,0
9.582226,0,0,0,0,0,0,0,0
9.583710,0,0,0,0,0,0,0,0
9.585255,0,0,0,0,0,0,0,0
9.591008,0,0,0,0,0,0,0,0
9.592465,0,0,0,0,0,0,0,0
9.593952,0,0,0,0,0,0,0,0
9.595438,0,0,0,0,0,0,0,0
9.603245,0,0,0,0,0,0,0,0
9.604734,0,0,0,0,0,0,0,0
9.606220,0,0,0,0,0,0,0,0
9.611244,0,0,0,0,0,0,0,0
9.612733,0,0,0,0,0,0,0,0
9.614219,0,0,0,0,0,0,0,0
9.615707,0,0,0,0,0,0,0,0
9.617194,0,0,0,0,0,0,0,0
9.619310,0,0,0,0,0,0,0,0
9.621002,0,0,0,0,0,0,0,0
9.624555,0,0,0,0,0,0,0,0
9.626044,0,0,0,0,0,0,0,0
9.627554,0,0,0,0,0,0,0,0
9.629044,0,0,0,0,0,0,0,0
9.630531,0,0,0,0,0,0,0,0
9.632017,0,0,0,0,0,0,0,0
9.633504,0,0,0,0,0,0,0,0
9.635256,0,0,0,0,0,0,0,0
9.638239,0,0,0,0,0,0,0,0
9.642984,0,0,0,0,0,0,0,0
9.644479,0,0,0,0,0,0,0,0
9.645965,0,0,0,0,0,0,0,0
9.648200,0,0,0,0,0,0,0,0
9.649685,0,0,0,0,0,0,0,0
9.653654,0,0,0,0,0,0,0,0
9.655149,0,0,0,0,0,0,0,0
9.656570,0,0,0,0,0,0,0,0
9.658055,0,0,0,0,0,0,0,0
9.661117,0,0,0,0,0,0,0,0
9.664329,0,0,0,0,0,0,0,0
9.665817,0,0,0,0,0,0,0,0
9.667315,0,0,0,0,0,0,0,0
9.668799,0,0,0,0,0,0,0,0
9.670282,0,0,0,0,0,0,0,0
9.671766,0,0,0,0,0,0,0,0
9.674927,0,0,0,0,0,0,0,0
9.677783,0,0,0,0,0,0,0,0
9.679271,0,0,0,0,0,0,0,0
9.680757,0,0,0,0,0,0,0,0
9.682242,0,0,0,0,0,0,0,0
9.684216,0,0,0,0,0,0,0,0
9.685703,0,0,0,0,0,0,0,0
9.687217,0,0,0,0,0,0,0,0
9.688704,0,0,0,0,0,0,0,0
9.690191,0,0,0,0,0,0,0,0
9.692536,0,0,0,0,0,0,0,0
9.694364,0,0,0,0,0,0,0,0
9.695857,0,0,0,0,0,0,0,0
9.701199,0,0,0,0,0,0,0,0
9.702686,0,0,0,0,0,0,0,0
9.704174,0,0,0,0,0,0,0,0
9.705659,0,0,0,0,0,0,0,0
9.707169,0,0,0,0,0,0,0,0
9.708599,0,0,0,0,0,0,0,0
9.710084,0,0,0,0,0,0,0,0
9.715262,0,0,0,0,0,0,0,0
9.716761,0,0,0,0,0,0,0,0
9.718248,0,0,0,0,0,0,0,0
9.719735,0,0,0,0,0,0,0,0
9.721222,0,0,0,0,0,0,0,0
9.722731,0,0,0,0,0,0,0,0
9.724220,0,0,0,0,0,0,0,0
9.725704,0,0,0,0,0,0,0,0
9.727201,0,0,0,0,0,0,0,0
9.728686,0,0,0,0,0,0,0,0
9.730172,0,0,0,0,0,0,0,0
9.731682,0,0,0,0,0,0,0,0
9.733168,0,0,0,0,0,0,0,0
9.734653,0,0,0,0,0,0,0,0
9.736141,0,0,0,0,0,0,0,0
9.737632,0,0,0,0,0,0,0,0
9.739140,0,0,0,0,0,0,0,0
9.740605,0,0,0,0,0,0,0,0
9.742091,0,0,0,0,0,0,0,0
9.743578,0,0,0,0,0,0,0,0
9.745064,0,0,0,0,0,0,0,0
9.746575,0,0,0,0,0,0,0,0
9.748067,0,0,0,0,0,0,0,0
9.749559,0,0,0,0,0,0,0,0
9.751075,0,0,0,0,0,0,0,0
9.752600,0,0,0,0,0,0,0,0
9.754040,0,0,0,0,0,0,0,0
9.755484,0,0,0,0,0,0,0,0
9.756989,0,0,0,0,0,0,0,0
9.758427,0,0,0,0,0,0,0,0
9.759863,0,0,0,0,0,0,0,0
9.761298,0,0,0,0,0,0,0,0
9.762749,0,0,0,0,0,0,0,0
9.764185,0,0,0,0,0,0,0,0
9.765625,0,0,0,0,0,0,0,0
9.767064,0,0,0,0,0,0,0,0
9.768508,0,0,0,0,0,0,0,0
9.769947,0,0,0,0,0,0,0,0
9.771386,0,0,0,0,0,0,0,0
9.772824,0,0,0,0,0,0,0,0
9.774263,0,0,0,0,0,0,0,0
9.775701,0,0,0,0,0,0,0,0
9.777139,0,0,0,0,0,0,0,0
9.778584,0,0,0,0,0,0,0,0
9.780024,0,0,0,0,0,0,0,0
9.781462,0,0,0,0,0,0,0,0
9.782901,0,0,0,0,0,0,0,0
9.784315,0,0,0,0,0,0,0,0
9.785753,0,0,0,0,0,0,0,0
9.787206,0,0,0,0,0,0,0,0
9.788648,0,0,0,0,0,0,0,0
9.790082,0,0,0,0,0,0,0,0
9.791518,0,0,0,0,0,0,0,0
9.792955,0,0,0,0,0,0,0,0
9.794405,0,0,0,0,0,0,0,0
9.795840,0,0,0,0,0,0,0,0
9.797276,0,0,0,0,0,0,0,0
9.798717,0,0,0,0,0,0,0,0
9.800153,0,0,0,0,0,0,0,0
9.801592,0,0,0,0,0,0,0,0
9.803027,0,0,0,0,0,0,0,0
9.804420,0,0,0,0,0,0,0,0
9.805873,0,0,0,0,0,0,0,0
9.807309,0,0,0,0,0,0,0,0
9.808748,0,0,0,0,0,0,0,0
9.810183,0,0,0,0,0,0,0,0
9.811639,0,0,0,0,0,0,0,0
9.813076,0,0,0,0,0,0,0,0
9.814511,0,0,0,0,0,0,0,0
9.815947,0,0,0,0,0,0,0,0
9.817382,0,0,0,0,0,0,0,0
9.818840,0,0,0,0,0,0,0,0
9.820321,0,0,0,0,0,0,0,0
9.821756,0,0,0,0,0,0,0,0
9.823198,0,0,0,0,0,0,0,0
9.824634,0,0,0,0,0,0,0,0
9.826069,0,0,0,0,0,0,0,0
9.827521,0,0,0,0,0,0,0,0
9.828962,0,0,0,0,0,0,0,0
9.830396,0,0,0,0,0,0,0,0
9.831832,0,0,0,0,0,0,0,0
9.833266,0,0,0,0,0,0,0,0
9.834722,0,0,0,0,0,0,0,0
9.836157,0,0,0,0,0,0,0,0
9.837593,0,0,0,0,0,0,0,0
9.839032,0,0,0,0,0,0,0,0
9.840409,0,0,0,0,0,0,0,0
9.841844,0,0,0,0,0,0,0,0
9.843280,0,0,0,0,0,0,0,0
9.844715,0,0,0,0,0,0,0,0
9.846150,0,0,0,0,0,0,0,0
9.847587,0,0,0,0,0,0,0,0
9.849023,0,0,0,0,0,0,0,0
9.850482,0,0,0,0,0,0,0,0
9.851917,0,0,0,0,0,0,0,0
9.853352,0,0,0,0,0,0,0,0
9.854786,0,0,0,0,0,0,0,0
9.856221,0,0,0,0,0,0,0,0
9.857657,0,0,0,0,0,0,0,0
9.859108,0,0,0,0,0,0,0,0
9.860533,0,0,0,0,0,0,0,0
9.861968,0,0,0,0,0,0,0,0
9.863404,0,0,0,0,0,0,0,0
9.864839,0,0,0,0,0,0,0,0
9.866274,0,0,0,0,0,0,0,0
9.867710,0,0,0,0,0,0,0,0
9.869180,0,0,0,0,0,0,0,0
9.870620,0,0,0,0,0,0,0,0
9.872055,0,0,0,0,0,0,0,0
9.873490,0,0,0,0,0,0,0,0
9.874940,0,0,0,0,0,0,0,0
9.876378,0,0,0,0,0,0,0,0
9.877824,0,0,0,0,0,0,0,0
9.879261,0,0,0,0,0,0,0,0
9.880702,0,0,0,0,0,0,0,0
9.882138,0,0,0,0,0,0,0,0
9.911698,0,0,0,0,0,0,0,0
9.913155,0,0,0,0,0,0,0,0
9.914599,0,0,0,0,0,0,0,0
9.916038,0,0,0,0,0,0,0,0
9.917476,0,0,0,0,0,0,0,0
9.918915,0,0,0,0,0,0,0,0
9.920303,0,0,0,0,0,0,0,0
9.921746,0,0,0,0,0,0,0,0
9.923208,0,0,0,0,0,0,0,0
9.924647,0,0,0,0,0,0,0,0
9.926082,0,0,0,0,0,0,0,0
9.927521,0,0,0,0,0,0,0,0
9.929005,0,0,0,0,0,0,0,0
9.930462,0,0,0,0,0,0,0,0
9.931901,0,0,0,0,0,0,0,0
9.933346,0,0,0,0,0,0,0,0
9.934782,0,0,0,0,0,0,0,0
9.936220,0,0,0,0,0,0,0,0
9.937659,0,0,0,0,0,0,0,0
9.939098,0,0,0,0,0,0,0,0
9.940533,0,0,0,0,0,0,0,0
9.941972,0,0,0,0,0,0,0,0
9.943414,0,0,0,0,0,0,0,0
9.944853,0,0,0,0,0,0,0,0
9.946290,0,0,0,0,0,0,0,0
9.947746,0,0,0,0,0,0,0,0
9.949185,0,0,0,0,0,0,0,0
9.950624,0,0,0,0,0,0,0,0
9.952063,0,0,0,0,0,0,0,0
9.953504,0,0,0,0,0,0,0,0
9.954946,0,0,0,0,0,0,0,0
9.956390,0,0,0,0,0,0,0,0
9.957877,0,0,0,0,0,0,0,0
9.959364,0,0,0,0,0,0,0,0
9.960852,0,0,0,0,0,0,0,0
9.962363,0,0,0,0,0,0,0,0
9.963860,0,0,0,0,0,0,0,0
9.965351,0,0,0,0,0,0,0,0
9.966838,0,0,0,0,0,0,0,0
9.968346,0,0,0,0,0,0,0,0
9.969832,0,0,0,0,0,0,0,0
9.971318,0,0,0,0,0,0,0,0
9.972807,0,0,0,0,0,0,0,0
9.974300,0,0,0,0,0,0,0,0
9.975791,0,0,0,0,0,0,0,0
9.977277,0,0,0,0,0,0,0,0
9.978787,0,0,0,0,0,0,0,0
9.980337,0,0,0,0,0,0,0,0
9.981822,0,0,0,0,0,0,0,0
9.983309,0,0,0,0,0,0,0,0
9.984814,0,0,0,0,0,0,0,0
9.986369,0,0,0,0,0,0,0,0
9.987857,0,0,0,0,0,0,0,0
9.989296,0,0,0,0,0,0,0,0
9.990739,0,0,0,0,0,0,0,0
9.992178,0,0,0,0,0,0,0,0
9.993616,0,0,0,0,0,0,0,0
9.995062,0,0,0,0,0,0,0,0
9.996552,0,0,0,0,0,0,0,0
9.998048,0,0,0,0,0,0,0,0
9.999537,0,0,0,0,0,0,0,0
10.000060,0,0,0,0,0,0,0,0
