elapsed_s,RBBM_S_PC_BUSY,RBBM_S_TESS_BUSY,RBBM_S_TSEFE_BUSY,RBBM_S_TSEBE_BUSY
0.004307,0,0,0,0
0.013142,0,0,0,0
0.015182,0,0,0,0
0.016640,0,0,0,0
0.018095,0,0,0,0
0.021208,0,0,0,0
0.022669,0,0,0,0
0.033195,0,0,0,0
0.034622,0,0,0,0
0.036049,0,0,0,0
0.037611,0,0,0,0
0.041137,0,0,0,0
0.042568,0,0,0,0
0.043990,0,0,0,0
0.045408,0,0,0,0
0.049247,0,0,0,0
0.050644,0,0,0,0
0.052082,0,0,0,0
0.059992,0,0,0,0
0.062398,0,0,0,0
0.069205,0,0,0,0
0.070664,0,0,0,0
0.072084,0,0,0,0
0.073504,0,0,0,0
0.074851,0,0,0,0
0.076276,0,0,0,0
0.077697,0,0,0,0
0.079154,0,0,0,0
0.080572,0,0,0,0
0.081995,0,0,0,0
0.083414,0,0,0,0
0.084832,0,0,0,0
0.086232,0,0,0,0
0.087651,0,0,0,0
0.089073,0,0,0,0
0.090495,0,0,0,0
0.091918,0,0,0,0
0.093400,0,0,0,0
0.094858,0,0,0,0
0.096317,0,0,0,0
0.097772,0,0,0,0
0.099226,0,0,0,0
0.100486,0,0,0,0
0.101945,0,0,0,0
0.103400,0,0,0,0
0.104854,0,0,0,0
0.106310,0,0,0,0
0.109892,0,0,0,0
0.111348,0,0,0,0
0.112803,0,0,0,0
0.114228,0,0,0,0
0.115759,0,0,0,0
0.117225,0,0,0,0
0.119196,0,0,0,0
0.120652,0,0,0,0
0.122108,0,0,0,0
0.125019,0,0,0,0
0.126476,0,0,0,0
0.127929,0,0,0,0
0.132601,0,0,0,0
0.134438,0,0,0,0
0.135651,0,0,0,0
0.137002,0,0,0,0
0.141328,0,0,0,0
0.145751,0,0,0,0
0.147168,0,0,0,0
0.148583,0,0,0,0
0.149997,0,0,0,0
0.151411,0,0,0,0
0.157317,0,0,0,0
0.158733,0,0,0,0
0.160148,0,0,0,0
0.161563,0,0,0,0
0.165212,0,0,0,0
0.166641,0,0,0,0
0.168054,0,0,0,0
0.169468,0,0,0,0
0.170882,0,0,0,0
0.172313,0,0,0,0
0.175817,0,0,0,0
0.177233,0,0,0,0
0.178646,0,0,0,0
0.180058,0,0,0,0
0.181378,0,0,0,0
0.182683,0,0,0,0
0.186729,0,0,0,0
0.188033,0,0,0,0
0.189353,0,0,0,0
0.190786,0,0,0,0
0.192200,0,0,0,0
0.193615,0,0,0,0
0.197969,0,0,0,0
0.200748,0,0,0,0
0.202181,0,0,0,0
0.203594,0,0,0,0
0.205009,0,0,0,0
0.206418,0,0,0,0
0.207722,0,0,0,0
0.209100,0,0,0,0
0.210514,0,0,0,0
0.211927,0,0,0,0
0.213356,0,0,0,0
0.214770,0,0,0,0
0.218544,0,0,0,0
0.219958,0,0,0,0
0.221387,0,0,0,0
0.222801,0,0,0,0
0.224214,0,0,0,0
0.225628,0,0,0,0
0.229208,0,0,0,0
0.230622,0,0,0,0
0.232034,0,0,0,0
0.233447,0,0,0,0
0.234752,0,0,0,0
0.236165,0,0,0,0
0.240196,0,0,0,0
0.241612,0,0,0,0
0.243024,0,0,0,0
0.244438,0,0,0,0
0.245852,0,0,0,0
0.247268,0,0,0,0
0.248801,0,0,0,0
0.250200,0,0,0,0
0.251614,0,0,0,0
0.252919,0,0,0,0
0.254315,0,0,0,0
0.255728,0,0,0,0
0.257098,0,0,0,0
0.258511,0,0,0,0
0.259927,0,0,0,0
0.261357,0,0,0,0
0.262819,0,0,0,0
0.264232,0,0,0,0
0.265646,0,0,0,0
0.267081,0,0,0,0
0.268510,0,0,0,0
0.269922,0,0,0,0
0.271858,0,0,0,0
0.285392,0,0,0,0
0.286843,0,0,0,0
0.288269,0,0,0,0
0.289694,0,0,0,0
0.291119,0,0,0,0
0.292462,0,0,0,0
0.293795,0,0,0,0
0.295219,0,0,0,0
0.296643,0,0,0,0
0.298071,0,0,0,0
0.299439,0,0,0,0
0.300882,0,0,0,0
0.307184,0,0,0,0
0.313966,0,0,0,0
0.315392,0,0,0,0
0.319695,0,0,0,0
0.325206,0,0,0,0
0.326631,0,0,0,0
0.327975,0,0,0,0
0.329287,0,0,0,0
0.330712,0,0,0,0
0.332140,0,0,0,0
0.333472,0,0,0,0
0.334895,0,0,0,0
0.336319,0,0,0,0
0.337781,0,0,0,0
0.339206,0,0,0,0
0.340647,0,0,0,0
0.342069,0,0,0,0
0.343497,0,0,0,0
0.344953,0,0,0,0
0.346377,0,0,0,0
0.347848,0,0,0,0
0.349272,0,0,0,0
0.350697,0,0,0,0
0.352120,0,0,0,0
0.353439,0,0,0,0
0.357076,0,0,0,0
0.358396,0,0,0,0
0.359714,0,0,0,0
0.361110,0,0,0,0
0.362534,0,0,0,0
0.363957,0,0,0,0
0.365413,0,0,0,0
0.366891,0,0,0,0
0.368314,0,0,0,0
0.369738,0,0,0,0
0.371162,0,0,0,0
0.372586,0,0,0,0
0.374038,0,0,0,0
0.375467,0,0,0,0
0.376891,0,0,0,0
0.378308,0,0,0,0
0.379732,0,0,0,0
0.381154,0,0,0,0
0.382577,0,0,0,0
0.384001,0,0,0,0
0.385424,0,0,0,0
0.387687,0,0,0,0
0.389018,0,0,0,0
0.408084,0,0,0,0
0.409510,0,0,0,0
0.410827,0,0,0,0
0.414504,0,0,0,0
0.421280,0,0,0,0
0.422717,0,0,0,0
0.424141,0,0,0,0
0.425565,0,0,0,0
0.430438,0,0,0,0
0.431752,0,0,0,0
0.442016,0,0,0,0
0.443441,0,0,0,0
0.444865,0,0,0,0
0.446217,0,0,0,0
0.447659,0,0,0,0
0.449113,0,0,0,0
0.450436,0,0,0,0
0.451860,0,0,0,0
0.453536,0,0,0,0
0.454872,0,0,0,0
0.456296,0,0,0,0
0.457719,0,0,0,0
0.459075,0,0,0,0
0.460532,0,0,0,0
0.461973,0,0,0,0
0.463322,0,0,0,0
0.464675,0,0,0,0
0.466100,0,0,0,0
0.467524,0,0,0,0
0.468949,0,0,0,0
0.470373,0,0,0,0
0.471803,0,0,0,0
0.473226,0,0,0,0
0.474650,0,0,0,0
0.476074,0,0,0,0
0.477412,0,0,0,0
0.478743,0,0,0,0
0.480056,0,0,0,0
0.481480,0,0,0,0
0.482910,0,0,0,0
0.484357,0,0,0,0
0.485781,0,0,0,0
0.487205,0,0,0,0
0.488663,0,0,0,0
0.490087,0,0,0,0
0.491511,0,0,0,0
0.492957,0,0,0,0
0.494381,0,0,0,0
0.495805,0,0,0,0
0.497229,0,0,0,0
0.498653,0,0,0,0
0.500077,0,0,0,0
0.501407,0,0,0,0
0.502830,0,0,0,0
0.504259,0,0,0,0
0.505683,0,0,0,0
0.507107,0,0,0,0
0.508437,0,0,0,0
0.509861,0,0,0,0
0.511285,0,0,0,0
0.512812,0,0,0,0
0.514210,0,0,0,0
0.515640,0,0,0,0
0.517081,0,0,0,0
0.530417,0,0,0,0
0.531843,0,0,0,0
0.533267,0,0,0,0
0.534635,0,0,0,0
0.536062,0,0,0,0
0.537486,0,0,0,0
0.538910,0,0,0,0
0.540351,0,0,0,0
0.541781,0,0,0,0
0.543204,0,0,0,0
0.544628,0,0,0,0
0.546052,0,0,0,0
0.547476,0,0,0,0
0.548900,0,0,0,0
0.550237,0,0,0,0
0.551661,0,0,0,0
0.553096,0,0,0,0
0.554521,0,0,0,0
0.555834,0,0,0,0
0.557270,0,0,0,0
0.558609,0,0,0,0
0.560033,0,0,0,0
0.561457,0,0,0,0
0.574285,0,0,0,0
0.575767,0,0,0,0
0.577192,0,0,0,0
0.578617,0,0,0,0
0.580042,0,0,0,0
0.581374,0,0,0,0
0.582798,0,0,0,0
0.584112,0,0,0,0
0.585535,0,0,0,0
0.586966,0,0,0,0
0.588308,0,0,0,0
0.589802,0,0,0,0
0.591128,0,0,0,0
0.592552,0,0,0,0
0.593974,0,0,0,0
0.595402,0,0,0,0
0.596881,0,0,0,0
0.598380,0,0,0,0
0.599804,0,0,0,0
0.601231,0,0,0,0
0.602558,0,0,0,0
0.603981,0,0,0,0
0.605294,0,0,0,0
0.606719,0,0,0,0
0.608144,0,0,0,0
0.617107,0,0,0,0
0.618543,0,0,0,0
0.619974,0,0,0,0
0.621399,0,0,0,0
0.622824,0,0,0,0
0.624248,0,0,0,0
0.629146,0,0,0,0
0.630576,0,0,0,0
0.632000,0,0,0,0
0.633425,0,0,0,0
0.634849,0,0,0,0
0.636292,0,0,0,0
0.637715,0,0,0,0
0.639139,0,0,0,0
0.640562,0,0,0,0
0.641992,0,0,0,0
0.643415,0,0,0,0
0.644844,0,0,0,0
0.646302,0,0,0,0
0.647736,0,0,0,0
0.649048,0,0,0,0
0.650416,0,0,0,0
0.651839,0,0,0,0
0.653269,0,0,0,0
0.654693,0,0,0,0
0.656116,0,0,0,0
0.657429,0,0,0,0
0.658853,0,0,0,0
0.660167,0,0,0,0
0.661498,0,0,0,0
0.662923,0,0,0,0
0.664352,0,0,0,0
0.665776,0,0,0,0
0.667224,0,0,0,0
0.668685,0,0,0,0
0.670109,0,0,0,0
0.671533,0,0,0,0
0.672958,0,0,0,0
0.674388,0,0,0,0
0.675701,0,0,0,0
0.677014,0,0,0,0
0.678333,0,0,0,0
0.679662,0,0,0,0
0.680975,0,0,0,0
0.682312,0,0,0,0
0.683625,0,0,0,0
0.684961,0,0,0,0
0.686275,0,0,0,0
0.687588,0,0,0,0
0.688901,0,0,0,0
0.690310,0,0,0,0
0.691623,0,0,0,0
0.692953,0,0,0,0
0.694270,0,0,0,0
0.695588,0,0,0,0
0.696902,0,0,0,0
0.698304,0,0,0,0
0.699617,0,0,0,0
0.700947,0,0,0,0
0.702261,0,0,0,0
0.703575,0,0,0,0
0.704888,0,0,0,0
0.706211,0,0,0,0
0.707524,0,0,0,0
0.708876,0,0,0,0
0.710225,0,0,0,0
0.711538,0,0,0,0
0.712854,0,0,0,0
0.714204,0,0,0,0
0.715527,0,0,0,0
0.716867,0,0,0,0
0.718228,0,0,0,0
0.719541,0,0,0,0
0.720852,0,0,0,0
0.722187,0,0,0,0
0.723506,0,0,0,0
0.724819,0,0,0,0
0.726133,0,0,0,0
0.727452,0,0,0,0
0.728765,0,0,0,0
0.730078,0,0,0,0
0.731396,0,0,0,0
0.732709,0,0,0,0
0.734022,0,0,0,0
0.735335,0,0,0,0
0.736648,0,0,0,0
0.737969,0,0,0,0
0.739295,0,0,0,0
0.740668,0,0,0,0
0.741982,0,0,0,0
0.743295,0,0,0,0
0.749135,0,0,0,0
0.750461,0,0,0,0
0.751776,0,0,0,0
0.753099,0,0,0,0
0.754413,0,0,0,0
0.755726,0,0,0,0
0.757066,0,0,0,0
0.758380,0,0,0,0
0.759695,0,0,0,0
0.761013,0,0,0,0
0.762417,0,0,0,0
0.763730,0,0,0,0
0.765043,0,0,0,0
0.766446,0,0,0,0
0.767764,0,0,0,0
0.769076,0,0,0,0
0.773138,0,0,0,0
0.774458,0,0,0,0
0.775771,0,0,0,0
0.777095,0,0,0,0
0.778410,0,0,0,0
0.779723,0,0,0,0
0.781035,0,0,0,0
0.782447,0,0,0,0
0.783776,0,0,0,0
0.785107,0,0,0,0
0.786422,0,0,0,0
0.787737,0,0,0,0
0.789070,0,0,0,0
0.790384,0,0,0,0
0.791698,0,0,0,0
0.793010,0,0,0,0
0.794312,0,0,0,0
0.795631,0,0,0,0
0.796961,0,0,0,0
0.798280,0,0,0,0
0.799593,0,0,0,0
0.800906,0,0,0,0
0.802313,0,0,0,0
0.803626,0,0,0,0
0.804939,0,0,0,0
0.806322,0,0,0,0
0.807635,0,0,0,0
0.808948,0,0,0,0
0.810262,0,0,0,0
0.811574,0,0,0,0
0.812889,0,0,0,0
0.814230,0,0,0,0
0.815543,0,0,0,0
0.816865,0,0,0,0
0.818201,0,0,0,0
0.819536,0,0,0,0
0.820878,0,0,0,0
0.822269,0,0,0,0
0.823610,0,0,0,0
0.824954,0,0,0,0
0.826270,0,0,0,0
0.827631,0,0,0,0
0.828946,0,0,0,0
0.830264,0,0,0,0
0.831580,0,0,0,0
0.832897,0,0,0,0
0.834200,0,0,0,0
0.835514,0,0,0,0
0.836848,0,0,0,0
0.838225,0,0,0,0
0.839539,0,0,0,0
0.840852,0,0,0,0
0.842187,0,0,0,0
0.843500,0,0,0,0
0.844813,0,0,0,0
0.846126,0,0,0,0
0.847439,0,0,0,0
0.848757,0,0,0,0
0.850071,0,0,0,0
0.851384,0,0,0,0
0.852714,0,0,0,0
0.854027,0,0,0,0
0.855340,0,0,0,0
0.856653,0,0,0,0
0.857966,0,0,0,0
0.861143,0,0,0,0
0.862456,0,0,0,0
0.863771,0,0,0,0
0.865084,0,0,0,0
0.866420,0,0,0,0
0.867734,0,0,0,0
0.869047,0,0,0,0
0.870445,0,0,0,0
0.871758,0,0,0,0
0.873071,0,0,0,0
0.874384,0,0,0,0
0.875697,0,0,0,0
0.877010,0,0,0,0
0.878312,0,0,0,0
0.879625,0,0,0,0
0.880942,0,0,0,0
0.882305,0,0,0,0
0.883619,0,0,0,0
0.884932,0,0,0,0
0.886323,0,0,0,0
0.887636,0,0,0,0
0.888949,0,0,0,0
0.890266,0,0,0,0
0.891584,0,0,0,0
0.892919,0,0,0,0
0.894226,0,0,0,0
0.895539,0,0,0,0
0.896852,0,0,0,0
0.898184,0,0,0,0
0.899497,0,0,0,0
0.900813,0,0,0,0
0.902205,0,0,0,0
0.903529,0,0,0,0
0.904847,0,0,0,0
0.906192,0,0,0,0
0.907509,0,0,0,0
0.908852,0,0,0,0
0.910225,0,0,0,0
0.911572,0,0,0,0
0.912895,0,0,0,0
0.914207,0,0,0,0
0.915520,0,0,0,0
0.916850,0,0,0,0
0.918217,0,0,0,0
0.919530,0,0,0,0
0.926248,0,0,0,0
0.927565,0,0,0,0
0.928880,0,0,0,0
0.930196,0,0,0,0
0.931509,0,0,0,0
0.932822,0,0,0,0
0.934135,0,0,0,0
0.935448,0,0,0,0
0.936768,0,0,0,0
0.938081,0,0,0,0
0.939394,0,0,0,0
0.940706,0,0,0,0
0.942019,0,0,0,0
0.943332,0,0,0,0
0.944645,0,0,0,0
0.945958,0,0,0,0
0.947277,0,0,0,0
0.948608,0,0,0,0
0.949922,0,0,0,0
0.951236,0,0,0,0
0.952549,0,0,0,0
0.953863,0,0,0,0
0.955175,0,0,0,0
0.956505,0,0,0,0
0.957825,0,0,0,0
0.959138,0,0,0,0
0.960451,0,0,0,0
0.961765,0,0,0,0
0.963079,0,0,0,0
0.964408,0,0,0,0
0.965721,0,0,0,0
0.967034,0,0,0,0
0.968353,0,0,0,0
0.969666,0,0,0,0
0.970980,0,0,0,0
0.972310,0,0,0,0
0.973624,0,0,0,0
0.974937,0,0,0,0
0.976251,0,0,0,0
0.977564,0,0,0,0
0.978883,0,0,0,0
0.980197,0,0,0,0
0.981535,0,0,0,0
0.982873,0,0,0,0
0.984220,0,0,0,0
0.985578,0,0,0,0
0.986892,0,0,0,0
0.988205,0,0,0,0
0.989525,0,0,0,0
0.990839,0,0,0,0
0.992153,0,0,0,0
0.993466,0,0,0,0
0.994780,0,0,0,0
0.996094,0,0,0,0
0.997408,0,0,0,0
0.998721,0,0,0,0
1.000040,0,0,0,0
1.001355,0,0,0,0
1.002668,0,0,0,0
1.003981,0,0,0,0
1.005316,0,0,0,0
1.006628,0,0,0,0
1.007940,0,0,0,0
1.009260,0,0,0,0
1.010580,0,0,0,0
1.011894,0,0,0,0
1.013208,0,0,0,0
1.014522,0,0,0,0
1.015835,0,0,0,0
1.017148,0,0,0,0
1.018462,0,0,0,0
1.019774,0,0,0,0
1.021146,0,0,0,0
1.022462,0,0,0,0
1.023778,0,0,0,0
1.025106,0,0,0,0
1.026422,0,0,0,0
1.027737,0,0,0,0
1.029051,0,0,0,0
1.030427,0,0,0,0
1.031746,0,0,0,0
1.033060,0,0,0,0
1.034374,0,0,0,0
1.035688,0,0,0,0
1.037026,0,0,0,0
1.041112,0,0,0,0
1.042434,0,0,0,0
1.043750,0,0,0,0
1.045150,0,0,0,0
1.046466,0,0,0,0
1.047782,0,0,0,0
1.049113,0,0,0,0
1.050430,0,0,0,0
1.051746,0,0,0,0
1.053082,0,0,0,0
1.054487,0,0,0,0
1.055792,0,0,0,0
1.057127,0,0,0,0
1.058605,0,0,0,0
1.059915,0,0,0,0
1.061231,0,0,0,0
1.062540,0,0,0,0
1.063868,0,0,0,0
1.065185,0,0,0,0
1.066522,0,0,0,0
1.067830,0,0,0,0
1.069247,0,0,0,0
1.070555,0,0,0,0
1.071890,0,0,0,0
1.073199,0,0,0,0
1.074511,0,0,0,0
1.075824,0,0,0,0
1.077260,0,0,0,0
1.078570,0,0,0,0
1.079878,0,0,0,0
1.081188,0,0,0,0
1.082495,0,0,0,0
1.083803,0,0,0,0
1.085136,0,0,0,0
1.086444,0,0,0,0
1.087755,0,0,0,0
1.089062,0,0,0,0
1.090368,0,0,0,0
1.091675,0,0,0,0
1.092984,0,0,0,0
1.094316,0,0,0,0
1.096790,0,0,0,0
1.098374,0,0,0,0
1.099684,0,0,0,0
1.101019,0,0,0,0
1.102421,0,0,0,0
1.103728,0,0,0,0
1.105034,0,0,0,0
1.109780,0,0,0,0
1.118294,0,0,0,0
1.119600,0,0,0,0
1.120906,0,0,0,0
1.122296,0,0,0,0
1.123602,0,0,0,0
1.124925,0,0,0,0
1.126312,0,0,0,0
1.127619,0,0,0,0
1.132909,0,0,0,0
1.141209,0,0,0,0
1.142525,0,0,0,0
1.143859,0,0,0,0
1.145292,0,0,0,0
1.146599,0,0,0,0
1.147906,0,0,0,0
1.149221,0,0,0,0
1.150525,0,0,0,0
1.155871,0,0,0,0
1.157180,0,0,0,0
1.158499,0,0,0,0
1.163097,0,0,0,0
1.164405,0,0,0,0
1.165711,0,0,0,0
1.167018,0,0,0,0
1.169484,0,0,0,0
1.170791,0,0,0,0
1.172097,0,0,0,0
1.173405,0,0,0,0
1.174717,0,0,0,0
1.176036,0,0,0,0
1.177347,0,0,0,0
1.178660,0,0,0,0
1.179969,0,0,0,0
1.209430,0,0,0,0
1.211958,0,0,0,0
1.213349,0,0,0,0
1.214662,0,0,0,0
1.215970,0,0,0,0
1.217278,0,0,0,0
1.218585,0,0,0,0
1.219893,0,0,0,0
1.221207,0,0,0,0
1.222517,0,0,0,0
1.223823,0,0,0,0
1.225099,0,0,0,0
1.226406,0,0,0,0
1.227713,0,0,0,0
1.229038,0,0,0,0
1.230418,0,0,0,0
1.231730,0,0,0,0
1.233036,0,0,0,0
1.234408,0,0,0,0
1.235714,0,0,0,0
1.237037,0,0,0,0
1.238424,0,0,0,0
1.239729,0,0,0,0
1.241034,0,0,0,0
1.242413,0,0,0,0
1.243722,0,0,0,0
1.245028,0,0,0,0
1.246418,0,0,0,0
1.247724,0,0,0,0
1.249050,0,0,0,0
1.250405,0,0,0,0
1.251711,0,0,0,0
1.253039,0,0,0,0
1.254454,0,0,0,0
1.255760,0,0,0,0
1.257066,0,0,0,0
1.258374,0,0,0,0
1.259680,0,0,0,0
1.261009,0,0,0,0
1.262416,0,0,0,0
1.263729,0,0,0,0
1.265033,0,0,0,0
1.266402,0,0,0,0
1.267718,0,0,0,0
1.269023,0,0,0,0
1.270422,0,0,0,0
1.271729,0,0,0,0
1.273035,0,0,0,0
1.274412,0,0,0,0
1.275719,0,0,0,0
1.278783,0,0,0,0
1.280089,0,0,0,0
1.281394,0,0,0,0
1.282698,0,0,0,0
1.284002,0,0,0,0
1.285330,0,0,0,0
1.286634,0,0,0,0
1.287937,0,0,0,0
1.289241,0,0,0,0
1.290545,0,0,0,0
1.291847,0,0,0,0
1.293154,0,0,0,0
1.294460,0,0,0,0
1.295791,0,0,0,0
1.297099,0,0,0,0
1.298404,0,0,0,0
1.299710,0,0,0,0
1.301022,0,0,0,0
1.302416,0,0,0,0
1.303721,0,0,0,0
1.305032,0,0,0,0
1.306413,0,0,0,0
1.307717,0,0,0,0
1.309021,0,0,0,0
1.310414,0,0,0,0
1.311718,0,0,0,0
1.313021,0,0,0,0
1.314402,0,0,0,0
1.315709,0,0,0,0
1.317040,0,0,0,0
1.318421,0,0,0,0
1.319726,0,0,0,0
1.321029,0,0,0,0
1.322406,0,0,0,0
1.323713,0,0,0,0
1.325018,0,0,0,0
1.326424,0,0,0,0
1.327740,0,0,0,0
1.329048,0,0,0,0
1.330407,0,0,0,0
1.331714,0,0,0,0
1.333045,0,0,0,0
1.334419,0,0,0,0
1.335723,0,0,0,0
1.337027,0,0,0,0
1.339744,0,0,0,0
1.341052,0,0,0,0
1.342419,0,0,0,0
1.343726,0,0,0,0
1.345032,0,0,0,0
1.346409,0,0,0,0
1.347717,0,0,0,0
1.349029,0,0,0,0
1.350413,0,0,0,0
1.351736,0,0,0,0
1.353040,0,0,0,0
1.354403,0,0,0,0
1.355706,0,0,0,0
1.357027,0,0,0,0
1.358413,0,0,0,0
1.359723,0,0,0,0
1.361030,0,0,0,0
1.362410,0,0,0,0
1.363714,0,0,0,0
1.365018,0,0,0,0
1.366419,0,0,0,0
1.367723,0,0,0,0
1.369028,0,0,0,0
1.370409,0,0,0,0
1.371716,0,0,0,0
1.373043,0,0,0,0
1.374424,0,0,0,0
1.375732,0,0,0,0
1.377039,0,0,0,0
1.378406,0,0,0,0
1.379718,0,0,0,0
1.381030,0,0,0,0
1.382427,0,0,0,0
1.383736,0,0,0,0
1.385046,0,0,0,0
1.386408,0,0,0,0
1.387724,0,0,0,0
1.389054,0,0,0,0
1.390419,0,0,0,0
1.391731,0,0,0,0
1.393037,0,0,0,0
1.394409,0,0,0,0
1.395716,0,0,0,0
1.397023,0,0,0,0
1.398418,0,0,0,0
1.399723,0,0,0,0
1.401029,0,0,0,0
1.402411,0,0,0,0
1.403719,0,0,0,0
1.405029,0,0,0,0
1.406428,0,0,0,0
1.409335,0,0,0,0
1.410644,0,0,0,0
1.411949,0,0,0,0
1.413269,0,0,0,0
1.414579,0,0,0,0
1.415891,0,0,0,0
1.417205,0,0,0,0
1.418515,0,0,0,0
1.419835,0,0,0,0
1.421118,0,0,0,0
1.422426,0,0,0,0
1.423741,0,0,0,0
1.425047,0,0,0,0
1.426405,0,0,0,0
1.427720,0,0,0,0
1.429027,0,0,0,0
1.430417,0,0,0,0
1.431723,0,0,0,0
1.433030,0,0,0,0
1.434416,0,0,0,0
1.435727,0,0,0,0
1.437032,0,0,0,0
1.438421,0,0,0,0
1.439726,0,0,0,0
1.441031,0,0,0,0
1.442404,0,0,0,0
1.443709,0,0,0,0
1.445038,0,0,0,0
1.446423,0,0,0,0
1.447728,0,0,0,0
1.449033,0,0,0,0
1.450404,0,0,0,0
1.451709,0,0,0,0
1.453023,0,0,0,0
1.454423,0,0,0,0
1.455735,0,0,0,0
1.457042,0,0,0,0
1.458404,0,0,0,0
1.459709,0,0,0,0
1.461037,0,0,0,0
1.462458,0,0,0,0
1.463772,0,0,0,0
1.465098,0,0,0,0
1.466433,0,0,0,0
1.467744,0,0,0,0
1.469075,0,0,0,0
1.470409,0,0,0,0
1.471714,0,0,0,0
1.473018,0,0,0,0
1.474404,0,0,0,0
1.475708,0,0,0,0
1.477019,0,0,0,0
1.478425,0,0,0,0
1.479732,0,0,0,0
1.481038,0,0,0,0
1.482406,0,0,0,0
1.483719,0,0,0,0
1.486748,0,0,0,0
1.488062,0,0,0,0
1.489369,0,0,0,0
1.490676,0,0,0,0
1.491981,0,0,0,0
1.493288,0,0,0,0
1.494596,0,0,0,0
1.495903,0,0,0,0
1.497212,0,0,0,0
1.498526,0,0,0,0
1.499835,0,0,0,0
1.501115,0,0,0,0
1.502422,0,0,0,0
1.503728,0,0,0,0
1.505033,0,0,0,0
1.506416,0,0,0,0
1.507721,0,0,0,0
1.509032,0,0,0,0
1.510907,0,0,0,0
1.512221,0,0,0,0
1.513526,0,0,0,0
1.514832,0,0,0,0
1.516137,0,0,0,0
1.517462,0,0,0,0
1.518770,0,0,0,0
1.520082,0,0,0,0
1.521392,0,0,0,0
1.522767,0,0,0,0
1.524076,0,0,0,0
1.525402,0,0,0,0
1.526710,0,0,0,0
1.528018,0,0,0,0
1.533277,0,0,0,0
1.534592,0,0,0,0
1.535901,0,0,0,0
1.537211,0,0,0,0
1.538519,0,0,0,0
1.539856,0,0,0,0
1.541185,0,0,0,0
1.542495,0,0,0,0
1.543803,0,0,0,0
1.545101,0,0,0,0
1.546409,0,0,0,0
1.547717,0,0,0,0
1.549151,0,0,0,0
1.550463,0,0,0,0
1.551771,0,0,0,0
1.553078,0,0,0,0
1.554388,0,0,0,0
1.555713,0,0,0,0
1.557024,0,0,0,0
1.558429,0,0,0,0
1.559740,0,0,0,0
1.561050,0,0,0,0
1.562412,0,0,0,0
1.563721,0,0,0,0
1.565052,0,0,0,0
1.566427,0,0,0,0
1.567736,0,0,0,0
1.569043,0,0,0,0
1.570407,0,0,0,0
1.571716,0,0,0,0
1.573024,0,0,0,0
1.574433,0,0,0,0
1.575742,0,0,0,0
1.577056,0,0,0,0
1.578408,0,0,0,0
1.579729,0,0,0,0
1.581055,0,0,0,0
1.582424,0,0,0,0
1.583732,0,0,0,0
1.585040,0,0,0,0
1.586406,0,0,0,0
1.587721,0,0,0,0
1.589029,0,0,0,0
1.590425,0,0,0,0
1.591733,0,0,0,0
1.593040,0,0,0,0
1.594408,0,0,0,0
1.595716,0,0,0,0
1.597024,0,0,0,0
1.598449,0,0,0,0
1.599757,0,0,0,0
1.601064,0,0,0,0
1.602374,0,0,0,0
1.603682,0,0,0,0
1.604990,0,0,0,0
1.606310,0,0,0,0
1.607618,0,0,0,0
1.608933,0,0,0,0
1.610305,0,0,0,0
1.613150,0,0,0,0
1.614461,0,0,0,0
1.615830,0,0,0,0
1.617100,0,0,0,0
1.618408,0,0,0,0
1.619722,0,0,0,0
1.621048,0,0,0,0
1.622427,0,0,0,0
1.623733,0,0,0,0
1.625042,0,0,0,0
1.626411,0,0,0,0
1.627720,0,0,0,0
1.629045,0,0,0,0
1.633138,0,0,0,0
1.634447,0,0,0,0
1.635753,0,0,0,0
1.637074,0,0,0,0
1.638385,0,0,0,0
1.639691,0,0,0,0
1.641005,0,0,0,0
1.642445,0,0,0,0
1.643785,0,0,0,0
1.645135,0,0,0,0
1.646494,0,0,0,0
1.647833,0,0,0,0
1.649174,0,0,0,0
1.650514,0,0,0,0
1.651859,0,0,0,0
1.653201,0,0,0,0
1.661154,0,0,0,0
1.662506,0,0,0,0
1.663845,0,0,0,0
1.665190,0,0,0,0
1.666530,0,0,0,0
1.667874,0,0,0,0
1.669214,0,0,0,0
1.670554,0,0,0,0
1.671895,0,0,0,0
1.673245,0,0,0,0
1.674630,0,0,0,0
1.676094,0,0,0,0
1.677511,0,0,0,0
1.678821,0,0,0,0
1.680132,0,0,0,0
1.681443,0,0,0,0
1.682777,0,0,0,0
1.684093,0,0,0,0
1.685427,0,0,0,0
1.686765,0,0,0,0
1.688105,0,0,0,0
1.689444,0,0,0,0
1.690783,0,0,0,0
1.692122,0,0,0,0
1.693485,0,0,0,0
1.697700,0,0,0,0
1.699045,0,0,0,0
1.700408,0,0,0,0
1.701722,0,0,0,0
1.703028,0,0,0,0
1.704336,0,0,0,0
1.705650,0,0,0,0
1.706958,0,0,0,0
1.708283,0,0,0,0
1.710778,0,0,0,0
1.712086,0,0,0,0
1.713393,0,0,0,0
1.714701,0,0,0,0
1.716011,0,0,0,0
1.717380,0,0,0,0
1.718687,0,0,0,0
1.719995,0,0,0,0
1.721307,0,0,0,0
1.722620,0,0,0,0
1.723929,0,0,0,0
1.725237,0,0,0,0
1.726550,0,0,0,0
1.727859,0,0,0,0
1.729170,0,0,0,0
1.730479,0,0,0,0
1.731788,0,0,0,0
1.733115,0,0,0,0
1.734423,0,0,0,0
1.735730,0,0,0,0
1.737050,0,0,0,0
1.738406,0,0,0,0
1.739714,0,0,0,0
1.746220,0,0,0,0
1.747680,0,0,0,0
1.749150,0,0,0,0
1.750460,0,0,0,0
1.751769,0,0,0,0
1.753077,0,0,0,0
1.754386,0,0,0,0
1.755695,0,0,0,0
1.757024,0,0,0,0
1.758361,0,0,0,0
1.759668,0,0,0,0
1.760976,0,0,0,0
1.762306,0,0,0,0
1.763613,0,0,0,0
1.764938,0,0,0,0
1.766314,0,0,0,0
1.767621,0,0,0,0
1.768933,0,0,0,0
1.770298,0,0,0,0
1.771629,0,0,0,0
1.772943,0,0,0,0
1.774350,0,0,0,0
1.775691,0,0,0,0
1.777033,0,0,0,0
1.778446,0,0,0,0
1.779793,0,0,0,0
1.781122,0,0,0,0
1.782466,0,0,0,0
1.783805,0,0,0,0
1.785106,0,0,0,0
1.786466,0,0,0,0
1.787804,0,0,0,0
1.789125,0,0,0,0
1.790474,0,0,0,0
1.791818,0,0,0,0
1.793180,0,0,0,0
1.794529,0,0,0,0
1.795868,0,0,0,0
1.797210,0,0,0,0
1.798633,0,0,0,0
1.799941,0,0,0,0
1.801257,0,0,0,0
1.802567,0,0,0,0
1.803877,0,0,0,0
1.805186,0,0,0,0
1.806524,0,0,0,0
1.807868,0,0,0,0
1.809208,0,0,0,0
1.810547,0,0,0,0
1.811891,0,0,0,0
1.813228,0,0,0,0
1.814567,0,0,0,0
1.815906,0,0,0,0
1.818980,0,0,0,0
1.820344,0,0,0,0
1.821683,0,0,0,0
1.823143,0,0,0,0
1.825892,0,0,0,0
1.827234,0,0,0,0
1.828685,0,0,0,0
1.830008,0,0,0,0
1.831319,0,0,0,0
1.832654,0,0,0,0
1.833968,0,0,0,0
1.835277,0,0,0,0
1.836585,0,0,0,0
1.837895,0,0,0,0
1.839228,0,0,0,0
1.840541,0,0,0,0
1.841922,0,0,0,0
1.843230,0,0,0,0
1.845197,0,0,0,0
1.846504,0,0,0,0
1.847809,0,0,0,0
1.849100,0,0,0,0
1.850407,0,0,0,0
1.851712,0,0,0,0
1.853037,0,0,0,0
1.854415,0,0,0,0
1.857013,0,0,0,0
1.858406,0,0,0,0
1.859715,0,0,0,0
1.861022,0,0,0,0
1.862419,0,0,0,0
1.863727,0,0,0,0
1.865033,0,0,0,0
1.866412,0,0,0,0
1.867720,0,0,0,0
1.869139,0,0,0,0
1.870453,0,0,0,0
1.871773,0,0,0,0
1.873100,0,0,0,0
1.874411,0,0,0,0
1.875721,0,0,0,0
1.877035,0,0,0,0
1.878425,0,0,0,0
1.879732,0,0,0,0
1.881040,0,0,0,0
1.882409,0,0,0,0
1.883723,0,0,0,0
1.885048,0,0,0,0
1.886452,0,0,0,0
1.887798,0,0,0,0
1.889162,0,0,0,0
1.890504,0,0,0,0
1.891859,0,0,0,0
1.893214,0,0,0,0
1.894559,0,0,0,0
1.895899,0,0,0,0
1.897239,0,0,0,0
1.898587,0,0,0,0
1.899927,0,0,0,0
1.905252,0,0,0,0
1.906593,0,0,0,0
1.907935,0,0,0,0
1.909308,0,0,0,0
1.910651,0,0,0,0
1.911991,0,0,0,0
1.913336,0,0,0,0
1.914821,0,0,0,0
1.916179,0,0,0,0
1.917544,0,0,0,0
1.918885,0,0,0,0
1.920232,0,0,0,0
1.921575,0,0,0,0
1.922913,0,0,0,0
1.924277,0,0,0,0
1.925617,0,0,0,0
1.926958,0,0,0,0
1.928298,0,0,0,0
1.929675,0,0,0,0
1.931052,0,0,0,0
1.932414,0,0,0,0
1.933755,0,0,0,0
1.935098,0,0,0,0
1.936438,0,0,0,0
1.937781,0,0,0,0
1.939126,0,0,0,0
1.940492,0,0,0,0
1.941841,0,0,0,0
1.943181,0,0,0,0
1.944521,0,0,0,0
1.945860,0,0,0,0
1.947201,0,0,0,0
1.948560,0,0,0,0
1.949901,0,0,0,0
1.951245,0,0,0,0
1.952590,0,0,0,0
1.953929,0,0,0,0
1.955237,0,0,0,0
1.956561,0,0,0,0
1.957869,0,0,0,0
1.959177,0,0,0,0
1.960507,0,0,0,0
1.961892,0,0,0,0
1.963205,0,0,0,0
1.964529,0,0,0,0
1.965837,0,0,0,0
1.967145,0,0,0,0
1.968453,0,0,0,0
1.969762,0,0,0,0
1.971070,0,0,0,0
1.972394,0,0,0,0
1.973707,0,0,0,0
1.975013,0,0,0,0
1.976320,0,0,0,0
1.977628,0,0,0,0
1.978936,0,0,0,0
1.980259,0,0,0,0
1.981569,0,0,0,0
1.982880,0,0,0,0
1.984193,0,0,0,0
1.985502,0,0,0,0
1.986810,0,0,0,0
1.988117,0,0,0,0
1.989443,0,0,0,0
1.990825,0,0,0,0
1.992132,0,0,0,0
1.993450,0,0,0,0
1.994792,0,0,0,0
1.996143,0,0,0,0
1.997511,0,0,0,0
2.000738,0,0,0,0
2.002087,0,0,0,0
2.003427,0,0,0,0
2.004766,0,0,0,0
2.006112,0,0,0,0
2.007451,0,0,0,0
2.008791,0,0,0,0
2.010134,0,0,0,0
2.011482,0,0,0,0
2.012842,0,0,0,0
2.016466,0,0,0,0
2.017813,0,0,0,0
2.019264,0,0,0,0
2.020629,0,0,0,0
2.023578,0,0,0,0
2.024915,0,0,0,0
2.026333,0,0,0,0
2.027676,0,0,0,0
2.029075,0,0,0,0
2.030419,0,0,0,0
2.031757,0,0,0,0
2.033112,0,0,0,0
2.034457,0,0,0,0
2.035797,0,0,0,0
2.037123,0,0,0,0
2.038480,0,0,0,0
2.039939,0,0,0,0
2.041279,0,0,0,0
2.042672,0,0,0,0
2.044016,0,0,0,0
2.045367,0,0,0,0
2.046706,0,0,0,0
2.048046,0,0,0,0
2.049388,0,0,0,0
2.050734,0,0,0,0
2.052085,0,0,0,0
2.053465,0,0,0,0
2.054804,0,0,0,0
2.059022,0,0,0,0
2.060393,0,0,0,0
2.061750,0,0,0,0
2.063091,0,0,0,0
2.064434,0,0,0,0
2.065784,0,0,0,0
2.067126,0,0,0,0
2.068466,0,0,0,0
2.069808,0,0,0,0
2.071201,0,0,0,0
2.072550,0,0,0,0
2.074011,0,0,0,0
2.075349,0,0,0,0
2.076726,0,0,0,0
2.078085,0,0,0,0
2.079426,0,0,0,0
2.080766,0,0,0,0
2.082222,0,0,0,0
2.083622,0,0,0,0
2.084966,0,0,0,0
2.088674,0,0,0,0
2.090018,0,0,0,0
2.092018,0,0,0,0
2.093394,0,0,0,0
2.094740,0,0,0,0
2.096079,0,0,0,0
2.097418,0,0,0,0
2.098757,0,0,0,0
2.100094,0,0,0,0
2.101437,0,0,0,0
2.102775,0,0,0,0
2.104115,0,0,0,0
2.105792,0,0,0,0
2.107131,0,0,0,0
2.108493,0,0,0,0
2.109834,0,0,0,0
2.113102,0,0,0,0
2.114452,0,0,0,0
2.115842,0,0,0,0
2.117183,0,0,0,0
2.118524,0,0,0,0
2.119862,0,0,0,0
2.121200,0,0,0,0
2.122547,0,0,0,0
2.123885,0,0,0,0
2.125225,0,0,0,0
2.126581,0,0,0,0
2.127929,0,0,0,0
2.129271,0,0,0,0
2.130608,0,0,0,0
2.131948,0,0,0,0
2.133290,0,0,0,0
2.134631,0,0,0,0
2.135972,0,0,0,0
2.137323,0,0,0,0
2.138665,0,0,0,0
2.140006,0,0,0,0
2.145195,0,0,0,0
2.146651,0,0,0,0
2.147999,0,0,0,0
2.149366,0,0,0,0
2.150706,0,0,0,0
2.152081,0,0,0,0
2.153429,0,0,0,0
2.154769,0,0,0,0
2.156108,0,0,0,0
2.157473,0,0,0,0
2.158822,0,0,0,0
2.160161,0,0,0,0
2.161502,0,0,0,0
2.162842,0,0,0,0
2.164188,0,0,0,0
2.165528,0,0,0,0
2.166867,0,0,0,0
2.168208,0,0,0,0
2.169558,0,0,0,0
2.170898,0,0,0,0
2.172261,0,0,0,0
2.173601,0,0,0,0
2.174944,0,0,0,0
2.176282,0,0,0,0
2.177622,0,0,0,0
2.178961,0,0,0,0
2.180332,0,0,0,0
2.181675,0,0,0,0
2.183021,0,0,0,0
2.184358,0,0,0,0
2.185697,0,0,0,0
2.187037,0,0,0,0
2.188400,0,0,0,0
2.189742,0,0,0,0
2.191092,0,0,0,0
2.192433,0,0,0,0
2.193773,0,0,0,0
2.195110,0,0,0,0
2.196453,0,0,0,0
2.197791,0,0,0,0
2.199132,0,0,0,0
2.200471,0,0,0,0
2.201820,0,0,0,0
2.203160,0,0,0,0
2.204525,0,0,0,0
2.205865,0,0,0,0
2.207205,0,0,0,0
2.208546,0,0,0,0
2.209887,0,0,0,0
2.211227,0,0,0,0
2.212598,0,0,0,0
2.213939,0,0,0,0
2.215279,0,0,0,0
2.216619,0,0,0,0
2.217960,0,0,0,0
2.219301,0,0,0,0
2.220807,0,0,0,0
2.222205,0,0,0,0
2.223555,0,0,0,0
2.224895,0,0,0,0
2.226331,0,0,0,0
2.227669,0,0,0,0
2.229031,0,0,0,0
2.230483,0,0,0,0
2.231822,0,0,0,0
2.233162,0,0,0,0
2.236743,0,0,0,0
2.238342,0,0,0,0
2.239817,0,0,0,0
2.241268,0,0,0,0
2.242719,0,0,0,0
2.244169,0,0,0,0
2.245539,0,0,0,0
2.247012,0,0,0,0
2.248464,0,0,0,0
2.249918,0,0,0,0
2.251418,0,0,0,0
2.252909,0,0,0,0
2.254317,0,0,0,0
2.255749,0,0,0,0
2.257307,0,0,0,0
2.258618,0,0,0,0
2.259927,0,0,0,0
2.261294,0,0,0,0
2.262713,0,0,0,0
2.264131,0,0,0,0
2.265549,0,0,0,0
2.266975,0,0,0,0
2.268411,0,0,0,0
2.269829,0,0,0,0
2.271247,0,0,0,0
2.272665,0,0,0,0
2.273973,0,0,0,0
2.275392,0,0,0,0
2.276826,0,0,0,0
2.278252,0,0,0,0
2.279670,0,0,0,0
2.281109,0,0,0,0
2.282527,0,0,0,0
2.283942,0,0,0,0
2.285252,0,0,0,0
2.286669,0,0,0,0
2.288087,0,0,0,0
2.289509,0,0,0,0
2.290926,0,0,0,0
2.292362,0,0,0,0
2.293671,0,0,0,0
2.294986,0,0,0,0
2.296294,0,0,0,0
2.297711,0,0,0,0
2.299128,0,0,0,0
2.300581,0,0,0,0
2.301999,0,0,0,0
2.303306,0,0,0,0
2.304614,0,0,0,0
2.306032,0,0,0,0
2.307449,0,0,0,0
2.308866,0,0,0,0
2.310227,0,0,0,0
2.311648,0,0,0,0
2.313065,0,0,0,0
2.314483,0,0,0,0
2.316484,0,0,0,0
2.317793,0,0,0,0
2.319211,0,0,0,0
2.320628,0,0,0,0
2.321941,0,0,0,0
2.323359,0,0,0,0
2.324668,0,0,0,0
2.326008,0,0,0,0
2.327320,0,0,0,0
2.328630,0,0,0,0
2.330051,0,0,0,0
2.331360,0,0,0,0
2.332694,0,0,0,0
2.334115,0,0,0,0
2.335549,0,0,0,0
2.336965,0,0,0,0
2.338275,0,0,0,0
2.339692,0,0,0,0
2.341111,0,0,0,0
2.342530,0,0,0,0
2.343951,0,0,0,0
2.345371,0,0,0,0
2.346679,0,0,0,0
2.348096,0,0,0,0
2.349517,0,0,0,0
2.350882,0,0,0,0
2.352192,0,0,0,0
2.353501,0,0,0,0
2.354816,0,0,0,0
2.356125,0,0,0,0
2.357455,0,0,0,0
2.358873,0,0,0,0
2.360290,0,0,0,0
2.361789,0,0,0,0
2.363205,0,0,0,0
2.364533,0,0,0,0
2.365848,0,0,0,0
2.367265,0,0,0,0
2.368684,0,0,0,0
2.370100,0,0,0,0
2.371518,0,0,0,0
2.372936,0,0,0,0
2.374315,0,0,0,0
2.375625,0,0,0,0
2.376940,0,0,0,0
2.378302,0,0,0,0
2.379721,0,0,0,0
2.381137,0,0,0,0
2.382557,0,0,0,0
2.383977,0,0,0,0
2.385397,0,0,0,0
2.386814,0,0,0,0
2.388255,0,0,0,0
2.389674,0,0,0,0
2.391092,0,0,0,0
2.392509,0,0,0,0
2.393926,0,0,0,0
2.395342,0,0,0,0
2.396775,0,0,0,0
2.398222,0,0,0,0
2.399644,0,0,0,0
2.400961,0,0,0,0
2.402271,0,0,0,0
2.403687,0,0,0,0
2.405012,0,0,0,0
2.406359,0,0,0,0
2.407715,0,0,0,0
2.409058,0,0,0,0
2.410373,0,0,0,0
2.411683,0,0,0,0
2.413007,0,0,0,0
2.414350,0,0,0,0
2.415800,0,0,0,0
2.417325,0,0,0,0
2.419619,0,0,0,0
2.420967,0,0,0,0
2.422311,0,0,0,0
2.423654,0,0,0,0
2.424994,0,0,0,0
2.429159,0,0,0,0
2.430501,0,0,0,0
2.431957,0,0,0,0
2.433300,0,0,0,0
2.434752,0,0,0,0
2.436202,0,0,0,0
2.437567,0,0,0,0
2.439020,0,0,0,0
2.440472,0,0,0,0
2.441925,0,0,0,0
2.443384,0,0,0,0
2.444749,0,0,0,0
2.446277,0,0,0,0
2.447730,0,0,0,0
2.449183,0,0,0,0
2.450523,0,0,0,0
2.451973,0,0,0,0
2.453471,0,0,0,0
2.454924,0,0,0,0
2.456380,0,0,0,0
2.457835,0,0,0,0
2.459287,0,0,0,0
2.460741,0,0,0,0
2.462307,0,0,0,0
2.463825,0,0,0,0
2.465277,0,0,0,0
2.466735,0,0,0,0
2.468191,0,0,0,0
2.469734,0,0,0,0
2.471151,0,0,0,0
2.472568,0,0,0,0
2.473991,0,0,0,0
2.475408,0,0,0,0
2.476826,0,0,0,0
2.478226,0,0,0,0
2.479678,0,0,0,0
2.481106,0,0,0,0
2.482558,0,0,0,0
2.484015,0,0,0,0
2.485381,0,0,0,0
2.486833,0,0,0,0
2.488284,0,0,0,0
2.489736,0,0,0,0
2.491187,0,0,0,0
2.492660,0,0,0,0
2.497136,0,0,0,0
2.498590,0,0,0,0
2.500041,0,0,0,0
2.501406,0,0,0,0
2.502857,0,0,0,0
2.504206,0,0,0,0
2.505659,0,0,0,0
2.507112,0,0,0,0
2.508586,0,0,0,0
2.510038,0,0,0,0
2.511491,0,0,0,0
2.512940,0,0,0,0
2.514341,0,0,0,0
2.515792,0,0,0,0
2.517262,0,0,0,0
2.518716,0,0,0,0
2.520172,0,0,0,0
2.521628,0,0,0,0
2.523123,0,0,0,0
2.524581,0,0,0,0
2.526049,0,0,0,0
2.527500,0,0,0,0
2.528952,0,0,0,0
2.530410,0,0,0,0
2.531861,0,0,0,0
2.533312,0,0,0,0
2.534773,0,0,0,0
2.536228,0,0,0,0
2.537719,0,0,0,0
2.539203,0,0,0,0
2.540660,0,0,0,0
2.542113,0,0,0,0
2.543527,0,0,0,0
2.544946,0,0,0,0
2.546296,0,0,0,0
2.547710,0,0,0,0
2.549134,0,0,0,0
2.550584,0,0,0,0
2.552037,0,0,0,0
2.553494,0,0,0,0
2.554954,0,0,0,0
2.556432,0,0,0,0
2.557901,0,0,0,0
2.559354,0,0,0,0
2.560808,0,0,0,0
2.562242,0,0,0,0
2.563694,0,0,0,0
2.565210,0,0,0,0
2.566664,0,0,0,0
2.568113,0,0,0,0
2.569567,0,0,0,0
2.571021,0,0,0,0
2.572498,0,0,0,0
2.573953,0,0,0,0
2.575412,0,0,0,0
2.579411,0,0,0,0
2.580866,0,0,0,0
2.582328,0,0,0,0
2.583802,0,0,0,0
2.585257,0,0,0,0
2.586719,0,0,0,0
2.588061,0,0,0,0
2.589437,0,0,0,0
2.590840,0,0,0,0
2.592182,0,0,0,0
2.593521,0,0,0,0
2.594861,0,0,0,0
2.596331,0,0,0,0
2.597659,0,0,0,0
2.598967,0,0,0,0
2.600293,0,0,0,0
2.601601,0,0,0,0
2.602907,0,0,0,0
2.604228,0,0,0,0
2.605537,0,0,0,0
2.606875,0,0,0,0
2.608226,0,0,0,0
2.609678,0,0,0,0
2.611131,0,0,0,0
2.612607,0,0,0,0
2.614037,0,0,0,0
2.615495,0,0,0,0
2.616947,0,0,0,0
2.618285,0,0,0,0
2.619712,0,0,0,0
2.621118,0,0,0,0
2.622533,0,0,0,0
2.623977,0,0,0,0
2.625395,0,0,0,0
2.626813,0,0,0,0
2.628271,0,0,0,0
2.629698,0,0,0,0
2.631119,0,0,0,0
2.632536,0,0,0,0
2.634264,0,0,0,0
2.635709,0,0,0,0
2.637113,0,0,0,0
2.638529,0,0,0,0
2.639951,0,0,0,0
2.641367,0,0,0,0
2.642784,0,0,0,0
2.644199,0,0,0,0
2.645523,0,0,0,0
2.646940,0,0,0,0
2.648359,0,0,0,0
2.649777,0,0,0,0
2.651199,0,0,0,0
2.652634,0,0,0,0
2.654051,0,0,0,0
2.655468,0,0,0,0
2.656886,0,0,0,0
2.658298,0,0,0,0
2.659715,0,0,0,0
2.661218,0,0,0,0
2.663271,0,0,0,0
2.664690,0,0,0,0
2.666127,0,0,0,0
2.667580,0,0,0,0
2.669037,0,0,0,0
2.670473,0,0,0,0
2.671927,0,0,0,0
2.673387,0,0,0,0
2.674839,0,0,0,0
2.676314,0,0,0,0
2.677766,0,0,0,0
2.679216,0,0,0,0
2.680668,0,0,0,0
2.685148,0,0,0,0
2.686607,0,0,0,0
2.688054,0,0,0,0
2.689508,0,0,0,0
2.690965,0,0,0,0
2.692437,0,0,0,0
2.693886,0,0,0,0
2.695339,0,0,0,0
2.696795,0,0,0,0
2.698220,0,0,0,0
2.699673,0,0,0,0
2.701126,0,0,0,0
2.702484,0,0,0,0
2.703938,0,0,0,0
2.705394,0,0,0,0
2.706852,0,0,0,0
2.708306,0,0,0,0
2.709759,0,0,0,0
2.711177,0,0,0,0
2.712594,0,0,0,0
2.714012,0,0,0,0
2.715430,0,0,0,0
2.716869,0,0,0,0
2.718232,0,0,0,0
2.719684,0,0,0,0
2.721106,0,0,0,0
2.722561,0,0,0,0
2.724010,0,0,0,0
2.725374,0,0,0,0
2.726824,0,0,0,0
2.728282,0,0,0,0
2.729735,0,0,0,0
2.731194,0,0,0,0
2.732669,0,0,0,0
2.734121,0,0,0,0
2.735573,0,0,0,0
2.737025,0,0,0,0
2.739527,0,0,0,0
2.741001,0,0,0,0
2.742378,0,0,0,0
2.743830,0,0,0,0
2.745280,0,0,0,0
2.746699,0,0,0,0
2.748115,0,0,0,0
2.749445,0,0,0,0
2.750864,0,0,0,0
2.752282,0,0,0,0
2.753700,0,0,0,0
2.755117,0,0,0,0
2.756550,0,0,0,0
2.757968,0,0,0,0
2.759387,0,0,0,0
2.760807,0,0,0,0
2.762116,0,0,0,0
2.763534,0,0,0,0
2.764952,0,0,0,0
2.769358,0,0,0,0
2.770777,0,0,0,0
2.772231,0,0,0,0
2.773562,0,0,0,0
2.774980,0,0,0,0
2.776398,0,0,0,0
2.777817,0,0,0,0
2.779234,0,0,0,0
2.780651,0,0,0,0
2.782072,0,0,0,0
2.783495,0,0,0,0
2.784912,0,0,0,0
2.786353,0,0,0,0
2.787807,0,0,0,0
2.789261,0,0,0,0
2.790715,0,0,0,0
2.792169,0,0,0,0
2.793630,0,0,0,0
2.795084,0,0,0,0
2.796565,0,0,0,0
2.798019,0,0,0,0
2.799472,0,0,0,0
2.800925,0,0,0,0
2.803093,0,0,0,0
2.804572,0,0,0,0
2.805947,0,0,0,0
2.807399,0,0,0,0
2.808852,0,0,0,0
2.810306,0,0,0,0
2.811758,0,0,0,0
2.813211,0,0,0,0
2.814627,0,0,0,0
2.816081,0,0,0,0
2.817535,0,0,0,0
2.818991,0,0,0,0
2.820483,0,0,0,0
2.821935,0,0,0,0
2.823387,0,0,0,0
2.824844,0,0,0,0
2.826313,0,0,0,0
2.827767,0,0,0,0
2.829218,0,0,0,0
2.830672,0,0,0,0
2.832124,0,0,0,0
2.833578,0,0,0,0
2.835037,0,0,0,0
2.836517,0,0,0,0
2.837970,0,0,0,0
2.839421,0,0,0,0
2.840873,0,0,0,0
2.842241,0,0,0,0
2.843691,0,0,0,0
2.845154,0,0,0,0
2.846609,0,0,0,0
2.848061,0,0,0,0
2.849513,0,0,0,0
2.850967,0,0,0,0
2.852443,0,0,0,0
2.853897,0,0,0,0
2.855352,0,0,0,0
2.856806,0,0,0,0
2.858274,0,0,0,0
2.859766,0,0,0,0
2.861220,0,0,0,0
2.862673,0,0,0,0
2.864125,0,0,0,0
2.865584,0,0,0,0
2.867035,0,0,0,0
2.868510,0,0,0,0
2.869963,0,0,0,0
2.871461,0,0,0,0
2.872913,0,0,0,0
2.874335,0,0,0,0
2.875795,0,0,0,0
2.877248,0,0,0,0
2.878701,0,0,0,0
2.880155,0,0,0,0
2.881611,0,0,0,0
2.883064,0,0,0,0
2.884545,0,0,0,0
2.886001,0,0,0,0
2.887449,0,0,0,0
2.888901,0,0,0,0
2.890332,0,0,0,0
2.891785,0,0,0,0
2.893238,0,0,0,0
2.894692,0,0,0,0
2.896151,0,0,0,0
2.897605,0,0,0,0
2.899061,0,0,0,0
2.900540,0,0,0,0
2.901994,0,0,0,0
2.903447,0,0,0,0
2.904899,0,0,0,0
2.906351,0,0,0,0
2.907803,0,0,0,0
2.909257,0,0,0,0
2.910708,0,0,0,0
2.912160,0,0,0,0
2.913612,0,0,0,0
2.915119,0,0,0,0
2.916602,0,0,0,0
2.918106,0,0,0,0
2.919481,0,0,0,0
2.920933,0,0,0,0
2.922334,0,0,0,0
2.923782,0,0,0,0
2.925250,0,0,0,0
2.926715,0,0,0,0
2.928170,0,0,0,0
2.929623,0,0,0,0
2.931076,0,0,0,0
2.932553,0,0,0,0
2.934006,0,0,0,0
2.935457,0,0,0,0
2.936914,0,0,0,0
2.938333,0,0,0,0
2.939792,0,0,0,0
2.941244,0,0,0,0
2.942695,0,0,0,0
2.944148,0,0,0,0
2.945601,0,0,0,0
2.947060,0,0,0,0
2.948535,0,0,0,0
2.949986,0,0,0,0
2.951441,0,0,0,0
2.952893,0,0,0,0
2.954412,0,0,0,0
2.955864,0,0,0,0
2.957352,0,0,0,0
2.958808,0,0,0,0
2.960260,0,0,0,0
2.961736,0,0,0,0
2.966278,0,0,0,0
2.967737,0,0,0,0
2.969170,0,0,0,0
2.970623,0,0,0,0
2.972077,0,0,0,0
2.973443,0,0,0,0
2.974964,0,0,0,0
2.976416,0,0,0,0
2.977873,0,0,0,0
2.979326,0,0,0,0
2.980801,0,0,0,0
2.982286,0,0,0,0
2.983740,0,0,0,0
2.985193,0,0,0,0
2.986650,0,0,0,0
2.988132,0,0,0,0
2.989497,0,0,0,0
2.990949,0,0,0,0
2.992402,0,0,0,0
2.993856,0,0,0,0
2.995307,0,0,0,0
2.996783,0,0,0,0
2.998280,0,0,0,0
2.999733,0,0,0,0
3.001187,0,0,0,0
3.002641,0,0,0,0
3.004102,0,0,0,0
3.005475,0,0,0,0
3.006990,0,0,0,0
3.008411,0,0,0,0
3.009828,0,0,0,0
3.011243,0,0,0,0
3.012675,0,0,0,0
3.014094,0,0,0,0
3.015576,0,0,0,0
3.017028,0,0,0,0
3.018451,0,0,0,0
3.019907,0,0,0,0
3.021388,0,0,0,0
3.022841,0,0,0,0
3.024294,0,0,0,0
3.025747,0,0,0,0
3.027199,0,0,0,0
3.028661,0,0,0,0
3.030115,0,0,0,0
3.031592,0,0,0,0
3.032954,0,0,0,0
3.034407,0,0,0,0
3.035860,0,0,0,0
3.037314,0,0,0,0
3.038773,0,0,0,0
3.040304,0,0,0,0
3.041795,0,0,0,0
3.043220,0,0,0,0
3.044666,0,0,0,0
3.046085,0,0,0,0
3.047500,0,0,0,0
3.048922,0,0,0,0
3.050305,0,0,0,0
3.051721,0,0,0,0
3.053113,0,0,0,0
3.054533,0,0,0,0
3.055952,0,0,0,0
3.057371,0,0,0,0
3.058792,0,0,0,0
3.060233,0,0,0,0
3.061652,0,0,0,0
3.063070,0,0,0,0
3.064489,0,0,0,0
3.065905,0,0,0,0
3.067323,0,0,0,0
3.068741,0,0,0,0
3.070197,0,0,0,0
3.071620,0,0,0,0
3.073038,0,0,0,0
3.074411,0,0,0,0
3.075830,0,0,0,0
3.077272,0,0,0,0
3.078691,0,0,0,0
3.080109,0,0,0,0
3.081529,0,0,0,0
3.082953,0,0,0,0
3.084388,0,0,0,0
3.085813,0,0,0,0
3.087236,0,0,0,0
3.088655,0,0,0,0
3.090072,0,0,0,0
3.091491,0,0,0,0
3.092927,0,0,0,0
3.094316,0,0,0,0
3.095735,0,0,0,0
3.097155,0,0,0,0
3.098574,0,0,0,0
3.099994,0,0,0,0
3.105117,0,0,0,0
3.106462,0,0,0,0
3.107882,0,0,0,0
3.109319,0,0,0,0
3.110737,0,0,0,0
3.112156,0,0,0,0
3.113575,0,0,0,0
3.114994,0,0,0,0
3.116430,0,0,0,0
3.117853,0,0,0,0
3.119275,0,0,0,0
3.120693,0,0,0,0
3.122114,0,0,0,0
3.123532,0,0,0,0
3.124955,0,0,0,0
3.126383,0,0,0,0
3.127802,0,0,0,0
3.129227,0,0,0,0
3.130647,0,0,0,0
3.132066,0,0,0,0
3.133501,0,0,0,0
3.134920,0,0,0,0
3.136339,0,0,0,0
3.137758,0,0,0,0
3.139176,0,0,0,0
3.140617,0,0,0,0
3.142039,0,0,0,0
3.143460,0,0,0,0
3.144878,0,0,0,0
3.146303,0,0,0,0
3.147721,0,0,0,0
3.149140,0,0,0,0
3.150564,0,0,0,0
3.151989,0,0,0,0
3.153410,0,0,0,0
3.154832,0,0,0,0
3.156272,0,0,0,0
3.157691,0,0,0,0
3.159109,0,0,0,0
3.160527,0,0,0,0
3.161946,0,0,0,0
3.163370,0,0,0,0
3.164805,0,0,0,0
3.166223,0,0,0,0
3.167652,0,0,0,0
3.169071,0,0,0,0
3.170492,0,0,0,0
3.171910,0,0,0,0
3.173344,0,0,0,0
3.174769,0,0,0,0
3.176188,0,0,0,0
3.177607,0,0,0,0
3.179026,0,0,0,0
3.180462,0,0,0,0
3.181882,0,0,0,0
3.183301,0,0,0,0
3.184721,0,0,0,0
3.186164,0,0,0,0
3.187583,0,0,0,0
3.189018,0,0,0,0
3.190426,0,0,0,0
3.191847,0,0,0,0
3.193266,0,0,0,0
3.194684,0,0,0,0
3.196103,0,0,0,0
3.197547,0,0,0,0
3.198969,0,0,0,0
3.200387,0,0,0,0
3.201809,0,0,0,0
3.203263,0,0,0,0
3.204717,0,0,0,0
3.209151,0,0,0,0
3.210615,0,0,0,0
3.212067,0,0,0,0
3.213442,0,0,0,0
3.214897,0,0,0,0
3.216351,0,0,0,0
3.217808,0,0,0,0
3.219263,0,0,0,0
3.220749,0,0,0,0
3.222280,0,0,0,0
3.223731,0,0,0,0
3.225186,0,0,0,0
3.226640,0,0,0,0
3.228094,0,0,0,0
3.229551,0,0,0,0
3.231016,0,0,0,0
3.232472,0,0,0,0
3.233928,0,0,0,0
3.235383,0,0,0,0
3.236863,0,0,0,0
3.238274,0,0,0,0
3.239728,0,0,0,0
3.241192,0,0,0,0
3.242648,0,0,0,0
3.244103,0,0,0,0
3.245581,0,0,0,0
3.247033,0,0,0,0
3.248485,0,0,0,0
3.249939,0,0,0,0
3.251401,0,0,0,0
3.252880,0,0,0,0
3.254346,0,0,0,0
3.255801,0,0,0,0
3.257254,0,0,0,0
3.258728,0,0,0,0
3.260182,0,0,0,0
3.261665,0,0,0,0
3.263105,0,0,0,0
3.264519,0,0,0,0
3.265940,0,0,0,0
3.267356,0,0,0,0
3.268771,0,0,0,0
3.270223,0,0,0,0
3.271700,0,0,0,0
3.273197,0,0,0,0
3.274651,0,0,0,0
3.276104,0,0,0,0
3.277583,0,0,0,0
3.279038,0,0,0,0
3.280491,0,0,0,0
3.281954,0,0,0,0
3.283407,0,0,0,0
3.284866,0,0,0,0
3.286303,0,0,0,0
3.287757,0,0,0,0
3.289212,0,0,0,0
3.290666,0,0,0,0
3.292130,0,0,0,0
3.293612,0,0,0,0
3.295067,0,0,0,0
3.296521,0,0,0,0
3.297974,0,0,0,0
3.299428,0,0,0,0
3.300906,0,0,0,0
3.302360,0,0,0,0
3.303813,0,0,0,0
3.305270,0,0,0,0
3.309156,0,0,0,0
3.310612,0,0,0,0
3.312066,0,0,0,0
3.313528,0,0,0,0
3.314982,0,0,0,0
3.316457,0,0,0,0
3.317912,0,0,0,0
3.319367,0,0,0,0
3.320820,0,0,0,0
3.322220,0,0,0,0
3.323681,0,0,0,0
3.325143,0,0,0,0
3.326638,0,0,0,0
3.328142,0,0,0,0
3.329595,0,0,0,0
3.331051,0,0,0,0
3.332534,0,0,0,0
3.333997,0,0,0,0
3.335450,0,0,0,0
3.336903,0,0,0,0
3.338321,0,0,0,0
3.339740,0,0,0,0
3.341160,0,0,0,0
3.342580,0,0,0,0
3.344016,0,0,0,0
3.345435,0,0,0,0
3.346854,0,0,0,0
3.348274,0,0,0,0
3.349700,0,0,0,0
3.351229,0,0,0,0
3.352690,0,0,0,0
3.357240,0,0,0,0
3.358705,0,0,0,0
3.360157,0,0,0,0
3.361611,0,0,0,0
3.363064,0,0,0,0
3.364551,0,0,0,0
3.366004,0,0,0,0
3.367457,0,0,0,0
3.368910,0,0,0,0
3.370370,0,0,0,0
3.371824,0,0,0,0
3.373298,0,0,0,0
3.374728,0,0,0,0
3.376149,0,0,0,0
3.377571,0,0,0,0
3.378992,0,0,0,0
3.380445,0,0,0,0
3.381870,0,0,0,0
3.383325,0,0,0,0
3.384788,0,0,0,0
3.386231,0,0,0,0
3.387683,0,0,0,0
3.389154,0,0,0,0
3.390612,0,0,0,0
3.392065,0,0,0,0
3.393520,0,0,0,0
3.394981,0,0,0,0
3.396457,0,0,0,0
3.397912,0,0,0,0
3.399367,0,0,0,0
3.400821,0,0,0,0
3.402226,0,0,0,0
3.403683,0,0,0,0
3.405167,0,0,0,0
3.406607,0,0,0,0
3.408027,0,0,0,0
3.409447,0,0,0,0
3.410873,0,0,0,0
3.412292,0,0,0,0
3.413711,0,0,0,0
3.415129,0,0,0,0
3.416555,0,0,0,0
3.417987,0,0,0,0
3.419405,0,0,0,0
3.420829,0,0,0,0
3.422244,0,0,0,0
3.423665,0,0,0,0
3.425100,0,0,0,0
3.426522,0,0,0,0
3.427946,0,0,0,0
3.429391,0,0,0,0
3.430865,0,0,0,0
3.432283,0,0,0,0
3.433703,0,0,0,0
3.435123,0,0,0,0
3.453499,0,0,0,0
3.454981,0,0,0,0
3.456437,0,0,0,0
3.457893,0,0,0,0
3.459349,0,0,0,0
3.460829,0,0,0,0
3.462277,0,0,0,0
3.463732,0,0,0,0
3.465197,0,0,0,0
3.466653,0,0,0,0
3.468108,0,0,0,0
3.470544,0,0,0,0
3.472017,0,0,0,0
3.473478,0,0,0,0
3.474939,0,0,0,0
3.476403,0,0,0,0
3.477860,0,0,0,0
3.479316,0,0,0,0
3.480770,0,0,0,0
3.482223,0,0,0,0
3.483678,0,0,0,0
3.485123,0,0,0,0
3.486604,0,0,0,0
3.488065,0,0,0,0
3.489526,0,0,0,0
3.490984,0,0,0,0
3.492457,0,0,0,0
3.493914,0,0,0,0
3.495376,0,0,0,0
3.496843,0,0,0,0
3.498337,0,0,0,0
3.499795,0,0,0,0
3.501256,0,0,0,0
3.502712,0,0,0,0
3.504167,0,0,0,0
3.505621,0,0,0,0
3.507085,0,0,0,0
3.508565,0,0,0,0
3.510020,0,0,0,0
3.511474,0,0,0,0
3.512929,0,0,0,0
3.514334,0,0,0,0
3.515787,0,0,0,0
3.517248,0,0,0,0
3.518672,0,0,0,0
3.520094,0,0,0,0
3.521517,0,0,0,0
3.522939,0,0,0,0
3.524383,0,0,0,0
3.525807,0,0,0,0
3.527226,0,0,0,0
3.528651,0,0,0,0
3.530071,0,0,0,0
3.531497,0,0,0,0
3.532932,0,0,0,0
3.534318,0,0,0,0
3.535738,0,0,0,0
3.537159,0,0,0,0
3.538578,0,0,0,0
3.540004,0,0,0,0
3.541449,0,0,0,0
3.542975,0,0,0,0
3.544627,0,0,0,0
3.546079,0,0,0,0
3.547533,0,0,0,0
3.548985,0,0,0,0
3.550360,0,0,0,0
3.551815,0,0,0,0
3.553270,0,0,0,0
3.554725,0,0,0,0
3.556180,0,0,0,0
3.557564,0,0,0,0
3.559037,0,0,0,0
3.560500,0,0,0,0
3.561953,0,0,0,0
3.563414,0,0,0,0
3.564870,0,0,0,0
3.566272,0,0,0,0
3.567726,0,0,0,0
3.569180,0,0,0,0
3.570641,0,0,0,0
3.572097,0,0,0,0
3.573554,0,0,0,0
3.575017,0,0,0,0
3.576495,0,0,0,0
3.577952,0,0,0,0
3.579407,0,0,0,0
3.580871,0,0,0,0
3.582277,0,0,0,0
3.583731,0,0,0,0
3.585185,0,0,0,0
3.586648,0,0,0,0
3.588101,0,0,0,0
3.589580,0,0,0,0
3.591041,0,0,0,0
3.592495,0,0,0,0
3.593950,0,0,0,0
3.595405,0,0,0,0
3.596881,0,0,0,0
3.598367,0,0,0,0
3.599823,0,0,0,0
3.601286,0,0,0,0
3.604309,0,0,0,0
3.605767,0,0,0,0
3.607221,0,0,0,0
3.608675,0,0,0,0
3.610131,0,0,0,0
3.611594,0,0,0,0
3.613070,0,0,0,0
3.614528,0,0,0,0
3.615983,0,0,0,0
3.617437,0,0,0,0
3.618891,0,0,0,0
3.620369,0,0,0,0
3.621832,0,0,0,0
3.623288,0,0,0,0
3.624743,0,0,0,0
3.626229,0,0,0,0
3.627686,0,0,0,0
3.629168,0,0,0,0
3.630628,0,0,0,0
3.632094,0,0,0,0
3.633550,0,0,0,0
3.635005,0,0,0,0
3.636487,0,0,0,0
3.637939,0,0,0,0
3.639399,0,0,0,0
3.640854,0,0,0,0
3.645267,0,0,0,0
3.646720,0,0,0,0
3.648180,0,0,0,0
3.649634,0,0,0,0
3.651085,0,0,0,0
3.652566,0,0,0,0
3.654025,0,0,0,0
3.655479,0,0,0,0
3.656933,0,0,0,0
3.658335,0,0,0,0
3.659855,0,0,0,0
3.661309,0,0,0,0
3.662771,0,0,0,0
3.664228,0,0,0,0
3.665688,0,0,0,0
3.667147,0,0,0,0
3.668828,0,0,0,0
3.670275,0,0,0,0
3.671741,0,0,0,0
3.673203,0,0,0,0
3.674665,0,0,0,0
3.676120,0,0,0,0
3.677600,0,0,0,0
3.679062,0,0,0,0
3.680515,0,0,0,0
3.681969,0,0,0,0
3.683429,0,0,0,0
3.684881,0,0,0,0
3.686353,0,0,0,0
3.687806,0,0,0,0
3.689263,0,0,0,0
3.690714,0,0,0,0
3.692170,0,0,0,0
3.693657,0,0,0,0
3.695109,0,0,0,0
3.696562,0,0,0,0
3.698015,0,0,0,0
3.699467,0,0,0,0
3.700983,0,0,0,0
3.702353,0,0,0,0
3.703813,0,0,0,0
3.705271,0,0,0,0
3.706726,0,0,0,0
3.708177,0,0,0,0
3.709544,0,0,0,0
3.710997,0,0,0,0
3.712460,0,0,0,0
3.713918,0,0,0,0
3.717163,0,0,0,0
3.718621,0,0,0,0
3.720076,0,0,0,0
3.721555,0,0,0,0
3.723011,0,0,0,0
3.724472,0,0,0,0
3.725925,0,0,0,0
3.727377,0,0,0,0
3.728831,0,0,0,0
3.730296,0,0,0,0
3.731749,0,0,0,0
3.734758,0,0,0,0
3.736232,0,0,0,0
3.737687,0,0,0,0
3.739149,0,0,0,0
3.740602,0,0,0,0
3.742057,0,0,0,0
3.743511,0,0,0,0
3.744966,0,0,0,0
3.746430,0,0,0,0
3.747882,0,0,0,0
3.749364,0,0,0,0
3.750824,0,0,0,0
3.752276,0,0,0,0
3.753729,0,0,0,0
3.755201,0,0,0,0
3.756662,0,0,0,0
3.758116,0,0,0,0
3.759570,0,0,0,0
3.761028,0,0,0,0
3.762447,0,0,0,0
3.763902,0,0,0,0
3.765385,0,0,0,0
3.773283,0,0,0,0
3.774744,0,0,0,0
3.776197,0,0,0,0
3.777659,0,0,0,0
3.779114,0,0,0,0
3.780569,0,0,0,0
3.782026,0,0,0,0
3.783481,0,0,0,0
3.784910,0,0,0,0
3.786305,0,0,0,0
3.787733,0,0,0,0
3.789156,0,0,0,0
3.791924,0,0,0,0
3.793344,0,0,0,0
3.794772,0,0,0,0
3.796192,0,0,0,0
3.797633,0,0,0,0
3.799058,0,0,0,0
3.800476,0,0,0,0
3.801901,0,0,0,0
3.803332,0,0,0,0
3.804771,0,0,0,0
3.806230,0,0,0,0
3.807650,0,0,0,0
3.809073,0,0,0,0
3.810495,0,0,0,0
3.811914,0,0,0,0
3.813352,0,0,0,0
3.814771,0,0,0,0
3.816194,0,0,0,0
3.817614,0,0,0,0
3.819033,0,0,0,0
3.820477,0,0,0,0
3.821897,0,0,0,0
3.823323,0,0,0,0
3.824746,0,0,0,0
3.826214,0,0,0,0
3.827709,0,0,0,0
3.829253,0,0,0,0
3.830688,0,0,0,0
3.832142,0,0,0,0
3.833594,0,0,0,0
3.835047,0,0,0,0
3.836470,0,0,0,0
3.837936,0,0,0,0
3.839361,0,0,0,0
3.840786,0,0,0,0
3.842221,0,0,0,0
3.843645,0,0,0,0
3.845064,0,0,0,0
3.846504,0,0,0,0
3.847923,0,0,0,0
3.849343,0,0,0,0
3.850763,0,0,0,0
3.852188,0,0,0,0
3.853626,0,0,0,0
3.855053,0,0,0,0
3.856480,0,0,0,0
3.857903,0,0,0,0
3.859324,0,0,0,0
3.860767,0,0,0,0
3.862233,0,0,0,0
3.863662,0,0,0,0
3.865081,0,0,0,0
3.866513,0,0,0,0
3.867939,0,0,0,0
3.869394,0,0,0,0
3.870812,0,0,0,0
3.872232,0,0,0,0
3.873652,0,0,0,0
3.875071,0,0,0,0
3.876491,0,0,0,0
3.877909,0,0,0,0
3.879332,0,0,0,0
3.880751,0,0,0,0
3.882220,0,0,0,0
3.883691,0,0,0,0
3.885112,0,0,0,0
3.886532,0,0,0,0
3.887949,0,0,0,0
3.889369,0,0,0,0
3.890788,0,0,0,0
3.892135,0,0,0,0
3.893560,0,0,0,0
3.894988,0,0,0,0
3.896412,0,0,0,0
3.897832,0,0,0,0
3.899250,0,0,0,0
3.900687,0,0,0,0
3.902107,0,0,0,0
3.903527,0,0,0,0
3.904946,0,0,0,0
3.906412,0,0,0,0
3.907865,0,0,0,0
3.909326,0,0,0,0
3.910832,0,0,0,0
3.912285,0,0,0,0
3.913741,0,0,0,0
3.915195,0,0,0,0
3.916681,0,0,0,0
3.918135,0,0,0,0
3.919589,0,0,0,0
3.921041,0,0,0,0
3.922452,0,0,0,0
3.925155,0,0,0,0
3.926616,0,0,0,0
3.928076,0,0,0,0
3.929560,0,0,0,0
3.931015,0,0,0,0
3.932491,0,0,0,0
3.933945,0,0,0,0
3.935400,0,0,0,0
3.936853,0,0,0,0
3.938318,0,0,0,0
3.939772,0,0,0,0
3.941228,0,0,0,0
3.942683,0,0,0,0
3.944137,0,0,0,0
3.945592,0,0,0,0
3.947127,0,0,0,0
3.948603,0,0,0,0
3.950073,0,0,0,0
3.951528,0,0,0,0
3.952981,0,0,0,0
3.954450,0,0,0,0
3.955916,0,0,0,0
3.961115,0,0,0,0
3.962592,0,0,0,0
3.964047,0,0,0,0
3.965529,0,0,0,0
3.966997,0,0,0,0
3.968463,0,0,0,0
3.969920,0,0,0,0
3.971298,0,0,0,0
3.972782,0,0,0,0
3.974281,0,0,0,0
3.975746,0,0,0,0
3.977202,0,0,0,0
3.978660,0,0,0,0
3.980114,0,0,0,0
3.981591,0,0,0,0
3.984682,0,0,0,0
3.986141,0,0,0,0
3.987596,0,0,0,0
3.989051,0,0,0,0
3.990475,0,0,0,0
3.991927,0,0,0,0
3.993391,0,0,0,0
3.994849,0,0,0,0
3.996330,0,0,0,0
3.997787,0,0,0,0
3.999242,0,0,0,0
4.000694,0,0,0,0
4.002170,0,0,0,0
4.003675,0,0,0,0
4.005135,0,0,0,0
4.006589,0,0,0,0
4.008044,0,0,0,0
4.009507,0,0,0,0
4.010968,0,0,0,0
4.012459,0,0,0,0
4.013920,0,0,0,0
4.015372,0,0,0,0
4.016826,0,0,0,0
4.018223,0,0,0,0
4.019675,0,0,0,0
4.021155,0,0,0,0
4.022612,0,0,0,0
4.024071,0,0,0,0
4.025526,0,0,0,0
4.026982,0,0,0,0
4.028437,0,0,0,0
4.029895,0,0,0,0
4.031348,0,0,0,0
4.032802,0,0,0,0
4.034230,0,0,0,0
4.035685,0,0,0,0
4.037135,0,0,0,0
4.038593,0,0,0,0
4.040047,0,0,0,0
4.041503,0,0,0,0
4.042958,0,0,0,0
4.044440,0,0,0,0
4.045895,0,0,0,0
4.047348,0,0,0,0
4.048804,0,0,0,0
4.050232,0,0,0,0
4.051738,0,0,0,0
4.053205,0,0,0,0
4.054646,0,0,0,0
4.056076,0,0,0,0
4.059343,0,0,0,0
4.060787,0,0,0,0
4.062230,0,0,0,0
4.063687,0,0,0,0
4.065128,0,0,0,0
4.066558,0,0,0,0
4.067980,0,0,0,0
4.069418,0,0,0,0
4.070839,0,0,0,0
4.072258,0,0,0,0
4.073678,0,0,0,0
4.075097,0,0,0,0
4.076522,0,0,0,0
4.077945,0,0,0,0
4.079367,0,0,0,0
4.080787,0,0,0,0
4.082194,0,0,0,0
4.083615,0,0,0,0
4.085039,0,0,0,0
4.086428,0,0,0,0
4.087869,0,0,0,0
4.089290,0,0,0,0
4.090710,0,0,0,0
4.092107,0,0,0,0
4.093545,0,0,0,0
4.094964,0,0,0,0
4.096383,0,0,0,0
4.097803,0,0,0,0
4.099226,0,0,0,0
4.100645,0,0,0,0
4.102065,0,0,0,0
4.103485,0,0,0,0
4.104904,0,0,0,0
4.106367,0,0,0,0
4.107820,0,0,0,0
4.109308,0,0,0,0
4.110761,0,0,0,0
4.112214,0,0,0,0
4.113670,0,0,0,0
4.115138,0,0,0,0
4.116613,0,0,0,0
4.118070,0,0,0,0
4.119532,0,0,0,0
4.120985,0,0,0,0
4.122448,0,0,0,0
4.123914,0,0,0,0
4.125397,0,0,0,0
4.127780,0,0,0,0
4.129203,0,0,0,0
4.130627,0,0,0,0
4.132048,0,0,0,0
4.133488,0,0,0,0
4.134940,0,0,0,0
4.136939,0,0,0,0
4.138742,0,0,0,0
4.140207,0,0,0,0
4.141672,0,0,0,0
4.143275,0,0,0,0
4.144733,0,0,0,0
4.146216,0,0,0,0
4.147642,0,0,0,0
4.149063,0,0,0,0
4.153366,0,0,0,0
4.154826,0,0,0,0
4.156303,0,0,0,0
4.157757,0,0,0,0
4.159212,0,0,0,0
4.160667,0,0,0,0
4.162123,0,0,0,0
4.163592,0,0,0,0
4.165146,0,0,0,0
4.166618,0,0,0,0
4.168073,0,0,0,0
4.169528,0,0,0,0
4.170979,0,0,0,0
4.172455,0,0,0,0
4.173913,0,0,0,0
4.175372,0,0,0,0
4.176833,0,0,0,0
4.178287,0,0,0,0
4.179743,0,0,0,0
4.181200,0,0,0,0
4.182652,0,0,0,0
4.185758,0,0,0,0
4.187220,0,0,0,0
4.188674,0,0,0,0
4.190127,0,0,0,0
4.191580,0,0,0,0
4.193032,0,0,0,0
4.194447,0,0,0,0
4.195898,0,0,0,0
4.197396,0,0,0,0
4.198863,0,0,0,0
4.200325,0,0,0,0
4.201785,0,0,0,0
4.203164,0,0,0,0
4.204590,0,0,0,0
4.206043,0,0,0,0
4.207467,0,0,0,0
4.208886,0,0,0,0
4.210303,0,0,0,0
4.211722,0,0,0,0
4.213157,0,0,0,0
4.214582,0,0,0,0
4.216001,0,0,0,0
4.217425,0,0,0,0
4.218859,0,0,0,0
4.220356,0,0,0,0
4.221774,0,0,0,0
4.223194,0,0,0,0
4.224616,0,0,0,0
4.226033,0,0,0,0
4.227455,0,0,0,0
4.228893,0,0,0,0
4.233110,0,0,0,0
4.234536,0,0,0,0
4.235957,0,0,0,0
4.237394,0,0,0,0
4.238814,0,0,0,0
4.240237,0,0,0,0
4.241657,0,0,0,0
4.243077,0,0,0,0
4.244497,0,0,0,0
4.245917,0,0,0,0
4.249099,0,0,0,0
4.253128,0,0,0,0
4.254550,0,0,0,0
4.255970,0,0,0,0
4.257391,0,0,0,0
4.258813,0,0,0,0
4.260249,0,0,0,0
4.261672,0,0,0,0
4.263147,0,0,0,0
4.269008,0,0,0,0
4.270512,0,0,0,0
4.272034,0,0,0,0
4.273490,0,0,0,0
4.274943,0,0,0,0
4.276421,0,0,0,0
4.277875,0,0,0,0
4.279330,0,0,0,0
4.280783,0,0,0,0
4.285141,0,0,0,0
4.286607,0,0,0,0
4.288067,0,0,0,0
4.289524,0,0,0,0
4.290978,0,0,0,0
4.297101,0,0,0,0
4.298524,0,0,0,0
4.299943,0,0,0,0
4.301381,0,0,0,0
4.302837,0,0,0,0
4.304292,0,0,0,0
4.305746,0,0,0,0
4.307202,0,0,0,0
4.309274,0,0,0,0
4.310730,0,0,0,0
4.312184,0,0,0,0
4.317214,0,0,0,0
4.318673,0,0,0,0
4.320127,0,0,0,0
4.321582,0,0,0,0
4.323038,0,0,0,0
4.325215,0,0,0,0
4.326671,0,0,0,0
4.328121,0,0,0,0
4.329577,0,0,0,0
4.331032,0,0,0,0
4.332485,0,0,0,0
4.337102,0,0,0,0
4.338562,0,0,0,0
4.340018,0,0,0,0
4.341497,0,0,0,0
4.343014,0,0,0,0
4.344467,0,0,0,0
4.345918,0,0,0,0
4.347372,0,0,0,0
4.349215,0,0,0,0
4.350671,0,0,0,0
4.357140,0,0,0,0
4.358595,0,0,0,0
4.360053,0,0,0,0
4.361510,0,0,0,0
4.362964,0,0,0,0
4.364444,0,0,0,0
4.365899,0,0,0,0
4.367352,0,0,0,0
4.368806,0,0,0,0
4.370236,0,0,0,0
4.371691,0,0,0,0
4.373124,0,0,0,0
4.374580,0,0,0,0
4.376035,0,0,0,0
4.377490,0,0,0,0
4.378945,0,0,0,0
4.380402,0,0,0,0
4.381858,0,0,0,0
4.383315,0,0,0,0
4.384768,0,0,0,0
4.388362,0,0,0,0
4.389832,0,0,0,0
4.391306,0,0,0,0
4.392758,0,0,0,0
4.394222,0,0,0,0
4.395679,0,0,0,0
4.397165,0,0,0,0
4.398623,0,0,0,0
4.400081,0,0,0,0
4.405150,0,0,0,0
4.406604,0,0,0,0
4.408063,0,0,0,0
4.409520,0,0,0,0
4.410973,0,0,0,0
4.413216,0,0,0,0
4.414672,0,0,0,0
4.416125,0,0,0,0
4.417579,0,0,0,0
4.421131,0,0,0,0
4.422590,0,0,0,0
4.424044,0,0,0,0
4.425504,0,0,0,0
4.426958,0,0,0,0
4.429202,0,0,0,0
4.430656,0,0,0,0
4.432105,0,0,0,0
4.437131,0,0,0,0
4.438585,0,0,0,0
4.440037,0,0,0,0
4.441493,0,0,0,0
4.442945,0,0,0,0
4.444423,0,0,0,0
4.445876,0,0,0,0
4.447328,0,0,0,0
4.448780,0,0,0,0
4.450234,0,0,0,0
4.451689,0,0,0,0
4.453210,0,0,0,0
4.456916,0,0,0,0
4.458340,0,0,0,0
4.459798,0,0,0,0
4.461254,0,0,0,0
4.462710,0,0,0,0
4.464167,0,0,0,0
4.469128,0,0,0,0
4.470582,0,0,0,0
4.472088,0,0,0,0
4.473540,0,0,0,0
4.475011,0,0,0,0
4.476495,0,0,0,0
4.477947,0,0,0,0
4.479400,0,0,0,0
4.480882,0,0,0,0
4.482303,0,0,0,0
4.483754,0,0,0,0
4.485177,0,0,0,0
4.486635,0,0,0,0
4.488089,0,0,0,0
4.489544,0,0,0,0
4.490999,0,0,0,0
4.492454,0,0,0,0
4.493907,0,0,0,0
4.495389,0,0,0,0
4.501233,0,0,0,0
4.502711,0,0,0,0
4.504165,0,0,0,0
4.505620,0,0,0,0
4.507079,0,0,0,0
4.508561,0,0,0,0
4.510016,0,0,0,0
4.511469,0,0,0,0
4.512923,0,0,0,0
4.514338,0,0,0,0
4.515790,0,0,0,0
4.517250,0,0,0,0
4.518704,0,0,0,0
4.520160,0,0,0,0
4.521618,0,0,0,0
4.523075,0,0,0,0
4.524559,0,0,0,0
4.526017,0,0,0,0
4.527481,0,0,0,0
4.528935,0,0,0,0
4.530335,0,0,0,0
4.531790,0,0,0,0
4.533245,0,0,0,0
4.534698,0,0,0,0
4.536151,0,0,0,0
4.542291,0,0,0,0
4.543744,0,0,0,0
4.545199,0,0,0,0
4.546652,0,0,0,0
4.548106,0,0,0,0
4.549584,0,0,0,0
4.551038,0,0,0,0
4.552496,0,0,0,0
4.553950,0,0,0,0
4.555405,0,0,0,0
4.556884,0,0,0,0
4.558401,0,0,0,0
4.559860,0,0,0,0
4.561312,0,0,0,0
4.565121,0,0,0,0
4.566575,0,0,0,0
4.568027,0,0,0,0
4.569482,0,0,0,0
4.570951,0,0,0,0
4.572426,0,0,0,0
4.577106,0,0,0,0
4.578563,0,0,0,0
4.580016,0,0,0,0
4.581495,0,0,0,0
4.582950,0,0,0,0
4.584419,0,0,0,0
4.590297,0,0,0,0
4.591750,0,0,0,0
4.593205,0,0,0,0
4.597162,0,0,0,0
4.598618,0,0,0,0
4.600071,0,0,0,0
4.601527,0,0,0,0
4.602981,0,0,0,0
4.604458,0,0,0,0
4.609103,0,0,0,0
4.610558,0,0,0,0
4.612016,0,0,0,0
4.613493,0,0,0,0
4.614945,0,0,0,0
4.619577,0,0,0,0
4.621167,0,0,0,0
4.622638,0,0,0,0
4.624057,0,0,0,0
4.625483,0,0,0,0
4.626928,0,0,0,0
4.628365,0,0,0,0
4.629783,0,0,0,0
4.631201,0,0,0,0
4.632620,0,0,0,0
4.634040,0,0,0,0
4.635459,0,0,0,0
4.636895,0,0,0,0
4.638315,0,0,0,0
4.639748,0,0,0,0
4.641177,0,0,0,0
4.642596,0,0,0,0
4.644015,0,0,0,0
4.645454,0,0,0,0
4.646874,0,0,0,0
4.648292,0,0,0,0
4.649716,0,0,0,0
4.651136,0,0,0,0
4.652573,0,0,0,0
4.653992,0,0,0,0
4.655412,0,0,0,0
4.656831,0,0,0,0
4.658191,0,0,0,0
4.659610,0,0,0,0
4.661035,0,0,0,0
4.662422,0,0,0,0
4.663841,0,0,0,0
4.665261,0,0,0,0
4.666679,0,0,0,0
4.668097,0,0,0,0
4.669516,0,0,0,0
4.670934,0,0,0,0
4.672357,0,0,0,0
4.673777,0,0,0,0
4.675197,0,0,0,0
4.676633,0,0,0,0
4.678053,0,0,0,0
4.679472,0,0,0,0
4.680892,0,0,0,0
4.682302,0,0,0,0
4.683731,0,0,0,0
4.685152,0,0,0,0
4.686574,0,0,0,0
4.687994,0,0,0,0
4.689416,0,0,0,0
4.690837,0,0,0,0
4.692280,0,0,0,0
4.693700,0,0,0,0
4.695124,0,0,0,0
4.696544,0,0,0,0
4.697963,0,0,0,0
4.699382,0,0,0,0
4.700817,0,0,0,0
4.702238,0,0,0,0
4.703657,0,0,0,0
4.705076,0,0,0,0
4.706501,0,0,0,0
4.707923,0,0,0,0
4.709360,0,0,0,0
4.710780,0,0,0,0
4.712199,0,0,0,0
4.713620,0,0,0,0
4.715041,0,0,0,0
4.716476,0,0,0,0
4.717902,0,0,0,0
4.719321,0,0,0,0
4.720741,0,0,0,0
4.722179,0,0,0,0
4.723600,0,0,0,0
4.725034,0,0,0,0
4.726423,0,0,0,0
4.727843,0,0,0,0
4.729273,0,0,0,0
4.730693,0,0,0,0
4.732112,0,0,0,0
4.733550,0,0,0,0
4.734969,0,0,0,0
4.736389,0,0,0,0
4.737810,0,0,0,0
4.739232,0,0,0,0
4.740672,0,0,0,0
4.742092,0,0,0,0
4.743512,0,0,0,0
4.744930,0,0,0,0
4.746299,0,0,0,0
4.747718,0,0,0,0
4.749112,0,0,0,0
4.750532,0,0,0,0
4.751957,0,0,0,0
4.753378,0,0,0,0
4.754798,0,0,0,0
4.756236,0,0,0,0
4.757657,0,0,0,0
4.759075,0,0,0,0
4.760495,0,0,0,0
4.761916,0,0,0,0
4.763341,0,0,0,0
4.764762,0,0,0,0
4.766234,0,0,0,0
4.767653,0,0,0,0
4.769071,0,0,0,0
4.770492,0,0,0,0
4.771912,0,0,0,0
4.773353,0,0,0,0
4.781130,0,0,0,0
4.782513,0,0,0,0
4.783967,0,0,0,0
4.785431,0,0,0,0
4.786887,0,0,0,0
4.788365,0,0,0,0
4.789819,0,0,0,0
4.791237,0,0,0,0
4.792657,0,0,0,0
4.794082,0,0,0,0
4.795502,0,0,0,0
4.796921,0,0,0,0
4.798352,0,0,0,0
4.799805,0,0,0,0
4.801260,0,0,0,0
4.802715,0,0,0,0
4.804174,0,0,0,0
4.805652,0,0,0,0
4.807122,0,0,0,0
4.808576,0,0,0,0
4.810028,0,0,0,0
4.811481,0,0,0,0
4.812956,0,0,0,0
4.814417,0,0,0,0
4.815869,0,0,0,0
4.817320,0,0,0,0
4.818773,0,0,0,0
4.820247,0,0,0,0
4.821702,0,0,0,0
4.823154,0,0,0,0
4.824613,0,0,0,0
4.826119,0,0,0,0
4.827575,0,0,0,0
4.829026,0,0,0,0
4.830460,0,0,0,0
4.831912,0,0,0,0
4.833368,0,0,0,0
4.834826,0,0,0,0
4.836302,0,0,0,0
4.837757,0,0,0,0
4.839210,0,0,0,0
4.840664,0,0,0,0
4.842119,0,0,0,0
4.843574,0,0,0,0
4.845035,0,0,0,0
4.846469,0,0,0,0
4.847924,0,0,0,0
4.849380,0,0,0,0
4.850911,0,0,0,0
4.852391,0,0,0,0
4.853848,0,0,0,0
4.855312,0,0,0,0
4.856766,0,0,0,0
4.858224,0,0,0,0
4.859685,0,0,0,0
4.861137,0,0,0,0
4.862593,0,0,0,0
4.864026,0,0,0,0
4.865447,0,0,0,0
4.866863,0,0,0,0
4.868296,0,0,0,0
4.869717,0,0,0,0
4.871174,0,0,0,0
4.872629,0,0,0,0
4.874084,0,0,0,0
4.875651,0,0,0,0
4.877135,0,0,0,0
4.878593,0,0,0,0
4.880046,0,0,0,0
4.881502,0,0,0,0
4.882957,0,0,0,0
4.884411,0,0,0,0
4.885874,0,0,0,0
4.887330,0,0,0,0
4.888785,0,0,0,0
4.890221,0,0,0,0
4.891678,0,0,0,0
4.893139,0,0,0,0
4.894597,0,0,0,0
4.896079,0,0,0,0
4.897534,0,0,0,0
4.898994,0,0,0,0
4.900448,0,0,0,0
4.901901,0,0,0,0
4.903355,0,0,0,0
4.904807,0,0,0,0
4.906278,0,0,0,0
4.907761,0,0,0,0
4.909210,0,0,0,0
4.910665,0,0,0,0
4.912117,0,0,0,0
4.913573,0,0,0,0
4.915027,0,0,0,0
4.916501,0,0,0,0
4.917954,0,0,0,0
4.919409,0,0,0,0
4.920862,0,0,0,0
4.922238,0,0,0,0
4.923692,0,0,0,0
4.925129,0,0,0,0
4.926580,0,0,0,0
4.928003,0,0,0,0
4.929424,0,0,0,0
4.930846,0,0,0,0
4.932263,0,0,0,0
4.933679,0,0,0,0
4.935124,0,0,0,0
4.936542,0,0,0,0
4.937964,0,0,0,0
4.939382,0,0,0,0
4.940742,0,0,0,0
4.942124,0,0,0,0
4.943545,0,0,0,0
4.945042,0,0,0,0
4.961101,0,0,0,0
4.962486,0,0,0,0
4.963910,0,0,0,0
4.965348,0,0,0,0
4.966768,0,0,0,0
4.968187,0,0,0,0
4.969606,0,0,0,0
4.971027,0,0,0,0
4.972463,0,0,0,0
4.973888,0,0,0,0
4.975308,0,0,0,0
4.976727,0,0,0,0
4.978167,0,0,0,0
4.979586,0,0,0,0
4.981010,0,0,0,0
4.982429,0,0,0,0
4.983847,0,0,0,0
4.985272,0,0,0,0
4.986689,0,0,0,0
4.988112,0,0,0,0
4.989549,0,0,0,0
4.990970,0,0,0,0
4.992390,0,0,0,0
4.993810,0,0,0,0
4.995228,0,0,0,0
4.996678,0,0,0,0
4.998097,0,0,0,0
4.999530,0,0,0,0
5.000983,0,0,0,0
5.002451,0,0,0,0
5.003924,0,0,0,0
5.005401,0,0,0,0
5.006859,0,0,0,0
5.008312,0,0,0,0
5.009766,0,0,0,0
5.011219,0,0,0,0
5.012695,0,0,0,0
5.014219,0,0,0,0
5.015674,0,0,0,0
5.017108,0,0,0,0
5.018566,0,0,0,0
5.020024,0,0,0,0
5.021500,0,0,0,0
5.022920,0,0,0,0
5.024339,0,0,0,0
5.025759,0,0,0,0
5.027181,0,0,0,0
5.028617,0,0,0,0
5.030039,0,0,0,0
5.031493,0,0,0,0
5.032945,0,0,0,0
5.034401,0,0,0,0
5.035854,0,0,0,0
5.045123,0,0,0,0
5.046543,0,0,0,0
5.051575,0,0,0,0
5.053013,0,0,0,0
5.054421,0,0,0,0
5.055842,0,0,0,0
5.057262,0,0,0,0
5.065099,0,0,0,0
5.066519,0,0,0,0
5.067938,0,0,0,0
5.073105,0,0,0,0
5.074560,0,0,0,0
5.076022,0,0,0,0
5.077501,0,0,0,0
5.078952,0,0,0,0
5.085142,0,0,0,0
5.086600,0,0,0,0
5.088054,0,0,0,0
5.089509,0,0,0,0
5.093152,0,0,0,0
5.094611,0,0,0,0
5.096066,0,0,0,0
5.097522,0,0,0,0
5.098978,0,0,0,0
5.100432,0,0,0,0
5.105102,0,0,0,0
5.106559,0,0,0,0
5.108015,0,0,0,0
5.109392,0,0,0,0
5.117132,0,0,0,0
5.118588,0,0,0,0
5.120042,0,0,0,0
5.121498,0,0,0,0
5.122953,0,0,0,0
5.125214,0,0,0,0
5.126674,0,0,0,0
5.128131,0,0,0,0
5.129588,0,0,0,0
5.131041,0,0,0,0
5.132527,0,0,0,0
5.133982,0,0,0,0
5.141122,0,0,0,0
5.142577,0,0,0,0
5.144028,0,0,0,0
5.145489,0,0,0,0
5.146941,0,0,0,0
5.148418,0,0,0,0
5.149871,0,0,0,0
5.151327,0,0,0,0
5.152782,0,0,0,0
5.154220,0,0,0,0
5.157461,0,0,0,0
5.158916,0,0,0,0
5.160369,0,0,0,0
5.161822,0,0,0,0
5.163276,0,0,0,0
5.164752,0,0,0,0
5.166281,0,0,0,0
5.167736,0,0,0,0
5.173161,0,0,0,0
5.174619,0,0,0,0
5.176075,0,0,0,0
5.177533,0,0,0,0
5.178988,0,0,0,0
5.180498,0,0,0,0
5.181955,0,0,0,0
5.183411,0,0,0,0
5.184868,0,0,0,0
5.186338,0,0,0,0
5.193108,0,0,0,0
5.194564,0,0,0,0
5.196019,0,0,0,0
5.197499,0,0,0,0
5.198961,0,0,0,0
5.200415,0,0,0,0
5.201871,0,0,0,0
5.203325,0,0,0,0
5.204801,0,0,0,0
5.206277,0,0,0,0
5.207734,0,0,0,0
5.209207,0,0,0,0
5.210664,0,0,0,0
5.212117,0,0,0,0
5.213594,0,0,0,0
5.215046,0,0,0,0
5.216499,0,0,0,0
5.217953,0,0,0,0
5.219415,0,0,0,0
5.220881,0,0,0,0
5.222356,0,0,0,0
5.223812,0,0,0,0
5.225270,0,0,0,0
5.226728,0,0,0,0
5.228182,0,0,0,0
5.229563,0,0,0,0
5.231016,0,0,0,0
5.232470,0,0,0,0
5.233924,0,0,0,0
5.235377,0,0,0,0
5.236834,0,0,0,0
5.238296,0,0,0,0
5.239758,0,0,0,0
5.241215,0,0,0,0
5.242669,0,0,0,0
5.244131,0,0,0,0
5.245631,0,0,0,0
5.247130,0,0,0,0
5.248580,0,0,0,0
5.250045,0,0,0,0
5.251504,0,0,0,0
5.252984,0,0,0,0
5.254364,0,0,0,0
5.255817,0,0,0,0
5.257273,0,0,0,0
5.258727,0,0,0,0
5.260190,0,0,0,0
5.261669,0,0,0,0
5.263126,0,0,0,0
5.264580,0,0,0,0
5.266038,0,0,0,0
5.267492,0,0,0,0
5.268948,0,0,0,0
5.270422,0,0,0,0
5.271880,0,0,0,0
5.273337,0,0,0,0
5.274795,0,0,0,0
5.276277,0,0,0,0
5.277733,0,0,0,0
5.279187,0,0,0,0
5.280661,0,0,0,0
5.282118,0,0,0,0
5.283571,0,0,0,0
5.285028,0,0,0,0
5.286444,0,0,0,0
5.287875,0,0,0,0
5.289295,0,0,0,0
5.290721,0,0,0,0
5.292141,0,0,0,0
5.293580,0,0,0,0
5.295062,0,0,0,0
5.296542,0,0,0,0
5.298069,0,0,0,0
5.299523,0,0,0,0
5.301009,0,0,0,0
5.302477,0,0,0,0
5.303937,0,0,0,0
5.305391,0,0,0,0
5.306842,0,0,0,0
5.308320,0,0,0,0
5.309776,0,0,0,0
5.311239,0,0,0,0
5.312695,0,0,0,0
5.314180,0,0,0,0
5.321101,0,0,0,0
5.322567,0,0,0,0
5.324023,0,0,0,0
5.325391,0,0,0,0
5.326845,0,0,0,0
5.328301,0,0,0,0
5.329761,0,0,0,0
5.331216,0,0,0,0
5.332680,0,0,0,0
5.334135,0,0,0,0
5.335589,0,0,0,0
5.337043,0,0,0,0
5.338451,0,0,0,0
5.339906,0,0,0,0
5.341390,0,0,0,0
5.342852,0,0,0,0
5.344306,0,0,0,0
5.345762,0,0,0,0
5.347215,0,0,0,0
5.348716,0,0,0,0
5.350284,0,0,0,0
5.351741,0,0,0,0
5.353172,0,0,0,0
5.354595,0,0,0,0
5.356017,0,0,0,0
5.357461,0,0,0,0
5.358921,0,0,0,0
5.360342,0,0,0,0
5.361761,0,0,0,0
5.363188,0,0,0,0
5.364609,0,0,0,0
5.366033,0,0,0,0
5.367456,0,0,0,0
5.368878,0,0,0,0
5.370302,0,0,0,0
5.371726,0,0,0,0
5.373148,0,0,0,0
5.374578,0,0,0,0
5.376001,0,0,0,0
5.377425,0,0,0,0
5.378850,0,0,0,0
5.380274,0,0,0,0
5.381695,0,0,0,0
5.383114,0,0,0,0
5.384533,0,0,0,0
5.385959,0,0,0,0
5.387379,0,0,0,0
5.388802,0,0,0,0
5.390224,0,0,0,0
5.391646,0,0,0,0
5.393067,0,0,0,0
5.394490,0,0,0,0
5.395910,0,0,0,0
5.397357,0,0,0,0
5.398777,0,0,0,0
5.400196,0,0,0,0
5.401614,0,0,0,0
5.403034,0,0,0,0
5.404474,0,0,0,0
5.405895,0,0,0,0
5.407314,0,0,0,0
5.408740,0,0,0,0
5.410178,0,0,0,0
5.411597,0,0,0,0
5.413033,0,0,0,0
5.414428,0,0,0,0
5.415854,0,0,0,0
5.417272,0,0,0,0
5.418690,0,0,0,0
5.420117,0,0,0,0
5.421555,0,0,0,0
5.422984,0,0,0,0
5.424429,0,0,0,0
5.425849,0,0,0,0
5.427267,0,0,0,0
5.428690,0,0,0,0
5.430110,0,0,0,0
5.431536,0,0,0,0
5.432955,0,0,0,0
5.434374,0,0,0,0
5.435795,0,0,0,0
5.437215,0,0,0,0
5.438637,0,0,0,0
5.440057,0,0,0,0
5.441478,0,0,0,0
5.442905,0,0,0,0
5.444345,0,0,0,0
5.445765,0,0,0,0
5.447185,0,0,0,0
5.448604,0,0,0,0
5.450024,0,0,0,0
5.451442,0,0,0,0
5.452878,0,0,0,0
5.454317,0,0,0,0
5.455736,0,0,0,0
5.457155,0,0,0,0
5.458775,0,0,0,0
5.460194,0,0,0,0
5.461630,0,0,0,0
5.463049,0,0,0,0
5.464473,0,0,0,0
5.465893,0,0,0,0
5.467311,0,0,0,0
5.468733,0,0,0,0
5.470193,0,0,0,0
5.471641,0,0,0,0
5.473060,0,0,0,0
5.474489,0,0,0,0
5.475909,0,0,0,0
5.477351,0,0,0,0
5.478770,0,0,0,0
5.480188,0,0,0,0
5.481608,0,0,0,0
5.483027,0,0,0,0
5.484468,0,0,0,0
5.485893,0,0,0,0
5.487312,0,0,0,0
5.488730,0,0,0,0
5.490166,0,0,0,0
5.491585,0,0,0,0
5.493019,0,0,0,0
5.494426,0,0,0,0
5.495846,0,0,0,0
5.497276,0,0,0,0
5.498697,0,0,0,0
5.500117,0,0,0,0
5.501554,0,0,0,0
5.502974,0,0,0,0
5.504392,0,0,0,0
5.505812,0,0,0,0
5.507231,0,0,0,0
5.508672,0,0,0,0
5.510092,0,0,0,0
5.511531,0,0,0,0
5.512949,0,0,0,0
5.514371,0,0,0,0
5.515789,0,0,0,0
5.517209,0,0,0,0
5.518632,0,0,0,0
5.520059,0,0,0,0
5.521480,0,0,0,0
5.525115,0,0,0,0
5.526537,0,0,0,0
5.527956,0,0,0,0
5.529376,0,0,0,0
5.530856,0,0,0,0
5.532297,0,0,0,0
5.533718,0,0,0,0
5.535137,0,0,0,0
5.536557,0,0,0,0
5.537976,0,0,0,0
5.539395,0,0,0,0
5.540819,0,0,0,0
5.542238,0,0,0,0
5.543658,0,0,0,0
5.545080,0,0,0,0
5.546501,0,0,0,0
5.547920,0,0,0,0
5.549363,0,0,0,0
5.550781,0,0,0,0
5.552199,0,0,0,0
5.553625,0,0,0,0
5.555044,0,0,0,0
5.556479,0,0,0,0
5.557901,0,0,0,0
5.559324,0,0,0,0
5.560777,0,0,0,0
5.562227,0,0,0,0
5.563688,0,0,0,0
5.565158,0,0,0,0
5.566612,0,0,0,0
5.568065,0,0,0,0
5.569519,0,0,0,0
5.570972,0,0,0,0
5.572448,0,0,0,0
5.573911,0,0,0,0
5.575543,0,0,0,0
5.576995,0,0,0,0
5.578447,0,0,0,0
5.579903,0,0,0,0
5.581380,0,0,0,0
5.582834,0,0,0,0
5.584375,0,0,0,0
5.585832,0,0,0,0
5.587294,0,0,0,0
5.588780,0,0,0,0
5.593097,0,0,0,0
5.594524,0,0,0,0
5.595944,0,0,0,0
5.597383,0,0,0,0
5.598806,0,0,0,0
5.600226,0,0,0,0
5.601645,0,0,0,0
5.603065,0,0,0,0
5.604503,0,0,0,0
5.605931,0,0,0,0
5.607354,0,0,0,0
5.608774,0,0,0,0
5.610197,0,0,0,0
5.611616,0,0,0,0
5.613036,0,0,0,0
5.614421,0,0,0,0
5.615840,0,0,0,0
5.617267,0,0,0,0
5.618686,0,0,0,0
5.620105,0,0,0,0
5.621545,0,0,0,0
5.622964,0,0,0,0
5.624383,0,0,0,0
5.625810,0,0,0,0
5.627231,0,0,0,0
5.628724,0,0,0,0
5.630243,0,0,0,0
5.631659,0,0,0,0
5.633076,0,0,0,0
5.634494,0,0,0,0
5.635910,0,0,0,0
5.637346,0,0,0,0
5.638807,0,0,0,0
5.640260,0,0,0,0
5.641713,0,0,0,0
5.643163,0,0,0,0
5.644638,0,0,0,0
5.646091,0,0,0,0
5.647545,0,0,0,0
5.649004,0,0,0,0
5.650446,0,0,0,0
5.651897,0,0,0,0
5.653396,0,0,0,0
5.654847,0,0,0,0
5.656267,0,0,0,0
5.657688,0,0,0,0
5.659117,0,0,0,0
5.660542,0,0,0,0
5.661964,0,0,0,0
5.663385,0,0,0,0
5.664807,0,0,0,0
5.666191,0,0,0,0
5.667633,0,0,0,0
5.669054,0,0,0,0
5.670433,0,0,0,0
5.671852,0,0,0,0
5.673273,0,0,0,0
5.674693,0,0,0,0
5.676115,0,0,0,0
5.677571,0,0,0,0
5.697140,0,0,0,0
5.698607,0,0,0,0
5.700038,0,0,0,0
5.701487,0,0,0,0
5.702926,0,0,0,0
5.704356,0,0,0,0
5.705784,0,0,0,0
5.707214,0,0,0,0
5.708668,0,0,0,0
5.710099,0,0,0,0
5.711528,0,0,0,0
5.712956,0,0,0,0
5.714386,0,0,0,0
5.715815,0,0,0,0
5.717251,0,0,0,0
5.718687,0,0,0,0
5.720117,0,0,0,0
5.721547,0,0,0,0
5.722977,0,0,0,0
5.724434,0,0,0,0
5.725865,0,0,0,0
5.727298,0,0,0,0
5.728733,0,0,0,0
5.730197,0,0,0,0
5.731626,0,0,0,0
5.733162,0,0,0,0
5.734594,0,0,0,0
5.736027,0,0,0,0
5.737458,0,0,0,0
5.738896,0,0,0,0
5.740346,0,0,0,0
5.741777,0,0,0,0
5.743210,0,0,0,0
5.744645,0,0,0,0
5.746088,0,0,0,0
5.747520,0,0,0,0
5.748957,0,0,0,0
5.750390,0,0,0,0
5.751821,0,0,0,0
5.753252,0,0,0,0
5.754684,0,0,0,0
5.756115,0,0,0,0
5.757565,0,0,0,0
5.759004,0,0,0,0
5.760449,0,0,0,0
5.761898,0,0,0,0
5.763330,0,0,0,0
5.764761,0,0,0,0
5.766231,0,0,0,0
5.767786,0,0,0,0
5.776517,0,0,0,0
5.777951,0,0,0,0
5.779383,0,0,0,0
5.780832,0,0,0,0
5.782243,0,0,0,0
5.784523,0,0,0,0
5.785957,0,0,0,0
5.787389,0,0,0,0
5.788770,0,0,0,0
5.790234,0,0,0,0
5.791666,0,0,0,0
5.793112,0,0,0,0
5.794554,0,0,0,0
5.795986,0,0,0,0
5.797417,0,0,0,0
5.798862,0,0,0,0
5.800295,0,0,0,0
5.801724,0,0,0,0
5.803163,0,0,0,0
5.804596,0,0,0,0
5.806028,0,0,0,0
5.807459,0,0,0,0
5.808888,0,0,0,0
5.810357,0,0,0,0
5.811821,0,0,0,0
5.813318,0,0,0,0
5.814782,0,0,0,0
5.816190,0,0,0,0
5.817654,0,0,0,0
5.819117,0,0,0,0
5.820580,0,0,0,0
5.822046,0,0,0,0
5.823521,0,0,0,0
5.824985,0,0,0,0
5.826363,0,0,0,0
5.827827,0,0,0,0
5.829322,0,0,0,0
5.830806,0,0,0,0
5.832270,0,0,0,0
5.833744,0,0,0,0
5.835213,0,0,0,0
5.836677,0,0,0,0
5.838144,0,0,0,0
5.839607,0,0,0,0
5.841071,0,0,0,0
5.842536,0,0,0,0
5.844010,0,0,0,0
5.845385,0,0,0,0
5.846848,0,0,0,0
5.853179,0,0,0,0
5.854675,0,0,0,0
5.856139,0,0,0,0
5.857603,0,0,0,0
5.859067,0,0,0,0
5.860556,0,0,0,0
5.862024,0,0,0,0
5.863490,0,0,0,0
5.864965,0,0,0,0
5.866431,0,0,0,0
5.867895,0,0,0,0
5.869385,0,0,0,0
5.870991,0,0,0,0
5.872456,0,0,0,0
5.873921,0,0,0,0
5.875397,0,0,0,0
5.876886,0,0,0,0
5.878318,0,0,0,0
5.879798,0,0,0,0
5.881181,0,0,0,0
5.882681,0,0,0,0
5.884144,0,0,0,0
5.885530,0,0,0,0
5.886995,0,0,0,0
5.888459,0,0,0,0
5.889924,0,0,0,0
5.891386,0,0,0,0
5.892865,0,0,0,0
5.894307,0,0,0,0
5.895783,0,0,0,0
5.897249,0,0,0,0
5.898712,0,0,0,0
5.900174,0,0,0,0
5.901550,0,0,0,0
5.903027,0,0,0,0
5.904493,0,0,0,0
5.905967,0,0,0,0
5.907432,0,0,0,0
5.908895,0,0,0,0
5.910299,0,0,0,0
5.911763,0,0,0,0
5.913226,0,0,0,0
5.914675,0,0,0,0
5.916082,0,0,0,0
5.917461,0,0,0,0
5.918927,0,0,0,0
5.920391,0,0,0,0
5.921858,0,0,0,0
5.923463,0,0,0,0
5.924953,0,0,0,0
5.926435,0,0,0,0
5.928052,0,0,0,0
5.937337,0,0,0,0
5.938813,0,0,0,0
5.940302,0,0,0,0
5.941766,0,0,0,0
5.943230,0,0,0,0
5.944708,0,0,0,0
5.946209,0,0,0,0
5.947673,0,0,0,0
5.949198,0,0,0,0
5.950661,0,0,0,0
5.952124,0,0,0,0
5.953585,0,0,0,0
5.955065,0,0,0,0
5.956529,0,0,0,0
5.957993,0,0,0,0
5.959467,0,0,0,0
5.960934,0,0,0,0
5.962351,0,0,0,0
5.963815,0,0,0,0
5.965279,0,0,0,0
5.966742,0,0,0,0
5.968205,0,0,0,0
5.969679,0,0,0,0
5.971144,0,0,0,0
5.972613,0,0,0,0
5.974080,0,0,0,0
5.975542,0,0,0,0
5.977007,0,0,0,0
5.982300,0,0,0,0
5.983749,0,0,0,0
5.985214,0,0,0,0
5.986676,0,0,0,0
5.988319,0,0,0,0
5.989786,0,0,0,0
5.991250,0,0,0,0
5.992714,0,0,0,0
5.994227,0,0,0,0
5.995692,0,0,0,0
5.997185,0,0,0,0
5.998651,0,0,0,0
6.000120,0,0,0,0
6.001585,0,0,0,0
6.003049,0,0,0,0
6.004771,0,0,0,0
6.006287,0,0,0,0
6.007752,0,0,0,0
6.009217,0,0,0,0
6.010818,0,0,0,0
6.012305,0,0,0,0
6.013772,0,0,0,0
6.015245,0,0,0,0
6.016709,0,0,0,0
6.018230,0,0,0,0
6.019694,0,0,0,0
6.021175,0,0,0,0
6.022649,0,0,0,0
6.024121,0,0,0,0
6.025598,0,0,0,0
6.027063,0,0,0,0
6.028559,0,0,0,0
6.030025,0,0,0,0
6.031492,0,0,0,0
6.032984,0,0,0,0
6.034467,0,0,0,0
6.035940,0,0,0,0
6.037432,0,0,0,0
6.038897,0,0,0,0
6.040363,0,0,0,0
6.041828,0,0,0,0
6.043292,0,0,0,0
6.044770,0,0,0,0
6.046285,0,0,0,0
6.047776,0,0,0,0
6.049232,0,0,0,0
6.050684,0,0,0,0
6.052137,0,0,0,0
6.053616,0,0,0,0
6.055069,0,0,0,0
6.056526,0,0,0,0
6.057976,0,0,0,0
6.059429,0,0,0,0
6.060902,0,0,0,0
6.062350,0,0,0,0
6.064533,0,0,0,0
6.065989,0,0,0,0
6.067445,0,0,0,0
6.068921,0,0,0,0
6.070358,0,0,0,0
6.071808,0,0,0,0
6.073263,0,0,0,0
6.074718,0,0,0,0
6.076180,0,0,0,0
6.085222,0,0,0,0
6.086643,0,0,0,0
6.088058,0,0,0,0
6.093195,0,0,0,0
6.094629,0,0,0,0
6.096046,0,0,0,0
6.097463,0,0,0,0
6.098907,0,0,0,0
6.100345,0,0,0,0
6.101761,0,0,0,0
6.103178,0,0,0,0
6.104595,0,0,0,0
6.106014,0,0,0,0
6.107431,0,0,0,0
6.108865,0,0,0,0
6.110308,0,0,0,0
6.111729,0,0,0,0
6.113147,0,0,0,0
6.114564,0,0,0,0
6.115980,0,0,0,0
6.117414,0,0,0,0
6.118831,0,0,0,0
6.120271,0,0,0,0
6.121690,0,0,0,0
6.123110,0,0,0,0
6.124545,0,0,0,0
6.125961,0,0,0,0
6.127378,0,0,0,0
6.128795,0,0,0,0
6.130200,0,0,0,0
6.131651,0,0,0,0
6.133132,0,0,0,0
6.134851,0,0,0,0
6.136302,0,0,0,0
6.137756,0,0,0,0
6.139206,0,0,0,0
6.140680,0,0,0,0
6.142129,0,0,0,0
6.144721,0,0,0,0
6.146191,0,0,0,0
6.147642,0,0,0,0
6.149155,0,0,0,0
6.151285,0,0,0,0
6.152735,0,0,0,0
6.156861,0,0,0,0
6.158278,0,0,0,0
6.159729,0,0,0,0
6.161178,0,0,0,0
6.162628,0,0,0,0
6.164079,0,0,0,0
6.165561,0,0,0,0
6.167013,0,0,0,0
6.169160,0,0,0,0
6.170613,0,0,0,0
6.172064,0,0,0,0
6.173521,0,0,0,0
6.174979,0,0,0,0
6.178183,0,0,0,0
6.179638,0,0,0,0
6.181126,0,0,0,0
6.182592,0,0,0,0
6.184045,0,0,0,0
6.185496,0,0,0,0
6.188557,0,0,0,0
6.190010,0,0,0,0
6.191462,0,0,0,0
6.192916,0,0,0,0
6.194338,0,0,0,0
6.195790,0,0,0,0
6.197247,0,0,0,0
6.198702,0,0,0,0
6.201107,0,0,0,0
6.202563,0,0,0,0
6.204018,0,0,0,0
6.205388,0,0,0,0
6.206845,0,0,0,0
6.208304,0,0,0,0
6.209761,0,0,0,0
6.211218,0,0,0,0
6.212693,0,0,0,0
6.214142,0,0,0,0
6.215708,0,0,0,0
6.217424,0,0,0,0
6.222354,0,0,0,0
6.223809,0,0,0,0
6.225260,0,0,0,0
6.226712,0,0,0,0
6.228164,0,0,0,0
6.229647,0,0,0,0
6.231100,0,0,0,0
6.232550,0,0,0,0
6.234001,0,0,0,0
6.235452,0,0,0,0
6.236927,0,0,0,0
6.238361,0,0,0,0
6.239822,0,0,0,0
6.241276,0,0,0,0
6.242728,0,0,0,0
6.244180,0,0,0,0
6.266347,0,0,0,0
6.267805,0,0,0,0
6.269254,0,0,0,0
6.270704,0,0,0,0
6.272157,0,0,0,0
6.273610,0,0,0,0
6.275062,0,0,0,0
6.276519,0,0,0,0
6.277971,0,0,0,0
6.279424,0,0,0,0
6.280875,0,0,0,0
6.282334,0,0,0,0
6.283788,0,0,0,0
6.285239,0,0,0,0
6.286695,0,0,0,0
6.288147,0,0,0,0
6.289702,0,0,0,0
6.291170,0,0,0,0
6.292652,0,0,0,0
6.294101,0,0,0,0
6.295518,0,0,0,0
6.305102,0,0,0,0
6.306555,0,0,0,0
6.313097,0,0,0,0
6.314515,0,0,0,0
6.315932,0,0,0,0
6.317365,0,0,0,0
6.321173,0,0,0,0
6.322623,0,0,0,0
6.324040,0,0,0,0
6.325474,0,0,0,0
6.326896,0,0,0,0
6.328317,0,0,0,0
6.329742,0,0,0,0
6.331163,0,0,0,0
6.332608,0,0,0,0
6.337798,0,0,0,0
6.339216,0,0,0,0
6.345214,0,0,0,0
6.346632,0,0,0,0
6.348051,0,0,0,0
6.349533,0,0,0,0
6.350987,0,0,0,0
6.352496,0,0,0,0
6.353949,0,0,0,0
6.355402,0,0,0,0
6.356857,0,0,0,0
6.358354,0,0,0,0
6.359807,0,0,0,0
6.365325,0,0,0,0
6.366659,0,0,0,0
6.368079,0,0,0,0
6.369502,0,0,0,0
6.370927,0,0,0,0
6.373210,0,0,0,0
6.375843,0,0,0,0
6.377261,0,0,0,0
6.378703,0,0,0,0
6.380132,0,0,0,0
6.381569,0,0,0,0
6.382994,0,0,0,0
6.384418,0,0,0,0
6.385839,0,0,0,0
6.387259,0,0,0,0
6.388678,0,0,0,0
6.390101,0,0,0,0
6.391528,0,0,0,0
6.392949,0,0,0,0
6.394479,0,0,0,0
6.396790,0,0,0,0
6.399649,0,0,0,0
6.401072,0,0,0,0
6.402493,0,0,0,0
6.405007,0,0,0,0
6.406447,0,0,0,0
6.407866,0,0,0,0
6.409287,0,0,0,0
6.410707,0,0,0,0
6.412125,0,0,0,0
6.413566,0,0,0,0
6.415018,0,0,0,0
6.417882,0,0,0,0
6.421217,0,0,0,0
6.422672,0,0,0,0
6.424125,0,0,0,0
6.425590,0,0,0,0
6.427050,0,0,0,0
6.428498,0,0,0,0
6.429919,0,0,0,0
6.431340,0,0,0,0
6.432759,0,0,0,0
6.438170,0,0,0,0
6.439646,0,0,0,0
6.441071,0,0,0,0
6.442499,0,0,0,0
6.443946,0,0,0,0
6.445401,0,0,0,0
6.446824,0,0,0,0
6.448295,0,0,0,0
6.449716,0,0,0,0
6.451136,0,0,0,0
6.452573,0,0,0,0
6.453990,0,0,0,0
6.455420,0,0,0,0
6.456837,0,0,0,0
6.458258,0,0,0,0
6.459674,0,0,0,0
6.469210,0,0,0,0
6.470645,0,0,0,0
6.472067,0,0,0,0
6.473487,0,0,0,0
6.474906,0,0,0,0
6.476342,0,0,0,0
6.477763,0,0,0,0
6.479182,0,0,0,0
6.480600,0,0,0,0
6.482020,0,0,0,0
6.483442,0,0,0,0
6.484879,0,0,0,0
6.486315,0,0,0,0
6.488921,0,0,0,0
6.501445,0,0,0,0
6.502902,0,0,0,0
6.509811,0,0,0,0
6.511265,0,0,0,0
6.512718,0,0,0,0
6.514198,0,0,0,0
6.518197,0,0,0,0
6.519737,0,0,0,0
6.521251,0,0,0,0
6.522705,0,0,0,0
6.524158,0,0,0,0
6.525640,0,0,0,0
6.527116,0,0,0,0
6.528588,0,0,0,0
6.530061,0,0,0,0
6.531532,0,0,0,0
6.532990,0,0,0,0
6.534363,0,0,0,0
6.535818,0,0,0,0
6.537278,0,0,0,0
6.538733,0,0,0,0
6.540187,0,0,0,0
6.541666,0,0,0,0
6.543120,0,0,0,0
6.544575,0,0,0,0
6.546031,0,0,0,0
6.550512,0,0,0,0
6.551933,0,0,0,0
6.553354,0,0,0,0
6.554773,0,0,0,0
6.556191,0,0,0,0
6.593113,0,0,0,0
6.594631,0,0,0,0
6.596084,0,0,0,0
6.597562,0,0,0,0
6.599016,0,0,0,0
6.600475,0,0,0,0
6.601930,0,0,0,0
6.603384,0,0,0,0
6.604842,0,0,0,0
6.606300,0,0,0,0
6.607754,0,0,0,0
6.609211,0,0,0,0
6.610667,0,0,0,0
6.612122,0,0,0,0
6.613624,0,0,0,0
6.615212,0,0,0,0
6.616682,0,0,0,0
6.618136,0,0,0,0
6.619589,0,0,0,0
6.621045,0,0,0,0
6.622438,0,0,0,0
6.624200,0,0,0,0
6.649121,0,0,0,0
6.651010,0,0,0,0
6.652489,0,0,0,0
6.653942,0,0,0,0
6.655396,0,0,0,0
6.656859,0,0,0,0
6.658338,0,0,0,0
6.659792,0,0,0,0
6.661256,0,0,0,0
6.662712,0,0,0,0
6.664168,0,0,0,0
6.665625,0,0,0,0
6.667081,0,0,0,0
6.668567,0,0,0,0
6.670021,0,0,0,0
6.671482,0,0,0,0
6.672937,0,0,0,0
6.674336,0,0,0,0
6.675792,0,0,0,0
6.677257,0,0,0,0
6.678709,0,0,0,0
6.680162,0,0,0,0
6.681626,0,0,0,0
6.683080,0,0,0,0
6.684564,0,0,0,0
6.686056,0,0,0,0
6.687512,0,0,0,0
6.688968,0,0,0,0
6.690443,0,0,0,0
6.691907,0,0,0,0
6.693385,0,0,0,0
6.694804,0,0,0,0
6.696224,0,0,0,0
6.697651,0,0,0,0
6.699070,0,0,0,0
6.700507,0,0,0,0
6.701933,0,0,0,0
6.703387,0,0,0,0
6.704841,0,0,0,0
6.706298,0,0,0,0
6.707754,0,0,0,0
6.709211,0,0,0,0
6.710667,0,0,0,0
6.712140,0,0,0,0
6.713597,0,0,0,0
6.715051,0,0,0,0
6.716529,0,0,0,0
6.717981,0,0,0,0
6.719434,0,0,0,0
6.720887,0,0,0,0
6.722346,0,0,0,0
6.723801,0,0,0,0
6.725258,0,0,0,0
6.726751,0,0,0,0
6.728205,0,0,0,0
6.729685,0,0,0,0
6.731144,0,0,0,0
6.732627,0,0,0,0
6.734083,0,0,0,0
6.735539,0,0,0,0
6.736992,0,0,0,0
6.738450,0,0,0,0
6.739904,0,0,0,0
6.741383,0,0,0,0
6.742846,0,0,0,0
6.744300,0,0,0,0
6.745754,0,0,0,0
6.747206,0,0,0,0
6.748757,0,0,0,0
6.750279,0,0,0,0
6.751732,0,0,0,0
6.753195,0,0,0,0
6.754649,0,0,0,0
6.756110,0,0,0,0
6.757586,0,0,0,0
6.759004,0,0,0,0
6.760473,0,0,0,0
6.761894,0,0,0,0
6.763324,0,0,0,0
6.764743,0,0,0,0
6.766207,0,0,0,0
6.767663,0,0,0,0
6.769120,0,0,0,0
6.770578,0,0,0,0
6.772031,0,0,0,0
6.773519,0,0,0,0
6.774988,0,0,0,0
6.776462,0,0,0,0
6.777916,0,0,0,0
6.779370,0,0,0,0
6.780824,0,0,0,0
6.782278,0,0,0,0
6.783741,0,0,0,0
6.785197,0,0,0,0
6.786650,0,0,0,0
6.788104,0,0,0,0
6.789584,0,0,0,0
6.791043,0,0,0,0
6.792491,0,0,0,0
6.793949,0,0,0,0
6.795404,0,0,0,0
6.796866,0,0,0,0
6.798279,0,0,0,0
6.799735,0,0,0,0
6.801204,0,0,0,0
6.802661,0,0,0,0
6.804124,0,0,0,0
6.805495,0,0,0,0
6.806948,0,0,0,0
6.808400,0,0,0,0
6.809866,0,0,0,0
6.811322,0,0,0,0
6.812798,0,0,0,0
6.814278,0,0,0,0
6.815735,0,0,0,0
6.817189,0,0,0,0
6.818644,0,0,0,0
6.820096,0,0,0,0
6.821553,0,0,0,0
6.823008,0,0,0,0
6.824470,0,0,0,0
6.825928,0,0,0,0
6.827387,0,0,0,0
6.828842,0,0,0,0
6.830330,0,0,0,0
6.831747,0,0,0,0
6.833166,0,0,0,0
6.834589,0,0,0,0
6.836006,0,0,0,0
6.837447,0,0,0,0
6.838909,0,0,0,0
6.841106,0,0,0,0
6.842559,0,0,0,0
6.844012,0,0,0,0
6.845494,0,0,0,0
6.846977,0,0,0,0
6.849256,0,0,0,0
6.850707,0,0,0,0
6.852320,0,0,0,0
6.853792,0,0,0,0
6.855228,0,0,0,0
6.856659,0,0,0,0
6.858078,0,0,0,0
6.859496,0,0,0,0
6.860917,0,0,0,0
6.862313,0,0,0,0
6.863731,0,0,0,0
6.865153,0,0,0,0
6.866571,0,0,0,0
6.867995,0,0,0,0
6.869433,0,0,0,0
6.870849,0,0,0,0
6.872266,0,0,0,0
6.873684,0,0,0,0
6.889366,0,0,0,0
6.890742,0,0,0,0
6.892161,0,0,0,0
6.893597,0,0,0,0
6.895015,0,0,0,0
6.896440,0,0,0,0
6.897860,0,0,0,0
6.899282,0,0,0,0
6.900720,0,0,0,0
6.902178,0,0,0,0
6.903597,0,0,0,0
6.905014,0,0,0,0
6.906410,0,0,0,0
6.907829,0,0,0,0
6.917144,0,0,0,0
6.918504,0,0,0,0
6.919923,0,0,0,0
6.921344,0,0,0,0
6.922763,0,0,0,0
6.924182,0,0,0,0
6.925618,0,0,0,0
6.927038,0,0,0,0
6.928455,0,0,0,0
6.929881,0,0,0,0
6.931319,0,0,0,0
6.932738,0,0,0,0
6.934200,0,0,0,0
6.935619,0,0,0,0
6.937038,0,0,0,0
6.938412,0,0,0,0
6.939831,0,0,0,0
6.941258,0,0,0,0
6.942680,0,0,0,0
6.944102,0,0,0,0
6.945543,0,0,0,0
6.946965,0,0,0,0
6.948405,0,0,0,0
6.949826,0,0,0,0
6.951246,0,0,0,0
6.952672,0,0,0,0
6.954091,0,0,0,0
6.955509,0,0,0,0
6.956928,0,0,0,0
6.958316,0,0,0,0
6.959749,0,0,0,0
6.961168,0,0,0,0
6.962589,0,0,0,0
6.964014,0,0,0,0
6.965453,0,0,0,0
6.966873,0,0,0,0
6.968290,0,0,0,0
6.969710,0,0,0,0
6.971128,0,0,0,0
6.972563,0,0,0,0
6.973983,0,0,0,0
6.975406,0,0,0,0
6.976825,0,0,0,0
6.978193,0,0,0,0
6.979612,0,0,0,0
6.981030,0,0,0,0
6.982421,0,0,0,0
6.983842,0,0,0,0
6.985262,0,0,0,0
6.986685,0,0,0,0
6.988104,0,0,0,0
6.989542,0,0,0,0
6.990960,0,0,0,0
6.992379,0,0,0,0
6.993799,0,0,0,0
6.995218,0,0,0,0
6.996653,0,0,0,0
6.998077,0,0,0,0
6.999496,0,0,0,0
7.000915,0,0,0,0
7.002299,0,0,0,0
7.003718,0,0,0,0
7.005111,0,0,0,0
7.006530,0,0,0,0
7.007948,0,0,0,0
7.009374,0,0,0,0
7.010793,0,0,0,0
7.012232,0,0,0,0
7.013650,0,0,0,0
7.015041,0,0,0,0
7.016457,0,0,0,0
7.017875,0,0,0,0
7.019295,0,0,0,0
7.020735,0,0,0,0
7.022186,0,0,0,0
7.023604,0,0,0,0
7.025023,0,0,0,0
7.026408,0,0,0,0
7.027826,0,0,0,0
7.029245,0,0,0,0
7.030675,0,0,0,0
7.032101,0,0,0,0
7.033520,0,0,0,0
7.034957,0,0,0,0
7.036406,0,0,0,0
7.037826,0,0,0,0
7.039244,0,0,0,0
7.040662,0,0,0,0
7.042081,0,0,0,0
7.043504,0,0,0,0
7.044940,0,0,0,0
7.046311,0,0,0,0
7.047729,0,0,0,0
7.049149,0,0,0,0
7.050570,0,0,0,0
7.051988,0,0,0,0
7.053408,0,0,0,0
7.054834,0,0,0,0
7.056267,0,0,0,0
7.057688,0,0,0,0
7.059110,0,0,0,0
7.060530,0,0,0,0
7.061950,0,0,0,0
7.063369,0,0,0,0
7.064838,0,0,0,0
7.066291,0,0,0,0
7.067744,0,0,0,0
7.069250,0,0,0,0
7.070793,0,0,0,0
7.072245,0,0,0,0
7.073706,0,0,0,0
7.075167,0,0,0,0
7.076647,0,0,0,0
7.078102,0,0,0,0
7.079555,0,0,0,0
7.081007,0,0,0,0
7.082446,0,0,0,0
7.083901,0,0,0,0
7.085386,0,0,0,0
7.086839,0,0,0,0
7.088292,0,0,0,0
7.089712,0,0,0,0
7.091130,0,0,0,0
7.092566,0,0,0,0
7.093985,0,0,0,0
7.095411,0,0,0,0
7.096830,0,0,0,0
7.098190,0,0,0,0
7.099609,0,0,0,0
7.101044,0,0,0,0
7.102455,0,0,0,0
7.103874,0,0,0,0
7.105296,0,0,0,0
7.106722,0,0,0,0
7.108142,0,0,0,0
7.109578,0,0,0,0
7.110996,0,0,0,0
7.112416,0,0,0,0
7.113837,0,0,0,0
7.115287,0,0,0,0
7.116723,0,0,0,0
7.118184,0,0,0,0
7.119605,0,0,0,0
7.121023,0,0,0,0
7.122409,0,0,0,0
7.123853,0,0,0,0
7.125280,0,0,0,0
7.126734,0,0,0,0
7.128154,0,0,0,0
7.129570,0,0,0,0
7.130908,0,0,0,0
7.132340,0,0,0,0
7.133760,0,0,0,0
7.135222,0,0,0,0
7.136673,0,0,0,0
7.138133,0,0,0,0
7.139597,0,0,0,0
7.141071,0,0,0,0
7.142522,0,0,0,0
7.143981,0,0,0,0
7.145408,0,0,0,0
7.146832,0,0,0,0
7.148267,0,0,0,0
7.149688,0,0,0,0
7.151107,0,0,0,0
7.152525,0,0,0,0
7.153962,0,0,0,0
7.155378,0,0,0,0
7.156820,0,0,0,0
7.158229,0,0,0,0
7.159651,0,0,0,0
7.161076,0,0,0,0
7.162506,0,0,0,0
7.163929,0,0,0,0
7.165382,0,0,0,0
7.166801,0,0,0,0
7.168220,0,0,0,0
7.169642,0,0,0,0
7.171099,0,0,0,0
7.172518,0,0,0,0
7.173958,0,0,0,0
7.175394,0,0,0,0
7.176837,0,0,0,0
7.178201,0,0,0,0
7.179618,0,0,0,0
7.181038,0,0,0,0
7.182428,0,0,0,0
7.183851,0,0,0,0
7.185271,0,0,0,0
7.186690,0,0,0,0
7.188108,0,0,0,0
7.189550,0,0,0,0
7.190935,0,0,0,0
7.192355,0,0,0,0
7.193779,0,0,0,0
7.195199,0,0,0,0
7.196618,0,0,0,0
7.198040,0,0,0,0
7.199459,0,0,0,0
7.200878,0,0,0,0
7.202302,0,0,0,0
7.203721,0,0,0,0
7.205147,0,0,0,0
7.206567,0,0,0,0
7.207986,0,0,0,0
7.209406,0,0,0,0
7.210830,0,0,0,0
7.212267,0,0,0,0
7.213687,0,0,0,0
7.215106,0,0,0,0
7.216531,0,0,0,0
7.217950,0,0,0,0
7.219370,0,0,0,0
7.220808,0,0,0,0
7.222222,0,0,0,0
7.223640,0,0,0,0
7.225059,0,0,0,0
7.226536,0,0,0,0
7.227987,0,0,0,0
7.229465,0,0,0,0
7.230921,0,0,0,0
7.232374,0,0,0,0
7.233828,0,0,0,0
7.235287,0,0,0,0
7.236747,0,0,0,0
7.238287,0,0,0,0
7.239709,0,0,0,0
7.241100,0,0,0,0
7.242522,0,0,0,0
7.243942,0,0,0,0
7.245387,0,0,0,0
7.246872,0,0,0,0
7.248325,0,0,0,0
7.249795,0,0,0,0
7.251249,0,0,0,0
7.252727,0,0,0,0
7.254273,0,0,0,0
7.255730,0,0,0,0
7.257191,0,0,0,0
7.258646,0,0,0,0
7.260125,0,0,0,0
7.261603,0,0,0,0
7.263057,0,0,0,0
7.264509,0,0,0,0
7.265963,0,0,0,0
7.267421,0,0,0,0
7.268875,0,0,0,0
7.270279,0,0,0,0
7.271733,0,0,0,0
7.273187,0,0,0,0
7.274640,0,0,0,0
7.276093,0,0,0,0
7.277557,0,0,0,0
7.279013,0,0,0,0
7.282121,0,0,0,0
7.283572,0,0,0,0
7.285025,0,0,0,0
7.286463,0,0,0,0
7.287920,0,0,0,0
7.289373,0,0,0,0
7.290828,0,0,0,0
7.292337,0,0,0,0
7.293790,0,0,0,0
7.295242,0,0,0,0
7.296692,0,0,0,0
7.298173,0,0,0,0
7.299630,0,0,0,0
7.301234,0,0,0,0
7.302700,0,0,0,0
7.304151,0,0,0,0
7.305603,0,0,0,0
7.307053,0,0,0,0
7.308531,0,0,0,0
7.309981,0,0,0,0
7.311432,0,0,0,0
7.312884,0,0,0,0
7.314336,0,0,0,0
7.315786,0,0,0,0
7.317234,0,0,0,0
7.318659,0,0,0,0
7.320076,0,0,0,0
7.321521,0,0,0,0
7.322939,0,0,0,0
7.324375,0,0,0,0
7.325797,0,0,0,0
7.327250,0,0,0,0
7.328710,0,0,0,0
7.330191,0,0,0,0
7.331645,0,0,0,0
7.333138,0,0,0,0
7.334593,0,0,0,0
7.336046,0,0,0,0
7.337499,0,0,0,0
7.338958,0,0,0,0
7.342041,0,0,0,0
7.343495,0,0,0,0
7.344947,0,0,0,0
7.346401,0,0,0,0
7.347855,0,0,0,0
7.349340,0,0,0,0
7.350793,0,0,0,0
7.352244,0,0,0,0
7.353697,0,0,0,0
7.355149,0,0,0,0
7.356625,0,0,0,0
7.358077,0,0,0,0
7.359537,0,0,0,0
7.360991,0,0,0,0
7.362445,0,0,0,0
7.363898,0,0,0,0
7.365376,0,0,0,0
7.367843,0,0,0,0
7.369296,0,0,0,0
7.370761,0,0,0,0
7.372237,0,0,0,0
7.373689,0,0,0,0
7.375107,0,0,0,0
7.376525,0,0,0,0
7.383801,0,0,0,0
7.385242,0,0,0,0
7.386698,0,0,0,0
7.388152,0,0,0,0
7.389521,0,0,0,0
7.390977,0,0,0,0
7.392431,0,0,0,0
7.393886,0,0,0,0
7.395347,0,0,0,0
7.396800,0,0,0,0
7.398279,0,0,0,0
7.399733,0,0,0,0
7.401185,0,0,0,0
7.402638,0,0,0,0
7.404090,0,0,0,0
7.405575,0,0,0,0
7.407028,0,0,0,0
7.408482,0,0,0,0
7.409934,0,0,0,0
7.411387,0,0,0,0
7.412841,0,0,0,0
7.414447,0,0,0,0
7.415910,0,0,0,0
7.489122,0,0,0,0
7.490597,0,0,0,0
7.492050,0,0,0,0
7.493529,0,0,0,0
7.494987,0,0,0,0
7.496440,0,0,0,0
7.497897,0,0,0,0
7.499349,0,0,0,0
7.500834,0,0,0,0
7.502300,0,0,0,0
7.503755,0,0,0,0
7.505209,0,0,0,0
7.506665,0,0,0,0
7.508120,0,0,0,0
7.509598,0,0,0,0
7.511060,0,0,0,0
7.512516,0,0,0,0
7.513970,0,0,0,0
7.515425,0,0,0,0
7.516901,0,0,0,0
7.518353,0,0,0,0
7.519807,0,0,0,0
7.521269,0,0,0,0
7.522726,0,0,0,0
7.524182,0,0,0,0
7.525659,0,0,0,0
7.527116,0,0,0,0
7.528570,0,0,0,0
7.530025,0,0,0,0
7.531487,0,0,0,0
7.532942,0,0,0,0
7.534383,0,0,0,0
7.535804,0,0,0,0
7.537223,0,0,0,0
7.538643,0,0,0,0
7.540062,0,0,0,0
7.541509,0,0,0,0
7.542964,0,0,0,0
7.544418,0,0,0,0
7.545873,0,0,0,0
7.547332,0,0,0,0
7.548806,0,0,0,0
7.550285,0,0,0,0
7.551772,0,0,0,0
7.553228,0,0,0,0
7.554682,0,0,0,0
7.556137,0,0,0,0
7.557617,0,0,0,0
7.559069,0,0,0,0
7.560524,0,0,0,0
7.561987,0,0,0,0
7.563443,0,0,0,0
7.564919,0,0,0,0
7.566357,0,0,0,0
7.567811,0,0,0,0
7.569267,0,0,0,0
7.570721,0,0,0,0
7.572182,0,0,0,0
7.573667,0,0,0,0
7.575121,0,0,0,0
7.576575,0,0,0,0
7.578030,0,0,0,0
7.579510,0,0,0,0
7.581027,0,0,0,0
7.582456,0,0,0,0
7.583878,0,0,0,0
7.585308,0,0,0,0
7.586730,0,0,0,0
7.588152,0,0,0,0
7.589594,0,0,0,0
7.591015,0,0,0,0
7.592434,0,0,0,0
7.594472,0,0,0,0
7.595903,0,0,0,0
7.597252,0,0,0,0
7.601127,0,0,0,0
7.602753,0,0,0,0
7.604182,0,0,0,0
7.605627,0,0,0,0
7.607062,0,0,0,0
7.608482,0,0,0,0
7.609901,0,0,0,0
7.611328,0,0,0,0
7.612748,0,0,0,0
7.614229,0,0,0,0
7.615650,0,0,0,0
7.617070,0,0,0,0
7.618491,0,0,0,0
7.619914,0,0,0,0
7.621356,0,0,0,0
7.622775,0,0,0,0
7.624194,0,0,0,0
7.625620,0,0,0,0
7.627040,0,0,0,0
7.628478,0,0,0,0
7.629898,0,0,0,0
7.631318,0,0,0,0
7.632738,0,0,0,0
7.634176,0,0,0,0
7.635597,0,0,0,0
7.637024,0,0,0,0
7.638423,0,0,0,0
7.639842,0,0,0,0
7.641263,0,0,0,0
7.642683,0,0,0,0
7.644105,0,0,0,0
7.645545,0,0,0,0
7.646964,0,0,0,0
7.648390,0,0,0,0
7.649814,0,0,0,0
7.651267,0,0,0,0
7.652742,0,0,0,0
7.654271,0,0,0,0
7.655725,0,0,0,0
7.657181,0,0,0,0
7.658642,0,0,0,0
7.660095,0,0,0,0
7.661551,0,0,0,0
7.677161,0,0,0,0
7.678534,0,0,0,0
7.679958,0,0,0,0
7.681380,0,0,0,0
7.682801,0,0,0,0
7.684244,0,0,0,0
7.685667,0,0,0,0
7.687130,0,0,0,0
7.688594,0,0,0,0
7.690050,0,0,0,0
7.691505,0,0,0,0
7.692962,0,0,0,0
7.694424,0,0,0,0
7.695878,0,0,0,0
7.697334,0,0,0,0
7.698797,0,0,0,0
7.700276,0,0,0,0
7.701733,0,0,0,0
7.703187,0,0,0,0
7.704639,0,0,0,0
7.706095,0,0,0,0
7.707550,0,0,0,0
7.709033,0,0,0,0
7.710467,0,0,0,0
7.711922,0,0,0,0
7.713377,0,0,0,0
7.714834,0,0,0,0
7.716308,0,0,0,0
7.717763,0,0,0,0
7.719225,0,0,0,0
7.720682,0,0,0,0
7.722138,0,0,0,0
7.723594,0,0,0,0
7.725050,0,0,0,0
7.733134,0,0,0,0
7.734601,0,0,0,0
7.736055,0,0,0,0
7.737510,0,0,0,0
7.738965,0,0,0,0
7.740442,0,0,0,0
7.741894,0,0,0,0
7.743313,0,0,0,0
7.744738,0,0,0,0
7.746215,0,0,0,0
7.747652,0,0,0,0
7.749077,0,0,0,0
7.750531,0,0,0,0
7.751987,0,0,0,0
7.753442,0,0,0,0
7.754903,0,0,0,0
7.756381,0,0,0,0
7.757836,0,0,0,0
7.765110,0,0,0,0
7.766541,0,0,0,0
7.767962,0,0,0,0
7.769384,0,0,0,0
7.770803,0,0,0,0
7.772241,0,0,0,0
7.773661,0,0,0,0
7.775079,0,0,0,0
7.776498,0,0,0,0
7.777923,0,0,0,0
7.779345,0,0,0,0
7.780777,0,0,0,0
7.782242,0,0,0,0
7.783661,0,0,0,0
7.785078,0,0,0,0
7.786497,0,0,0,0
7.787915,0,0,0,0
7.789358,0,0,0,0
7.790778,0,0,0,0
7.792197,0,0,0,0
7.793617,0,0,0,0
7.795034,0,0,0,0
7.796469,0,0,0,0
7.797889,0,0,0,0
7.799307,0,0,0,0
7.800732,0,0,0,0
7.802180,0,0,0,0
7.803599,0,0,0,0
7.805032,0,0,0,0
7.806457,0,0,0,0
7.807910,0,0,0,0
7.809365,0,0,0,0
7.810828,0,0,0,0
7.812305,0,0,0,0
7.813761,0,0,0,0
7.815240,0,0,0,0
7.816699,0,0,0,0
7.818195,0,0,0,0
7.819669,0,0,0,0
7.821213,0,0,0,0
7.822719,0,0,0,0
7.824137,0,0,0,0
7.825555,0,0,0,0
7.826971,0,0,0,0
7.828388,0,0,0,0
7.829808,0,0,0,0
7.831270,0,0,0,0
7.832724,0,0,0,0
7.834155,0,0,0,0
7.835575,0,0,0,0
7.836995,0,0,0,0
7.838425,0,0,0,0
7.839845,0,0,0,0
7.841271,0,0,0,0
7.842693,0,0,0,0
7.844112,0,0,0,0
7.845656,0,0,0,0
7.847113,0,0,0,0
7.848569,0,0,0,0
7.850025,0,0,0,0
7.851490,0,0,0,0
7.852950,0,0,0,0
7.854409,0,0,0,0
7.855863,0,0,0,0
7.857320,0,0,0,0
7.858775,0,0,0,0
7.860255,0,0,0,0
7.861719,0,0,0,0
7.863181,0,0,0,0
7.864658,0,0,0,0
7.866115,0,0,0,0
7.867567,0,0,0,0
7.869025,0,0,0,0
7.872901,0,0,0,0
7.874303,0,0,0,0
7.875720,0,0,0,0
7.877128,0,0,0,0
7.878549,0,0,0,0
7.879967,0,0,0,0
7.881387,0,0,0,0
7.882810,0,0,0,0
7.884251,0,0,0,0
7.885677,0,0,0,0
7.887097,0,0,0,0
7.888519,0,0,0,0
7.889938,0,0,0,0
7.891357,0,0,0,0
7.892792,0,0,0,0
7.894229,0,0,0,0
7.895692,0,0,0,0
7.901130,0,0,0,0
7.902552,0,0,0,0
7.903975,0,0,0,0
7.905416,0,0,0,0
7.906838,0,0,0,0
7.908257,0,0,0,0
7.909700,0,0,0,0
7.911118,0,0,0,0
7.912537,0,0,0,0
7.913956,0,0,0,0
7.915395,0,0,0,0
7.916829,0,0,0,0
7.918238,0,0,0,0
7.919659,0,0,0,0
7.921078,0,0,0,0
7.922497,0,0,0,0
7.923915,0,0,0,0
7.925354,0,0,0,0
7.926808,0,0,0,0
7.928235,0,0,0,0
7.929655,0,0,0,0
7.931075,0,0,0,0
7.932497,0,0,0,0
7.933920,0,0,0,0
7.935343,0,0,0,0
7.936765,0,0,0,0
7.938192,0,0,0,0
7.939620,0,0,0,0
7.941045,0,0,0,0
7.942423,0,0,0,0
7.943843,0,0,0,0
7.945261,0,0,0,0
7.946681,0,0,0,0
7.948101,0,0,0,0
7.949539,0,0,0,0
7.950966,0,0,0,0
7.952390,0,0,0,0
7.953810,0,0,0,0
7.955232,0,0,0,0
7.956668,0,0,0,0
7.958089,0,0,0,0
7.959508,0,0,0,0
7.960927,0,0,0,0
7.962306,0,0,0,0
7.963726,0,0,0,0
7.965147,0,0,0,0
7.966569,0,0,0,0
7.967988,0,0,0,0
7.969486,0,0,0,0
7.970943,0,0,0,0
7.972431,0,0,0,0
7.973889,0,0,0,0
7.975343,0,0,0,0
7.976798,0,0,0,0
7.978224,0,0,0,0
7.979655,0,0,0,0
7.981225,0,0,0,0
7.982677,0,0,0,0
7.984098,0,0,0,0
7.985524,0,0,0,0
7.987052,0,0,0,0
7.988636,0,0,0,0
7.990097,0,0,0,0
7.991555,0,0,0,0
7.993018,0,0,0,0
7.994450,0,0,0,0
7.995906,0,0,0,0
7.997392,0,0,0,0
7.998846,0,0,0,0
8.000299,0,0,0,0
8.001752,0,0,0,0
8.003217,0,0,0,0
8.004693,0,0,0,0
8.006206,0,0,0,0
8.007660,0,0,0,0
8.009107,0,0,0,0
8.010550,0,0,0,0
8.011968,0,0,0,0
8.013408,0,0,0,0
8.017097,0,0,0,0
8.018518,0,0,0,0
8.019935,0,0,0,0
8.021375,0,0,0,0
8.022794,0,0,0,0
8.024219,0,0,0,0
8.025641,0,0,0,0
8.027059,0,0,0,0
8.028495,0,0,0,0
8.029915,0,0,0,0
8.031333,0,0,0,0
8.032752,0,0,0,0
8.034185,0,0,0,0
8.035610,0,0,0,0
8.037032,0,0,0,0
8.038431,0,0,0,0
8.039873,0,0,0,0
8.041292,0,0,0,0
8.042712,0,0,0,0
8.044130,0,0,0,0
8.045561,0,0,0,0
8.046988,0,0,0,0
8.048412,0,0,0,0
8.049836,0,0,0,0
8.051291,0,0,0,0
8.052798,0,0,0,0
8.054274,0,0,0,0
8.055727,0,0,0,0
8.057193,0,0,0,0
8.058649,0,0,0,0
8.060103,0,0,0,0
8.061585,0,0,0,0
8.063039,0,0,0,0
8.064493,0,0,0,0
8.065946,0,0,0,0
8.067407,0,0,0,0
8.068864,0,0,0,0
8.070279,0,0,0,0
8.071735,0,0,0,0
8.073188,0,0,0,0
8.074649,0,0,0,0
8.077130,0,0,0,0
8.078593,0,0,0,0
8.080051,0,0,0,0
8.081506,0,0,0,0
8.082959,0,0,0,0
8.084437,0,0,0,0
8.085895,0,0,0,0
8.087351,0,0,0,0
8.088813,0,0,0,0
8.090235,0,0,0,0
8.091691,0,0,0,0
8.093211,0,0,0,0
8.094668,0,0,0,0
8.096126,0,0,0,0
8.097581,0,0,0,0
8.101120,0,0,0,0
8.102545,0,0,0,0
8.103965,0,0,0,0
8.105385,0,0,0,0
8.106805,0,0,0,0
8.108242,0,0,0,0
8.109669,0,0,0,0
8.111152,0,0,0,0
8.112608,0,0,0,0
8.114063,0,0,0,0
8.115517,0,0,0,0
8.116970,0,0,0,0
8.118357,0,0,0,0
8.119818,0,0,0,0
8.121274,0,0,0,0
8.122724,0,0,0,0
8.124173,0,0,0,0
8.125652,0,0,0,0
8.127106,0,0,0,0
8.128559,0,0,0,0
8.130020,0,0,0,0
8.131475,0,0,0,0
8.132930,0,0,0,0
8.138220,0,0,0,0
8.139675,0,0,0,0
8.141152,0,0,0,0
8.142609,0,0,0,0
8.144062,0,0,0,0
8.145519,0,0,0,0
8.146975,0,0,0,0
8.148451,0,0,0,0
8.149905,0,0,0,0
8.151289,0,0,0,0
8.152746,0,0,0,0
8.154218,0,0,0,0
8.155673,0,0,0,0
8.157178,0,0,0,0
8.158638,0,0,0,0
8.160095,0,0,0,0
8.161559,0,0,0,0
8.163017,0,0,0,0
8.164501,0,0,0,0
8.165957,0,0,0,0
8.167411,0,0,0,0
8.168866,0,0,0,0
8.170340,0,0,0,0
8.171804,0,0,0,0
8.173260,0,0,0,0
8.174714,0,0,0,0
8.176167,0,0,0,0
8.177626,0,0,0,0
8.179079,0,0,0,0
8.180558,0,0,0,0
8.182018,0,0,0,0
8.183437,0,0,0,0
8.184855,0,0,0,0
8.186276,0,0,0,0
8.187694,0,0,0,0
8.189112,0,0,0,0
8.190564,0,0,0,0
8.192028,0,0,0,0
8.193484,0,0,0,0
8.194937,0,0,0,0
8.196412,0,0,0,0
8.197867,0,0,0,0
8.199319,0,0,0,0
8.200772,0,0,0,0
8.205245,0,0,0,0
8.206774,0,0,0,0
8.208231,0,0,0,0
8.213226,0,0,0,0
8.214690,0,0,0,0
8.216145,0,0,0,0
8.217600,0,0,0,0
8.219054,0,0,0,0
8.220532,0,0,0,0
8.221989,0,0,0,0
8.223444,0,0,0,0
8.224906,0,0,0,0
8.226335,0,0,0,0
8.227787,0,0,0,0
8.229252,0,0,0,0
8.230708,0,0,0,0
8.232161,0,0,0,0
8.233619,0,0,0,0
8.235083,0,0,0,0
8.236577,0,0,0,0
8.238034,0,0,0,0
8.239487,0,0,0,0
8.240940,0,0,0,0
8.242332,0,0,0,0
8.243782,0,0,0,0
8.245246,0,0,0,0
8.246703,0,0,0,0
8.248071,0,0,0,0
8.249489,0,0,0,0
8.250920,0,0,0,0
8.252358,0,0,0,0
8.253776,0,0,0,0
8.255194,0,0,0,0
8.256619,0,0,0,0
8.258039,0,0,0,0
8.259457,0,0,0,0
8.260890,0,0,0,0
8.263806,0,0,0,0
8.268245,0,0,0,0
8.269712,0,0,0,0
8.271191,0,0,0,0
8.272581,0,0,0,0
8.274037,0,0,0,0
8.275407,0,0,0,0
8.276861,0,0,0,0
8.278304,0,0,0,0
8.279765,0,0,0,0
8.281221,0,0,0,0
8.283569,0,0,0,0
8.285047,0,0,0,0
8.286477,0,0,0,0
8.287930,0,0,0,0
8.289387,0,0,0,0
8.290851,0,0,0,0
8.292328,0,0,0,0
8.293784,0,0,0,0
8.295264,0,0,0,0
8.296719,0,0,0,0
8.298193,0,0,0,0
8.299664,0,0,0,0
8.301127,0,0,0,0
8.302606,0,0,0,0
8.304061,0,0,0,0
8.305517,0,0,0,0
8.306969,0,0,0,0
8.308448,0,0,0,0
8.310003,0,0,0,0
8.311464,0,0,0,0
8.312927,0,0,0,0
8.314335,0,0,0,0
8.315789,0,0,0,0
8.317244,0,0,0,0
8.318709,0,0,0,0
8.320218,0,0,0,0
8.321673,0,0,0,0
8.323102,0,0,0,0
8.324545,0,0,0,0
8.329098,0,0,0,0
8.330516,0,0,0,0
8.331943,0,0,0,0
8.333379,0,0,0,0
8.334799,0,0,0,0
8.336218,0,0,0,0
8.337639,0,0,0,0
8.339058,0,0,0,0
8.340495,0,0,0,0
8.341917,0,0,0,0
8.343343,0,0,0,0
8.344762,0,0,0,0
8.346199,0,0,0,0
8.347617,0,0,0,0
8.349036,0,0,0,0
8.350476,0,0,0,0
8.351940,0,0,0,0
8.353423,0,0,0,0
8.354859,0,0,0,0
8.356313,0,0,0,0
8.357733,0,0,0,0
8.359153,0,0,0,0
8.360573,0,0,0,0
8.361995,0,0,0,0
8.363420,0,0,0,0
8.364859,0,0,0,0
8.366282,0,0,0,0
8.367702,0,0,0,0
8.369101,0,0,0,0
8.370508,0,0,0,0
8.371927,0,0,0,0
8.373365,0,0,0,0
8.374792,0,0,0,0
8.376211,0,0,0,0
8.377630,0,0,0,0
8.379049,0,0,0,0
8.380469,0,0,0,0
8.381889,0,0,0,0
8.383307,0,0,0,0
8.384726,0,0,0,0
8.386167,0,0,0,0
8.387620,0,0,0,0
8.389135,0,0,0,0
8.390592,0,0,0,0
8.392047,0,0,0,0
8.393501,0,0,0,0
8.394954,0,0,0,0
8.396438,0,0,0,0
8.397894,0,0,0,0
8.399346,0,0,0,0
8.400800,0,0,0,0
8.402235,0,0,0,0
8.403690,0,0,0,0
8.405155,0,0,0,0
8.406623,0,0,0,0
8.408077,0,0,0,0
8.409533,0,0,0,0
8.410990,0,0,0,0
8.412468,0,0,0,0
8.413922,0,0,0,0
8.415377,0,0,0,0
8.416837,0,0,0,0
8.418302,0,0,0,0
8.419757,0,0,0,0
8.421212,0,0,0,0
8.422647,0,0,0,0
8.424068,0,0,0,0
8.425492,0,0,0,0
8.426918,0,0,0,0
8.428342,0,0,0,0
8.429808,0,0,0,0
8.431267,0,0,0,0
8.432722,0,0,0,0
8.434195,0,0,0,0
8.435650,0,0,0,0
8.437125,0,0,0,0
8.438584,0,0,0,0
8.440040,0,0,0,0
8.441496,0,0,0,0
8.442951,0,0,0,0
8.444445,0,0,0,0
8.445901,0,0,0,0
8.447282,0,0,0,0
8.448736,0,0,0,0
8.450207,0,0,0,0
8.451664,0,0,0,0
8.454128,0,0,0,0
8.455585,0,0,0,0
8.457038,0,0,0,0
8.458487,0,0,0,0
8.459958,0,0,0,0
8.461440,0,0,0,0
8.462895,0,0,0,0
8.464349,0,0,0,0
8.465804,0,0,0,0
8.467258,0,0,0,0
8.468778,0,0,0,0
8.470284,0,0,0,0
8.471740,0,0,0,0
8.473198,0,0,0,0
8.474663,0,0,0,0
8.476119,0,0,0,0
8.477492,0,0,0,0
8.478955,0,0,0,0
8.480444,0,0,0,0
8.481898,0,0,0,0
8.483354,0,0,0,0
8.484807,0,0,0,0
8.486273,0,0,0,0
8.487693,0,0,0,0
8.489103,0,0,0,0
8.490524,0,0,0,0
8.491955,0,0,0,0
8.493395,0,0,0,0
8.494848,0,0,0,0
8.496302,0,0,0,0
8.497759,0,0,0,0
8.499223,0,0,0,0
8.500702,0,0,0,0
8.502203,0,0,0,0
8.504934,0,0,0,0
8.506338,0,0,0,0
8.512381,0,0,0,0
8.513843,0,0,0,0
8.515298,0,0,0,0
8.516752,0,0,0,0
8.518901,0,0,0,0
8.520358,0,0,0,0
8.521814,0,0,0,0
8.525006,0,0,0,0
8.526424,0,0,0,0
8.527809,0,0,0,0
8.529262,0,0,0,0
8.530719,0,0,0,0
8.532175,0,0,0,0
8.533656,0,0,0,0
8.535142,0,0,0,0
8.536606,0,0,0,0
8.538242,0,0,0,0
8.539697,0,0,0,0
8.541172,0,0,0,0
8.542528,0,0,0,0
8.543952,0,0,0,0
8.545374,0,0,0,0
8.546802,0,0,0,0
8.548243,0,0,0,0
8.549665,0,0,0,0
8.551086,0,0,0,0
8.552506,0,0,0,0
8.553925,0,0,0,0
8.555345,0,0,0,0
8.556780,0,0,0,0
8.560965,0,0,0,0
8.562390,0,0,0,0
8.563725,0,0,0,0
8.565112,0,0,0,0
8.566533,0,0,0,0
8.567955,0,0,0,0
8.569381,0,0,0,0
8.570802,0,0,0,0
8.572242,0,0,0,0
8.573661,0,0,0,0
8.575080,0,0,0,0
8.576498,0,0,0,0
8.577918,0,0,0,0
8.579337,0,0,0,0
8.580778,0,0,0,0
8.582232,0,0,0,0
8.583651,0,0,0,0
8.585072,0,0,0,0
8.586524,0,0,0,0
8.587976,0,0,0,0
8.589469,0,0,0,0
8.590931,0,0,0,0
8.592386,0,0,0,0
8.593848,0,0,0,0
8.595302,0,0,0,0
8.596780,0,0,0,0
8.598273,0,0,0,0
8.599728,0,0,0,0
8.601192,0,0,0,0
8.602646,0,0,0,0
8.604100,0,0,0,0
8.605578,0,0,0,0
8.607057,0,0,0,0
8.608510,0,0,0,0
8.609969,0,0,0,0
8.611430,0,0,0,0
8.612908,0,0,0,0
8.621404,0,0,0,0
8.622868,0,0,0,0
8.624320,0,0,0,0
8.628460,0,0,0,0
8.629915,0,0,0,0
8.631369,0,0,0,0
8.632820,0,0,0,0
8.634228,0,0,0,0
8.635685,0,0,0,0
8.637132,0,0,0,0
8.638558,0,0,0,0
8.639978,0,0,0,0
8.641399,0,0,0,0
8.673162,0,0,0,0
8.674611,0,0,0,0
8.676035,0,0,0,0
8.677475,0,0,0,0
8.678893,0,0,0,0
8.680308,0,0,0,0
8.681730,0,0,0,0
8.683150,0,0,0,0
8.684567,0,0,0,0
8.685993,0,0,0,0
8.687414,0,0,0,0
8.688834,0,0,0,0
8.690192,0,0,0,0
8.691619,0,0,0,0
8.693036,0,0,0,0
8.694425,0,0,0,0
8.695844,0,0,0,0
8.697270,0,0,0,0
8.698689,0,0,0,0
8.700108,0,0,0,0
8.701550,0,0,0,0
8.702969,0,0,0,0
8.704390,0,0,0,0
8.705820,0,0,0,0
8.707239,0,0,0,0
8.708666,0,0,0,0
8.710087,0,0,0,0
8.711507,0,0,0,0
8.712928,0,0,0,0
8.714300,0,0,0,0
8.715718,0,0,0,0
8.717128,0,0,0,0
8.718549,0,0,0,0
8.719973,0,0,0,0
8.721394,0,0,0,0
8.722813,0,0,0,0
8.724249,0,0,0,0
8.725669,0,0,0,0
8.727088,0,0,0,0
8.728507,0,0,0,0
8.729924,0,0,0,0
8.731349,0,0,0,0
8.732785,0,0,0,0
8.734229,0,0,0,0
8.735650,0,0,0,0
8.737069,0,0,0,0
8.738489,0,0,0,0
8.739910,0,0,0,0
8.741359,0,0,0,0
8.742782,0,0,0,0
8.744202,0,0,0,0
8.745623,0,0,0,0
8.747043,0,0,0,0
8.748463,0,0,0,0
8.749883,0,0,0,0
8.751307,0,0,0,0
8.752734,0,0,0,0
8.754174,0,0,0,0
8.755594,0,0,0,0
8.757013,0,0,0,0
8.758430,0,0,0,0
8.759848,0,0,0,0
8.761270,0,0,0,0
8.762690,0,0,0,0
8.797152,0,0,0,0
8.798621,0,0,0,0
8.800042,0,0,0,0
8.801462,0,0,0,0
8.802880,0,0,0,0
8.804298,0,0,0,0
8.805719,0,0,0,0
8.807138,0,0,0,0
8.808557,0,0,0,0
8.809982,0,0,0,0
8.811402,0,0,0,0
8.812838,0,0,0,0
8.814223,0,0,0,0
8.815642,0,0,0,0
8.817060,0,0,0,0
8.818489,0,0,0,0
8.819907,0,0,0,0
8.821359,0,0,0,0
8.822780,0,0,0,0
8.824199,0,0,0,0
8.825619,0,0,0,0
8.827037,0,0,0,0
8.828472,0,0,0,0
8.829892,0,0,0,0
8.831312,0,0,0,0
8.832736,0,0,0,0
8.834174,0,0,0,0
8.835593,0,0,0,0
8.837027,0,0,0,0
8.838428,0,0,0,0
8.839847,0,0,0,0
8.841275,0,0,0,0
8.842695,0,0,0,0
8.844118,0,0,0,0
8.845553,0,0,0,0
8.846919,0,0,0,0
8.848340,0,0,0,0
8.849760,0,0,0,0
8.851180,0,0,0,0
8.852615,0,0,0,0
8.854032,0,0,0,0
8.855457,0,0,0,0
8.856876,0,0,0,0
8.858300,0,0,0,0
8.859718,0,0,0,0
8.861118,0,0,0,0
8.862570,0,0,0,0
8.864023,0,0,0,0
8.865485,0,0,0,0
8.866940,0,0,0,0
8.868418,0,0,0,0
8.869893,0,0,0,0
8.871349,0,0,0,0
8.872805,0,0,0,0
8.874231,0,0,0,0
8.875693,0,0,0,0
8.877175,0,0,0,0
8.878631,0,0,0,0
8.880089,0,0,0,0
8.881549,0,0,0,0
8.883004,0,0,0,0
8.884483,0,0,0,0
8.885947,0,0,0,0
8.887402,0,0,0,0
8.888856,0,0,0,0
8.890322,0,0,0,0
8.891777,0,0,0,0
8.893232,0,0,0,0
8.894690,0,0,0,0
8.896151,0,0,0,0
8.897607,0,0,0,0
8.899064,0,0,0,0
8.900542,0,0,0,0
8.902885,0,0,0,0
8.904319,0,0,0,0
8.913195,0,0,0,0
8.915951,0,0,0,0
8.926478,0,0,0,0
8.927916,0,0,0,0
8.934267,0,0,0,0
8.935688,0,0,0,0
8.937103,0,0,0,0
8.941140,0,0,0,0
9.093221,0,0,0,12
9.100248,0,0,0,0
9.101679,0,0,0,0
9.103096,0,0,0,0
9.104512,0,0,0,0
9.105933,0,0,0,0
9.107349,0,0,0,0
9.108782,0,0,0,0
9.110229,0,0,0,0
9.111648,0,0,0,0
9.113066,0,0,0,0
9.114487,0,0,0,0
9.115906,0,0,0,0
9.117343,0,0,0,0
9.118763,0,0,0,0
9.120182,0,0,0,0
9.121608,0,0,0,0
9.123026,0,0,0,0
9.124460,0,0,0,0
9.125881,0,0,0,0
9.127299,0,0,0,0
9.128717,0,0,0,0
9.130142,0,0,0,0
9.131560,0,0,0,0
9.133000,0,0,0,0
9.134427,0,0,0,0
9.135845,0,0,0,0
9.137263,0,0,0,0
9.138701,0,0,0,0
9.140028,0,0,0,0
9.141357,0,0,0,0
9.142786,0,0,0,0
9.144211,0,0,0,0
9.145633,0,0,0,0
9.147056,0,0,0,0
9.148493,0,0,0,0
9.149912,0,0,0,0
9.151331,0,0,0,0
9.152749,0,0,0,0
9.154187,0,0,0,0
9.155644,0,0,0,0
9.157061,0,0,0,0
9.158482,0,0,0,0
9.159902,0,0,0,0
9.161376,0,0,0,0
9.162796,0,0,0,0
9.164235,0,0,0,0
9.165660,0,0,0,0
9.167078,0,0,0,0
9.168497,0,0,0,0
9.169836,0,0,0,0
9.171254,0,0,0,0
9.172691,0,0,0,0
9.174110,0,0,0,0
9.175529,0,0,0,0
9.176954,0,0,0,0
9.178376,0,0,0,0
9.179798,0,0,0,0
9.181218,0,0,0,0
9.182637,0,0,0,0
9.184057,0,0,0,0
9.185476,0,0,0,0
9.186894,0,0,0,0
9.188337,0,0,0,0
9.189757,0,0,0,0
9.191177,0,0,0,0
9.192597,0,0,0,0
9.194022,0,0,0,0
9.195441,0,0,0,0
9.196875,0,0,0,0
9.198325,0,0,0,0
9.199755,0,0,0,0
9.201173,0,0,0,0
9.202592,0,0,0,0
9.204011,0,0,0,0
9.205447,0,0,0,0
9.206867,0,0,0,0
9.208285,0,0,0,0
9.209710,0,0,0,0
9.211137,0,0,0,0
9.212573,0,0,0,0
9.214000,0,0,0,0
9.215419,0,0,0,0
9.216839,0,0,0,0
9.218264,0,0,0,0
9.219682,0,0,0,0
9.221130,0,0,0,0
9.222552,0,0,0,0
9.223974,0,0,0,0
9.225394,0,0,0,0
9.226813,0,0,0,0
9.228249,0,0,0,0
9.229669,0,0,0,0
9.231099,0,0,0,0
9.232524,0,0,0,0
9.233944,0,0,0,0
9.235378,0,0,0,0
9.236799,0,0,0,0
9.238140,0,0,0,0
9.239559,0,0,0,0
9.240978,0,0,0,0
9.242405,0,0,0,0
9.243832,0,0,0,0
9.245253,0,0,0,0
9.246675,0,0,0,0
9.248099,0,0,0,0
9.249525,0,0,0,0
9.250980,0,0,0,0
9.252466,0,0,0,0
9.253931,0,0,0,0
9.255392,0,0,0,0
9.256844,0,0,0,0
9.258303,0,0,0,0
9.259819,0,0,0,0
9.261316,0,0,0,0
9.262738,0,0,0,0
9.264166,0,0,0,0
9.265612,0,0,0,0
9.267105,0,0,0,0
9.268546,0,0,0,0
9.269968,0,0,0,0
9.271423,0,0,0,0
9.272877,0,0,0,0
9.274344,0,0,0,0
9.275801,0,0,0,0
9.277265,0,0,0,0
9.278721,0,0,0,0
9.280178,0,0,0,0
9.281634,0,0,0,0
9.283055,0,0,0,0
9.284503,0,0,0,0
9.285924,0,0,0,0
9.287343,0,0,0,0
9.288761,0,0,0,0
9.290187,0,0,0,0
9.291607,0,0,0,0
9.293041,0,0,0,0
9.294426,0,0,0,0
9.295851,0,0,0,0
9.297272,0,0,0,0
9.298691,0,0,0,0
9.300109,0,0,0,0
9.301546,0,0,0,0
9.302964,0,0,0,0
9.304383,0,0,0,0
9.305803,0,0,0,0
9.307227,0,0,0,0
9.308663,0,0,0,0
9.310083,0,0,0,0
9.311504,0,0,0,0
9.312922,0,0,0,0
9.314300,0,0,0,0
9.315718,0,0,0,0
9.317129,0,0,0,0
9.318555,0,0,0,0
9.319974,0,0,0,0
9.321394,0,0,0,0
9.322873,0,0,0,0
9.324989,0,0,0,0
9.329114,0,0,0,0
9.330584,0,0,0,0
9.332059,0,0,0,0
9.333541,0,0,0,0
9.334961,0,0,0,0
9.336380,0,0,0,0
9.337799,0,0,0,0
9.339218,0,0,0,0
9.340644,0,0,0,0
9.342066,0,0,0,0
9.343485,0,0,0,0
9.344903,0,0,0,0
9.346300,0,0,0,0
9.347719,0,0,0,0
9.349117,0,0,0,0
9.350557,0,0,0,0
9.351984,0,0,0,0
9.353407,0,0,0,0
9.354827,0,0,0,0
9.356271,0,0,0,0
9.357690,0,0,0,0
9.359110,0,0,0,0
9.360540,0,0,0,0
9.361960,0,0,0,0
9.363405,0,0,0,0
9.364824,0,0,0,0
9.366223,0,0,0,0
9.367650,0,0,0,0
9.369069,0,0,0,0
9.370529,0,0,0,0
9.371984,0,0,0,0
9.373449,0,0,0,0
9.374886,0,0,0,0
9.376307,0,0,0,0
9.377743,0,0,0,0
9.379175,0,0,0,0
9.380616,0,0,0,0
9.382044,0,0,0,0
9.383468,0,0,0,0
9.384888,0,0,0,0
9.386301,0,0,0,0
9.387720,0,0,0,0
9.389117,0,0,0,0
9.390540,0,0,0,0
9.391964,0,0,0,0
9.393384,0,0,0,0
9.394809,0,0,0,0
9.396249,0,0,0,0
9.397671,0,0,0,0
9.399089,0,0,0,0
9.400510,0,0,0,0
9.401952,0,0,0,0
9.403437,0,0,0,0
9.404906,0,0,0,0
9.406338,0,0,0,0
9.407770,0,0,0,0
9.409217,0,0,0,0
9.410662,0,0,0,0
9.412079,0,0,0,0
9.413523,0,0,0,0
9.414962,0,0,0,0
9.416403,0,0,0,0
9.417823,0,0,0,0
9.419242,0,0,0,0
9.420660,0,0,0,0
9.422091,0,0,0,0
9.423515,0,0,0,0
9.424941,0,0,0,0
9.426306,0,0,0,0
9.427726,0,0,0,0
9.429136,0,0,0,0
9.430558,0,0,0,0
9.431977,0,0,0,0
9.433396,0,0,0,0
9.434868,0,0,0,0
9.436303,0,0,0,0
9.437731,0,0,0,0
9.439154,0,0,0,0
9.440600,0,0,0,0
9.442020,0,0,0,0
9.443440,0,0,0,0
9.444876,0,0,0,0
9.446319,0,0,0,0
9.447744,0,0,0,0
9.449165,0,0,0,0
9.450584,0,0,0,0
9.452003,0,0,0,0
9.453441,0,0,0,0
9.454860,0,0,0,0
9.456279,0,0,0,0
9.457695,0,0,0,0
9.459121,0,0,0,0
9.460546,0,0,0,0
9.461978,0,0,0,0
9.463397,0,0,0,0
9.464817,0,0,0,0
9.466188,0,0,0,0
9.467609,0,0,0,0
9.469028,0,0,0,0
9.470434,0,0,0,0
9.471854,0,0,0,0
9.473274,0,0,0,0
9.474694,0,0,0,0
9.476114,0,0,0,0
9.477556,0,0,0,0
9.478976,0,0,0,0
9.480395,0,0,0,0
9.481821,0,0,0,0
9.483240,0,0,0,0
9.484678,0,0,0,0
9.486115,0,0,0,0
9.487539,0,0,0,0
9.488959,0,0,0,0
9.490379,0,0,0,0
9.491801,0,0,0,0
9.493233,0,0,0,0
9.494655,0,0,0,0
9.496075,0,0,0,0
9.497495,0,0,0,0
9.498922,0,0,0,0
9.500363,0,0,0,0
9.501785,0,0,0,0
9.503205,0,0,0,0
9.504630,0,0,0,0
9.506049,0,0,0,0
9.507471,0,0,0,0
9.508898,0,0,0,0
9.519030,0,0,0,0
9.520452,0,0,0,0
9.521872,0,0,0,0
9.523292,0,0,0,0
9.524712,0,0,0,0
9.533210,0,0,0,0
9.534637,0,0,0,0
9.536059,0,0,0,0
9.537480,0,0,0,0
9.538900,0,0,0,0
9.540337,0,0,0,0
9.541756,0,0,0,0
9.543175,0,0,0,0
9.544594,0,0,0,0
9.546014,0,0,0,0
9.547434,0,0,0,0
9.548857,0,0,0,0
9.550279,0,0,0,0
9.551697,0,0,0,0
9.553101,0,0,0,0
9.554521,0,0,0,0
9.555939,0,0,0,0
9.557383,0,0,0,0
9.558802,0,0,0,0
9.560219,0,0,0,0
9.561640,0,0,0,0
9.563058,0,0,0,0
9.564493,0,0,0,0
9.565912,0,0,0,0
9.567331,0,0,0,0
9.568755,0,0,0,0
9.570196,0,0,0,0
9.571616,0,0,0,0
9.573051,0,0,0,0
9.574428,0,0,0,0
9.575848,0,0,0,0
9.577268,0,0,0,0
9.578688,0,0,0,0
9.580113,0,0,0,0
9.581551,0,0,0,0
9.582972,0,0,0,0
9.584391,0,0,0,0
9.585823,0,0,0,0
9.587243,0,0,0,0
9.588662,0,0,0,0
9.590086,0,0,0,0
9.591515,0,0,0,0
9.592939,0,0,0,0
9.594302,0,0,0,0
9.595722,0,0,0,0
9.597113,0,0,0,0
9.598565,0,0,0,0
9.600018,0,0,0,0
9.601475,0,0,0,0
9.602948,0,0,0,0
9.604427,0,0,0,0
9.605897,0,0,0,0
9.607350,0,0,0,0
9.608805,0,0,0,0
9.610223,0,0,0,0
9.611677,0,0,0,0
9.613126,0,0,0,0
9.615602,0,0,0,0
9.617061,0,0,0,0
9.618518,0,0,0,0
9.619974,0,0,0,0
9.621458,0,0,0,0
9.622912,0,0,0,0
9.624375,0,0,0,0
9.625831,0,0,0,0
9.627286,0,0,0,0
9.628764,0,0,0,0
9.630275,0,0,0,0
9.631694,0,0,0,0
9.633098,0,0,0,0
9.634525,0,0,0,0
9.635945,0,0,0,0
9.637382,0,0,0,0
9.638815,0,0,0,0
9.640234,0,0,0,0
9.641653,0,0,0,0
9.643090,0,0,0,0
9.644526,0,0,0,0
9.645954,0,0,0,0
9.647410,0,0,0,0
9.648864,0,0,0,0
9.650327,0,0,0,0
9.651780,0,0,0,0
9.653234,0,0,0,0
9.654693,0,0,0,0
9.656162,0,0,0,0
9.659117,0,0,0,0
9.660602,0,0,0,0
9.662056,0,0,0,0
9.663509,0,0,0,0
9.664959,0,0,0,0
9.666425,0,0,0,0
9.667880,0,0,0,0
9.669357,0,0,0,0
9.670725,0,0,0,0
9.672180,0,0,0,0
9.673634,0,0,0,0
9.675289,0,0,0,0
9.676747,0,0,0,0
9.679185,0,0,0,0
9.680639,0,0,0,0
9.682099,0,0,0,0
9.683553,0,0,0,0
9.685030,0,0,0,0
9.686464,0,0,0,0
9.687923,0,0,0,0
9.689379,0,0,0,0
9.690832,0,0,0,0
9.694109,0,0,0,0
9.695530,0,0,0,0
9.696949,0,0,0,0
9.698377,0,0,0,0
9.699798,0,0,0,0
9.701218,0,0,0,0
9.702640,0,0,0,0
9.704061,0,0,0,0
9.705483,0,0,0,0
9.706905,0,0,0,0
9.708405,0,0,0,0
9.709834,0,0,0,0
9.711290,0,0,0,0
9.712742,0,0,0,0
9.714268,0,0,0,0
9.715733,0,0,0,0
9.717188,0,0,0,0
9.718643,0,0,0,0
9.720104,0,0,0,0
9.721520,0,0,0,0
9.722973,0,0,0,0
9.724453,0,0,0,0
9.725945,0,0,0,0
9.727400,0,0,0,0
9.728855,0,0,0,0
9.730319,0,0,0,0
9.731773,0,0,0,0
9.733229,0,0,0,0
9.734688,0,0,0,0
9.736150,0,0,0,0
9.737609,0,0,0,0
9.739065,0,0,0,0
9.740531,0,0,0,0
9.741990,0,0,0,0
9.743448,0,0,0,0
9.749378,0,0,0,0
9.750841,0,0,0,0
9.752297,0,0,0,0
9.753753,0,0,0,0
9.755206,0,0,0,0
9.756682,0,0,0,0
9.758141,0,0,0,0
9.759616,0,0,0,0
9.761071,0,0,0,0
9.762527,0,0,0,0
9.763978,0,0,0,0
9.766161,0,0,0,0
9.769105,0,0,0,0
9.770560,0,0,0,0
9.777102,0,0,0,0
9.778529,0,0,0,0
9.779946,0,0,0,0
9.781368,0,0,0,0
9.782830,0,0,0,0
9.784286,0,0,0,0
9.785743,0,0,0,0
9.787195,0,0,0,0
9.788672,0,0,0,0
9.790124,0,0,0,0
9.791577,0,0,0,0
9.793035,0,0,0,0
9.794460,0,0,0,0
9.795913,0,0,0,0
9.797394,0,0,0,0
9.798848,0,0,0,0
9.800301,0,0,0,0
9.801755,0,0,0,0
9.803215,0,0,0,0
9.804692,0,0,0,0
9.806147,0,0,0,0
9.807601,0,0,0,0
9.809059,0,0,0,0
9.810513,0,0,0,0
9.811966,0,0,0,0
9.813451,0,0,0,0
9.814905,0,0,0,0
9.816358,0,0,0,0
9.817814,0,0,0,0
9.819267,0,0,0,0
9.821666,0,0,0,0
9.823183,0,0,0,0
9.825192,0,0,0,0
9.826650,0,0,0,0
9.828072,0,0,0,0
9.829510,0,0,0,0
9.830928,0,0,0,0
9.832347,0,0,0,0
9.833766,0,0,0,0
9.835190,0,0,0,0
9.836628,0,0,0,0
9.838045,0,0,0,0
9.839464,0,0,0,0
9.840882,0,0,0,0
9.842305,0,0,0,0
9.843726,0,0,0,0
9.845115,0,0,0,0
9.846541,0,0,0,0
9.847967,0,0,0,0
9.849389,0,0,0,0
9.850811,0,0,0,0
9.852252,0,0,0,0
9.853673,0,0,0,0
9.855092,0,0,0,0
9.856511,0,0,0,0
9.857934,0,0,0,0
9.859354,0,0,0,0
9.860789,0,0,0,0
9.862225,0,0,0,0
9.863645,0,0,0,0
9.865065,0,0,0,0
9.866486,0,0,0,0
9.867905,0,0,0,0
9.869346,0,0,0,0
9.870766,0,0,0,0
9.872186,0,0,0,0
9.873606,0,0,0,0
9.875027,0,0,0,0
9.876462,0,0,0,0
9.877884,0,0,0,0
9.879337,0,0,0,0
9.880794,0,0,0,0
9.884946,0,0,0,0
9.886319,0,0,0,0
9.887739,0,0,0,0
9.889159,0,0,0,0
9.890580,0,0,0,0
9.892009,0,0,0,0
9.893447,0,0,0,0
9.894927,0,0,0,0
9.896409,0,0,0,0
9.897863,0,0,0,0
9.899319,0,0,0,0
9.900774,0,0,0,0
9.902278,0,0,0,0
9.903731,0,0,0,0
9.905185,0,0,0,0
9.906638,0,0,0,0
9.908093,0,0,0,0
9.909549,0,0,0,0
9.911005,0,0,0,0
9.912468,0,0,0,0
9.913924,0,0,0,0
9.915378,0,0,0,0
9.916931,0,0,0,0
9.918408,0,0,0,0
9.919829,0,0,0,0
9.921249,0,0,0,0
9.922673,0,0,0,0
9.924092,0,0,0,0
9.925532,0,0,0,0
9.926987,0,0,0,0
9.928443,0,0,0,0
9.929898,0,0,0,0
9.931353,0,0,0,0
9.932836,0,0,0,0
9.934298,0,0,0,0
9.935754,0,0,0,0
9.937208,0,0,0,0
9.938679,0,0,0,0
9.940133,0,0,0,0
9.941614,0,0,0,0
9.943074,0,0,0,0
9.944528,0,0,0,0
9.945982,0,0,0,0
9.947438,0,0,0,0
9.948893,0,0,0,0
9.950354,0,0,0,0
9.951810,0,0,0,0
9.953270,0,0,0,0
9.954726,0,0,0,0
9.956180,0,0,0,0
9.957658,0,0,0,0
9.959112,0,0,0,0
9.960567,0,0,0,0
9.962023,0,0,0,0
9.963484,0,0,0,0
9.964940,0,0,0,0
9.966365,0,0,0,0
9.967821,0,0,0,0
9.969276,0,0,0,0
9.970731,0,0,0,0
9.972186,0,0,0,0
9.973560,0,0,0,0
9.975017,0,0,0,0
9.976472,0,0,0,0
9.977932,0,0,0,0
9.979385,0,0,0,0
9.980864,0,0,0,0
9.982275,0,0,0,0
9.983735,0,0,0,0
9.985190,0,0,0,0
9.986648,0,0,0,0
9.989384,0,0,0,0
9.991045,0,0,0,0
9.992724,0,0,0,0
9.997062,0,0,0,0
9.998414,0,0,0,0
9.999835,0,0,0,0
