elapsed_s,VPC_FE_POSRAM_FULL_CYCLES,VPC_FE_GMEM_NOP_FULL_CYCLES,VPC_FE_GMEM_POS_FULL_CYCLES,VPC_FE_BOTTLENECK,VPC_US_BUSY_CYCLES,VPC_US_WORKING_CYCLES
0.001151,0,0,0,0,0,0
0.002968,0,0,0,0,0,0
0.004566,0,0,0,0,0,0
0.006216,0,0,0,0,0,0
0.007739,0,0,0,0,0,0
0.009496,0,0,0,0,0,0
0.011031,0,0,0,0,0,0
0.012553,0,0,0,0,0,0
0.014267,0,0,0,0,0,0
0.015832,0,0,0,0,0,0
0.017287,0,0,0,0,0,0
0.018753,0,0,0,0,0,0
0.020212,0,0,0,0,0,0
0.021670,0,0,0,0,0,0
0.023125,0,0,0,0,0,0
0.024586,0,0,0,0,0,0
0.026160,0,0,0,0,0,0
0.027653,0,0,0,0,0,0
0.029146,0,0,0,0,0,0
0.030642,0,0,0,0,0,0
0.032156,0,0,0,0,0,0
0.033644,0,0,0,0,0,0
0.035134,0,0,0,0,0,0
0.036624,0,0,0,0,0,0
0.038128,0,0,0,0,0,0
0.039617,0,0,0,0,0,0
0.041111,0,0,0,0,0,0
0.042599,0,0,0,0,0,0
0.044088,0,0,0,0,0,0
0.045577,0,0,0,0,0,0
0.047066,0,0,0,0,0,0
0.048578,0,0,0,0,0,0
0.050103,0,0,0,0,0,0
0.051596,0,0,0,0,0,0
0.053082,0,0,0,0,0,0
0.054483,0,0,0,0,0,0
0.055927,0,0,0,0,0,0
0.057415,0,0,0,0,0,0
0.058923,0,0,0,0,0,0
0.060422,0,0,0,0,0,0
0.061915,0,0,0,0,0,0
0.063445,0,0,0,0,0,0
0.064928,0,0,0,0,0,0
0.066383,0,0,0,0,0,0
0.067827,0,0,0,0,0,0
0.069272,0,0,0,0,0,0
0.070711,0,0,0,0,0,0
0.072218,0,0,0,0,0,0
0.074117,0,0,0,0,0,0
0.075743,0,0,0,0,0,0
0.077318,0,0,0,0,0,0
0.078921,0,0,0,0,0,0
0.080485,0,0,0,0,0,0
0.082076,0,0,0,0,0,0
0.083612,0,0,0,0,0,0
0.085328,0,0,0,0,0,0
0.086860,0,0,0,0,0,0
0.088444,0,0,0,0,0,0
0.090176,0,0,0,6,149,146
0.091806,0,0,0,0,0,0
0.093334,0,0,0,0,0,0
0.094867,0,0,0,0,0,0
0.096428,0,0,0,0,0,0
0.098129,0,0,0,0,0,0
0.099567,0,0,0,0,0,0
0.101000,0,0,0,0,0,0
0.102437,0,0,0,0,0,0
0.103874,0,0,0,0,0,0
0.105227,0,0,0,0,0,0
0.106664,0,0,0,0,0,0
0.108101,0,0,0,0,0,0
0.109587,0,0,0,0,0,0
0.111026,0,0,0,0,0,0
0.112489,0,0,0,0,0,0
0.113985,0,0,0,0,0,0
0.115514,0,0,0,0,0,0
0.117110,0,0,0,0,0,0
0.118729,0,0,0,24,439,459
0.122807,0,0,0,72,1165,1287
0.123999,0,0,0,78,1235,1224
0.125186,0,0,0,36,711,716
0.126637,0,0,0,0,0,0
0.127959,0,0,0,0,0,0
0.129337,0,0,0,0,0,0
0.130687,0,0,0,0,0,0
0.132053,0,0,0,0,0,0
0.133398,0,0,0,0,0,0
0.134745,0,0,0,0,0,0
0.136120,0,0,0,0,0,0
0.137515,0,0,0,0,0,0
0.138973,0,0,0,0,0,0
0.140359,0,0,0,0,0,0
0.141744,0,0,0,0,0,0
0.143144,0,0,0,0,0,0
0.144580,0,0,0,0,0,0
0.145958,0,0,0,0,0,0
0.147650,0,0,0,0,0,0
0.149671,0,0,0,0,0,0
0.151052,0,0,0,0,0,0
0.152462,0,0,0,0,0,0
0.153846,0,0,0,0,0,0
0.155194,0,0,0,0,0,0
0.156538,0,0,0,0,0,0
0.157877,0,0,0,0,0,0
0.159207,0,0,0,0,0,0
0.160571,0,0,0,0,0,0
0.161985,0,0,0,0,0,0
0.163358,0,0,0,0,0,0
0.164712,0,0,0,0,0,0
0.166068,0,0,0,0,0,0
0.167426,0,0,0,0,0,0
0.168800,0,0,0,0,0,0
0.170305,0,0,0,0,0,0
0.171784,0,0,0,0,0,0
0.173315,0,0,0,0,0,0
0.175177,0,0,0,0,0,0
0.176708,0,0,0,0,0,0
0.178277,0,0,0,0,0,0
0.179778,0,0,0,0,0,0
0.181272,0,0,0,0,0,0
0.182758,0,0,0,0,0,0
0.184299,0,0,0,0,0,0
0.185785,0,0,0,0,0,0
0.187229,0,0,0,0,0,0
0.188891,0,0,0,0,0,0
0.190487,0,0,0,0,0,0
0.191976,0,0,0,0,0,0
0.193526,0,0,0,0,0,0
0.195205,0,0,0,0,0,0
0.196691,0,0,0,0,0,0
0.198249,0,0,0,0,0,0
0.199735,0,0,0,0,0,0
0.201287,0,0,0,0,0,0
0.202773,0,0,0,0,0,0
0.204449,0,0,0,0,0,0
0.206176,0,0,0,0,0,0
0.207903,0,0,0,0,0,0
0.209700,0,0,0,0,0,0
0.211427,0,0,0,0,0,0
0.212993,0,0,0,0,0,0
0.214679,0,0,0,0,0,0
0.216470,0,0,0,0,0,0
0.218005,0,0,0,0,0,0
0.219677,0,0,0,0,0,0
0.221211,0,0,0,0,0,0
0.222896,0,0,0,0,0,0
0.224516,0,0,0,0,0,0
0.226200,0,0,0,0,0,0
0.227924,0,0,0,0,0,0
0.229482,0,0,0,0,0,0
0.230996,0,0,0,0,0,0
0.232550,0,0,0,0,0,0
0.234170,0,0,0,0,0,0
0.235670,0,0,0,0,0,0
0.238313,0,0,0,0,0,0
0.239983,0,0,0,0,0,0
0.241579,0,0,0,0,0,0
0.243251,0,0,0,0,0,0
0.245124,0,0,0,0,0,0
0.246873,0,0,0,0,0,0
0.248664,0,0,0,0,0,0
0.250391,0,0,0,0,0,0
0.252103,0,0,0,0,0,0
0.253758,0,0,0,0,0,0
0.255342,0,0,0,0,0,0
0.257134,0,0,0,0,0,0
0.258904,0,0,0,0,0,0
0.260626,0,0,0,0,0,0
0.262356,0,0,0,0,0,0
0.264077,0,0,0,0,0,0
0.265613,0,0,0,0,0,0
0.267127,0,0,0,0,0,0
0.270036,0,0,0,0,0,0
0.271800,0,0,0,0,0,0
0.273363,0,0,0,0,0,0
0.274854,0,0,0,0,0,0
0.276340,0,0,0,0,0,0
0.277837,0,0,0,0,0,0
0.279324,0,0,0,0,0,0
0.280864,0,0,0,0,0,0
0.282353,0,0,0,0,0,0
0.283837,0,0,0,0,0,0
0.285320,0,0,0,0,0,0
0.287230,0,0,0,0,0,0
0.288861,0,0,0,0,0,0
0.290369,0,0,0,0,0,0
0.291858,0,0,0,0,0,0
0.293350,0,0,0,0,0,0
0.294839,0,0,0,0,0,0
0.296380,0,0,0,0,0,0
0.298058,0,0,0,0,0,0
0.299806,0,0,0,0,0,0
0.301537,0,0,0,0,0,0
0.303266,0,0,0,0,0,0
0.305072,0,0,0,0,0,0
0.306802,0,0,0,0,0,0
0.308532,0,0,0,0,0,0
0.310232,0,0,0,0,0,0
0.311718,0,0,0,0,0,0
0.313200,0,0,0,0,0,0
0.314798,0,0,0,0,0,0
0.316327,0,0,0,0,0,0
0.317810,0,0,0,0,0,0
0.319290,0,0,0,0,0,0
0.320800,0,0,0,0,0,0
0.322268,0,0,0,0,0,0
0.323813,0,0,0,0,0,0
0.325304,0,0,0,0,0,0
0.326981,0,0,0,0,0,0
0.328769,0,0,0,0,0,0
0.330503,0,0,0,0,0,0
0.332244,0,0,0,0,0,0
0.333971,0,0,0,0,0,0
0.335696,0,0,0,0,0,0
0.337425,0,0,0,0,0,0
0.339151,0,0,0,0,0,0
0.340875,0,0,0,0,0,0
0.342429,0,0,0,0,0,0
0.343923,0,0,0,0,0,0
0.345479,0,0,0,0,0,0
0.347145,0,0,0,0,0,0
0.348857,0,0,0,0,0,0
0.350340,0,0,0,0,0,0
0.352011,0,0,0,0,0,0
0.353569,0,0,0,0,0,0
0.355258,0,0,0,0,0,0
0.356992,0,0,0,0,0,0
0.358721,0,0,0,0,0,0
0.360511,0,0,0,0,0,0
0.362375,0,0,0,0,0,0
0.364119,0,0,0,0,0,0
0.365851,0,0,0,0,0,0
0.367581,0,0,0,0,0,0
0.369316,0,0,0,0,0,0
0.371031,0,0,0,0,0,0
0.372745,0,0,0,0,0,0
0.374311,0,0,0,0,0,0
0.375813,0,0,0,0,0,0
0.377369,0,0,0,0,0,0
0.378860,0,0,0,0,0,0
0.380348,0,0,0,0,0,0
0.381836,0,0,0,0,0,0
0.383516,0,0,0,0,0,0
0.385264,0,0,0,0,0,0
0.386988,0,0,0,0,0,0
0.388712,0,0,0,0,0,0
0.390444,0,0,0,0,0,0
0.392236,0,0,0,0,0,0
0.393965,0,0,0,0,0,0
0.395527,0,0,0,0,0,0
0.397218,0,0,0,0,0,0
0.398948,0,0,0,0,0,0
0.400735,0,0,0,0,0,0
0.402282,0,0,0,0,0,0
0.403968,0,0,0,0,0,0
0.405717,0,0,0,0,0,0
0.407431,0,0,0,0,0,0
0.409280,0,0,0,0,0,0
0.410823,0,0,0,0,0,0
0.412374,0,0,0,0,0,0
0.414053,0,0,0,0,0,0
0.415795,0,0,0,0,0,0
0.417410,0,0,0,0,0,0
0.419101,0,0,0,0,0,0
0.420822,0,0,0,0,0,0
0.422372,0,0,0,0,0,0
0.424051,0,0,0,0,0,0
0.425583,0,0,0,0,0,0
0.427287,0,0,0,0,0,0
0.429030,0,0,0,0,0,0
0.430787,0,0,0,0,0,0
0.432350,0,0,0,0,0,0
0.433880,0,0,0,0,0,0
0.435447,0,0,0,0,0,0
0.437229,0,0,0,0,0,0
0.438815,0,0,0,0,0,0
0.440375,0,0,0,0,0,0
0.442058,0,0,0,0,0,0
0.443787,0,0,0,0,0,0
0.445516,0,0,0,0,0,0
0.447246,0,0,0,0,0,0
0.448979,0,0,0,0,0,0
0.450728,0,0,0,0,0,0
0.452455,0,0,0,0,0,0
0.454184,0,0,0,0,0,0
0.455912,0,0,0,0,0,0
0.457743,0,0,0,0,0,0
0.459281,0,0,0,0,0,0
0.460915,0,0,0,0,0,0
0.462743,0,0,0,0,0,0
0.464403,0,0,0,0,0,0
0.465998,0,0,0,0,0,0
0.467507,0,0,0,0,0,0
0.469320,0,0,0,0,0,0
0.472960,0,0,0,0,0,0
0.474471,0,0,0,0,0,0
0.475923,0,0,0,0,0,0
0.477371,0,0,0,0,0,0
0.478815,0,0,0,0,0,0
0.480286,0,0,0,0,0,0
0.481784,0,0,0,0,0,0
0.483265,0,0,0,0,0,0
0.485049,0,0,0,0,0,0
0.486814,0,0,0,0,0,0
0.488607,0,0,0,0,0,0
0.490335,0,0,0,0,0,0
0.492047,0,0,0,0,0,0
0.493601,0,0,0,0,0,0
0.495109,0,0,0,0,0,0
0.496854,0,0,0,0,0,0
0.498528,0,0,0,0,0,0
0.500255,0,0,0,0,0,0
0.501985,0,0,0,0,0,0
0.503715,0,0,0,0,0,0
0.505528,0,0,0,0,0,0
0.507257,0,0,0,0,0,0
0.508988,0,0,0,0,0,0
0.510721,0,0,0,0,0,0
0.512513,0,0,0,0,0,0
0.514205,0,0,0,0,0,0
0.515907,0,0,0,0,0,0
0.517639,0,0,0,0,0,0
0.519371,0,0,0,0,0,0
0.521316,0,0,0,0,0,0
0.523815,0,0,0,0,0,0
0.525998,0,0,0,0,0,0
0.527529,0,0,0,0,0,0
0.529086,0,0,0,0,0,0
0.530578,0,0,0,0,0,0
0.532069,0,0,0,0,0,0
0.533561,0,0,0,0,0,0
0.535041,0,0,0,0,0,0
0.536569,0,0,0,0,0,0
0.538237,0,0,0,0,0,0
0.539802,0,0,0,0,0,0
0.541374,0,0,0,0,0,0
0.542945,0,0,0,0,0,0
0.544579,0,0,0,0,0,0
0.546273,0,0,0,0,0,0
0.548047,0,0,0,0,0,0
0.549889,0,0,0,0,0,0
0.551697,0,0,0,0,0,0
0.553726,0,0,0,0,0,0
0.555733,0,0,0,0,0,0
0.557611,0,0,0,0,0,0
0.559534,0,0,0,0,0,0
0.561181,0,0,0,0,0,0
0.562966,0,0,0,0,0,0
0.564790,0,0,0,0,0,0
0.566621,0,0,0,0,0,0
0.568518,0,0,0,0,0,0
0.570488,0,0,0,0,0,0
0.572311,0,0,0,0,0,0
0.573924,0,0,0,0,0,0
0.575702,0,0,0,0,0,0
0.577523,0,0,0,0,0,0
0.579340,0,0,0,0,0,0
0.581037,0,0,0,0,0,0
0.582644,0,0,0,0,0,0
0.584497,0,0,0,0,0,0
0.586466,0,0,0,0,0,0
0.588284,0,0,0,0,0,0
0.590105,0,0,0,0,0,0
0.591926,0,0,0,0,0,0
0.593620,0,0,0,0,0,0
0.595404,0,0,0,0,0,0
0.597230,0,0,0,0,0,0
0.599051,0,0,0,0,0,0
0.601107,0,0,0,0,0,0
0.602942,0,0,0,0,0,0
0.604779,0,0,0,0,0,0
0.606433,0,0,0,0,0,0
0.608294,0,0,0,0,0,0
0.610114,0,0,0,0,0,0
0.611924,0,0,0,0,0,0
0.613536,0,0,0,0,0,0
0.615123,0,0,0,0,0,0
0.617034,0,0,0,0,0,0
0.618743,0,0,0,0,0,0
0.620520,0,0,0,0,0,0
0.622292,0,0,0,0,0,0
0.624067,0,0,0,0,0,0
0.625722,0,0,0,0,0,0
0.627297,0,0,0,0,0,0
0.629071,0,0,0,0,0,0
0.630697,0,0,0,0,0,0
0.632565,0,0,0,0,0,0
0.634348,0,0,0,0,0,0
0.636141,0,0,0,0,0,0
0.638030,0,0,0,0,0,0
0.639854,0,0,0,0,0,0
0.641707,0,0,0,0,0,0
0.643530,0,0,0,0,0,0
0.645356,0,0,0,0,0,0
0.647202,0,0,0,0,0,0
0.649030,0,0,0,0,0,0
0.650852,0,0,0,0,0,0
0.652672,0,0,0,0,0,0
0.654502,0,0,0,0,0,0
0.656400,0,0,0,0,0,0
0.658573,0,0,0,0,0,0
0.660263,0,0,0,0,0,0
0.661993,0,0,0,0,0,0
0.663723,0,0,0,0,0,0
0.665457,0,0,0,0,0,0
0.667186,0,0,0,0,0,0
0.668749,0,0,0,0,0,0
0.670278,0,0,0,0,0,0
0.671760,0,0,0,0,0,0
0.673321,0,0,0,0,0,0
0.674906,0,0,0,0,0,0
0.676397,0,0,0,0,0,0
0.677882,0,0,0,0,0,0
0.679574,0,0,0,0,0,0
0.681308,0,0,0,0,0,0
0.683040,0,0,0,0,0,0
0.684768,0,0,0,0,0,0
0.686506,0,0,0,0,0,0
0.688296,0,0,0,0,0,0
0.689854,0,0,0,0,0,0
0.691543,0,0,0,0,0,0
0.693275,0,0,0,0,0,0
0.695006,0,0,0,0,0,0
0.696798,0,0,0,0,0,0
0.698537,0,0,0,0,0,0
0.700105,0,0,0,0,0,0
0.701891,0,0,0,0,0,0
0.703716,0,0,0,0,0,0
0.705624,0,0,0,0,0,0
0.707447,0,0,0,0,0,0
0.709271,0,0,0,0,0,0
0.711117,0,0,0,0,0,0
0.713020,0,0,0,0,0,0
0.714845,0,0,0,0,0,0
0.716665,0,0,0,0,0,0
0.718493,0,0,0,0,0,0
0.720393,0,0,0,0,0,0
0.722164,0,0,0,0,0,0
0.723947,0,0,0,0,0,0
0.725772,0,0,0,0,0,0
0.727595,0,0,0,0,0,0
0.729419,0,0,0,0,0,0
0.731229,0,0,0,0,0,0
0.733196,0,0,0,0,0,0
0.734955,0,0,0,0,0,0
0.736826,0,0,0,0,0,0
0.738447,0,0,0,0,0,0
0.740226,0,0,0,0,0,0
0.742048,0,0,0,0,0,0
0.743887,0,0,0,0,0,0
0.745437,0,0,0,0,0,0
0.747217,0,0,0,0,0,0
0.749038,0,0,0,0,0,0
0.750859,0,0,0,0,0,0
0.752753,0,0,0,0,0,0
0.754398,0,0,0,0,0,0
0.756171,0,0,0,0,0,0
0.757893,0,0,0,0,0,0
0.759587,0,0,0,0,0,0
0.761324,0,0,0,0,0,0
0.763042,0,0,0,0,0,0
0.764784,0,0,0,0,0,0
0.766502,0,0,0,0,0,0
0.768389,0,0,0,0,0,0
0.770004,0,0,0,0,0,0
0.771777,0,0,0,0,0,0
0.773596,0,0,0,0,0,0
0.775432,0,0,0,0,0,0
0.777257,0,0,0,0,0,0
0.779077,0,0,0,0,0,0
0.780892,0,0,0,0,0,0
0.782531,0,0,0,0,0,0
0.784183,0,0,0,0,0,0
0.785773,0,0,0,0,0,0
0.787546,0,0,0,0,0,0
0.789370,0,0,0,0,0,0
0.791198,0,0,0,0,0,0
0.793132,0,0,0,0,0,0
0.794738,0,0,0,0,0,0
0.796297,0,0,0,0,0,0
0.797852,0,0,0,0,0,0
0.799611,0,0,0,0,0,0
0.801282,0,0,0,0,0,0
0.803066,0,0,0,0,0,0
0.804884,0,0,0,0,0,0
0.806484,0,0,0,0,0,0
0.808056,0,0,0,0,0,0
0.809856,0,0,0,0,0,0
0.811679,0,0,0,0,0,0
0.813502,0,0,0,0,0,0
0.815323,0,0,0,0,0,0
0.817349,0,0,0,0,0,0
0.819038,0,0,0,0,0,0
0.820762,0,0,0,0,0,0
0.822499,0,0,0,0,0,0
0.824288,0,0,0,0,0,0
0.826016,0,0,0,0,0,0
0.827764,0,0,0,0,0,0
0.829494,0,0,0,0,0,0
0.831041,0,0,0,0,0,0
0.832801,0,0,0,0,0,0
0.834538,0,0,0,0,0,0
0.836264,0,0,0,0,0,0
0.838013,0,0,0,0,0,0
0.839742,0,0,0,0,0,0
0.841539,0,0,0,0,0,0
0.843270,0,0,0,0,0,0
0.845002,0,0,0,0,0,0
0.846735,0,0,0,0,0,0
0.848360,0,0,0,0,0,0
0.850053,0,0,0,0,0,0
0.851767,0,0,0,0,0,0
0.853336,0,0,0,0,0,0
0.854957,0,0,0,0,0,0
0.856567,0,0,0,0,0,0
0.858167,0,0,0,0,0,0
0.859716,0,0,0,0,0,0
0.861418,0,0,0,0,0,0
0.863148,0,0,0,0,0,0
0.865031,0,0,0,0,0,0
0.866796,0,0,0,0,0,0
0.868523,0,0,0,0,0,0
0.870353,0,0,0,0,0,0
0.872081,0,0,0,0,0,0
0.873617,0,0,0,0,0,0
0.875303,0,0,0,0,0,0
0.877033,0,0,0,0,0,0
0.878762,0,0,0,0,0,0
0.880388,0,0,0,0,0,0
0.882081,0,0,0,0,0,0
0.883809,0,0,0,0,0,0
0.885559,0,0,0,0,0,0
0.887378,0,0,0,0,0,0
0.889207,0,0,0,0,0,0
0.891039,0,0,0,0,0,0
0.892852,0,0,0,0,0,0
0.894576,0,0,0,0,0,0
0.896230,0,0,0,0,0,0
0.898007,0,0,0,0,0,0
0.899829,0,0,0,0,0,0
0.901673,0,0,0,0,0,0
0.903496,0,0,0,0,0,0
0.905324,0,0,0,0,0,0
0.907147,0,0,0,0,0,0
0.908973,0,0,0,0,0,0
0.910779,0,0,0,0,0,0
0.912487,0,0,0,0,0,0
0.914475,0,0,0,0,0,0
0.916428,0,0,0,0,0,0
0.918135,0,0,0,0,0,0
0.919929,0,0,0,0,0,0
0.921625,0,0,0,0,0,0
0.923272,0,0,0,0,0,0
0.924844,0,0,0,0,0,0
0.926417,0,0,0,0,0,0
0.927984,0,0,0,0,0,0
0.929625,0,0,0,0,0,0
0.931192,0,0,0,0,0,0
0.932967,0,0,0,0,0,0
0.934609,0,0,0,0,0,0
0.936469,0,0,0,0,0,0
0.938229,0,0,0,0,0,0
0.940009,0,0,0,0,0,0
0.941835,0,0,0,0,0,0
0.943658,0,0,0,0,0,0
0.945378,0,0,0,0,0,0
0.947163,0,0,0,0,0,0
0.948990,0,0,0,0,0,0
0.950812,0,0,0,0,0,0
0.952711,0,0,0,0,0,0
0.954338,0,0,0,0,0,0
0.955927,0,0,0,0,0,0
0.957703,0,0,0,0,0,0
0.959526,0,0,0,0,0,0
0.961351,0,0,0,0,0,0
0.963173,0,0,0,0,0,0
0.964998,0,0,0,0,0,0
0.966842,0,0,0,0,0,0
0.968741,0,0,0,0,0,0
0.970373,0,0,0,0,0,0
0.971938,0,0,0,0,0,0
0.973500,0,0,0,0,0,0
0.975367,0,0,0,0,0,0
0.977135,0,0,0,0,0,0
0.979042,0,0,0,0,0,0
0.980862,0,0,0,0,0,0
0.982445,0,0,0,0,0,0
0.984302,0,0,0,0,0,0
0.986126,0,0,0,0,0,0
0.987973,0,0,0,0,0,0
0.989800,0,0,0,0,0,0
0.991622,0,0,0,0,0,0
0.993449,0,0,0,0,0,0
0.995271,0,0,0,0,0,0
0.997096,0,0,0,0,0,0
0.998940,0,0,0,0,0,0
1.000841,0,0,0,0,0,0
1.002671,0,0,0,0,0,0
1.004492,0,0,0,0,0,0
1.006498,0,0,0,0,0,0
1.008397,0,0,0,0,0,0
1.010120,0,0,0,0,0,0
1.011906,0,0,0,0,0,0
1.013732,0,0,0,0,0,0
1.015541,0,0,0,0,0,0
1.017261,0,0,0,0,0,0
1.018849,0,0,0,0,0,0
1.020438,0,0,0,0,0,0
1.022007,0,0,0,0,0,0
1.023573,0,0,0,0,0,0
1.025143,0,0,0,0,0,0
1.026707,0,0,0,0,0,0
1.028476,0,0,0,0,0,0
1.030440,0,0,0,0,0,0
1.032183,0,0,0,0,0,0
1.033880,0,0,0,0,0,0
1.035535,0,0,0,0,0,0
1.037417,0,0,0,0,0,0
1.039251,0,0,0,0,0,0
1.040870,0,0,0,0,0,0
1.042673,0,0,0,0,0,0
1.044491,0,0,0,0,0,0
1.046457,0,0,0,0,0,0
1.048356,0,0,0,0,0,0
1.050174,0,0,0,0,0,0
1.051994,0,0,0,0,0,0
1.053640,0,0,0,0,0,0
1.055223,0,0,0,0,0,0
1.057004,0,0,0,0,0,0
1.058827,0,0,0,0,0,0
1.060647,0,0,0,0,0,0
1.062474,0,0,0,0,0,0
1.064389,0,0,0,0,0,0
1.066007,0,0,0,0,0,0
1.067786,0,0,0,0,0,0
1.069610,0,0,0,0,0,0
1.071433,0,0,0,0,0,0
1.073258,0,0,0,0,0,0
1.074899,0,0,0,0,0,0
1.076475,0,0,0,0,0,0
1.078199,0,0,0,0,0,0
1.079975,0,0,0,0,0,0
1.081528,0,0,0,0,0,0
1.083107,0,0,0,0,0,0
1.084881,0,0,0,0,0,0
1.086535,0,0,0,0,0,0
1.088188,0,0,0,0,0,0
1.089966,0,0,0,0,0,0
1.091775,0,0,0,0,0,0
1.093388,0,0,0,0,0,0
1.095451,0,0,0,0,0,0
1.097348,0,0,0,0,0,0
1.099267,0,0,0,0,0,0
1.101089,0,0,0,0,0,0
1.103096,0,0,0,0,0,0
1.104724,0,0,0,0,0,0
1.106454,0,0,0,0,0,0
1.108238,0,0,0,0,0,0
1.109849,0,0,0,0,0,0
1.111424,0,0,0,0,0,0
1.113427,0,0,0,0,0,0
1.115047,0,0,0,0,0,0
1.116622,0,0,0,0,0,0
1.118221,0,0,0,0,0,0
1.119795,0,0,0,0,0,0
1.121442,0,0,0,0,0,0
1.123210,0,0,0,0,0,0
1.125033,0,0,0,0,0,0
1.126856,0,0,0,0,0,0
1.128772,0,0,0,0,0,0
1.130600,0,0,0,0,0,0
1.132418,0,0,0,0,0,0
1.135338,0,0,0,0,0,0
1.138209,0,0,0,0,0,0
1.139853,0,0,0,0,0,0
1.141409,0,0,0,0,0,0
1.142935,0,0,0,0,0,0
1.144493,0,0,0,0,0,0
1.146257,0,0,0,0,0,0
1.148327,0,0,0,0,0,0
1.149943,0,0,0,0,0,0
1.151521,0,0,0,0,0,0
1.153207,0,0,0,0,0,0
1.155238,0,0,0,0,0,0
1.156799,0,0,0,0,0,0
1.158350,0,0,0,0,0,0
1.159932,0,0,0,0,0,0
1.161569,0,0,0,0,0,0
1.163136,0,0,0,0,0,0
1.164701,0,0,0,0,0,0
1.166270,0,0,0,0,0,0
1.167912,0,0,0,0,0,0
1.169759,0,0,0,0,0,0
1.171406,0,0,0,0,0,0
1.173194,0,0,0,0,0,0
1.175020,0,0,0,0,0,0
1.176921,0,0,0,0,0,0
1.178902,0,0,0,0,0,0
1.180723,0,0,0,0,0,0
1.182307,0,0,0,0,0,0
1.183885,0,0,0,0,0,0
1.185691,0,0,0,0,0,0
1.187515,0,0,0,0,0,0
1.189370,0,0,0,0,0,0
1.191249,0,0,0,0,0,0
1.193099,0,0,0,0,0,0
1.194926,0,0,0,0,0,0
1.196747,0,0,0,0,0,0
1.198579,0,0,0,0,0,0
1.200482,0,0,0,0,0,0
1.202473,0,0,0,0,0,0
1.204116,0,0,0,0,0,0
1.205899,0,0,0,0,0,0
1.207724,0,0,0,0,0,0
1.209630,0,0,0,0,0,0
1.211442,0,0,0,0,0,0
1.213309,0,0,0,0,0,0
1.215083,0,0,0,0,0,0
1.216739,0,0,0,0,0,0
1.218310,0,0,0,0,0,0
1.219880,0,0,0,0,0,0
1.221449,0,0,0,0,0,0
1.223221,0,0,0,0,0,0
1.225046,0,0,0,0,0,0
1.226683,0,0,0,0,0,0
1.228408,0,0,0,0,0,0
1.230156,0,0,0,0,0,0
1.232023,0,0,0,0,0,0
1.233730,0,0,0,0,0,0
1.235293,0,0,0,0,0,0
1.236869,0,0,0,0,0,0
1.238425,0,0,0,0,0,0
1.239994,0,0,0,0,0,0
1.241842,0,0,0,0,0,0
1.243668,0,0,0,0,0,0
1.245494,0,0,0,0,0,0
1.247342,0,0,0,0,0,0
1.249172,0,0,0,0,0,0
1.250998,0,0,0,0,0,0
1.252820,0,0,0,0,0,0
1.254653,0,0,0,0,0,0
1.256554,0,0,0,0,0,0
1.258609,0,0,0,0,0,0
1.260320,0,0,0,0,0,0
1.261906,0,0,0,0,0,0
1.263469,0,0,0,0,0,0
1.265270,0,0,0,0,0,0
1.266830,0,0,0,0,0,0
1.268404,0,0,0,0,0,0
1.269960,0,0,0,0,0,0
1.271718,0,0,0,0,0,0
1.273417,0,0,0,0,0,0
1.275151,0,0,0,0,0,0
1.276991,0,0,0,0,0,0
1.278724,0,0,0,0,0,0
1.280504,0,0,0,0,0,0
1.282378,0,0,0,0,0,0
1.284135,0,0,0,0,0,0
1.285749,0,0,0,0,0,0
1.287501,0,0,0,0,0,0
1.289146,0,0,0,0,0,0
1.290929,0,0,0,0,0,0
1.292748,0,0,0,0,0,0
1.294575,0,0,0,0,0,0
1.296475,0,0,0,0,0,0
1.298441,0,0,0,0,0,0
1.300278,0,0,0,0,0,0
1.302099,0,0,0,0,0,0
1.303923,0,0,0,0,0,0
1.305828,0,0,0,0,0,0
1.307650,0,0,0,0,0,0
1.309474,0,0,0,0,0,0
1.311120,0,0,0,0,0,0
1.312981,0,0,0,0,0,0
1.314806,0,0,0,0,0,0
1.316624,0,0,0,0,0,0
1.318453,0,0,0,0,0,0
1.320350,0,0,0,0,0,0
1.321997,0,0,0,0,0,0
1.323836,0,0,0,0,0,0
1.325710,0,0,0,0,0,0
1.327531,0,0,0,0,0,0
1.329355,0,0,0,0,0,0
1.331150,0,0,0,0,0,0
1.332700,0,0,0,0,0,0
1.334257,0,0,0,0,0,0
1.335751,0,0,0,0,0,0
1.337288,0,0,0,0,0,0
1.338779,0,0,0,0,0,0
1.340268,0,0,0,0,0,0
1.341712,0,0,0,0,0,0
1.343397,0,0,0,0,0,0
1.344899,0,0,0,0,0,0
1.346380,0,0,0,0,0,0
1.348048,0,0,0,0,0,0
1.349587,0,0,0,0,0,0
1.351277,0,0,0,0,0,0
1.353013,0,0,0,0,0,0
1.354577,0,0,0,0,0,0
1.356272,0,0,0,0,0,0
1.358097,0,0,0,0,0,0
1.359923,0,0,0,0,0,0
1.361826,0,0,0,0,0,0
1.363644,0,0,0,0,0,0
1.365493,0,0,0,0,0,0
1.367320,0,0,0,0,0,0
1.369147,0,0,0,0,0,0
1.370972,0,0,0,0,0,0
1.372794,0,0,0,0,0,0
1.374628,0,0,0,0,0,0
1.376348,0,0,0,0,0,0
1.378135,0,0,0,0,0,0
1.379963,0,0,0,0,0,0
1.381790,0,0,0,0,0,0
1.383616,0,0,0,0,0,0
1.385444,0,0,0,0,0,0
1.387291,0,0,0,0,0,0
1.389121,0,0,0,0,0,0
1.390933,0,0,0,0,0,0
1.392819,0,0,0,0,0,0
1.394451,0,0,0,0,0,0
1.396027,0,0,0,0,0,0
1.397817,0,0,0,0,0,0
1.399665,0,0,0,0,0,0
1.401291,0,0,0,0,0,0
1.403073,0,0,0,0,0,0
1.404890,0,0,0,0,0,0
1.406519,0,0,0,0,0,0
1.408392,0,0,0,0,0,0
1.410011,0,0,0,0,0,0
1.411791,0,0,0,0,0,0
1.413617,0,0,0,0,0,0
1.415439,0,0,0,0,0,0
1.417084,0,0,0,0,0,0
1.418689,0,0,0,0,0,0
1.420463,0,0,0,0,0,0
1.422254,0,0,0,0,0,0
1.424040,0,0,0,0,0,0
1.425674,0,0,0,0,0,0
1.427459,0,0,0,0,0,0
1.429304,0,0,0,0,0,0
1.431117,0,0,0,0,0,0
1.432795,0,0,0,0,0,0
1.434391,0,0,0,0,0,0
1.436008,0,0,0,0,0,0
1.437581,0,0,0,0,0,0
1.439167,0,0,0,0,0,0
1.440802,0,0,0,0,0,0
1.442375,0,0,0,0,0,0
1.443941,0,0,0,0,0,0
1.445718,0,0,0,0,0,0
1.447438,0,0,0,0,0,0
1.449145,0,0,0,0,0,0
1.450787,0,0,0,0,0,0
1.452297,0,0,0,0,0,0
1.453912,0,0,0,0,0,0
1.455440,0,0,0,0,0,0
1.457398,0,0,0,0,0,0
1.460135,0,0,0,0,0,0
1.461728,0,0,0,0,0,0
1.463301,0,0,0,0,0,0
1.464943,0,0,0,0,0,0
1.466512,0,0,0,0,0,0
1.468077,0,0,0,0,0,0
1.469646,0,0,0,0,0,0
1.471211,0,0,0,0,0,0
1.472821,0,0,0,0,0,0
1.474400,0,0,0,0,0,0
1.475968,0,0,0,0,0,0
1.477539,0,0,0,0,0,0
1.479104,0,0,0,0,0,0
1.480671,0,0,0,0,0,0
1.482447,0,0,0,0,0,0
1.484103,0,0,0,0,0,0
1.485889,0,0,0,0,0,0
1.487715,0,0,0,0,0,0
1.489620,0,0,0,0,0,0
1.491445,0,0,0,0,0,0
1.493273,0,0,0,0,0,0
1.495119,0,0,0,0,0,0
1.497022,0,0,0,0,0,0
1.498848,0,0,0,0,0,0
1.500668,0,0,0,0,0,0
1.502498,0,0,0,0,0,0
1.504398,0,0,0,0,0,0
1.506181,0,0,0,0,0,0
1.507965,0,0,0,0,0,0
1.509796,0,0,0,0,0,0
1.511621,0,0,0,0,0,0
1.513627,0,0,0,0,0,0
1.515397,0,0,0,0,0,0
1.517050,0,0,0,0,0,0
1.518621,0,0,0,0,0,0
1.520267,0,0,0,0,0,0
1.521838,0,0,0,0,0,0
1.523739,0,0,0,0,0,0
1.525436,0,0,0,0,0,0
1.527019,0,0,0,0,0,0
1.528693,0,0,0,0,0,0
1.530272,0,0,0,0,0,0
1.531841,0,0,0,0,0,0
1.533413,0,0,0,0,0,0
1.535186,0,0,0,0,0,0
1.537017,0,0,0,0,0,0
1.538866,0,0,0,0,0,0
1.540689,0,0,0,0,0,0
1.542698,0,0,0,0,0,0
1.544594,0,0,0,0,0,0
1.546235,0,0,0,0,0,0
1.547832,0,0,0,0,0,0
1.549436,0,0,0,0,0,0
1.551011,0,0,0,0,0,0
1.552660,0,0,0,0,0,0
1.554238,0,0,0,0,0,0
1.555998,0,0,0,0,0,0
1.557616,0,0,0,0,0,0
1.559401,0,0,0,0,0,0
1.561052,0,0,0,0,0,0
1.562836,0,0,0,0,0,0
1.564660,0,0,0,0,0,0
1.566491,0,0,0,0,0,0
1.568391,0,0,0,0,0,0
1.570009,0,0,0,0,0,0
1.571596,0,0,0,0,0,0
1.573186,0,0,0,0,0,0
1.574899,0,0,0,0,0,0
1.576810,0,0,0,0,0,0
1.578537,0,0,0,0,0,0
1.580318,0,0,0,0,0,0
1.581957,0,0,0,0,0,0
1.583743,0,0,0,0,0,0
1.585653,0,0,0,0,0,0
1.587479,0,0,0,0,0,0
1.589307,0,0,0,0,0,0
1.591133,0,0,0,0,0,0
1.592858,0,0,0,0,0,0
1.594639,0,0,0,0,0,0
1.596446,0,0,0,0,0,0
1.598206,0,0,0,0,0,0
1.599984,0,0,0,0,0,0
1.601888,0,0,0,0,0,0
1.603732,0,0,0,0,0,0
1.605557,0,0,0,0,0,0
1.607186,0,0,0,0,0,0
1.609058,0,0,0,0,0,0
1.610888,0,0,0,0,0,0
1.612711,0,0,0,0,0,0
1.614344,0,0,0,0,0,0
1.615922,0,0,0,0,0,0
1.617783,0,0,0,0,0,0
1.619612,0,0,0,0,0,0
1.621494,0,0,0,0,0,0
1.623303,0,0,0,0,0,0
1.625061,0,0,0,0,0,0
1.626842,0,0,0,0,0,0
1.628666,0,0,0,0,0,0
1.630486,0,0,0,0,0,0
1.632371,0,0,0,0,0,0
1.634130,0,0,0,0,0,0
1.635821,0,0,0,0,0,0
1.637712,0,0,0,0,0,0
1.639553,0,0,0,0,0,0
1.641182,0,0,0,0,0,0
1.642967,0,0,0,0,0,0
1.644790,0,0,0,0,0,0
1.646643,0,0,0,0,0,0
1.648546,0,0,0,0,0,0
1.650313,0,0,0,0,0,0
1.652094,0,0,0,0,0,0
1.653921,0,0,0,0,0,0
1.655731,0,0,0,0,0,0
1.657443,0,0,0,0,0,0
1.659212,0,0,0,0,0,0
1.661136,0,0,0,0,0,0
1.663014,0,0,0,0,0,0
1.664915,0,0,0,0,0,0
1.666895,0,0,0,0,0,0
1.668736,0,0,0,0,0,0
1.670663,0,0,0,0,0,0
1.672565,0,0,0,0,0,0
1.674532,0,0,0,0,0,0
1.676354,0,0,0,0,0,0
1.678178,0,0,0,0,0,0
1.679817,0,0,0,0,0,0
1.681575,0,0,0,0,0,0
1.683385,0,0,0,0,0,0
1.685213,0,0,0,0,0,0
1.687037,0,0,0,0,0,0
1.689089,0,0,0,0,0,0
1.690762,0,0,0,0,0,0
1.692330,0,0,0,0,0,0
1.693903,0,0,0,0,0,0
1.695503,0,0,0,0,0,0
1.697379,0,0,0,0,0,0
1.699142,0,0,0,0,0,0
1.700680,0,0,0,0,0,0
1.702355,0,0,0,0,0,0
1.704085,0,0,0,0,0,0
1.705634,0,0,0,0,0,0
1.707211,0,0,0,0,0,0
1.708992,0,0,0,0,0,0
1.710816,0,0,0,0,0,0
1.712727,0,0,0,0,0,0
1.714368,0,0,0,0,0,0
1.715945,0,0,0,0,0,0
1.717727,0,0,0,0,0,0
1.719552,0,0,0,0,0,0
1.721382,0,0,0,0,0,0
1.723030,0,0,0,0,0,0
1.724815,0,0,0,0,0,0
1.726647,0,0,0,0,0,0
1.728548,0,0,0,0,0,0
1.730310,0,0,0,0,0,0
1.732093,0,0,0,0,0,0
1.733740,0,0,0,0,0,0
1.735525,0,0,0,0,0,0
1.737355,0,0,0,0,0,0
1.739182,0,0,0,0,0,0
1.741010,0,0,0,0,0,0
1.742837,0,0,0,0,0,0
1.744561,0,0,0,0,0,0
1.746501,0,0,0,0,0,0
1.748325,0,0,0,0,0,0
1.750151,0,0,0,0,0,0
1.753410,0,0,0,0,0,0
1.755201,0,0,0,0,0,0
1.756802,0,0,0,0,0,0
1.758428,0,0,0,0,0,0
1.760007,0,0,0,0,0,0
1.761653,0,0,0,0,0,0
1.763215,0,0,0,0,0,0
1.764774,0,0,0,0,0,0
1.766436,0,0,0,0,0,0
1.768004,0,0,0,0,0,0
1.769642,0,0,0,0,0,0
1.771212,0,0,0,0,0,0
1.772779,0,0,0,0,0,0
1.774351,0,0,0,0,0,0
1.776202,0,0,0,0,0,0
1.778062,0,0,0,0,0,0
1.779889,0,0,0,0,0,0
1.781716,0,0,0,0,0,0
1.783543,0,0,0,0,0,0
1.785370,0,0,0,0,0,0
1.787193,0,0,0,0,0,0
1.788838,0,0,0,0,0,0
1.790626,0,0,0,0,0,0
1.792563,0,0,0,0,0,0
1.794666,0,0,0,0,0,0
1.796287,0,0,0,0,0,0
1.797861,0,0,0,0,0,0
1.799443,0,0,0,0,0,0
1.801170,0,0,0,0,0,0
1.802815,0,0,0,0,0,0
1.804374,0,0,0,0,0,0
1.805939,0,0,0,0,0,0
1.807510,0,0,0,0,0,0
1.809151,0,0,0,0,0,0
1.810728,0,0,0,0,0,0
1.812487,0,0,0,0,0,0
1.814304,0,0,0,0,0,0
1.816413,0,0,0,0,0,0
1.818108,0,0,0,0,0,0
1.819890,0,0,0,0,0,0
1.821755,0,0,0,0,0,0
1.823614,0,0,0,0,0,0
1.825440,0,0,0,0,0,0
1.827069,0,0,0,0,0,0
1.828722,0,0,0,0,0,0
1.830954,0,0,0,0,0,0
1.832784,0,0,0,0,0,0
1.834477,0,0,0,0,0,0
1.836271,0,0,0,0,0,0
1.838574,0,0,0,0,0,0
1.840285,0,0,0,0,0,0
1.841939,0,0,0,0,0,0
1.843458,0,0,0,0,0,0
1.845022,0,0,0,0,0,0
1.846555,0,0,0,0,0,0
1.848036,0,0,0,0,0,0
1.849468,0,0,0,0,0,0
1.850940,0,0,0,0,0,0
1.852508,0,0,0,0,0,0
1.854194,0,0,0,0,0,0
1.855641,0,0,0,0,0,0
1.857141,0,0,0,0,0,0
1.858664,0,0,0,0,0,0
1.860124,0,0,0,0,0,0
1.861639,0,0,0,0,0,0
1.863139,0,0,0,0,0,0
1.864677,0,0,0,0,0,0
1.867264,0,0,0,0,0,0
1.869188,0,0,0,0,0,0
1.870754,0,0,0,0,0,0
1.872199,0,0,0,0,0,0
1.873681,0,0,0,0,0,0
1.875113,0,0,0,0,0,0
1.876572,0,0,0,0,0,0
1.878154,0,0,0,0,0,0
1.879612,0,0,0,0,0,0
1.881136,0,0,0,0,0,0
1.884020,0,0,0,0,0,0
1.885609,0,0,0,0,0,0
1.887171,0,0,0,0,0,0
1.888800,0,0,0,0,0,0
1.890365,0,0,0,0,0,0
1.891923,0,0,0,0,0,0
1.893487,0,0,0,0,0,0
1.895060,0,0,0,0,0,0
1.896711,0,0,0,0,0,0
1.898288,0,0,0,0,0,0
1.899858,0,0,0,0,0,0
1.901432,0,0,0,0,0,0
1.903000,0,0,0,0,0,0
1.904571,0,0,0,0,0,0
1.906471,0,0,0,0,0,0
1.908314,0,0,0,0,0,0
1.910139,0,0,0,0,0,0
1.911967,0,0,0,0,0,0
1.913877,0,0,0,0,0,0
1.915688,0,0,0,0,0,0
1.917537,0,0,0,0,0,0
1.919215,0,0,0,0,0,0
1.920874,0,0,0,0,0,0
1.922447,0,0,0,0,0,0
1.924007,0,0,0,0,0,0
1.925657,0,0,0,0,0,0
1.927384,0,0,0,0,0,0
1.929028,0,0,0,0,0,0
1.930953,0,0,0,0,0,0
1.934653,0,0,0,0,0,0
1.938307,0,0,0,0,0,0
1.939911,0,0,0,0,0,0
1.941400,0,0,0,0,0,0
1.942830,0,0,0,0,0,0
1.944345,0,0,0,0,0,0
1.945791,0,0,0,0,0,0
1.947285,0,0,0,0,0,0
1.948728,0,0,0,0,0,0
1.950327,0,0,0,0,0,0
1.951986,0,0,0,0,0,0
1.953615,0,0,0,0,0,0
1.955176,0,0,0,0,0,0
1.956734,0,0,0,0,0,0
1.958382,0,0,0,0,0,0
1.959941,0,0,0,0,0,0
1.961569,0,0,0,0,0,0
1.963153,0,0,0,0,0,0
1.965215,0,0,0,0,0,0
1.966828,0,0,0,0,0,0
1.968479,0,0,0,0,0,0
1.970146,0,0,0,0,0,0
1.971728,0,0,0,0,0,0
1.973348,0,0,0,0,0,0
1.974963,0,0,0,0,0,0
1.976771,0,0,0,0,0,0
1.978619,0,0,0,0,0,0
1.980179,0,0,0,0,0,0
1.981983,0,0,0,0,0,0
1.983628,0,0,0,0,0,0
1.985126,0,0,0,0,0,0
1.986566,0,0,0,0,0,0
1.988014,0,0,0,0,0,0
1.989461,0,0,0,0,0,0
1.990904,0,0,0,0,0,0
1.992396,0,0,0,0,0,0
1.993878,0,0,0,0,0,0
1.995831,0,0,0,0,0,0
1.997997,0,0,0,0,0,0
1.999710,0,0,0,0,0,0
2.001271,0,0,0,0,0,0
2.002831,0,0,0,0,0,0
2.004470,0,0,0,0,0,0
2.006504,0,0,0,0,0,0
2.008151,0,0,0,0,0,0
2.009714,0,0,0,0,0,0
2.011273,0,0,0,0,0,0
2.012831,0,0,0,0,0,0
2.014497,0,0,0,0,0,0
2.016138,0,0,0,0,0,0
2.017709,0,0,0,0,0,0
2.019278,0,0,0,0,0,0
2.020843,0,0,0,0,0,0
2.022414,0,0,0,0,0,0
2.024264,0,0,0,0,0,0
2.025904,0,0,0,0,0,0
2.027687,0,0,0,0,0,0
2.029649,0,0,0,0,0,0
2.031355,0,0,0,0,0,0
2.033083,0,0,0,0,0,0
2.034990,0,0,0,0,0,0
2.036810,0,0,0,0,0,0
2.038489,0,0,0,0,0,0
2.040015,0,0,0,0,0,0
2.041465,0,0,0,0,0,0
2.042920,0,0,0,0,0,0
2.044372,0,0,0,0,0,0
2.045828,0,0,0,0,0,0
2.047283,0,0,0,0,0,0
2.048775,0,0,0,0,0,0
2.050904,0,0,0,0,0,0
2.052699,0,0,0,0,0,0
2.054409,0,0,0,0,0,0
2.055978,0,0,0,0,0,0
2.057621,0,0,0,0,0,0
2.059193,0,0,0,0,0,0
2.060829,0,0,0,0,0,0
2.062405,0,0,0,0,0,0
2.063974,0,0,0,0,0,0
2.065615,0,0,0,0,0,0
2.067186,0,0,0,0,0,0
2.068769,0,0,0,0,0,0
2.070648,0,0,0,0,0,0
2.072550,0,0,0,0,0,0
2.074950,0,0,0,0,0,0
2.076576,0,0,0,0,0,0
2.078385,0,0,0,0,0,0
2.079988,0,0,0,0,0,0
2.081640,0,0,0,0,0,0
2.083212,0,0,0,0,0,0
2.084982,0,0,0,0,0,0
2.086807,0,0,0,0,0,0
2.088707,0,0,0,0,0,0
2.090390,0,0,0,0,0,0
2.092159,0,0,0,0,0,0
2.093855,0,0,0,0,0,0
2.095482,0,0,0,0,0,0
2.097027,0,0,0,0,0,0
2.098480,0,0,0,0,0,0
2.099930,0,0,0,0,0,0
2.101522,0,0,0,0,0,0
2.104248,0,0,0,0,0,0
2.105820,0,0,0,0,0,0
2.107553,0,0,0,0,0,0
2.109431,0,0,0,0,0,0
2.111208,0,0,0,0,0,0
2.112904,0,0,0,0,0,0
2.114807,0,0,0,0,0,0
2.117334,0,0,0,0,0,0
2.119087,0,0,0,0,0,0
2.120734,0,0,0,0,0,0
2.122470,0,0,0,0,0,0
2.124056,0,0,0,0,0,0
2.125742,0,0,0,0,0,0
2.127533,0,0,0,0,0,0
2.129542,0,0,0,0,0,0
2.131168,0,0,0,0,0,0
2.132718,0,0,0,0,0,0
2.134288,0,0,0,0,0,0
2.136340,0,0,0,0,0,0
2.138376,0,0,0,0,0,0
2.142376,0,0,0,0,0,0
2.144799,0,0,0,0,0,0
2.146193,0,0,0,0,0,0
2.147652,0,0,0,0,0,0
2.149104,0,0,0,0,0,0
2.150555,0,0,0,0,0,0
2.152004,0,0,0,0,0,0
2.153363,0,0,0,0,0,0
2.155125,0,0,0,0,0,0
2.156666,0,0,0,0,0,0
2.158210,0,0,0,0,0,0
2.159744,0,0,0,0,0,0
2.161240,0,0,0,0,0,0
2.162583,0,0,0,0,0,0
2.164033,0,0,0,0,0,0
2.165546,0,0,0,0,0,0
2.166894,0,0,0,0,0,0
2.168385,0,0,0,0,0,0
2.169862,0,0,0,0,0,0
2.171287,0,0,0,0,0,0
2.172710,0,0,0,0,0,0
2.174203,0,0,0,0,0,0
2.175697,0,0,0,0,0,0
2.177207,0,0,0,0,0,0
2.179573,0,0,0,0,0,0
2.181161,0,0,0,0,0,0
2.182667,0,0,0,0,0,0
2.184209,0,0,0,0,0,0
2.185718,0,0,0,0,0,0
2.187219,0,0,0,0,0,0
2.188716,0,0,0,0,0,0
2.190129,0,0,0,0,0,0
2.191629,0,0,0,0,0,0
2.193127,0,0,0,0,0,0
2.194620,0,0,0,0,0,0
2.196120,0,0,0,0,0,0
2.197611,0,0,0,0,0,0
2.199126,0,0,0,0,0,0
2.200581,0,0,0,0,0,0
2.202065,0,0,0,0,0,0
2.203512,0,0,0,0,0,0
2.204963,0,0,0,0,0,0
2.206420,0,0,0,0,0,0
2.207953,0,0,0,0,0,0
2.209348,0,0,0,0,0,0
2.210835,0,0,0,0,0,0
2.212330,0,0,0,0,0,0
2.213833,0,0,0,0,0,0
2.215324,0,0,0,0,0,0
2.216831,0,0,0,0,0,0
2.218372,0,0,0,0,0,0
2.219857,0,0,0,0,0,0
2.221338,0,0,0,0,0,0
2.222901,0,0,0,0,0,0
2.224486,0,0,0,0,0,0
2.226246,0,0,0,0,0,0
2.227819,0,0,0,0,0,0
2.229384,0,0,0,0,0,0
2.231184,0,0,0,0,0,0
2.232818,0,0,0,0,0,0
2.234451,0,0,0,0,0,0
2.236024,0,0,0,0,0,0
2.237602,0,0,0,0,0,0
2.239183,0,0,0,0,0,0
2.241038,0,0,0,0,0,0
2.242864,0,0,0,0,0,0
2.244684,0,0,0,0,0,0
2.246514,0,0,0,0,0,0
2.248414,0,0,0,0,0,0
2.250185,0,0,0,0,0,0
2.251732,0,0,0,0,0,0
2.253216,0,0,0,0,0,0
2.254666,0,0,0,0,0,0
2.257175,0,0,0,0,0,0
2.261137,0,0,0,0,0,0
2.262672,0,0,0,0,0,0
2.264361,0,0,0,0,0,0
2.265811,0,0,0,0,0,0
2.267272,0,0,0,0,0,0
2.268739,0,0,0,0,0,0
2.270239,0,0,0,0,0,0
2.271681,0,0,0,0,0,0
2.273195,0,0,0,0,0,0
2.274679,0,0,0,0,0,0
2.276297,0,0,0,0,0,0
2.277863,0,0,0,0,0,0
2.279428,0,0,0,0,0,0
2.281038,0,0,0,0,0,0
2.282600,0,0,0,0,0,0
2.284171,0,0,0,0,0,0
2.285735,0,0,0,0,0,0
2.287587,0,0,0,0,0,0
2.289274,0,0,0,0,0,0
2.291104,0,0,0,0,0,0
2.295803,0,0,0,0,0,0
2.297491,0,0,0,0,0,0
2.299073,0,0,0,0,0,0
2.300602,0,0,0,0,0,0
2.302304,0,0,0,0,0,0
2.303825,0,0,0,0,0,0
2.305692,0,0,0,0,0,0
2.307384,0,0,0,0,0,0
2.308919,0,0,0,0,0,0
2.310568,0,0,0,0,0,0
2.312009,0,0,0,0,0,0
2.313892,0,0,0,0,0,0
2.315896,0,0,0,0,0,0
2.317469,0,0,0,0,0,0
2.319036,0,0,0,0,0,0
2.320666,0,0,0,0,0,0
2.322289,0,0,0,0,0,0
2.323858,0,0,0,0,0,0
2.325652,0,0,0,0,0,0
2.327522,0,0,0,0,0,0
2.329414,0,0,0,0,0,0
2.331226,0,0,0,0,0,0
2.333166,0,0,0,0,0,0
2.334993,0,0,0,0,0,0
2.336892,0,0,0,0,0,0
2.338614,0,0,0,0,0,0
2.340397,0,0,0,0,0,0
2.342014,0,0,0,0,0,0
2.343791,0,0,0,0,0,0
2.345529,0,0,0,0,0,0
2.347312,0,0,0,0,0,0
2.349371,0,0,0,0,0,0
2.351164,0,0,0,0,0,0
2.352842,0,0,0,0,0,0
2.354416,0,0,0,0,0,0
2.355979,0,0,0,0,0,0
2.357596,0,0,0,0,0,0
2.359237,0,0,0,0,0,0
2.360743,0,0,0,0,0,0
2.362197,0,0,0,0,0,0
2.363639,0,0,0,0,0,0
2.365205,0,0,0,0,0,0
2.368041,0,0,0,0,0,0
2.369643,0,0,0,0,0,0
2.371210,0,0,0,0,0,0
2.372775,0,0,0,0,0,0
2.374346,0,0,0,0,0,0
2.375912,0,0,0,0,0,0
2.377757,0,0,0,0,0,0
2.379583,0,0,0,0,0,0
2.381230,0,0,0,0,0,0
2.383012,0,0,0,0,0,0
2.384911,0,0,0,0,0,0
2.386661,0,0,0,0,0,0
2.388444,0,0,0,0,0,0
2.390142,0,0,0,0,0,0
2.391942,0,0,0,0,0,0
2.393850,0,0,0,0,0,0
2.395676,0,0,0,0,0,0
2.397502,0,0,0,0,0,0
2.399325,0,0,0,0,0,0
2.401150,0,0,0,0,0,0
2.402793,0,0,0,0,0,0
2.404585,0,0,0,0,0,0
2.406560,0,0,0,0,0,0
2.408446,0,0,0,0,0,0
2.410290,0,0,0,0,0,0
2.411952,0,0,0,0,0,0
2.413528,0,0,0,0,0,0
2.415008,0,0,0,0,0,0
2.416510,0,0,0,0,0,0
2.417965,0,0,0,0,0,0
2.419412,0,0,0,0,0,0
2.420852,0,0,0,0,0,0
2.422361,0,0,0,0,0,0
2.424134,0,0,0,0,0,0
2.425714,0,0,0,0,0,0
2.427286,0,0,0,0,0,0
2.428851,0,0,0,0,0,0
2.430421,0,0,0,0,0,0
2.431987,0,0,0,0,0,0
2.433826,0,0,0,0,0,0
2.435701,0,0,0,0,0,0
2.437594,0,0,0,0,0,0
2.439190,0,0,0,0,0,0
2.440977,0,0,0,0,0,0
2.442805,0,0,0,0,0,0
2.444632,0,0,0,0,0,0
2.446285,0,0,0,0,0,0
2.448070,0,0,0,0,0,0
2.449706,0,0,0,0,0,0
2.451491,0,0,0,0,0,0
2.453318,0,0,0,0,0,0
2.455132,0,0,0,0,0,0
2.456766,0,0,0,0,0,0
2.458372,0,0,0,0,0,0
2.460259,0,0,0,0,0,0
2.462086,0,0,0,0,0,0
2.463900,0,0,0,0,0,0
2.465633,0,0,0,0,0,0
2.467287,0,0,0,0,0,0
2.468785,0,0,0,0,0,0
2.470304,0,0,0,0,0,0
2.471777,0,0,0,0,0,0
2.473332,0,0,0,0,0,0
2.476123,0,0,0,0,0,0
2.477730,0,0,0,0,0,0
2.479303,0,0,0,0,0,0
2.480945,0,0,0,0,0,0
2.482515,0,0,0,0,0,0
2.484084,0,0,0,0,0,0
2.485861,0,0,0,0,0,0
2.487690,0,0,0,0,0,0
2.489414,0,0,0,0,0,0
2.491185,0,0,0,0,0,0
2.493284,0,0,0,0,0,0
2.495107,0,0,0,0,0,0
2.497015,0,0,0,0,0,0
2.498843,0,0,0,0,0,0
2.500689,0,0,0,0,0,0
2.502521,0,0,0,0,0,0
2.504423,0,0,0,0,0,0
2.506181,0,0,0,0,0,0
2.507965,0,0,0,0,0,0
2.509796,0,0,0,0,0,0
2.511443,0,0,0,0,0,0
2.513394,0,0,0,0,0,0
2.518324,0,0,0,0,0,0
2.519922,0,0,0,0,0,0
2.521753,0,0,0,0,0,0
2.523215,0,0,0,0,0,0
2.524622,0,0,0,0,0,0
2.526120,0,0,0,0,0,0
2.527517,0,0,0,0,0,0
2.528985,0,0,0,0,0,0
2.532018,0,0,0,0,0,0
2.533598,0,0,0,0,0,0
2.535252,0,0,0,0,0,0
2.536893,0,0,0,0,0,0
2.538905,0,0,0,0,0,0
2.540473,0,0,0,0,0,0
2.542105,0,0,0,0,0,0
2.543689,0,0,0,0,0,0
2.545264,0,0,0,0,0,0
2.546836,0,0,0,0,0,0
2.548406,0,0,0,0,0,0
2.549980,0,0,0,0,0,0
2.551539,0,0,0,0,0,0
2.553096,0,0,0,0,0,0
2.554802,0,0,0,0,0,0
2.556372,0,0,0,0,0,0
2.557942,0,0,0,0,0,0
2.559512,0,0,0,0,0,0
2.561151,0,0,0,0,0,0
2.562721,0,0,0,0,0,0
2.564495,0,0,0,0,0,0
2.566264,0,0,0,0,0,0
2.568033,0,0,0,0,0,0
2.569963,0,0,0,0,0,0
2.571593,0,0,0,0,0,0
2.573061,0,0,0,0,0,0
2.574545,0,0,0,0,0,0
2.576000,0,0,0,0,0,0
2.577524,0,0,0,0,0,0
2.578969,0,0,0,0,0,0
2.580553,0,0,0,0,0,0
2.582101,0,0,0,0,0,0
2.583894,0,0,0,0,0,0
2.585471,0,0,0,0,0,0
2.587041,0,0,0,0,0,0
2.588731,0,0,0,0,0,0
2.590340,0,0,0,0,0,0
2.591901,0,0,0,0,0,0
2.593787,0,0,0,0,0,0
2.595679,0,0,0,0,0,0
2.597251,0,0,0,0,0,0
2.599033,0,0,0,0,0,0
2.600655,0,0,0,0,0,0
2.602367,0,0,0,0,0,0
2.603935,0,0,0,0,0,0
2.605504,0,0,0,0,0,0
2.607207,0,0,0,0,0,0
2.609363,0,0,0,0,0,0
2.610970,0,0,0,0,0,0
2.612632,0,0,0,0,0,0
2.614212,0,0,0,0,0,0
2.615783,0,0,0,0,0,0
2.617421,0,0,0,0,0,0
2.619071,0,0,0,0,0,0
2.620684,0,0,0,0,0,0
2.622458,0,0,0,0,0,0
2.624347,0,0,0,0,0,0
2.626083,0,0,0,0,0,0
2.627612,0,0,0,0,0,0
2.629072,0,0,0,0,0,0
2.630518,0,0,0,0,0,0
2.631958,0,0,0,0,0,0
2.633709,0,0,0,0,0,0
2.636294,0,0,0,0,0,0
2.637885,0,0,0,0,0,0
2.639469,0,0,0,0,0,0
2.641013,0,0,0,0,0,0
2.642489,0,0,0,0,0,0
2.643938,0,0,0,0,0,0
2.645388,0,0,0,0,0,0
2.647005,0,0,0,0,0,0
2.648793,0,0,0,0,0,0
2.650322,0,0,0,0,0,0
2.651947,0,0,0,0,0,0
2.653515,0,0,0,0,0,0
2.655211,0,0,0,0,0,0
2.656855,0,0,0,0,0,0
2.658530,0,0,0,0,0,0
2.660102,0,0,0,0,0,0
2.661690,0,0,0,0,0,0
2.663324,0,0,0,0,0,0
2.664963,0,0,0,0,0,0
2.666535,0,0,0,0,0,0
2.668307,0,0,0,0,0,0
2.670135,0,0,0,0,0,0
2.671783,0,0,0,0,0,0
2.673651,0,0,0,0,0,0
2.675464,0,0,0,0,0,0
2.677515,0,0,0,0,0,0
2.679085,0,0,0,0,0,0
2.680700,0,0,0,0,0,0
2.682230,0,0,0,0,0,0
2.683689,0,0,0,0,0,0
2.685149,0,0,0,0,0,0
2.686602,0,0,0,0,0,0
2.688241,0,0,0,0,0,0
2.689779,0,0,0,0,0,0
2.692428,0,0,0,0,0,0
2.694252,0,0,0,0,0,0
2.695838,0,0,0,0,0,0
2.697481,0,0,0,0,0,0
2.699043,0,0,0,0,0,0
2.700603,0,0,0,0,0,0
2.702390,0,0,0,0,0,0
2.703962,0,0,0,0,0,0
2.705618,0,0,0,0,0,0
2.707179,0,0,0,0,0,0
2.708738,0,0,0,0,0,0
2.710326,0,0,0,0,0,0
2.712163,0,0,0,0,0,0
2.713880,0,0,0,0,0,0
2.715544,0,0,0,0,0,0
2.717455,0,0,0,0,0,0
2.719291,0,0,0,0,0,0
2.720916,0,0,0,0,0,0
2.722717,0,0,0,0,0,0
2.725919,0,0,0,0,0,0
2.727711,0,0,0,0,0,0
2.729470,0,0,0,0,0,0
2.731035,0,0,0,0,0,0
2.732596,0,0,0,0,0,0
2.734293,0,0,0,0,0,0
2.736244,0,0,0,0,0,0
2.737890,0,0,0,0,0,0
2.739461,0,0,0,0,0,0
2.741035,0,0,0,0,0,0
2.742604,0,0,0,0,0,0
2.744246,0,0,0,0,0,0
2.745826,0,0,0,0,0,0
2.747388,0,0,0,0,0,0
2.749020,0,0,0,0,0,0
2.750648,0,0,0,0,0,0
2.752283,0,0,0,0,0,0
2.753855,0,0,0,0,0,0
2.755425,0,0,0,0,0,0
2.756997,0,0,0,0,0,0
2.758566,0,0,0,0,0,0
2.760429,0,0,0,0,0,0
2.762189,0,0,0,0,0,0
2.763971,0,0,0,0,0,0
2.765802,0,0,0,0,0,0
2.767626,0,0,0,0,0,0
2.769657,0,0,0,0,0,0
2.771323,0,0,0,0,0,0
2.772898,0,0,0,0,0,0
2.774612,0,0,0,0,0,0
2.776323,0,0,0,0,0,0
2.777979,0,0,0,0,0,0
2.779552,0,0,0,0,0,0
2.781124,0,0,0,0,0,0
2.782695,0,0,0,0,0,0
2.784320,0,0,0,0,0,0
2.786089,0,0,0,0,0,0
2.787914,0,0,0,0,0,0
2.789742,0,0,0,0,0,0
2.791568,0,0,0,0,0,0
2.793488,0,0,0,0,0,0
2.795234,0,0,0,0,0,0
2.797218,0,0,0,0,0,0
2.799046,0,0,0,0,0,0
2.800735,0,0,0,0,0,0
2.802434,0,0,0,0,0,0
2.804213,0,0,0,0,0,0
2.805829,0,0,0,0,0,0
2.807774,0,0,0,0,0,0
2.809552,0,0,0,0,0,0
2.811202,0,0,0,0,0,0
2.812779,0,0,0,0,0,0
2.814375,0,0,0,0,0,0
2.815958,0,0,0,0,0,0
2.817823,0,0,0,0,0,0
2.819651,0,0,0,0,0,0
2.821481,0,0,0,0,0,0
2.823294,0,0,0,0,0,0
2.825144,0,0,0,0,0,0
2.826931,0,0,0,0,0,0
2.828756,0,0,0,0,0,0
2.830579,0,0,0,0,0,0
2.832465,0,0,0,0,0,0
2.834286,0,0,0,0,0,0
2.836193,0,0,0,0,0,0
2.837968,0,0,0,0,0,0
2.839787,0,0,0,0,0,0
2.841694,0,0,0,0,0,0
2.843522,0,0,0,0,0,0
2.845444,0,0,0,0,0,0
2.847803,0,0,0,0,0,0
2.849745,0,0,0,0,0,0
2.851419,0,0,0,0,0,0
2.853046,0,0,0,0,0,0
2.854695,0,0,0,0,0,0
2.856362,0,0,0,0,0,0
2.857951,0,0,0,0,0,0
2.859522,0,0,0,0,0,0
2.861094,0,0,0,0,0,0
2.862655,0,0,0,0,0,0
2.864495,0,0,0,0,0,0
2.866465,0,0,0,0,0,0
2.868110,0,0,0,0,0,0
2.869897,0,0,0,0,0,0
2.871730,0,0,0,0,0,0
2.873351,0,0,0,0,0,0
2.874929,0,0,0,0,0,0
2.876502,0,0,0,0,0,0
2.878186,0,0,0,0,0,0
2.879759,0,0,0,0,0,0
2.881404,0,0,0,0,0,0
2.882973,0,0,0,0,0,0
2.884747,0,0,0,0,0,0
2.886582,0,0,0,0,0,0
2.888369,0,0,0,0,0,0
2.890455,0,0,0,0,0,0
2.892153,0,0,0,0,0,0
2.893904,0,0,0,0,0,0
2.895505,0,0,0,0,0,0
2.897175,0,0,0,0,0,0
2.898776,0,0,0,0,0,0
2.900348,0,0,0,0,0,0
2.901921,0,0,0,0,0,0
2.903482,0,0,0,0,0,0
2.906076,0,0,0,0,0,0
2.907636,0,0,0,0,0,0
2.909214,0,0,0,0,0,0
2.910786,0,0,0,0,0,0
2.912425,0,0,0,0,0,0
2.914000,0,0,0,0,0,0
2.915778,0,0,0,0,0,0
2.917609,0,0,0,0,0,0
2.919256,0,0,0,0,0,0
2.920914,0,0,0,0,0,0
2.922524,0,0,0,0,0,0
2.924095,0,0,0,0,0,0
2.925669,0,0,0,0,0,0
2.927240,0,0,0,0,0,0
2.929023,0,0,0,0,0,0
2.930660,0,0,0,0,0,0
2.932430,0,0,0,0,0,0
2.934604,0,0,0,0,0,0
2.936261,0,0,0,0,0,0
2.937839,0,0,0,0,0,0
2.939411,0,0,0,0,0,0
2.941032,0,0,0,0,0,0
2.942589,0,0,0,0,0,0
2.944427,0,0,0,0,0,0
2.946319,0,0,0,0,0,0
2.948147,0,0,0,0,0,0
2.949973,0,0,0,0,0,0
2.951613,0,0,0,0,0,0
2.953241,0,0,0,0,0,0
2.954956,0,0,0,0,0,0
2.956784,0,0,0,0,0,0
2.958509,0,0,0,0,0,0
2.960370,0,0,0,0,0,0
2.962014,0,0,0,0,0,0
2.963800,0,0,0,0,0,0
2.965629,0,0,0,0,0,0
2.967443,0,0,0,0,0,0
2.969187,0,0,0,0,0,0
2.971077,0,0,0,0,0,0
2.972717,0,0,0,0,0,0
2.974505,0,0,0,0,0,0
2.976402,0,0,0,0,0,0
2.978025,0,0,0,0,0,0
2.979806,0,0,0,0,0,0
2.982044,0,0,0,0,0,0
2.983729,0,0,0,0,0,0
2.985312,0,0,0,0,0,0
2.986887,0,0,0,0,0,0
2.988458,0,0,0,0,0,0
2.990171,0,0,0,0,0,0
2.991948,0,0,0,0,0,0
2.993859,0,0,0,0,0,0
2.995507,0,0,0,0,0,0
2.997296,0,0,0,0,0,0
2.999124,0,0,0,0,0,0
3.001010,0,0,0,0,0,0
3.002837,0,0,0,0,0,0
3.004660,0,0,0,0,0,0
3.006515,0,0,0,0,0,0
3.008418,0,0,0,0,0,0
3.010401,0,0,0,0,0,0
3.012214,0,0,0,0,0,0
3.013999,0,0,0,0,0,0
3.015574,0,0,0,0,0,0
3.017342,0,0,0,0,0,0
3.019116,0,0,0,0,0,0
3.021085,0,0,0,0,0,0
3.022788,0,0,0,0,0,0
3.024436,0,0,0,0,0,0
3.026209,0,0,0,0,0,0
3.028054,0,0,0,0,0,0
3.029879,0,0,0,0,0,0
3.031702,0,0,0,0,0,0
3.033527,0,0,0,0,0,0
3.035352,0,0,0,0,0,0
3.037176,0,0,0,0,0,0
3.038824,0,0,0,0,0,0
3.040694,0,0,0,0,0,0
3.042526,0,0,0,0,0,0
3.044349,0,0,0,0,0,0
3.046176,0,0,0,0,0,0
3.048004,0,0,0,0,0,0
3.049929,0,0,0,0,0,0
3.051756,0,0,0,0,0,0
3.053446,0,0,0,0,0,0
3.055238,0,0,0,0,0,0
3.057071,0,0,0,0,0,0
3.058898,0,0,0,0,0,0
3.060542,0,0,0,0,0,0
3.062255,0,0,0,0,0,0
3.064032,0,0,0,0,0,0
3.065670,0,0,0,0,0,0
3.067248,0,0,0,0,0,0
3.069029,0,0,0,0,0,0
3.070864,0,0,0,0,0,0
3.072751,0,0,0,0,0,0
3.074442,0,0,0,0,0,0
3.076016,0,0,0,0,0,0
3.077884,0,0,0,0,0,0
3.079708,0,0,0,0,0,0
3.081428,0,0,0,0,0,0
3.083212,0,0,0,0,0,0
3.085038,0,0,0,0,0,0
3.086860,0,0,0,0,0,0
3.088758,0,0,0,0,0,0
3.090587,0,0,0,0,0,0
3.092430,0,0,0,0,0,0
3.094396,0,0,0,0,0,0
3.096298,0,0,0,0,0,0
3.098122,0,0,0,0,0,0
3.099946,0,0,0,0,0,0
3.101772,0,0,0,0,0,0
3.103417,0,0,0,0,0,0
3.105203,0,0,0,0,0,0
3.107027,0,0,0,0,0,0
3.108845,0,0,0,0,0,0
3.110513,0,0,0,0,0,0
3.112017,0,0,0,0,0,0
3.113602,0,0,0,0,0,0
3.115373,0,0,0,0,0,0
3.117269,0,0,0,0,0,0
3.118903,0,0,0,0,0,0
3.120763,0,0,0,0,0,0
3.122595,0,0,0,0,0,0
3.124242,0,0,0,0,0,0
3.126028,0,0,0,0,0,0
3.127858,0,0,0,0,0,0
3.129477,0,0,0,0,0,0
3.131246,0,0,0,0,0,0
3.133412,0,0,0,0,0,0
3.135202,0,0,0,0,0,0
3.136862,0,0,0,0,0,0
3.138511,0,0,0,0,0,0
3.140349,0,0,0,0,0,0
3.142376,0,0,0,0,0,0
3.144582,0,0,0,0,0,0
3.146275,0,0,0,0,0,0
3.147844,0,0,0,0,0,0
3.149414,0,0,0,0,0,0
3.151057,0,0,0,0,0,0
3.152689,0,0,0,0,0,0
3.154388,0,0,0,0,0,0
3.155949,0,0,0,0,0,0
3.157521,0,0,0,0,0,0
3.159082,0,0,0,0,0,0
3.160920,0,0,0,0,0,0
3.162858,0,0,0,0,0,0
3.164434,0,0,0,0,0,0
3.166005,0,0,0,0,0,0
3.167594,0,0,0,0,0,0
3.169177,0,0,0,0,0,0
3.170954,0,0,0,0,0,0
3.172781,0,0,0,0,0,0
3.174617,0,0,0,0,0,0
3.176519,0,0,0,0,0,0
3.178311,0,0,0,0,0,0
3.180093,0,0,0,0,0,0
3.181921,0,0,0,0,0,0
3.183748,0,0,0,0,0,0
3.185658,0,0,0,0,0,0
3.187931,0,0,0,0,0,0
3.189536,0,0,0,0,0,0
3.191103,0,0,0,0,0,0
3.192739,0,0,0,0,0,0
3.194556,0,0,0,0,0,0
3.196213,0,0,0,0,0,0
3.198105,0,0,0,0,0,0
3.199958,0,0,0,0,0,0
3.201665,0,0,0,0,0,0
3.203449,0,0,0,0,0,0
3.205282,0,0,0,0,0,0
3.207110,0,0,0,0,0,0
3.209015,0,0,0,0,0,0
3.210664,0,0,0,0,0,0
3.212447,0,0,0,0,0,0
3.214442,0,0,0,0,0,0
3.216344,0,0,0,0,0,0
3.218172,0,0,0,0,0,0
3.219985,0,0,0,0,0,0
3.221620,0,0,0,0,0,0
3.223404,0,0,0,0,0,0
3.225235,0,0,0,0,0,0
3.227063,0,0,0,0,0,0
3.228887,0,0,0,0,0,0
3.230526,0,0,0,0,0,0
3.232401,0,0,0,0,0,0
3.234020,0,0,0,0,0,0
3.235803,0,0,0,0,0,0
3.237603,0,0,0,0,0,0
3.239236,0,0,0,0,0,0
3.241110,0,0,0,0,0,0
3.242956,0,0,0,0,0,0
3.244782,0,0,0,0,0,0
3.246617,0,0,0,0,0,0
3.248521,0,0,0,0,0,0
3.250494,0,0,0,0,0,0
3.252303,0,0,0,0,0,0
3.254009,0,0,0,0,0,0
3.255668,0,0,0,0,0,0
3.257556,0,0,0,0,0,0
3.259410,0,0,0,0,0,0
3.261237,0,0,0,0,0,0
3.263062,0,0,0,0,0,0
3.264985,0,0,0,0,0,0
3.266810,0,0,0,0,0,0
3.268630,0,0,0,0,0,0
3.270459,0,0,0,0,0,0
3.272359,0,0,0,0,0,0
3.274181,0,0,0,0,0,0
3.275863,0,0,0,0,0,0
3.277659,0,0,0,0,0,0
3.279487,0,0,0,0,0,0
3.281318,0,0,0,0,0,0
3.283146,0,0,0,0,0,0
3.284975,0,0,0,0,0,0
3.286824,0,0,0,0,0,0
3.288773,0,0,0,0,0,0
3.290606,0,0,0,0,0,0
3.292432,0,0,0,0,0,0
3.294196,0,0,0,0,0,0
3.295980,0,0,0,0,0,0
3.297712,0,0,0,0,0,0
3.299500,0,0,0,0,0,0
3.301329,0,0,0,0,0,0
3.303156,0,0,0,0,0,0
3.305063,0,0,0,0,0,0
3.306890,0,0,0,0,0,0
3.309400,0,0,0,0,0,0
3.311103,0,0,0,0,0,0
3.312757,0,0,0,0,0,0
3.314933,0,0,0,0,0,0
3.316497,0,0,0,0,0,0
3.318189,0,0,0,0,0,0
3.319772,0,0,0,0,0,0
3.321407,0,0,0,0,0,0
3.322979,0,0,0,0,0,0
3.324566,0,0,0,0,0,0
3.326334,0,0,0,0,0,0
3.327956,0,0,0,0,0,0
3.329583,0,0,0,0,0,0
3.331116,0,0,0,0,0,0
3.332637,0,0,0,0,0,0
3.334280,0,0,0,0,0,0
3.335800,0,0,0,0,0,0
3.337415,0,0,0,0,0,0
3.339185,0,0,0,0,0,0
3.341012,0,0,0,0,0,0
3.342657,0,0,0,0,0,0
3.344516,0,0,0,0,0,0
3.346300,0,0,0,0,0,0
3.348135,0,0,0,0,0,0
3.349749,0,0,0,0,0,0
3.351517,0,0,0,0,0,0
3.353250,0,0,0,0,0,0
3.355045,0,0,0,0,0,0
3.356870,0,0,0,0,0,0
3.358454,0,0,0,0,0,0
3.360031,0,0,0,0,0,0
3.361838,0,0,0,0,0,0
3.363486,0,0,0,0,0,0
3.365276,0,0,0,0,0,0
3.367105,0,0,0,0,0,0
3.369011,0,0,0,0,0,0
3.370825,0,0,0,0,0,0
3.372632,0,0,0,0,0,0
3.374435,0,0,0,0,0,0
3.376027,0,0,0,0,0,0
3.377931,0,0,0,0,0,0
3.379784,0,0,0,0,0,0
3.381611,0,0,0,0,0,0
3.385250,0,0,0,0,0,0
3.386940,0,0,0,0,0,0
3.388521,0,0,0,0,0,0
3.390166,0,0,0,0,0,0
3.391734,0,0,0,0,0,0
3.393308,0,0,0,0,0,0
3.394877,0,0,0,0,0,0
3.396443,0,0,0,0,0,0
3.398119,0,0,0,0,0,0
3.399686,0,0,0,0,0,0
3.401257,0,0,0,0,0,0
3.402825,0,0,0,0,0,0
3.404393,0,0,0,0,0,0
3.406472,0,0,0,0,0,0
3.408298,0,0,0,0,0,0
3.409863,0,0,0,0,0,0
3.411423,0,0,0,0,0,0
3.413284,0,0,0,0,0,0
3.414852,0,0,0,0,0,0
3.416476,0,0,0,0,0,0
3.418216,0,0,0,0,0,0
3.419979,0,0,0,0,0,0
3.421596,0,0,0,0,0,0
3.423389,0,0,0,0,0,0
3.425266,0,0,0,0,0,0
3.427117,0,0,0,0,0,0
3.428751,0,0,0,0,0,0
3.430394,0,0,0,0,0,0
3.431955,0,0,0,0,0,0
3.433830,0,0,0,0,0,0
3.435484,0,0,0,0,0,0
3.437367,0,0,0,0,0,0
3.439236,0,0,0,0,0,0
3.441141,0,0,0,0,0,0
3.442733,0,0,0,0,0,0
3.444512,0,0,0,0,0,0
3.446291,0,0,0,0,0,0
3.448073,0,0,0,0,0,0
3.449737,0,0,0,0,0,0
3.451315,0,0,0,0,0,0
3.453097,0,0,0,0,0,0
3.454925,0,0,0,0,0,0
3.456825,0,0,0,0,0,0
3.458660,0,0,0,0,0,0
3.460504,0,0,0,0,0,0
3.462265,0,0,0,0,0,0
3.464047,0,0,0,0,0,0
3.465885,0,0,0,0,0,0
3.467509,0,0,0,0,0,0
3.469293,0,0,0,0,0,0
3.470940,0,0,0,0,0,0
3.472865,0,0,0,0,0,0
3.474542,0,0,0,0,0,0
3.476126,0,0,0,0,0,0
3.477904,0,0,0,0,0,0
3.479717,0,0,0,0,0,0
3.481434,0,0,0,0,0,0
3.483068,0,0,0,0,0,0
3.484642,0,0,0,0,0,0
3.486218,0,0,0,0,0,0
3.487790,0,0,0,0,0,0
3.489434,0,0,0,0,0,0
3.490995,0,0,0,0,0,0
3.492767,0,0,0,0,0,0
3.494426,0,0,0,0,0,0
3.496536,0,0,0,0,0,0
3.498246,0,0,0,0,0,0
3.500033,0,0,0,0,0,0
3.501866,0,0,0,0,0,0
3.503714,0,0,0,0,0,0
3.505626,0,0,0,0,0,0
3.507453,0,0,0,0,0,0
3.509280,0,0,0,0,0,0
3.511110,0,0,0,0,0,0
3.513016,0,0,0,0,0,0
3.514664,0,0,0,0,0,0
3.516449,0,0,0,0,0,0
3.518231,0,0,0,0,0,0
3.520015,0,0,0,0,0,0
3.521649,0,0,0,0,0,0
3.523433,0,0,0,0,0,0
3.525083,0,0,0,0,0,0
3.526870,0,0,0,0,0,0
3.528773,0,0,0,0,0,0
3.530597,0,0,0,0,0,0
3.532406,0,0,0,0,0,0
3.534025,0,0,0,0,0,0
3.535625,0,0,0,0,0,0
3.537410,0,0,0,0,0,0
3.539241,0,0,0,0,0,0
3.541073,0,0,0,0,0,0
3.542902,0,0,0,0,0,0
3.544804,0,0,0,0,0,0
3.546663,0,0,0,0,0,0
3.548489,0,0,0,0,0,0
3.550477,0,0,0,0,0,0
3.552364,0,0,0,0,0,0
3.554088,0,0,0,0,0,0
3.555988,0,0,0,0,0,0
3.557626,0,0,0,0,0,0
3.559407,0,0,0,0,0,0
3.561033,0,0,0,0,0,0
3.562792,0,0,0,0,0,0
3.564519,0,0,0,0,0,0
3.566240,0,0,0,0,0,0
3.568032,0,0,0,0,0,0
3.569663,0,0,0,0,0,0
3.571444,0,0,0,0,0,0
3.573268,0,0,0,0,0,0
3.575092,0,0,0,0,0,0
3.576998,0,0,0,0,0,0
3.578642,0,0,0,0,0,0
3.580418,0,0,0,0,0,0
3.582148,0,0,0,0,0,0
3.583882,0,0,0,0,0,0
3.585681,0,0,0,0,0,0
3.587413,0,0,0,0,0,0
3.589170,0,0,0,0,0,0
3.590993,0,0,0,0,0,0
3.592892,0,0,0,0,0,0
3.594521,0,0,0,0,0,0
3.596297,0,0,0,0,0,0
3.598121,0,0,0,0,0,0
3.599765,0,0,0,0,0,0
3.601632,0,0,0,0,0,0
3.603456,0,0,0,0,0,0
3.605283,0,0,0,0,0,0
3.607108,0,0,0,0,0,0
3.609011,0,0,0,0,0,0
3.610652,0,0,0,0,0,0
3.612424,0,0,0,0,0,0
3.614318,0,0,0,0,0,0
3.616252,0,0,0,0,0,0
3.619363,0,0,0,0,0,0
3.621151,0,0,0,0,0,0
3.622730,0,0,0,0,0,0
3.624374,0,0,0,0,0,0
3.625950,0,0,0,0,0,0
3.627522,0,0,0,0,0,0
3.629096,0,0,0,0,0,0
3.630667,0,0,0,0,0,0
3.632335,0,0,0,0,0,0
3.633909,0,0,0,0,0,0
3.635470,0,0,0,0,0,0
3.637108,0,0,0,0,0,0
3.638673,0,0,0,0,0,0
3.640382,0,0,0,0,0,0
3.641965,0,0,0,0,0,0
3.643560,0,0,0,0,0,0
3.645339,0,0,0,0,0,0
3.647167,0,0,0,0,0,0
3.649073,0,0,0,0,0,0
3.650901,0,0,0,0,0,0
3.652725,0,0,0,0,0,0
3.654335,0,0,0,0,0,0
3.656197,0,0,0,0,0,0
3.658025,0,0,0,0,0,0
3.659853,0,0,0,0,0,0
3.661682,0,0,0,0,0,0
3.663509,0,0,0,0,0,0
3.665160,0,0,0,0,0,0
3.666948,0,0,0,0,0,0
3.668771,0,0,0,0,0,0
3.670606,0,0,0,0,0,0
3.672509,0,0,0,0,0,0
3.674368,0,0,0,0,0,0
3.676073,0,0,0,0,0,0
3.677643,0,0,0,0,0,0
3.679213,0,0,0,0,0,0
3.680851,0,0,0,0,0,0
3.682424,0,0,0,0,0,0
3.684200,0,0,0,0,0,0
3.686029,0,0,0,0,0,0
3.687677,0,0,0,0,0,0
3.689465,0,0,0,0,0,0
3.691350,0,0,0,0,0,0
3.693178,0,0,0,0,0,0
3.695005,0,0,0,0,0,0
3.696907,0,0,0,0,0,0
3.698710,0,0,0,0,0,0
3.700290,0,0,0,0,0,0
3.702070,0,0,0,0,0,0
3.703884,0,0,0,0,0,0
3.705580,0,0,0,0,0,0
3.707363,0,0,0,0,0,0
3.709014,0,0,0,0,0,0
3.710802,0,0,0,0,0,0
3.712705,0,0,0,0,0,0
3.714530,0,0,0,0,0,0
3.716356,0,0,0,0,0,0
3.718179,0,0,0,0,0,0
3.720027,0,0,0,0,0,0
3.721663,0,0,0,0,0,0
3.723444,0,0,0,0,0,0
3.725273,0,0,0,0,0,0
3.727101,0,0,0,0,0,0
3.729009,0,0,0,0,0,0
3.730648,0,0,0,0,0,0
3.732418,0,0,0,0,0,0
3.734465,0,0,0,0,0,0
3.736240,0,0,0,0,0,0
3.737811,0,0,0,0,0,0
3.739370,0,0,0,0,0,0
3.741107,0,0,0,0,0,0
3.742641,0,0,0,0,0,0
3.744276,0,0,0,0,0,0
3.746050,0,0,0,0,0,0
3.747874,0,0,0,0,0,0
3.749703,0,0,0,0,0,0
3.751347,0,0,0,0,0,0
3.753134,0,0,0,0,0,0
3.754755,0,0,0,0,0,0
3.756538,0,0,0,0,0,0
3.758521,0,0,0,0,0,0
3.760427,0,0,0,0,0,0
3.762351,0,0,0,0,0,0
3.764177,0,0,0,0,0,0
3.766006,0,0,0,0,0,0
3.767834,0,0,0,0,0,0
3.769744,0,0,0,0,0,0
3.771572,0,0,0,0,0,0
3.773225,0,0,0,0,0,0
3.775013,0,0,0,0,0,0
3.776914,0,0,0,0,0,0
3.778897,0,0,0,0,0,0
3.780721,0,0,0,0,0,0
3.782318,0,0,0,0,0,0
3.783914,0,0,0,0,0,0
3.785777,0,0,0,0,0,0
3.787607,0,0,0,0,0,0
3.789436,0,0,0,0,0,0
3.791249,0,0,0,0,0,0
3.793206,0,0,0,0,0,0
3.794876,0,0,0,0,0,0
3.796517,0,0,0,0,0,0
3.798322,0,0,0,0,0,0
3.800165,0,0,0,0,0,0
3.802399,0,0,0,0,0,0
3.804030,0,0,0,0,0,0
3.805708,0,0,0,0,0,0
3.807694,0,0,0,0,0,0
3.809265,0,0,0,0,0,0
3.810832,0,0,0,0,0,0
3.812398,0,0,0,0,0,0
3.813964,0,0,0,0,0,0
3.815738,0,0,0,0,0,0
3.817469,0,0,0,0,0,0
3.819368,0,0,0,0,0,0
3.820999,0,0,0,0,0,0
3.822577,0,0,0,0,0,0
3.824225,0,0,0,0,0,0
3.825797,0,0,0,0,0,0
3.827361,0,0,0,0,0,0
3.829159,0,0,0,0,0,0
3.830964,0,0,0,0,0,0
3.833513,0,0,0,0,0,0
3.835313,0,0,0,0,0,0
3.836895,0,0,0,0,0,0
3.838550,0,0,0,0,0,0
3.840204,0,0,0,0,0,0
3.841783,0,0,0,0,0,0
3.843364,0,0,0,0,0,0
3.845143,0,0,0,0,0,0
3.846971,0,0,0,0,0,0
3.848873,0,0,0,0,0,0
3.850521,0,0,0,0,0,0
3.852088,0,0,0,0,0,0
3.853864,0,0,0,0,0,0
3.855529,0,0,0,0,0,0
3.857249,0,0,0,0,0,0
3.858830,0,0,0,0,0,0
3.860605,0,0,0,0,0,0
3.862260,0,0,0,0,0,0
3.864045,0,0,0,0,0,0
3.865676,0,0,0,0,0,0
3.867459,0,0,0,0,0,0
3.869288,0,0,0,0,0,0
3.871119,0,0,0,0,0,0
3.872765,0,0,0,0,0,0
3.874333,0,0,0,0,0,0
3.876111,0,0,0,0,0,0
3.877939,0,0,0,0,0,0
3.879767,0,0,0,0,0,0
3.881676,0,0,0,0,0,0
3.883325,0,0,0,0,0,0
3.885115,0,0,0,0,0,0
3.886943,0,0,0,0,0,0
3.888845,0,0,0,0,0,0
3.890674,0,0,0,0,0,0
3.892498,0,0,0,0,0,0
3.894275,0,0,0,0,0,0
3.896058,0,0,0,0,0,0
3.897697,0,0,0,0,0,0
3.899275,0,0,0,0,0,0
3.901057,0,0,0,0,0,0
3.902886,0,0,0,0,0,0
3.904609,0,0,0,0,0,0
3.906562,0,0,0,0,0,0
3.908386,0,0,0,0,0,0
3.910202,0,0,0,0,0,0
3.912013,0,0,0,0,0,0
3.913649,0,0,0,0,0,0
3.915336,0,0,0,0,0,0
3.917145,0,0,0,0,0,0
3.918718,0,0,0,0,0,0
3.920371,0,0,0,0,0,0
3.922148,0,0,0,0,0,0
3.923973,0,0,0,0,0,0
3.925620,0,0,0,0,0,0
3.927404,0,0,0,0,0,0
3.929227,0,0,0,0,0,0
3.931062,0,0,0,0,0,0
3.932882,0,0,0,0,0,0
3.934551,0,0,0,0,0,0
3.936435,0,0,0,0,0,0
3.938409,0,0,0,0,0,0
3.940035,0,0,0,0,0,0
3.941826,0,0,0,0,0,0
3.943655,0,0,0,0,0,0
3.945486,0,0,0,0,0,0
3.947137,0,0,0,0,0,0
3.949085,0,0,0,0,0,0
3.950909,0,0,0,0,0,0
3.952813,0,0,0,0,0,0
3.954648,0,0,0,0,0,0
3.956472,0,0,0,0,0,0
3.958234,0,0,0,0,0,0
3.960020,0,0,0,0,0,0
3.961653,0,0,0,0,0,0
3.963438,0,0,0,0,0,0
3.965269,0,0,0,0,0,0
3.967097,0,0,0,0,0,0
3.968822,0,0,0,0,0,0
3.970605,0,0,0,0,0,0
3.972413,0,0,0,0,0,0
3.974324,0,0,0,0,0,0
3.976304,0,0,0,0,0,0
3.977926,0,0,0,0,0,0
3.979725,0,0,0,0,0,0
3.981555,0,0,0,0,0,0
3.983384,0,0,0,0,0,0
3.985217,0,0,0,0,0,0
3.987045,0,0,0,0,0,0
3.988870,0,0,0,0,0,0
3.990521,0,0,0,0,0,0
3.992166,0,0,0,0,0,0
3.993935,0,0,0,0,0,0
3.995839,0,0,0,0,0,0
3.997669,0,0,0,0,0,0
3.999497,0,0,0,0,0,0
4.001146,0,0,0,0,0,0
4.002932,0,0,0,0,0,0
4.004756,0,0,0,0,0,0
4.006591,0,0,0,0,0,0
4.008490,0,0,0,0,0,0
4.010281,0,0,0,0,0,0
4.012126,0,0,0,0,0,0
4.013911,0,0,0,0,0,0
4.015740,0,0,0,0,0,0
4.017651,0,0,0,0,0,0
4.019662,0,0,0,0,0,0
4.021627,0,0,0,0,0,0
4.023551,0,0,0,0,0,0
4.025483,0,0,0,0,0,0
4.027083,0,0,0,0,0,0
4.028646,0,0,0,0,0,0
4.030410,0,0,0,0,0,0
4.031968,0,0,0,0,0,0
4.033618,0,0,0,0,0,0
4.035312,0,0,0,0,0,0
4.037238,0,0,0,0,0,0
4.039025,0,0,0,0,0,0
4.040914,0,0,0,0,0,0
4.042820,0,0,0,0,0,0
4.044631,0,0,0,0,0,0
4.046464,0,0,0,0,0,0
4.048367,0,0,0,0,0,0
4.050184,0,0,0,0,0,0
4.051997,0,0,0,0,0,0
4.053544,0,0,0,0,0,0
4.055281,0,0,0,0,0,0
4.057107,0,0,0,0,0,0
4.058931,0,0,0,0,0,0
4.060745,0,0,0,0,0,0
4.062363,0,0,0,0,0,0
4.064222,0,0,0,0,0,0
4.066072,0,0,0,0,0,0
4.067886,0,0,0,0,0,0
4.069497,0,0,0,0,0,0
4.071282,0,0,0,0,0,0
4.073113,0,0,0,0,0,0
4.074940,0,0,0,0,0,0
4.076583,0,0,0,0,0,0
4.078535,0,0,0,0,0,0
4.080438,0,0,0,0,0,0
4.082340,0,0,0,0,0,0
4.084161,0,0,0,0,0,0
4.085989,0,0,0,0,0,0
4.087838,0,0,0,0,0,0
4.089748,0,0,0,0,0,0
4.091561,0,0,0,0,0,0
4.093253,0,0,0,0,0,0
4.094971,0,0,0,0,0,0
4.096877,0,0,0,0,0,0
4.098582,0,0,0,0,0,0
4.100157,0,0,0,0,0,0
4.101934,0,0,0,0,0,0
4.103759,0,0,0,0,0,0
4.105666,0,0,0,0,0,0
4.107489,0,0,0,0,0,0
4.109335,0,0,0,0,0,0
4.110962,0,0,0,0,0,0
4.112827,0,0,0,0,0,0
4.114656,0,0,0,0,0,0
4.116303,0,0,0,0,0,0
4.118091,0,0,0,0,0,0
4.119868,0,0,0,0,0,0
4.121679,0,0,0,0,0,0
4.123457,0,0,0,0,0,0
4.125285,0,0,0,0,0,0
4.127110,0,0,0,0,0,0
4.129016,0,0,0,0,0,0
4.130862,0,0,0,0,0,0
4.132684,0,0,0,0,0,0
4.134515,0,0,0,0,0,0
4.136417,0,0,0,0,0,0
4.138214,0,0,0,0,0,0
4.139817,0,0,0,0,0,0
4.141416,0,0,0,0,0,0
4.142984,0,0,0,0,0,0
4.144645,0,0,0,0,0,0
4.146217,0,0,0,0,0,0
4.147990,0,0,0,0,0,0
4.149815,0,0,0,0,0,0
4.151790,0,0,0,0,0,0
4.153676,0,0,0,0,0,0
4.155279,0,0,0,0,0,0
4.156848,0,0,0,0,0,0
4.158591,0,0,0,0,0,0
4.160222,0,0,0,0,0,0
4.161801,0,0,0,0,0,0
4.163576,0,0,0,0,0,0
4.165401,0,0,0,0,0,0
4.167408,0,0,0,0,0,0
4.169095,0,0,0,0,0,0
4.170681,0,0,0,0,0,0
4.172478,0,0,0,0,0,0
4.174453,0,0,0,0,0,0
4.176354,0,0,0,0,0,0
4.178183,0,0,0,0,0,0
4.180012,0,0,0,0,0,0
4.181842,0,0,0,0,0,0
4.183481,0,0,0,0,0,0
4.185273,0,0,0,0,0,0
4.186876,0,0,0,0,0,0
4.188454,0,0,0,0,0,0
4.190094,0,0,0,0,0,0
4.191662,0,0,0,0,0,0
4.193235,0,0,0,0,0,0
4.195025,0,0,0,0,0,0
4.196847,0,0,0,0,0,0
4.198675,0,0,0,0,0,0
4.200300,0,0,0,0,0,0
4.202107,0,0,0,0,0,0
4.203936,0,0,0,0,0,0
4.205586,0,0,0,0,0,0
4.207371,0,0,0,0,0,0
4.209203,0,0,0,0,0,0
4.211140,0,0,0,0,0,0
4.212917,0,0,0,0,0,0
4.214890,0,0,0,0,0,0
4.216771,0,0,0,0,0,0
4.218754,0,0,0,0,0,0
4.220575,0,0,0,0,0,0
4.222610,0,0,0,0,0,0
4.224512,0,0,0,0,0,0
4.226439,0,0,0,0,0,0
4.228322,0,0,0,0,0,0
4.230425,0,0,0,0,0,0
4.232010,0,0,0,0,0,0
4.233699,0,0,0,0,0,0
4.235274,0,0,0,0,0,0
4.236843,0,0,0,0,0,0
4.238445,0,0,0,0,0,0
4.240013,0,0,0,0,0,0
4.241650,0,0,0,0,0,0
4.243228,0,0,0,0,0,0
4.244807,0,0,0,0,0,0
4.246375,0,0,0,0,0,0
4.248131,0,0,0,0,0,0
4.249856,0,0,0,0,0,0
4.251433,0,0,0,0,0,0
4.253055,0,0,0,0,0,0
4.254628,0,0,0,0,0,0
4.256274,0,0,0,0,0,0
4.257846,0,0,0,0,0,0
4.259609,0,0,0,0,0,0
4.261243,0,0,0,0,0,0
4.263027,0,0,0,0,0,0
4.265040,0,0,0,0,0,0
4.266674,0,0,0,0,0,0
4.268251,0,0,0,0,0,0
4.270033,0,0,0,0,0,0
4.271668,0,0,0,0,0,0
4.273243,0,0,0,0,0,0
4.274952,0,0,0,0,0,0
4.276706,0,0,0,0,0,0
4.278723,0,0,0,0,0,0
4.280623,0,0,0,0,0,0
4.282475,0,0,0,0,0,0
4.284296,0,0,0,0,0,0
4.286121,0,0,0,0,0,0
4.287748,0,0,0,0,0,0
4.289436,0,0,0,0,0,0
4.291203,0,0,0,0,0,0
4.292838,0,0,0,0,0,0
4.294501,0,0,0,0,0,0
4.296156,0,0,0,0,0,0
4.297732,0,0,0,0,0,0
4.299304,0,0,0,0,0,0
4.300874,0,0,0,0,0,0
4.302441,0,0,0,0,0,0
4.304557,0,0,0,0,0,0
4.306327,0,0,0,0,0,0
4.307900,0,0,0,0,0,0
4.309472,0,0,0,0,0,0
4.311043,0,0,0,0,0,0
4.312723,0,0,0,0,0,0
4.314329,0,0,0,0,0,0
4.315889,0,0,0,0,0,0
4.317667,0,0,0,0,0,0
4.319283,0,0,0,0,0,0
4.320916,0,0,0,0,0,0
4.322559,0,0,0,0,0,0
4.324177,0,0,0,0,0,0
4.325777,0,0,0,0,0,0
4.327561,0,0,0,0,0,0
4.329390,0,0,0,0,0,0
4.331204,0,0,0,0,0,0
4.333175,0,0,0,0,0,0
4.334828,0,0,0,0,0,0
4.336621,0,0,0,0,0,0
4.338280,0,0,0,0,0,0
4.340088,0,0,0,0,0,0
4.341913,0,0,0,0,0,0
4.343738,0,0,0,0,0,0
4.345647,0,0,0,0,0,0
4.347258,0,0,0,0,0,0
4.349215,0,0,0,0,0,0
4.351020,0,0,0,0,0,0
4.352908,0,0,0,0,0,0
4.354960,0,0,0,0,0,0
4.356769,0,0,0,0,0,0
4.358454,0,0,0,0,0,0
4.360303,0,0,0,0,0,0
4.361917,0,0,0,0,0,0
4.363701,0,0,0,0,0,0
4.365528,0,0,0,0,0,0
4.367497,0,0,0,0,0,0
4.369182,0,0,0,0,0,0
4.370955,0,0,0,0,0,0
4.372766,0,0,0,0,0,0
4.374721,0,0,0,0,0,0
4.376622,0,0,0,0,0,0
4.378454,0,0,0,0,0,0
4.380151,0,0,0,0,0,0
4.381937,0,0,0,0,0,0
4.383764,0,0,0,0,0,0
4.385671,0,0,0,0,0,0
4.387498,0,0,0,0,0,0
4.389326,0,0,0,0,0,0
4.391159,0,0,0,0,0,0
4.393185,0,0,0,0,0,0
4.394976,0,0,0,0,0,0
4.396771,0,0,0,0,0,0
4.398401,0,0,0,0,0,0
4.400258,0,0,0,0,0,0
4.401899,0,0,0,0,0,0
4.403681,0,0,0,0,0,0
4.405506,0,0,0,0,0,0
4.407331,0,0,0,0,0,0
4.409159,0,0,0,0,0,0
4.410984,0,0,0,0,0,0
4.412824,0,0,0,0,0,0
4.414655,0,0,0,0,0,0
4.416558,0,0,0,0,0,0
4.418354,0,0,0,0,0,0
4.420137,0,0,0,0,0,0
4.421977,0,0,0,0,0,0
4.423685,0,0,0,0,0,0
4.425267,0,0,0,0,0,0
4.427065,0,0,0,0,0,0
4.428886,0,0,0,0,0,0
4.430526,0,0,0,0,0,0
4.432384,0,0,0,0,0,0
4.434025,0,0,0,0,0,0
4.435808,0,0,0,0,0,0
4.437637,0,0,0,0,0,0
4.439460,0,0,0,0,0,0
4.441288,0,0,0,0,0,0
4.443137,0,0,0,0,0,0
4.444874,0,0,0,0,0,0
4.446682,0,0,0,0,0,0
4.448584,0,0,0,0,0,0
4.450335,0,0,0,0,0,0
4.452103,0,0,0,0,0,0
4.453879,0,0,0,0,0,0
4.455556,0,0,0,0,0,0
4.457592,0,0,0,0,0,0
4.459210,0,0,0,0,0,0
4.460784,0,0,0,0,0,0
4.462355,0,0,0,0,0,0
4.463920,0,0,0,0,0,0
4.465588,0,0,0,0,0,0
4.467363,0,0,0,0,0,0
4.469187,0,0,0,0,0,0
4.471007,0,0,0,0,0,0
4.473098,0,0,0,0,0,0
4.474828,0,0,0,0,0,0
4.476740,0,0,0,0,0,0
4.478561,0,0,0,0,0,0
4.480271,0,0,0,0,0,0
4.481851,0,0,0,0,0,0
4.483450,0,0,0,0,0,0
4.485024,0,0,0,0,0,0
4.486611,0,0,0,0,0,0
4.488254,0,0,0,0,0,0
4.489828,0,0,0,0,0,0
4.491591,0,0,0,0,0,0
4.493292,0,0,0,0,0,0
4.495081,0,0,0,0,0,0
4.496724,0,0,0,0,0,0
4.498516,0,0,0,0,0,0
4.500339,0,0,0,0,0,0
4.502164,0,0,0,0,0,0
4.503977,0,0,0,0,0,0
4.505677,0,0,0,0,0,0
4.507315,0,0,0,0,0,0
4.509099,0,0,0,0,0,0
4.510912,0,0,0,0,0,0
4.512800,0,0,0,0,0,0
4.514420,0,0,0,0,0,0
4.516455,0,0,0,0,0,0
4.518178,0,0,0,0,0,0
4.519946,0,0,0,0,0,0
4.521641,0,0,0,0,0,0
4.523911,0,0,0,0,0,0
4.526537,0,0,0,0,0,0
4.528048,0,0,0,0,0,0
4.529549,0,0,0,0,0,0
4.530997,0,0,0,0,0,0
4.532440,0,0,0,0,0,0
4.533894,0,0,0,0,0,0
4.535461,0,0,0,0,0,0
4.537069,0,0,0,0,0,0
4.538843,0,0,0,0,0,0
4.540687,0,0,0,0,0,0
4.542520,0,0,0,0,0,0
4.544423,0,0,0,0,0,0
4.546394,0,0,0,0,0,0
4.548222,0,0,0,0,0,0
4.550049,0,0,0,0,0,0
4.551695,0,0,0,0,0,0
4.553483,0,0,0,0,0,0
4.555310,0,0,0,0,0,0
4.557137,0,0,0,0,0,0
4.558963,0,0,0,0,0,0
4.560866,0,0,0,0,0,0
4.562520,0,0,0,0,0,0
4.564096,0,0,0,0,0,0
4.565873,0,0,0,0,0,0
4.567685,0,0,0,0,0,0
4.569295,0,0,0,0,0,0
4.571064,0,0,0,0,0,0
4.572694,0,0,0,0,0,0
4.574358,0,0,0,0,0,0
4.576213,0,0,0,0,0,0
4.577849,0,0,0,0,0,0
4.579656,0,0,0,0,0,0
4.581289,0,0,0,0,0,0
4.583095,0,0,0,0,0,0
4.584999,0,0,0,0,0,0
4.586821,0,0,0,0,0,0
4.588641,0,0,0,0,0,0
4.590471,0,0,0,0,0,0
4.592371,0,0,0,0,0,0
4.594011,0,0,0,0,0,0
4.595793,0,0,0,0,0,0
4.597618,0,0,0,0,0,0
4.599440,0,0,0,0,0,0
4.601266,0,0,0,0,0,0
4.603089,0,0,0,0,0,0
4.605078,0,0,0,0,0,0
4.606906,0,0,0,0,0,0
4.608805,0,0,0,0,0,0
4.610630,0,0,0,0,0,0
4.612308,0,0,0,0,0,0
4.613893,0,0,0,0,0,0
4.615490,0,0,0,0,0,0
4.617275,0,0,0,0,0,0
4.619102,0,0,0,0,0,0
4.621079,0,0,0,0,0,0
4.622746,0,0,0,0,0,0
4.624605,0,0,0,0,0,0
4.626258,0,0,0,0,0,0
4.628040,0,0,0,0,0,0
4.629868,0,0,0,0,0,0
4.631681,0,0,0,0,0,0
4.633316,0,0,0,0,0,0
4.635035,0,0,0,0,0,0
4.636881,0,0,0,0,0,0
4.638565,0,0,0,0,0,0
4.640218,0,0,0,0,0,0
4.641996,0,0,0,0,0,0
4.643817,0,0,0,0,0,0
4.645434,0,0,0,0,0,0
4.647047,0,0,0,0,0,0
4.648905,0,0,0,0,0,0
4.650882,0,0,0,0,0,0
4.652705,0,0,0,0,0,0
4.654533,0,0,0,0,0,0
4.656435,0,0,0,0,0,0
4.658209,0,0,0,0,0,0
4.659993,0,0,0,0,0,0
4.661823,0,0,0,0,0,0
4.663650,0,0,0,0,0,0
4.665478,0,0,0,0,0,0
4.667303,0,0,0,0,0,0
4.669155,0,0,0,0,0,0
4.670982,0,0,0,0,0,0
4.672884,0,0,0,0,0,0
4.674625,0,0,0,0,0,0
4.676203,0,0,0,0,0,0
4.677981,0,0,0,0,0,0
4.679626,0,0,0,0,0,0
4.681413,0,0,0,0,0,0
4.683240,0,0,0,0,0,0
4.685068,0,0,0,0,0,0
4.686894,0,0,0,0,0,0
4.688796,0,0,0,0,0,0
4.690639,0,0,0,0,0,0
4.692447,0,0,0,0,0,0
4.694266,0,0,0,0,0,0
4.696242,0,0,0,0,0,0
4.697860,0,0,0,0,0,0
4.699646,0,0,0,0,0,0
4.701297,0,0,0,0,0,0
4.703082,0,0,0,0,0,0
4.704992,0,0,0,0,0,0
4.706820,0,0,0,0,0,0
4.708645,0,0,0,0,0,0
4.710479,0,0,0,0,0,0
4.712399,0,0,0,0,0,0
4.714023,0,0,0,0,0,0
4.715806,0,0,0,0,0,0
4.717634,0,0,0,0,0,0
4.719460,0,0,0,0,0,0
4.721291,0,0,0,0,0,0
4.722941,0,0,0,0,0,0
4.724726,0,0,0,0,0,0
4.726494,0,0,0,0,0,0
4.728337,0,0,0,0,0,0
4.729951,0,0,0,0,0,0
4.731734,0,0,0,0,0,0
4.733582,0,0,0,0,0,0
4.735409,0,0,0,0,0,0
4.737239,0,0,0,0,0,0
4.739068,0,0,0,0,0,0
4.740891,0,0,0,0,0,0
4.742523,0,0,0,0,0,0
4.744396,0,0,0,0,0,0
4.746219,0,0,0,0,0,0
4.748043,0,0,0,0,0,0
4.749871,0,0,0,0,0,0
4.751685,0,0,0,0,0,0
4.753400,0,0,0,0,0,0
4.755137,0,0,0,0,0,0
4.756972,0,0,0,0,0,0
4.758688,0,0,0,0,0,0
4.760544,0,0,0,0,0,0
4.762584,0,0,0,0,0,0
4.764407,0,0,0,0,0,0
4.766124,0,0,0,0,0,0
4.767908,0,0,0,0,0,0
4.769816,0,0,0,0,0,0
4.771641,0,0,0,0,0,0
4.773467,0,0,0,0,0,0
4.775291,0,0,0,0,0,0
4.777042,0,0,0,0,0,0
4.778857,0,0,0,0,0,0
4.780680,0,0,0,0,0,0
4.782509,0,0,0,0,0,0
4.784407,0,0,0,0,0,0
4.786327,0,0,0,0,0,0
4.787967,0,0,0,0,0,0
4.789753,0,0,0,0,0,0
4.791578,0,0,0,0,0,0
4.793404,0,0,0,0,0,0
4.795224,0,0,0,0,0,0
4.797402,0,0,0,0,0,0
4.799114,0,0,0,0,0,0
4.800769,0,0,0,0,0,0
4.802524,0,0,0,0,0,0
4.804094,0,0,0,0,0,0
4.805660,0,0,0,0,0,0
4.807223,0,0,0,0,0,0
4.808848,0,0,0,0,0,0
4.810502,0,0,0,0,0,0
4.812261,0,0,0,0,0,0
4.813947,0,0,0,0,0,0
4.815610,0,0,0,0,0,0
4.817497,0,0,0,0,0,0
4.819350,0,0,0,0,0,0
4.820995,0,0,0,0,0,0
4.822776,0,0,0,0,0,0
4.824673,0,0,0,0,0,0
4.826501,0,0,0,0,0,0
4.828319,0,0,0,0,0,0
4.830140,0,0,0,0,0,0
4.831783,0,0,0,0,0,0
4.833648,0,0,0,0,0,0
4.835471,0,0,0,0,0,0
4.837294,0,0,0,0,0,0
4.839120,0,0,0,0,0,0
4.841020,0,0,0,0,0,0
4.842862,0,0,0,0,0,0
4.844715,0,0,0,0,0,0
4.846398,0,0,0,0,0,0
4.848272,0,0,0,0,0,0
4.850101,0,0,0,0,0,0
4.851928,0,0,0,0,0,0
4.853578,0,0,0,0,0,0
4.855366,0,0,0,0,0,0
4.857196,0,0,0,0,0,0
4.859023,0,0,0,0,0,0
4.860849,0,0,0,0,0,0
4.862679,0,0,0,0,0,0
4.864602,0,0,0,0,0,0
4.866433,0,0,0,0,0,0
4.868259,0,0,0,0,0,0
4.870085,0,0,0,0,0,0
4.871897,0,0,0,0,0,0
4.873595,0,0,0,0,0,0
4.875248,0,0,0,0,0,0
4.877036,0,0,0,0,0,0
4.878603,0,0,0,0,0,0
4.880463,0,0,0,0,0,0
4.882233,0,0,0,0,0,0
4.884015,0,0,0,0,0,0
4.885661,0,0,0,0,0,0
4.887445,0,0,0,0,0,0
4.889276,0,0,0,0,0,0
4.891104,0,0,0,0,0,0
4.893081,0,0,0,0,0,0
4.894711,0,0,0,0,0,0
4.896380,0,0,0,0,0,0
4.898163,0,0,0,0,0,0
4.899989,0,0,0,0,0,0
4.901817,0,0,0,0,0,0
4.903645,0,0,0,0,0,0
4.905474,0,0,0,0,0,0
4.907322,0,0,0,0,0,0
4.909150,0,0,0,0,0,0
4.910977,0,0,0,0,0,0
4.912881,0,0,0,0,0,0
4.914562,0,0,0,0,0,0
4.916343,0,0,0,0,0,0
4.917985,0,0,0,0,0,0
4.919772,0,0,0,0,0,0
4.921680,0,0,0,0,0,0
4.923505,0,0,0,0,0,0
4.925332,0,0,0,0,0,0
4.929337,0,0,0,0,0,0
4.931083,0,0,0,0,0,0
4.932643,0,0,0,0,0,0
4.934206,0,0,0,0,0,0
4.935737,0,0,0,0,0,0
4.937291,0,0,0,0,0,0
4.939006,0,0,0,0,0,0
4.940620,0,0,0,0,0,0
4.942205,0,0,0,0,0,0
4.943765,0,0,0,0,0,0
4.945402,0,0,0,0,0,0
4.946991,0,0,0,0,0,0
4.948562,0,0,0,0,0,0
4.950219,0,0,0,0,0,0
4.951779,0,0,0,0,0,0
4.953422,0,0,0,0,0,0
4.954986,0,0,0,0,0,0
4.956495,0,0,0,0,0,0
4.958200,0,0,0,0,0,0
4.959991,0,0,0,0,0,0
4.961634,0,0,0,0,0,0
4.963343,0,0,0,0,0,0
4.965089,0,0,0,0,0,0
4.966913,0,0,0,0,0,0
4.968766,0,0,0,0,0,0
4.970504,0,0,0,0,0,0
4.972249,0,0,0,0,0,0
4.973992,0,0,0,0,0,0
4.975726,0,0,0,0,0,0
4.977653,0,0,0,0,0,0
4.980151,0,0,0,0,0,0
4.982058,0,0,0,0,0,0
4.983736,0,0,0,0,0,0
4.985555,0,0,0,0,0,0
4.987361,0,0,0,0,0,0
4.989321,0,0,0,0,0,0
4.991234,0,0,0,0,0,0
4.993022,0,0,0,0,0,0
4.994600,0,0,0,0,0,0
4.996222,0,0,0,0,0,0
4.997770,0,0,0,0,0,0
4.999266,0,0,0,0,0,0
5.000839,0,0,0,0,0,0
5.002438,0,0,0,0,0,0
5.003930,0,0,0,0,0,0
5.005375,0,0,0,0,0,0
5.006815,0,0,0,0,0,0
5.008316,0,0,0,0,0,0
5.009923,0,0,0,0,0,0
5.011470,0,0,0,0,0,0
5.013032,0,0,0,0,0,0
5.014626,0,0,0,0,0,0
5.016209,0,0,0,0,0,0
5.017726,0,0,0,0,0,0
5.019255,0,0,0,0,0,0
5.020774,0,0,0,0,0,0
5.022327,0,0,0,0,0,0
5.023855,0,0,0,0,0,0
5.025426,0,0,0,0,0,0
5.027603,0,0,0,0,0,0
5.029293,0,0,0,0,0,0
5.031113,0,0,0,0,0,0
5.032705,0,0,0,0,0,0
5.034545,0,0,0,0,0,0
5.036883,0,0,0,0,0,0
5.038684,0,0,0,0,0,0
5.040334,0,0,0,0,0,0
5.041902,0,0,0,0,0,0
5.043713,0,0,0,0,0,0
5.045517,0,0,0,0,0,0
5.047254,0,0,0,0,0,0
5.049316,0,0,0,0,0,0
5.051098,0,0,0,0,0,0
5.052837,0,0,0,0,0,0
5.054516,0,0,0,0,0,0
5.056134,0,0,0,0,0,0
5.057648,0,0,0,0,0,0
5.059183,0,0,0,0,0,0
5.060699,0,0,0,0,0,0
5.062290,0,0,0,0,0,0
5.063800,0,0,0,0,0,0
5.065420,0,0,0,0,0,0
5.066993,0,0,0,0,0,0
5.068633,0,0,0,0,0,0
5.070223,0,0,0,0,0,0
5.071793,0,0,0,0,0,0
5.073433,0,0,0,0,0,0
5.075003,0,0,0,0,0,0
5.076572,0,0,0,0,0,0
5.078273,0,0,0,0,0,0
5.080046,0,0,0,0,0,0
5.081707,0,0,0,0,0,0
5.083278,0,0,0,0,0,0
5.085181,0,0,0,0,0,0
5.086843,0,0,0,0,0,0
5.088533,0,0,0,0,0,0
5.090242,0,0,0,0,0,0
5.091825,0,0,0,0,0,0
5.093400,0,0,0,0,0,0
5.094960,0,0,0,0,0,0
5.096500,0,0,0,0,0,0
5.097985,0,0,0,0,0,0
5.099662,0,0,0,0,0,0
5.101394,0,0,0,0,0,0
5.103138,0,0,0,0,0,0
5.104677,0,0,0,0,0,0
5.106368,0,0,0,0,0,0
5.108096,0,0,0,0,0,0
5.109830,0,0,0,0,0,0
5.111576,0,0,0,0,0,0
5.113177,0,0,0,0,0,0
5.114676,0,0,0,0,0,0
5.116355,0,0,0,0,0,0
5.118087,0,0,0,0,0,0
5.119639,0,0,0,0,0,0
5.121334,0,0,0,0,0,0
5.123081,0,0,0,0,0,0
5.125116,0,0,0,0,0,0
5.126714,0,0,0,0,0,0
5.128363,0,0,0,0,0,0
5.129934,0,0,0,0,0,0
5.131500,0,0,0,0,0,0
5.133070,0,0,0,0,0,0
5.134638,0,0,0,0,0,0
5.136290,0,0,0,0,0,0
5.138065,0,0,0,0,0,0
5.141554,0,0,0,0,0,0
5.143213,0,0,0,0,0,0
5.144918,0,0,0,0,0,0
5.146629,0,0,0,0,0,0
5.148502,0,0,0,0,0,0
5.150262,0,0,0,0,0,0
5.151790,0,0,0,0,0,0
5.153661,0,0,0,0,0,0
5.155229,0,0,0,0,0,0
5.156809,0,0,0,0,0,0
5.158449,0,0,0,0,0,0
5.160008,0,0,0,0,0,0
5.161610,0,0,0,0,0,0
5.163385,0,0,0,0,0,0
5.165212,0,0,0,0,0,0
5.167053,0,0,0,0,0,0
5.169212,0,0,0,0,0,0
5.171040,0,0,0,0,0,0
5.172862,0,0,0,0,0,0
5.174572,0,0,0,0,0,0
5.176230,0,0,0,0,0,0
5.177826,0,0,0,0,0,0
5.179399,0,0,0,0,0,0
5.180973,0,0,0,0,0,0
5.182542,0,0,0,0,0,0
5.184393,0,0,0,0,0,0
5.186013,0,0,0,0,0,0
5.187796,0,0,0,0,0,0
5.189643,0,0,0,0,0,0
5.191471,0,0,0,0,0,0
5.193301,0,0,0,0,0,0
5.195130,0,0,0,0,0,0
5.197107,0,0,0,0,0,0
5.198927,0,0,0,0,0,0
5.200649,0,0,0,0,0,0
5.202435,0,0,0,0,0,0
5.204242,0,0,0,0,0,0
5.205942,0,0,0,0,0,0
5.207592,0,0,0,0,0,0
5.209236,0,0,0,0,0,0
5.210985,0,0,0,0,0,0
5.212620,0,0,0,0,0,0
5.214198,0,0,0,0,0,0
5.215765,0,0,0,0,0,0
5.217482,0,0,0,0,0,0
5.219050,0,0,0,0,0,0
5.220821,0,0,0,0,0,0
5.222474,0,0,0,0,0,0
5.224353,0,0,0,0,0,0
5.226339,0,0,0,0,0,0
5.228169,0,0,0,0,0,0
5.229994,0,0,0,0,0,0
5.231820,0,0,0,0,0,0
5.233752,0,0,0,0,0,0
5.235578,0,0,0,0,0,0
5.237408,0,0,0,0,0,0
5.239221,0,0,0,0,0,0
5.241199,0,0,0,0,0,0
5.242980,0,0,0,0,0,0
5.244587,0,0,0,0,0,0
5.246341,0,0,0,0,0,0
5.247923,0,0,0,0,0,0
5.249585,0,0,0,0,0,0
5.251158,0,0,0,0,0,0
5.252726,0,0,0,0,0,0
5.254300,0,0,0,0,0,0
5.255887,0,0,0,0,0,0
5.257683,0,0,0,0,0,0
5.259511,0,0,0,0,0,0
5.261649,0,0,0,0,0,0
5.263325,0,0,0,0,0,0
5.264898,0,0,0,0,0,0
5.266463,0,0,0,0,0,0
5.267996,0,0,0,0,0,0
5.269563,0,0,0,0,0,0
5.272263,0,0,0,0,0,0
5.273903,0,0,0,0,0,0
5.275474,0,0,0,0,0,0
5.277116,0,0,0,0,0,0
5.278686,0,0,0,0,0,0
5.280321,0,0,0,0,0,0
5.282098,0,0,0,0,0,0
5.283722,0,0,0,0,0,0
5.285504,0,0,0,0,0,0
5.287204,0,0,0,0,0,0
5.289073,0,0,0,0,0,0
5.290899,0,0,0,0,0,0
5.292721,0,0,0,0,0,0
5.294354,0,0,0,0,0,0
5.295930,0,0,0,0,0,0
5.297802,0,0,0,0,0,0
5.299628,0,0,0,0,0,0
5.301454,0,0,0,0,0,0
5.303280,0,0,0,0,0,0
5.305109,0,0,0,0,0,0
5.306932,0,0,0,0,0,0
5.308576,0,0,0,0,0,0
5.310302,0,0,0,0,0,0
5.312079,0,0,0,0,0,0
5.313917,0,0,0,0,0,0
5.315542,0,0,0,0,0,0
5.317327,0,0,0,0,0,0
5.319173,0,0,0,0,0,0
5.321081,0,0,0,0,0,0
5.322893,0,0,0,0,0,0
5.324702,0,0,0,0,0,0
5.326515,0,0,0,0,0,0
5.328495,0,0,0,0,0,0
5.330221,0,0,0,0,0,0
5.331999,0,0,0,0,0,0
5.333822,0,0,0,0,0,0
5.335646,0,0,0,0,0,0
5.337469,0,0,0,0,0,0
5.339290,0,0,0,0,0,0
5.341134,0,0,0,0,0,0
5.342955,0,0,0,0,0,0
5.344856,0,0,0,0,0,0
5.346528,0,0,0,0,0,0
5.348124,0,0,0,0,0,0
5.349692,0,0,0,0,0,0
5.351469,0,0,0,0,0,0
5.353263,0,0,0,0,0,0
5.355052,0,0,0,0,0,0
5.356877,0,0,0,0,0,0
5.358486,0,0,0,0,0,0
5.360143,0,0,0,0,0,0
5.361943,0,0,0,0,0,0
5.363772,0,0,0,0,0,0
5.365600,0,0,0,0,0,0
5.367426,0,0,0,0,0,0
5.369257,0,0,0,0,0,0
5.371084,0,0,0,0,0,0
5.372730,0,0,0,0,0,0
5.374521,0,0,0,0,0,0
5.376425,0,0,0,0,0,0
5.378402,0,0,0,0,0,0
5.380227,0,0,0,0,0,0
5.382054,0,0,0,0,0,0
5.383886,0,0,0,0,0,0
5.385583,0,0,0,0,0,0
5.387450,0,0,0,0,0,0
5.389303,0,0,0,0,0,0
5.391056,0,0,0,0,0,0
5.392679,0,0,0,0,0,0
5.394284,0,0,0,0,0,0
5.395856,0,0,0,0,0,0
5.397428,0,0,0,0,0,0
5.398996,0,0,0,0,0,0
5.400633,0,0,0,0,0,0
5.402202,0,0,0,0,0,0
5.403974,0,0,0,0,0,0
5.405620,0,0,0,0,0,0
5.407461,0,0,0,0,0,0
5.409290,0,0,0,0,0,0
5.411114,0,0,0,0,0,0
5.413089,0,0,0,0,0,0
5.414923,0,0,0,0,0,0
5.416643,0,0,0,0,0,0
5.418236,0,0,0,0,0,0
5.420013,0,0,0,0,0,0
5.421882,0,0,0,0,0,0
5.423579,0,0,0,0,0,0
5.425159,0,0,0,0,0,0
5.426785,0,0,0,0,0,0
5.428566,0,0,0,0,0,0
5.430338,0,0,0,0,0,0
5.432200,0,0,0,0,0,0
5.434027,0,0,0,0,0,0
5.435852,0,0,0,0,0,0
5.437502,0,0,0,0,0,0
5.439287,0,0,0,0,0,0
5.441119,0,0,0,0,0,0
5.442932,0,0,0,0,0,0
5.444737,0,0,0,0,0,0
5.446426,0,0,0,0,0,0
5.448337,0,0,0,0,0,0
5.450027,0,0,0,0,0,0
5.451639,0,0,0,0,0,0
5.453217,0,0,0,0,0,0
5.454789,0,0,0,0,0,0
5.456431,0,0,0,0,0,0
5.458015,0,0,0,0,0,0
5.459680,0,0,0,0,0,0
5.461427,0,0,0,0,0,0
5.463025,0,0,0,0,0,0
5.464663,0,0,0,0,0,0
5.466286,0,0,0,0,0,0
5.467785,0,0,0,0,0,0
5.469463,0,0,0,0,0,0
5.472800,0,0,0,0,0,0
5.474317,0,0,0,0,0,0
5.475889,0,0,0,0,0,0
5.477455,0,0,0,0,0,0
5.479012,0,0,0,0,0,0
5.480655,0,0,0,0,0,0
5.482441,0,0,0,0,0,0
5.484008,0,0,0,0,0,0
5.485579,0,0,0,0,0,0
5.487145,0,0,0,0,0,0
5.488777,0,0,0,0,0,0
5.490553,0,0,0,0,0,0
5.492393,0,0,0,0,0,0
5.494013,0,0,0,0,0,0
5.495792,0,0,0,0,0,0
5.497699,0,0,0,0,0,0
5.499523,0,0,0,0,0,0
5.501349,0,0,0,0,0,0
5.502995,0,0,0,0,0,0
5.504854,0,0,0,0,0,0
5.506573,0,0,0,0,0,0
5.508166,0,0,0,0,0,0
5.509809,0,0,0,0,0,0
5.511627,0,0,0,0,0,0
5.513543,0,0,0,0,0,0
5.515368,0,0,0,0,0,0
5.517193,0,0,0,0,0,0
5.518821,0,0,0,0,0,0
5.520688,0,0,0,0,0,0
5.522517,0,0,0,0,0,0
5.524164,0,0,0,0,0,0
5.525948,0,0,0,0,0,0
5.527759,0,0,0,0,0,0
5.529593,0,0,0,0,0,0
5.531192,0,0,0,0,0,0
5.532868,0,0,0,0,0,0
5.534461,0,0,0,0,0,0
5.536032,0,0,0,0,0,0
5.537620,0,0,0,0,0,0
5.539475,0,0,0,0,0,0
5.541148,0,0,0,0,0,0
5.542815,0,0,0,0,0,0
5.544607,0,0,0,0,0,0
5.546412,0,0,0,0,0,0
5.548090,0,0,0,0,0,0
5.549850,0,0,0,0,0,0
5.551447,0,0,0,0,0,0
5.553131,0,0,0,0,0,0
5.554765,0,0,0,0,0,0
5.556342,0,0,0,0,0,0
5.557916,0,0,0,0,0,0
5.559485,0,0,0,0,0,0
5.561127,0,0,0,0,0,0
5.562686,0,0,0,0,0,0
5.564437,0,0,0,0,0,0
5.566299,0,0,0,0,0,0
5.567798,0,0,0,0,0,0
5.569634,0,0,0,0,0,0
5.571379,0,0,0,0,0,0
5.573110,0,0,0,0,0,0
5.574841,0,0,0,0,0,0
5.576652,0,0,0,0,0,0
5.578390,0,0,0,0,0,0
5.580116,0,0,0,0,0,0
5.581848,0,0,0,0,0,0
5.583579,0,0,0,0,0,0
5.585312,0,0,0,0,0,0
5.586876,0,0,0,0,0,0
5.588564,0,0,0,0,0,0
5.590236,0,0,0,0,0,0
5.591924,0,0,0,0,0,0
5.593642,0,0,0,0,0,0
5.595503,0,0,0,0,0,0
5.597348,0,0,0,0,0,0
5.599173,0,0,0,0,0,0
5.600901,0,0,0,0,0,0
5.602737,0,0,0,0,0,0
5.604757,0,0,0,0,0,0
5.606556,0,0,0,0,0,0
5.608268,0,0,0,0,0,0
5.609842,0,0,0,0,0,0
5.611616,0,0,0,0,0,0
5.613268,0,0,0,0,0,0
5.615056,0,0,0,0,0,0
5.616680,0,0,0,0,0,0
5.618490,0,0,0,0,0,0
5.620314,0,0,0,0,0,0
5.622139,0,0,0,0,0,0
5.623950,0,0,0,0,0,0
5.625645,0,0,0,0,0,0
5.627227,0,0,0,0,0,0
5.628814,0,0,0,0,0,0
5.630662,0,0,0,0,0,0
5.632560,0,0,0,0,0,0
5.634329,0,0,0,0,0,0
5.636107,0,0,0,0,0,0
5.637931,0,0,0,0,0,0
5.639773,0,0,0,0,0,0
5.641679,0,0,0,0,0,0
5.643502,0,0,0,0,0,0
5.645325,0,0,0,0,0,0
5.647146,0,0,0,0,0,0
5.648771,0,0,0,0,0,0
5.650592,0,0,0,0,0,0
5.652415,0,0,0,0,0,0
5.654392,0,0,0,0,0,0
5.656296,0,0,0,0,0,0
5.658124,0,0,0,0,0,0
5.659949,0,0,0,0,0,0
5.661798,0,0,0,0,0,0
5.663624,0,0,0,0,0,0
5.665452,0,0,0,0,0,0
5.667277,0,0,0,0,0,0
5.669107,0,0,0,0,0,0
5.670933,0,0,0,0,0,0
5.672657,0,0,0,0,0,0
5.674451,0,0,0,0,0,0
5.676276,0,0,0,0,0,0
5.678102,0,0,0,0,0,0
5.679928,0,0,0,0,0,0
5.681837,0,0,0,0,0,0
5.683669,0,0,0,0,0,0
5.685488,0,0,0,0,0,0
5.687140,0,0,0,0,0,0
5.688976,0,0,0,0,0,0
5.690904,0,0,0,0,0,0
5.692727,0,0,0,0,0,0
5.694465,0,0,0,0,0,0
5.696044,0,0,0,0,0,0
5.697847,0,0,0,0,0,0
5.699675,0,0,0,0,0,0
5.701505,0,0,0,0,0,0
5.703332,0,0,0,0,0,0
5.704982,0,0,0,0,0,0
5.706765,0,0,0,0,0,0
5.713072,0,0,0,0,0,0
5.714725,0,0,0,0,0,0
5.716315,0,0,0,0,0,0
5.717845,0,0,0,0,0,0
5.719365,0,0,0,0,0,0
5.720982,0,0,0,0,0,0
5.722451,0,0,0,0,0,0
5.723923,0,0,0,0,0,0
5.725472,0,0,0,0,0,0
5.727082,0,0,0,0,0,0
5.728521,0,0,0,0,0,0
5.729927,0,0,0,0,0,0
5.731332,0,0,0,0,0,0
5.732734,0,0,0,0,0,0
5.735768,0,0,0,0,0,0
5.737367,0,0,0,0,0,0
5.738863,0,0,0,0,0,0
5.740357,0,0,0,0,0,0
5.741841,0,0,0,0,0,0
5.743226,0,0,0,0,0,0
5.744786,0,0,0,0,0,0
5.746224,0,0,0,0,0,0
5.747748,0,0,0,0,0,0
5.749284,0,0,0,0,0,0
5.750776,0,0,0,0,0,0
5.752308,0,0,0,0,0,0
5.755383,0,0,0,0,0,0
5.756874,0,0,0,0,0,0
5.758564,0,0,0,0,0,0
5.760051,0,0,0,0,0,0
5.761581,0,0,0,0,0,0
5.762992,0,0,0,0,0,0
5.764487,0,0,0,0,0,0
5.766072,0,0,0,0,0,0
5.767570,0,0,0,0,0,0
5.769137,0,0,0,0,0,0
5.770695,0,0,0,0,0,0
5.772110,0,0,0,0,0,0
5.773521,0,0,0,0,0,0
5.774930,0,0,0,0,0,0
5.776372,0,0,0,0,0,0
5.777777,0,0,0,0,0,0
5.779291,0,0,0,0,0,0
5.780736,0,0,0,0,0,0
5.782205,0,0,0,0,0,0
5.783653,0,0,0,0,0,0
5.785108,0,0,0,0,0,0
5.786572,0,0,0,0,0,0
5.788037,0,0,0,0,0,0
5.789508,0,0,0,0,0,0
5.790970,0,0,0,0,0,0
5.792507,0,0,0,0,0,0
5.794243,0,0,0,0,0,0
5.795664,0,0,0,0,0,0
5.797141,0,0,0,0,0,0
5.798538,0,0,0,0,0,0
5.799943,0,0,0,0,0,0
5.802061,0,0,0,0,0,0
5.803702,0,0,0,0,0,0
5.805327,0,0,0,0,0,0
5.807032,0,0,0,0,0,0
5.808663,0,0,0,0,0,0
5.810422,0,0,0,0,0,0
5.811994,0,0,0,0,0,0
5.813568,0,0,0,0,0,0
5.815139,0,0,0,0,0,0
5.816776,0,0,0,0,0,0
5.818348,0,0,0,0,0,0
5.820125,0,0,0,0,0,0
5.821971,0,0,0,0,0,0
5.823797,0,0,0,0,0,0
5.825707,0,0,0,0,0,0
5.827520,0,0,0,0,0,0
5.829177,0,0,0,0,0,0
5.830962,0,0,0,0,0,0
5.832677,0,0,0,0,0,0
5.834467,0,0,0,0,0,0
5.836288,0,0,0,0,0,0
5.838110,0,0,0,0,0,0
5.839933,0,0,0,0,0,0
5.841841,0,0,0,0,0,0
5.843686,0,0,0,0,0,0
5.845510,0,0,0,0,0,0
5.847330,0,0,0,0,0,0
5.849241,0,0,0,0,0,0
5.850847,0,0,0,0,0,0
5.852435,0,0,0,0,0,0
5.854092,0,0,0,0,0,0
5.855665,0,0,0,0,0,0
5.857241,0,0,0,0,0,0
5.858803,0,0,0,0,0,0
5.860563,0,0,0,0,0,0
5.862421,0,0,0,0,0,0
5.864335,0,0,0,0,0,0
5.865921,0,0,0,0,0,0
5.867492,0,0,0,0,0,0
5.869065,0,0,0,0,0,0
5.870634,0,0,0,0,0,0
5.872487,0,0,0,0,0,0
5.874461,0,0,0,0,0,0
5.876103,0,0,0,0,0,0
5.877889,0,0,0,0,0,0
5.879716,0,0,0,0,0,0
5.881609,0,0,0,0,0,0
5.883438,0,0,0,0,0,0
5.885267,0,0,0,0,0,0
5.887112,0,0,0,0,0,0
5.889019,0,0,0,0,0,0
5.890846,0,0,0,0,0,0
5.892669,0,0,0,0,0,0
5.894502,0,0,0,0,0,0
5.896405,0,0,0,0,0,0
5.898178,0,0,0,0,0,0
5.899965,0,0,0,0,0,0
5.901794,0,0,0,0,0,0
5.903621,0,0,0,0,0,0
5.905450,0,0,0,0,0,0
5.907277,0,0,0,0,0,0
5.909127,0,0,0,0,0,0
5.910953,0,0,0,0,0,0
5.912854,0,0,0,0,0,0
5.914492,0,0,0,0,0,0
5.916271,0,0,0,0,0,0
5.918098,0,0,0,0,0,0
5.919734,0,0,0,0,0,0
5.921306,0,0,0,0,0,0
5.923017,0,0,0,0,0,0
5.924846,0,0,0,0,0,0
5.926572,0,0,0,0,0,0
5.928429,0,0,0,0,0,0
5.930201,0,0,0,0,0,0
5.931971,0,0,0,0,0,0
5.933587,0,0,0,0,0,0
5.935363,0,0,0,0,0,0
5.937186,0,0,0,0,0,0
5.939010,0,0,0,0,0,0
5.940648,0,0,0,0,0,0
5.942438,0,0,0,0,0,0
5.944333,0,0,0,0,0,0
5.946156,0,0,0,0,0,0
5.947980,0,0,0,0,0,0
5.949803,0,0,0,0,0,0
5.951637,0,0,0,0,0,0
5.953455,0,0,0,0,0,0
5.955276,0,0,0,0,0,0
5.957101,0,0,0,0,0,0
5.958922,0,0,0,0,0,0
5.960821,0,0,0,0,0,0
5.962472,0,0,0,0,0,0
5.964253,0,0,0,0,0,0
5.966076,0,0,0,0,0,0
5.967898,0,0,0,0,0,0
5.969803,0,0,0,0,0,0
5.971626,0,0,0,0,0,0
5.973756,0,0,0,0,0,0
5.975576,0,0,0,0,0,0
5.977193,0,0,0,0,0,0
5.978962,0,0,0,0,0,0
5.980770,0,0,0,0,0,0
5.982398,0,0,0,0,0,0
5.984203,0,0,0,0,0,0
5.985808,0,0,0,0,0,0
5.987380,0,0,0,0,0,0
5.989342,0,0,0,0,0,0
5.990908,0,0,0,0,0,0
5.992533,0,0,0,0,0,0
5.994266,0,0,0,0,0,0
5.995834,0,0,0,0,0,0
5.997407,0,0,0,0,0,0
5.998978,0,0,0,0,0,0
6.000616,0,0,0,0,0,0
6.002329,0,0,0,0,0,0
6.004104,0,0,0,0,0,0
6.005756,0,0,0,0,0,0
6.007543,0,0,0,0,0,0
6.009373,0,0,0,0,0,0
6.011200,0,0,0,0,0,0
6.013029,0,0,0,0,0,0
6.014856,0,0,0,0,0,0
6.016781,0,0,0,0,0,0
6.018617,0,0,0,0,0,0
6.020440,0,0,0,0,0,0
6.022200,0,0,0,0,0,0
6.023983,0,0,0,0,0,0
6.025890,0,0,0,0,0,0
6.027537,0,0,0,0,0,0
6.029326,0,0,0,0,0,0
6.031154,0,0,0,0,0,0
6.033060,0,0,0,0,0,0
6.034872,0,0,0,0,0,0
6.036678,0,0,0,0,0,0
6.038597,0,0,0,0,0,0
6.040485,0,0,0,0,0,0
6.042258,0,0,0,0,0,0
6.043829,0,0,0,0,0,0
6.045486,0,0,0,0,0,0
6.046975,0,0,0,0,0,0
6.048531,0,0,0,0,0,0
6.050230,0,0,0,0,0,0
6.051741,0,0,0,0,0,0
6.053243,0,0,0,0,0,0
6.054807,0,0,0,0,0,0
6.056352,0,0,0,0,0,0
6.057847,0,0,0,0,0,0
6.059351,0,0,0,0,0,0
6.061036,0,0,0,0,0,0
6.062770,0,0,0,0,0,0
6.064564,0,0,0,0,0,0
6.066426,0,0,0,0,0,0
6.068157,0,0,0,0,0,0
6.069723,0,0,0,0,0,0
6.071413,0,0,0,0,0,0
6.072962,0,0,0,0,0,0
6.074742,0,0,0,0,0,0
6.076565,0,0,0,0,0,0
6.078557,0,0,0,0,0,0
6.080470,0,0,0,0,0,0
6.082384,0,0,0,0,0,0
6.084271,0,0,0,0,0,0
6.086097,0,0,0,0,0,0
6.087923,0,0,0,0,0,0
6.089832,0,0,0,0,0,0
6.091482,0,0,0,0,0,0
6.093269,0,0,0,0,0,0
6.095096,0,0,0,0,0,0
6.097004,0,0,0,0,0,0
6.098814,0,0,0,0,0,0
6.100623,0,0,0,0,0,0
6.102411,0,0,0,0,0,0
6.103986,0,0,0,0,0,0
6.106004,0,0,0,0,0,0
6.107654,0,0,0,0,0,0
6.109259,0,0,0,0,0,0
6.110855,0,0,0,0,0,0
6.112524,0,0,0,0,0,0
6.114320,0,0,0,0,0,0
6.115893,0,0,0,0,0,0
6.117472,0,0,0,0,0,0
6.119054,0,0,0,0,0,0
6.120712,0,0,0,0,0,0
6.122283,0,0,0,0,0,0
6.124072,0,0,0,0,0,0
6.125903,0,0,0,0,0,0
6.127713,0,0,0,0,0,0
6.129531,0,0,0,0,0,0
6.131357,0,0,0,0,0,0
6.133182,0,0,0,0,0,0
6.134830,0,0,0,0,0,0
6.136692,0,0,0,0,0,0
6.138513,0,0,0,0,0,0
6.140355,0,0,0,0,0,0
6.141978,0,0,0,0,0,0
6.143560,0,0,0,0,0,0
6.145157,0,0,0,0,0,0
6.146931,0,0,0,0,0,0
6.148554,0,0,0,0,0,0
6.150276,0,0,0,0,0,0
6.152047,0,0,0,0,0,0
6.153902,0,0,0,0,0,0
6.155749,0,0,0,0,0,0
6.157338,0,0,0,0,0,0
6.158907,0,0,0,0,0,0
6.160546,0,0,0,0,0,0
6.162350,0,0,0,0,0,0
6.163918,0,0,0,0,0,0
6.165789,0,0,0,0,0,0
6.167457,0,0,0,0,0,0
6.169237,0,0,0,0,0,0
6.170816,0,0,0,0,0,0
6.172386,0,0,0,0,0,0
6.173960,0,0,0,0,0,0
6.175786,0,0,0,0,0,0
6.177573,0,0,0,0,0,0
6.179158,0,0,0,0,0,0
6.180731,0,0,0,0,0,0
6.182306,0,0,0,0,0,0
6.183875,0,0,0,0,0,0
6.185463,0,0,0,0,0,0
6.187237,0,0,0,0,0,0
6.189084,0,0,0,0,0,0
6.190870,0,0,0,0,0,0
6.192618,0,0,0,0,0,0
6.194200,0,0,0,0,0,0
6.195770,0,0,0,0,0,0
6.197342,0,0,0,0,0,0
6.198930,0,0,0,0,0,0
6.200784,0,0,0,0,0,0
6.202619,0,0,0,0,0,0
6.204443,0,0,0,0,0,0
6.206425,0,0,0,0,0,0
6.208326,0,0,0,0,0,0
6.209968,0,0,0,0,0,0
6.211751,0,0,0,0,0,0
6.213579,0,0,0,0,0,0
6.215405,0,0,0,0,0,0
6.217235,0,0,0,0,0,0
6.219046,0,0,0,0,0,0
6.220677,0,0,0,0,0,0
6.222362,0,0,0,0,0,0
6.224465,0,0,0,0,0,0
6.226160,0,0,0,0,0,0
6.227944,0,0,0,0,0,0
6.229774,0,0,0,0,0,0
6.231604,0,0,0,0,0,0
6.233377,0,0,0,0,0,0
6.235280,0,0,0,0,0,0
6.237107,0,0,0,0,0,0
6.238930,0,0,0,0,0,0
6.241155,0,0,0,0,0,0
6.242781,0,0,0,0,0,0
6.244549,0,0,0,0,0,0
6.246595,0,0,0,0,0,0
6.248495,0,0,0,0,0,0
6.250464,0,0,0,0,0,0
6.252110,0,0,0,0,0,0
6.253924,0,0,0,0,0,0
6.255750,0,0,0,0,0,0
6.257657,0,0,0,0,0,0
6.259478,0,0,0,0,0,0
6.261176,0,0,0,0,0,0
6.262902,0,0,0,0,0,0
6.264582,0,0,0,0,0,0
6.266240,0,0,0,0,0,0
6.267805,0,0,0,0,0,0
6.269387,0,0,0,0,0,0
6.270968,0,0,0,0,0,0
6.272596,0,0,0,0,0,0
6.274383,0,0,0,0,0,0
6.275962,0,0,0,0,0,0
6.277527,0,0,0,0,0,0
6.279086,0,0,0,0,0,0
6.280651,0,0,0,0,0,0
6.282647,0,0,0,0,0,0
6.284600,0,0,0,0,0,0
6.286243,0,0,0,0,0,0
6.287823,0,0,0,0,0,0
6.290717,0,0,0,0,0,0
6.292346,0,0,0,0,0,0
6.293894,0,0,0,0,0,0
6.295508,0,0,0,0,0,0
6.297357,0,0,0,0,0,0
6.299061,0,0,0,0,0,0
6.300688,0,0,0,0,0,0
6.302366,0,0,0,0,0,0
6.303920,0,0,0,0,0,0
6.305528,0,0,0,0,0,0
6.307090,0,0,0,0,0,0
6.308666,0,0,0,0,0,0
6.310534,0,0,0,0,0,0
6.312421,0,0,0,0,0,0
6.314455,0,0,0,0,0,0
6.316026,0,0,0,0,0,0
6.317590,0,0,0,0,0,0
6.319166,0,0,0,0,0,0
6.320795,0,0,0,0,0,0
6.322403,0,0,0,0,0,0
6.323970,0,0,0,0,0,0
6.325541,0,0,0,0,0,0
6.327227,0,0,0,0,0,0
6.328868,0,0,0,0,0,0
6.330459,0,0,0,0,0,0
6.332231,0,0,0,0,0,0
6.333848,0,0,0,0,0,0
6.335412,0,0,0,0,0,0
6.337077,0,0,0,0,0,0
6.338635,0,0,0,0,0,0
6.340193,0,0,0,0,0,0
6.342017,0,0,0,0,0,0
6.343677,0,0,0,0,0,0
6.345377,0,0,0,0,0,0
6.346941,0,0,0,0,0,0
6.348509,0,0,0,0,0,0
6.350533,0,0,0,0,0,0
6.352244,0,0,0,0,0,0
6.353813,0,0,0,0,0,0
6.355571,0,0,0,0,0,0
6.357219,0,0,0,0,0,0
6.359001,0,0,0,0,0,0
6.360920,0,0,0,0,0,0
6.362836,0,0,0,0,0,0
6.364415,0,0,0,0,0,0
6.366182,0,0,0,0,0,0
6.368007,0,0,0,0,0,0
6.369842,0,0,0,0,0,0
6.371465,0,0,0,0,0,0
6.373270,0,0,0,0,0,0
6.375123,0,0,0,0,0,0
6.377029,0,0,0,0,0,0
6.378856,0,0,0,0,0,0
6.380679,0,0,0,0,0,0
6.382510,0,0,0,0,0,0
6.384433,0,0,0,0,0,0
6.386406,0,0,0,0,0,0
6.388229,0,0,0,0,0,0
6.390055,0,0,0,0,0,0
6.391883,0,0,0,0,0,0
6.393792,0,0,0,0,0,0
6.395442,0,0,0,0,0,0
6.397231,0,0,0,0,0,0
6.399043,0,0,0,0,0,0
6.401098,0,0,0,0,0,0
6.402742,0,0,0,0,0,0
6.404321,0,0,0,0,0,0
6.406289,0,0,0,0,0,0
6.408083,0,0,0,0,0,0
6.409799,0,0,0,0,0,0
6.411340,0,0,0,0,0,0
6.412981,0,0,0,0,0,0
6.414667,0,0,0,0,0,0
6.416251,0,0,0,0,0,0
6.417732,0,0,0,0,0,0
6.419312,0,0,0,0,0,0
6.420873,0,0,0,0,0,0
6.422512,0,0,0,0,0,0
6.424151,0,0,0,0,0,0
6.426012,0,0,0,0,0,0
6.427859,0,0,0,0,0,0
6.429686,0,0,0,0,0,0
6.431509,0,0,0,0,0,0
6.433337,0,0,0,0,0,0
6.435159,0,0,0,0,0,0
6.436984,0,0,0,0,0,0
6.438630,0,0,0,0,0,0
6.440489,0,0,0,0,0,0
6.442246,0,0,0,0,0,0
6.444024,0,0,0,0,0,0
6.445851,0,0,0,0,0,0
6.447672,0,0,0,0,0,0
6.449589,0,0,0,0,0,0
6.451403,0,0,0,0,0,0
6.453142,0,0,0,0,0,0
6.454733,0,0,0,0,0,0
6.456589,0,0,0,0,0,0
6.458414,0,0,0,0,0,0
6.460048,0,0,0,0,0,0
6.461621,0,0,0,0,0,0
6.463221,0,0,0,0,0,0
6.464875,0,0,0,0,0,0
6.466522,0,0,0,0,0,0
6.468091,0,0,0,0,0,0
6.469661,0,0,0,0,0,0
6.471240,0,0,0,0,0,0
6.472905,0,0,0,0,0,0
6.474725,0,0,0,0,0,0
6.476348,0,0,0,0,0,0
6.478133,0,0,0,0,0,0
6.479960,0,0,0,0,0,0
6.481692,0,0,0,0,0,0
6.483479,0,0,0,0,0,0
6.485308,0,0,0,0,0,0
6.487136,0,0,0,0,0,0
6.489043,0,0,0,0,0,0
6.490869,0,0,0,0,0,0
6.492714,0,0,0,0,0,0
6.494377,0,0,0,0,0,0
6.495954,0,0,0,0,0,0
6.497811,0,0,0,0,0,0
6.499637,0,0,0,0,0,0
6.501465,0,0,0,0,0,0
6.503112,0,0,0,0,0,0
6.504978,0,0,0,0,0,0
6.506805,0,0,0,0,0,0
6.508627,0,0,0,0,0,0
6.510458,0,0,0,0,0,0
6.512362,0,0,0,0,0,0
6.514006,0,0,0,0,0,0
6.515789,0,0,0,0,0,0
6.517619,0,0,0,0,0,0
6.519431,0,0,0,0,0,0
6.521109,0,0,0,0,0,0
6.522747,0,0,0,0,0,0
6.524369,0,0,0,0,0,0
6.526036,0,0,0,0,0,0
6.527821,0,0,0,0,0,0
6.529731,0,0,0,0,0,0
6.531560,0,0,0,0,0,0
6.533389,0,0,0,0,0,0
6.535238,0,0,0,0,0,0
6.537070,0,0,0,0,0,0
6.538896,0,0,0,0,0,0
6.540721,0,0,0,0,0,0
6.542413,0,0,0,0,0,0
6.543989,0,0,0,0,0,0
6.545864,0,0,0,0,0,0
6.547692,0,0,0,0,0,0
6.549524,0,0,0,0,0,0
6.551336,0,0,0,0,0,0
6.553307,0,0,0,0,0,0
6.554916,0,0,0,0,0,0
6.556755,0,0,0,0,0,0
6.558346,0,0,0,0,0,0
6.559925,0,0,0,0,0,0
6.561786,0,0,0,0,0,0
6.563614,0,0,0,0,0,0
6.565443,0,0,0,0,0,0
6.567093,0,0,0,0,0,0
6.569112,0,0,0,0,0,0
6.570948,0,0,0,0,0,0
6.572773,0,0,0,0,0,0
6.574608,0,0,0,0,0,0
6.576512,0,0,0,0,0,0
6.578482,0,0,0,0,0,0
6.580290,0,0,0,0,0,0
6.582000,0,0,0,0,0,0
6.583652,0,0,0,0,0,0
6.585402,0,0,0,0,0,0
6.587178,0,0,0,0,0,0
6.588818,0,0,0,0,0,0
6.590609,0,0,0,0,0,0
6.592509,0,0,0,0,0,0
6.594483,0,0,0,0,0,0
6.596303,0,0,0,0,0,0
6.598128,0,0,0,0,0,0
6.599972,0,0,0,0,0,0
6.601878,0,0,0,0,0,0
6.603706,0,0,0,0,0,0
6.605534,0,0,0,0,0,0
6.607359,0,0,0,0,0,0
6.609190,0,0,0,0,0,0
6.610834,0,0,0,0,0,0
6.612617,0,0,0,0,0,0
6.614274,0,0,0,0,0,0
6.616060,0,0,0,0,0,0
6.617701,0,0,0,0,0,0
6.619279,0,0,0,0,0,0
6.621081,0,0,0,0,0,0
6.622910,0,0,0,0,0,0
6.624813,0,0,0,0,0,0
6.626647,0,0,0,0,0,0
6.628470,0,0,0,0,0,0
6.630232,0,0,0,0,0,0
6.632028,0,0,0,0,0,0
6.633664,0,0,0,0,0,0
6.635446,0,0,0,0,0,0
6.637274,0,0,0,0,0,0
6.639085,0,0,0,0,0,0
6.641135,0,0,0,0,0,0
6.643066,0,0,0,0,0,0
6.644902,0,0,0,0,0,0
6.647042,0,0,0,0,0,0
6.649149,0,0,0,0,0,0
6.650965,0,0,0,0,0,0
6.652681,0,0,0,0,0,0
6.654362,0,0,0,0,0,0
6.655950,0,0,0,0,0,0
6.657606,0,0,0,0,0,0
6.659170,0,0,0,0,0,0
6.661455,0,0,0,0,0,0
6.663736,0,0,0,0,0,0
6.665369,0,0,0,0,0,0
6.666941,0,0,0,0,0,0
6.668512,0,0,0,0,0,0
6.670382,0,0,0,0,0,0
6.671977,0,0,0,0,0,0
6.673650,0,0,0,0,0,0
6.675223,0,0,0,0,0,0
6.676810,0,0,0,0,0,0
6.678379,0,0,0,0,0,0
6.679953,0,0,0,0,0,0
6.681538,0,0,0,0,0,0
6.683098,0,0,0,0,0,0
6.684655,0,0,0,0,0,0
6.686336,0,0,0,0,0,0
6.687917,0,0,0,0,0,0
6.689767,0,0,0,0,0,0
6.691594,0,0,0,0,0,0
6.693424,0,0,0,0,0,0
6.695251,0,0,0,0,0,0
6.697083,0,0,0,0,0,0
6.698720,0,0,0,0,0,0
6.700489,0,0,0,0,0,0
6.702331,0,0,0,0,0,0
6.704307,0,0,0,0,0,0
6.705929,0,0,0,0,0,0
6.707713,0,0,0,0,0,0
6.709562,0,0,0,0,0,0
6.711390,0,0,0,0,0,0
6.713221,0,0,0,0,0,0
6.715033,0,0,0,0,0,0
6.716839,0,0,0,0,0,0
6.718571,0,0,0,0,0,0
6.720248,0,0,0,0,0,0
6.722030,0,0,0,0,0,0
6.723964,0,0,0,0,0,0
6.725827,0,0,0,0,0,0
6.727639,0,0,0,0,0,0
6.729247,0,0,0,0,0,0
6.731049,0,0,0,0,0,0
6.732873,0,0,0,0,0,0
6.734459,0,0,0,0,0,0
6.736318,0,0,0,0,0,0
6.738145,0,0,0,0,0,0
6.739973,0,0,0,0,0,0
6.741625,0,0,0,0,0,0
6.743398,0,0,0,0,0,0
6.745353,0,0,0,0,0,0
6.747180,0,0,0,0,0,0
6.749009,0,0,0,0,0,0
6.750836,0,0,0,0,0,0
6.752756,0,0,0,0,0,0
6.754591,0,0,0,0,0,0
6.756413,0,0,0,0,0,0
6.758187,0,0,0,0,0,0
6.759957,0,0,0,0,0,0
6.761875,0,0,0,0,0,0
6.763547,0,0,0,0,0,0
6.765577,0,0,0,0,0,0
6.767399,0,0,0,0,0,0
6.769285,0,0,0,0,0,0
6.771116,0,0,0,0,0,0
6.773152,0,0,0,0,0,0
6.774967,0,0,0,0,0,0
6.776851,0,0,0,0,0,0
6.778471,0,0,0,0,0,0
6.780250,0,0,0,0,0,0
6.782073,0,0,0,0,0,0
6.783897,0,0,0,0,0,0
6.785628,0,0,0,0,0,0
6.787412,0,0,0,0,0,0
6.789239,0,0,0,0,0,0
6.791059,0,0,0,0,0,0
6.793087,0,0,0,0,0,0
6.795190,0,0,0,0,0,0
6.797365,0,0,0,0,0,0
6.799476,0,0,0,0,0,0
6.801691,0,0,0,0,0,0
6.803264,0,0,0,0,0,0
6.804826,0,0,0,0,0,0
6.806467,0,0,0,0,0,0
6.808128,0,0,0,0,0,0
6.809690,0,0,0,0,0,0
6.811251,0,0,0,0,0,0
6.812812,0,0,0,0,0,0
6.814343,0,0,0,0,0,0
6.815912,0,0,0,0,0,0
6.817759,0,0,0,0,0,0
6.819591,0,0,0,0,0,0
6.821256,0,0,0,0,0,0
6.822964,0,0,0,0,0,0
6.824843,0,0,0,0,0,0
6.826780,0,0,0,0,0,0
6.828606,0,0,0,0,0,0
6.830259,0,0,0,0,0,0
6.832044,0,0,0,0,0,0
6.833680,0,0,0,0,0,0
6.835464,0,0,0,0,0,0
6.837512,0,0,0,0,0,0
6.839162,0,0,0,0,0,0
6.840849,0,0,0,0,0,0
6.842457,0,0,0,0,0,0
6.844034,0,0,0,0,0,0
6.845610,0,0,0,0,0,0
6.847171,0,0,0,0,0,0
6.849163,0,0,0,0,0,0
6.850798,0,0,0,0,0,0
6.852581,0,0,0,0,0,0
6.854302,0,0,0,0,0,0
6.856173,0,0,0,0,0,0
6.858001,0,0,0,0,0,0
6.859829,0,0,0,0,0,0
6.861679,0,0,0,0,0,0
6.863509,0,0,0,0,0,0
6.865341,0,0,0,0,0,0
6.867155,0,0,0,0,0,0
6.869172,0,0,0,0,0,0
6.871000,0,0,0,0,0,0
6.872726,0,0,0,0,0,0
6.874510,0,0,0,0,0,0
6.876310,0,0,0,0,0,0
6.878128,0,0,0,0,0,0
6.879807,0,0,0,0,0,0
6.881453,0,0,0,0,0,0
6.883295,0,0,0,0,0,0
6.884919,0,0,0,0,0,0
6.886732,0,0,0,0,0,0
6.888582,0,0,0,0,0,0
6.890495,0,0,0,0,0,0
6.892319,0,0,0,0,0,0
6.893963,0,0,0,0,0,0
6.895749,0,0,0,0,0,0
6.897661,0,0,0,0,0,0
6.899484,0,0,0,0,0,0
6.901314,0,0,0,0,0,0
6.903142,0,0,0,0,0,0
6.904789,0,0,0,0,0,0
6.906583,0,0,0,0,0,0
6.908407,0,0,0,0,0,0
6.910385,0,0,0,0,0,0
6.912293,0,0,0,0,0,0
6.914120,0,0,0,0,0,0
6.915770,0,0,0,0,0,0
6.917560,0,0,0,0,0,0
6.919387,0,0,0,0,0,0
6.921218,0,0,0,0,0,0
6.923322,0,0,0,0,0,0
6.925531,0,0,0,0,0,0
6.927195,0,0,0,0,0,0
6.928849,0,0,0,0,0,0
6.930431,0,0,0,0,0,0
6.932014,0,0,0,0,0,0
6.933596,0,0,0,0,0,0
6.935168,0,0,0,0,0,0
6.936808,0,0,0,0,0,0
6.938467,0,0,0,0,0,0
6.940027,0,0,0,0,0,0
6.941590,0,0,0,0,0,0
6.943457,0,0,0,0,0,0
6.945346,0,0,0,0,0,0
6.947264,0,0,0,0,0,0
6.949112,0,0,0,0,0,0
6.950940,0,0,0,0,0,0
6.952841,0,0,0,0,0,0
6.954669,0,0,0,0,0,0
6.956494,0,0,0,0,0,0
6.958478,0,0,0,0,0,0
6.960202,0,0,0,0,0,0
6.961991,0,0,0,0,0,0
6.963818,0,0,0,0,0,0
6.965648,0,0,0,0,0,0
6.967469,0,0,0,0,0,0
6.969468,0,0,0,0,0,0
6.971114,0,0,0,0,0,0
6.972701,0,0,0,0,0,0
6.974280,0,0,0,0,0,0
6.975852,0,0,0,0,0,0
6.977496,0,0,0,0,0,0
6.979327,0,0,0,0,0,0
6.981163,0,0,0,0,0,0
6.982829,0,0,0,0,0,0
6.984692,0,0,0,0,0,0
6.986525,0,0,0,0,0,0
6.988349,0,0,0,0,0,0
6.990177,0,0,0,0,0,0
6.992006,0,0,0,0,0,0
6.993670,0,0,0,0,0,0
6.995253,0,0,0,0,0,0
6.997032,0,0,0,0,0,0
6.998846,0,0,0,0,0,0
7.000729,0,0,0,0,0,0
7.002432,0,0,0,0,0,0
7.004143,0,0,0,0,0,0
7.006026,0,0,0,0,0,0
7.007848,0,0,0,0,0,0
7.009503,0,0,0,0,0,0
7.011285,0,0,0,0,0,0
7.013113,0,0,0,0,0,0
7.014962,0,0,0,0,0,0
7.016863,0,0,0,0,0,0
7.018684,0,0,0,0,0,0
7.020259,0,0,0,0,0,0
7.022039,0,0,0,0,0,0
7.023864,0,0,0,0,0,0
7.025541,0,0,0,0,0,0
7.027328,0,0,0,0,0,0
7.029158,0,0,0,0,0,0
7.030983,0,0,0,0,0,0
7.032886,0,0,0,0,0,0
7.034528,0,0,0,0,0,0
7.036324,0,0,0,0,0,0
7.038150,0,0,0,0,0,0
7.039976,0,0,0,0,0,0
7.041884,0,0,0,0,0,0
7.043710,0,0,0,0,0,0
7.045538,0,0,0,0,0,0
7.047185,0,0,0,0,0,0
7.049050,0,0,0,0,0,0
7.050876,0,0,0,0,0,0
7.052698,0,0,0,0,0,0
7.054486,0,0,0,0,0,0
7.056359,0,0,0,0,0,0
7.058002,0,0,0,0,0,0
7.059772,0,0,0,0,0,0
7.061384,0,0,0,0,0,0
7.063378,0,0,0,0,0,0
7.065345,0,0,0,0,0,0
7.067190,0,0,0,0,0,0
7.068783,0,0,0,0,0,0
7.070362,0,0,0,0,0,0
7.071930,0,0,0,0,0,0
7.073581,0,0,0,0,0,0
7.075354,0,0,0,0,0,0
7.077179,0,0,0,0,0,0
7.079023,0,0,0,0,0,0
7.081077,0,0,0,0,0,0
7.082927,0,0,0,0,0,0
7.084577,0,0,0,0,0,0
7.086254,0,0,0,0,0,0
7.088029,0,0,0,0,0,0
7.089691,0,0,0,0,0,0
7.091270,0,0,0,0,0,0
7.093051,0,0,0,0,0,0
7.094875,0,0,0,0,0,0
7.096774,0,0,0,0,0,0
7.098606,0,0,0,0,0,0
7.100446,0,0,0,0,0,0
7.102206,0,0,0,0,0,0
7.103987,0,0,0,0,0,0
7.105894,0,0,0,0,0,0
7.107717,0,0,0,0,0,0
7.109543,0,0,0,0,0,0
7.111190,0,0,0,0,0,0
7.113053,0,0,0,0,0,0
7.114896,0,0,0,0,0,0
7.116781,0,0,0,0,0,0
7.118410,0,0,0,0,0,0
7.119990,0,0,0,0,0,0
7.121899,0,0,0,0,0,0
7.123594,0,0,0,0,0,0
7.125577,0,0,0,0,0,0
7.127432,0,0,0,0,0,0
7.129059,0,0,0,0,0,0
7.130839,0,0,0,0,0,0
7.132486,0,0,0,0,0,0
7.134247,0,0,0,0,0,0
7.135819,0,0,0,0,0,0
7.137470,0,0,0,0,0,0
7.139037,0,0,0,0,0,0
7.140635,0,0,0,0,0,0
7.142207,0,0,0,0,0,0
7.143796,0,0,0,0,0,0
7.145644,0,0,0,0,0,0
7.147468,0,0,0,0,0,0
7.149295,0,0,0,0,0,0
7.151118,0,0,0,0,0,0
7.153019,0,0,0,0,0,0
7.154663,0,0,0,0,0,0
7.156349,0,0,0,0,0,0
7.158537,0,0,0,0,0,0
7.160182,0,0,0,0,0,0
7.162848,0,0,0,0,0,0
7.164556,0,0,0,0,0,0
7.166411,0,0,0,0,0,0
7.168262,0,0,0,0,0,0
7.169838,0,0,0,0,0,0
7.171410,0,0,0,0,0,0
7.172983,0,0,0,0,0,0
7.174552,0,0,0,0,0,0
7.176404,0,0,0,0,0,0
7.178189,0,0,0,0,0,0
7.179960,0,0,0,0,0,0
7.181577,0,0,0,0,0,0
7.183172,0,0,0,0,0,0
7.185033,0,0,0,0,0,0
7.186954,0,0,0,0,0,0
7.188597,0,0,0,0,0,0
7.190551,0,0,0,0,0,0
7.192453,0,0,0,0,0,0
7.194369,0,0,0,0,0,0
7.196193,0,0,0,0,0,0
7.198016,0,0,0,0,0,0
7.199664,0,0,0,0,0,0
7.201451,0,0,0,0,0,0
7.203278,0,0,0,0,0,0
7.205107,0,0,0,0,0,0
7.206933,0,0,0,0,0,0
7.208836,0,0,0,0,0,0
7.210691,0,0,0,0,0,0
7.212526,0,0,0,0,0,0
7.214297,0,0,0,0,0,0
7.216082,0,0,0,0,0,0
7.218044,0,0,0,0,0,0
7.219781,0,0,0,0,0,0
7.221386,0,0,0,0,0,0
7.222965,0,0,0,0,0,0
7.224615,0,0,0,0,0,0
7.226269,0,0,0,0,0,0
7.228020,0,0,0,0,0,0
7.229850,0,0,0,0,0,0
7.231696,0,0,0,0,0,0
7.233524,0,0,0,0,0,0
7.235352,0,0,0,0,0,0
7.237180,0,0,0,0,0,0
7.238993,0,0,0,0,0,0
7.240875,0,0,0,0,0,0
7.242621,0,0,0,0,0,0
7.244164,0,0,0,0,0,0
7.246041,0,0,0,0,0,0
7.247891,0,0,0,0,0,0
7.249797,0,0,0,0,0,0
7.251620,0,0,0,0,0,0
7.253464,0,0,0,0,0,0
7.255082,0,0,0,0,0,0
7.257098,0,0,0,0,0,0
7.259008,0,0,0,0,0,0
7.260626,0,0,0,0,0,0
7.262415,0,0,0,0,0,0
7.264056,0,0,0,0,0,0
7.265627,0,0,0,0,0,0
7.267405,0,0,0,0,0,0
7.269237,0,0,0,0,0,0
7.271062,0,0,0,0,0,0
7.273119,0,0,0,0,0,0
7.274964,0,0,0,0,0,0
7.276814,0,0,0,0,0,0
7.278648,0,0,0,0,0,0
7.280548,0,0,0,0,0,0
7.282529,0,0,0,0,0,0
7.284350,0,0,0,0,0,0
7.285989,0,0,0,0,0,0
7.287567,0,0,0,0,0,0
7.289357,0,0,0,0,0,0
7.291209,0,0,0,0,0,0
7.293039,0,0,0,0,0,0
7.294864,0,0,0,0,0,0
7.296783,0,0,0,0,0,0
7.298607,0,0,0,0,0,0
7.300414,0,0,0,0,0,0
7.302365,0,0,0,0,0,0
7.304026,0,0,0,0,0,0
7.305882,0,0,0,0,0,0
7.307536,0,0,0,0,0,0
7.309115,0,0,0,0,0,0
7.310888,0,0,0,0,0,0
7.312788,0,0,0,0,0,0
7.314621,0,0,0,0,0,0
7.316442,0,0,0,0,0,0
7.318213,0,0,0,0,0,0
7.319992,0,0,0,0,0,0
7.321897,0,0,0,0,0,0
7.323718,0,0,0,0,0,0
7.325542,0,0,0,0,0,0
7.327462,0,0,0,0,0,0
7.329108,0,0,0,0,0,0
7.330795,0,0,0,0,0,0
7.332616,0,0,0,0,0,0
7.334443,0,0,0,0,0,0
7.336339,0,0,0,0,0,0
7.338165,0,0,0,0,0,0
7.340010,0,0,0,0,0,0
7.341836,0,0,0,0,0,0
7.343655,0,0,0,0,0,0
7.345478,0,0,0,0,0,0
7.347279,0,0,0,0,0,0
7.348823,0,0,0,0,0,0
7.350330,0,0,0,0,0,0
7.352001,0,0,0,0,0,0
7.353664,0,0,0,0,0,0
7.355412,0,0,0,0,0,0
7.357377,0,0,0,0,0,0
7.359202,0,0,0,0,0,0
7.360835,0,0,0,0,0,0
7.362480,0,0,0,0,0,0
7.364062,0,0,0,0,0,0
7.365945,0,0,0,0,0,0
7.367796,0,0,0,0,0,0
7.369702,0,0,0,0,0,0
7.371347,0,0,0,0,0,0
7.373132,0,0,0,0,0,0
7.374956,0,0,0,0,0,0
7.376856,0,0,0,0,0,0
7.378491,0,0,0,0,0,0
7.380267,0,0,0,0,0,0
7.381910,0,0,0,0,0,0
7.383691,0,0,0,0,0,0
7.385385,0,0,0,0,0,0
7.387159,0,0,0,0,0,0
7.388743,0,0,0,0,0,0
7.390345,0,0,0,0,0,0
7.391931,0,0,0,0,0,0
7.393577,0,0,0,0,0,0
7.395353,0,0,0,0,0,0
7.397153,0,0,0,0,0,0
7.398723,0,0,0,0,0,0
7.400359,0,0,0,0,0,0
7.401941,0,0,0,0,0,0
7.403508,0,0,0,0,0,0
7.405078,0,0,0,0,0,0
7.406644,0,0,0,0,0,0
7.408494,0,0,0,0,0,0
7.410465,0,0,0,0,0,0
7.412105,0,0,0,0,0,0
7.413891,0,0,0,0,0,0
7.415714,0,0,0,0,0,0
7.417621,0,0,0,0,0,0
7.419436,0,0,0,0,0,0
7.421292,0,0,0,0,0,0
7.423023,0,0,0,0,0,0
7.424694,0,0,0,0,0,0
7.426264,0,0,0,0,0,0
7.428038,0,0,0,0,0,0
7.429864,0,0,0,0,0,0
7.431687,0,0,0,0,0,0
7.433428,0,0,0,0,0,0
7.434996,0,0,0,0,0,0
7.436568,0,0,0,0,0,0
7.438225,0,0,0,0,0,0
7.439854,0,0,0,0,0,0
7.441475,0,0,0,0,0,0
7.443042,0,0,0,0,0,0
7.444624,0,0,0,0,0,0
7.446205,0,0,0,0,0,0
7.447770,0,0,0,0,0,0
7.449616,0,0,0,0,0,0
7.451438,0,0,0,0,0,0
7.453263,0,0,0,0,0,0
7.454904,0,0,0,0,0,0
7.457316,0,0,0,0,0,0
7.459122,0,0,0,0,0,0
7.460775,0,0,0,0,0,0
7.462352,0,0,0,0,0,0
7.464011,0,0,0,0,0,0
7.465661,0,0,0,0,0,0
7.467232,0,0,0,0,0,0
7.468799,0,0,0,0,0,0
7.470378,0,0,0,0,0,0
7.472042,0,0,0,0,0,0
7.473649,0,0,0,0,0,0
7.475222,0,0,0,0,0,0
7.476807,0,0,0,0,0,0
7.478375,0,0,0,0,0,0
7.479932,0,0,0,0,0,0
7.481564,0,0,0,0,0,0
7.483231,0,0,0,0,0,0
7.485005,0,0,0,0,0,0
7.486805,0,0,0,0,0,0
7.488524,0,0,0,0,0,0
7.490453,0,0,0,0,0,0
7.492277,0,0,0,0,0,0
7.494104,0,0,0,0,0,0
7.495929,0,0,0,0,0,0
7.497838,0,0,0,0,0,0
7.499477,0,0,0,0,0,0
7.501508,0,0,0,0,0,0
7.503155,0,0,0,0,0,0
7.505019,0,0,0,0,0,0
7.506844,0,0,0,0,0,0
7.508752,0,0,0,0,0,0
7.510413,0,0,0,0,0,0
7.512259,0,0,0,0,0,0
7.513876,0,0,0,0,0,0
7.515658,0,0,0,0,0,0
7.517485,0,0,0,0,0,0
7.519312,0,0,0,0,0,0
7.521041,0,0,0,0,0,0
7.522828,0,0,0,0,0,0
7.524652,0,0,0,0,0,0
7.526483,0,0,0,0,0,0
7.528383,0,0,0,0,0,0
7.530003,0,0,0,0,0,0
7.531803,0,0,0,0,0,0
7.533632,0,0,0,0,0,0
7.535459,0,0,0,0,0,0
7.537306,0,0,0,0,0,0
7.539118,0,0,0,0,0,0
7.541052,0,0,0,0,0,0
7.542722,0,0,0,0,0,0
7.544411,0,0,0,0,0,0
7.545987,0,0,0,0,0,0
7.547760,0,0,0,0,0,0
7.549588,0,0,0,0,0,0
7.551415,0,0,0,0,0,0
7.553063,0,0,0,0,0,0
7.554846,0,0,0,0,0,0
7.556668,0,0,0,0,0,0
7.558499,0,0,0,0,0,0
7.560399,0,0,0,0,0,0
7.562016,0,0,0,0,0,0
7.563611,0,0,0,0,0,0
7.565393,0,0,0,0,0,0
7.567219,0,0,0,0,0,0
7.569050,0,0,0,0,0,0
7.570876,0,0,0,0,0,0
7.572698,0,0,0,0,0,0
7.574543,0,0,0,0,0,0
7.576430,0,0,0,0,0,0
7.578425,0,0,0,0,0,0
7.580323,0,0,0,0,0,0
7.582148,0,0,0,0,0,0
7.583974,0,0,0,0,0,0
7.585706,0,0,0,0,0,0
7.587495,0,0,0,0,0,0
7.589323,0,0,0,0,0,0
7.591148,0,0,0,0,0,0
7.593055,0,0,0,0,0,0
7.594881,0,0,0,0,0,0
7.596726,0,0,0,0,0,0
7.598365,0,0,0,0,0,0
7.599932,0,0,0,0,0,0
7.601574,0,0,0,0,0,0
7.603126,0,0,0,0,0,0
7.604895,0,0,0,0,0,0
7.606644,0,0,0,0,0,0
7.608301,0,0,0,0,0,0
7.610080,0,0,0,0,0,0
7.611901,0,0,0,0,0,0
7.613724,0,0,0,0,0,0
7.615486,0,0,0,0,0,0
7.617091,0,0,0,0,0,0
7.618867,0,0,0,0,0,0
7.620691,0,0,0,0,0,0
7.622522,0,0,0,0,0,0
7.624422,0,0,0,0,0,0
7.626826,0,0,0,0,0,0
7.628639,0,0,0,0,0,0
7.630257,0,0,0,0,0,0
7.631832,0,0,0,0,0,0
7.633565,0,0,0,0,0,0
7.635167,0,0,0,0,0,0
7.636739,0,0,0,0,0,0
7.638304,0,0,0,0,0,0
7.639983,0,0,0,0,0,0
7.641614,0,0,0,0,0,0
7.643183,0,0,0,0,0,0
7.644752,0,0,0,0,0,0
7.646385,0,0,0,0,0,0
7.647952,0,0,0,0,0,0
7.649794,0,0,0,0,0,0
7.651441,0,0,0,0,0,0
7.653227,0,0,0,0,0,0
7.655049,0,0,0,0,0,0
7.656676,0,0,0,0,0,0
7.658467,0,0,0,0,0,0
7.660277,0,0,0,0,0,0
7.661953,0,0,0,0,0,0
7.663620,0,0,0,0,0,0
7.665656,0,0,0,0,0,0
7.667458,0,0,0,0,0,0
7.669509,0,0,0,0,0,0
7.671154,0,0,0,0,0,0
7.673034,0,0,0,0,0,0
7.674860,0,0,0,0,0,0
7.676571,0,0,0,0,0,0
7.678413,0,0,0,0,0,0
7.680297,0,0,0,0,0,0
7.681916,0,0,0,0,0,0
7.683713,0,0,0,0,0,0
7.687151,0,0,0,0,0,0
7.689435,0,0,0,0,0,0
7.691019,0,0,0,0,0,0
7.692592,0,0,0,0,0,0
7.694342,0,0,0,0,0,0
7.695913,0,0,0,0,0,0
7.697558,0,0,0,0,0,0
7.699128,0,0,0,0,0,0
7.700697,0,0,0,0,0,0
7.702271,0,0,0,0,0,0
7.703840,0,0,0,0,0,0
7.705716,0,0,0,0,0,0
7.707543,0,0,0,0,0,0
7.709371,0,0,0,0,0,0
7.711197,0,0,0,0,0,0
7.713026,0,0,0,0,0,0
7.714853,0,0,0,0,0,0
7.716497,0,0,0,0,0,0
7.718420,0,0,0,0,0,0
7.720306,0,0,0,0,0,0
7.722010,0,0,0,0,0,0
7.723669,0,0,0,0,0,0
7.725558,0,0,0,0,0,0
7.727406,0,0,0,0,0,0
7.729034,0,0,0,0,0,0
7.730811,0,0,0,0,0,0
7.732632,0,0,0,0,0,0
7.734461,0,0,0,0,0,0
7.736359,0,0,0,0,0,0
7.737999,0,0,0,0,0,0
7.739779,0,0,0,0,0,0
7.741604,0,0,0,0,0,0
7.743428,0,0,0,0,0,0
7.745257,0,0,0,0,0,0
7.747082,0,0,0,0,0,0
7.749079,0,0,0,0,0,0
7.750898,0,0,0,0,0,0
7.752797,0,0,0,0,0,0
7.754628,0,0,0,0,0,0
7.756449,0,0,0,0,0,0
7.758423,0,0,0,0,0,0
7.760142,0,0,0,0,0,0
7.761925,0,0,0,0,0,0
7.763748,0,0,0,0,0,0
7.765572,0,0,0,0,0,0
7.767395,0,0,0,0,0,0
7.769376,0,0,0,0,0,0
7.771977,0,0,0,0,0,0
7.773541,0,0,0,0,0,0
7.775082,0,0,0,0,0,0
7.776596,0,0,0,0,0,0
7.778170,0,0,0,0,0,0
7.779613,0,0,0,0,0,0
7.781147,0,0,0,0,0,0
7.782831,0,0,0,0,0,0
7.784334,0,0,0,0,0,0
7.786058,0,0,0,0,0,0
7.788073,0,0,0,0,0,0
7.789644,0,0,0,0,0,0
7.791212,0,0,0,0,0,0
7.792857,0,0,0,0,0,0
7.794427,0,0,0,0,0,0
7.795993,0,0,0,0,0,0
7.797558,0,0,0,0,0,0
7.799318,0,0,0,0,0,0
7.801153,0,0,0,0,0,0
7.803228,0,0,0,0,0,0
7.804852,0,0,0,0,0,0
7.806522,0,0,0,0,0,0
7.808151,0,0,0,0,0,0
7.809681,0,0,0,0,0,0
7.811456,0,0,0,0,0,0
7.813286,0,0,0,0,0,0
7.815133,0,0,0,0,0,0
7.817035,0,0,0,0,0,0
7.818827,0,0,0,0,0,0
7.820572,0,0,0,0,0,0
7.822566,0,0,0,0,0,0
7.824464,0,0,0,0,0,0
7.826201,0,0,0,0,0,0
7.827983,0,0,0,0,0,0
7.829808,0,0,0,0,0,0
7.831636,0,0,0,0,0,0
7.833464,0,0,0,0,0,0
7.835288,0,0,0,0,0,0
7.837136,0,0,0,0,0,0
7.838947,0,0,0,0,0,0
7.840834,0,0,0,0,0,0
7.842602,0,0,0,0,0,0
7.844339,0,0,0,0,0,0
7.845998,0,0,0,0,0,0
7.847822,0,0,0,0,0,0
7.849726,0,0,0,0,0,0
7.851551,0,0,0,0,0,0
7.853193,0,0,0,0,0,0
7.854979,0,0,0,0,0,0
7.856720,0,0,0,0,0,0
7.858427,0,0,0,0,0,0
7.860214,0,0,0,0,0,0
7.862041,0,0,0,0,0,0
7.863868,0,0,0,0,0,0
7.865726,0,0,0,0,0,0
7.867551,0,0,0,0,0,0
7.869204,0,0,0,0,0,0
7.870992,0,0,0,0,0,0
7.872895,0,0,0,0,0,0
7.874528,0,0,0,0,0,0
7.876310,0,0,0,0,0,0
7.878135,0,0,0,0,0,0
7.879980,0,0,0,0,0,0
7.881889,0,0,0,0,0,0
7.883709,0,0,0,0,0,0
7.885537,0,0,0,0,0,0
7.887363,0,0,0,0,0,0
7.889195,0,0,0,0,0,0
7.890843,0,0,0,0,0,0
7.892627,0,0,0,0,0,0
7.894459,0,0,0,0,0,0
7.896363,0,0,0,0,0,0
7.898189,0,0,0,0,0,0
7.900001,0,0,0,0,0,0
7.901637,0,0,0,0,0,0
7.903656,0,0,0,0,0,0
7.905538,0,0,0,0,0,0
7.907464,0,0,0,0,0,0
7.909294,0,0,0,0,0,0
7.911121,0,0,0,0,0,0
7.912843,0,0,0,0,0,0
7.914637,0,0,0,0,0,0
7.916465,0,0,0,0,0,0
7.918439,0,0,0,0,0,0
7.920340,0,0,0,0,0,0
7.922163,0,0,0,0,0,0
7.924008,0,0,0,0,0,0
7.925837,0,0,0,0,0,0
7.927666,0,0,0,0,0,0
7.929494,0,0,0,0,0,0
7.931320,0,0,0,0,0,0
7.933149,0,0,0,0,0,0
7.934796,0,0,0,0,0,0
7.936656,0,0,0,0,0,0
7.938489,0,0,0,0,0,0
7.940314,0,0,0,0,0,0
7.942141,0,0,0,0,0,0
7.943966,0,0,0,0,0,0
7.945895,0,0,0,0,0,0
7.947723,0,0,0,0,0,0
7.949553,0,0,0,0,0,0
7.951381,0,0,0,0,0,0
7.953211,0,0,0,0,0,0
7.955037,0,0,0,0,0,0
7.956680,0,0,0,0,0,0
7.958465,0,0,0,0,0,0
7.960349,0,0,0,0,0,0
7.962044,0,0,0,0,0,0
7.963708,0,0,0,0,0,0
7.965501,0,0,0,0,0,0
7.967369,0,0,0,0,0,0
7.969201,0,0,0,0,0,0
7.971013,0,0,0,0,0,0
7.972821,0,0,0,0,0,0
7.974427,0,0,0,0,0,0
7.976007,0,0,0,0,0,0
7.977693,0,0,0,0,0,0
7.979269,0,0,0,0,0,0
7.980839,0,0,0,0,0,0
7.982412,0,0,0,0,0,0
7.984265,0,0,0,0,0,0
7.986091,0,0,0,0,0,0
7.987940,0,0,0,0,0,0
7.989771,0,0,0,0,0,0
7.991598,0,0,0,0,0,0
7.993426,0,0,0,0,0,0
7.995254,0,0,0,0,0,0
7.997084,0,0,0,0,0,0
7.998733,0,0,0,0,0,0
8.000595,0,0,0,0,0,0
8.002429,0,0,0,0,0,0
8.004248,0,0,0,0,0,0
8.006073,0,0,0,0,0,0
8.007899,0,0,0,0,0,0
8.009828,0,0,0,0,0,0
8.011655,0,0,0,0,0,0
8.013475,0,0,0,0,0,0
8.015303,0,0,0,0,0,0
8.017135,0,0,0,0,0,0
8.018945,0,0,0,0,0,0
8.020578,0,0,0,0,0,0
8.022444,0,0,0,0,0,0
8.024013,0,0,0,0,0,0
8.025959,0,0,0,0,0,0
8.027811,0,0,0,0,0,0
8.029639,0,0,0,0,0,0
8.031485,0,0,0,0,0,0
8.033315,0,0,0,0,0,0
8.035140,0,0,0,0,0,0
8.037117,0,0,0,0,0,0
8.038953,0,0,0,0,0,0
8.040855,0,0,0,0,0,0
8.042466,0,0,0,0,0,0
8.044040,0,0,0,0,0,0
8.045820,0,0,0,0,0,0
8.047644,0,0,0,0,0,0
8.049472,0,0,0,0,0,0
8.051297,0,0,0,0,0,0
8.053142,0,0,0,0,0,0
8.054846,0,0,0,0,0,0
8.056702,0,0,0,0,0,0
8.058336,0,0,0,0,0,0
8.060127,0,0,0,0,0,0
8.061955,0,0,0,0,0,0
8.063604,0,0,0,0,0,0
8.065391,0,0,0,0,0,0
8.067220,0,0,0,0,0,0
8.069048,0,0,0,0,0,0
8.070873,0,0,0,0,0,0
8.072773,0,0,0,0,0,0
8.074627,0,0,0,0,0,0
8.076451,0,0,0,0,0,0
8.078210,0,0,0,0,0,0
8.079977,0,0,0,0,0,0
8.081884,0,0,0,0,0,0
8.083548,0,0,0,0,0,0
8.085442,0,0,0,0,0,0
8.087281,0,0,0,0,0,0
8.089237,0,0,0,0,0,0
8.090863,0,0,0,0,0,0
8.092487,0,0,0,0,0,0
8.094131,0,0,0,0,0,0
8.095716,0,0,0,0,0,0
8.097288,0,0,0,0,0,0
8.099061,0,0,0,0,0,0
8.100882,0,0,0,0,0,0
8.102520,0,0,0,0,0,0
8.104376,0,0,0,0,0,0
8.106019,0,0,0,0,0,0
8.107801,0,0,0,0,0,0
8.109629,0,0,0,0,0,0
8.111453,0,0,0,0,0,0
8.113283,0,0,0,0,0,0
8.114912,0,0,0,0,0,0
8.116715,0,0,0,0,0,0
8.118372,0,0,0,0,0,0
8.120226,0,0,0,0,0,0
8.122057,0,0,0,0,0,0
8.123881,0,0,0,0,0,0
8.125705,0,0,0,0,0,0
8.127352,0,0,0,0,0,0
8.129138,0,0,0,0,0,0
8.130963,0,0,0,0,0,0
8.132781,0,0,0,0,0,0
8.134610,0,0,0,0,0,0
8.136510,0,0,0,0,0,0
8.138307,0,0,0,0,0,0
8.139883,0,0,0,0,0,0
8.141451,0,0,0,0,0,0
8.143004,0,0,0,0,0,0
8.144910,0,0,0,0,0,0
8.146648,0,0,0,0,0,0
8.148224,0,0,0,0,0,0
8.150017,0,0,0,0,0,0
8.151842,0,0,0,0,0,0
8.153802,0,0,0,0,0,0
8.155626,0,0,0,0,0,0
8.157467,0,0,0,0,0,0
8.159206,0,0,0,0,0,0
8.160893,0,0,0,0,0,0
8.162555,0,0,0,0,0,0
8.164117,0,0,0,0,0,0
8.165678,0,0,0,0,0,0
8.167237,0,0,0,0,0,0
8.168801,0,0,0,0,0,0
8.170629,0,0,0,0,0,0
8.172263,0,0,0,0,0,0
8.173838,0,0,0,0,0,0
8.175618,0,0,0,0,0,0
8.177446,0,0,0,0,0,0
8.179274,0,0,0,0,0,0
8.181103,0,0,0,0,0,0
8.182951,0,0,0,0,0,0
8.184855,0,0,0,0,0,0
8.186495,0,0,0,0,0,0
8.188276,0,0,0,0,0,0
8.190101,0,0,0,0,0,0
8.191929,0,0,0,0,0,0
8.193660,0,0,0,0,0,0
8.195449,0,0,0,0,0,0
8.197279,0,0,0,0,0,0
8.199091,0,0,0,0,0,0
8.201280,0,0,0,0,0,0
8.203568,0,0,0,0,0,0
8.205330,0,0,0,0,0,0
8.206957,0,0,0,0,0,0
8.208600,0,0,0,0,0,0
8.210375,0,0,0,0,0,0
8.212056,0,0,0,0,0,0
8.213652,0,0,0,0,0,0
8.215228,0,0,0,0,0,0
8.216818,0,0,0,0,0,0
8.218408,0,0,0,0,0,0
8.219978,0,0,0,0,0,0
8.221549,0,0,0,0,0,0
8.223119,0,0,0,0,0,0
8.224690,0,0,0,0,0,0
8.226470,0,0,0,0,0,0
8.228315,0,0,0,0,0,0
8.230141,0,0,0,0,0,0
8.231970,0,0,0,0,0,0
8.233880,0,0,0,0,0,0
8.235708,0,0,0,0,0,0
8.237537,0,0,0,0,0,0
8.239185,0,0,0,0,0,0
8.241051,0,0,0,0,0,0
8.242877,0,0,0,0,0,0
8.244701,0,0,0,0,0,0
8.246530,0,0,0,0,0,0
8.248430,0,0,0,0,0,0
8.250190,0,0,0,0,0,0
8.251959,0,0,0,0,0,0
8.253571,0,0,0,0,0,0
8.255352,0,0,0,0,0,0
8.257178,0,0,0,0,0,0
8.258801,0,0,0,0,0,0
8.260426,0,0,0,0,0,0
8.262002,0,0,0,0,0,0
8.263586,0,0,0,0,0,0
8.265226,0,0,0,0,0,0
8.266807,0,0,0,0,0,0
8.268372,0,0,0,0,0,0
8.270148,0,0,0,0,0,0
8.271994,0,0,0,0,0,0
8.273904,0,0,0,0,0,0
8.275806,0,0,0,0,0,0
8.277638,0,0,0,0,0,0
8.279451,0,0,0,0,0,0
8.281101,0,0,0,0,0,0
8.282901,0,0,0,0,0,0
8.284721,0,0,0,0,0,0
8.286638,0,0,0,0,0,0
8.288333,0,0,0,0,0,0
8.290022,0,0,0,0,0,0
8.291712,0,0,0,0,0,0
8.293419,0,0,0,0,0,0
8.295105,0,0,0,0,0,0
8.296845,0,0,0,0,0,0
8.298656,0,0,0,0,0,0
8.300429,0,0,0,0,0,0
8.302015,0,0,0,0,0,0
8.303861,0,0,0,0,0,0
8.305474,0,0,0,0,0,0
8.307041,0,0,0,0,0,0
8.308612,0,0,0,0,0,0
8.310332,0,0,0,0,0,0
8.311892,0,0,0,0,0,0
8.313464,0,0,0,0,0,0
8.315252,0,0,0,0,0,0
8.317079,0,0,0,0,0,0
8.318892,0,0,0,0,0,0
8.320779,0,0,0,0,0,0
8.322436,0,0,0,0,0,0
8.324262,0,0,0,0,0,0
8.325842,0,0,0,0,0,0
8.327702,0,0,0,0,0,0
8.329537,0,0,0,0,0,0
8.331364,0,0,0,0,0,0
8.333192,0,0,0,0,0,0
8.335020,0,0,0,0,0,0
8.337100,0,0,0,0,0,0
8.338908,0,0,0,0,0,0
8.340715,0,0,0,0,0,0
8.342573,0,0,0,0,0,0
8.344394,0,0,0,0,0,0
8.346182,0,0,0,0,0,0
8.347781,0,0,0,0,0,0
8.349380,0,0,0,0,0,0
8.350952,0,0,0,0,0,0
8.352591,0,0,0,0,0,0
8.354428,0,0,0,0,0,0
8.355986,0,0,0,0,0,0
8.357550,0,0,0,0,0,0
8.359136,0,0,0,0,0,0
8.360773,0,0,0,0,0,0
8.362554,0,0,0,0,0,0
8.364379,0,0,0,0,0,0
8.366205,0,0,0,0,0,0
8.368032,0,0,0,0,0,0
8.369696,0,0,0,0,0,0
8.371277,0,0,0,0,0,0
8.373058,0,0,0,0,0,0
8.374885,0,0,0,0,0,0
8.376786,0,0,0,0,0,0
8.378607,0,0,0,0,0,0
8.380434,0,0,0,0,0,0
8.382501,0,0,0,0,0,0
8.384316,0,0,0,0,0,0
8.385923,0,0,0,0,0,0
8.387706,0,0,0,0,0,0
8.389683,0,0,0,0,0,0
8.391545,0,0,0,0,0,0
8.393148,0,0,0,0,0,0
8.394719,0,0,0,0,0,0
8.396288,0,0,0,0,0,0
8.397859,0,0,0,0,0,0
8.399427,0,0,0,0,0,0
8.401203,0,0,0,0,0,0
8.403063,0,0,0,0,0,0
8.404882,0,0,0,0,0,0
8.406515,0,0,0,0,0,0
8.408203,0,0,0,0,0,0
8.409975,0,0,0,0,0,0
8.411786,0,0,0,0,0,0
8.413423,0,0,0,0,0,0
8.415207,0,0,0,0,0,0
8.417035,0,0,0,0,0,0
8.418662,0,0,0,0,0,0
8.420446,0,0,0,0,0,0
8.422217,0,0,0,0,0,0
8.424017,0,0,0,0,0,0
8.425850,0,0,0,0,0,0
8.427471,0,0,0,0,0,0
8.429262,0,0,0,0,0,0
8.431090,0,0,0,0,0,0
8.432996,0,0,0,0,0,0
8.434644,0,0,0,0,0,0
8.436428,0,0,0,0,0,0
8.438391,0,0,0,0,0,0
8.440276,0,0,0,0,0,0
8.441893,0,0,0,0,0,0
8.443494,0,0,0,0,0,0
8.445327,0,0,0,0,0,0
8.446952,0,0,0,0,0,0
8.448599,0,0,0,0,0,0
8.450240,0,0,0,0,0,0
8.451809,0,0,0,0,0,0
8.453380,0,0,0,0,0,0
8.454949,0,0,0,0,0,0
8.456596,0,0,0,0,0,0
8.458511,0,0,0,0,0,0
8.460351,0,0,0,0,0,0
8.461945,0,0,0,0,0,0
8.463723,0,0,0,0,0,0
8.465627,0,0,0,0,0,0
8.467469,0,0,0,0,0,0
8.469293,0,0,0,0,0,0
8.471116,0,0,0,0,0,0
8.472745,0,0,0,0,0,0
8.474977,0,0,0,0,0,0
8.476802,0,0,0,0,0,0
8.478456,0,0,0,0,0,0
8.480319,0,0,0,0,0,0
8.482146,0,0,0,0,0,0
8.483974,0,0,0,0,0,0
8.485803,0,0,0,0,0,0
8.487629,0,0,0,0,0,0
8.489551,0,0,0,0,0,0
8.491378,0,0,0,0,0,0
8.493210,0,0,0,0,0,0
8.495090,0,0,0,0,0,0
8.496999,0,0,0,0,0,0
8.498812,0,0,0,0,0,0
8.500446,0,0,0,0,0,0
8.502040,0,0,0,0,0,0
8.503613,0,0,0,0,0,0
8.505399,0,0,0,0,0,0
8.507327,0,0,0,0,0,0
8.509447,0,0,0,0,0,0
8.511052,0,0,0,0,0,0
8.512730,0,0,0,0,0,0
8.514582,0,0,0,0,0,0
8.516151,0,0,0,0,0,0
8.517888,0,0,0,0,0,0
8.519468,0,0,0,0,0,0
8.521072,0,0,0,0,0,0
8.522634,0,0,0,0,0,0
8.524195,0,0,0,0,0,0
8.525756,0,0,0,0,0,0
8.527531,0,0,0,0,0,0
8.529361,0,0,0,0,0,0
8.531185,0,0,0,0,0,0
8.533035,0,0,0,0,0,0
8.534846,0,0,0,0,0,0
8.536732,0,0,0,0,0,0
8.538405,0,0,0,0,0,0
8.539984,0,0,0,0,0,0
8.541766,0,0,0,0,0,0
8.543414,0,0,0,0,0,0
8.545207,0,0,0,0,0,0
8.547034,0,0,0,0,0,0
8.548859,0,0,0,0,0,0
8.550488,0,0,0,0,0,0
8.552329,0,0,0,0,0,0
8.553963,0,0,0,0,0,0
8.555748,0,0,0,0,0,0
8.557576,0,0,0,0,0,0
8.559388,0,0,0,0,0,0
8.561255,0,0,0,0,0,0
8.562825,0,0,0,0,0,0
8.564710,0,0,0,0,0,0
8.566365,0,0,0,0,0,0
8.568255,0,0,0,0,0,0
8.570081,0,0,0,0,0,0
8.571906,0,0,0,0,0,0
8.573732,0,0,0,0,0,0
8.575578,0,0,0,0,0,0
8.577404,0,0,0,0,0,0
8.579225,0,0,0,0,0,0
8.581380,0,0,0,0,0,0
8.583079,0,0,0,0,0,0
8.584792,0,0,0,0,0,0
8.586413,0,0,0,0,0,0
8.587993,0,0,0,0,0,0
8.589576,0,0,0,0,0,0
8.591150,0,0,0,0,0,0
8.592793,0,0,0,0,0,0
8.594368,0,0,0,0,0,0
8.595937,0,0,0,0,0,0
8.597733,0,0,0,0,0,0
8.599545,0,0,0,0,0,0
8.601151,0,0,0,0,0,0
8.603022,0,0,0,0,0,0
8.605338,0,0,0,0,0,0
8.607330,0,0,0,0,0,0
8.609193,0,0,0,0,0,0
8.610784,0,0,0,0,0,0
8.612355,0,0,0,0,0,0
8.613923,0,0,0,0,0,0
8.615508,0,0,0,0,0,0
8.617157,0,0,0,0,0,0
8.618919,0,0,0,0,0,0
8.620747,0,0,0,0,0,0
8.622411,0,0,0,0,0,0
8.623979,0,0,0,0,0,0
8.625650,0,0,0,0,0,0
8.627221,0,0,0,0,0,0
8.628791,0,0,0,0,0,0
8.630365,0,0,0,0,0,0
8.631994,0,0,0,0,0,0
8.633873,0,0,0,0,0,0
8.635685,0,0,0,0,0,0
8.637297,0,0,0,0,0,0
8.639078,0,0,0,0,0,0
8.640986,0,0,0,0,0,0
8.642833,0,0,0,0,0,0
8.644657,0,0,0,0,0,0
8.646489,0,0,0,0,0,0
8.648389,0,0,0,0,0,0
8.650008,0,0,0,0,0,0
8.651791,0,0,0,0,0,0
8.653440,0,0,0,0,0,0
8.655224,0,0,0,0,0,0
8.657053,0,0,0,0,0,0
8.658875,0,0,0,0,0,0
8.660536,0,0,0,0,0,0
8.662484,0,0,0,0,0,0
8.664404,0,0,0,0,0,0
8.666308,0,0,0,0,0,0
8.668135,0,0,0,0,0,0
8.669960,0,0,0,0,0,0
8.671787,0,0,0,0,0,0
8.673699,0,0,0,0,0,0
8.675348,0,0,0,0,0,0
8.677136,0,0,0,0,0,0
8.678949,0,0,0,0,0,0
8.680833,0,0,0,0,0,0
8.682571,0,0,0,0,0,0
8.684323,0,0,0,0,0,0
8.685960,0,0,0,0,0,0
8.687743,0,0,0,0,0,0
8.689653,0,0,0,0,0,0
8.691482,0,0,0,0,0,0
8.693311,0,0,0,0,0,0
8.695138,0,0,0,0,0,0
8.696865,0,0,0,0,0,0
8.698659,0,0,0,0,0,0
8.700485,0,0,0,0,0,0
8.702247,0,0,0,0,0,0
8.704032,0,0,0,0,0,0
8.705867,0,0,0,0,0,0
8.707513,0,0,0,0,0,0
8.712377,0,0,0,0,0,0
8.713968,0,0,0,0,0,0
8.715543,0,0,0,0,0,0
8.717117,0,0,0,0,0,0
8.718723,0,0,0,0,0,0
8.720365,0,0,0,0,0,0
8.721939,0,0,0,0,0,0
8.723509,0,0,0,0,0,0
8.725084,0,0,0,0,0,0
8.726654,0,0,0,0,0,0
8.728287,0,0,0,0,0,0
8.730091,0,0,0,0,0,0
8.731917,0,0,0,0,0,0
8.733746,0,0,0,0,0,0
8.735575,0,0,0,0,0,0
8.737404,0,0,0,0,0,0
8.739215,0,0,0,0,0,0
8.740848,0,0,0,0,0,0
8.742605,0,0,0,0,0,0
8.744493,0,0,0,0,0,0
8.746147,0,0,0,0,0,0
8.747720,0,0,0,0,0,0
8.749293,0,0,0,0,0,0
8.750881,0,0,0,0,0,0
8.752522,0,0,0,0,0,0
8.754203,0,0,0,0,0,0
8.755773,0,0,0,0,0,0
8.757347,0,0,0,0,0,0
8.758911,0,0,0,0,0,0
8.760662,0,0,0,0,0,0
8.762239,0,0,0,0,0,0
8.764021,0,0,0,0,0,0
8.765847,0,0,0,0,0,0
8.767672,0,0,0,0,0,0
8.769496,0,0,0,0,0,0
8.771323,0,0,0,0,0,0
8.773172,0,0,0,0,0,0
8.774999,0,0,0,0,0,0
8.776901,0,0,0,0,0,0
8.778883,0,0,0,0,0,0
8.780708,0,0,0,0,0,0
8.782310,0,0,0,0,0,0
8.783907,0,0,0,0,0,0
8.785770,0,0,0,0,0,0
8.787596,0,0,0,0,0,0
8.789424,0,0,0,0,0,0
8.791236,0,0,0,0,0,0
8.793175,0,0,0,0,0,0
8.795021,0,0,0,0,0,0
8.796844,0,0,0,0,0,0
8.798658,0,0,0,0,0,0
8.800538,0,0,0,0,0,0
8.803288,0,0,0,0,0,0
8.805106,0,0,0,0,0,0
8.806745,0,0,0,0,0,0
8.808377,0,0,0,0,0,0
8.809942,0,0,0,0,0,0
8.811516,0,0,0,0,0,0
8.813274,0,0,0,0,0,0
8.814920,0,0,0,0,0,0
8.816577,0,0,0,0,0,0
8.818299,0,0,0,0,0,0
8.819867,0,0,0,0,0,0
8.821444,0,0,0,0,0,0
8.823006,0,0,0,0,0,0
8.824842,0,0,0,0,0,0
8.826447,0,0,0,0,0,0
8.828230,0,0,0,0,0,0
8.830054,0,0,0,0,0,0
8.831878,0,0,0,0,0,0
8.833784,0,0,0,0,0,0
8.835607,0,0,0,0,0,0
8.837452,0,0,0,0,0,0
8.839335,0,0,0,0,0,0
8.841163,0,0,0,0,0,0
8.842986,0,0,0,0,0,0
8.844807,0,0,0,0,0,0
8.846636,0,0,0,0,0,0
8.848359,0,0,0,0,0,0
8.850140,0,0,0,0,0,0
8.851962,0,0,0,0,0,0
8.853788,0,0,0,0,0,0
8.855610,0,0,0,0,0,0
8.857435,0,0,0,0,0,0
8.859267,0,0,0,0,0,0
8.860884,0,0,0,0,0,0
8.862531,0,0,0,0,0,0
8.864349,0,0,0,0,0,0
8.865971,0,0,0,0,0,0
8.867754,0,0,0,0,0,0
8.869403,0,0,0,0,0,0
8.871188,0,0,0,0,0,0
8.873019,0,0,0,0,0,0
8.874847,0,0,0,0,0,0
8.876670,0,0,0,0,0,0
8.878502,0,0,0,0,0,0
8.880422,0,0,0,0,0,0
8.882180,0,0,0,0,0,0
8.883964,0,0,0,0,0,0
8.885789,0,0,0,0,0,0
8.887616,0,0,0,0,0,0
8.889439,0,0,0,0,0,0
8.891086,0,0,0,0,0,0
8.892869,0,0,0,0,0,0
8.894506,0,0,0,0,0,0
8.896365,0,0,0,0,0,0
8.898191,0,0,0,0,0,0
8.900017,0,0,0,0,0,0
8.901862,0,0,0,0,0,0
8.903689,0,0,0,0,0,0
8.905517,0,0,0,0,0,0
8.907345,0,0,0,0,0,0
8.909173,0,0,0,0,0,0
8.910998,0,0,0,0,0,0
8.912720,0,0,0,0,0,0
8.914513,0,0,0,0,0,0
8.916337,0,0,0,0,0,0
8.918160,0,0,0,0,0,0
8.919971,0,0,0,0,0,0
8.921668,0,0,0,0,0,0
8.923256,0,0,0,0,0,0
8.925089,0,0,0,0,0,0
8.926807,0,0,0,0,0,0
8.928662,0,0,0,0,0,0
8.930494,0,0,0,0,0,0
8.932314,0,0,0,0,0,0
8.934202,0,0,0,0,0,0
8.935991,0,0,0,0,0,0
8.937892,0,0,0,0,0,0
8.939887,0,0,0,0,0,0
8.941719,0,0,0,0,0,0
8.943547,0,0,0,0,0,0
8.945467,0,0,0,0,0,0
8.947295,0,0,0,0,0,0
8.949126,0,0,0,0,0,0
8.950952,0,0,0,0,0,0
8.952856,0,0,0,0,0,0
8.954494,0,0,0,0,0,0
8.956291,0,0,0,0,0,0
8.958117,0,0,0,0,0,0
8.959944,0,0,0,0,0,0
8.961854,0,0,0,0,0,0
8.963681,0,0,0,0,0,0
8.965508,0,0,0,0,0,0
8.967354,0,0,0,0,0,0
8.969184,0,0,0,0,0,0
8.971012,0,0,0,0,0,0
8.972837,0,0,0,0,0,0
8.974671,0,0,0,0,0,0
8.976573,0,0,0,0,0,0
8.978346,0,0,0,0,0,0
8.980115,0,0,0,0,0,0
8.981884,0,0,0,0,0,0
8.983546,0,0,0,0,0,0
8.985436,0,0,0,0,0,0
8.987298,0,0,0,0,0,0
8.988945,0,0,0,0,0,0
8.990730,0,0,0,0,0,0
8.992632,0,0,0,0,0,0
8.994465,0,0,0,0,0,0
8.996287,0,0,0,0,0,0
8.998114,0,0,0,0,0,0
8.999761,0,0,0,0,0,0
9.001629,0,0,0,0,0,0
9.003456,0,0,0,0,0,0
9.005286,0,0,0,0,0,0
9.007115,0,0,0,0,0,0
9.009019,0,0,0,0,0,0
9.010865,0,0,0,0,0,0
9.012688,0,0,0,0,0,0
9.014522,0,0,0,0,0,0
9.016424,0,0,0,0,0,0
9.018181,0,0,0,0,0,0
9.019965,0,0,0,0,0,0
9.021615,0,0,0,0,0,0
9.023402,0,0,0,0,0,0
9.025232,0,0,0,0,0,0
9.027059,0,0,0,0,0,0
9.028882,0,0,0,0,0,0
9.030521,0,0,0,0,0,0
9.032395,0,0,0,0,0,0
9.034018,0,0,0,0,0,0
9.035799,0,0,0,0,0,0
9.037627,0,0,0,0,0,0
9.039439,0,0,0,0,0,0
9.041125,0,0,0,0,0,0
9.042770,0,0,0,0,0,0
9.044574,0,0,0,0,0,0
9.046281,0,0,0,0,0,0
9.048062,0,0,0,0,0,0
9.049897,0,0,0,0,0,0
9.051521,0,0,0,0,0,0
9.053342,0,0,0,0,0,0
9.055232,0,0,0,0,0,0
9.056851,0,0,0,0,0,0
9.058634,0,0,0,0,0,0
9.060452,0,0,0,0,0,0
9.062525,0,0,0,0,0,0
9.064203,0,0,0,0,0,0
9.065784,0,0,0,0,0,0
9.067357,0,0,0,0,0,0
9.069023,0,0,0,0,0,0
9.070595,0,0,0,0,0,0
9.072234,0,0,0,0,0,0
9.073808,0,0,0,0,0,0
9.075394,0,0,0,0,0,0
9.076967,0,0,0,0,0,0
9.078534,0,0,0,0,0,0
9.080386,0,0,0,0,0,0
9.082008,0,0,0,0,0,0
9.083791,0,0,0,0,0,0
9.085441,0,0,0,0,0,0
9.087230,0,0,0,0,0,0
9.089058,0,0,0,0,0,0
9.090883,0,0,0,0,0,0
9.092707,0,0,0,0,0,0
9.094339,0,0,0,0,0,0
9.095932,0,0,0,0,0,0
9.097793,0,0,0,0,0,0
9.099605,0,0,0,0,0,0
9.101416,0,0,0,0,0,0
9.103141,0,0,0,0,0,0
9.105057,0,0,0,0,0,0
9.106771,0,0,0,0,0,0
9.108555,0,0,0,0,0,0
9.110546,0,0,0,0,0,0
9.112431,0,0,0,0,0,0
9.114257,0,0,0,0,0,0
9.115943,0,0,0,0,0,0
9.117568,0,0,0,0,0,0
9.119138,0,0,0,0,0,0
9.120826,0,0,0,0,0,0
9.122404,0,0,0,0,0,0
9.124175,0,0,0,0,0,0
9.125997,0,0,0,0,0,0
9.127643,0,0,0,0,0,0
9.129429,0,0,0,0,0,0
9.131254,0,0,0,0,0,0
9.133078,0,0,0,0,0,0
9.134899,0,0,0,0,0,0
9.136796,0,0,0,0,0,0
9.138643,0,0,0,0,0,0
9.140266,0,0,0,0,0,0
9.142050,0,0,0,0,0,0
9.143950,0,0,0,0,0,0
9.145858,0,0,0,0,0,0
9.147680,0,0,0,0,0,0
9.149327,0,0,0,0,0,0
9.151109,0,0,0,0,0,0
9.153010,0,0,0,0,0,0
9.154633,0,0,0,0,0,0
9.156415,0,0,0,0,0,0
9.158178,0,0,0,0,0,0
9.159921,0,0,0,0,0,0
9.162333,0,0,0,0,0,0
9.163903,0,0,0,0,0,0
9.165523,0,0,0,0,0,0
9.167089,0,0,0,0,0,0
9.168687,0,0,0,0,0,0
9.170458,0,0,0,0,0,0
9.172235,0,0,0,0,0,0
9.174062,0,0,0,0,0,0
9.175887,0,0,0,0,0,0
9.177798,0,0,0,0,0,0
9.179625,0,0,0,0,0,0
9.181475,0,0,0,0,0,0
9.183300,0,0,0,0,0,0
9.185130,0,0,0,0,0,0
9.187010,0,0,0,0,0,0
9.188834,0,0,0,0,0,0
9.190668,0,0,0,0,0,0
9.192391,0,0,0,0,0,0
9.194176,0,0,0,0,0,0
9.196001,0,0,0,0,0,0
9.197830,0,0,0,0,0,0
9.199656,0,0,0,0,0,0
9.201485,0,0,0,0,0,0
9.203332,0,0,0,0,0,0
9.205161,0,0,0,0,0,0
9.206985,0,0,0,0,0,0
9.208887,0,0,0,0,0,0
9.210598,0,0,0,0,0,0
9.212166,0,0,0,0,0,0
9.213679,0,0,0,0,0,0
9.215448,0,0,0,0,0,0
9.217278,0,0,0,0,0,0
9.219084,0,0,0,0,0,0
9.220887,0,0,0,0,0,0
9.222588,0,0,0,0,0,0
9.224216,0,0,0,0,0,0
9.226027,0,0,0,0,0,0
9.227959,0,0,0,0,0,0
9.229654,0,0,0,0,0,0
9.231363,0,0,0,0,0,0
9.232958,0,0,0,0,0,0
9.234462,0,0,0,0,0,0
9.235954,0,0,0,0,0,0
9.237519,0,0,0,0,0,0
9.239007,0,0,0,0,0,0
9.240627,0,0,0,0,0,0
9.242402,0,0,0,0,0,0
9.244369,0,0,0,0,0,0
9.245994,0,0,0,0,0,0
9.247567,0,0,0,0,0,0
9.249213,0,0,0,0,0,0
9.250782,0,0,0,0,0,0
9.252349,0,0,0,0,0,0
9.254123,0,0,0,0,0,0
9.255764,0,0,0,0,0,0
9.257447,0,0,0,0,0,0
9.259023,0,0,0,0,0,0
9.260594,0,0,0,0,0,0
9.262353,0,0,0,0,0,0
9.263929,0,0,0,0,0,0
9.265775,0,0,0,0,0,0
9.267598,0,0,0,0,0,0
9.269735,0,0,0,0,0,0
9.271553,0,0,0,0,0,0
9.273374,0,0,0,0,0,0
9.275194,0,0,0,0,0,0
9.276819,0,0,0,0,0,0
9.278604,0,0,0,0,0,0
9.280317,0,0,0,0,0,0
9.281938,0,0,0,0,0,0
9.283599,0,0,0,0,0,0
9.285484,0,0,0,0,0,0
9.287316,0,0,0,0,0,0
9.288993,0,0,0,0,0,0
9.290802,0,0,0,0,0,0
9.292627,0,0,0,0,0,0
9.294458,0,0,0,0,0,0
9.296358,0,0,0,0,0,0
9.298183,0,0,0,0,0,0
9.300008,0,0,0,0,0,0
9.301660,0,0,0,0,0,0
9.303433,0,0,0,0,0,0
9.305157,0,0,0,0,0,0
9.306951,0,0,0,0,0,0
9.308569,0,0,0,0,0,0
9.310436,0,0,0,0,0,0
9.312352,0,0,0,0,0,0
9.314175,0,0,0,0,0,0
9.315996,0,0,0,0,0,0
9.317820,0,0,0,0,0,0
9.319635,0,0,0,0,0,0
9.321462,0,0,0,0,0,0
9.323110,0,0,0,0,0,0
9.324889,0,0,0,0,0,0
9.326516,0,0,0,0,0,0
9.328470,0,0,0,0,0,0
9.330374,0,0,0,0,0,0
9.332197,0,0,0,0,0,0
9.334041,0,0,0,0,0,0
9.335855,0,0,0,0,0,0
9.337493,0,0,0,0,0,0
9.339258,0,0,0,0,0,0
9.341135,0,0,0,0,0,0
9.342915,0,0,0,0,0,0
9.344603,0,0,0,0,0,0
9.346354,0,0,0,0,0,0
9.347917,0,0,0,0,0,0
9.349800,0,0,0,0,0,0
9.351378,0,0,0,0,0,0
9.353130,0,0,0,0,0,0
9.354659,0,0,0,0,0,0
9.356174,0,0,0,0,0,0
9.357693,0,0,0,0,0,0
9.359217,0,0,0,0,0,0
9.360790,0,0,0,0,0,0
9.362570,0,0,0,0,0,0
9.364392,0,0,0,0,0,0
9.366166,0,0,0,0,0,0
9.367952,0,0,0,0,0,0
9.369861,0,0,0,0,0,0
9.371687,0,0,0,0,0,0
9.373514,0,0,0,0,0,0
9.375341,0,0,0,0,0,0
9.376995,0,0,0,0,0,0
9.378781,0,0,0,0,0,0
9.380605,0,0,0,0,0,0
9.382437,0,0,0,0,0,0
9.384338,0,0,0,0,0,0
9.386162,0,0,0,0,0,0
9.387812,0,0,0,0,0,0
9.389600,0,0,0,0,0,0
9.391426,0,0,0,0,0,0
9.393256,0,0,0,0,0,0
9.395082,0,0,0,0,0,0
9.396905,0,0,0,0,0,0
9.398694,0,0,0,0,0,0
9.400341,0,0,0,0,0,0
9.402320,0,0,0,0,0,0
9.404275,0,0,0,0,0,0
9.405913,0,0,0,0,0,0
9.407723,0,0,0,0,0,0
9.409452,0,0,0,0,0,0
9.411237,0,0,0,0,0,0
9.413063,0,0,0,0,0,0
9.414887,0,0,0,0,0,0
9.416783,0,0,0,0,0,0
9.418418,0,0,0,0,0,0
9.420220,0,0,0,0,0,0
9.422059,0,0,0,0,0,0
9.423721,0,0,0,0,0,0
9.425310,0,0,0,0,0,0
9.426890,0,0,0,0,0,0
9.428667,0,0,0,0,0,0
9.430324,0,0,0,0,0,0
9.432184,0,0,0,0,0,0
9.434010,0,0,0,0,0,0
9.435829,0,0,0,0,0,0
9.437627,0,0,0,0,0,0
9.439315,0,0,0,0,0,0
9.440987,0,0,0,0,0,0
9.442561,0,0,0,0,0,0
9.444132,0,0,0,0,0,0
9.445703,0,0,0,0,0,0
9.447273,0,0,0,0,0,0
9.449055,0,0,0,0,0,0
9.450881,0,0,0,0,0,0
9.452526,0,0,0,0,0,0
9.454473,0,0,0,0,0,0
9.456375,0,0,0,0,0,0
9.458548,0,0,0,0,0,0
9.461174,0,0,0,0,0,0
9.463573,0,0,0,0,0,0
9.465125,0,0,0,0,0,0
9.466670,0,0,0,0,0,0
9.468189,0,0,0,0,0,0
9.469706,0,0,0,0,0,0
9.471232,0,0,0,0,0,0
9.472769,0,0,0,0,0,0
9.474352,0,0,0,0,0,0
9.475913,0,0,0,0,0,0
9.477622,0,0,0,0,0,0
9.479183,0,0,0,0,0,0
9.480743,0,0,0,0,0,0
9.482539,0,0,0,0,0,0
9.484364,0,0,0,0,0,0
9.486007,0,0,0,0,0,0
9.487792,0,0,0,0,0,0
9.489703,0,0,0,0,0,0
9.491529,0,0,0,0,0,0
9.493356,0,0,0,0,0,0
9.495183,0,0,0,0,0,0
9.496909,0,0,0,0,0,0
9.498467,0,0,0,0,0,0
9.500244,0,0,0,0,0,0
9.502069,0,0,0,0,0,0
9.503895,0,0,0,0,0,0
9.505804,0,0,0,0,0,0
9.507650,0,0,0,0,0,0
9.509532,0,0,0,0,0,0
9.511363,0,0,0,0,0,0
9.513193,0,0,0,0,0,0
9.515019,0,0,0,0,0,0
9.516843,0,0,0,0,0,0
9.518487,0,0,0,0,0,0
9.520335,0,0,0,0,0,0
9.521989,0,0,0,0,0,0
9.523652,0,0,0,0,0,0
9.525536,0,0,0,0,0,0
9.527380,0,0,0,0,0,0
9.529105,0,0,0,0,0,0
9.530948,0,0,0,0,0,0
9.532770,0,0,0,0,0,0
9.534603,0,0,0,0,0,0
9.536502,0,0,0,0,0,0
9.538473,0,0,0,0,0,0
9.540114,0,0,0,0,0,0
9.541898,0,0,0,0,0,0
9.543722,0,0,0,0,0,0
9.545629,0,0,0,0,0,0
9.547451,0,0,0,0,0,0
9.549276,0,0,0,0,0,0
9.551114,0,0,0,0,0,0
9.552845,0,0,0,0,0,0
9.554644,0,0,0,0,0,0
9.556468,0,0,0,0,0,0
9.558436,0,0,0,0,0,0
9.560320,0,0,0,0,0,0
9.561956,0,0,0,0,0,0
9.563742,0,0,0,0,0,0
9.565571,0,0,0,0,0,0
9.567395,0,0,0,0,0,0
9.569225,0,0,0,0,0,0
9.571052,0,0,0,0,0,0
9.572896,0,0,0,0,0,0
9.574518,0,0,0,0,0,0
9.576378,0,0,0,0,0,0
9.577998,0,0,0,0,0,0
9.579767,0,0,0,0,0,0
9.581380,0,0,0,0,0,0
9.583186,0,0,0,0,0,0
9.585098,0,0,0,0,0,0
9.586824,0,0,0,0,0,0
9.588602,0,0,0,0,0,0
9.590430,0,0,0,0,0,0
9.592328,0,0,0,0,0,0
9.593969,0,0,0,0,0,0
9.595749,0,0,0,0,0,0
9.597575,0,0,0,0,0,0
9.599399,0,0,0,0,0,0
9.601224,0,0,0,0,0,0
9.603048,0,0,0,0,0,0
9.604687,0,0,0,0,0,0
9.606475,0,0,0,0,0,0
9.608372,0,0,0,0,0,0
9.610194,0,0,0,0,0,0
9.612016,0,0,0,0,0,0
9.613839,0,0,0,0,0,0
9.615678,0,0,0,0,0,0
9.617307,0,0,0,0,0,0
9.619097,0,0,0,0,0,0
9.621074,0,0,0,0,0,0
9.622741,0,0,0,0,0,0
9.624381,0,0,0,0,0,0
9.625964,0,0,0,0,0,0
9.627581,0,0,0,0,0,0
9.629157,0,0,0,0,0,0
9.630728,0,0,0,0,0,0
9.632367,0,0,0,0,0,0
9.633940,0,0,0,0,0,0
9.635511,0,0,0,0,0,0
9.637304,0,0,0,0,0,0
9.639116,0,0,0,0,0,0
9.641176,0,0,0,0,0,0
9.643093,0,0,0,0,0,0
9.644871,0,0,0,0,0,0
9.646556,0,0,0,0,0,0
9.648225,0,0,0,0,0,0
9.650005,0,0,0,0,0,0
9.651829,0,0,0,0,0,0
9.653651,0,0,0,0,0,0
9.655476,0,0,0,0,0,0
9.657305,0,0,0,0,0,0
9.659147,0,0,0,0,0,0
9.660974,0,0,0,0,0,0
9.662795,0,0,0,0,0,0
9.664423,0,0,0,0,0,0
9.666012,0,0,0,0,0,0
9.667791,0,0,0,0,0,0
9.669443,0,0,0,0,0,0
9.671379,0,0,0,0,0,0
9.673365,0,0,0,0,0,0
9.675170,0,0,0,0,0,0
9.676748,0,0,0,0,0,0
9.678405,0,0,0,0,0,0
9.679994,0,0,0,0,0,0
9.681645,0,0,0,0,0,0
9.683216,0,0,0,0,0,0
9.684995,0,0,0,0,0,0
9.686825,0,0,0,0,0,0
9.688724,0,0,0,0,0,0
9.690371,0,0,0,0,0,0
9.691952,0,0,0,0,0,0
9.693730,0,0,0,0,0,0
9.695556,0,0,0,0,0,0
9.697384,0,0,0,0,0,0
9.699191,0,0,0,0,0,0
9.701117,0,0,0,0,0,0
9.702677,0,0,0,0,0,0
9.704464,0,0,0,0,0,0
9.706191,0,0,0,0,0,0
9.707973,0,0,0,0,0,0
9.709800,0,0,0,0,0,0
9.711444,0,0,0,0,0,0
9.713225,0,0,0,0,0,0
9.715047,0,0,0,0,0,0
9.716869,0,0,0,0,0,0
9.718569,0,0,0,0,0,0
9.720430,0,0,0,0,0,0
9.722156,0,0,0,0,0,0
9.723938,0,0,0,0,0,0
9.725767,0,0,0,0,0,0
9.727594,0,0,0,0,0,0
9.729423,0,0,0,0,0,0
9.731249,0,0,0,0,0,0
9.732894,0,0,0,0,0,0
9.734523,0,0,0,0,0,0
9.736376,0,0,0,0,0,0
9.738203,0,0,0,0,0,0
9.740026,0,0,0,0,0,0
9.741844,0,0,0,0,0,0
9.743809,0,0,0,0,0,0
9.745466,0,0,0,0,0,0
9.747037,0,0,0,0,0,0
9.748605,0,0,0,0,0,0
9.750330,0,0,0,0,0,0
9.751896,0,0,0,0,0,0
9.753743,0,0,0,0,0,0
9.755393,0,0,0,0,0,0
9.757181,0,0,0,0,0,0
9.758995,0,0,0,0,0,0
9.760875,0,0,0,0,0,0
9.762550,0,0,0,0,0,0
9.764093,0,0,0,0,0,0
9.765964,0,0,0,0,0,0
9.767820,0,0,0,0,0,0
9.769728,0,0,0,0,0,0
9.771557,0,0,0,0,0,0
9.773384,0,0,0,0,0,0
9.775209,0,0,0,0,0,0
9.777079,0,0,0,0,0,0
9.778865,0,0,0,0,0,0
9.780688,0,0,0,0,0,0
9.782520,0,0,0,0,0,0
9.784424,0,0,0,0,0,0
9.786394,0,0,0,0,0,0
9.788239,0,0,0,0,0,0
9.790066,0,0,0,0,0,0
9.791877,0,0,0,0,0,0
9.793574,0,0,0,0,0,0
9.795354,0,0,0,0,0,0
9.797182,0,0,0,0,0,0
9.798826,0,0,0,0,0,0
9.800686,0,0,0,0,0,0
9.802515,0,0,0,0,0,0
9.804369,0,0,0,0,0,0
9.805947,0,0,0,0,0,0
9.807711,0,0,0,0,0,0
9.809419,0,0,0,0,0,0
9.811203,0,0,0,0,0,0
9.813029,0,0,0,0,0,0
9.814855,0,0,0,0,0,0
9.816757,0,0,0,0,0,0
9.818580,0,0,0,0,0,0
9.820214,0,0,0,0,0,0
9.821936,0,0,0,0,0,0
9.823596,0,0,0,0,0,0
9.825486,0,0,0,0,0,0
9.827325,0,0,0,0,0,0
9.828952,0,0,0,0,0,0
9.830756,0,0,0,0,0,0
9.832657,0,0,0,0,0,0
9.834488,0,0,0,0,0,0
9.836313,0,0,0,0,0,0
9.838137,0,0,0,0,0,0
9.839963,0,0,0,0,0,0
9.841697,0,0,0,0,0,0
9.843483,0,0,0,0,0,0
9.845310,0,0,0,0,0,0
9.847123,0,0,0,0,0,0
9.849185,0,0,0,0,0,0
9.850809,0,0,0,0,0,0
9.852399,0,0,0,0,0,0
9.854175,0,0,0,0,0,0
9.855996,0,0,0,0,0,0
9.857900,0,0,0,0,0,0
9.859874,0,0,0,0,0,0
9.861542,0,0,0,0,0,0
9.863143,0,0,0,0,0,0
9.865419,0,0,0,0,0,0
9.867065,0,0,0,0,0,0
9.868663,0,0,0,0,0,0
9.870256,0,0,0,0,0,0
9.871825,0,0,0,0,0,0
9.873497,0,0,0,0,0,0
9.875067,0,0,0,0,0,0
9.876690,0,0,0,0,0,0
9.878462,0,0,0,0,0,0
9.880348,0,0,0,0,0,0
9.881956,0,0,0,0,0,0
9.883604,0,0,0,0,0,0
9.885496,0,0,0,0,0,0
9.887340,0,0,0,0,0,0
9.888968,0,0,0,0,0,0
9.890752,0,0,0,0,0,0
9.892575,0,0,0,0,0,0
9.894343,0,0,0,0,0,0
9.896204,0,0,0,0,0,0
9.898033,0,0,0,0,0,0
9.899860,0,0,0,0,0,0
9.901686,0,0,0,0,0,0
9.903514,0,0,0,0,0,0
9.905161,0,0,0,0,0,0
9.906830,0,0,0,0,0,0
9.908401,0,0,0,0,0,0
9.909976,0,0,0,0,0,0
9.911546,0,0,0,0,0,0
9.913120,0,0,0,0,0,0
9.914689,0,0,0,0,0,0
9.916475,0,0,0,0,0,0
9.918448,0,0,0,0,0,0
9.920350,0,0,0,0,0,0
9.922177,0,0,0,0,0,0
9.924005,0,0,0,0,0,0
9.925833,0,0,0,0,0,0
9.927480,0,0,0,0,0,0
9.929272,0,0,0,0,0,0
9.931099,0,0,0,0,0,0
9.933076,0,0,0,0,0,0
9.934696,0,0,0,0,0,0
9.936353,0,0,0,0,0,0
9.938136,0,0,0,0,0,0
9.939945,0,0,0,0,0,0
9.941561,0,0,0,0,0,0
9.943460,0,0,0,0,0,0
9.945343,0,0,0,0,0,0
9.947269,0,0,0,0,0,0
9.948910,0,0,0,0,0,0
9.950692,0,0,0,0,0,0
9.952391,0,0,0,0,0,0
9.954175,0,0,0,0,0,0
9.955999,0,0,0,0,0,0
9.957830,0,0,0,0,0,0
9.959675,0,0,0,0,0,0
9.961503,0,0,0,0,0,0
9.963329,0,0,0,0,0,0
9.965156,0,0,0,0,0,0
9.966982,0,0,0,0,0,0
9.968882,0,0,0,0,0,0
9.970538,0,0,0,0,0,0
9.972115,0,0,0,0,0,0
9.973893,0,0,0,0,0,0
9.975718,0,0,0,0,0,0
9.977626,0,0,0,0,0,0
9.979453,0,0,0,0,0,0
9.981102,0,0,0,0,0,0
9.982888,0,0,0,0,0,0
9.984789,0,0,0,0,0,0
9.986622,0,0,0,0,0,0
9.988445,0,0,0,0,0,0
9.990212,0,0,0,0,0,0
9.991806,0,0,0,0,0,0
9.993668,0,0,0,0,0,0
9.995495,0,0,0,0,0,0
9.997324,0,0,0,0,0,0
9.999139,0,0,0,0,0,0
10.000180,0,0,0,0,0,0
