elapsed_s,TSE_BE_CLIP_PLANES,TSE_BE_EMPTY_BBOX_KILLED_PRIM,TSE_BE_ST1_VP_PARAMS_CACHE_MISS,TSE_BE_ST2_VPORT_VP_PARAMS_CACHE_MISS
0.001134,0,0,0,0
0.002655,0,0,0,0
0.004138,0,0,0,0
0.005620,0,0,0,0
0.007292,0,0,0,0
0.008853,0,0,0,0
0.010299,0,0,0,0
0.011797,0,0,0,0
0.013257,0,0,0,0
0.014760,0,0,0,0
0.016304,0,0,0,0
0.017852,0,0,0,0
0.019285,0,0,0,0
0.020728,0,0,0,0
0.022163,0,0,0,0
0.023597,0,0,0,0
0.025091,0,0,0,0
0.026564,0,0,0,0
0.028034,0,0,0,0
0.029505,0,0,0,0
0.030985,0,0,0,0
0.032468,0,0,0,0
0.033940,0,0,0,0
0.035414,0,0,0,0
0.036889,0,0,0,0
0.038362,0,0,0,0
0.039861,0,0,0,0
0.041356,0,0,0,0
0.042827,0,0,0,0
0.044250,0,0,0,0
0.045721,0,0,0,0
0.047145,0,0,0,0
0.048594,0,0,0,0
0.049964,0,0,0,0
0.051402,0,0,0,0
0.052825,0,0,0,0
0.054295,0,0,0,0
0.055716,0,0,0,0
0.057097,0,0,0,0
0.058566,0,0,0,0
0.059987,0,0,0,0
0.061464,0,0,0,0
0.062862,0,0,0,0
0.064318,0,0,0,0
0.065835,0,0,0,0
0.067277,0,0,0,0
0.068712,0,0,0,0
0.070135,0,0,0,0
0.071564,0,0,0,0
0.072947,0,0,0,0
0.074372,0,0,0,0
0.075793,0,0,0,0
0.077267,0,0,0,0
0.078690,0,0,0,0
0.080136,0,0,0,0
0.081562,0,0,0,0
0.083016,0,0,0,0
0.084456,0,0,0,0
0.086011,0,0,0,0
0.088017,0,0,0,0
0.089549,0,0,0,0
0.091056,0,0,0,0
0.092550,0,0,0,0
0.094070,0,0,0,0
0.095555,0,0,0,0
0.097088,0,0,0,0
0.098471,0,0,0,0
0.099855,0,0,0,0
0.101241,0,0,0,0
0.102636,0,0,0,0
0.104059,0,0,0,0
0.105452,0,0,0,0
0.106937,0,0,0,0
0.108421,0,0,0,0
0.110035,0,0,0,0
0.111578,0,0,0,0
0.113194,0,0,0,0
0.114461,0,0,0,0
0.115592,0,0,0,0
0.116737,0,0,0,0
0.119335,0,0,0,0
0.120916,0,0,0,0
0.122344,0,0,0,0
0.123747,0,0,0,0
0.125175,0,0,0,0
0.126556,0,0,0,0
0.127954,0,0,0,0
0.129375,0,0,0,0
0.130793,0,0,0,0
0.132212,0,0,0,0
0.133630,0,0,0,0
0.135058,0,0,0,0
0.136530,0,0,0,0
0.137944,0,0,0,0
0.139362,0,0,0,0
0.141897,0,0,0,0
0.144395,0,0,0,0
0.145871,0,0,0,0
0.147220,0,0,0,0
0.148569,0,0,0,0
0.149912,0,0,0,0
0.151251,0,0,0,0
0.152610,0,0,0,0
0.154221,0,0,0,0
0.155634,0,0,0,0
0.157056,0,0,0,0
0.158471,0,0,0,0
0.159930,0,0,0,0
0.161348,0,0,0,0
0.162765,0,0,0,0
0.164236,0,0,0,0
0.165655,0,0,0,0
0.167148,0,0,0,0
0.168605,0,0,0,0
0.170068,0,0,0,0
0.171610,0,0,0,0
0.173031,0,0,0,0
0.174453,0,0,0,0
0.175915,0,0,0,0
0.177347,0,0,0,0
0.179008,0,0,0,0
0.180487,0,0,0,0
0.181992,0,0,0,0
0.183413,0,0,0,0
0.184834,0,0,0,0
0.186261,0,0,0,0
0.187697,0,0,0,0
0.189219,0,0,0,0
0.190679,0,0,0,0
0.192155,0,0,0,0
0.193580,0,0,0,0
0.195002,0,0,0,0
0.196425,0,0,0,0
0.197865,0,0,0,0
0.199283,0,0,0,0
0.200824,0,0,0,0
0.202242,0,0,0,0
0.203658,0,0,0,0
0.205123,0,0,0,0
0.206699,0,0,0,0
0.208221,0,0,0,0
0.209789,0,0,0,0
0.211387,0,0,0,0
0.212985,0,0,0,0
0.214581,0,0,0,0
0.216226,0,0,0,0
0.217823,0,0,0,0
0.219434,0,0,0,0
0.221032,0,0,0,0
0.222631,0,0,0,0
0.224276,0,0,0,0
0.225935,0,0,0,0
0.227521,0,0,0,0
0.228978,0,0,0,0
0.230523,0,0,0,0
0.232135,0,0,0,0
0.233593,0,0,0,0
0.235159,0,0,0,0
0.236758,0,0,0,0
0.238345,0,0,0,0
0.239979,0,0,0,0
0.241449,0,0,0,0
0.242930,0,0,0,0
0.244500,0,0,0,0
0.246103,0,0,0,0
0.247696,0,0,0,0
0.249168,0,0,0,0
0.250735,0,0,0,0
0.252209,0,0,0,0
0.253777,0,0,0,0
0.255374,0,0,0,0
0.256972,0,0,0,0
0.258568,0,0,0,0
0.260163,0,0,0,0
0.261760,0,0,0,0
0.263237,0,0,0,0
0.264808,0,0,0,0
0.266406,0,0,0,0
0.268000,0,0,0,0
0.269597,0,0,0,0
0.271194,0,0,0,0
0.272793,0,0,0,0
0.274405,0,0,0,0
0.276000,0,0,0,0
0.277596,0,0,0,0
0.279193,0,0,0,0
0.280794,0,0,0,0
0.282391,0,0,0,0
0.283986,0,0,0,0
0.285595,0,0,0,0
0.287181,0,0,0,0
0.288861,0,0,0,0
0.290652,0,0,0,0
0.292208,0,0,0,0
0.293662,0,0,0,0
0.295228,0,0,0,0
0.296840,0,0,0,0
0.298437,0,0,0,0
0.300032,0,0,0,0
0.301627,0,0,0,0
0.303223,0,0,0,0
0.304822,0,0,0,0
0.306417,0,0,0,0
0.308025,0,0,0,0
0.309620,0,0,0,0
0.311215,0,0,0,0
0.312815,0,0,0,0
0.314410,0,0,0,0
0.316004,0,0,0,0
0.317600,0,0,0,0
0.319209,0,0,0,0
0.320809,0,0,0,0
0.322405,0,0,0,0
0.323999,0,0,0,0
0.325463,0,0,0,0
0.327030,0,0,0,0
0.328623,0,0,0,0
0.330343,0,0,0,0
0.331772,0,0,0,0
0.333334,0,0,0,0
0.334929,0,0,0,0
0.336569,0,0,0,0
0.338167,0,0,0,0
0.339761,0,0,0,0
0.341238,0,0,0,0
0.342799,0,0,0,0
0.344263,0,0,0,0
0.345835,0,0,0,0
0.347421,0,0,0,0
0.348873,0,0,0,0
0.350407,0,0,0,0
0.352027,0,0,0,0
0.353486,0,0,0,0
0.355052,0,0,0,0
0.356722,0,0,0,0
0.358382,0,0,0,0
0.360025,0,0,0,0
0.361622,0,0,0,0
0.363233,0,0,0,0
0.364833,0,0,0,0
0.366431,0,0,0,0
0.368135,0,0,0,0
0.369734,0,0,0,0
0.371332,0,0,0,0
0.372932,0,0,0,0
0.374415,0,0,0,0
0.376123,0,0,0,0
0.377801,0,0,0,0
0.379480,0,0,0,0
0.381159,0,0,0,0
0.382690,0,0,0,0
0.384250,0,0,0,0
0.386060,0,0,0,0
0.387545,0,0,0,0
0.389032,0,0,0,0
0.390522,0,0,0,0
0.392067,0,0,0,0
0.393557,0,0,0,0
0.395197,0,0,0,0
0.396894,0,0,0,0
0.398572,0,0,0,0
0.400309,0,0,0,0
0.401994,0,0,0,0
0.403489,0,0,0,0
0.404984,0,0,0,0
0.406477,0,0,0,0
0.408035,0,0,0,0
0.409544,0,0,0,0
0.411117,0,0,0,0
0.412833,0,0,0,0
0.414499,0,0,0,0
0.416085,0,0,0,0
0.417726,0,0,0,0
0.419269,0,0,0,0
0.420916,0,0,0,0
0.422594,0,0,0,0
0.424331,0,0,0,0
0.425866,0,0,0,0
0.427511,0,0,0,0
0.429043,0,0,0,0
0.430551,0,0,0,0
0.432209,0,0,0,0
0.433667,0,0,0,0
0.435192,0,0,0,0
0.436744,0,0,0,0
0.438295,0,0,0,0
0.439886,0,0,0,0
0.441450,0,0,0,0
0.442932,0,0,0,0
0.444425,0,0,0,0
0.445918,0,0,0,0
0.449560,0,0,0,0
0.451109,0,0,0,0
0.452620,0,0,0,0
0.454149,0,0,0,0
0.455636,0,0,0,0
0.457183,0,0,0,0
0.458850,0,0,0,0
0.460346,0,0,0,0
0.461800,0,0,0,0
0.463263,0,0,0,0
0.464738,0,0,0,0
0.466222,0,0,0,0
0.467703,0,0,0,0
0.469187,0,0,0,0
0.470661,0,0,0,0
0.472362,0,0,0,0
0.473908,0,0,0,0
0.475555,0,0,0,0
0.477234,0,0,0,0
0.478909,0,0,0,0
0.480770,0,0,0,0
0.482248,0,0,0,0
0.483743,0,0,0,0
0.485398,0,0,0,0
0.487078,0,0,0,0
0.488760,0,0,0,0
0.490437,0,0,0,0
0.492113,0,0,0,0
0.493790,0,0,0,0
0.495328,0,0,0,0
0.496860,0,0,0,0
0.498356,0,0,0,0
0.499845,0,0,0,0
0.501336,0,0,0,0
0.502779,0,0,0,0
0.504481,0,0,0,0
0.506218,0,0,0,0
0.507786,0,0,0,0
0.509385,0,0,0,0
0.510983,0,0,0,0
0.512624,0,0,0,0
0.514231,0,0,0,0
0.515660,0,0,0,0
0.517100,0,0,0,0
0.518525,0,0,0,0
0.519991,0,0,0,0
0.521417,0,0,0,0
0.522840,0,0,0,0
0.524263,0,0,0,0
0.525826,0,0,0,0
0.527427,0,0,0,0
0.529000,0,0,0,0
0.530473,0,0,0,0
0.532091,0,0,0,0
0.533551,0,0,0,0
0.535113,0,0,0,0
0.536707,0,0,0,0
0.538182,0,0,0,0
0.539744,0,0,0,0
0.541336,0,0,0,0
0.542926,0,0,0,0
0.544396,0,0,0,0
0.545971,0,0,0,0
0.547563,0,0,0,0
0.549174,0,0,0,0
0.550768,0,0,0,0
0.552407,0,0,0,0
0.553875,0,0,0,0
0.555433,0,0,0,0
0.556888,0,0,0,0
0.558450,0,0,0,0
0.560135,0,0,0,0
0.561660,0,0,0,0
0.563309,0,0,0,0
0.564987,0,0,0,0
0.566661,0,0,0,0
0.568396,0,0,0,0
0.569939,0,0,0,0
0.571485,0,0,0,0
0.573160,0,0,0,0
0.574717,0,0,0,0
0.576260,0,0,0,0
0.577897,0,0,0,0
0.579380,0,0,0,0
0.580882,0,0,0,0
0.582373,0,0,0,0
0.583918,0,0,0,0
0.585409,0,0,0,0
0.586892,0,0,0,0
0.588327,0,0,0,0
0.589942,0,0,0,0
0.591443,0,0,0,0
0.592929,0,0,0,0
0.594413,0,0,0,0
0.595902,0,0,0,0
0.597388,0,0,0,0
0.599028,0,0,0,0
0.600710,0,0,0,0
0.602403,0,0,0,0
0.604079,0,0,0,0
0.605755,0,0,0,0
0.607433,0,0,0,0
0.609112,0,0,0,0
0.610790,0,0,0,0
0.612481,0,0,0,0
0.614163,0,0,0,0
0.615901,0,0,0,0
0.617579,0,0,0,0
0.619257,0,0,0,0
0.620937,0,0,0,0
0.622631,0,0,0,0
0.624368,0,0,0,0
0.626050,0,0,0,0
0.627726,0,0,0,0
0.629407,0,0,0,0
0.631085,0,0,0,0
0.632629,0,0,0,0
0.634437,0,0,0,0
0.635963,0,0,0,0
0.637608,0,0,0,0
0.639286,0,0,0,0
0.640967,0,0,0,0
0.642645,0,0,0,0
0.644336,0,0,0,0
0.646014,0,0,0,0
0.647681,0,0,0,0
0.649268,0,0,0,0
0.650825,0,0,0,0
0.652494,0,0,0,0
0.654023,0,0,0,0
0.655676,0,0,0,0
0.657420,0,0,0,0
0.659095,0,0,0,0
0.660772,0,0,0,0
0.662449,0,0,0,0
0.664185,0,0,0,0
0.665939,0,0,0,0
0.667507,0,0,0,0
0.669102,0,0,0,0
0.670697,0,0,0,0
0.672337,0,0,0,0
0.673895,0,0,0,0
0.675324,0,0,0,0
0.676761,0,0,0,0
0.678185,0,0,0,0
0.679607,0,0,0,0
0.681073,0,0,0,0
0.682496,0,0,0,0
0.683917,0,0,0,0
0.685478,0,0,0,0
0.687088,0,0,0,0
0.688688,0,0,0,0
0.690309,0,0,0,0
0.691830,0,0,0,0
0.693265,0,0,0,0
0.694696,0,0,0,0
0.696167,0,0,0,0
0.697607,0,0,0,0
0.699095,0,0,0,0
0.700738,0,0,0,0
0.702414,0,0,0,0
0.704216,0,0,0,0
0.705878,0,0,0,0
0.707517,0,0,0,0
0.709052,0,0,0,0
0.710808,0,0,0,0
0.712380,0,0,0,0
0.713879,0,0,0,0
0.715518,0,0,0,0
0.717197,0,0,0,0
0.718874,0,0,0,0
0.720623,0,0,0,0
0.722331,0,0,0,0
0.723974,0,0,0,0
0.725651,0,0,0,0
0.727327,0,0,0,0
0.729003,0,0,0,0
0.730695,0,0,0,0
0.732367,0,0,0,0
0.734047,0,0,0,0
0.735721,0,0,0,0
0.737463,0,0,0,0
0.739140,0,0,0,0
0.740831,0,0,0,0
0.742522,0,0,0,0
0.744145,0,0,0,0
0.745662,0,0,0,0
0.747314,0,0,0,0
0.748995,0,0,0,0
0.750663,0,0,0,0
0.752259,0,0,0,0
0.753923,0,0,0,0
0.755454,0,0,0,0
0.756947,0,0,0,0
0.758438,0,0,0,0
0.759984,0,0,0,0
0.761473,0,0,0,0
0.762973,0,0,0,0
0.764614,0,0,0,0
0.766182,0,0,0,0
0.767667,0,0,0,0
0.769216,0,0,0,0
0.770796,0,0,0,0
0.772469,0,0,0,0
0.774057,0,0,0,0
0.775706,0,0,0,0
0.777451,0,0,0,0
0.779130,0,0,0,0
0.780811,0,0,0,0
0.782490,0,0,0,0
0.784229,0,0,0,0
0.786010,0,0,0,0
0.787687,0,0,0,0
0.789368,0,0,0,0
0.791047,0,0,0,0
0.792729,0,0,0,0
0.794409,0,0,0,0
0.795952,0,0,0,0
0.797602,0,0,0,0
0.799280,0,0,0,0
0.800962,0,0,0,0
0.802641,0,0,0,0
0.804319,0,0,0,0
0.805983,0,0,0,0
0.807630,0,0,0,0
0.809376,0,0,0,0
0.811055,0,0,0,0
0.812735,0,0,0,0
0.814414,0,0,0,0
0.816153,0,0,0,0
0.817695,0,0,0,0
0.819344,0,0,0,0
0.821024,0,0,0,0
0.822704,0,0,0,0
0.824442,0,0,0,0
0.826143,0,0,0,0
0.827809,0,0,0,0
0.829469,0,0,0,0
0.831013,0,0,0,0
0.832561,0,0,0,0
0.834109,0,0,0,0
0.835600,0,0,0,0
0.837093,0,0,0,0
0.838582,0,0,0,0
0.840136,0,0,0,0
0.841628,0,0,0,0
0.843119,0,0,0,0
0.844607,0,0,0,0
0.846071,0,0,0,0
0.847533,0,0,0,0
0.849231,0,0,0,0
0.850926,0,0,0,0
0.852602,0,0,0,0
0.854350,0,0,0,0
0.856090,0,0,0,0
0.857769,0,0,0,0
0.859450,0,0,0,0
0.860996,0,0,0,0
0.862645,0,0,0,0
0.864383,0,0,0,0
0.866064,0,0,0,0
0.867743,0,0,0,0
0.869497,0,0,0,0
0.871042,0,0,0,0
0.872750,0,0,0,0
0.874260,0,0,0,0
0.875750,0,0,0,0
0.877240,0,0,0,0
0.878882,0,0,0,0
0.880621,0,0,0,0
0.882481,0,0,0,0
0.884136,0,0,0,0
0.885592,0,0,0,0
0.887164,0,0,0,0
0.888922,0,0,0,0
0.890461,0,0,0,0
0.891925,0,0,0,0
0.893423,0,0,0,0
0.895063,0,0,0,0
0.896731,0,0,0,0
0.898463,0,0,0,0
0.900002,0,0,0,0
0.901636,0,0,0,0
0.903221,0,0,0,0
0.904833,0,0,0,0
0.906312,0,0,0,0
0.907776,0,0,0,0
0.909241,0,0,0,0
0.910702,0,0,0,0
0.912225,0,0,0,0
0.913840,0,0,0,0
0.915535,0,0,0,0
0.917216,0,0,0,0
0.918896,0,0,0,0
0.920731,0,0,0,0
0.922433,0,0,0,0
0.924109,0,0,0,0
0.925651,0,0,0,0
0.927299,0,0,0,0
0.928983,0,0,0,0
0.930662,0,0,0,0
0.932339,0,0,0,0
0.934022,0,0,0,0
0.935699,0,0,0,0
0.937462,0,0,0,0
0.939142,0,0,0,0
0.940822,0,0,0,0
0.942491,0,0,0,0
0.944221,0,0,0,0
0.945948,0,0,0,0
0.947601,0,0,0,0
0.949124,0,0,0,0
0.950597,0,0,0,0
0.952297,0,0,0,0
0.954162,0,0,0,0
0.956987,0,0,0,0
0.958580,0,0,0,0
0.960147,0,0,0,0
0.961639,0,0,0,0
0.963123,0,0,0,0
0.964604,0,0,0,0
0.966117,0,0,0,0
0.967579,0,0,0,0
0.969139,0,0,0,0
0.970632,0,0,0,0
0.972122,0,0,0,0
0.973613,0,0,0,0
0.975103,0,0,0,0
0.976648,0,0,0,0
0.978289,0,0,0,0
0.979982,0,0,0,0
0.981663,0,0,0,0
0.983341,0,0,0,0
0.985021,0,0,0,0
0.986700,0,0,0,0
0.988379,0,0,0,0
0.989930,0,0,0,0
0.991575,0,0,0,0
0.993259,0,0,0,0
0.994938,0,0,0,0
0.996617,0,0,0,0
0.998476,0,0,0,0
1.000228,0,0,0,0
1.001965,0,0,0,0
1.003640,0,0,0,0
1.005315,0,0,0,0
1.006983,0,0,0,0
1.008795,0,0,0,0
1.010471,0,0,0,0
1.011970,0,0,0,0
1.013529,0,0,0,0
1.015019,0,0,0,0
1.016572,0,0,0,0
1.018062,0,0,0,0
1.019702,0,0,0,0
1.021247,0,0,0,0
1.022740,0,0,0,0
1.024289,0,0,0,0
1.025894,0,0,0,0
1.027381,0,0,0,0
1.028870,0,0,0,0
1.030509,0,0,0,0
1.032272,0,0,0,0
1.033939,0,0,0,0
1.035431,0,0,0,0
1.036960,0,0,0,0
1.038455,0,0,0,0
1.039952,0,0,0,0
1.041435,0,0,0,0
1.042931,0,0,0,0
1.044414,0,0,0,0
1.045961,0,0,0,0
1.047450,0,0,0,0
1.049093,0,0,0,0
1.050774,0,0,0,0
1.052453,0,0,0,0
1.054160,0,0,0,0
1.055657,0,0,0,0
1.057213,0,0,0,0
1.058704,0,0,0,0
1.060194,0,0,0,0
1.061681,0,0,0,0
1.063322,0,0,0,0
1.064872,0,0,0,0
1.066364,0,0,0,0
1.067849,0,0,0,0
1.069547,0,0,0,0
1.071085,0,0,0,0
1.072679,0,0,0,0
1.074207,0,0,0,0
1.075866,0,0,0,0
1.077364,0,0,0,0
1.078854,0,0,0,0
1.080398,0,0,0,0
1.081891,0,0,0,0
1.083379,0,0,0,0
1.084869,0,0,0,0
1.086367,0,0,0,0
1.088066,0,0,0,0
1.089745,0,0,0,0
1.091424,0,0,0,0
1.093104,0,0,0,0
1.094783,0,0,0,0
1.096521,0,0,0,0
1.098220,0,0,0,0
1.099911,0,0,0,0
1.101590,0,0,0,0
1.103269,0,0,0,0
1.104952,0,0,0,0
1.106633,0,0,0,0
1.108179,0,0,0,0
1.109830,0,0,0,0
1.111510,0,0,0,0
1.113256,0,0,0,0
1.114936,0,0,0,0
1.116614,0,0,0,0
1.118267,0,0,0,0
1.119827,0,0,0,0
1.121323,0,0,0,0
1.122815,0,0,0,0
1.124305,0,0,0,0
1.125893,0,0,0,0
1.127376,0,0,0,0
1.128922,0,0,0,0
1.130529,0,0,0,0
1.132013,0,0,0,0
1.133552,0,0,0,0
1.135192,0,0,0,0
1.136874,0,0,0,0
1.138554,0,0,0,0
1.140244,0,0,0,0
1.142043,0,0,0,0
1.143762,0,0,0,0
1.145507,0,0,0,0
1.147155,0,0,0,0
1.148661,0,0,0,0
1.150172,0,0,0,0
1.151663,0,0,0,0
1.153219,0,0,0,0
1.154707,0,0,0,0
1.156347,0,0,0,0
1.158030,0,0,0,0
1.159706,0,0,0,0
1.161465,0,0,0,0
1.163143,0,0,0,0
1.164823,0,0,0,0
1.166501,0,0,0,0
1.168240,0,0,0,0
1.169882,0,0,0,0
1.171537,0,0,0,0
1.173215,0,0,0,0
1.174895,0,0,0,0
1.176722,0,0,0,0
1.178421,0,0,0,0
1.180097,0,0,0,0
1.182071,0,0,0,0
1.183710,0,0,0,0
1.185299,0,0,0,0
1.186821,0,0,0,0
1.188304,0,0,0,0
1.190068,0,0,0,0
1.191563,0,0,0,0
1.193119,0,0,0,0
1.194603,0,0,0,0
1.196086,0,0,0,0
1.197543,0,0,0,0
1.199184,0,0,0,0
1.200866,0,0,0,0
1.202580,0,0,0,0
1.204199,0,0,0,0
1.206108,0,0,0,0
1.207566,0,0,0,0
1.209032,0,0,0,0
1.210552,0,0,0,0
1.212071,0,0,0,0
1.213638,0,0,0,0
1.215176,0,0,0,0
1.216736,0,0,0,0
1.218216,0,0,0,0
1.219658,0,0,0,0
1.221157,0,0,0,0
1.222619,0,0,0,0
1.224087,0,0,0,0
1.225598,0,0,0,0
1.227085,0,0,0,0
1.228569,0,0,0,0
1.230127,0,0,0,0
1.231611,0,0,0,0
1.233095,0,0,0,0
1.234586,0,0,0,0
1.236087,0,0,0,0
1.237580,0,0,0,0
1.239071,0,0,0,0
1.240616,0,0,0,0
1.242125,0,0,0,0
1.243607,0,0,0,0
1.245093,0,0,0,0
1.246778,0,0,0,0
1.248335,0,0,0,0
1.250006,0,0,0,0
1.251497,0,0,0,0
1.252988,0,0,0,0
1.254483,0,0,0,0
1.256188,0,0,0,0
1.257815,0,0,0,0
1.259464,0,0,0,0
1.261147,0,0,0,0
1.262817,0,0,0,0
1.264546,0,0,0,0
1.266291,0,0,0,0
1.267818,0,0,0,0
1.269312,0,0,0,0
1.270802,0,0,0,0
1.272291,0,0,0,0
1.273882,0,0,0,0
1.275370,0,0,0,0
1.276861,0,0,0,0
1.278364,0,0,0,0
1.279910,0,0,0,0
1.281402,0,0,0,0
1.282894,0,0,0,0
1.284384,0,0,0,0
1.285816,0,0,0,0
1.287456,0,0,0,0
1.289215,0,0,0,0
1.290895,0,0,0,0
1.292574,0,0,0,0
1.294257,0,0,0,0
1.295997,0,0,0,0
1.297677,0,0,0,0
1.299225,0,0,0,0
1.300876,0,0,0,0
1.302546,0,0,0,0
1.304275,0,0,0,0
1.306026,0,0,0,0
1.307523,0,0,0,0
1.309238,0,0,0,0
1.310922,0,0,0,0
1.312665,0,0,0,0
1.314335,0,0,0,0
1.316004,0,0,0,0
1.317527,0,0,0,0
1.319174,0,0,0,0
1.320856,0,0,0,0
1.322549,0,0,0,0
1.324225,0,0,0,0
1.325875,0,0,0,0
1.327524,0,0,0,0
1.329266,0,0,0,0
1.330945,0,0,0,0
1.332725,0,0,0,0
1.334424,0,0,0,0
1.336162,0,0,0,0
1.337840,0,0,0,0
1.339515,0,0,0,0
1.341195,0,0,0,0
1.342740,0,0,0,0
1.344445,0,0,0,0
1.346162,0,0,0,0
1.347760,0,0,0,0
1.349264,0,0,0,0
1.350755,0,0,0,0
1.352303,0,0,0,0
1.353902,0,0,0,0
1.355393,0,0,0,0
1.356884,0,0,0,0
1.358375,0,0,0,0
1.359920,0,0,0,0
1.361356,0,0,0,0
1.362988,0,0,0,0
1.364526,0,0,0,0
1.366101,0,0,0,0
1.367741,0,0,0,0
1.369231,0,0,0,0
1.370720,0,0,0,0
1.372208,0,0,0,0
1.373684,0,0,0,0
1.375245,0,0,0,0
1.376807,0,0,0,0
1.378397,0,0,0,0
1.379962,0,0,0,0
1.381552,0,0,0,0
1.383112,0,0,0,0
1.384770,0,0,0,0
1.386315,0,0,0,0
1.387962,0,0,0,0
1.389641,0,0,0,0
1.391319,0,0,0,0
1.392999,0,0,0,0
1.394676,0,0,0,0
1.396351,0,0,0,0
1.398046,0,0,0,0
1.399720,0,0,0,0
1.401468,0,0,0,0
1.403149,0,0,0,0
1.404831,0,0,0,0
1.406513,0,0,0,0
1.408120,0,0,0,0
1.409771,0,0,0,0
1.411451,0,0,0,0
1.413133,0,0,0,0
1.414812,0,0,0,0
1.416551,0,0,0,0
1.418252,0,0,0,0
1.419931,0,0,0,0
1.421611,0,0,0,0
1.423281,0,0,0,0
1.424990,0,0,0,0
1.426541,0,0,0,0
1.428160,0,0,0,0
1.429671,0,0,0,0
1.431167,0,0,0,0
1.432716,0,0,0,0
1.434358,0,0,0,0
1.436034,0,0,0,0
1.437714,0,0,0,0
1.439408,0,0,0,0
1.441088,0,0,0,0
1.442623,0,0,0,0
1.444274,0,0,0,0
1.446070,0,0,0,0
1.447748,0,0,0,0
1.449316,0,0,0,0
1.450966,0,0,0,0
1.452734,0,0,0,0
1.454426,0,0,0,0
1.456157,0,0,0,0
1.457682,0,0,0,0
1.459181,0,0,0,0
1.460728,0,0,0,0
1.462221,0,0,0,0
1.463712,0,0,0,0
1.465261,0,0,0,0
1.466902,0,0,0,0
1.468579,0,0,0,0
1.470845,0,0,0,0
1.472421,0,0,0,0
1.473925,0,0,0,0
1.475417,0,0,0,0
1.476909,0,0,0,0
1.478400,0,0,0,0
1.479952,0,0,0,0
1.481596,0,0,0,0
1.483130,0,0,0,0
1.484617,0,0,0,0
1.486212,0,0,0,0
1.487761,0,0,0,0
1.489184,0,0,0,0
1.490607,0,0,0,0
1.492030,0,0,0,0
1.493413,0,0,0,0
1.494976,0,0,0,0
1.496621,0,0,0,0
1.498365,0,0,0,0
1.499961,0,0,0,0
1.501558,0,0,0,0
1.503155,0,0,0,0
1.504769,0,0,0,0
1.506366,0,0,0,0
1.507963,0,0,0,0
1.509558,0,0,0,0
1.511170,0,0,0,0
1.512850,0,0,0,0
1.514525,0,0,0,0
1.516065,0,0,0,0
1.517709,0,0,0,0
1.519375,0,0,0,0
1.521142,0,0,0,0
1.522658,0,0,0,0
1.524148,0,0,0,0
1.525639,0,0,0,0
1.527139,0,0,0,0
1.528686,0,0,0,0
1.530224,0,0,0,0
1.531863,0,0,0,0
1.533493,0,0,0,0
1.535153,0,0,0,0
1.536846,0,0,0,0
1.538350,0,0,0,0
1.539844,0,0,0,0
1.541336,0,0,0,0
1.542822,0,0,0,0
1.544365,0,0,0,0
1.545958,0,0,0,0
1.547445,0,0,0,0
1.549169,0,0,0,0
1.550837,0,0,0,0
1.552574,0,0,0,0
1.554135,0,0,0,0
1.555779,0,0,0,0
1.557304,0,0,0,0
1.558953,0,0,0,0
1.560496,0,0,0,0
1.562147,0,0,0,0
1.563828,0,0,0,0
1.565507,0,0,0,0
1.567185,0,0,0,0
1.568865,0,0,0,0
1.570541,0,0,0,0
1.572306,0,0,0,0
1.574001,0,0,0,0
1.575492,0,0,0,0
1.577041,0,0,0,0
1.578527,0,0,0,0
1.580011,0,0,0,0
1.581497,0,0,0,0
1.582999,0,0,0,0
1.584545,0,0,0,0
1.586041,0,0,0,0
1.587531,0,0,0,0
1.589023,0,0,0,0
1.590451,0,0,0,0
1.592155,0,0,0,0
1.593701,0,0,0,0
1.595351,0,0,0,0
1.597032,0,0,0,0
1.598713,0,0,0,0
1.600453,0,0,0,0
1.602154,0,0,0,0
1.603824,0,0,0,0
1.605523,0,0,0,0
1.607102,0,0,0,0
1.608825,0,0,0,0
1.610492,0,0,0,0
1.612019,0,0,0,0
1.613667,0,0,0,0
1.615349,0,0,0,0
1.617102,0,0,0,0
1.618783,0,0,0,0
1.620460,0,0,0,0
1.622148,0,0,0,0
1.623858,0,0,0,0
1.625539,0,0,0,0
1.627085,0,0,0,0
1.628735,0,0,0,0
1.630413,0,0,0,0
1.632153,0,0,0,0
1.633835,0,0,0,0
1.635515,0,0,0,0
1.637198,0,0,0,0
1.638894,0,0,0,0
1.640724,0,0,0,0
1.642426,0,0,0,0
1.644105,0,0,0,0
1.645784,0,0,0,0
1.647466,0,0,0,0
1.649078,0,0,0,0
1.650729,0,0,0,0
1.652408,0,0,0,0
1.654092,0,0,0,0
1.655771,0,0,0,0
1.657473,0,0,0,0
1.659153,0,0,0,0
1.660850,0,0,0,0
1.662520,0,0,0,0
1.664251,0,0,0,0
1.665921,0,0,0,0
1.667412,0,0,0,0
1.669060,0,0,0,0
1.670739,0,0,0,0
1.672344,0,0,0,0
1.674132,0,0,0,0
1.675810,0,0,0,0
1.677491,0,0,0,0
1.679172,0,0,0,0
1.680855,0,0,0,0
1.682550,0,0,0,0
1.684229,0,0,0,0
1.686033,0,0,0,0
1.687712,0,0,0,0
1.689457,0,0,0,0
1.690989,0,0,0,0
1.692824,0,0,0,0
1.694344,0,0,0,0
1.696045,0,0,0,0
1.697568,0,0,0,0
1.699207,0,0,0,0
1.700980,0,0,0,0
1.702663,0,0,0,0
1.704471,0,0,0,0
1.706008,0,0,0,0
1.707655,0,0,0,0
1.709334,0,0,0,0
1.711008,0,0,0,0
1.712575,0,0,0,0
1.714236,0,0,0,0
1.715915,0,0,0,0
1.717595,0,0,0,0
1.719276,0,0,0,0
1.720961,0,0,0,0
1.722632,0,0,0,0
1.724316,0,0,0,0
1.726212,0,0,0,0
1.727722,0,0,0,0
1.729277,0,0,0,0
1.730765,0,0,0,0
1.732254,0,0,0,0
1.733816,0,0,0,0
1.735314,0,0,0,0
1.737019,0,0,0,0
1.738698,0,0,0,0
1.740374,0,0,0,0
1.742055,0,0,0,0
1.743588,0,0,0,0
1.745302,0,0,0,0
1.746993,0,0,0,0
1.748580,0,0,0,0
1.750243,0,0,0,0
1.751985,0,0,0,0
1.753664,0,0,0,0
1.755345,0,0,0,0
1.756894,0,0,0,0
1.758542,0,0,0,0
1.760279,0,0,0,0
1.762080,0,0,0,0
1.763757,0,0,0,0
1.765439,0,0,0,0
1.767134,0,0,0,0
1.768817,0,0,0,0
1.770499,0,0,0,0
1.772177,0,0,0,0
1.773705,0,0,0,0
1.775344,0,0,0,0
1.776868,0,0,0,0
1.778415,0,0,0,0
1.779910,0,0,0,0
1.781404,0,0,0,0
1.782890,0,0,0,0
1.784429,0,0,0,0
1.785961,0,0,0,0
1.787601,0,0,0,0
1.789178,0,0,0,0
1.790852,0,0,0,0
1.792591,0,0,0,0
1.794339,0,0,0,0
1.796018,0,0,0,0
1.797670,0,0,0,0
1.799273,0,0,0,0
1.800892,0,0,0,0
1.802571,0,0,0,0
1.804250,0,0,0,0
1.806047,0,0,0,0
1.807725,0,0,0,0
1.809437,0,0,0,0
1.811119,0,0,0,0
1.812800,0,0,0,0
1.814480,0,0,0,0
1.816220,0,0,0,0
1.817861,0,0,0,0
1.819519,0,0,0,0
1.821202,0,0,0,0
1.822883,0,0,0,0
1.824623,0,0,0,0
1.826464,0,0,0,0
1.828144,0,0,0,0
1.829710,0,0,0,0
1.831256,0,0,0,0
1.832759,0,0,0,0
1.834288,0,0,0,0
1.835780,0,0,0,0
1.837269,0,0,0,0
1.838761,0,0,0,0
1.840329,0,0,0,0
1.841926,0,0,0,0
1.843555,0,0,0,0
1.845075,0,0,0,0
1.846653,0,0,0,0
1.848237,0,0,0,0
1.849990,0,0,0,0
1.851596,0,0,0,0
1.853189,0,0,0,0
1.854773,0,0,0,0
1.856399,0,0,0,0
1.857946,0,0,0,0
1.859436,0,0,0,0
1.860982,0,0,0,0
1.862820,0,0,0,0
1.864362,0,0,0,0
1.866037,0,0,0,0
1.867529,0,0,0,0
1.869022,0,0,0,0
1.870513,0,0,0,0
1.872057,0,0,0,0
1.873567,0,0,0,0
1.875209,0,0,0,0
1.876890,0,0,0,0
1.878570,0,0,0,0
1.880310,0,0,0,0
1.882135,0,0,0,0
1.883677,0,0,0,0
1.885328,0,0,0,0
1.887008,0,0,0,0
1.888691,0,0,0,0
1.890371,0,0,0,0
1.892049,0,0,0,0
1.893729,0,0,0,0
1.895425,0,0,0,0
1.897107,0,0,0,0
1.898788,0,0,0,0
1.900465,0,0,0,0
1.902310,0,0,0,0
1.903861,0,0,0,0
1.905509,0,0,0,0
1.907084,0,0,0,0
1.908569,0,0,0,0
1.910113,0,0,0,0
1.911600,0,0,0,0
1.913084,0,0,0,0
1.914722,0,0,0,0
1.916407,0,0,0,0
1.918088,0,0,0,0
1.919761,0,0,0,0
1.921457,0,0,0,0
1.923135,0,0,0,0
1.924855,0,0,0,0
1.926395,0,0,0,0
1.928102,0,0,0,0
1.929777,0,0,0,0
1.931442,0,0,0,0
1.933122,0,0,0,0
1.934798,0,0,0,0
1.936537,0,0,0,0
1.938232,0,0,0,0
1.939909,0,0,0,0
1.941587,0,0,0,0
1.943264,0,0,0,0
1.944943,0,0,0,0
1.946619,0,0,0,0
1.948163,0,0,0,0
1.949816,0,0,0,0
1.951494,0,0,0,0
1.953237,0,0,0,0
1.954915,0,0,0,0
1.956592,0,0,0,0
1.958259,0,0,0,0
1.959758,0,0,0,0
1.961409,0,0,0,0
1.963079,0,0,0,0
1.964855,0,0,0,0
1.966396,0,0,0,0
1.968066,0,0,0,0
1.969568,0,0,0,0
1.971062,0,0,0,0
1.972552,0,0,0,0
1.974046,0,0,0,0
1.975687,0,0,0,0
1.977434,0,0,0,0
1.979114,0,0,0,0
1.980810,0,0,0,0
1.982490,0,0,0,0
1.984232,0,0,0,0
1.986027,0,0,0,0
1.987706,0,0,0,0
1.989389,0,0,0,0
1.990934,0,0,0,0
1.992733,0,0,0,0
1.994435,0,0,0,0
1.996113,0,0,0,0
1.997793,0,0,0,0
1.999473,0,0,0,0
2.001234,0,0,0,0
2.002915,0,0,0,0
2.004595,0,0,0,0
2.006180,0,0,0,0
2.007889,0,0,0,0
2.009569,0,0,0,0
2.011116,0,0,0,0
2.012767,0,0,0,0
2.014447,0,0,0,0
2.016189,0,0,0,0
2.017716,0,0,0,0
2.019363,0,0,0,0
2.021044,0,0,0,0
2.022729,0,0,0,0
2.024459,0,0,0,0
2.026140,0,0,0,0
2.027895,0,0,0,0
2.029416,0,0,0,0
2.031055,0,0,0,0
2.032592,0,0,0,0
2.034095,0,0,0,0
2.035739,0,0,0,0
2.037466,0,0,0,0
2.039021,0,0,0,0
2.040574,0,0,0,0
2.042163,0,0,0,0
2.043666,0,0,0,0
2.045159,0,0,0,0
2.046650,0,0,0,0
2.048352,0,0,0,0
2.050036,0,0,0,0
2.051714,0,0,0,0
2.053397,0,0,0,0
2.054943,0,0,0,0
2.056774,0,0,0,0
2.058271,0,0,0,0
2.059767,0,0,0,0
2.061413,0,0,0,0
2.063093,0,0,0,0
2.064775,0,0,0,0
2.066322,0,0,0,0
2.067818,0,0,0,0
2.069313,0,0,0,0
2.070806,0,0,0,0
2.072358,0,0,0,0
2.073851,0,0,0,0
2.075492,0,0,0,0
2.077040,0,0,0,0
2.078689,0,0,0,0
2.080428,0,0,0,0
2.082107,0,0,0,0
2.083776,0,0,0,0
2.085302,0,0,0,0
2.086895,0,0,0,0
2.088435,0,0,0,0
2.089949,0,0,0,0
2.091615,0,0,0,0
2.093294,0,0,0,0
2.094974,0,0,0,0
2.096957,0,0,0,0
2.098592,0,0,0,0
2.100095,0,0,0,0
2.101742,0,0,0,0
2.103423,0,0,0,0
2.105103,0,0,0,0
2.106783,0,0,0,0
2.108461,0,0,0,0
2.110057,0,0,0,0
2.111555,0,0,0,0
2.113113,0,0,0,0
2.114606,0,0,0,0
2.116095,0,0,0,0
2.117585,0,0,0,0
2.119227,0,0,0,0
2.120778,0,0,0,0
2.122427,0,0,0,0
2.124106,0,0,0,0
2.125786,0,0,0,0
2.127466,0,0,0,0
2.129211,0,0,0,0
2.130891,0,0,0,0
2.132583,0,0,0,0
2.134332,0,0,0,0
2.136072,0,0,0,0
2.137751,0,0,0,0
2.139431,0,0,0,0
2.141113,0,0,0,0
2.142652,0,0,0,0
2.144350,0,0,0,0
2.146011,0,0,0,0
2.147500,0,0,0,0
2.149083,0,0,0,0
2.150726,0,0,0,0
2.152465,0,0,0,0
2.154239,0,0,0,0
2.155915,0,0,0,0
2.157592,0,0,0,0
2.159270,0,0,0,0
2.160951,0,0,0,0
2.162630,0,0,0,0
2.164172,0,0,0,0
2.165821,0,0,0,0
2.167499,0,0,0,0
2.169242,0,0,0,0
2.170921,0,0,0,0
2.172597,0,0,0,0
2.174356,0,0,0,0
2.176095,0,0,0,0
2.177772,0,0,0,0
2.179447,0,0,0,0
2.181139,0,0,0,0
2.182827,0,0,0,0
2.184423,0,0,0,0
2.185936,0,0,0,0
2.187422,0,0,0,0
2.188907,0,0,0,0
2.190391,0,0,0,0
2.192085,0,0,0,0
2.193612,0,0,0,0
2.195273,0,0,0,0
2.196955,0,0,0,0
2.198635,0,0,0,0
2.200375,0,0,0,0
2.202055,0,0,0,0
2.203723,0,0,0,0
2.205263,0,0,0,0
2.206857,0,0,0,0
2.208584,0,0,0,0
2.210433,0,0,0,0
2.212112,0,0,0,0
2.213792,0,0,0,0
2.215486,0,0,0,0
2.217233,0,0,0,0
2.218914,0,0,0,0
2.220590,0,0,0,0
2.222331,0,0,0,0
2.224063,0,0,0,0
2.225748,0,0,0,0
2.227386,0,0,0,0
2.228867,0,0,0,0
2.230352,0,0,0,0
2.231876,0,0,0,0
2.233348,0,0,0,0
2.234838,0,0,0,0
2.236396,0,0,0,0
2.237833,0,0,0,0
2.239311,0,0,0,0
2.240815,0,0,0,0
2.242286,0,0,0,0
2.243762,0,0,0,0
2.245261,0,0,0,0
2.246794,0,0,0,0
2.248306,0,0,0,0
2.249984,0,0,0,0
2.251539,0,0,0,0
2.252995,0,0,0,0
2.254455,0,0,0,0
2.255966,0,0,0,0
2.257445,0,0,0,0
2.258909,0,0,0,0
2.260464,0,0,0,0
2.261936,0,0,0,0
2.263349,0,0,0,0
2.264779,0,0,0,0
2.266167,0,0,0,0
2.267614,0,0,0,0
2.269055,0,0,0,0
2.270448,0,0,0,0
2.271905,0,0,0,0
2.273336,0,0,0,0
2.274737,0,0,0,0
2.276130,0,0,0,0
2.277565,0,0,0,0
2.279008,0,0,0,0
2.280437,0,0,0,0
2.281810,0,0,0,0
2.283180,0,0,0,0
2.284538,0,0,0,0
2.285936,0,0,0,0
2.287487,0,0,0,0
2.288877,0,0,0,0
2.290281,0,0,0,0
2.291855,0,0,0,0
2.293245,0,0,0,0
2.294634,0,0,0,0
2.296061,0,0,0,0
2.297447,0,0,0,0
2.298832,0,0,0,0
2.300224,0,0,0,0
2.301782,0,0,0,0
2.303247,0,0,0,0
2.304824,0,0,0,0
2.306239,0,0,0,0
2.307655,0,0,0,0
2.309136,0,0,0,0
2.310620,0,0,0,0
2.312121,0,0,0,0
2.313729,0,0,0,0
2.315152,0,0,0,0
2.316569,0,0,0,0
2.318089,0,0,0,0
2.319639,0,0,0,0
2.321234,0,0,0,0
2.322807,0,0,0,0
2.324358,0,0,0,0
2.327019,0,0,0,0
2.328495,0,0,0,0
2.329899,0,0,0,0
2.331333,0,0,0,0
2.332827,0,0,0,0
2.334317,0,0,0,0
2.335759,0,0,0,0
2.337297,0,0,0,0
2.338829,0,0,0,0
2.340266,0,0,0,0
2.341676,0,0,0,0
2.343229,0,0,0,0
2.344916,0,0,0,0
2.346316,0,0,0,0
2.347809,0,0,0,0
2.349459,0,0,0,0
2.351260,0,0,0,0
2.352876,0,0,0,0
2.354305,0,0,0,0
2.355805,0,0,0,0
2.357315,0,0,0,0
2.358854,0,0,0,0
2.360363,0,0,0,0
2.362137,0,0,0,0
2.363724,0,0,0,0
2.365315,0,0,0,0
2.366887,0,0,0,0
2.368405,0,0,0,0
2.369917,0,0,0,0
2.371408,0,0,0,0
2.372901,0,0,0,0
2.374392,0,0,0,0
2.375964,0,0,0,0
2.377455,0,0,0,0
2.378946,0,0,0,0
2.380437,0,0,0,0
2.381930,0,0,0,0
2.383362,0,0,0,0
2.385007,0,0,0,0
2.386704,0,0,0,0
2.388382,0,0,0,0
2.390067,0,0,0,0
2.391746,0,0,0,0
2.393450,0,0,0,0
2.394985,0,0,0,0
2.396516,0,0,0,0
2.398092,0,0,0,0
2.399522,0,0,0,0
2.400997,0,0,0,0
2.402423,0,0,0,0
2.403902,0,0,0,0
2.405326,0,0,0,0
2.406913,0,0,0,0
2.408465,0,0,0,0
2.409955,0,0,0,0
2.411443,0,0,0,0
2.412934,0,0,0,0
2.414423,0,0,0,0
2.415967,0,0,0,0
2.417609,0,0,0,0
2.419155,0,0,0,0
2.420829,0,0,0,0
2.422498,0,0,0,0
2.424237,0,0,0,0
2.425885,0,0,0,0
2.427534,0,0,0,0
2.429065,0,0,0,0
2.430728,0,0,0,0
2.432466,0,0,0,0
2.434221,0,0,0,0
2.435897,0,0,0,0
2.437573,0,0,0,0
2.439253,0,0,0,0
2.440802,0,0,0,0
2.442304,0,0,0,0
2.443950,0,0,0,0
2.445629,0,0,0,0
2.447309,0,0,0,0
2.448991,0,0,0,0
2.450670,0,0,0,0
2.452362,0,0,0,0
2.454068,0,0,0,0
2.456516,0,0,0,0
2.458051,0,0,0,0
2.459480,0,0,0,0
2.460931,0,0,0,0
2.462339,0,0,0,0
2.463727,0,0,0,0
2.465153,0,0,0,0
2.466651,0,0,0,0
2.468235,0,0,0,0
2.469997,0,0,0,0
2.471489,0,0,0,0
2.473040,0,0,0,0
2.474533,0,0,0,0
2.476055,0,0,0,0
2.477539,0,0,0,0
2.479172,0,0,0,0
2.480911,0,0,0,0
2.482590,0,0,0,0
2.484133,0,0,0,0
2.485785,0,0,0,0
2.487466,0,0,0,0
2.489212,0,0,0,0
2.490894,0,0,0,0
2.492573,0,0,0,0
2.494258,0,0,0,0
2.496013,0,0,0,0
2.497694,0,0,0,0
2.499375,0,0,0,0
2.501057,0,0,0,0
2.502738,0,0,0,0
2.504479,0,0,0,0
2.506030,0,0,0,0
2.507678,0,0,0,0
2.509360,0,0,0,0
2.511042,0,0,0,0
2.512727,0,0,0,0
2.514407,0,0,0,0
2.516086,0,0,0,0
2.517779,0,0,0,0
2.519462,0,0,0,0
2.521207,0,0,0,0
2.522877,0,0,0,0
2.524546,0,0,0,0
2.526307,0,0,0,0
2.527876,0,0,0,0
2.529538,0,0,0,0
2.531076,0,0,0,0
2.532569,0,0,0,0
2.535933,0,0,0,0
2.537437,0,0,0,0
2.538956,0,0,0,0
2.540448,0,0,0,0
2.541961,0,0,0,0
2.543444,0,0,0,0
2.544930,0,0,0,0
2.546420,0,0,0,0
2.547909,0,0,0,0
2.549411,0,0,0,0
2.550913,0,0,0,0
2.552461,0,0,0,0
2.554020,0,0,0,0
2.555413,0,0,0,0
2.556838,0,0,0,0
2.558230,0,0,0,0
2.559626,0,0,0,0
2.561048,0,0,0,0
2.562589,0,0,0,0
2.564129,0,0,0,0
2.565632,0,0,0,0
2.567117,0,0,0,0
2.568866,0,0,0,0
2.570471,0,0,0,0
2.571961,0,0,0,0
2.573947,0,0,0,0
2.575372,0,0,0,0
2.576952,0,0,0,0
2.578383,0,0,0,0
2.579864,0,0,0,0
2.581357,0,0,0,0
2.582841,0,0,0,0
2.584378,0,0,0,0
2.586035,0,0,0,0
2.587631,0,0,0,0
2.589121,0,0,0,0
2.590612,0,0,0,0
2.592167,0,0,0,0
2.593659,0,0,0,0
2.595149,0,0,0,0
2.596794,0,0,0,0
2.598477,0,0,0,0
2.600218,0,0,0,0
2.602015,0,0,0,0
2.603705,0,0,0,0
2.605387,0,0,0,0
2.607068,0,0,0,0
2.608751,0,0,0,0
2.610433,0,0,0,0
2.612113,0,0,0,0
2.613658,0,0,0,0
2.615307,0,0,0,0
2.616991,0,0,0,0
2.618673,0,0,0,0
2.620353,0,0,0,0
2.622037,0,0,0,0
2.623717,0,0,0,0
2.625478,0,0,0,0
2.627160,0,0,0,0
2.628842,0,0,0,0
2.630523,0,0,0,0
2.632265,0,0,0,0
2.634058,0,0,0,0
2.635602,0,0,0,0
2.637252,0,0,0,0
2.638934,0,0,0,0
2.640677,0,0,0,0
2.642347,0,0,0,0
2.644016,0,0,0,0
2.645560,0,0,0,0
2.647062,0,0,0,0
2.648558,0,0,0,0
2.650053,0,0,0,0
2.651542,0,0,0,0
2.653034,0,0,0,0
2.654523,0,0,0,0
2.656226,0,0,0,0
2.657872,0,0,0,0
2.659519,0,0,0,0
2.661200,0,0,0,0
2.662879,0,0,0,0
2.664620,0,0,0,0
2.666457,0,0,0,0
2.668149,0,0,0,0
2.669829,0,0,0,0
2.671507,0,0,0,0
2.673254,0,0,0,0
2.674934,0,0,0,0
2.676612,0,0,0,0
2.678197,0,0,0,0
2.679692,0,0,0,0
2.681274,0,0,0,0
2.682949,0,0,0,0
2.684627,0,0,0,0
2.686420,0,0,0,0
2.688160,0,0,0,0
2.689852,0,0,0,0
2.691384,0,0,0,0
2.692888,0,0,0,0
2.694526,0,0,0,0
2.696260,0,0,0,0
2.698143,0,0,0,0
2.699812,0,0,0,0
2.701562,0,0,0,0
2.703297,0,0,0,0
2.704843,0,0,0,0
2.706379,0,0,0,0
2.707867,0,0,0,0
2.709353,0,0,0,0
2.710842,0,0,0,0
2.712395,0,0,0,0
2.713994,0,0,0,0
2.715483,0,0,0,0
2.716974,0,0,0,0
2.718464,0,0,0,0
2.719953,0,0,0,0
2.721595,0,0,0,0
2.723141,0,0,0,0
2.724793,0,0,0,0
2.726473,0,0,0,0
2.728213,0,0,0,0
2.730018,0,0,0,0
2.731695,0,0,0,0
2.733391,0,0,0,0
2.735072,0,0,0,0
2.736752,0,0,0,0
2.738327,0,0,0,0
2.739822,0,0,0,0
2.741315,0,0,0,0
2.742804,0,0,0,0
2.744619,0,0,0,0
2.746147,0,0,0,0
2.747788,0,0,0,0
2.749468,0,0,0,0
2.751001,0,0,0,0
2.752720,0,0,0,0
2.754390,0,0,0,0
2.756072,0,0,0,0
2.757614,0,0,0,0
2.759146,0,0,0,0
2.760803,0,0,0,0
2.762476,0,0,0,0
2.764155,0,0,0,0
2.765830,0,0,0,0
2.767375,0,0,0,0
2.769002,0,0,0,0
2.770683,0,0,0,0
2.772360,0,0,0,0
2.774044,0,0,0,0
2.775721,0,0,0,0
2.777466,0,0,0,0
2.779159,0,0,0,0
2.780840,0,0,0,0
2.782511,0,0,0,0
2.784239,0,0,0,0
2.786217,0,0,0,0
2.787890,0,0,0,0
2.789560,0,0,0,0
2.791167,0,0,0,0
2.792847,0,0,0,0
2.794522,0,0,0,0
2.796200,0,0,0,0
2.797958,0,0,0,0
2.799640,0,0,0,0
2.801229,0,0,0,0
2.802925,0,0,0,0
2.804603,0,0,0,0
2.806157,0,0,0,0
2.807863,0,0,0,0
2.809545,0,0,0,0
2.811090,0,0,0,0
2.812738,0,0,0,0
2.814404,0,0,0,0
2.816126,0,0,0,0
2.817647,0,0,0,0
2.819166,0,0,0,0
2.820893,0,0,0,0
2.822576,0,0,0,0
2.824170,0,0,0,0
2.825817,0,0,0,0
2.827497,0,0,0,0
2.829179,0,0,0,0
2.830856,0,0,0,0
2.832597,0,0,0,0
2.834174,0,0,0,0
2.835672,0,0,0,0
2.837319,0,0,0,0
2.838999,0,0,0,0
2.840681,0,0,0,0
2.842363,0,0,0,0
2.844042,0,0,0,0
2.845738,0,0,0,0
2.847418,0,0,0,0
2.849099,0,0,0,0
2.850819,0,0,0,0
2.852471,0,0,0,0
2.853960,0,0,0,0
2.855380,0,0,0,0
2.856907,0,0,0,0
2.858303,0,0,0,0
2.859690,0,0,0,0
2.861075,0,0,0,0
2.862466,0,0,0,0
2.864056,0,0,0,0
2.865543,0,0,0,0
2.867046,0,0,0,0
2.868537,0,0,0,0
2.870035,0,0,0,0
2.871542,0,0,0,0
2.873241,0,0,0,0
2.874912,0,0,0,0
2.876581,0,0,0,0
2.878362,0,0,0,0
2.879917,0,0,0,0
2.881408,0,0,0,0
2.883029,0,0,0,0
2.884564,0,0,0,0
2.886055,0,0,0,0
2.887539,0,0,0,0
2.889092,0,0,0,0
2.890583,0,0,0,0
2.892224,0,0,0,0
2.893967,0,0,0,0
2.895647,0,0,0,0
2.897396,0,0,0,0
2.899076,0,0,0,0
2.900620,0,0,0,0
2.902299,0,0,0,0
2.904040,0,0,0,0
2.905721,0,0,0,0
2.907400,0,0,0,0
2.909083,0,0,0,0
2.910778,0,0,0,0
2.912519,0,0,0,0
2.914205,0,0,0,0
2.915884,0,0,0,0
2.917564,0,0,0,0
2.919243,0,0,0,0
2.920795,0,0,0,0
2.922446,0,0,0,0
2.924126,0,0,0,0
2.925805,0,0,0,0
2.927487,0,0,0,0
2.929234,0,0,0,0
2.930915,0,0,0,0
2.932609,0,0,0,0
2.934390,0,0,0,0
2.936090,0,0,0,0
2.937709,0,0,0,0
2.939200,0,0,0,0
2.940847,0,0,0,0
2.942527,0,0,0,0
2.944132,0,0,0,0
2.945633,0,0,0,0
2.947128,0,0,0,0
2.948618,0,0,0,0
2.950134,0,0,0,0
2.951626,0,0,0,0
2.953336,0,0,0,0
2.955033,0,0,0,0
2.956715,0,0,0,0
2.958396,0,0,0,0
2.960136,0,0,0,0
2.961816,0,0,0,0
2.963497,0,0,0,0
2.965045,0,0,0,0
2.966695,0,0,0,0
2.968435,0,0,0,0
2.970120,0,0,0,0
2.971797,0,0,0,0
2.973480,0,0,0,0
2.975161,0,0,0,0
2.976859,0,0,0,0
2.978539,0,0,0,0
2.980218,0,0,0,0
2.981862,0,0,0,0
2.983510,0,0,0,0
2.985257,0,0,0,0
2.986804,0,0,0,0
2.988451,0,0,0,0
2.990153,0,0,0,0
2.991884,0,0,0,0
2.993405,0,0,0,0
2.995044,0,0,0,0
2.996973,0,0,0,0
2.998622,0,0,0,0
3.000375,0,0,0,0
3.002098,0,0,0,0
3.003774,0,0,0,0
3.005453,0,0,0,0
3.007132,0,0,0,0
3.008742,0,0,0,0
3.010240,0,0,0,0
3.011731,0,0,0,0
3.013223,0,0,0,0
3.014712,0,0,0,0
3.016223,0,0,0,0
3.017713,0,0,0,0
3.019364,0,0,0,0
3.021045,0,0,0,0
3.022725,0,0,0,0
3.024464,0,0,0,0
3.026157,0,0,0,0
3.027803,0,0,0,0
3.029349,0,0,0,0
3.030997,0,0,0,0
3.032680,0,0,0,0
3.034359,0,0,0,0
3.035891,0,0,0,0
3.037542,0,0,0,0
3.039076,0,0,0,0
3.040749,0,0,0,0
3.042430,0,0,0,0
3.044109,0,0,0,0
3.045790,0,0,0,0
3.047470,0,0,0,0
3.049217,0,0,0,0
3.050762,0,0,0,0
3.052409,0,0,0,0
3.054089,0,0,0,0
3.055757,0,0,0,0
3.057304,0,0,0,0
3.058875,0,0,0,0
3.060600,0,0,0,0
3.062301,0,0,0,0
3.064011,0,0,0,0
3.065693,0,0,0,0
3.067375,0,0,0,0
3.069057,0,0,0,0
3.070739,0,0,0,0
3.072480,0,0,0,0
3.074034,0,0,0,0
3.075682,0,0,0,0
3.077366,0,0,0,0
3.079047,0,0,0,0
3.080731,0,0,0,0
3.082413,0,0,0,0
3.084092,0,0,0,0
3.085788,0,0,0,0
3.087469,0,0,0,0
3.089216,0,0,0,0
3.090897,0,0,0,0
3.092622,0,0,0,0
3.094322,0,0,0,0
3.096030,0,0,0,0
3.097558,0,0,0,0
3.099207,0,0,0,0
3.100891,0,0,0,0
3.102572,0,0,0,0
3.104311,0,0,0,0
3.106140,0,0,0,0
3.107818,0,0,0,0
3.109502,0,0,0,0
3.111184,0,0,0,0
3.112868,0,0,0,0
3.114539,0,0,0,0
3.116078,0,0,0,0
3.117852,0,0,0,0
3.119439,0,0,0,0
3.120935,0,0,0,0
3.122488,0,0,0,0
3.123978,0,0,0,0
3.125469,0,0,0,0
3.126969,0,0,0,0
3.128674,0,0,0,0
3.130354,0,0,0,0
3.132034,0,0,0,0
3.133713,0,0,0,0
3.135395,0,0,0,0
3.137079,0,0,0,0
3.138775,0,0,0,0
3.140453,0,0,0,0
3.142029,0,0,0,0
3.143523,0,0,0,0
3.145230,0,0,0,0
3.146910,0,0,0,0
3.148588,0,0,0,0
3.150347,0,0,0,0
3.151943,0,0,0,0
3.153598,0,0,0,0
3.155279,0,0,0,0
3.156962,0,0,0,0
3.158644,0,0,0,0
3.160384,0,0,0,0
3.161934,0,0,0,0
3.163582,0,0,0,0
3.165266,0,0,0,0
3.166947,0,0,0,0
3.168691,0,0,0,0
3.170373,0,0,0,0
3.172054,0,0,0,0
3.173750,0,0,0,0
3.175421,0,0,0,0
3.176944,0,0,0,0
3.178552,0,0,0,0
3.180194,0,0,0,0
3.181789,0,0,0,0
3.183570,0,0,0,0
3.185174,0,0,0,0
3.186663,0,0,0,0
3.188147,0,0,0,0
3.189632,0,0,0,0
3.191116,0,0,0,0
3.192887,0,0,0,0
3.194556,0,0,0,0
3.196238,0,0,0,0
3.198052,0,0,0,0
3.199721,0,0,0,0
3.201267,0,0,0,0
3.202912,0,0,0,0
3.204590,0,0,0,0
3.206234,0,0,0,0
3.207946,0,0,0,0
3.209624,0,0,0,0
3.211301,0,0,0,0
3.213013,0,0,0,0
3.214513,0,0,0,0
3.216218,0,0,0,0
3.217864,0,0,0,0
3.219362,0,0,0,0
3.220857,0,0,0,0
3.222350,0,0,0,0
3.223896,0,0,0,0
3.225386,0,0,0,0
3.227030,0,0,0,0
3.228574,0,0,0,0
3.230229,0,0,0,0
3.231971,0,0,0,0
3.233653,0,0,0,0
3.235324,0,0,0,0
3.237008,0,0,0,0
3.238640,0,0,0,0
3.240202,0,0,0,0
3.241688,0,0,0,0
3.243181,0,0,0,0
3.244675,0,0,0,0
3.246166,0,0,0,0
3.247872,0,0,0,0
3.249554,0,0,0,0
3.251102,0,0,0,0
3.252754,0,0,0,0
3.254434,0,0,0,0
3.256170,0,0,0,0
3.257824,0,0,0,0
3.259414,0,0,0,0
3.261024,0,0,0,0
3.262605,0,0,0,0
3.264250,0,0,0,0
3.265844,0,0,0,0
3.267504,0,0,0,0
3.269185,0,0,0,0
3.270865,0,0,0,0
3.272607,0,0,0,0
3.274191,0,0,0,0
3.275689,0,0,0,0
3.277336,0,0,0,0
3.279018,0,0,0,0
3.280701,0,0,0,0
3.282381,0,0,0,0
3.284057,0,0,0,0
3.285753,0,0,0,0
3.287435,0,0,0,0
3.289119,0,0,0,0
3.290800,0,0,0,0
3.292481,0,0,0,0
3.294159,0,0,0,0
3.295697,0,0,0,0
3.297256,0,0,0,0
3.299004,0,0,0,0
3.300682,0,0,0,0
3.302393,0,0,0,0
3.303978,0,0,0,0
3.305621,0,0,0,0
3.307318,0,0,0,0
3.309000,0,0,0,0
3.310672,0,0,0,0
3.312403,0,0,0,0
3.314123,0,0,0,0
3.315843,0,0,0,0
3.317388,0,0,0,0
3.319037,0,0,0,0
3.320568,0,0,0,0
3.322220,0,0,0,0
3.323898,0,0,0,0
3.325430,0,0,0,0
3.327081,0,0,0,0
3.328778,0,0,0,0
3.330458,0,0,0,0
3.332137,0,0,0,0
3.333816,0,0,0,0
3.335495,0,0,0,0
3.337241,0,0,0,0
3.338786,0,0,0,0
3.340432,0,0,0,0
3.342115,0,0,0,0
3.343856,0,0,0,0
3.345536,0,0,0,0
3.347215,0,0,0,0
3.348896,0,0,0,0
3.350590,0,0,0,0
3.352124,0,0,0,0
3.353781,0,0,0,0
3.355452,0,0,0,0
3.357043,0,0,0,0
3.358671,0,0,0,0
3.360228,0,0,0,0
3.361779,0,0,0,0
3.363271,0,0,0,0
3.364766,0,0,0,0
3.366256,0,0,0,0
3.367959,0,0,0,0
3.369642,0,0,0,0
3.371323,0,0,0,0
3.373021,0,0,0,0
3.374703,0,0,0,0
3.376441,0,0,0,0
3.378012,0,0,0,0
3.379510,0,0,0,0
3.381158,0,0,0,0
3.382841,0,0,0,0
3.384388,0,0,0,0
3.386043,0,0,0,0
3.387723,0,0,0,0
3.389407,0,0,0,0
3.391088,0,0,0,0
3.392772,0,0,0,0
3.394454,0,0,0,0
3.396149,0,0,0,0
3.397830,0,0,0,0
3.399511,0,0,0,0
3.401259,0,0,0,0
3.402942,0,0,0,0
3.404621,0,0,0,0
3.406311,0,0,0,0
3.407862,0,0,0,0
3.409503,0,0,0,0
3.411182,0,0,0,0
3.412866,0,0,0,0
3.414538,0,0,0,0
3.416266,0,0,0,0
3.417936,0,0,0,0
3.419583,0,0,0,0
3.421178,0,0,0,0
3.422852,0,0,0,0
3.424593,0,0,0,0
3.426193,0,0,0,0
3.427839,0,0,0,0
3.429383,0,0,0,0
3.431034,0,0,0,0
3.432716,0,0,0,0
3.434396,0,0,0,0
3.436075,0,0,0,0
3.437753,0,0,0,0
3.439431,0,0,0,0
3.441035,0,0,0,0
3.442538,0,0,0,0
3.444182,0,0,0,0
3.445708,0,0,0,0
3.447356,0,0,0,0
3.449039,0,0,0,0
3.450718,0,0,0,0
3.452261,0,0,0,0
3.454021,0,0,0,0
3.455699,0,0,0,0
3.457445,0,0,0,0
3.459122,0,0,0,0
3.460982,0,0,0,0
3.462679,0,0,0,0
3.464418,0,0,0,0
3.466103,0,0,0,0
3.467782,0,0,0,0
3.469465,0,0,0,0
3.471147,0,0,0,0
3.472700,0,0,0,0
3.474341,0,0,0,0
3.476011,0,0,0,0
3.477557,0,0,0,0
3.479135,0,0,0,0
3.480857,0,0,0,0
3.482528,0,0,0,0
3.484069,0,0,0,0
3.485720,0,0,0,0
3.487401,0,0,0,0
3.489122,0,0,0,0
3.490803,0,0,0,0
3.492484,0,0,0,0
3.494170,0,0,0,0
3.495714,0,0,0,0
3.497448,0,0,0,0
3.499130,0,0,0,0
3.500813,0,0,0,0
3.502484,0,0,0,0
3.504214,0,0,0,0
3.505867,0,0,0,0
3.507515,0,0,0,0
3.509198,0,0,0,0
3.510869,0,0,0,0
3.512599,0,0,0,0
3.514177,0,0,0,0
3.515823,0,0,0,0
3.517370,0,0,0,0
3.519019,0,0,0,0
3.520702,0,0,0,0
3.522381,0,0,0,0
3.524058,0,0,0,0
3.525739,0,0,0,0
3.527415,0,0,0,0
3.529037,0,0,0,0
3.530551,0,0,0,0
3.532047,0,0,0,0
3.533540,0,0,0,0
3.535025,0,0,0,0
3.536585,0,0,0,0
3.538096,0,0,0,0
3.539735,0,0,0,0
3.541279,0,0,0,0
3.542952,0,0,0,0
3.544692,0,0,0,0
3.546370,0,0,0,0
3.548047,0,0,0,0
3.551435,0,0,0,0
3.553079,0,0,0,0
3.554574,0,0,0,0
3.556025,0,0,0,0
3.557470,0,0,0,0
3.558915,0,0,0,0
3.560388,0,0,0,0
3.562016,0,0,0,0
3.563505,0,0,0,0
3.564990,0,0,0,0
3.566476,0,0,0,0
3.568019,0,0,0,0
3.569467,0,0,0,0
3.571109,0,0,0,0
3.572653,0,0,0,0
3.574498,0,0,0,0
3.576156,0,0,0,0
3.577650,0,0,0,0
3.579134,0,0,0,0
3.580617,0,0,0,0
3.582141,0,0,0,0
3.583636,0,0,0,0
3.585180,0,0,0,0
3.586671,0,0,0,0
3.588161,0,0,0,0
3.589651,0,0,0,0
3.591091,0,0,0,0
3.592735,0,0,0,0
3.594417,0,0,0,0
3.596088,0,0,0,0
3.597775,0,0,0,0
3.599503,0,0,0,0
3.601260,0,0,0,0
3.602936,0,0,0,0
3.604724,0,0,0,0
3.606426,0,0,0,0
3.608167,0,0,0,0
3.609849,0,0,0,0
3.611530,0,0,0,0
3.613212,0,0,0,0
3.614897,0,0,0,0
3.616628,0,0,0,0
3.618481,0,0,0,0
3.620160,0,0,0,0
3.621840,0,0,0,0
3.623521,0,0,0,0
3.625134,0,0,0,0
3.626783,0,0,0,0
3.628463,0,0,0,0
3.630225,0,0,0,0
3.631965,0,0,0,0
3.633645,0,0,0,0
3.635341,0,0,0,0
3.637023,0,0,0,0
3.638704,0,0,0,0
3.640442,0,0,0,0
3.642018,0,0,0,0
3.643666,0,0,0,0
3.645214,0,0,0,0
3.646864,0,0,0,0
3.648394,0,0,0,0
3.650047,0,0,0,0
3.651726,0,0,0,0
3.653408,0,0,0,0
3.655078,0,0,0,0
3.656769,0,0,0,0
3.658307,0,0,0,0
3.659801,0,0,0,0
3.661289,0,0,0,0
3.662776,0,0,0,0
3.664265,0,0,0,0
3.666037,0,0,0,0
3.667578,0,0,0,0
3.669227,0,0,0,0
3.670906,0,0,0,0
3.672728,0,0,0,0
3.674410,0,0,0,0
3.676087,0,0,0,0
3.677780,0,0,0,0
3.679460,0,0,0,0
3.681204,0,0,0,0
3.682884,0,0,0,0
3.684561,0,0,0,0
3.686246,0,0,0,0
3.687851,0,0,0,0
3.689502,0,0,0,0
3.691181,0,0,0,0
3.693125,0,0,0,0
3.694669,0,0,0,0
3.696366,0,0,0,0
3.698024,0,0,0,0
3.699514,0,0,0,0
3.701002,0,0,0,0
3.702493,0,0,0,0
3.704039,0,0,0,0
3.705591,0,0,0,0
3.707238,0,0,0,0
3.708782,0,0,0,0
3.710429,0,0,0,0
3.712167,0,0,0,0
3.713697,0,0,0,0
3.715338,0,0,0,0
3.716898,0,0,0,0
3.718511,0,0,0,0
3.720220,0,0,0,0
3.722005,0,0,0,0
3.723681,0,0,0,0
3.725358,0,0,0,0
3.727012,0,0,0,0
3.728729,0,0,0,0
3.730334,0,0,0,0
3.731974,0,0,0,0
3.733648,0,0,0,0
3.735317,0,0,0,0
3.736990,0,0,0,0
3.738669,0,0,0,0
3.740347,0,0,0,0
3.742043,0,0,0,0
3.743580,0,0,0,0
3.745299,0,0,0,0
3.746978,0,0,0,0
3.748659,0,0,0,0
3.750336,0,0,0,0
3.752072,0,0,0,0
3.753640,0,0,0,0
3.755296,0,0,0,0
3.756979,0,0,0,0
3.759067,0,0,0,0
3.760625,0,0,0,0
3.762453,0,0,0,0
3.763960,0,0,0,0
3.765446,0,0,0,0
3.767026,0,0,0,0
3.768558,0,0,0,0
3.769985,0,0,0,0
3.771448,0,0,0,0
3.772876,0,0,0,0
3.774501,0,0,0,0
3.775965,0,0,0,0
3.777389,0,0,0,0
3.778974,0,0,0,0
3.780568,0,0,0,0
3.782166,0,0,0,0
3.783784,0,0,0,0
3.785415,0,0,0,0
3.787024,0,0,0,0
3.788693,0,0,0,0
3.790362,0,0,0,0
3.792487,0,0,0,0
3.794167,0,0,0,0
3.795712,0,0,0,0
3.797365,0,0,0,0
3.799036,0,0,0,0
3.800685,0,0,0,0
3.802297,0,0,0,0
3.803971,0,0,0,0
3.805652,0,0,0,0
3.807348,0,0,0,0
3.809031,0,0,0,0
3.810710,0,0,0,0
3.812387,0,0,0,0
3.814070,0,0,0,0
3.815749,0,0,0,0
3.817463,0,0,0,0
3.819136,0,0,0,0
3.820813,0,0,0,0
3.822477,0,0,0,0
3.824202,0,0,0,0
3.825874,0,0,0,0
3.827608,0,0,0,0
3.829291,0,0,0,0
3.830962,0,0,0,0
3.832840,0,0,0,0
3.834717,0,0,0,0
3.836216,0,0,0,0
3.837771,0,0,0,0
3.839264,0,0,0,0
3.840814,0,0,0,0
3.842306,0,0,0,0
3.843795,0,0,0,0
3.845225,0,0,0,0
3.846867,0,0,0,0
3.848476,0,0,0,0
3.850030,0,0,0,0
3.851523,0,0,0,0
3.853019,0,0,0,0
3.854510,0,0,0,0
3.856001,0,0,0,0
3.857644,0,0,0,0
3.859186,0,0,0,0
3.860837,0,0,0,0
3.862517,0,0,0,0
3.864257,0,0,0,0
3.865900,0,0,0,0
3.867548,0,0,0,0
3.869230,0,0,0,0
3.870925,0,0,0,0
3.872668,0,0,0,0
3.874349,0,0,0,0
3.876028,0,0,0,0
3.877710,0,0,0,0
3.879390,0,0,0,0
3.880996,0,0,0,0
3.882646,0,0,0,0
3.884364,0,0,0,0
3.886048,0,0,0,0
3.887727,0,0,0,0
3.889432,0,0,0,0
3.891117,0,0,0,0
3.893034,0,0,0,0
3.894677,0,0,0,0
3.896384,0,0,0,0
3.897916,0,0,0,0
3.899565,0,0,0,0
3.901114,0,0,0,0
3.902613,0,0,0,0
3.904170,0,0,0,0
3.905664,0,0,0,0
3.907156,0,0,0,0
3.908647,0,0,0,0
3.910290,0,0,0,0
3.912046,0,0,0,0
3.913727,0,0,0,0
3.915409,0,0,0,0
3.917090,0,0,0,0
3.918769,0,0,0,0
3.920510,0,0,0,0
3.922060,0,0,0,0
3.923709,0,0,0,0
3.925392,0,0,0,0
3.927072,0,0,0,0
3.928756,0,0,0,0
3.930437,0,0,0,0
3.932117,0,0,0,0
3.933660,0,0,0,0
3.935310,0,0,0,0
3.936991,0,0,0,0
3.938673,0,0,0,0
3.940350,0,0,0,0
3.942035,0,0,0,0
3.943714,0,0,0,0
3.945325,0,0,0,0
3.946974,0,0,0,0
3.948745,0,0,0,0
3.950438,0,0,0,0
3.952168,0,0,0,0
3.953719,0,0,0,0
3.955217,0,0,0,0
3.956771,0,0,0,0
3.958361,0,0,0,0
3.959907,0,0,0,0
3.961393,0,0,0,0
3.962882,0,0,0,0
3.964371,0,0,0,0
3.965810,0,0,0,0
3.967309,0,0,0,0
3.968955,0,0,0,0
3.970636,0,0,0,0
3.972313,0,0,0,0
3.973964,0,0,0,0
3.975610,0,0,0,0
3.977357,0,0,0,0
3.979052,0,0,0,0
3.980732,0,0,0,0
3.982410,0,0,0,0
3.984151,0,0,0,0
3.985830,0,0,0,0
3.987560,0,0,0,0
3.989138,0,0,0,0
3.990790,0,0,0,0
3.992530,0,0,0,0
3.994214,0,0,0,0
3.995891,0,0,0,0
3.997571,0,0,0,0
3.999251,0,0,0,0
4.000948,0,0,0,0
4.002630,0,0,0,0
4.004307,0,0,0,0
4.006113,0,0,0,0
4.007853,0,0,0,0
4.009535,0,0,0,0
4.011080,0,0,0,0
4.012727,0,0,0,0
4.014300,0,0,0,0
4.015962,0,0,0,0
4.017451,0,0,0,0
4.018942,0,0,0,0
4.020432,0,0,0,0
4.021935,0,0,0,0
4.023424,0,0,0,0
4.024916,0,0,0,0
4.026406,0,0,0,0
4.027894,0,0,0,0
4.029386,0,0,0,0
4.031025,0,0,0,0
4.032571,0,0,0,0
4.034222,0,0,0,0
4.035909,0,0,0,0
4.037452,0,0,0,0
4.038946,0,0,0,0
4.040442,0,0,0,0
4.042092,0,0,0,0
4.043786,0,0,0,0
4.045467,0,0,0,0
4.047147,0,0,0,0
4.048832,0,0,0,0
4.050512,0,0,0,0
4.052193,0,0,0,0
4.053829,0,0,0,0
4.055484,0,0,0,0
4.057229,0,0,0,0
4.058908,0,0,0,0
4.060586,0,0,0,0
4.062337,0,0,0,0
4.064090,0,0,0,0
4.065769,0,0,0,0
4.067451,0,0,0,0
4.069133,0,0,0,0
4.070803,0,0,0,0
4.072533,0,0,0,0
4.074123,0,0,0,0
4.075835,0,0,0,0
4.077529,0,0,0,0
4.079270,0,0,0,0
4.080824,0,0,0,0
4.082360,0,0,0,0
4.083852,0,0,0,0
4.085356,0,0,0,0
4.086847,0,0,0,0
4.088391,0,0,0,0
4.089883,0,0,0,0
4.091373,0,0,0,0
4.092820,0,0,0,0
4.094458,0,0,0,0
4.096214,0,0,0,0
4.097858,0,0,0,0
4.099507,0,0,0,0
4.101188,0,0,0,0
4.102869,0,0,0,0
4.104609,0,0,0,0
4.106295,0,0,0,0
4.107832,0,0,0,0
4.109332,0,0,0,0
4.110825,0,0,0,0
4.112371,0,0,0,0
4.113865,0,0,0,0
4.115356,0,0,0,0
4.116963,0,0,0,0
4.118607,0,0,0,0
4.120348,0,0,0,0
4.122034,0,0,0,0
4.123713,0,0,0,0
4.125395,0,0,0,0
4.127075,0,0,0,0
4.128769,0,0,0,0
4.130441,0,0,0,0
4.132109,0,0,0,0
4.133630,0,0,0,0
4.135139,0,0,0,0
4.136861,0,0,0,0
4.138528,0,0,0,0
4.140069,0,0,0,0
4.141716,0,0,0,0
4.143395,0,0,0,0
4.145076,0,0,0,0
4.146753,0,0,0,0
4.148278,0,0,0,0
4.149899,0,0,0,0
4.151555,0,0,0,0
4.153301,0,0,0,0
4.154834,0,0,0,0
4.156485,0,0,0,0
4.158169,0,0,0,0
4.159906,0,0,0,0
4.161451,0,0,0,0
4.163098,0,0,0,0
4.164777,0,0,0,0
4.166455,0,0,0,0
4.168193,0,0,0,0
4.169952,0,0,0,0
4.171643,0,0,0,0
4.173324,0,0,0,0
4.175003,0,0,0,0
4.176683,0,0,0,0
4.178362,0,0,0,0
4.180039,0,0,0,0
4.181579,0,0,0,0
4.183414,0,0,0,0
4.184909,0,0,0,0
4.186394,0,0,0,0
4.187878,0,0,0,0
4.189363,0,0,0,0
4.190846,0,0,0,0
4.192340,0,0,0,0
4.193993,0,0,0,0
4.195516,0,0,0,0
4.197162,0,0,0,0
4.198821,0,0,0,0
4.200324,0,0,0,0
4.201923,0,0,0,0
4.203532,0,0,0,0
4.205130,0,0,0,0
4.206714,0,0,0,0
4.208358,0,0,0,0
4.210125,0,0,0,0
4.211629,0,0,0,0
4.213121,0,0,0,0
4.214620,0,0,0,0
4.216167,0,0,0,0
4.217658,0,0,0,0
4.219300,0,0,0,0
4.220981,0,0,0,0
4.222662,0,0,0,0
4.224402,0,0,0,0
4.225953,0,0,0,0
4.227599,0,0,0,0
4.229280,0,0,0,0
4.230960,0,0,0,0
4.232703,0,0,0,0
4.234381,0,0,0,0
4.236061,0,0,0,0
4.237756,0,0,0,0
4.239437,0,0,0,0
4.241120,0,0,0,0
4.242801,0,0,0,0
4.244481,0,0,0,0
4.246167,0,0,0,0
4.247711,0,0,0,0
4.249426,0,0,0,0
4.251096,0,0,0,0
4.252995,0,0,0,0
4.254671,0,0,0,0
4.256225,0,0,0,0
4.257772,0,0,0,0
4.259265,0,0,0,0
4.260757,0,0,0,0
4.262247,0,0,0,0
4.263737,0,0,0,0
4.265226,0,0,0,0
4.266868,0,0,0,0
4.268413,0,0,0,0
4.270066,0,0,0,0
4.271744,0,0,0,0
4.273448,0,0,0,0
4.275129,0,0,0,0
4.276850,0,0,0,0
4.278530,0,0,0,0
4.280283,0,0,0,0
4.282078,0,0,0,0
4.283757,0,0,0,0
4.285437,0,0,0,0
4.287116,0,0,0,0
4.288799,0,0,0,0
4.290494,0,0,0,0
4.292172,0,0,0,0
4.293852,0,0,0,0
4.295533,0,0,0,0
4.297279,0,0,0,0
4.298959,0,0,0,0
4.300775,0,0,0,0
4.302365,0,0,0,0
4.304072,0,0,0,0
4.305751,0,0,0,0
4.307431,0,0,0,0
4.309113,0,0,0,0
4.310651,0,0,0,0
4.312351,0,0,0,0
4.314011,0,0,0,0
4.315655,0,0,0,0
4.317242,0,0,0,0
4.318912,0,0,0,0
4.320739,0,0,0,0
4.322451,0,0,0,0
4.324127,0,0,0,0
4.325662,0,0,0,0
4.327314,0,0,0,0
4.328997,0,0,0,0
4.330677,0,0,0,0
4.332356,0,0,0,0
4.333906,0,0,0,0
4.335545,0,0,0,0
4.337133,0,0,0,0
4.338819,0,0,0,0
4.340496,0,0,0,0
4.342182,0,0,0,0
4.343923,0,0,0,0
4.345616,0,0,0,0
4.347297,0,0,0,0
4.348977,0,0,0,0
4.350657,0,0,0,0
4.352395,0,0,0,0
4.354077,0,0,0,0
4.355623,0,0,0,0
4.357281,0,0,0,0
4.358961,0,0,0,0
4.360704,0,0,0,0
4.362386,0,0,0,0
4.364064,0,0,0,0
4.365746,0,0,0,0
4.367443,0,0,0,0
4.369126,0,0,0,0
4.370795,0,0,0,0
4.372463,0,0,0,0
4.374076,0,0,0,0
4.375568,0,0,0,0
4.377357,0,0,0,0
4.379040,0,0,0,0
4.380721,0,0,0,0
4.382399,0,0,0,0
4.384136,0,0,0,0
4.385815,0,0,0,0
4.387494,0,0,0,0
4.389191,0,0,0,0
4.390870,0,0,0,0
4.392608,0,0,0,0
4.394158,0,0,0,0
4.395803,0,0,0,0
4.397480,0,0,0,0
4.399159,0,0,0,0
4.400708,0,0,0,0
4.402355,0,0,0,0
4.404032,0,0,0,0
4.405709,0,0,0,0
4.407388,0,0,0,0
4.409069,0,0,0,0
4.410748,0,0,0,0
4.412441,0,0,0,0
4.414022,0,0,0,0
4.415516,0,0,0,0
4.417222,0,0,0,0
4.418899,0,0,0,0
4.420523,0,0,0,0
4.422020,0,0,0,0
4.423525,0,0,0,0
4.425233,0,0,0,0
4.426933,0,0,0,0
4.428611,0,0,0,0
4.430184,0,0,0,0
4.431884,0,0,0,0
4.433521,0,0,0,0
4.435111,0,0,0,0
4.436831,0,0,0,0
4.438498,0,0,0,0
4.440087,0,0,0,0
4.441733,0,0,0,0
4.443294,0,0,0,0
4.444947,0,0,0,0
4.446491,0,0,0,0
4.448197,0,0,0,0
4.449958,0,0,0,0
4.451635,0,0,0,0
4.453315,0,0,0,0
4.454993,0,0,0,0
4.456687,0,0,0,0
4.458365,0,0,0,0
4.459895,0,0,0,0
4.461549,0,0,0,0
4.463230,0,0,0,0
4.464913,0,0,0,0
4.466594,0,0,0,0
4.468139,0,0,0,0
4.469790,0,0,0,0
4.471471,0,0,0,0
4.473219,0,0,0,0
4.474901,0,0,0,0
4.476579,0,0,0,0
4.478123,0,0,0,0
4.479630,0,0,0,0
4.481342,0,0,0,0
4.483024,0,0,0,0
4.484706,0,0,0,0
4.486387,0,0,0,0
4.488127,0,0,0,0
4.489669,0,0,0,0
4.491310,0,0,0,0
4.492833,0,0,0,0
4.494444,0,0,0,0
4.496149,0,0,0,0
4.497675,0,0,0,0
4.499323,0,0,0,0
4.501018,0,0,0,0
4.502699,0,0,0,0
4.504439,0,0,0,0
4.506119,0,0,0,0
4.507798,0,0,0,0
4.509481,0,0,0,0
4.511028,0,0,0,0
4.512739,0,0,0,0
4.514420,0,0,0,0
4.516099,0,0,0,0
4.517780,0,0,0,0
4.519460,0,0,0,0
4.521221,0,0,0,0
4.522902,0,0,0,0
4.524580,0,0,0,0
4.526143,0,0,0,0
4.527632,0,0,0,0
4.529182,0,0,0,0
4.530824,0,0,0,0
4.532363,0,0,0,0
4.534014,0,0,0,0
4.535687,0,0,0,0
4.537448,0,0,0,0
4.539133,0,0,0,0
4.540815,0,0,0,0
4.542496,0,0,0,0
4.544250,0,0,0,0
4.546045,0,0,0,0
4.547724,0,0,0,0
4.549406,0,0,0,0
4.551077,0,0,0,0
4.552855,0,0,0,0
4.554755,0,0,0,0
4.556267,0,0,0,0
4.557892,0,0,0,0
4.559384,0,0,0,0
4.560877,0,0,0,0
4.562370,0,0,0,0
4.564013,0,0,0,0
4.565560,0,0,0,0
4.567058,0,0,0,0
4.568611,0,0,0,0
4.570095,0,0,0,0
4.571581,0,0,0,0
4.573072,0,0,0,0
4.574714,0,0,0,0
4.576423,0,0,0,0
4.578053,0,0,0,0
4.579539,0,0,0,0
4.581026,0,0,0,0
4.582519,0,0,0,0
4.584010,0,0,0,0
4.585654,0,0,0,0
4.587349,0,0,0,0
4.589031,0,0,0,0
4.590703,0,0,0,0
4.592432,0,0,0,0
4.594148,0,0,0,0
4.595824,0,0,0,0
4.597368,0,0,0,0
4.599016,0,0,0,0
4.600544,0,0,0,0
4.602193,0,0,0,0
4.603914,0,0,0,0
4.605593,0,0,0,0
4.608275,0,0,0,0
4.609958,0,0,0,0
4.611448,0,0,0,0
4.612958,0,0,0,0
4.614568,0,0,0,0
4.616115,0,0,0,0
4.617602,0,0,0,0
4.619093,0,0,0,0
4.620592,0,0,0,0
4.622085,0,0,0,0
4.623572,0,0,0,0
4.625117,0,0,0,0
4.626607,0,0,0,0
4.628044,0,0,0,0
4.629686,0,0,0,0
4.631379,0,0,0,0
4.633059,0,0,0,0
4.634739,0,0,0,0
4.636416,0,0,0,0
4.638100,0,0,0,0
4.639776,0,0,0,0
4.641341,0,0,0,0
4.642990,0,0,0,0
4.644671,0,0,0,0
4.646350,0,0,0,0
4.648086,0,0,0,0
4.649741,0,0,0,0
4.651337,0,0,0,0
4.652997,0,0,0,0
4.654674,0,0,0,0
4.656431,0,0,0,0
4.658012,0,0,0,0
4.659538,0,0,0,0
4.661031,0,0,0,0
4.662522,0,0,0,0
4.664082,0,0,0,0
4.665572,0,0,0,0
4.667133,0,0,0,0
4.668598,0,0,0,0
4.670024,0,0,0,0
4.671443,0,0,0,0
4.672903,0,0,0,0
4.674513,0,0,0,0
4.675947,0,0,0,0
4.677426,0,0,0,0
4.678916,0,0,0,0
4.680460,0,0,0,0
4.681948,0,0,0,0
4.684800,0,0,0,0
4.686337,0,0,0,0
4.688094,0,0,0,0
4.689577,0,0,0,0
4.691024,0,0,0,0
4.692472,0,0,0,0
4.693955,0,0,0,0
4.695398,0,0,0,0
4.696946,0,0,0,0
4.698560,0,0,0,0
4.700043,0,0,0,0
4.701525,0,0,0,0
4.703159,0,0,0,0
4.704936,0,0,0,0
4.706527,0,0,0,0
4.708045,0,0,0,0
4.709542,0,0,0,0
4.711033,0,0,0,0
4.712585,0,0,0,0
4.714078,0,0,0,0
4.715572,0,0,0,0
4.717218,0,0,0,0
4.718766,0,0,0,0
4.720325,0,0,0,0
4.721935,0,0,0,0
4.723427,0,0,0,0
4.724921,0,0,0,0
4.726413,0,0,0,0
4.727959,0,0,0,0
4.729459,0,0,0,0
4.731055,0,0,0,0
4.732796,0,0,0,0
4.734345,0,0,0,0
4.735882,0,0,0,0
4.737491,0,0,0,0
4.738996,0,0,0,0
4.740490,0,0,0,0
4.742075,0,0,0,0
4.743607,0,0,0,0
4.745214,0,0,0,0
4.746707,0,0,0,0
4.748191,0,0,0,0
4.749675,0,0,0,0
4.751170,0,0,0,0
4.752755,0,0,0,0
4.754393,0,0,0,0
4.755942,0,0,0,0
4.757597,0,0,0,0
4.759280,0,0,0,0
4.760965,0,0,0,0
4.762660,0,0,0,0
4.764339,0,0,0,0
4.766025,0,0,0,0
4.767700,0,0,0,0
4.769436,0,0,0,0
4.771117,0,0,0,0
4.772660,0,0,0,0
4.774228,0,0,0,0
4.775871,0,0,0,0
4.777472,0,0,0,0
4.779072,0,0,0,0
4.780672,0,0,0,0
4.782261,0,0,0,0
4.783909,0,0,0,0
4.785579,0,0,0,0
4.787152,0,0,0,0
4.788751,0,0,0,0
4.790337,0,0,0,0
4.791971,0,0,0,0
4.793530,0,0,0,0
4.795044,0,0,0,0
4.796470,0,0,0,0
4.798027,0,0,0,0
4.799518,0,0,0,0
4.801065,0,0,0,0
4.802501,0,0,0,0
4.804095,0,0,0,0
4.805790,0,0,0,0
4.807472,0,0,0,0
4.809220,0,0,0,0
4.810901,0,0,0,0
4.812581,0,0,0,0
4.814333,0,0,0,0
4.816088,0,0,0,0
4.817769,0,0,0,0
4.819451,0,0,0,0
4.821133,0,0,0,0
4.822815,0,0,0,0
4.824556,0,0,0,0
4.826259,0,0,0,0
4.827938,0,0,0,0
4.829619,0,0,0,0
4.831300,0,0,0,0
4.832984,0,0,0,0
4.834666,0,0,0,0
4.836213,0,0,0,0
4.837710,0,0,0,0
4.839354,0,0,0,0
4.840888,0,0,0,0
4.842536,0,0,0,0
4.844215,0,0,0,0
4.846010,0,0,0,0
4.847691,0,0,0,0
4.849277,0,0,0,0
4.850808,0,0,0,0
4.852292,0,0,0,0
4.854011,0,0,0,0
4.855613,0,0,0,0
4.857161,0,0,0,0
4.858661,0,0,0,0
4.860304,0,0,0,0
4.862107,0,0,0,0
4.863848,0,0,0,0
4.865383,0,0,0,0
4.866876,0,0,0,0
4.868363,0,0,0,0
4.869872,0,0,0,0
4.871360,0,0,0,0
4.872869,0,0,0,0
4.874361,0,0,0,0
4.875851,0,0,0,0
4.877342,0,0,0,0
4.878832,0,0,0,0
4.880472,0,0,0,0
4.882123,0,0,0,0
4.883764,0,0,0,0
4.885447,0,0,0,0
4.887127,0,0,0,0
4.888810,0,0,0,0
4.890491,0,0,0,0
4.892185,0,0,0,0
4.893875,0,0,0,0
4.895492,0,0,0,0
4.897050,0,0,0,0
4.898559,0,0,0,0
4.900052,0,0,0,0
4.901547,0,0,0,0
4.903053,0,0,0,0
4.904607,0,0,0,0
4.906124,0,0,0,0
4.907612,0,0,0,0
4.909105,0,0,0,0
4.910586,0,0,0,0
4.912278,0,0,0,0
4.913964,0,0,0,0
4.915458,0,0,0,0
4.916989,0,0,0,0
4.918479,0,0,0,0
4.920025,0,0,0,0
4.921515,0,0,0,0
4.923157,0,0,0,0
4.924705,0,0,0,0
4.926351,0,0,0,0
4.928089,0,0,0,0
4.929766,0,0,0,0
4.931444,0,0,0,0
4.933125,0,0,0,0
4.934805,0,0,0,0
4.936557,0,0,0,0
4.938241,0,0,0,0
4.939918,0,0,0,0
4.941597,0,0,0,0
4.943275,0,0,0,0
4.944959,0,0,0,0
4.946654,0,0,0,0
4.948330,0,0,0,0
4.950012,0,0,0,0
4.951689,0,0,0,0
4.953433,0,0,0,0
4.955110,0,0,0,0
4.956663,0,0,0,0
4.958320,0,0,0,0
4.960060,0,0,0,0
4.961738,0,0,0,0
4.963420,0,0,0,0
4.965102,0,0,0,0
4.966784,0,0,0,0
4.968392,0,0,0,0
4.970041,0,0,0,0
4.971710,0,0,0,0
4.973312,0,0,0,0
4.974876,0,0,0,0
4.976669,0,0,0,0
4.978344,0,0,0,0
4.979887,0,0,0,0
4.981537,0,0,0,0
4.983218,0,0,0,0
4.984903,0,0,0,0
4.986584,0,0,0,0
4.988263,0,0,0,0
4.989911,0,0,0,0
4.991560,0,0,0,0
4.993307,0,0,0,0
4.994988,0,0,0,0
4.996671,0,0,0,0
4.998352,0,0,0,0
5.000095,0,0,0,0
5.001791,0,0,0,0
5.003471,0,0,0,0
5.005154,0,0,0,0
5.006836,0,0,0,0
5.008577,0,0,0,0
5.010326,0,0,0,0
5.012020,0,0,0,0
5.013700,0,0,0,0
5.015380,0,0,0,0
5.017063,0,0,0,0
5.018742,0,0,0,0
5.020422,0,0,0,0
5.022123,0,0,0,0
5.023866,0,0,0,0
5.025548,0,0,0,0
5.027229,0,0,0,0
5.028914,0,0,0,0
5.030585,0,0,0,0
5.032187,0,0,0,0
5.033777,0,0,0,0
5.035267,0,0,0,0
5.037112,0,0,0,0
5.038786,0,0,0,0
5.040370,0,0,0,0
5.042185,0,0,0,0
5.043647,0,0,0,0
5.045047,0,0,0,0
5.046442,0,0,0,0
5.047874,0,0,0,0
5.049486,0,0,0,0
5.052667,0,0,0,0
5.054169,0,0,0,0
5.055658,0,0,0,0
5.057207,0,0,0,0
5.058698,0,0,0,0
5.060188,0,0,0,0
5.061680,0,0,0,0
5.063210,0,0,0,0
5.064729,0,0,0,0
5.066220,0,0,0,0
5.067710,0,0,0,0
5.069202,0,0,0,0
5.070692,0,0,0,0
5.072233,0,0,0,0
5.073973,0,0,0,0
5.075519,0,0,0,0
5.077170,0,0,0,0
5.078853,0,0,0,0
5.080594,0,0,0,0
5.082344,0,0,0,0
5.084023,0,0,0,0
5.085716,0,0,0,0
5.087398,0,0,0,0
5.089081,0,0,0,0
5.090752,0,0,0,0
5.092421,0,0,0,0
5.093977,0,0,0,0
5.095475,0,0,0,0
5.097043,0,0,0,0
5.098536,0,0,0,0
5.100028,0,0,0,0
5.101518,0,0,0,0
5.103152,0,0,0,0
5.104917,0,0,0,0
5.106596,0,0,0,0
5.108287,0,0,0,0
5.110030,0,0,0,0
5.111708,0,0,0,0
5.113456,0,0,0,0
5.115137,0,0,0,0
5.116817,0,0,0,0
5.118362,0,0,0,0
5.120071,0,0,0,0
5.121750,0,0,0,0
5.123426,0,0,0,0
5.124998,0,0,0,0
5.126555,0,0,0,0
5.127945,0,0,0,0
5.129422,0,0,0,0
5.130817,0,0,0,0
5.132210,0,0,0,0
5.133604,0,0,0,0
5.134996,0,0,0,0
5.136429,0,0,0,0
5.139397,0,0,0,0
5.140911,0,0,0,0
5.142401,0,0,0,0
5.143945,0,0,0,0
5.145438,0,0,0,0
5.146929,0,0,0,0
5.148418,0,0,0,0
5.149908,0,0,0,0
5.151416,0,0,0,0
5.152895,0,0,0,0
5.154494,0,0,0,0
5.155979,0,0,0,0
5.157488,0,0,0,0
5.158981,0,0,0,0
5.160469,0,0,0,0
5.161984,0,0,0,0
5.163624,0,0,0,0
5.165306,0,0,0,0
5.166986,0,0,0,0
5.168670,0,0,0,0
5.170349,0,0,0,0
5.172028,0,0,0,0
5.173723,0,0,0,0
5.175399,0,0,0,0
5.177081,0,0,0,0
5.178760,0,0,0,0
5.180437,0,0,0,0
5.182118,0,0,0,0
5.184277,0,0,0,0
5.185950,0,0,0,0
5.187437,0,0,0,0
5.188923,0,0,0,0
5.190408,0,0,0,0
5.191947,0,0,0,0
5.193434,0,0,0,0
5.194935,0,0,0,0
5.196425,0,0,0,0
5.197919,0,0,0,0
5.199410,0,0,0,0
5.200902,0,0,0,0
5.202387,0,0,0,0
5.204028,0,0,0,0
5.205571,0,0,0,0
5.207221,0,0,0,0
5.208906,0,0,0,0
5.210578,0,0,0,0
5.212247,0,0,0,0
5.213939,0,0,0,0
5.215752,0,0,0,0
5.217384,0,0,0,0
5.219030,0,0,0,0
5.220543,0,0,0,0
5.222037,0,0,0,0
5.223528,0,0,0,0
5.225076,0,0,0,0
5.226577,0,0,0,0
5.228217,0,0,0,0
5.229850,0,0,0,0
5.231394,0,0,0,0
5.232938,0,0,0,0
5.234436,0,0,0,0
5.235929,0,0,0,0
5.237437,0,0,0,0
5.238929,0,0,0,0
5.240420,0,0,0,0
5.241935,0,0,0,0
5.243480,0,0,0,0
5.245030,0,0,0,0
5.246543,0,0,0,0
5.248097,0,0,0,0
5.249586,0,0,0,0
5.251077,0,0,0,0
5.252478,0,0,0,0
5.254063,0,0,0,0
5.255659,0,0,0,0
5.257309,0,0,0,0
5.258921,0,0,0,0
5.260518,0,0,0,0
5.262122,0,0,0,0
5.263717,0,0,0,0
5.265365,0,0,0,0
5.266963,0,0,0,0
5.268559,0,0,0,0
5.270170,0,0,0,0
5.271755,0,0,0,0
5.273211,0,0,0,0
5.274917,0,0,0,0
5.276503,0,0,0,0
5.277997,0,0,0,0
5.279639,0,0,0,0
5.281397,0,0,0,0
5.283074,0,0,0,0
5.284754,0,0,0,0
5.286431,0,0,0,0
5.288170,0,0,0,0
5.289845,0,0,0,0
5.291391,0,0,0,0
5.293041,0,0,0,0
5.294720,0,0,0,0
5.296456,0,0,0,0
5.298066,0,0,0,0
5.299561,0,0,0,0
5.301053,0,0,0,0
5.302557,0,0,0,0
5.304102,0,0,0,0
5.305592,0,0,0,0
5.307233,0,0,0,0
5.308914,0,0,0,0
5.310592,0,0,0,0
5.312331,0,0,0,0
5.313878,0,0,0,0
5.315524,0,0,0,0
5.317203,0,0,0,0
5.318883,0,0,0,0
5.320622,0,0,0,0
5.322309,0,0,0,0
5.323954,0,0,0,0
5.325500,0,0,0,0
5.327002,0,0,0,0
5.328712,0,0,0,0
5.330383,0,0,0,0
5.332052,0,0,0,0
5.333585,0,0,0,0
5.335203,0,0,0,0
5.336728,0,0,0,0
5.338293,0,0,0,0
5.339783,0,0,0,0
5.341275,0,0,0,0
5.342764,0,0,0,0
5.344467,0,0,0,0
5.346204,0,0,0,0
5.347895,0,0,0,0
5.349575,0,0,0,0
5.351256,0,0,0,0
5.352940,0,0,0,0
5.354618,0,0,0,0
5.356295,0,0,0,0
5.358136,0,0,0,0
5.359642,0,0,0,0
5.361200,0,0,0,0
5.362731,0,0,0,0
5.364222,0,0,0,0
5.365713,0,0,0,0
5.367205,0,0,0,0
5.368764,0,0,0,0
5.370254,0,0,0,0
5.371895,0,0,0,0
5.373576,0,0,0,0
5.375257,0,0,0,0
5.376940,0,0,0,0
5.378620,0,0,0,0
5.380165,0,0,0,0
5.381815,0,0,0,0
5.383496,0,0,0,0
5.385242,0,0,0,0
5.386923,0,0,0,0
5.388601,0,0,0,0
5.390351,0,0,0,0
5.392081,0,0,0,0
5.393610,0,0,0,0
5.395186,0,0,0,0
5.396905,0,0,0,0
5.398574,0,0,0,0
5.400165,0,0,0,0
5.401824,0,0,0,0
5.403501,0,0,0,0
5.405181,0,0,0,0
5.406860,0,0,0,0
5.408599,0,0,0,0
5.410347,0,0,0,0
5.412037,0,0,0,0
5.413715,0,0,0,0
5.415393,0,0,0,0
5.417072,0,0,0,0
5.418750,0,0,0,0
5.420426,0,0,0,0
5.421975,0,0,0,0
5.423481,0,0,0,0
5.425222,0,0,0,0
5.426914,0,0,0,0
5.428594,0,0,0,0
5.430139,0,0,0,0
5.431638,0,0,0,0
5.433362,0,0,0,0
5.435043,0,0,0,0
5.436726,0,0,0,0
5.438398,0,0,0,0
5.440128,0,0,0,0
5.441652,0,0,0,0
5.443154,0,0,0,0
5.444666,0,0,0,0
5.446311,0,0,0,0
5.448054,0,0,0,0
5.449735,0,0,0,0
5.451443,0,0,0,0
5.452966,0,0,0,0
5.454580,0,0,0,0
5.456340,0,0,0,0
5.458098,0,0,0,0
5.459990,0,0,0,0
5.461715,0,0,0,0
5.463394,0,0,0,0
5.465076,0,0,0,0
5.466771,0,0,0,0
5.468449,0,0,0,0
5.470161,0,0,0,0
5.471899,0,0,0,0
5.473578,0,0,0,0
5.475255,0,0,0,0
5.476804,0,0,0,0
5.478457,0,0,0,0
5.480198,0,0,0,0
5.481846,0,0,0,0
5.483494,0,0,0,0
5.485176,0,0,0,0
5.486857,0,0,0,0
5.488405,0,0,0,0
5.490058,0,0,0,0
5.491736,0,0,0,0
5.493418,0,0,0,0
5.495099,0,0,0,0
5.496783,0,0,0,0
5.498465,0,0,0,0
5.500159,0,0,0,0
5.501840,0,0,0,0
5.503521,0,0,0,0
5.505266,0,0,0,0
5.506946,0,0,0,0
5.508626,0,0,0,0
5.510420,0,0,0,0
5.512151,0,0,0,0
5.513721,0,0,0,0
5.515213,0,0,0,0
5.516861,0,0,0,0
5.518542,0,0,0,0
5.520131,0,0,0,0
5.521795,0,0,0,0
5.523474,0,0,0,0
5.525154,0,0,0,0
5.526832,0,0,0,0
5.528570,0,0,0,0
5.530252,0,0,0,0
5.531943,0,0,0,0
5.533623,0,0,0,0
5.535301,0,0,0,0
5.536982,0,0,0,0
5.538675,0,0,0,0
5.540356,0,0,0,0
5.542051,0,0,0,0
5.543719,0,0,0,0
5.545312,0,0,0,0
5.546959,0,0,0,0
5.548697,0,0,0,0
5.550362,0,0,0,0
5.552092,0,0,0,0
5.553634,0,0,0,0
5.555279,0,0,0,0
5.556922,0,0,0,0
5.558455,0,0,0,0
5.560165,0,0,0,0
5.561817,0,0,0,0
5.563497,0,0,0,0
5.565194,0,0,0,0
5.566875,0,0,0,0
5.568614,0,0,0,0
5.570161,0,0,0,0
5.571798,0,0,0,0
5.573530,0,0,0,0
5.575124,0,0,0,0
5.576942,0,0,0,0
5.578560,0,0,0,0
5.580056,0,0,0,0
5.581546,0,0,0,0
5.583030,0,0,0,0
5.584570,0,0,0,0
5.586186,0,0,0,0
5.587819,0,0,0,0
5.589347,0,0,0,0
5.590995,0,0,0,0
5.592677,0,0,0,0
5.594356,0,0,0,0
5.596033,0,0,0,0
5.597577,0,0,0,0
5.599226,0,0,0,0
5.600909,0,0,0,0
5.602590,0,0,0,0
5.604268,0,0,0,0
5.606055,0,0,0,0
5.607743,0,0,0,0
5.609420,0,0,0,0
5.611008,0,0,0,0
5.612564,0,0,0,0
5.614120,0,0,0,0
5.615666,0,0,0,0
5.617134,0,0,0,0
5.618670,0,0,0,0
5.620253,0,0,0,0
5.621997,0,0,0,0
5.623664,0,0,0,0
5.625405,0,0,0,0
5.627083,0,0,0,0
5.628775,0,0,0,0
5.630453,0,0,0,0
5.632191,0,0,0,0
5.633777,0,0,0,0
5.635269,0,0,0,0
5.636917,0,0,0,0
5.638595,0,0,0,0
5.640199,0,0,0,0
5.641849,0,0,0,0
5.643530,0,0,0,0
5.645213,0,0,0,0
5.646884,0,0,0,0
5.648614,0,0,0,0
5.650197,0,0,0,0
5.651692,0,0,0,0
5.653337,0,0,0,0
5.655017,0,0,0,0
5.656701,0,0,0,0
5.658382,0,0,0,0
5.660059,0,0,0,0
5.661600,0,0,0,0
5.663249,0,0,0,0
5.664932,0,0,0,0
5.666612,0,0,0,0
5.668288,0,0,0,0
5.670074,0,0,0,0
5.671766,0,0,0,0
5.673468,0,0,0,0
5.675148,0,0,0,0
5.676830,0,0,0,0
5.678510,0,0,0,0
5.680247,0,0,0,0
5.681888,0,0,0,0
5.683536,0,0,0,0
5.685217,0,0,0,0
5.686897,0,0,0,0
5.688725,0,0,0,0
5.690419,0,0,0,0
5.692102,0,0,0,0
5.693742,0,0,0,0
5.695243,0,0,0,0
5.697080,0,0,0,0
5.698627,0,0,0,0
5.700117,0,0,0,0
5.701605,0,0,0,0
5.703108,0,0,0,0
5.704662,0,0,0,0
5.706155,0,0,0,0
5.707797,0,0,0,0
5.709482,0,0,0,0
5.711161,0,0,0,0
5.712843,0,0,0,0
5.714636,0,0,0,0
5.716313,0,0,0,0
5.718128,0,0,0,0
5.719869,0,0,0,0
5.721549,0,0,0,0
5.723228,0,0,0,0
5.724775,0,0,0,0
5.726421,0,0,0,0
5.728160,0,0,0,0
5.729839,0,0,0,0
5.731517,0,0,0,0
5.733049,0,0,0,0
5.734703,0,0,0,0
5.736458,0,0,0,0
5.738218,0,0,0,0
5.739894,0,0,0,0
5.741573,0,0,0,0
5.743249,0,0,0,0
5.744917,0,0,0,0
5.746551,0,0,0,0
5.748047,0,0,0,0
5.749694,0,0,0,0
5.751363,0,0,0,0
5.752936,0,0,0,0
5.754545,0,0,0,0
5.756188,0,0,0,0
5.757795,0,0,0,0
5.759385,0,0,0,0
5.760890,0,0,0,0
5.762534,0,0,0,0
5.764215,0,0,0,0
5.766047,0,0,0,0
5.767727,0,0,0,0
5.769295,0,0,0,0
5.770946,0,0,0,0
5.772626,0,0,0,0
5.774313,0,0,0,0
5.775870,0,0,0,0
5.777515,0,0,0,0
5.779196,0,0,0,0
5.780894,0,0,0,0
5.782577,0,0,0,0
5.784316,0,0,0,0
5.786133,0,0,0,0
5.787812,0,0,0,0
5.789496,0,0,0,0
5.791043,0,0,0,0
5.792559,0,0,0,0
5.794137,0,0,0,0
5.795634,0,0,0,0
5.797130,0,0,0,0
5.798621,0,0,0,0
5.800170,0,0,0,0
5.801672,0,0,0,0
5.803317,0,0,0,0
5.805000,0,0,0,0
5.806680,0,0,0,0
5.808419,0,0,0,0
5.809976,0,0,0,0
5.811632,0,0,0,0
5.813212,0,0,0,0
5.814902,0,0,0,0
5.816599,0,0,0,0
5.818268,0,0,0,0
5.819760,0,0,0,0
5.821176,0,0,0,0
5.822597,0,0,0,0
5.824052,0,0,0,0
5.825581,0,0,0,0
5.827296,0,0,0,0
5.828850,0,0,0,0
5.830592,0,0,0,0
5.832178,0,0,0,0
5.833668,0,0,0,0
5.835169,0,0,0,0
5.836761,0,0,0,0
5.838245,0,0,0,0
5.839728,0,0,0,0
5.841270,0,0,0,0
5.842909,0,0,0,0
5.844585,0,0,0,0
5.846159,0,0,0,0
5.847692,0,0,0,0
5.849401,0,0,0,0
5.851082,0,0,0,0
5.852765,0,0,0,0
5.854436,0,0,0,0
5.856167,0,0,0,0
5.857704,0,0,0,0
5.859345,0,0,0,0
5.860869,0,0,0,0
5.862370,0,0,0,0
5.864081,0,0,0,0
5.865763,0,0,0,0
5.867443,0,0,0,0
5.869141,0,0,0,0
5.870811,0,0,0,0
5.872541,0,0,0,0
5.874251,0,0,0,0
5.876039,0,0,0,0
5.877566,0,0,0,0
5.879225,0,0,0,0
5.880909,0,0,0,0
5.882590,0,0,0,0
5.884267,0,0,0,0
5.886062,0,0,0,0
5.887741,0,0,0,0
5.889458,0,0,0,0
5.891138,0,0,0,0
5.892820,0,0,0,0
5.894501,0,0,0,0
5.896241,0,0,0,0
5.897885,0,0,0,0
5.899543,0,0,0,0
5.901226,0,0,0,0
5.902903,0,0,0,0
5.904730,0,0,0,0
5.906283,0,0,0,0
5.907778,0,0,0,0
5.909273,0,0,0,0
5.910778,0,0,0,0
5.912325,0,0,0,0
5.913921,0,0,0,0
5.915412,0,0,0,0
5.916905,0,0,0,0
5.918394,0,0,0,0
5.920097,0,0,0,0
5.921639,0,0,0,0
5.923290,0,0,0,0
5.924972,0,0,0,0
5.926652,0,0,0,0
5.928393,0,0,0,0
5.930072,0,0,0,0
5.931741,0,0,0,0
5.933281,0,0,0,0
5.934870,0,0,0,0
5.936606,0,0,0,0
5.938279,0,0,0,0
5.939927,0,0,0,0
5.941607,0,0,0,0
5.943285,0,0,0,0
5.944833,0,0,0,0
5.946482,0,0,0,0
5.948158,0,0,0,0
5.949836,0,0,0,0
5.951516,0,0,0,0
5.953261,0,0,0,0
5.954940,0,0,0,0
5.956722,0,0,0,0
5.958424,0,0,0,0
5.960100,0,0,0,0
5.961602,0,0,0,0
5.963246,0,0,0,0
5.964924,0,0,0,0
5.966601,0,0,0,0
5.968211,0,0,0,0
5.969865,0,0,0,0
5.971545,0,0,0,0
5.973228,0,0,0,0
5.974910,0,0,0,0
5.976772,0,0,0,0
5.978369,0,0,0,0
5.979864,0,0,0,0
5.981506,0,0,0,0
5.983186,0,0,0,0
5.984871,0,0,0,0
5.986552,0,0,0,0
5.988232,0,0,0,0
5.989879,0,0,0,0
5.991519,0,0,0,0
5.993109,0,0,0,0
5.994811,0,0,0,0
5.996484,0,0,0,0
5.998014,0,0,0,0
5.999661,0,0,0,0
6.001423,0,0,0,0
6.003103,0,0,0,0
6.004783,0,0,0,0
6.006463,0,0,0,0
6.008202,0,0,0,0
6.009964,0,0,0,0
6.011656,0,0,0,0
6.013337,0,0,0,0
6.015016,0,0,0,0
6.016697,0,0,0,0
6.018377,0,0,0,0
6.020056,0,0,0,0
6.021749,0,0,0,0
6.023428,0,0,0,0
6.025110,0,0,0,0
6.026790,0,0,0,0
6.028468,0,0,0,0
6.030171,0,0,0,0
6.031890,0,0,0,0
6.033570,0,0,0,0
6.035250,0,0,0,0
6.036931,0,0,0,0
6.038463,0,0,0,0
6.039976,0,0,0,0
6.041828,0,0,0,0
6.043338,0,0,0,0
6.044825,0,0,0,0
6.046310,0,0,0,0
6.047855,0,0,0,0
6.049338,0,0,0,0
6.050971,0,0,0,0
6.052812,0,0,0,0
6.054561,0,0,0,0
6.056268,0,0,0,0
6.058138,0,0,0,0
6.059815,0,0,0,0
6.061498,0,0,0,0
6.063170,0,0,0,0
6.064788,0,0,0,0
6.066438,0,0,0,0
6.068115,0,0,0,0
6.069792,0,0,0,0
6.071488,0,0,0,0
6.073238,0,0,0,0
6.074782,0,0,0,0
6.076429,0,0,0,0
6.078106,0,0,0,0
6.079762,0,0,0,0
6.081355,0,0,0,0
6.082969,0,0,0,0
6.084777,0,0,0,0
6.086528,0,0,0,0
6.088081,0,0,0,0
6.089723,0,0,0,0
6.091402,0,0,0,0
6.093083,0,0,0,0
6.094763,0,0,0,0
6.096502,0,0,0,0
6.098048,0,0,0,0
6.099548,0,0,0,0
6.101046,0,0,0,0
6.102539,0,0,0,0
6.104085,0,0,0,0
6.105575,0,0,0,0
6.107215,0,0,0,0
6.108912,0,0,0,0
6.110583,0,0,0,0
6.112314,0,0,0,0
6.114103,0,0,0,0
6.115767,0,0,0,0
6.117354,0,0,0,0
6.119037,0,0,0,0
6.120721,0,0,0,0
6.122401,0,0,0,0
6.124079,0,0,0,0
6.125758,0,0,0,0
6.127429,0,0,0,0
6.129201,0,0,0,0
6.130850,0,0,0,0
6.132525,0,0,0,0
6.134209,0,0,0,0
6.135947,0,0,0,0
6.137626,0,0,0,0
6.139170,0,0,0,0
6.140819,0,0,0,0
6.142498,0,0,0,0
6.144236,0,0,0,0
6.146030,0,0,0,0
6.147706,0,0,0,0
6.149398,0,0,0,0
6.151077,0,0,0,0
6.152759,0,0,0,0
6.154438,0,0,0,0
6.156113,0,0,0,0
6.157790,0,0,0,0
6.159396,0,0,0,0
6.160908,0,0,0,0
6.162403,0,0,0,0
6.163896,0,0,0,0
6.165389,0,0,0,0
6.166875,0,0,0,0
6.168359,0,0,0,0
6.169992,0,0,0,0
6.171626,0,0,0,0
6.173151,0,0,0,0
6.174632,0,0,0,0
6.176336,0,0,0,0
6.177867,0,0,0,0
6.179508,0,0,0,0
6.181045,0,0,0,0
6.182688,0,0,0,0
6.184401,0,0,0,0
6.186009,0,0,0,0
6.187436,0,0,0,0
6.188857,0,0,0,0
6.190275,0,0,0,0
6.191702,0,0,0,0
6.193166,0,0,0,0
6.194791,0,0,0,0
6.196387,0,0,0,0
6.197989,0,0,0,0
6.199586,0,0,0,0
6.201187,0,0,0,0
6.202798,0,0,0,0
6.204394,0,0,0,0
6.205994,0,0,0,0
6.207591,0,0,0,0
6.209211,0,0,0,0
6.210889,0,0,0,0
6.212567,0,0,0,0
6.214266,0,0,0,0
6.216002,0,0,0,0
6.217681,0,0,0,0
6.219357,0,0,0,0
6.221040,0,0,0,0
6.222720,0,0,0,0
6.224327,0,0,0,0
6.226104,0,0,0,0
6.227782,0,0,0,0
6.229463,0,0,0,0
6.231134,0,0,0,0
6.232911,0,0,0,0
6.234463,0,0,0,0
6.236067,0,0,0,0
6.237575,0,0,0,0
6.239244,0,0,0,0
6.240927,0,0,0,0
6.242607,0,0,0,0
6.244321,0,0,0,0
6.246077,0,0,0,0
6.247724,0,0,0,0
6.249427,0,0,0,0
6.251106,0,0,0,0
6.252788,0,0,0,0
6.254468,0,0,0,0
6.256207,0,0,0,0
6.257984,0,0,0,0
6.259661,0,0,0,0
6.261342,0,0,0,0
6.263022,0,0,0,0
6.264704,0,0,0,0
6.266385,0,0,0,0
6.267931,0,0,0,0
6.269581,0,0,0,0
6.271250,0,0,0,0
6.272929,0,0,0,0
6.274580,0,0,0,0
6.276257,0,0,0,0
6.278004,0,0,0,0
6.279696,0,0,0,0
6.281442,0,0,0,0
6.283122,0,0,0,0
6.284804,0,0,0,0
6.286484,0,0,0,0
6.288225,0,0,0,0
6.289860,0,0,0,0
6.291500,0,0,0,0
6.293025,0,0,0,0
6.294811,0,0,0,0
6.296539,0,0,0,0
6.298041,0,0,0,0
6.299686,0,0,0,0
6.301380,0,0,0,0
6.303058,0,0,0,0
6.304737,0,0,0,0
6.306416,0,0,0,0
6.308092,0,0,0,0
6.309769,0,0,0,0
6.311314,0,0,0,0
6.313024,0,0,0,0
6.314704,0,0,0,0
6.316380,0,0,0,0
6.318062,0,0,0,0
6.319738,0,0,0,0
6.321440,0,0,0,0
6.323133,0,0,0,0
6.324813,0,0,0,0
6.326427,0,0,0,0
6.328135,0,0,0,0
6.329813,0,0,0,0
6.331493,0,0,0,0
6.333039,0,0,0,0
6.334686,0,0,0,0
6.336425,0,0,0,0
6.338107,0,0,0,0
6.339781,0,0,0,0
6.341312,0,0,0,0
6.342965,0,0,0,0
6.344661,0,0,0,0
6.346343,0,0,0,0
6.348022,0,0,0,0
6.349703,0,0,0,0
6.351374,0,0,0,0
6.352896,0,0,0,0
6.354501,0,0,0,0
6.356154,0,0,0,0
6.357678,0,0,0,0
6.359320,0,0,0,0
6.360888,0,0,0,0
6.362547,0,0,0,0
6.364225,0,0,0,0
6.366057,0,0,0,0
6.367750,0,0,0,0
6.369454,0,0,0,0
6.371135,0,0,0,0
6.372817,0,0,0,0
6.374498,0,0,0,0
6.376239,0,0,0,0
6.377887,0,0,0,0
6.379535,0,0,0,0
6.381216,0,0,0,0
6.382887,0,0,0,0
6.384616,0,0,0,0
6.386484,0,0,0,0
6.388061,0,0,0,0
6.389558,0,0,0,0
6.391050,0,0,0,0
6.392596,0,0,0,0
6.394089,0,0,0,0
6.395731,0,0,0,0
6.397412,0,0,0,0
6.398959,0,0,0,0
6.400671,0,0,0,0
6.402351,0,0,0,0
6.404029,0,0,0,0
6.405709,0,0,0,0
6.407390,0,0,0,0
6.409072,0,0,0,0
6.410759,0,0,0,0
6.412429,0,0,0,0
6.414103,0,0,0,0
6.415625,0,0,0,0
6.417408,0,0,0,0
6.419079,0,0,0,0
6.420620,0,0,0,0
6.422311,0,0,0,0
6.424048,0,0,0,0
6.425726,0,0,0,0
6.427483,0,0,0,0
6.429221,0,0,0,0
6.430915,0,0,0,0
6.432756,0,0,0,0
6.434320,0,0,0,0
6.435967,0,0,0,0
6.437652,0,0,0,0
6.439313,0,0,0,0
6.440925,0,0,0,0
6.444094,0,0,0,0
6.445599,0,0,0,0
6.447096,0,0,0,0
6.448644,0,0,0,0
6.450134,0,0,0,0
6.451651,0,0,0,0
6.453143,0,0,0,0
6.454633,0,0,0,0
6.456176,0,0,0,0
6.457667,0,0,0,0
6.459153,0,0,0,0
6.460649,0,0,0,0
6.462168,0,0,0,0
6.463659,0,0,0,0
6.465298,0,0,0,0
6.466978,0,0,0,0
6.468523,0,0,0,0
6.470099,0,0,0,0
6.471585,0,0,0,0
6.473148,0,0,0,0
6.474867,0,0,0,0
6.476371,0,0,0,0
6.477860,0,0,0,0
6.479501,0,0,0,0
6.481247,0,0,0,0
6.482927,0,0,0,0
6.484470,0,0,0,0
6.486147,0,0,0,0
6.487889,0,0,0,0
6.489571,0,0,0,0
6.491252,0,0,0,0
6.492933,0,0,0,0
6.494629,0,0,0,0
6.496368,0,0,0,0
6.498053,0,0,0,0
6.499731,0,0,0,0
6.501412,0,0,0,0
6.503091,0,0,0,0
6.504721,0,0,0,0
6.506372,0,0,0,0
6.508049,0,0,0,0
6.509729,0,0,0,0
6.511411,0,0,0,0
6.513092,0,0,0,0
6.514788,0,0,0,0
6.516466,0,0,0,0
6.518145,0,0,0,0
6.519854,0,0,0,0
6.521535,0,0,0,0
6.523214,0,0,0,0
6.524762,0,0,0,0
6.526411,0,0,0,0
6.528152,0,0,0,0
6.529834,0,0,0,0
6.531495,0,0,0,0
6.532986,0,0,0,0
6.534531,0,0,0,0
6.536140,0,0,0,0
6.538037,0,0,0,0
6.539558,0,0,0,0
6.541044,0,0,0,0
6.542524,0,0,0,0
6.544063,0,0,0,0
6.545546,0,0,0,0
6.547197,0,0,0,0
6.548877,0,0,0,0
6.550534,0,0,0,0
6.552176,0,0,0,0
6.553640,0,0,0,0
6.555076,0,0,0,0
6.556806,0,0,0,0
6.558365,0,0,0,0
6.559856,0,0,0,0
6.561338,0,0,0,0
6.562985,0,0,0,0
6.564669,0,0,0,0
6.566348,0,0,0,0
6.568083,0,0,0,0
6.569621,0,0,0,0
6.571269,0,0,0,0
6.572949,0,0,0,0
6.574738,0,0,0,0
6.576469,0,0,0,0
6.578106,0,0,0,0
6.579619,0,0,0,0
6.581108,0,0,0,0
6.582592,0,0,0,0
6.584129,0,0,0,0
6.585616,0,0,0,0
6.587107,0,0,0,0
6.588751,0,0,0,0
6.590290,0,0,0,0
6.591989,0,0,0,0
6.593588,0,0,0,0
6.595166,0,0,0,0
6.596897,0,0,0,0
6.598568,0,0,0,0
6.600161,0,0,0,0
6.601822,0,0,0,0
6.603502,0,0,0,0
6.605184,0,0,0,0
6.606864,0,0,0,0
6.608604,0,0,0,0
6.610167,0,0,0,0
6.611678,0,0,0,0
6.613175,0,0,0,0
6.614668,0,0,0,0
6.616215,0,0,0,0
6.617705,0,0,0,0
6.619347,0,0,0,0
6.621028,0,0,0,0
6.622721,0,0,0,0
6.624458,0,0,0,0
6.626214,0,0,0,0
6.627893,0,0,0,0
6.629574,0,0,0,0
6.631254,0,0,0,0
6.632802,0,0,0,0
6.634453,0,0,0,0
6.636131,0,0,0,0
6.637811,0,0,0,0
6.639481,0,0,0,0
6.641109,0,0,0,0
6.642756,0,0,0,0
6.644448,0,0,0,0
6.646128,0,0,0,0
6.647869,0,0,0,0
6.649551,0,0,0,0
6.651220,0,0,0,0
6.652912,0,0,0,0
6.654664,0,0,0,0
6.656369,0,0,0,0
6.657899,0,0,0,0
6.659545,0,0,0,0
6.661225,0,0,0,0
6.662904,0,0,0,0
6.664734,0,0,0,0
6.666445,0,0,0,0
6.668122,0,0,0,0
6.669801,0,0,0,0
6.671479,0,0,0,0
6.673223,0,0,0,0
6.674898,0,0,0,0
6.676440,0,0,0,0
6.678092,0,0,0,0
6.679767,0,0,0,0
6.681467,0,0,0,0
6.683146,0,0,0,0
6.684825,0,0,0,0
6.686504,0,0,0,0
6.688256,0,0,0,0
6.690047,0,0,0,0
6.691723,0,0,0,0
6.693429,0,0,0,0
6.695093,0,0,0,0
6.696855,0,0,0,0
6.698357,0,0,0,0
6.699844,0,0,0,0
6.701331,0,0,0,0
6.702821,0,0,0,0
6.704522,0,0,0,0
6.706059,0,0,0,0
6.707786,0,0,0,0
6.709487,0,0,0,0
6.711157,0,0,0,0
6.712914,0,0,0,0
6.714451,0,0,0,0
6.716054,0,0,0,0
6.717560,0,0,0,0
6.719224,0,0,0,0
6.720772,0,0,0,0
6.722419,0,0,0,0
6.724095,0,0,0,0
6.725773,0,0,0,0
6.727451,0,0,0,0
6.729195,0,0,0,0
6.730872,0,0,0,0
6.732564,0,0,0,0
6.734248,0,0,0,0
6.735985,0,0,0,0
6.737664,0,0,0,0
6.739341,0,0,0,0
6.741020,0,0,0,0
6.742565,0,0,0,0
6.744270,0,0,0,0
6.745920,0,0,0,0
6.747572,0,0,0,0
6.749252,0,0,0,0
6.750931,0,0,0,0
6.752671,0,0,0,0
6.754365,0,0,0,0
6.756042,0,0,0,0
6.757720,0,0,0,0
6.759397,0,0,0,0
6.761084,0,0,0,0
6.762743,0,0,0,0
6.764287,0,0,0,0
6.766002,0,0,0,0
6.767681,0,0,0,0
6.769430,0,0,0,0
6.771100,0,0,0,0
6.772871,0,0,0,0
6.774619,0,0,0,0
6.776178,0,0,0,0
6.777665,0,0,0,0
6.779157,0,0,0,0
6.780648,0,0,0,0
6.782137,0,0,0,0
6.783776,0,0,0,0
6.785341,0,0,0,0
6.786989,0,0,0,0
6.788668,0,0,0,0
6.790347,0,0,0,0
6.792084,0,0,0,0
6.793761,0,0,0,0
6.795439,0,0,0,0
6.797133,0,0,0,0
6.798813,0,0,0,0
6.800550,0,0,0,0
6.802232,0,0,0,0
6.803909,0,0,0,0
6.805588,0,0,0,0
6.807134,0,0,0,0
6.808844,0,0,0,0
6.810524,0,0,0,0
6.812200,0,0,0,0
6.813829,0,0,0,0
6.815476,0,0,0,0
6.817221,0,0,0,0
6.818914,0,0,0,0
6.820591,0,0,0,0
6.822337,0,0,0,0
6.824076,0,0,0,0
6.825751,0,0,0,0
6.827429,0,0,0,0
6.828998,0,0,0,0
6.830497,0,0,0,0
6.832196,0,0,0,0
6.833821,0,0,0,0
6.835316,0,0,0,0
6.836966,0,0,0,0
6.838648,0,0,0,0
6.840253,0,0,0,0
6.842013,0,0,0,0
6.843693,0,0,0,0
6.845374,0,0,0,0
6.847056,0,0,0,0
6.848739,0,0,0,0
6.850435,0,0,0,0
6.852114,0,0,0,0
6.853795,0,0,0,0
6.855475,0,0,0,0
6.857221,0,0,0,0
6.858900,0,0,0,0
6.860594,0,0,0,0
6.862169,0,0,0,0
6.863878,0,0,0,0
6.865558,0,0,0,0
6.867239,0,0,0,0
6.868921,0,0,0,0
6.870468,0,0,0,0
6.872179,0,0,0,0
6.873705,0,0,0,0
6.875353,0,0,0,0
6.877036,0,0,0,0
6.878716,0,0,0,0
6.880457,0,0,0,0
6.882196,0,0,0,0
6.883874,0,0,0,0
6.885555,0,0,0,0
6.887235,0,0,0,0
6.888918,0,0,0,0
6.890590,0,0,0,0
6.892127,0,0,0,0
6.893738,0,0,0,0
6.895312,0,0,0,0
6.896800,0,0,0,0
6.898368,0,0,0,0
6.899861,0,0,0,0
6.901353,0,0,0,0
6.902855,0,0,0,0
6.904401,0,0,0,0
6.905893,0,0,0,0
6.907534,0,0,0,0
6.909216,0,0,0,0
6.910896,0,0,0,0
6.912758,0,0,0,0
6.914359,0,0,0,0
6.915855,0,0,0,0
6.917500,0,0,0,0
6.919181,0,0,0,0
6.920749,0,0,0,0
6.922253,0,0,0,0
6.923745,0,0,0,0
6.925252,0,0,0,0
6.926744,0,0,0,0
6.928287,0,0,0,0
6.930038,0,0,0,0
6.931716,0,0,0,0
6.933397,0,0,0,0
6.935077,0,0,0,0
6.936622,0,0,0,0
6.938184,0,0,0,0
6.939752,0,0,0,0
6.941207,0,0,0,0
6.942756,0,0,0,0
6.944609,0,0,0,0
6.946220,0,0,0,0
6.947683,0,0,0,0
6.949131,0,0,0,0
6.950572,0,0,0,0
6.952039,0,0,0,0
6.953666,0,0,0,0
6.955233,0,0,0,0
6.956751,0,0,0,0
6.958265,0,0,0,0
6.960571,0,0,0,0
6.962108,0,0,0,0
6.963612,0,0,0,0
6.965105,0,0,0,0
6.966589,0,0,0,0
6.968130,0,0,0,0
6.969630,0,0,0,0
6.971122,0,0,0,0
6.972610,0,0,0,0
6.974099,0,0,0,0
6.975588,0,0,0,0
6.977084,0,0,0,0
6.978726,0,0,0,0
6.980270,0,0,0,0
6.982034,0,0,0,0
6.983713,0,0,0,0
6.985461,0,0,0,0
6.987132,0,0,0,0
6.988903,0,0,0,0
6.990629,0,0,0,0
6.992190,0,0,0,0
6.993836,0,0,0,0
6.995516,0,0,0,0
6.997198,0,0,0,0
6.998879,0,0,0,0
7.000620,0,0,0,0
7.002322,0,0,0,0
7.003971,0,0,0,0
7.005651,0,0,0,0
7.007331,0,0,0,0
7.009014,0,0,0,0
7.010685,0,0,0,0
7.012354,0,0,0,0
7.014016,0,0,0,0
7.015511,0,0,0,0
7.017063,0,0,0,0
7.018555,0,0,0,0
7.020039,0,0,0,0
7.021520,0,0,0,0
7.023077,0,0,0,0
7.024559,0,0,0,0
7.026211,0,0,0,0
7.027884,0,0,0,0
7.029428,0,0,0,0
7.031094,0,0,0,0
7.032776,0,0,0,0
7.034492,0,0,0,0
7.036184,0,0,0,0
7.037710,0,0,0,0
7.039219,0,0,0,0
7.040897,0,0,0,0
7.042574,0,0,0,0
7.044106,0,0,0,0
7.045755,0,0,0,0
7.047300,0,0,0,0
7.049010,0,0,0,0
7.050690,0,0,0,0
7.052367,0,0,0,0
7.054051,0,0,0,0
7.055727,0,0,0,0
7.057429,0,0,0,0
7.059123,0,0,0,0
7.060804,0,0,0,0
7.062483,0,0,0,0
7.064221,0,0,0,0
7.066197,0,0,0,0
7.067878,0,0,0,0
7.069421,0,0,0,0
7.071062,0,0,0,0
7.072586,0,0,0,0
7.074175,0,0,0,0
7.075812,0,0,0,0
7.077301,0,0,0,0
7.078790,0,0,0,0
7.080347,0,0,0,0
7.081953,0,0,0,0
7.083594,0,0,0,0
7.085276,0,0,0,0
7.086956,0,0,0,0
7.088700,0,0,0,0
7.090376,0,0,0,0
7.091918,0,0,0,0
7.093568,0,0,0,0
7.095248,0,0,0,0
7.096932,0,0,0,0
7.098608,0,0,0,0
7.100285,0,0,0,0
7.102088,0,0,0,0
7.103767,0,0,0,0
7.105471,0,0,0,0
7.107151,0,0,0,0
7.108833,0,0,0,0
7.110514,0,0,0,0
7.112123,0,0,0,0
7.113774,0,0,0,0
7.115453,0,0,0,0
7.117136,0,0,0,0
7.118816,0,0,0,0
7.120557,0,0,0,0
7.122256,0,0,0,0
7.123934,0,0,0,0
7.125616,0,0,0,0
7.127297,0,0,0,0
7.128979,0,0,0,0
7.130650,0,0,0,0
7.132187,0,0,0,0
7.133958,0,0,0,0
7.135545,0,0,0,0
7.137339,0,0,0,0
7.139015,0,0,0,0
7.140543,0,0,0,0
7.142194,0,0,0,0
7.143737,0,0,0,0
7.145452,0,0,0,0
7.147133,0,0,0,0
7.148813,0,0,0,0
7.150485,0,0,0,0
7.152216,0,0,0,0
7.154019,0,0,0,0
7.155553,0,0,0,0
7.157029,0,0,0,0
7.158537,0,0,0,0
7.160087,0,0,0,0
7.161811,0,0,0,0
7.163310,0,0,0,0
7.164816,0,0,0,0
7.166304,0,0,0,0
7.167854,0,0,0,0
7.169503,0,0,0,0
7.171186,0,0,0,0
7.172869,0,0,0,0
7.174550,0,0,0,0
7.176157,0,0,0,0
7.177811,0,0,0,0
7.179492,0,0,0,0
7.181175,0,0,0,0
7.182856,0,0,0,0
7.184597,0,0,0,0
7.186583,0,0,0,0
7.188168,0,0,0,0
7.189680,0,0,0,0
7.191288,0,0,0,0
7.193069,0,0,0,0
7.194503,0,0,0,0
7.196097,0,0,0,0
7.197602,0,0,0,0
7.199097,0,0,0,0
7.200652,0,0,0,0
7.202150,0,0,0,0
7.203650,0,0,0,0
7.205149,0,0,0,0
7.206655,0,0,0,0
7.208207,0,0,0,0
7.209647,0,0,0,0
7.211090,0,0,0,0
7.212532,0,0,0,0
7.213996,0,0,0,0
7.215437,0,0,0,0
7.216950,0,0,0,0
7.218392,0,0,0,0
7.219834,0,0,0,0
7.221278,0,0,0,0
7.222721,0,0,0,0
7.224219,0,0,0,0
7.225662,0,0,0,0
7.227120,0,0,0,0
7.228562,0,0,0,0
7.230006,0,0,0,0
7.231509,0,0,0,0
7.233093,0,0,0,0
7.234602,0,0,0,0
7.236096,0,0,0,0
7.237604,0,0,0,0
7.239098,0,0,0,0
7.240649,0,0,0,0
7.242141,0,0,0,0
7.243631,0,0,0,0
7.245120,0,0,0,0
7.246763,0,0,0,0
7.248519,0,0,0,0
7.250205,0,0,0,0
7.251883,0,0,0,0
7.253531,0,0,0,0
7.255240,0,0,0,0
7.256811,0,0,0,0
7.258397,0,0,0,0
7.259890,0,0,0,0
7.261383,0,0,0,0
7.262874,0,0,0,0
7.264421,0,0,0,0
7.265912,0,0,0,0
7.267552,0,0,0,0
7.269261,0,0,0,0
7.270942,0,0,0,0
7.272685,0,0,0,0
7.274367,0,0,0,0
7.276045,0,0,0,0
7.277725,0,0,0,0
7.279272,0,0,0,0
7.280984,0,0,0,0
7.282664,0,0,0,0
7.284343,0,0,0,0
7.286029,0,0,0,0
7.287708,0,0,0,0
7.289469,0,0,0,0
7.291150,0,0,0,0
7.292832,0,0,0,0
7.294514,0,0,0,0
7.296253,0,0,0,0
7.297903,0,0,0,0
7.299561,0,0,0,0
7.301244,0,0,0,0
7.302924,0,0,0,0
7.304666,0,0,0,0
7.306346,0,0,0,0
7.308025,0,0,0,0
7.309567,0,0,0,0
7.311054,0,0,0,0
7.312602,0,0,0,0
7.314208,0,0,0,0
7.315692,0,0,0,0
7.317175,0,0,0,0
7.318814,0,0,0,0
7.320357,0,0,0,0
7.322010,0,0,0,0
7.323686,0,0,0,0
7.325218,0,0,0,0
7.326869,0,0,0,0
7.328609,0,0,0,0
7.330158,0,0,0,0
7.331816,0,0,0,0
7.333497,0,0,0,0
7.335177,0,0,0,0
7.336858,0,0,0,0
7.338412,0,0,0,0
7.339967,0,0,0,0
7.341614,0,0,0,0
7.343158,0,0,0,0
7.344915,0,0,0,0
7.346709,0,0,0,0
7.348345,0,0,0,0
7.349790,0,0,0,0
7.351184,0,0,0,0
7.352620,0,0,0,0
7.355509,0,0,0,0
7.356935,0,0,0,0
7.358356,0,0,0,0
7.359882,0,0,0,0
7.361306,0,0,0,0
7.362733,0,0,0,0
7.364211,0,0,0,0
7.365662,0,0,0,0
7.367087,0,0,0,0
7.368623,0,0,0,0
7.370302,0,0,0,0
7.371921,0,0,0,0
7.373528,0,0,0,0
7.375027,0,0,0,0
7.376505,0,0,0,0
7.378020,0,0,0,0
7.379438,0,0,0,0
7.380911,0,0,0,0
7.382468,0,0,0,0
7.384007,0,0,0,0
7.385477,0,0,0,0
7.387104,0,0,0,0
7.388579,0,0,0,0
7.390063,0,0,0,0
7.391495,0,0,0,0
7.392996,0,0,0,0
7.394471,0,0,0,0
7.395896,0,0,0,0
7.397330,0,0,0,0
7.398772,0,0,0,0
7.400284,0,0,0,0
7.401775,0,0,0,0
7.403248,0,0,0,0
7.404672,0,0,0,0
7.406110,0,0,0,0
7.407556,0,0,0,0
7.409008,0,0,0,0
7.410479,0,0,0,0
7.411903,0,0,0,0
7.413328,0,0,0,0
7.414767,0,0,0,0
7.416248,0,0,0,0
7.417662,0,0,0,0
7.419083,0,0,0,0
7.420463,0,0,0,0
7.421852,0,0,0,0
7.423227,0,0,0,0
7.424748,0,0,0,0
7.426230,0,0,0,0
7.427808,0,0,0,0
7.429465,0,0,0,0
7.431105,0,0,0,0
7.432752,0,0,0,0
7.434423,0,0,0,0
7.436033,0,0,0,0
7.437595,0,0,0,0
7.439267,0,0,0,0
7.441005,0,0,0,0
7.442440,0,0,0,0
7.443877,0,0,0,0
7.445491,0,0,0,0
7.448569,0,0,0,0
7.450311,0,0,0,0
7.451764,0,0,0,0
7.453180,0,0,0,0
7.454601,0,0,0,0
7.456043,0,0,0,0
7.457537,0,0,0,0
7.459022,0,0,0,0
7.460511,0,0,0,0
7.462208,0,0,0,0
7.463893,0,0,0,0
7.465355,0,0,0,0
7.466864,0,0,0,0
7.468358,0,0,0,0
7.469947,0,0,0,0
7.471582,0,0,0,0
7.473162,0,0,0,0
7.474652,0,0,0,0
7.476141,0,0,0,0
7.477632,0,0,0,0
7.479121,0,0,0,0
7.480666,0,0,0,0
7.482307,0,0,0,0
7.483861,0,0,0,0
7.485361,0,0,0,0
7.486855,0,0,0,0
7.488406,0,0,0,0
7.489898,0,0,0,0
7.491371,0,0,0,0
7.492990,0,0,0,0
7.494609,0,0,0,0
7.496135,0,0,0,0
7.497585,0,0,0,0
7.498979,0,0,0,0
7.500367,0,0,0,0
7.501819,0,0,0,0
7.503218,0,0,0,0
7.504850,0,0,0,0
7.506355,0,0,0,0
7.507845,0,0,0,0
7.509335,0,0,0,0
7.510823,0,0,0,0
7.512523,0,0,0,0
7.514206,0,0,0,0
7.515749,0,0,0,0
7.517399,0,0,0,0
7.519077,0,0,0,0
7.520758,0,0,0,0
7.522436,0,0,0,0
7.524114,0,0,0,0
7.525792,0,0,0,0
7.527485,0,0,0,0
7.529228,0,0,0,0
7.530906,0,0,0,0
7.532582,0,0,0,0
7.534331,0,0,0,0
7.536069,0,0,0,0
7.537609,0,0,0,0
7.539248,0,0,0,0
7.541055,0,0,0,0
7.542644,0,0,0,0
7.544276,0,0,0,0
7.545678,0,0,0,0
7.547067,0,0,0,0
7.548464,0,0,0,0
7.551562,0,0,0,0
7.553270,0,0,0,0
7.554771,0,0,0,0
7.556218,0,0,0,0
7.557662,0,0,0,0
7.559125,0,0,0,0
7.560595,0,0,0,0
7.562147,0,0,0,0
7.563880,0,0,0,0
7.565369,0,0,0,0
7.566859,0,0,0,0
7.568403,0,0,0,0
7.569905,0,0,0,0
7.571392,0,0,0,0
7.573033,0,0,0,0
7.574734,0,0,0,0
7.576474,0,0,0,0
7.578568,0,0,0,0
7.580155,0,0,0,0
7.581668,0,0,0,0
7.583157,0,0,0,0
7.584857,0,0,0,0
7.586343,0,0,0,0
7.587826,0,0,0,0
7.589311,0,0,0,0
7.590813,0,0,0,0
7.592361,0,0,0,0
7.593855,0,0,0,0
7.595346,0,0,0,0
7.596839,0,0,0,0
7.598263,0,0,0,0
7.599956,0,0,0,0
7.601493,0,0,0,0
7.603143,0,0,0,0
7.604824,0,0,0,0
7.606505,0,0,0,0
7.608245,0,0,0,0
7.610055,0,0,0,0
7.611747,0,0,0,0
7.613429,0,0,0,0
7.615110,0,0,0,0
7.616793,0,0,0,0
7.618465,0,0,0,0
7.620134,0,0,0,0
7.621850,0,0,0,0
7.623432,0,0,0,0
7.624924,0,0,0,0
7.626478,0,0,0,0
7.627969,0,0,0,0
7.629462,0,0,0,0
7.630952,0,0,0,0
7.632603,0,0,0,0
7.634310,0,0,0,0
7.635989,0,0,0,0
7.637670,0,0,0,0
7.639350,0,0,0,0
7.641032,0,0,0,0
7.642571,0,0,0,0
7.644078,0,0,0,0
7.645569,0,0,0,0
7.647009,0,0,0,0
7.648420,0,0,0,0
7.649888,0,0,0,0
7.651280,0,0,0,0
7.652795,0,0,0,0
7.654331,0,0,0,0
7.656767,0,0,0,0
7.658259,0,0,0,0
7.659749,0,0,0,0
7.661240,0,0,0,0
7.662739,0,0,0,0
7.664223,0,0,0,0
7.665711,0,0,0,0
7.667202,0,0,0,0
7.668694,0,0,0,0
7.670185,0,0,0,0
7.671675,0,0,0,0
7.673387,0,0,0,0
7.674918,0,0,0,0
7.676564,0,0,0,0
7.678242,0,0,0,0
7.679974,0,0,0,0
7.681576,0,0,0,0
7.683152,0,0,0,0
7.684887,0,0,0,0
7.686553,0,0,0,0
7.688289,0,0,0,0
7.690093,0,0,0,0
7.691770,0,0,0,0
7.693448,0,0,0,0
7.695013,0,0,0,0
7.696575,0,0,0,0
7.698058,0,0,0,0
7.699549,0,0,0,0
7.701036,0,0,0,0
7.702521,0,0,0,0
7.704032,0,0,0,0
7.705531,0,0,0,0
7.707165,0,0,0,0
7.708945,0,0,0,0
7.710496,0,0,0,0
7.712204,0,0,0,0
7.713820,0,0,0,0
7.715472,0,0,0,0
7.717168,0,0,0,0
7.718848,0,0,0,0
7.720589,0,0,0,0
7.722336,0,0,0,0
7.724014,0,0,0,0
7.725696,0,0,0,0
7.727240,0,0,0,0
7.728952,0,0,0,0
7.730633,0,0,0,0
7.732311,0,0,0,0
7.734139,0,0,0,0
7.735879,0,0,0,0
7.737574,0,0,0,0
7.739246,0,0,0,0
7.740925,0,0,0,0
7.742463,0,0,0,0
7.744126,0,0,0,0
7.745623,0,0,0,0
7.747121,0,0,0,0
7.748625,0,0,0,0
7.750169,0,0,0,0
7.751659,0,0,0,0
7.753359,0,0,0,0
7.755041,0,0,0,0
7.756724,0,0,0,0
7.758404,0,0,0,0
7.760171,0,0,0,0
7.761851,0,0,0,0
7.763561,0,0,0,0
7.765293,0,0,0,0
7.766974,0,0,0,0
7.768745,0,0,0,0
7.770459,0,0,0,0
7.772139,0,0,0,0
7.773818,0,0,0,0
7.775500,0,0,0,0
7.777247,0,0,0,0
7.778928,0,0,0,0
7.780622,0,0,0,0
7.782462,0,0,0,0
7.784202,0,0,0,0
7.785937,0,0,0,0
7.787617,0,0,0,0
7.789297,0,0,0,0
7.790844,0,0,0,0
7.792551,0,0,0,0
7.794236,0,0,0,0
7.795915,0,0,0,0
7.797594,0,0,0,0
7.799265,0,0,0,0
7.801010,0,0,0,0
7.802646,0,0,0,0
7.804290,0,0,0,0
7.805881,0,0,0,0
7.807572,0,0,0,0
7.809317,0,0,0,0
7.810998,0,0,0,0
7.812542,0,0,0,0
7.814195,0,0,0,0
7.815936,0,0,0,0
7.817618,0,0,0,0
7.819299,0,0,0,0
7.820982,0,0,0,0
7.822660,0,0,0,0
7.824414,0,0,0,0
7.826099,0,0,0,0
7.827777,0,0,0,0
7.829459,0,0,0,0
7.831140,0,0,0,0
7.832823,0,0,0,0
7.834518,0,0,0,0
7.836197,0,0,0,0
7.837961,0,0,0,0
7.839641,0,0,0,0
7.841389,0,0,0,0
7.843069,0,0,0,0
7.844765,0,0,0,0
7.846447,0,0,0,0
7.848187,0,0,0,0
7.849715,0,0,0,0
7.851354,0,0,0,0
7.852877,0,0,0,0
7.854516,0,0,0,0
7.856114,0,0,0,0
7.857752,0,0,0,0
7.859423,0,0,0,0
7.860947,0,0,0,0
7.862557,0,0,0,0
7.864260,0,0,0,0
7.866136,0,0,0,0
7.867827,0,0,0,0
7.869508,0,0,0,0
7.871186,0,0,0,0
7.872865,0,0,0,0
7.874545,0,0,0,0
7.876069,0,0,0,0
7.877558,0,0,0,0
7.879062,0,0,0,0
7.880551,0,0,0,0
7.882121,0,0,0,0
7.883609,0,0,0,0
7.885100,0,0,0,0
7.886590,0,0,0,0
7.888142,0,0,0,0
7.889796,0,0,0,0
7.891474,0,0,0,0
7.893153,0,0,0,0
7.894687,0,0,0,0
7.896189,0,0,0,0
7.897890,0,0,0,0
7.899398,0,0,0,0
7.900896,0,0,0,0
7.902389,0,0,0,0
7.903937,0,0,0,0
7.905427,0,0,0,0
7.907070,0,0,0,0
7.908752,0,0,0,0
7.910432,0,0,0,0
7.912187,0,0,0,0
7.913715,0,0,0,0
7.915364,0,0,0,0
7.917046,0,0,0,0
7.918715,0,0,0,0
7.920446,0,0,0,0
7.922010,0,0,0,0
7.923588,0,0,0,0
7.925305,0,0,0,0
7.926976,0,0,0,0
7.928507,0,0,0,0
7.930159,0,0,0,0
7.931837,0,0,0,0
7.933532,0,0,0,0
7.935212,0,0,0,0
7.937025,0,0,0,0
7.938731,0,0,0,0
7.940231,0,0,0,0
7.941774,0,0,0,0
7.943265,0,0,0,0
7.944773,0,0,0,0
7.946265,0,0,0,0
7.947907,0,0,0,0
7.949588,0,0,0,0
7.951269,0,0,0,0
7.952952,0,0,0,0
7.954622,0,0,0,0
7.956304,0,0,0,0
7.958142,0,0,0,0
7.959882,0,0,0,0
7.961559,0,0,0,0
7.963207,0,0,0,0
7.964670,0,0,0,0
7.966264,0,0,0,0
7.967873,0,0,0,0
7.969525,0,0,0,0
7.971201,0,0,0,0
7.972882,0,0,0,0
7.974560,0,0,0,0
7.976298,0,0,0,0
7.977948,0,0,0,0
7.979587,0,0,0,0
7.981110,0,0,0,0
7.982751,0,0,0,0
7.984322,0,0,0,0
7.985988,0,0,0,0
7.987478,0,0,0,0
7.988980,0,0,0,0
7.990471,0,0,0,0
7.992015,0,0,0,0
7.993442,0,0,0,0
7.995081,0,0,0,0
7.996760,0,0,0,0
7.998437,0,0,0,0
8.000190,0,0,0,0
8.001715,0,0,0,0
8.003361,0,0,0,0
8.005041,0,0,0,0
8.006718,0,0,0,0
8.008456,0,0,0,0
8.010043,0,0,0,0
8.011689,0,0,0,0
8.013370,0,0,0,0
8.015048,0,0,0,0
8.016730,0,0,0,0
8.018408,0,0,0,0
8.020085,0,0,0,0
8.021777,0,0,0,0
8.023455,0,0,0,0
8.025199,0,0,0,0
8.026726,0,0,0,0
8.028374,0,0,0,0
8.030059,0,0,0,0
8.031749,0,0,0,0
8.033467,0,0,0,0
8.035147,0,0,0,0
8.036830,0,0,0,0
8.038501,0,0,0,0
8.040231,0,0,0,0
8.042217,0,0,0,0
8.043766,0,0,0,0
8.045259,0,0,0,0
8.046784,0,0,0,0
8.048466,0,0,0,0
8.049956,0,0,0,0
8.051445,0,0,0,0
8.052938,0,0,0,0
8.054440,0,0,0,0
8.055990,0,0,0,0
8.057482,0,0,0,0
8.058968,0,0,0,0
8.060451,0,0,0,0
8.061983,0,0,0,0
8.063625,0,0,0,0
8.066027,0,0,0,0
8.067438,0,0,0,0
8.068911,0,0,0,0
8.070537,0,0,0,0
8.072210,0,0,0,0
8.073632,0,0,0,0
8.075168,0,0,0,0
8.076712,0,0,0,0
8.078240,0,0,0,0
8.079790,0,0,0,0
8.081288,0,0,0,0
8.082796,0,0,0,0
8.084282,0,0,0,0
8.085918,0,0,0,0
8.087409,0,0,0,0
8.088895,0,0,0,0
8.090379,0,0,0,0
8.091863,0,0,0,0
8.093346,0,0,0,0
8.094830,0,0,0,0
8.096525,0,0,0,0
8.098155,0,0,0,0
8.099644,0,0,0,0
8.101135,0,0,0,0
8.102797,0,0,0,0
8.104358,0,0,0,0
8.105907,0,0,0,0
8.107396,0,0,0,0
8.108900,0,0,0,0
8.110386,0,0,0,0
8.111923,0,0,0,0
8.113410,0,0,0,0
8.114902,0,0,0,0
8.116350,0,0,0,0
8.117994,0,0,0,0
8.119537,0,0,0,0
8.121252,0,0,0,0
8.122932,0,0,0,0
8.124611,0,0,0,0
8.126183,0,0,0,0
8.127892,0,0,0,0
8.129570,0,0,0,0
8.131267,0,0,0,0
8.132949,0,0,0,0
8.134630,0,0,0,0
8.136371,0,0,0,0
8.138056,0,0,0,0
8.139735,0,0,0,0
8.141281,0,0,0,0
8.142933,0,0,0,0
8.144463,0,0,0,0
8.146147,0,0,0,0
8.147826,0,0,0,0
8.149509,0,0,0,0
8.151190,0,0,0,0
8.152887,0,0,0,0
8.154569,0,0,0,0
8.156248,0,0,0,0
8.157892,0,0,0,0
8.159531,0,0,0,0
8.161117,0,0,0,0
8.162767,0,0,0,0
8.164408,0,0,0,0
8.166181,0,0,0,0
8.167675,0,0,0,0
8.169227,0,0,0,0
8.170720,0,0,0,0
8.172210,0,0,0,0
8.173710,0,0,0,0
8.175193,0,0,0,0
8.176772,0,0,0,0
8.178262,0,0,0,0
8.179750,0,0,0,0
8.181236,0,0,0,0
8.182875,0,0,0,0
8.184420,0,0,0,0
8.186071,0,0,0,0
8.187755,0,0,0,0
8.189367,0,0,0,0
8.190860,0,0,0,0
8.192316,0,0,0,0
8.194070,0,0,0,0
8.195642,0,0,0,0
8.197180,0,0,0,0
8.198675,0,0,0,0
8.200170,0,0,0,0
8.201710,0,0,0,0
8.203209,0,0,0,0
8.204706,0,0,0,0
8.206178,0,0,0,0
8.207682,0,0,0,0
8.209158,0,0,0,0
8.210599,0,0,0,0
8.212042,0,0,0,0
8.213481,0,0,0,0
8.214923,0,0,0,0
8.216553,0,0,0,0
8.218248,0,0,0,0
8.219918,0,0,0,0
8.221588,0,0,0,0
8.223169,0,0,0,0
8.224722,0,0,0,0
8.226221,0,0,0,0
8.227700,0,0,0,0
8.229149,0,0,0,0
8.230591,0,0,0,0
8.232063,0,0,0,0
8.233557,0,0,0,0
8.235200,0,0,0,0
8.236881,0,0,0,0
8.238428,0,0,0,0
8.239989,0,0,0,0
8.241485,0,0,0,0
8.242976,0,0,0,0
8.244466,0,0,0,0
8.245985,0,0,0,0
8.247627,0,0,0,0
8.249238,0,0,0,0
8.250888,0,0,0,0
8.252567,0,0,0,0
8.254253,0,0,0,0
8.255995,0,0,0,0
8.257675,0,0,0,0
8.259356,0,0,0,0
8.261055,0,0,0,0
8.262737,0,0,0,0
8.264478,0,0,0,0
8.266155,0,0,0,0
8.267825,0,0,0,0
8.269349,0,0,0,0
8.270995,0,0,0,0
8.272540,0,0,0,0
8.274196,0,0,0,0
8.275877,0,0,0,0
8.277559,0,0,0,0
8.280203,0,0,0,0
8.281733,0,0,0,0
8.283280,0,0,0,0
8.284768,0,0,0,0
8.286402,0,0,0,0
8.287897,0,0,0,0
8.289388,0,0,0,0
8.290877,0,0,0,0
8.292367,0,0,0,0
8.293869,0,0,0,0
8.295511,0,0,0,0
8.297258,0,0,0,0
8.298939,0,0,0,0
8.300616,0,0,0,0
8.302477,0,0,0,0
8.304229,0,0,0,0
8.305969,0,0,0,0
8.307647,0,0,0,0
8.309329,0,0,0,0
8.311008,0,0,0,0
8.312692,0,0,0,0
8.314385,0,0,0,0
8.316062,0,0,0,0
8.317741,0,0,0,0
8.319421,0,0,0,0
8.321105,0,0,0,0
8.322784,0,0,0,0
8.324477,0,0,0,0
8.326189,0,0,0,0
8.327934,0,0,0,0
8.329615,0,0,0,0
8.331295,0,0,0,0
8.333063,0,0,0,0
8.334601,0,0,0,0
8.336162,0,0,0,0
8.337808,0,0,0,0
8.339474,0,0,0,0
8.340999,0,0,0,0
8.342654,0,0,0,0
8.344342,0,0,0,0
8.346077,0,0,0,0
8.347604,0,0,0,0
8.349250,0,0,0,0
8.350928,0,0,0,0
8.352669,0,0,0,0
8.354348,0,0,0,0
8.356025,0,0,0,0
8.357566,0,0,0,0
8.359213,0,0,0,0
8.360894,0,0,0,0
8.362573,0,0,0,0
8.364251,0,0,0,0
8.365902,0,0,0,0
8.367557,0,0,0,0
8.369328,0,0,0,0
8.370998,0,0,0,0
8.372812,0,0,0,0
8.374310,0,0,0,0
8.375870,0,0,0,0
8.377518,0,0,0,0
8.379201,0,0,0,0
8.380751,0,0,0,0
8.382250,0,0,0,0
8.383745,0,0,0,0
8.385240,0,0,0,0
8.386732,0,0,0,0
8.388196,0,0,0,0
8.389839,0,0,0,0
8.391535,0,0,0,0
8.393283,0,0,0,0
8.394953,0,0,0,0
8.396622,0,0,0,0
8.398307,0,0,0,0
8.400010,0,0,0,0
8.401550,0,0,0,0
8.403200,0,0,0,0
8.404882,0,0,0,0
8.406561,0,0,0,0
8.408300,0,0,0,0
8.409980,0,0,0,0
8.411475,0,0,0,0
8.412981,0,0,0,0
8.414470,0,0,0,0
8.415992,0,0,0,0
8.417418,0,0,0,0
8.419053,0,0,0,0
8.420735,0,0,0,0
8.422412,0,0,0,0
8.424017,0,0,0,0
8.425667,0,0,0,0
8.427226,0,0,0,0
8.428877,0,0,0,0
8.430546,0,0,0,0
8.432279,0,0,0,0
8.433954,0,0,0,0
8.435550,0,0,0,0
8.437148,0,0,0,0
8.438745,0,0,0,0
8.440363,0,0,0,0
8.442033,0,0,0,0
8.443682,0,0,0,0
8.445262,0,0,0,0
8.446760,0,0,0,0
8.448460,0,0,0,0
8.450194,0,0,0,0
8.451872,0,0,0,0
8.453550,0,0,0,0
8.455219,0,0,0,0
8.456891,0,0,0,0
8.458559,0,0,0,0
8.460200,0,0,0,0
8.461875,0,0,0,0
8.463524,0,0,0,0
8.465272,0,0,0,0
8.466818,0,0,0,0
8.468466,0,0,0,0
8.470207,0,0,0,0
8.471947,0,0,0,0
8.473629,0,0,0,0
8.475299,0,0,0,0
8.476920,0,0,0,0
8.478571,0,0,0,0
8.480309,0,0,0,0
8.482053,0,0,0,0
8.483732,0,0,0,0
8.485414,0,0,0,0
8.486959,0,0,0,0
8.488671,0,0,0,0
8.490352,0,0,0,0
8.492032,0,0,0,0
8.493712,0,0,0,0
8.495394,0,0,0,0
8.497077,0,0,0,0
8.498772,0,0,0,0
8.500451,0,0,0,0
8.502159,0,0,0,0
8.503900,0,0,0,0
8.505580,0,0,0,0
8.507260,0,0,0,0
8.508809,0,0,0,0
8.510459,0,0,0,0
8.512200,0,0,0,0
8.513957,0,0,0,0
8.515627,0,0,0,0
8.517153,0,0,0,0
8.518934,0,0,0,0
8.520672,0,0,0,0
8.522197,0,0,0,0
8.523842,0,0,0,0
8.525524,0,0,0,0
8.527202,0,0,0,0
8.528886,0,0,0,0
8.530582,0,0,0,0
8.532259,0,0,0,0
8.534059,0,0,0,0
8.535738,0,0,0,0
8.537439,0,0,0,0
8.539118,0,0,0,0
8.540827,0,0,0,0
8.542384,0,0,0,0
8.544090,0,0,0,0
8.545767,0,0,0,0
8.547446,0,0,0,0
8.549128,0,0,0,0
8.550672,0,0,0,0
8.552378,0,0,0,0
8.553915,0,0,0,0
8.555558,0,0,0,0
8.557079,0,0,0,0
8.558716,0,0,0,0
8.560446,0,0,0,0
8.562077,0,0,0,0
8.563573,0,0,0,0
8.565217,0,0,0,0
8.566783,0,0,0,0
8.568348,0,0,0,0
8.570130,0,0,0,0
8.571807,0,0,0,0
8.573397,0,0,0,0
8.575039,0,0,0,0
8.576563,0,0,0,0
8.578108,0,0,0,0
8.579829,0,0,0,0
8.581322,0,0,0,0
8.582806,0,0,0,0
8.584356,0,0,0,0
8.586049,0,0,0,0
8.587538,0,0,0,0
8.589022,0,0,0,0
8.590546,0,0,0,0
8.592083,0,0,0,0
8.593568,0,0,0,0
8.595222,0,0,0,0
8.596904,0,0,0,0
8.598584,0,0,0,0
8.600323,0,0,0,0
8.601975,0,0,0,0
8.603623,0,0,0,0
8.605170,0,0,0,0
8.606820,0,0,0,0
8.608561,0,0,0,0
8.610247,0,0,0,0
8.611926,0,0,0,0
8.613607,0,0,0,0
8.615288,0,0,0,0
8.616839,0,0,0,0
8.618489,0,0,0,0
8.620169,0,0,0,0
8.621847,0,0,0,0
8.623518,0,0,0,0
8.625106,0,0,0,0
8.626754,0,0,0,0
8.628447,0,0,0,0
8.630127,0,0,0,0
8.631870,0,0,0,0
8.633549,0,0,0,0
8.635219,0,0,0,0
8.636913,0,0,0,0
8.638567,0,0,0,0
8.640271,0,0,0,0
8.641877,0,0,0,0
8.643524,0,0,0,0
8.645207,0,0,0,0
8.646888,0,0,0,0
8.648629,0,0,0,0
8.650321,0,0,0,0
8.651817,0,0,0,0
8.653465,0,0,0,0
8.655146,0,0,0,0
8.656832,0,0,0,0
8.658512,0,0,0,0
8.660191,0,0,0,0
8.661820,0,0,0,0
8.663470,0,0,0,0
8.665215,0,0,0,0
8.666895,0,0,0,0
8.668575,0,0,0,0
8.670257,0,0,0,0
8.672012,0,0,0,0
8.673692,0,0,0,0
8.675374,0,0,0,0
8.677057,0,0,0,0
8.678738,0,0,0,0
8.680479,0,0,0,0
8.682025,0,0,0,0
8.683664,0,0,0,0
8.685184,0,0,0,0
8.686859,0,0,0,0
8.688592,0,0,0,0
8.690141,0,0,0,0
8.691785,0,0,0,0
8.693357,0,0,0,0
8.695030,0,0,0,0
8.696537,0,0,0,0
8.698142,0,0,0,0
8.699740,0,0,0,0
8.701224,0,0,0,0
8.702712,0,0,0,0
8.704267,0,0,0,0
8.705813,0,0,0,0
8.707547,0,0,0,0
8.709308,0,0,0,0
8.711025,0,0,0,0
8.712706,0,0,0,0
8.714252,0,0,0,0
8.715900,0,0,0,0
8.717579,0,0,0,0
8.719258,0,0,0,0
8.720941,0,0,0,0
8.722472,0,0,0,0
8.723981,0,0,0,0
8.725486,0,0,0,0
8.726979,0,0,0,0
8.728531,0,0,0,0
8.730023,0,0,0,0
8.731511,0,0,0,0
8.733155,0,0,0,0
8.734833,0,0,0,0
8.736585,0,0,0,0
8.738298,0,0,0,0
8.739792,0,0,0,0
8.741435,0,0,0,0
8.743114,0,0,0,0
8.744795,0,0,0,0
8.746349,0,0,0,0
8.748016,0,0,0,0
8.749697,0,0,0,0
8.751378,0,0,0,0
8.753060,0,0,0,0
8.754732,0,0,0,0
8.756402,0,0,0,0
8.758023,0,0,0,0
8.759519,0,0,0,0
8.761137,0,0,0,0
8.762662,0,0,0,0
8.764155,0,0,0,0
8.765649,0,0,0,0
8.767155,0,0,0,0
8.768731,0,0,0,0
8.770223,0,0,0,0
8.771866,0,0,0,0
8.773548,0,0,0,0
8.775229,0,0,0,0
8.776914,0,0,0,0
8.778595,0,0,0,0
8.780289,0,0,0,0
8.781939,0,0,0,0
8.783586,0,0,0,0
8.785270,0,0,0,0
8.786941,0,0,0,0
8.788610,0,0,0,0
8.790186,0,0,0,0
8.791682,0,0,0,0
8.793392,0,0,0,0
8.795074,0,0,0,0
8.796758,0,0,0,0
8.798440,0,0,0,0
8.800179,0,0,0,0
8.801957,0,0,0,0
8.803637,0,0,0,0
8.805322,0,0,0,0
8.807003,0,0,0,0
8.808688,0,0,0,0
8.810370,0,0,0,0
8.811915,0,0,0,0
8.813568,0,0,0,0
8.815238,0,0,0,0
8.816875,0,0,0,0
8.818534,0,0,0,0
8.820177,0,0,0,0
8.821701,0,0,0,0
8.823359,0,0,0,0
8.825039,0,0,0,0
8.826718,0,0,0,0
8.828396,0,0,0,0
8.830079,0,0,0,0
8.831755,0,0,0,0
8.833320,0,0,0,0
8.834966,0,0,0,0
8.836557,0,0,0,0
8.838312,0,0,0,0
8.839872,0,0,0,0
8.841517,0,0,0,0
8.843130,0,0,0,0
8.844806,0,0,0,0
8.846378,0,0,0,0
8.847925,0,0,0,0
8.849420,0,0,0,0
8.850903,0,0,0,0
8.852387,0,0,0,0
8.854076,0,0,0,0
8.855569,0,0,0,0
8.857112,0,0,0,0
8.858597,0,0,0,0
8.860080,0,0,0,0
8.861565,0,0,0,0
8.863024,0,0,0,0
8.864672,0,0,0,0
8.866367,0,0,0,0
8.868048,0,0,0,0
8.869729,0,0,0,0
8.871410,0,0,0,0
8.873092,0,0,0,0
8.874762,0,0,0,0
8.876300,0,0,0,0
8.877926,0,0,0,0
8.879442,0,0,0,0
8.880986,0,0,0,0
8.882476,0,0,0,0
8.883967,0,0,0,0
8.885457,0,0,0,0
8.886959,0,0,0,0
8.888507,0,0,0,0
8.890001,0,0,0,0
8.891490,0,0,0,0
8.892981,0,0,0,0
8.894412,0,0,0,0
8.896115,0,0,0,0
8.897657,0,0,0,0
8.899304,0,0,0,0
8.900987,0,0,0,0
8.902664,0,0,0,0
8.904393,0,0,0,0
8.905992,0,0,0,0
8.907606,0,0,0,0
8.909304,0,0,0,0
8.910982,0,0,0,0
8.912662,0,0,0,0
8.914344,0,0,0,0
8.916018,0,0,0,0
8.917698,0,0,0,0
8.919244,0,0,0,0
8.920956,0,0,0,0
8.922637,0,0,0,0
8.924316,0,0,0,0
8.925973,0,0,0,0
8.927620,0,0,0,0
8.929366,0,0,0,0
8.931062,0,0,0,0
8.932743,0,0,0,0
8.934425,0,0,0,0
8.936166,0,0,0,0
8.937744,0,0,0,0
8.939321,0,0,0,0
8.941043,0,0,0,0
8.942588,0,0,0,0
8.944286,0,0,0,0
8.945961,0,0,0,0
8.947647,0,0,0,0
8.949328,0,0,0,0
8.951008,0,0,0,0
8.952692,0,0,0,0
8.954386,0,0,0,0
8.956064,0,0,0,0
8.957744,0,0,0,0
8.959424,0,0,0,0
8.961106,0,0,0,0
8.962786,0,0,0,0
8.964328,0,0,0,0
8.966105,0,0,0,0
8.967649,0,0,0,0
8.969370,0,0,0,0
8.971051,0,0,0,0
8.972732,0,0,0,0
8.974414,0,0,0,0
8.976169,0,0,0,0
8.977850,0,0,0,0
8.979531,0,0,0,0
8.981215,0,0,0,0
8.982896,0,0,0,0
8.984682,0,0,0,0
8.986227,0,0,0,0
8.987874,0,0,0,0
8.989556,0,0,0,0
8.991236,0,0,0,0
8.992920,0,0,0,0
8.994592,0,0,0,0
8.996262,0,0,0,0
8.997931,0,0,0,0
8.999577,0,0,0,0
9.001163,0,0,0,0
9.002834,0,0,0,0
9.004512,0,0,0,0
9.006195,0,0,0,0
9.007936,0,0,0,0
9.009480,0,0,0,0
9.011129,0,0,0,0
9.012809,0,0,0,0
9.014489,0,0,0,0
9.016228,0,0,0,0
9.017870,0,0,0,0
9.019516,0,0,0,0
9.021062,0,0,0,0
9.022710,0,0,0,0
9.024449,0,0,0,0
9.026158,0,0,0,0
9.027836,0,0,0,0
9.029517,0,0,0,0
9.031060,0,0,0,0
9.032774,0,0,0,0
9.034453,0,0,0,0
9.036131,0,0,0,0
9.037810,0,0,0,0
9.039487,0,0,0,0
9.041261,0,0,0,0
9.042804,0,0,0,0
9.044452,0,0,0,0
9.046031,0,0,0,0
9.047682,0,0,0,0
9.049430,0,0,0,0
9.051110,0,0,0,0
9.052658,0,0,0,0
9.054299,0,0,0,0
9.056030,0,0,0,0
9.057716,0,0,0,0
9.059295,0,0,0,0
9.061019,0,0,0,0
9.062692,0,0,0,0
9.064298,0,0,0,0
9.066075,0,0,0,0
9.067755,0,0,0,0
9.069438,0,0,0,0
9.071120,0,0,0,0
9.072806,0,0,0,0
9.074503,0,0,0,0
9.076182,0,0,0,0
9.077709,0,0,0,0
9.079359,0,0,0,0
9.081040,0,0,0,0
9.082719,0,0,0,0
9.084397,0,0,0,0
9.086099,0,0,0,0
9.087777,0,0,0,0
9.089481,0,0,0,0
9.091163,0,0,0,0
9.092846,0,0,0,0
9.094527,0,0,0,0
9.096133,0,0,0,0
9.097785,0,0,0,0
9.099466,0,0,0,0
9.101147,0,0,0,0
9.102830,0,0,0,0
9.104570,0,0,0,0
9.106271,0,0,0,0
9.107949,0,0,0,0
9.109628,0,0,0,0
9.111310,0,0,0,0
9.112994,0,0,0,0
9.114665,0,0,0,0
9.116202,0,0,0,0
9.117916,0,0,0,0
9.119501,0,0,0,0
9.121295,0,0,0,0
9.122964,0,0,0,0
9.124489,0,0,0,0
9.126140,0,0,0,0
9.127680,0,0,0,0
9.129393,0,0,0,0
9.131072,0,0,0,0
9.132752,0,0,0,0
9.134430,0,0,0,0
9.136170,0,0,0,0
9.137712,0,0,0,0
9.139219,0,0,0,0
9.140712,0,0,0,0
9.142204,0,0,0,0
9.143692,0,0,0,0
9.145240,0,0,0,0
9.146957,0,0,0,0
9.148661,0,0,0,0
9.150340,0,0,0,0
9.152080,0,0,0,0
9.153759,0,0,0,0
9.155437,0,0,0,0
9.157118,0,0,0,0
9.158662,0,0,0,0
9.160370,0,0,0,0
9.162053,0,0,0,0
9.163731,0,0,0,0
9.165406,0,0,0,0
9.167183,0,0,0,0
9.168756,0,0,0,0
9.170255,0,0,0,0
9.171746,0,0,0,0
9.173239,0,0,0,0
9.174724,0,0,0,0
9.176206,0,0,0,0
9.177762,0,0,0,0
9.179261,0,0,0,0
9.180831,0,0,0,0
9.182504,0,0,0,0
9.184244,0,0,0,0
9.186073,0,0,0,0
9.187777,0,0,0,0
9.189451,0,0,0,0
9.191088,0,0,0,0
9.192833,0,0,0,0
9.194338,0,0,0,0
9.195807,0,0,0,0
9.197252,0,0,0,0
9.198717,0,0,0,0
9.200219,0,0,0,0
9.201963,0,0,0,0
9.203451,0,0,0,0
9.204936,0,0,0,0
9.206421,0,0,0,0
9.207966,0,0,0,0
9.209388,0,0,0,0
9.211033,0,0,0,0
9.212836,0,0,0,0
9.214518,0,0,0,0
9.216258,0,0,0,0
9.218058,0,0,0,0
9.219736,0,0,0,0
9.221282,0,0,0,0
9.222929,0,0,0,0
9.224460,0,0,0,0
9.226111,0,0,0,0
9.227791,0,0,0,0
9.229473,0,0,0,0
9.231152,0,0,0,0
9.232850,0,0,0,0
9.234521,0,0,0,0
9.236190,0,0,0,0
9.237809,0,0,0,0
9.239535,0,0,0,0
9.241276,0,0,0,0
9.242956,0,0,0,0
9.244726,0,0,0,0
9.246428,0,0,0,0
9.248169,0,0,0,0
9.249851,0,0,0,0
9.251531,0,0,0,0
9.253229,0,0,0,0
9.254910,0,0,0,0
9.256739,0,0,0,0
9.258441,0,0,0,0
9.260119,0,0,0,0
9.261799,0,0,0,0
9.263344,0,0,0,0
9.264994,0,0,0,0
9.266674,0,0,0,0
9.268352,0,0,0,0
9.270038,0,0,0,0
9.271715,0,0,0,0
9.273462,0,0,0,0
9.275157,0,0,0,0
9.276845,0,0,0,0
9.278589,0,0,0,0
9.280297,0,0,0,0
9.282044,0,0,0,0
9.283724,0,0,0,0
9.285270,0,0,0,0
9.286919,0,0,0,0
9.288449,0,0,0,0
9.290101,0,0,0,0
9.291779,0,0,0,0
9.293462,0,0,0,0
9.295132,0,0,0,0
9.296916,0,0,0,0
9.298454,0,0,0,0
9.300046,0,0,0,0
9.301549,0,0,0,0
9.303216,0,0,0,0
9.304898,0,0,0,0
9.306577,0,0,0,0
9.308119,0,0,0,0
9.309769,0,0,0,0
9.311447,0,0,0,0
9.313127,0,0,0,0
9.314805,0,0,0,0
9.316483,0,0,0,0
9.318167,0,0,0,0
9.319922,0,0,0,0
9.321602,0,0,0,0
9.323280,0,0,0,0
9.324976,0,0,0,0
9.326527,0,0,0,0
9.328236,0,0,0,0
9.329881,0,0,0,0
9.331531,0,0,0,0
9.333214,0,0,0,0
9.334894,0,0,0,0
9.336723,0,0,0,0
9.338424,0,0,0,0
9.340116,0,0,0,0
9.341797,0,0,0,0
9.343478,0,0,0,0
9.345225,0,0,0,0
9.346907,0,0,0,0
9.348586,0,0,0,0
9.350351,0,0,0,0
9.352091,0,0,0,0
9.353773,0,0,0,0
9.355442,0,0,0,0
9.356967,0,0,0,0
9.358576,0,0,0,0
9.360312,0,0,0,0
9.362012,0,0,0,0
9.363659,0,0,0,0
9.365336,0,0,0,0
9.367017,0,0,0,0
9.368554,0,0,0,0
9.370212,0,0,0,0
9.371890,0,0,0,0
9.373432,0,0,0,0
9.375065,0,0,0,0
9.376523,0,0,0,0
9.378087,0,0,0,0
9.379644,0,0,0,0
9.381202,0,0,0,0
9.382795,0,0,0,0
9.384406,0,0,0,0
9.385997,0,0,0,0
9.387677,0,0,0,0
9.389359,0,0,0,0
9.391039,0,0,0,0
9.392716,0,0,0,0
9.394382,0,0,0,0
9.395881,0,0,0,0
9.397802,0,0,0,0
9.399335,0,0,0,0
9.400889,0,0,0,0
9.402380,0,0,0,0
9.403872,0,0,0,0
9.405376,0,0,0,0
9.406868,0,0,0,0
9.408414,0,0,0,0
9.409908,0,0,0,0
9.411398,0,0,0,0
9.412828,0,0,0,0
9.414462,0,0,0,0
9.416062,0,0,0,0
9.417577,0,0,0,0
9.419272,0,0,0,0
9.420852,0,0,0,0
9.422342,0,0,0,0
9.423887,0,0,0,0
9.425378,0,0,0,0
9.427131,0,0,0,0
9.428815,0,0,0,0
9.430347,0,0,0,0
9.432055,0,0,0,0
9.433734,0,0,0,0
9.435414,0,0,0,0
9.437094,0,0,0,0
9.438639,0,0,0,0
9.440347,0,0,0,0
9.442029,0,0,0,0
9.443700,0,0,0,0
9.445398,0,0,0,0
9.447084,0,0,0,0
9.448769,0,0,0,0
9.450465,0,0,0,0
9.452145,0,0,0,0
9.453826,0,0,0,0
9.455497,0,0,0,0
9.457198,0,0,0,0
9.458766,0,0,0,0
9.460255,0,0,0,0
9.461988,0,0,0,0
9.463480,0,0,0,0
9.465033,0,0,0,0
9.466524,0,0,0,0
9.468166,0,0,0,0
9.469847,0,0,0,0
9.471527,0,0,0,0
9.473288,0,0,0,0
9.474954,0,0,0,0
9.476620,0,0,0,0
9.478307,0,0,0,0
9.479845,0,0,0,0
9.481272,0,0,0,0
9.482698,0,0,0,0
9.484133,0,0,0,0
9.485556,0,0,0,0
9.487117,0,0,0,0
9.488717,0,0,0,0
9.490314,0,0,0,0
9.491912,0,0,0,0
9.493510,0,0,0,0
9.495120,0,0,0,0
9.496721,0,0,0,0
9.498317,0,0,0,0
9.499911,0,0,0,0
9.501508,0,0,0,0
9.503106,0,0,0,0
9.504727,0,0,0,0
9.506267,0,0,0,0
9.507915,0,0,0,0
9.509591,0,0,0,0
9.511267,0,0,0,0
9.512945,0,0,0,0
9.514620,0,0,0,0
9.516299,0,0,0,0
9.517952,0,0,0,0
9.519600,0,0,0,0
9.521346,0,0,0,0
9.523026,0,0,0,0
9.524708,0,0,0,0
9.526388,0,0,0,0
9.528128,0,0,0,0
9.529671,0,0,0,0
9.531320,0,0,0,0
9.533002,0,0,0,0
9.534672,0,0,0,0
9.536403,0,0,0,0
9.538074,0,0,0,0
9.539596,0,0,0,0
9.541334,0,0,0,0
9.543051,0,0,0,0
9.544734,0,0,0,0
9.546413,0,0,0,0
9.548091,0,0,0,0
9.549769,0,0,0,0
9.551313,0,0,0,0
9.553054,0,0,0,0
9.554576,0,0,0,0
9.556072,0,0,0,0
9.557560,0,0,0,0
9.559203,0,0,0,0
9.560886,0,0,0,0
9.562432,0,0,0,0
9.564081,0,0,0,0
9.565757,0,0,0,0
9.567434,0,0,0,0
9.568968,0,0,0,0
9.570622,0,0,0,0
9.572299,0,0,0,0
9.573955,0,0,0,0
9.575604,0,0,0,0
9.577349,0,0,0,0
9.579027,0,0,0,0
9.580922,0,0,0,0
9.582432,0,0,0,0
9.584011,0,0,0,0
9.585502,0,0,0,0
9.586988,0,0,0,0
9.588471,0,0,0,0
9.590014,0,0,0,0
9.591656,0,0,0,0
9.593404,0,0,0,0
9.594943,0,0,0,0
9.596583,0,0,0,0
9.598172,0,0,0,0
9.599665,0,0,0,0
9.601215,0,0,0,0
9.602705,0,0,0,0
9.604193,0,0,0,0
9.605691,0,0,0,0
9.607332,0,0,0,0
9.609790,0,0,0,0
9.611372,0,0,0,0
9.612976,0,0,0,0
9.614508,0,0,0,0
9.616069,0,0,0,0
9.617559,0,0,0,0
9.619050,0,0,0,0
9.620697,0,0,0,0
9.622377,0,0,0,0
9.624117,0,0,0,0
9.625799,0,0,0,0
9.627494,0,0,0,0
9.629176,0,0,0,0
9.630857,0,0,0,0
9.632597,0,0,0,0
9.634348,0,0,0,0
9.636025,0,0,0,0
9.637567,0,0,0,0
9.639217,0,0,0,0
9.640900,0,0,0,0
9.642580,0,0,0,0
9.644257,0,0,0,0
9.646047,0,0,0,0
9.647732,0,0,0,0
9.649278,0,0,0,0
9.650926,0,0,0,0
9.652604,0,0,0,0
9.654152,0,0,0,0
9.655852,0,0,0,0
9.657518,0,0,0,0
9.659143,0,0,0,0
9.660836,0,0,0,0
9.662335,0,0,0,0
9.663875,0,0,0,0
9.665361,0,0,0,0
9.666850,0,0,0,0
9.668339,0,0,0,0
9.670090,0,0,0,0
9.671765,0,0,0,0
9.673467,0,0,0,0
9.675146,0,0,0,0
9.676826,0,0,0,0
9.678505,0,0,0,0
9.680112,0,0,0,0
9.681762,0,0,0,0
9.683441,0,0,0,0
9.685122,0,0,0,0
9.686800,0,0,0,0
9.688538,0,0,0,0
9.690237,0,0,0,0
9.691914,0,0,0,0
9.693605,0,0,0,0
9.695203,0,0,0,0
9.696833,0,0,0,0
9.698483,0,0,0,0
9.700003,0,0,0,0
9.701653,0,0,0,0
9.703323,0,0,0,0
9.704878,0,0,0,0
9.706383,0,0,0,0
9.707877,0,0,0,0
9.709425,0,0,0,0
9.710926,0,0,0,0
9.712479,0,0,0,0
9.713987,0,0,0,0
9.715474,0,0,0,0
9.716960,0,0,0,0
9.718567,0,0,0,0
9.720102,0,0,0,0
9.721586,0,0,0,0
9.723237,0,0,0,0
9.724918,0,0,0,0
9.726596,0,0,0,0
9.728333,0,0,0,0
9.729964,0,0,0,0
9.731654,0,0,0,0
9.733193,0,0,0,0
9.734689,0,0,0,0
9.736190,0,0,0,0
9.738008,0,0,0,0
9.739492,0,0,0,0
9.740972,0,0,0,0
9.742462,0,0,0,0
9.744036,0,0,0,0
9.745532,0,0,0,0
9.747023,0,0,0,0
9.748506,0,0,0,0
9.750013,0,0,0,0
9.751496,0,0,0,0
9.753197,0,0,0,0
9.754892,0,0,0,0
9.756571,0,0,0,0
9.758255,0,0,0,0
9.759994,0,0,0,0
9.761675,0,0,0,0
9.763355,0,0,0,0
9.764902,0,0,0,0
9.766551,0,0,0,0
9.768290,0,0,0,0
9.769944,0,0,0,0
9.771596,0,0,0,0
9.773317,0,0,0,0
9.774989,0,0,0,0
9.776779,0,0,0,0
9.778877,0,0,0,0
9.780598,0,0,0,0
9.782534,0,0,0,0
9.784126,0,0,0,0
9.785621,0,0,0,0
9.787125,0,0,0,0
9.788616,0,0,0,0
9.790133,0,0,0,0
9.791624,0,0,0,0
9.793171,0,0,0,0
9.794662,0,0,0,0
9.796164,0,0,0,0
9.797665,0,0,0,0
9.799307,0,0,0,0
9.800992,0,0,0,0
9.802673,0,0,0,0
9.804352,0,0,0,0
9.806036,0,0,0,0
9.807715,0,0,0,0
9.810642,0,0,0,0
9.812214,0,0,0,0
9.813711,0,0,0,0
9.815203,0,0,0,0
9.816755,0,0,0,0
9.818247,0,0,0,0
9.819766,0,0,0,0
9.821256,0,0,0,0
9.822747,0,0,0,0
9.824291,0,0,0,0
9.825890,0,0,0,0
9.827381,0,0,0,0
9.828873,0,0,0,0
9.830375,0,0,0,0
9.831919,0,0,0,0
9.833407,0,0,0,0
9.835042,0,0,0,0
9.836967,0,0,0,0
9.838556,0,0,0,0
9.840107,0,0,0,0
9.841642,0,0,0,0
9.843367,0,0,0,0
9.844943,0,0,0,0
9.846420,0,0,0,0
9.847879,0,0,0,0
9.849325,0,0,0,0
9.850808,0,0,0,0
9.852301,0,0,0,0
9.854142,0,0,0,0
9.855869,0,0,0,0
9.857392,0,0,0,0
9.859038,0,0,0,0
9.860712,0,0,0,0
9.862279,0,0,0,0
9.864008,0,0,0,0
9.865688,0,0,0,0
9.867369,0,0,0,0
9.869052,0,0,0,0
9.870734,0,0,0,0
9.872475,0,0,0,0
9.874026,0,0,0,0
9.875676,0,0,0,0
9.877358,0,0,0,0
9.879040,0,0,0,0
9.880723,0,0,0,0
9.882404,0,0,0,0
9.884085,0,0,0,0
9.885780,0,0,0,0
9.887460,0,0,0,0
9.889207,0,0,0,0
9.890886,0,0,0,0
9.892563,0,0,0,0
9.894248,0,0,0,0
9.895854,0,0,0,0
9.897452,0,0,0,0
9.899111,0,0,0,0
9.900788,0,0,0,0
9.902317,0,0,0,0
9.904028,0,0,0,0
9.905709,0,0,0,0
9.907255,0,0,0,0
9.908754,0,0,0,0
9.910247,0,0,0,0
9.911737,0,0,0,0
9.913296,0,0,0,0
9.914786,0,0,0,0
9.916428,0,0,0,0
9.917978,0,0,0,0
9.919627,0,0,0,0
9.921374,0,0,0,0
9.923056,0,0,0,0
9.924739,0,0,0,0
9.926420,0,0,0,0
9.928161,0,0,0,0
9.929704,0,0,0,0
9.931355,0,0,0,0
9.933038,0,0,0,0
9.934721,0,0,0,0
9.936461,0,0,0,0
9.938305,0,0,0,0
9.939814,0,0,0,0
9.941311,0,0,0,0
9.942804,0,0,0,0
9.944352,0,0,0,0
9.945845,0,0,0,0
9.947487,0,0,0,0
9.949168,0,0,0,0
9.950715,0,0,0,0
9.952271,0,0,0,0
9.953866,0,0,0,0
9.955293,0,0,0,0
9.956686,0,0,0,0
9.958110,0,0,0,0
9.959657,0,0,0,0
9.961188,0,0,0,0
9.962636,0,0,0,0
9.964197,0,0,0,0
9.965650,0,0,0,0
9.967207,0,0,0,0
9.968923,0,0,0,0
9.970440,0,0,0,0
9.971890,0,0,0,0
9.973319,0,0,0,0
9.974746,0,0,0,0
9.976219,0,0,0,0
9.977644,0,0,0,0
9.979206,0,0,0,0
9.980826,0,0,0,0
9.982372,0,0,0,0
9.984078,0,0,0,0
9.985756,0,0,0,0
9.987436,0,0,0,0
9.989117,0,0,0,0
9.990798,0,0,0,0
9.992538,0,0,0,0
9.994239,0,0,0,0
9.995919,0,0,0,0
9.997600,0,0,0,0
9.999282,0,0,0,0
10.000156,0,0,0,0
