elapsed_s,VFD_MODE_3_FIBERS,VFD_MODE_4_FIBERS,VFD_TOTAL_VERTICES,VFDP_STALL_CYCLES_VFD,VFDP_STALL_CYCLES_VFD_INDEX,VFDP_STALL_CYCLES_VFD_PROG,VFDP_STARVE_CYCLES_PC,VFDP_VS_STAGE_WAVES
0.001617,0,0,0,0,0,0,0,0
0.003215,0,0,0,0,0,0,0,0
0.006532,0,0,0,0,0,0,0,0
0.008002,0,0,0,0,0,0,0,0
0.009433,0,0,0,0,0,0,0,0
0.010898,0,0,0,0,0,0,0,0
0.012393,0,0,0,0,0,0,0,0
0.013824,0,0,0,0,0,0,0,0
0.015244,0,0,0,0,0,0,0,0
0.016713,0,0,0,0,0,0,0,0
0.018160,0,0,0,0,0,0,0,0
0.019603,0,0,0,0,0,0,0,0
0.021097,0,0,0,0,0,0,0,0
0.023998,0,0,0,0,0,0,0,0
0.025802,0,0,0,0,0,0,0,0
0.027279,0,0,0,0,0,0,0,0
0.028697,0,0,0,0,0,0,0,0
0.030220,0,0,0,0,0,0,0,0
0.031707,0,0,0,0,0,0,0,0
0.033184,0,0,0,0,0,0,0,0
0.034641,0,0,0,0,0,0,0,0
0.036059,0,0,0,0,0,0,0,0
0.037497,0,0,0,0,0,0,0,0
0.038928,0,0,0,0,0,0,0,0
0.040641,0,0,0,0,0,0,0,0
0.042118,0,0,0,0,0,0,0,0
0.044017,0,0,0,0,0,0,0,0
0.045504,0,0,0,0,0,0,0,0
0.046973,0,0,0,0,0,0,0,0
0.048452,0,0,0,0,0,0,0,0
0.049928,0,0,0,0,0,0,0,0
0.051388,0,0,0,0,0,0,0,0
0.052833,0,0,0,0,0,0,0,0
0.054288,0,0,0,0,0,0,0,0
0.055766,0,0,0,0,0,0,0,0
0.057163,0,0,0,0,0,0,0,0
0.058633,0,0,0,0,0,0,0,0
0.060125,0,0,0,0,0,0,0,0
0.061585,0,0,0,0,0,0,0,0
0.063154,0,0,0,0,0,0,0,0
0.064576,0,0,0,0,0,0,0,0
0.066016,0,0,0,0,0,0,0,0
0.067391,0,0,0,0,0,0,0,0
0.068785,0,0,0,0,0,0,0,0
0.070212,0,0,0,0,0,0,0,0
0.071645,0,0,0,0,0,0,0,0
0.073107,0,0,0,0,0,0,0,0
0.074568,0,0,0,0,0,0,0,0
0.076016,0,0,0,0,0,0,0,0
0.077479,0,0,0,0,0,0,0,0
0.078964,0,0,0,0,0,0,0,0
0.080426,0,0,0,0,0,0,0,0
0.082227,0,0,0,0,0,0,0,0
0.084168,0,0,0,54,54,0,807,0
0.085662,0,0,0,0,0,0,0,0
0.087161,0,0,0,0,0,0,0,0
0.088662,0,0,0,0,0,0,0,0
0.090106,0,0,0,0,0,0,0,0
0.091458,0,0,0,0,0,0,0,0
0.092923,0,0,0,0,0,0,0,0
0.094468,0,0,0,0,0,0,0,0
0.095954,0,0,0,0,0,0,0,0
0.097490,0,0,0,0,0,0,0,0
0.098950,0,0,0,0,0,0,0,0
0.100550,0,0,0,0,0,0,0,0
0.102383,0,0,0,0,0,0,0,0
0.103828,0,0,0,0,0,0,0,0
0.105409,0,0,0,0,0,0,0,0
0.106873,0,0,0,0,0,0,0,0
0.108298,0,0,0,66,66,0,226491,0
0.109658,0,0,0,156,156,0,1756491,0
0.110953,0,0,0,168,168,0,1846206,0
0.112189,0,0,0,66,66,0,395733,0
0.113571,0,0,0,0,0,0,0,0
0.114878,0,0,0,0,0,0,0,0
0.116199,0,0,0,0,0,0,0,0
0.117556,0,0,0,0,0,0,0,0
0.118863,0,0,0,0,0,0,0,0
0.120217,0,0,0,0,0,0,0,0
0.122197,0,0,0,0,0,0,0,0
0.123582,0,0,0,0,0,0,0,0
0.124933,0,0,0,0,0,0,0,0
0.126285,0,0,0,0,0,0,0,0
0.127710,0,0,0,0,0,0,0,0
0.129079,0,0,0,0,0,0,0,0
0.130526,0,0,0,0,0,0,0,0
0.131906,0,0,0,0,0,0,0,0
0.133269,0,0,0,0,0,0,0,0
0.134607,0,0,0,0,0,0,0,0
0.135976,0,0,0,0,0,0,0,0
0.137322,0,0,0,0,0,0,0,0
0.139014,0,0,0,0,0,0,0,0
0.140415,0,0,0,0,0,0,0,0
0.141771,0,0,0,0,0,0,0,0
0.143186,0,0,0,0,0,0,0,0
0.144598,0,0,0,0,0,0,0,0
0.145923,0,0,0,0,0,0,0,0
0.147240,0,0,0,0,0,0,0,0
0.148572,0,0,0,0,0,0,0,0
0.149894,0,0,0,0,0,0,0,0
0.151246,0,0,0,0,0,0,0,0
0.152701,0,0,0,0,0,0,0,0
0.154391,0,0,0,0,0,0,0,0
0.155933,0,0,0,0,0,0,0,0
0.157927,0,0,0,0,0,0,0,0
0.159563,0,0,0,0,0,0,0,0
0.161907,0,0,0,0,0,0,0,0
0.163382,0,0,0,0,0,0,0,0
0.164923,0,0,0,0,0,0,0,0
0.166336,0,0,0,0,0,0,0,0
0.167750,0,0,0,0,0,0,0,0
0.169207,0,0,0,0,0,0,0,0
0.170634,0,0,0,0,0,0,0,0
0.172057,0,0,0,0,0,0,0,0
0.173645,0,0,0,0,0,0,0,0
0.175108,0,0,0,0,0,0,0,0
0.176704,0,0,0,0,0,0,0,0
0.178238,0,0,0,0,0,0,0,0
0.179776,0,0,0,0,0,0,0,0
0.181249,0,0,0,0,0,0,0,0
0.182702,0,0,0,0,0,0,0,0
0.184150,0,0,0,0,0,0,0,0
0.185655,0,0,0,0,0,0,0,0
0.187806,0,0,0,0,0,0,0,0
0.189686,0,0,0,0,0,0,0,0
0.191163,0,0,0,0,0,0,0,0
0.192643,0,0,0,0,0,0,0,0
0.194109,0,0,0,0,0,0,0,0
0.195544,0,0,0,0,0,0,0,0
0.197014,0,0,0,0,0,0,0,0
0.198442,0,0,0,0,0,0,0,0
0.200068,0,0,0,0,0,0,0,0
0.201514,0,0,0,0,0,0,0,0
0.202996,0,0,0,0,0,0,0,0
0.204745,0,0,0,0,0,0,0,0
0.206257,0,0,0,0,0,0,0,0
0.208061,0,0,0,0,0,0,0,0
0.209640,0,0,0,0,0,0,0,0
0.212360,0,0,0,0,0,0,0,0
0.213825,0,0,0,0,0,0,0,0
0.215252,0,0,0,0,0,0,0,0
0.216706,0,0,0,0,0,0,0,0
0.218154,0,0,0,0,0,0,0,0
0.219532,0,0,0,0,0,0,0,0
0.220910,0,0,0,0,0,0,0,0
0.222341,0,0,0,0,0,0,0,0
0.223804,0,0,0,0,0,0,0,0
0.225323,0,0,0,0,0,0,0,0
0.226965,0,0,0,0,0,0,0,0
0.228640,0,0,0,0,0,0,0,0
0.230245,0,0,0,0,0,0,0,0
0.232133,0,0,0,0,0,0,0,0
0.235489,0,0,0,0,0,0,0,0
0.238154,0,0,0,0,0,0,0,0
0.239706,0,0,0,0,0,0,0,0
0.241182,0,0,0,0,0,0,0,0
0.242616,0,0,0,0,0,0,0,0
0.244133,0,0,0,0,0,0,0,0
0.245607,0,0,0,0,0,0,0,0
0.247031,0,0,0,0,0,0,0,0
0.248611,0,0,0,0,0,0,0,0
0.250125,0,0,0,0,0,0,0,0
0.251582,0,0,0,0,0,0,0,0
0.253369,0,0,0,0,0,0,0,0
0.254904,0,0,0,0,0,0,0,0
0.256813,0,0,0,0,0,0,0,0
0.260356,0,0,0,0,0,0,0,0
0.261908,0,0,0,0,0,0,0,0
0.264998,0,0,0,0,0,0,0,0
0.266413,0,0,0,0,0,0,0,0
0.267987,0,0,0,0,0,0,0,0
0.269659,0,0,0,0,0,0,0,0
0.271144,0,0,0,0,0,0,0,0
0.272711,0,0,0,0,0,0,0,0
0.274198,0,0,0,0,0,0,0,0
0.275883,0,0,0,0,0,0,0,0
0.277563,0,0,0,0,0,0,0,0
0.279353,0,0,0,0,0,0,0,0
0.281063,0,0,0,0,0,0,0,0
0.282577,0,0,0,0,0,0,0,0
0.285835,0,0,0,0,0,0,0,0
0.288760,0,0,0,0,0,0,0,0
0.292725,0,0,0,0,0,0,0,0
0.294180,0,0,0,0,0,0,0,0
0.295653,0,0,0,0,0,0,0,0
0.297419,0,0,0,0,0,0,0,0
0.298905,0,0,0,0,0,0,0,0
0.300415,0,0,0,0,0,0,0,0
0.301832,0,0,0,0,0,0,0,0
0.303243,0,0,0,0,0,0,0,0
0.304741,0,0,0,0,0,0,0,0
0.306234,0,0,0,0,0,0,0,0
0.308193,0,0,0,0,0,0,0,0
0.309696,0,0,0,0,0,0,0,0
0.312041,0,0,0,0,0,0,0,0
0.314829,0,0,0,0,0,0,0,0
0.316317,0,0,0,0,0,0,0,0
0.317767,0,0,0,0,0,0,0,0
0.319257,0,0,0,0,0,0,0,0
0.320770,0,0,0,0,0,0,0,0
0.322270,0,0,0,0,0,0,0,0
0.323713,0,0,0,0,0,0,0,0
0.325113,0,0,0,0,0,0,0,0
0.326633,0,0,0,0,0,0,0,0
0.328135,0,0,0,0,0,0,0,0
0.329585,0,0,0,0,0,0,0,0
0.331060,0,0,0,0,0,0,0,0
0.332682,0,0,0,0,0,0,0,0
0.334230,0,0,0,0,0,0,0,0
0.336063,0,0,0,0,0,0,0,0
0.340939,0,0,0,0,0,0,0,0
0.343848,0,0,0,0,0,0,0,0
0.345350,0,0,0,0,0,0,0,0
0.346859,0,0,0,0,0,0,0,0
0.348360,0,0,0,0,0,0,0,0
0.349866,0,0,0,0,0,0,0,0
0.351362,0,0,0,0,0,0,0,0
0.353015,0,0,0,0,0,0,0,0
0.354525,0,0,0,0,0,0,0,0
0.356168,0,0,0,0,0,0,0,0
0.357656,0,0,0,0,0,0,0,0
0.359115,0,0,0,0,0,0,0,0
0.361798,0,0,0,0,0,0,0,0
0.363261,0,0,0,0,0,0,0,0
0.366356,0,0,0,0,0,0,0,0
0.368970,0,0,0,0,0,0,0,0
0.370510,0,0,0,0,0,0,0,0
0.371906,0,0,0,0,0,0,0,0
0.373456,0,0,0,0,0,0,0,0
0.374860,0,0,0,0,0,0,0,0
0.376384,0,0,0,0,0,0,0,0
0.377829,0,0,0,0,0,0,0,0
0.379272,0,0,0,0,0,0,0,0
0.380755,0,0,0,0,0,0,0,0
0.382291,0,0,0,0,0,0,0,0
0.384264,0,0,0,0,0,0,0,0
0.385724,0,0,0,0,0,0,0,0
0.389144,0,0,0,0,0,0,0,0
0.392410,0,0,0,0,0,0,0,0
0.394788,0,0,0,0,0,0,0,0
0.396328,0,0,0,0,0,0,0,0
0.397825,0,0,0,0,0,0,0,0
0.399256,0,0,0,0,0,0,0,0
0.400702,0,0,0,0,0,0,0,0
0.402150,0,0,0,0,0,0,0,0
0.403591,0,0,0,0,0,0,0,0
0.405023,0,0,0,0,0,0,0,0
0.406457,0,0,0,0,0,0,0,0
0.407979,0,0,0,0,0,0,0,0
0.409494,0,0,0,0,0,0,0,0
0.410995,0,0,0,0,0,0,0,0
0.413435,0,0,0,0,0,0,0,0
0.414939,0,0,0,0,0,0,0,0
0.417944,0,0,0,0,0,0,0,0
0.419911,0,0,0,0,0,0,0,0
0.421395,0,0,0,0,0,0,0,0
0.422871,0,0,0,0,0,0,0,0
0.424670,0,0,0,0,0,0,0,0
0.426086,0,0,0,0,0,0,0,0
0.427584,0,0,0,0,0,0,0,0
0.429109,0,0,0,0,0,0,0,0
0.430575,0,0,0,0,0,0,0,0
0.432005,0,0,0,0,0,0,0,0
0.433438,0,0,0,0,0,0,0,0
0.435233,0,0,0,0,0,0,0,0
0.436693,0,0,0,0,0,0,0,0
0.440639,0,0,0,0,0,0,0,0
0.442266,0,0,0,0,0,0,0,0
0.445546,0,0,0,0,0,0,0,0
0.447006,0,0,0,0,0,0,0,0
0.448625,0,0,0,0,0,0,0,0
0.450103,0,0,0,0,0,0,0,0
0.451560,0,0,0,0,0,0,0,0
0.453124,0,0,0,0,0,0,0,0
0.454625,0,0,0,0,0,0,0,0
0.456119,0,0,0,0,0,0,0,0
0.457649,0,0,0,0,0,0,0,0
0.459085,0,0,0,0,0,0,0,0
0.460589,0,0,0,0,0,0,0,0
0.462143,0,0,0,0,0,0,0,0
0.465028,0,0,0,0,0,0,0,0
0.467816,0,0,0,0,0,0,0,0
0.469240,0,0,0,0,0,0,0,0
0.471242,0,0,0,0,0,0,0,0
0.472653,0,0,0,0,0,0,0,0
0.474006,0,0,0,0,0,0,0,0
0.475468,0,0,0,0,0,0,0,0
0.476920,0,0,0,0,0,0,0,0
0.478335,0,0,0,0,0,0,0,0
0.479838,0,0,0,0,0,0,0,0
0.481260,0,0,0,0,0,0,0,0
0.482738,0,0,0,0,0,0,0,0
0.484215,0,0,0,0,0,0,0,0
0.485664,0,0,0,0,0,0,0,0
0.487225,0,0,0,0,0,0,0,0
0.490326,0,0,0,0,0,0,0,0
0.491849,0,0,0,0,0,0,0,0
0.494720,0,0,0,0,0,0,0,0
0.497401,0,0,0,0,0,0,0,0
0.498931,0,0,0,0,0,0,0,0
0.500676,0,0,0,0,0,0,0,0
0.502160,0,0,0,0,0,0,0,0
0.503643,0,0,0,0,0,0,0,0
0.505094,0,0,0,0,0,0,0,0
0.506533,0,0,0,0,0,0,0,0
0.507965,0,0,0,0,0,0,0,0
0.509439,0,0,0,0,0,0,0,0
0.510930,0,0,0,0,0,0,0,0
0.512394,0,0,0,0,0,0,0,0
0.513862,0,0,0,0,0,0,0,0
0.516537,0,0,0,0,0,0,0,0
0.519343,0,0,0,0,0,0,0,0
0.520820,0,0,0,0,0,0,0,0
0.523720,0,0,0,0,0,0,0,0
0.525172,0,0,0,0,0,0,0,0
0.527530,0,0,0,0,0,0,0,0
0.529034,0,0,0,0,0,0,0,0
0.530568,0,0,0,0,0,0,0,0
0.532006,0,0,0,0,0,0,0,0
0.533436,0,0,0,0,0,0,0,0
0.534862,0,0,0,0,0,0,0,0
0.536327,0,0,0,0,0,0,0,0
0.537838,0,0,0,0,0,0,0,0
0.539284,0,0,0,0,0,0,0,0
0.541277,0,0,0,0,0,0,0,0
0.542781,0,0,0,0,0,0,0,0
0.545912,0,0,0,0,0,0,0,0
0.548145,0,0,0,0,0,0,0,0
0.549655,0,0,0,0,0,0,0,0
0.552159,0,0,0,0,0,0,0,0
0.553654,0,0,0,0,0,0,0,0
0.555170,0,0,0,0,0,0,0,0
0.556582,0,0,0,0,0,0,0,0
0.557987,0,0,0,0,0,0,0,0
0.559440,0,0,0,0,0,0,0,0
0.560916,0,0,0,0,0,0,0,0
0.562387,0,0,0,0,0,0,0,0
0.563915,0,0,0,0,0,0,0,0
0.565393,0,0,0,0,0,0,0,0
0.568267,0,0,0,0,0,0,0,0
0.571049,0,0,0,0,0,0,0,0
0.573367,0,0,0,0,0,0,0,0
0.574837,0,0,0,0,0,0,0,0
0.576281,0,0,0,0,0,0,0,0
0.578519,0,0,0,0,0,0,0,0
0.580011,0,0,0,0,0,0,0,0
0.581655,0,0,0,0,0,0,0,0
0.583142,0,0,0,0,0,0,0,0
0.584670,0,0,0,0,0,0,0,0
0.586116,0,0,0,0,0,0,0,0
0.587597,0,0,0,0,0,0,0,0
0.589028,0,0,0,0,0,0,0,0
0.593911,0,0,0,0,0,0,0,0
0.597721,0,0,0,0,0,0,0,0
0.599180,0,0,0,0,0,0,0,0
0.600664,0,0,0,0,0,0,0,0
0.602322,0,0,0,0,0,0,0,0
0.603885,0,0,0,0,0,0,0,0
0.605395,0,0,0,0,0,0,0,0
0.606853,0,0,0,0,0,0,0,0
0.608312,0,0,0,0,0,0,0,0
0.609761,0,0,0,0,0,0,0,0
0.611227,0,0,0,0,0,0,0,0
0.612754,0,0,0,0,0,0,0,0
0.616047,0,0,0,0,0,0,0,0
0.617598,0,0,0,0,0,0,0,0
0.619113,0,0,0,0,0,0,0,0
0.620647,0,0,0,0,0,0,0,0
0.622735,0,0,0,0,0,0,0,0
0.624215,0,0,0,0,0,0,0,0
0.625702,0,0,0,0,0,0,0,0
0.627204,0,0,0,0,0,0,0,0
0.628651,0,0,0,0,0,0,0,0
0.630098,0,0,0,0,0,0,0,0
0.631549,0,0,0,0,0,0,0,0
0.633073,0,0,0,0,0,0,0,0
0.634637,0,0,0,0,0,0,0,0
0.636533,0,0,0,0,0,0,0,0
0.638030,0,0,0,0,0,0,0,0
0.639537,0,0,0,0,0,0,0,0
0.643847,0,0,0,0,0,0,0,0
0.645390,0,0,0,0,0,0,0,0
0.647296,0,0,0,0,0,0,0,0
0.648744,0,0,0,0,0,0,0,0
0.650188,0,0,0,0,0,0,0,0
0.651753,0,0,0,0,0,0,0,0
0.653213,0,0,0,0,0,0,0,0
0.654692,0,0,0,0,0,0,0,0
0.656228,0,0,0,0,0,0,0,0
0.657716,0,0,0,0,0,0,0,0
0.659180,0,0,0,0,0,0,0,0
0.660646,0,0,0,0,0,0,0,0
0.662133,0,0,0,0,0,0,0,0
0.663663,0,0,0,0,0,0,0,0
0.665210,0,0,0,0,0,0,0,0
0.669276,0,0,0,0,0,0,0,0
0.670781,0,0,0,0,0,0,0,0
0.674413,0,0,0,0,0,0,0,0
0.675916,0,0,0,0,0,0,0,0
0.677397,0,0,0,0,0,0,0,0
0.678878,0,0,0,0,0,0,0,0
0.680358,0,0,0,0,0,0,0,0
0.681843,0,0,0,0,0,0,0,0
0.683323,0,0,0,0,0,0,0,0
0.684793,0,0,0,0,0,0,0,0
0.686281,0,0,0,0,0,0,0,0
0.687884,0,0,0,0,0,0,0,0
0.689392,0,0,0,0,0,0,0,0
0.693425,0,0,0,0,0,0,0,0
0.696876,0,0,0,0,0,0,0,0
0.698531,0,0,0,0,0,0,0,0
0.700429,0,0,0,0,0,0,0,0
0.702326,0,0,0,0,0,0,0,0
0.703923,0,0,0,0,0,0,0,0
0.705332,0,0,0,0,0,0,0,0
0.706691,0,0,0,0,0,0,0,0
0.708079,0,0,0,0,0,0,0,0
0.709453,0,0,0,0,0,0,0,0
0.710892,0,0,0,0,0,0,0,0
0.712315,0,0,0,0,0,0,0,0
0.713687,0,0,0,0,0,0,0,0
0.715099,0,0,0,0,0,0,0,0
0.716468,0,0,0,0,0,0,0,0
0.718090,0,0,0,0,0,0,0,0
0.719524,0,0,0,0,0,0,0,0
0.721211,0,0,0,0,0,0,0,0
0.722733,0,0,0,0,0,0,0,0
0.724216,0,0,0,0,0,0,0,0
0.725712,0,0,0,0,0,0,0,0
0.727209,0,0,0,0,0,0,0,0
0.728830,0,0,0,0,0,0,0,0
0.730338,0,0,0,0,0,0,0,0
0.731803,0,0,0,0,0,0,0,0
0.733324,0,0,0,0,0,0,0,0
0.734811,0,0,0,0,0,0,0,0
0.736355,0,0,0,0,0,0,0,0
0.737860,0,0,0,0,0,0,0,0
0.739673,0,0,0,0,0,0,0,0
0.741279,0,0,0,0,0,0,0,0
0.745128,0,0,0,0,0,0,0,0
0.749023,0,0,0,0,0,0,0,0
0.750665,0,0,0,0,0,0,0,0
0.753463,0,0,0,0,0,0,0,0
0.755051,0,0,0,0,0,0,0,0
0.757025,0,0,0,0,0,0,0,0
0.758540,0,0,0,0,0,0,0,0
0.759961,0,0,0,0,0,0,0,0
0.761384,0,0,0,0,0,0,0,0
0.762754,0,0,0,0,0,0,0,0
0.764167,0,0,0,0,0,0,0,0
0.765562,0,0,0,0,0,0,0,0
0.767002,0,0,0,0,0,0,0,0
0.768433,0,0,0,0,0,0,0,0
0.769949,0,0,0,0,0,0,0,0
0.771386,0,0,0,0,0,0,0,0
0.772805,0,0,0,0,0,0,0,0
0.775121,0,0,0,0,0,0,0,0
0.776940,0,0,0,0,0,0,0,0
0.780010,0,0,0,0,0,0,0,0
0.781495,0,0,0,0,0,0,0,0
0.783082,0,0,0,0,0,0,0,0
0.784596,0,0,0,0,0,0,0,0
0.786006,0,0,0,0,0,0,0,0
0.787455,0,0,0,0,0,0,0,0
0.789069,0,0,0,0,0,0,0,0
0.790530,0,0,0,0,0,0,0,0
0.792132,0,0,0,0,0,0,0,0
0.793826,0,0,0,0,0,0,0,0
0.795365,0,0,0,0,0,0,0,0
0.796883,0,0,0,0,0,0,0,0
0.798410,0,0,0,0,0,0,0,0
0.799964,0,0,0,0,0,0,0,0
0.805052,0,0,0,0,0,0,0,0
0.806655,0,0,0,0,0,0,0,0
0.809876,0,0,0,0,0,0,0,0
0.811526,0,0,0,0,0,0,0,0
0.819462,0,0,0,0,0,0,0,0
0.820990,0,0,0,0,0,0,0,0
0.822424,0,0,0,0,0,0,0,0
0.823889,0,0,0,0,0,0,0,0
0.825301,0,0,0,0,0,0,0,0
0.826717,0,0,0,0,0,0,0,0
0.828130,0,0,0,0,0,0,0,0
0.829543,0,0,0,0,0,0,0,0
0.830952,0,0,0,0,0,0,0,0
0.832472,0,0,0,0,0,0,0,0
0.833829,0,0,0,0,0,0,0,0
0.835182,0,0,0,0,0,0,0,0
0.836578,0,0,0,0,0,0,0,0
0.837931,0,0,0,0,0,0,0,0
0.839287,0,0,0,0,0,0,0,0
0.840726,0,0,0,0,0,0,0,0
0.842053,0,0,0,0,0,0,0,0
0.843370,0,0,0,0,0,0,0,0
0.844684,0,0,0,0,0,0,0,0
0.845982,0,0,0,0,0,0,0,0
0.847294,0,0,0,0,0,0,0,0
0.848664,0,0,0,0,0,0,0,0
0.850335,0,0,0,0,0,0,0,0
0.851726,0,0,0,0,0,0,0,0
0.853545,0,0,0,0,0,0,0,0
0.854903,0,0,0,0,0,0,0,0
0.856359,0,0,0,0,0,0,0,0
0.857733,0,0,0,0,0,0,0,0
0.859144,0,0,0,0,0,0,0,0
0.860519,0,0,0,0,0,0,0,0
0.861901,0,0,0,0,0,0,0,0
0.863253,0,0,0,0,0,0,0,0
0.864678,0,0,0,0,0,0,0,0
0.866132,0,0,0,0,0,0,0,0
0.867596,0,0,0,0,0,0,0,0
0.868978,0,0,0,0,0,0,0,0
0.870576,0,0,0,0,0,0,0,0
0.872082,0,0,0,0,0,0,0,0
0.873505,0,0,0,0,0,0,0,0
0.875061,0,0,0,0,0,0,0,0
0.876463,0,0,0,0,0,0,0,0
0.878064,0,0,0,0,0,0,0,0
0.879550,0,0,0,0,0,0,0,0
0.881135,0,0,0,0,0,0,0,0
0.882573,0,0,0,0,0,0,0,0
0.884024,0,0,0,0,0,0,0,0
0.885461,0,0,0,0,0,0,0,0
0.886935,0,0,0,0,0,0,0,0
0.888355,0,0,0,0,0,0,0,0
0.889793,0,0,0,0,0,0,0,0
0.891606,0,0,0,0,0,0,0,0
0.893038,0,0,0,0,0,0,0,0
0.894717,0,0,0,0,0,0,0,0
0.896202,0,0,0,0,0,0,0,0
0.898270,0,0,0,0,0,0,0,0
0.899689,0,0,0,0,0,0,0,0
0.901543,0,0,0,0,0,0,0,0
0.903002,0,0,0,0,0,0,0,0
0.904437,0,0,0,0,0,0,0,0
0.905817,0,0,0,0,0,0,0,0
0.907261,0,0,0,0,0,0,0,0
0.908690,0,0,0,0,0,0,0,0
0.910205,0,0,0,0,0,0,0,0
0.911676,0,0,0,0,0,0,0,0
0.913192,0,0,0,0,0,0,0,0
0.914671,0,0,0,0,0,0,0,0
0.916114,0,0,0,0,0,0,0,0
0.917674,0,0,0,0,0,0,0,0
0.919746,0,0,0,0,0,0,0,0
0.921147,0,0,0,0,0,0,0,0
0.922613,0,0,0,0,0,0,0,0
0.924084,0,0,0,0,0,0,0,0
0.925591,0,0,0,0,0,0,0,0
0.927035,0,0,0,0,0,0,0,0
0.928723,0,0,0,0,0,0,0,0
0.930275,0,0,0,0,0,0,0,0
0.931759,0,0,0,0,0,0,0,0
0.933418,0,0,0,0,0,0,0,0
0.934950,0,0,0,0,0,0,0,0
0.936605,0,0,0,0,0,0,0,0
0.938082,0,0,0,0,0,0,0,0
0.939587,0,0,0,0,0,0,0,0
0.941104,0,0,0,0,0,0,0,0
0.942622,0,0,0,0,0,0,0,0
0.944132,0,0,0,0,0,0,0,0
0.945563,0,0,0,0,0,0,0,0
0.946979,0,0,0,0,0,0,0,0
0.948380,0,0,0,0,0,0,0,0
0.949878,0,0,0,0,0,0,0,0
0.951319,0,0,0,0,0,0,0,0
0.952868,0,0,0,0,0,0,0,0
0.954444,0,0,0,0,0,0,0,0
0.956045,0,0,0,0,0,0,0,0
0.957527,0,0,0,0,0,0,0,0
0.959033,0,0,0,0,0,0,0,0
0.960646,0,0,0,0,0,0,0,0
0.962231,0,0,0,0,0,0,0,0
0.963821,0,0,0,0,0,0,0,0
0.965290,0,0,0,0,0,0,0,0
0.966802,0,0,0,0,0,0,0,0
0.968337,0,0,0,0,0,0,0,0
0.969842,0,0,0,0,0,0,0,0
0.971327,0,0,0,0,0,0,0,0
0.972829,0,0,0,0,0,0,0,0
0.974228,0,0,0,0,0,0,0,0
0.975664,0,0,0,0,0,0,0,0
0.977547,0,0,0,0,0,0,0,0
0.979134,0,0,0,0,0,0,0,0
0.981018,0,0,0,0,0,0,0,0
0.982870,0,0,0,0,0,0,0,0
0.984430,0,0,0,0,0,0,0,0
0.985827,0,0,0,0,0,0,0,0
0.987208,0,0,0,0,0,0,0,0
0.988666,0,0,0,0,0,0,0,0
0.990053,0,0,0,0,0,0,0,0
0.991454,0,0,0,0,0,0,0,0
0.992926,0,0,0,0,0,0,0,0
0.994365,0,0,0,0,0,0,0,0
0.995787,0,0,0,0,0,0,0,0
0.997267,0,0,0,0,0,0,0,0
0.998850,0,0,0,0,0,0,0,0
1.000889,0,0,0,0,0,0,0,0
1.002937,0,0,0,0,0,0,0,0
1.004735,0,0,0,0,0,0,0,0
1.006326,0,0,0,0,0,0,0,0
1.007830,0,0,0,0,0,0,0,0
1.009318,0,0,0,0,0,0,0,0
1.010775,0,0,0,0,0,0,0,0
1.012255,0,0,0,0,0,0,0,0
1.013770,0,0,0,0,0,0,0,0
1.015329,0,0,0,0,0,0,0,0
1.016928,0,0,0,0,0,0,0,0
1.018588,0,0,0,0,0,0,0,0
1.020172,0,0,0,0,0,0,0,0
1.021685,0,0,0,0,0,0,0,0
1.023127,0,0,0,0,0,0,0,0
1.024976,0,0,0,0,0,0,0,0
1.026469,0,0,0,0,0,0,0,0
1.027988,0,0,0,0,0,0,0,0
1.029392,0,0,0,0,0,0,0,0
1.030824,0,0,0,0,0,0,0,0
1.032245,0,0,0,0,0,0,0,0
1.033739,0,0,0,0,0,0,0,0
1.035170,0,0,0,0,0,0,0,0
1.036721,0,0,0,0,0,0,0,0
1.038294,0,0,0,0,0,0,0,0
1.040186,0,0,0,0,0,0,0,0
1.041761,0,0,0,0,0,0,0,0
1.043507,0,0,0,0,0,0,0,0
1.044963,0,0,0,0,0,0,0,0
1.046362,0,0,0,0,0,0,0,0
1.047906,0,0,0,0,0,0,0,0
1.049329,0,0,0,0,0,0,0,0
1.050733,0,0,0,0,0,0,0,0
1.052252,0,0,0,0,0,0,0,0
1.053730,0,0,0,0,0,0,0,0
1.055239,0,0,0,0,0,0,0,0
1.056916,0,0,0,0,0,0,0,0
1.058498,0,0,0,0,0,0,0,0
1.060083,0,0,0,0,0,0,0,0
1.061721,0,0,0,0,0,0,0,0
1.063255,0,0,0,0,0,0,0,0
1.064690,0,0,0,0,0,0,0,0
1.066113,0,0,0,0,0,0,0,0
1.067594,0,0,0,0,0,0,0,0
1.069029,0,0,0,0,0,0,0,0
1.070465,0,0,0,0,0,0,0,0
1.071936,0,0,0,0,0,0,0,0
1.073357,0,0,0,0,0,0,0,0
1.074789,0,0,0,0,0,0,0,0
1.076203,0,0,0,0,0,0,0,0
1.077799,0,0,0,0,0,0,0,0
1.079239,0,0,0,0,0,0,0,0
1.081359,0,0,0,0,0,0,0,0
1.082983,0,0,0,0,0,0,0,0
1.085188,0,0,0,0,0,0,0,0
1.086650,0,0,0,0,0,0,0,0
1.088156,0,0,0,0,0,0,0,0
1.089622,0,0,0,0,0,0,0,0
1.091033,0,0,0,0,0,0,0,0
1.092516,0,0,0,0,0,0,0,0
1.093934,0,0,0,0,0,0,0,0
1.095465,0,0,0,0,0,0,0,0
1.097006,0,0,0,0,0,0,0,0
1.098958,0,0,0,0,0,0,0,0
1.100411,0,0,0,0,0,0,0,0
1.101972,0,0,0,0,0,0,0,0
1.106895,0,0,0,0,0,0,0,0
1.108364,0,0,0,0,0,0,0,0
1.112047,0,0,0,0,0,0,0,0
1.113512,0,0,0,0,0,0,0,0
1.115330,0,0,0,0,0,0,0,0
1.116913,0,0,0,0,0,0,0,0
1.118638,0,0,0,0,0,0,0,0
1.120187,0,0,0,0,0,0,0,0
1.121643,0,0,0,0,0,0,0,0
1.123344,0,0,0,0,0,0,0,0
1.125861,0,0,0,0,0,0,0,0
1.127345,0,0,0,0,0,0,0,0
1.129995,0,0,0,0,0,0,0,0
1.131452,0,0,0,0,0,0,0,0
1.133354,0,0,0,0,0,0,0,0
1.134835,0,0,0,0,0,0,0,0
1.137735,0,0,0,0,0,0,0,0
1.139220,0,0,0,0,0,0,0,0
1.141156,0,0,0,0,0,0,0,0
1.142700,0,0,0,0,0,0,0,0
1.144195,0,0,0,0,0,0,0,0
1.145762,0,0,0,0,0,0,0,0
1.147268,0,0,0,0,0,0,0,0
1.148726,0,0,0,0,0,0,0,0
1.150297,0,0,0,0,0,0,0,0
1.151886,0,0,0,0,0,0,0,0
1.153392,0,0,0,0,0,0,0,0
1.155065,0,0,0,0,0,0,0,0
1.156838,0,0,0,0,0,0,0,0
1.158855,0,0,0,0,0,0,0,0
1.161967,0,0,0,0,0,0,0,0
1.165725,0,0,0,0,0,0,0,0
1.167310,0,0,0,0,0,0,0,0
1.168871,0,0,0,0,0,0,0,0
1.170427,0,0,0,0,0,0,0,0
1.171921,0,0,0,0,0,0,0,0
1.173331,0,0,0,0,0,0,0,0
1.174831,0,0,0,0,0,0,0,0
1.176437,0,0,0,0,0,0,0,0
1.178009,0,0,0,0,0,0,0,0
1.179542,0,0,0,0,0,0,0,0
1.181054,0,0,0,0,0,0,0,0
1.182507,0,0,0,0,0,0,0,0
1.184373,0,0,0,0,0,0,0,0
1.185812,0,0,0,0,0,0,0,0
1.188243,0,0,0,0,0,0,0,0
1.191518,0,0,0,0,0,0,0,0
1.193023,0,0,0,0,0,0,0,0
1.195044,0,0,0,0,0,0,0,0
1.196566,0,0,0,0,0,0,0,0
1.198020,0,0,0,0,0,0,0,0
1.199535,0,0,0,0,0,0,0,0
1.201084,0,0,0,0,0,0,0,0
1.202627,0,0,0,0,0,0,0,0
1.204109,0,0,0,0,0,0,0,0
1.205734,0,0,0,0,0,0,0,0
1.207281,0,0,0,0,0,0,0,0
1.208733,0,0,0,0,0,0,0,0
1.210920,0,0,0,0,0,0,0,0
1.212456,0,0,0,0,0,0,0,0
1.214607,0,0,0,0,0,0,0,0
1.216177,0,0,0,0,0,0,0,0
1.219305,0,0,0,0,0,0,0,0
1.222002,0,0,0,0,0,0,0,0
1.223648,0,0,0,0,0,0,0,0
1.225135,0,0,0,0,0,0,0,0
1.226729,0,0,0,0,0,0,0,0
1.228411,0,0,0,0,0,0,0,0
1.229883,0,0,0,0,0,0,0,0
1.231487,0,0,0,0,0,0,0,0
1.233065,0,0,0,0,0,0,0,0
1.234566,0,0,0,0,0,0,0,0
1.236068,0,0,0,0,0,0,0,0
1.237786,0,0,0,0,0,0,0,0
1.239676,0,0,0,0,0,0,0,0
1.241228,0,0,0,0,0,0,0,0
1.244050,0,0,0,0,0,0,0,0
1.247519,0,0,0,0,0,0,0,0
1.249382,0,0,0,0,0,0,0,0
1.250876,0,0,0,0,0,0,0,0
1.252310,0,0,0,0,0,0,0,0
1.253905,0,0,0,0,0,0,0,0
1.255447,0,0,0,0,0,0,0,0
1.257018,0,0,0,0,0,0,0,0
1.258515,0,0,0,0,0,0,0,0
1.260016,0,0,0,0,0,0,0,0
1.261570,0,0,0,0,0,0,0,0
1.263013,0,0,0,0,0,0,0,0
1.264616,0,0,0,0,0,0,0,0
1.266142,0,0,0,0,0,0,0,0
1.267717,0,0,0,0,0,0,0,0
1.269359,0,0,0,0,0,0,0,0
1.272113,0,0,0,0,0,0,0,0
1.274708,0,0,0,0,0,0,0,0
1.276211,0,0,0,0,0,0,0,0
1.277638,0,0,0,0,0,0,0,0
1.279093,0,0,0,0,0,0,0,0
1.280773,0,0,0,0,0,0,0,0
1.282219,0,0,0,0,0,0,0,0
1.283616,0,0,0,0,0,0,0,0
1.285031,0,0,0,0,0,0,0,0
1.286443,0,0,0,0,0,0,0,0
1.287925,0,0,0,0,0,0,0,0
1.289472,0,0,0,0,0,0,0,0
1.290988,0,0,0,0,0,0,0,0
1.292652,0,0,0,0,0,0,0,0
1.294098,0,0,0,0,0,0,0,0
1.295772,0,0,0,0,0,0,0,0
1.297219,0,0,0,0,0,0,0,0
1.300148,0,0,0,0,0,0,0,0
1.302912,0,0,0,0,0,0,0,0
1.304444,0,0,0,0,0,0,0,0
1.305963,0,0,0,0,0,0,0,0
1.307498,0,0,0,0,0,0,0,0
1.309003,0,0,0,0,0,0,0,0
1.310461,0,0,0,0,0,0,0,0
1.311933,0,0,0,0,0,0,0,0
1.313379,0,0,0,0,0,0,0,0
1.314847,0,0,0,0,0,0,0,0
1.316347,0,0,0,0,0,0,0,0
1.317791,0,0,0,0,0,0,0,0
1.319316,0,0,0,0,0,0,0,0
1.320856,0,0,0,0,0,0,0,0
1.325810,0,0,0,0,0,0,0,0
1.327350,0,0,0,0,0,0,0,0
1.329164,0,0,0,0,0,0,0,0
1.330658,0,0,0,0,0,0,0,0
1.332264,0,0,0,0,0,0,0,0
1.333782,0,0,0,0,0,0,0,0
1.335302,0,0,0,0,0,0,0,0
1.336822,0,0,0,0,0,0,0,0
1.338444,0,0,0,0,0,0,0,0
1.339924,0,0,0,0,0,0,0,0
1.341508,0,0,0,0,0,0,0,0
1.342942,0,0,0,0,0,0,0,0
1.344499,0,0,0,0,0,0,0,0
1.345954,0,0,0,0,0,0,0,0
1.347372,0,0,0,0,0,0,0,0
1.349487,0,0,0,0,0,0,0,0
1.351036,0,0,0,0,0,0,0,0
1.352904,0,0,0,0,0,0,0,0
1.354815,0,0,0,0,0,0,0,0
1.356364,0,0,0,0,0,0,0,0
1.357838,0,0,0,0,0,0,0,0
1.359347,0,0,0,0,0,0,0,0
1.360844,0,0,0,0,0,0,0,0
1.362325,0,0,0,0,0,0,0,0
1.363839,0,0,0,0,0,0,0,0
1.365297,0,0,0,0,0,0,0,0
1.366955,0,0,0,0,0,0,0,0
1.368438,0,0,0,0,0,0,0,0
1.370341,0,0,0,0,0,0,0,0
1.373079,0,0,0,0,0,0,0,0
1.376371,0,0,0,0,0,0,0,0
1.378278,0,0,0,0,0,0,0,0
1.379822,0,0,0,0,0,0,0,0
1.381310,0,0,0,0,0,0,0,0
1.382926,0,0,0,0,0,0,0,0
1.384518,0,0,0,0,0,0,0,0
1.385965,0,0,0,0,0,0,0,0
1.387410,0,0,0,0,0,0,0,0
1.388913,0,0,0,0,0,0,0,0
1.390434,0,0,0,0,0,0,0,0
1.392001,0,0,0,0,0,0,0,0
1.394083,0,0,0,0,0,0,0,0
1.395575,0,0,0,0,0,0,0,0
1.397063,0,0,0,0,0,0,0,0
1.401262,0,0,0,0,0,0,0,0
1.402822,0,0,0,0,0,0,0,0
1.404299,0,0,0,0,0,0,0,0
1.406701,0,0,0,0,0,0,0,0
1.408177,0,0,0,0,0,0,0,0
1.409698,0,0,0,0,0,0,0,0
1.411160,0,0,0,0,0,0,0,0
1.412663,0,0,0,0,0,0,0,0
1.414195,0,0,0,0,0,0,0,0
1.415808,0,0,0,0,0,0,0,0
1.417465,0,0,0,0,0,0,0,0
1.418906,0,0,0,0,0,0,0,0
1.420450,0,0,0,0,0,0,0,0
1.422024,0,0,0,0,0,0,0,0
1.425326,0,0,0,0,0,0,0,0
1.428688,0,0,0,0,0,0,0,0
1.430213,0,0,0,0,0,0,0,0
1.433834,0,0,0,0,0,0,0,0
1.435310,0,0,0,0,0,0,0,0
1.437238,0,0,0,0,0,0,0,0
1.438720,0,0,0,0,0,0,0,0
1.440143,0,0,0,0,0,0,0,0
1.441578,0,0,0,0,0,0,0,0
1.443012,0,0,0,0,0,0,0,0
1.444504,0,0,0,0,0,0,0,0
1.445923,0,0,0,0,0,0,0,0
1.447356,0,0,0,0,0,0,0,0
1.449492,0,0,0,0,0,0,0,0
1.452504,0,0,0,0,0,0,0,0
1.454019,0,0,0,0,0,0,0,0
1.456838,0,0,0,0,0,0,0,0
1.458286,0,0,0,0,0,0,0,0
1.460489,0,0,0,0,0,0,0,0
1.462010,0,0,0,0,0,0,0,0
1.463526,0,0,0,0,0,0,0,0
1.465069,0,0,0,0,0,0,0,0
1.466560,0,0,0,0,0,0,0,0
1.468006,0,0,0,0,0,0,0,0
1.469451,0,0,0,0,0,0,0,0
1.470907,0,0,0,0,0,0,0,0
1.472356,0,0,0,0,0,0,0,0
1.473832,0,0,0,0,0,0,0,0
1.475295,0,0,0,0,0,0,0,0
1.476845,0,0,0,0,0,0,0,0
1.478294,0,0,0,0,0,0,0,0
1.481443,0,0,0,0,0,0,0,0
1.484453,0,0,0,0,0,0,0,0
1.486685,0,0,0,0,0,0,0,0
1.488234,0,0,0,0,0,0,0,0
1.489847,0,0,0,0,0,0,0,0
1.491371,0,0,0,0,0,0,0,0
1.492841,0,0,0,0,0,0,0,0
1.494427,0,0,0,0,0,0,0,0
1.495989,0,0,0,0,0,0,0,0
1.497529,0,0,0,0,0,0,0,0
1.499132,0,0,0,0,0,0,0,0
1.500720,0,0,0,0,0,0,0,0
1.502226,0,0,0,0,0,0,0,0
1.503809,0,0,0,0,0,0,0,0
1.506144,0,0,0,0,0,0,0,0
1.508829,0,0,0,0,0,0,0,0
1.510341,0,0,0,0,0,0,0,0
1.512890,0,0,0,0,0,0,0,0
1.514400,0,0,0,0,0,0,0,0
1.516078,0,0,0,0,0,0,0,0
1.517597,0,0,0,0,0,0,0,0
1.519058,0,0,0,0,0,0,0,0
1.520622,0,0,0,0,0,0,0,0
1.522154,0,0,0,0,0,0,0,0
1.523653,0,0,0,0,0,0,0,0
1.525155,0,0,0,0,0,0,0,0
1.526656,0,0,0,0,0,0,0,0
1.528334,0,0,0,0,0,0,0,0
1.529827,0,0,0,0,0,0,0,0
1.533327,0,0,0,0,0,0,0,0
1.536767,0,0,0,0,0,0,0,0
1.538381,0,0,0,0,0,0,0,0
1.541563,0,0,0,0,0,0,0,0
1.543228,0,0,0,0,0,0,0,0
1.545265,0,0,0,0,0,0,0,0
1.546833,0,0,0,0,0,0,0,0
1.548630,0,0,0,0,0,0,0,0
1.550357,0,0,0,0,0,0,0,0
1.551955,0,0,0,0,0,0,0,0
1.553578,0,0,0,0,0,0,0,0
1.555225,0,0,0,0,0,0,0,0
1.557345,0,0,0,0,0,0,0,0
1.559619,0,0,0,0,0,0,0,0
1.561848,0,0,0,0,0,0,0,0
1.563669,0,0,0,0,0,0,0,0
1.566233,0,0,0,0,0,0,0,0
1.567879,0,0,0,0,0,0,0,0
1.569653,0,0,0,0,0,0,0,0
1.571298,0,0,0,0,0,0,0,0
1.573147,0,0,0,0,0,0,0,0
1.574897,0,0,0,0,0,0,0,0
1.576835,0,0,0,0,0,0,0,0
1.578546,0,0,0,0,0,0,0,0
1.580333,0,0,0,0,0,0,0,0
1.582209,0,0,0,0,0,0,0,0
1.584007,0,0,0,0,0,0,0,0
1.585802,0,0,0,0,0,0,0,0
1.588507,0,0,0,0,0,0,0,0
1.590218,0,0,0,0,0,0,0,0
1.593575,0,0,0,0,0,0,0,0
1.595850,0,0,0,0,0,0,0,0
1.597570,0,0,0,0,0,0,0,0
1.599174,0,0,0,0,0,0,0,0
1.600864,0,0,0,0,0,0,0,0
1.602551,0,0,0,0,0,0,0,0
1.604339,0,0,0,0,0,0,0,0
1.605786,0,0,0,0,0,0,0,0
1.607275,0,0,0,0,0,0,0,0
1.608824,0,0,0,0,0,0,0,0
1.610295,0,0,0,0,0,0,0,0
1.611751,0,0,0,0,0,0,0,0
1.614934,0,0,0,0,0,0,0,0
1.616821,0,0,0,0,0,0,0,0
1.618465,0,0,0,0,0,0,0,0
1.622030,0,0,0,0,0,0,0,0
1.623537,0,0,0,0,0,0,0,0
1.625085,0,0,0,0,0,0,0,0
1.626697,0,0,0,0,0,0,0,0
1.628214,0,0,0,0,0,0,0,0
1.629796,0,0,0,0,0,0,0,0
1.631314,0,0,0,0,0,0,0,0
1.633049,0,0,0,0,0,0,0,0
1.634620,0,0,0,0,0,0,0,0
1.636079,0,0,0,0,0,0,0,0
1.638051,0,0,0,0,0,0,0,0
1.641251,0,0,0,0,0,0,0,0
1.642732,0,0,0,0,0,0,0,0
1.645864,0,0,0,0,0,0,0,0
1.648757,0,0,0,0,0,0,0,0
1.650277,0,0,0,0,0,0,0,0
1.651802,0,0,0,0,0,0,0,0
1.653415,0,0,0,0,0,0,0,0
1.655078,0,0,0,0,0,0,0,0
1.656609,0,0,0,0,0,0,0,0
1.658129,0,0,0,0,0,0,0,0
1.659634,0,0,0,0,0,0,0,0
1.661247,0,0,0,0,0,0,0,0
1.662713,0,0,0,0,0,0,0,0
1.664206,0,0,0,0,0,0,0,0
1.665768,0,0,0,0,0,0,0,0
1.668390,0,0,0,0,0,0,0,0
1.670862,0,0,0,0,0,0,0,0
1.672704,0,0,0,0,0,0,0,0
1.676957,0,0,0,0,0,0,0,0
1.678766,0,0,0,0,0,0,0,0
1.680470,0,0,0,0,0,0,0,0
1.682023,0,0,0,0,0,0,0,0
1.683581,0,0,0,0,0,0,0,0
1.685087,0,0,0,0,0,0,0,0
1.686522,0,0,0,0,0,0,0,0
1.688011,0,0,0,0,0,0,0,0
1.689578,0,0,0,0,0,0,0,0
1.691042,0,0,0,0,0,0,0,0
1.692680,0,0,0,0,0,0,0,0
1.694135,0,0,0,0,0,0,0,0
1.697225,0,0,0,0,0,0,0,0
1.699638,0,0,0,0,0,0,0,0
1.701212,0,0,0,0,0,0,0,0
1.703765,0,0,0,0,0,0,0,0
1.705275,0,0,0,0,0,0,0,0
1.706753,0,0,0,0,0,0,0,0
1.708809,0,0,0,0,0,0,0,0
1.710331,0,0,0,0,0,0,0,0
1.711921,0,0,0,0,0,0,0,0
1.713482,0,0,0,0,0,0,0,0
1.714940,0,0,0,0,0,0,0,0
1.716440,0,0,0,0,0,0,0,0
1.718063,0,0,0,0,0,0,0,0
1.719575,0,0,0,0,0,0,0,0
1.721073,0,0,0,0,0,0,0,0
1.722596,0,0,0,0,0,0,0,0
1.724027,0,0,0,0,0,0,0,0
1.725486,0,0,0,0,0,0,0,0
1.727076,0,0,0,0,0,0,0,0
1.728732,0,0,0,0,0,0,0,0
1.730708,0,0,0,0,0,0,0,0
1.732207,0,0,0,0,0,0,0,0
1.735203,0,0,0,0,0,0,0,0
1.736731,0,0,0,0,0,0,0,0
1.738202,0,0,0,0,0,0,0,0
1.744744,0,0,0,0,0,0,0,0
1.746196,0,0,0,0,0,0,0,0
1.747742,0,0,0,0,0,0,0,0
1.749284,0,0,0,0,0,0,0,0
1.750873,0,0,0,0,0,0,0,0
1.752394,0,0,0,0,0,0,0,0
1.753866,0,0,0,0,0,0,0,0
1.759458,0,0,0,0,0,0,0,0
1.760953,0,0,0,0,0,0,0,0
1.762305,0,0,0,0,0,0,0,0
1.763720,0,0,0,0,0,0,0,0
1.765133,0,0,0,0,0,0,0,0
1.766599,0,0,0,0,0,0,0,0
1.767949,0,0,0,0,0,0,0,0
1.769302,0,0,0,0,0,0,0,0
1.770766,0,0,0,0,0,0,0,0
1.772173,0,0,0,0,0,0,0,0
1.773558,0,0,0,0,0,0,0,0
1.775081,0,0,0,0,0,0,0,0
1.776811,0,0,0,0,0,0,0,0
1.778639,0,0,0,0,0,0,0,0
1.780213,0,0,0,0,0,0,0,0
1.781725,0,0,0,0,0,0,0,0
1.784731,0,0,0,0,0,0,0,0
1.786303,0,0,0,0,0,0,0,0
1.787805,0,0,0,0,0,0,0,0
1.789291,0,0,0,0,0,0,0,0
1.790763,0,0,0,0,0,0,0,0
1.792117,0,0,0,0,0,0,0,0
1.793475,0,0,0,0,0,0,0,0
1.794940,0,0,0,0,0,0,0,0
1.796384,0,0,0,0,0,0,0,0
1.797763,0,0,0,0,0,0,0,0
1.799201,0,0,0,0,0,0,0,0
1.801425,0,0,0,0,0,0,0,0
1.802874,0,0,0,0,0,0,0,0
1.804475,0,0,0,0,0,0,0,0
1.805991,0,0,0,0,0,0,0,0
1.807616,0,0,0,0,0,0,0,0
1.809020,0,0,0,0,0,0,0,0
1.810416,0,0,0,0,0,0,0,0
1.811785,0,0,0,0,0,0,0,0
1.813264,0,0,0,0,0,0,0,0
1.814700,0,0,0,0,0,0,0,0
1.816324,0,0,0,0,0,0,0,0
1.817767,0,0,0,0,0,0,0,0
1.819175,0,0,0,0,0,0,0,0
1.820642,0,0,0,0,0,0,0,0
1.822075,0,0,0,0,0,0,0,0
1.824283,0,0,0,0,0,0,0,0
1.826565,0,0,0,0,0,0,0,0
1.828060,0,0,0,0,0,0,0,0
1.830671,0,0,0,0,0,0,0,0
1.832202,0,0,0,0,0,0,0,0
1.834107,0,0,0,0,0,0,0,0
1.835478,0,0,0,0,0,0,0,0
1.836854,0,0,0,0,0,0,0,0
1.838326,0,0,0,0,0,0,0,0
1.839775,0,0,0,0,0,0,0,0
1.841248,0,0,0,0,0,0,0,0
1.842716,0,0,0,0,0,0,0,0
1.844130,0,0,0,0,0,0,0,0
1.845619,0,0,0,0,0,0,0,0
1.847044,0,0,0,0,0,0,0,0
1.849495,0,0,0,0,0,0,0,0
1.852421,0,0,0,0,0,0,0,0
1.853867,0,0,0,0,0,0,0,0
1.856480,0,0,0,0,0,0,0,0
1.857971,0,0,0,0,0,0,0,0
1.859902,0,0,0,0,0,0,0,0
1.861440,0,0,0,0,0,0,0,0
1.862832,0,0,0,0,0,0,0,0
1.864391,0,0,0,0,0,0,0,0
1.865780,0,0,0,0,0,0,0,0
1.867240,0,0,0,0,0,0,0,0
1.868718,0,0,0,0,0,0,0,0
1.870154,0,0,0,0,0,0,0,0
1.871617,0,0,0,0,0,0,0,0
1.873187,0,0,0,0,0,0,0,0
1.874685,0,0,0,0,0,0,0,0
1.876132,0,0,0,0,0,0,0,0
1.877987,0,0,0,0,0,0,0,0
1.879441,0,0,0,0,0,0,0,0
1.882547,0,0,0,0,0,0,0,0
1.885158,0,0,0,0,0,0,0,0
1.886677,0,0,0,0,0,0,0,0
1.888100,0,0,0,0,0,0,0,0
1.889578,0,0,0,0,0,0,0,0
1.891036,0,0,0,0,0,0,0,0
1.892694,0,0,0,0,0,0,0,0
1.894047,0,0,0,0,0,0,0,0
1.895476,0,0,0,0,0,0,0,0
1.897051,0,0,0,0,0,0,0,0
1.898522,0,0,0,0,0,0,0,0
1.900022,0,0,0,0,0,0,0,0
1.902222,0,0,0,0,0,0,0,0
1.903626,0,0,0,0,0,0,0,0
1.906103,0,0,0,0,0,0,0,0
1.907586,0,0,0,0,0,0,0,0
1.908960,0,0,0,0,0,0,0,0
1.911134,0,0,0,0,0,0,0,0
1.912631,0,0,0,0,0,0,0,0
1.914617,0,0,0,0,0,0,0,0
1.916177,0,0,0,0,0,0,0,0
1.917562,0,0,0,0,0,0,0,0
1.919018,0,0,0,0,0,0,0,0
1.920468,0,0,0,0,0,0,0,0
1.922070,0,0,0,0,0,0,0,0
1.923686,0,0,0,0,0,0,0,0
1.925197,0,0,0,0,0,0,0,0
1.926777,0,0,0,0,0,0,0,0
1.928330,0,0,0,0,0,0,0,0
1.929869,0,0,0,0,0,0,0,0
1.931614,0,0,0,0,0,0,0,0
1.933191,0,0,0,0,0,0,0,0
1.934902,0,0,0,0,0,0,0,0
1.936392,0,0,0,0,0,0,0,0
1.939139,0,0,0,0,0,0,0,0
1.940694,0,0,0,0,0,0,0,0
1.942455,0,0,0,0,0,0,0,0
1.944066,0,0,0,0,0,0,0,0
1.945677,0,0,0,0,0,0,0,0
1.947181,0,0,0,0,0,0,0,0
1.948810,0,0,0,0,0,0,0,0
1.950369,0,0,0,0,0,0,0,0
1.951889,0,0,0,0,0,0,0,0
1.953509,0,0,0,0,0,0,0,0
1.954985,0,0,0,0,0,0,0,0
1.956729,0,0,0,0,0,0,0,0
1.958229,0,0,0,0,0,0,0,0
1.961725,0,0,0,0,0,0,0,0
1.963300,0,0,0,0,0,0,0,0
1.966515,0,0,0,0,0,0,0,0
1.968639,0,0,0,0,0,0,0,0
1.970069,0,0,0,0,0,0,0,0
1.971647,0,0,0,0,0,0,0,0
1.973174,0,0,0,0,0,0,0,0
1.974705,0,0,0,0,0,0,0,0
1.976108,0,0,0,0,0,0,0,0
1.977788,0,0,0,0,0,0,0,0
1.979379,0,0,0,0,0,0,0,0
1.980906,0,0,0,0,0,0,0,0
1.982337,0,0,0,0,0,0,0,0
1.984227,0,0,0,0,0,0,0,0
1.985766,0,0,0,0,0,0,0,0
1.989038,0,0,0,0,0,0,0,0
1.992147,0,0,0,0,0,0,0,0
1.993639,0,0,0,0,0,0,0,0
1.995090,0,0,0,0,0,0,0,0
1.997492,0,0,0,0,0,0,0,0
1.999149,0,0,0,0,0,0,0,0
2.000709,0,0,0,0,0,0,0,0
2.002209,0,0,0,0,0,0,0,0
2.003714,0,0,0,0,0,0,0,0
2.005393,0,0,0,0,0,0,0,0
2.007017,0,0,0,0,0,0,0,0
2.008627,0,0,0,0,0,0,0,0
2.010128,0,0,0,0,0,0,0,0
2.012339,0,0,0,0,0,0,0,0
2.014072,0,0,0,0,0,0,0,0
2.016949,0,0,0,0,0,0,0,0
2.020255,0,0,0,0,0,0,0,0
2.021805,0,0,0,0,0,0,0,0
2.024714,0,0,0,0,0,0,0,0
2.026264,0,0,0,0,0,0,0,0
2.027884,0,0,0,0,0,0,0,0
2.029451,0,0,0,0,0,0,0,0
2.030919,0,0,0,0,0,0,0,0
2.032358,0,0,0,0,0,0,0,0
2.033852,0,0,0,0,0,0,0,0
2.035362,0,0,0,0,0,0,0,0
2.036832,0,0,0,0,0,0,0,0
2.038329,0,0,0,0,0,0,0,0
2.039883,0,0,0,0,0,0,0,0
2.041385,0,0,0,0,0,0,0,0
2.046156,0,0,0,0,0,0,0,0
2.047660,0,0,0,0,0,0,0,0
2.049313,0,0,0,0,0,0,0,0
2.050776,0,0,0,0,0,0,0,0
2.052371,0,0,0,0,0,0,0,0
2.053797,0,0,0,0,0,0,0,0
2.055334,0,0,0,0,0,0,0,0
2.056789,0,0,0,0,0,0,0,0
2.058357,0,0,0,0,0,0,0,0
2.059785,0,0,0,0,0,0,0,0
2.061444,0,0,0,0,0,0,0,0
2.062967,0,0,0,0,0,0,0,0
2.064489,0,0,0,0,0,0,0,0
2.067543,0,0,0,0,0,0,0,0
2.070798,0,0,0,0,0,0,0,0
2.073420,0,0,0,0,0,0,0,0
2.075134,0,0,0,0,0,0,0,0
2.077190,0,0,0,0,0,0,0,0
2.078707,0,0,0,0,0,0,0,0
2.080237,0,0,0,0,0,0,0,0
2.081803,0,0,0,0,0,0,0,0
2.083334,0,0,0,0,0,0,0,0
2.084868,0,0,0,0,0,0,0,0
2.086324,0,0,0,0,0,0,0,0
2.087894,0,0,0,0,0,0,0,0
2.089369,0,0,0,0,0,0,0,0
2.090953,0,0,0,0,0,0,0,0
2.092392,0,0,0,0,0,0,0,0
2.095352,0,0,0,0,0,0,0,0
2.098315,0,0,0,0,0,0,0,0
2.100592,0,0,0,0,0,0,0,0
2.102046,0,0,0,0,0,0,0,0
2.103637,0,0,0,0,0,0,0,0
2.105173,0,0,0,0,0,0,0,0
2.106573,0,0,0,0,0,0,0,0
2.108058,0,0,0,0,0,0,0,0
2.109547,0,0,0,0,0,0,0,0
2.111089,0,0,0,0,0,0,0,0
2.112715,0,0,0,0,0,0,0,0
2.114165,0,0,0,0,0,0,0,0
2.115776,0,0,0,0,0,0,0,0
2.118867,0,0,0,0,0,0,0,0
2.122152,0,0,0,0,0,0,0,0
2.123767,0,0,0,0,0,0,0,0
2.126618,0,0,0,0,0,0,0,0
2.128306,0,0,0,0,0,0,0,0
2.130038,0,0,0,0,0,0,0,0
2.131548,0,0,0,0,0,0,0,0
2.133269,0,0,0,0,0,0,0,0
2.134824,0,0,0,0,0,0,0,0
2.136333,0,0,0,0,0,0,0,0
2.137847,0,0,0,0,0,0,0,0
2.139331,0,0,0,0,0,0,0,0
2.140878,0,0,0,0,0,0,0,0
2.142534,0,0,0,0,0,0,0,0
2.144081,0,0,0,0,0,0,0,0
2.145634,0,0,0,0,0,0,0,0
2.148223,0,0,0,0,0,0,0,0
2.150331,0,0,0,0,0,0,0,0
2.152057,0,0,0,0,0,0,0,0
2.154322,0,0,0,0,0,0,0,0
2.155846,0,0,0,0,0,0,0,0
2.157364,0,0,0,0,0,0,0,0
2.159632,0,0,0,0,0,0,0,0
2.161104,0,0,0,0,0,0,0,0
2.162709,0,0,0,0,0,0,0,0
2.164251,0,0,0,0,0,0,0,0
2.165865,0,0,0,0,0,0,0,0
2.167500,0,0,0,0,0,0,0,0
2.169119,0,0,0,0,0,0,0,0
2.170589,0,0,0,0,0,0,0,0
2.172050,0,0,0,0,0,0,0,0
2.176625,0,0,0,0,0,0,0,0
2.178108,0,0,0,0,0,0,0,0
2.179592,0,0,0,0,0,0,0,0
2.181751,0,0,0,0,0,0,0,0
2.183193,0,0,0,0,0,0,0,0
2.184751,0,0,0,0,0,0,0,0
2.186185,0,0,0,0,0,0,0,0
2.187654,0,0,0,0,0,0,0,0
2.189073,0,0,0,0,0,0,0,0
2.190519,0,0,0,0,0,0,0,0
2.192077,0,0,0,0,0,0,0,0
2.194081,0,0,0,0,0,0,0,0
2.195546,0,0,0,0,0,0,0,0
2.197767,0,0,0,0,0,0,0,0
2.199333,0,0,0,0,0,0,0,0
2.202725,0,0,0,0,0,0,0,0
2.204904,0,0,0,0,0,0,0,0
2.206419,0,0,0,0,0,0,0,0
2.208188,0,0,0,0,0,0,0,0
2.209676,0,0,0,0,0,0,0,0
2.211159,0,0,0,0,0,0,0,0
2.212740,0,0,0,0,0,0,0,0
2.214184,0,0,0,0,0,0,0,0
2.215775,0,0,0,0,0,0,0,0
2.217317,0,0,0,0,0,0,0,0
2.218929,0,0,0,0,0,0,0,0
2.220469,0,0,0,0,0,0,0,0
2.222737,0,0,0,0,0,0,0,0
2.224176,0,0,0,0,0,0,0,0
2.227028,0,0,0,0,0,0,0,0
2.228752,0,0,0,0,0,0,0,0
2.230970,0,0,0,0,0,0,0,0
2.232445,0,0,0,0,0,0,0,0
2.234386,0,0,0,0,0,0,0,0
2.235857,0,0,0,0,0,0,0,0
2.237371,0,0,0,0,0,0,0,0
2.238802,0,0,0,0,0,0,0,0
2.240284,0,0,0,0,0,0,0,0
2.241796,0,0,0,0,0,0,0,0
2.243369,0,0,0,0,0,0,0,0
2.245241,0,0,0,0,0,0,0,0
2.246981,0,0,0,0,0,0,0,0
2.249890,0,0,0,0,0,0,0,0
2.252232,0,0,0,0,0,0,0,0
2.253737,0,0,0,0,0,0,0,0
2.256388,0,0,0,0,0,0,0,0
2.257803,0,0,0,0,0,0,0,0
2.259216,0,0,0,0,0,0,0,0
2.261207,0,0,0,0,0,0,0,0
2.262762,0,0,0,0,0,0,0,0
2.264270,0,0,0,0,0,0,0,0
2.265812,0,0,0,0,0,0,0,0
2.267358,0,0,0,0,0,0,0,0
2.268889,0,0,0,0,0,0,0,0
2.270384,0,0,0,0,0,0,0,0
2.273323,0,0,0,0,0,0,0,0
2.274857,0,0,0,0,0,0,0,0
2.277777,0,0,0,0,0,0,0,0
2.279751,0,0,0,0,0,0,0,0
2.281276,0,0,0,0,0,0,0,0
2.282736,0,0,0,0,0,0,0,0
2.284644,0,0,0,0,0,0,0,0
2.286146,0,0,0,0,0,0,0,0
2.287587,0,0,0,0,0,0,0,0
2.289056,0,0,0,0,0,0,0,0
2.290547,0,0,0,0,0,0,0,0
2.292695,0,0,0,0,0,0,0,0
2.294230,0,0,0,0,0,0,0,0
2.295797,0,0,0,0,0,0,0,0
2.297312,0,0,0,0,0,0,0,0
2.298829,0,0,0,0,0,0,0,0
2.301139,0,0,0,0,0,0,0,0
2.303220,0,0,0,0,0,0,0,0
2.304704,0,0,0,0,0,0,0,0
2.307225,0,0,0,0,0,0,0,0
2.308752,0,0,0,0,0,0,0,0
2.310217,0,0,0,0,0,0,0,0
2.311681,0,0,0,0,0,0,0,0
2.313108,0,0,0,0,0,0,0,0
2.314536,0,0,0,0,0,0,0,0
2.315990,0,0,0,0,0,0,0,0
2.317472,0,0,0,0,0,0,0,0
2.319083,0,0,0,0,0,0,0,0
2.320965,0,0,0,0,0,0,0,0
2.322433,0,0,0,0,0,0,0,0
2.327555,0,0,0,0,0,0,0,0
2.329055,0,0,0,0,0,0,0,0
2.331850,0,0,0,0,0,0,0,0
2.333349,0,0,0,0,0,0,0,0
2.334854,0,0,0,0,0,0,0,0
2.336372,0,0,0,0,0,0,0,0
2.338086,0,0,0,0,0,0,0,0
2.339567,0,0,0,0,0,0,0,0
2.341060,0,0,0,0,0,0,0,0
2.342496,0,0,0,0,0,0,0,0
2.343961,0,0,0,0,0,0,0,0
2.345508,0,0,0,0,0,0,0,0
2.347027,0,0,0,0,0,0,0,0
2.348611,0,0,0,0,0,0,0,0
2.350161,0,0,0,0,0,0,0,0
2.351831,0,0,0,0,0,0,0,0
2.354681,0,0,0,0,0,0,0,0
2.357682,0,0,0,0,0,0,0,0
2.359991,0,0,0,0,0,0,0,0
2.361501,0,0,0,0,0,0,0,0
2.362955,0,0,0,0,0,0,0,0
2.364425,0,0,0,0,0,0,0,0
2.365915,0,0,0,0,0,0,0,0
2.367490,0,0,0,0,0,0,0,0
2.369035,0,0,0,0,0,0,0,0
2.370529,0,0,0,0,0,0,0,0
2.372085,0,0,0,0,0,0,0,0
2.373579,0,0,0,0,0,0,0,0
2.376888,0,0,0,0,0,0,0,0
2.380050,0,0,0,0,0,0,0,0
2.381737,0,0,0,0,0,0,0,0
2.384185,0,0,0,0,0,0,0,0
2.385755,0,0,0,0,0,0,0,0
2.387222,0,0,0,0,0,0,0,0
2.388752,0,0,0,0,0,0,0,0
2.390197,0,0,0,0,0,0,0,0
2.391681,0,0,0,0,0,0,0,0
2.393133,0,0,0,0,0,0,0,0
2.394617,0,0,0,0,0,0,0,0
2.396219,0,0,0,0,0,0,0,0
2.397816,0,0,0,0,0,0,0,0
2.399317,0,0,0,0,0,0,0,0
2.400772,0,0,0,0,0,0,0,0
2.403064,0,0,0,0,0,0,0,0
2.404635,0,0,0,0,0,0,0,0
2.406867,0,0,0,0,0,0,0,0
2.408777,0,0,0,0,0,0,0,0
2.410212,0,0,0,0,0,0,0,0
2.411647,0,0,0,0,0,0,0,0
2.413246,0,0,0,0,0,0,0,0
2.415228,0,0,0,0,0,0,0,0
2.416649,0,0,0,0,0,0,0,0
2.418128,0,0,0,0,0,0,0,0
2.419711,0,0,0,0,0,0,0,0
2.421088,0,0,0,0,0,0,0,0
2.422446,0,0,0,0,0,0,0,0
2.423821,0,0,0,0,0,0,0,0
2.425198,0,0,0,0,0,0,0,0
2.427548,0,0,0,0,0,0,0,0
2.429251,0,0,0,0,0,0,0,0
2.430998,0,0,0,0,0,0,0,0
2.432531,0,0,0,0,0,0,0,0
2.433975,0,0,0,0,0,0,0,0
2.435420,0,0,0,0,0,0,0,0
2.436992,0,0,0,0,0,0,0,0
2.438421,0,0,0,0,0,0,0,0
2.439909,0,0,0,0,0,0,0,0
2.441421,0,0,0,0,0,0,0,0
2.442847,0,0,0,0,0,0,0,0
2.444304,0,0,0,0,0,0,0,0
2.446106,0,0,0,0,0,0,0,0
2.447571,0,0,0,0,0,0,0,0
2.449038,0,0,0,0,0,0,0,0
2.450519,0,0,0,0,0,0,0,0
2.451947,0,0,0,0,0,0,0,0
2.453382,0,0,0,0,0,0,0,0
2.454889,0,0,0,0,0,0,0,0
2.456309,0,0,0,0,0,0,0,0
2.457825,0,0,0,0,0,0,0,0
2.459274,0,0,0,0,0,0,0,0
2.460776,0,0,0,0,0,0,0,0
2.462210,0,0,0,0,0,0,0,0
2.463687,0,0,0,0,0,0,0,0
2.465320,0,0,0,0,0,0,0,0
2.467898,0,0,0,0,0,0,0,0
2.470994,0,0,0,0,0,0,0,0
2.472544,0,0,0,0,0,0,0,0
2.474041,0,0,0,0,0,0,0,0
2.475447,0,0,0,0,0,0,0,0
2.476921,0,0,0,0,0,0,0,0
2.478399,0,0,0,0,0,0,0,0
2.479914,0,0,0,0,0,0,0,0
2.481352,0,0,0,0,0,0,0,0
2.482930,0,0,0,0,0,0,0,0
2.484429,0,0,0,0,0,0,0,0
2.486535,0,0,0,0,0,0,0,0
2.488075,0,0,0,0,0,0,0,0
2.489623,0,0,0,0,0,0,0,0
2.491374,0,0,0,0,0,0,0,0
2.492858,0,0,0,0,0,0,0,0
2.495920,0,0,0,0,0,0,0,0
2.498531,0,0,0,0,0,0,0,0
2.500015,0,0,0,0,0,0,0,0
2.501457,0,0,0,0,0,0,0,0
2.503524,0,0,0,0,0,0,0,0
2.505165,0,0,0,0,0,0,0,0
2.506617,0,0,0,0,0,0,0,0
2.508065,0,0,0,0,0,0,0,0
2.509510,0,0,0,0,0,0,0,0
2.511023,0,0,0,0,0,0,0,0
2.512522,0,0,0,0,0,0,0,0
2.513942,0,0,0,0,0,0,0,0
2.515447,0,0,0,0,0,0,0,0
2.517982,0,0,0,0,0,0,0,0
2.519630,0,0,0,0,0,0,0,0
2.522237,0,0,0,0,0,0,0,0
2.524285,0,0,0,0,0,0,0,0
2.525750,0,0,0,0,0,0,0,0
2.527173,0,0,0,0,0,0,0,0
2.528622,0,0,0,0,0,0,0,0
2.530018,0,0,0,0,0,0,0,0
2.531499,0,0,0,0,0,0,0,0
2.532988,0,0,0,0,0,0,0,0
2.534659,0,0,0,0,0,0,0,0
2.536255,0,0,0,0,0,0,0,0
2.537942,0,0,0,0,0,0,0,0
2.539395,0,0,0,0,0,0,0,0
2.544122,0,0,0,0,0,0,0,0
2.545693,0,0,0,0,0,0,0,0
2.549514,0,0,0,0,0,0,0,0
2.551057,0,0,0,0,0,0,0,0
2.553150,0,0,0,0,0,0,0,0
2.554683,0,0,0,0,0,0,0,0
2.556301,0,0,0,0,0,0,0,0
2.557767,0,0,0,0,0,0,0,0
2.559233,0,0,0,0,0,0,0,0
2.560728,0,0,0,0,0,0,0,0
2.562223,0,0,0,0,0,0,0,0
2.563738,0,0,0,0,0,0,0,0
2.565701,0,0,0,0,0,0,0,0
2.568851,0,0,0,0,0,0,0,0
2.570403,0,0,0,0,0,0,0,0
2.571887,0,0,0,0,0,0,0,0
2.573380,0,0,0,0,0,0,0,0
2.575756,0,0,0,0,0,0,0,0
2.577249,0,0,0,0,0,0,0,0
2.578733,0,0,0,0,0,0,0,0
2.580352,0,0,0,0,0,0,0,0
2.581857,0,0,0,0,0,0,0,0
2.583457,0,0,0,0,0,0,0,0
2.585054,0,0,0,0,0,0,0,0
2.586521,0,0,0,0,0,0,0,0
2.588014,0,0,0,0,0,0,0,0
2.589489,0,0,0,0,0,0,0,0
2.591046,0,0,0,0,0,0,0,0
2.592670,0,0,0,0,0,0,0,0
2.594272,0,0,0,0,0,0,0,0
2.597535,0,0,0,0,0,0,0,0
2.599054,0,0,0,0,0,0,0,0
2.601291,0,0,0,0,0,0,0,0
2.602759,0,0,0,0,0,0,0,0
2.604350,0,0,0,0,0,0,0,0
2.606023,0,0,0,0,0,0,0,0
2.607511,0,0,0,0,0,0,0,0
2.608956,0,0,0,0,0,0,0,0
2.610402,0,0,0,0,0,0,0,0
2.611871,0,0,0,0,0,0,0,0
2.613634,0,0,0,0,0,0,0,0
2.615102,0,0,0,0,0,0,0,0
2.616661,0,0,0,0,0,0,0,0
2.621473,0,0,0,0,0,0,0,0
2.622937,0,0,0,0,0,0,0,0
2.625804,0,0,0,0,0,0,0,0
2.627337,0,0,0,0,0,0,0,0
2.629139,0,0,0,0,0,0,0,0
2.630650,0,0,0,0,0,0,0,0
2.632158,0,0,0,0,0,0,0,0
2.633689,0,0,0,0,0,0,0,0
2.635224,0,0,0,0,0,0,0,0
2.636712,0,0,0,0,0,0,0,0
2.638205,0,0,0,0,0,0,0,0
2.639677,0,0,0,0,0,0,0,0
2.641140,0,0,0,0,0,0,0,0
2.642745,0,0,0,0,0,0,0,0
2.645201,0,0,0,0,0,0,0,0
2.646727,0,0,0,0,0,0,0,0
2.649963,0,0,0,0,0,0,0,0
2.653832,0,0,0,0,0,0,0,0
2.655300,0,0,0,0,0,0,0,0
2.656976,0,0,0,0,0,0,0,0
2.658478,0,0,0,0,0,0,0,0
2.659955,0,0,0,0,0,0,0,0
2.661499,0,0,0,0,0,0,0,0
2.663089,0,0,0,0,0,0,0,0
2.664661,0,0,0,0,0,0,0,0
2.666115,0,0,0,0,0,0,0,0
2.667652,0,0,0,0,0,0,0,0
2.669100,0,0,0,0,0,0,0,0
2.670620,0,0,0,0,0,0,0,0
2.672072,0,0,0,0,0,0,0,0
2.673618,0,0,0,0,0,0,0,0
2.675699,0,0,0,0,0,0,0,0
2.678478,0,0,0,0,0,0,0,0
2.680016,0,0,0,0,0,0,0,0
2.681479,0,0,0,0,0,0,0,0
2.685206,0,0,0,0,0,0,0,0
2.686720,0,0,0,0,0,0,0,0
2.692685,0,0,0,0,0,0,0,0
2.694154,0,0,0,0,0,0,0,0
2.695612,0,0,0,0,0,0,0,0
2.697048,0,0,0,0,0,0,0,0
2.698482,0,0,0,0,0,0,0,0
2.699917,0,0,0,0,0,0,0,0
2.701352,0,0,0,0,0,0,0,0
2.702853,0,0,0,0,0,0,0,0
2.704394,0,0,0,0,0,0,0,0
2.705885,0,0,0,0,0,0,0,0
2.707377,0,0,0,0,0,0,0,0
2.708827,0,0,0,0,0,0,0,0
2.710318,0,0,0,0,0,0,0,0
2.711716,0,0,0,0,0,0,0,0
2.713210,0,0,0,0,0,0,0,0
2.714685,0,0,0,0,0,0,0,0
2.716151,0,0,0,0,0,0,0,0
2.717535,0,0,0,0,0,0,0,0
2.719060,0,0,0,0,0,0,0,0
2.720620,0,0,0,0,0,0,0,0
2.722098,0,0,0,0,0,0,0,0
2.723552,0,0,0,0,0,0,0,0
2.724973,0,0,0,0,0,0,0,0
2.726455,0,0,0,0,0,0,0,0
2.727867,0,0,0,0,0,0,0,0
2.729391,0,0,0,0,0,0,0,0
2.730880,0,0,0,0,0,0,0,0
2.732703,0,0,0,0,0,0,0,0
2.734179,0,0,0,0,0,0,0,0
2.736693,0,0,0,0,0,0,0,0
2.739786,0,0,0,0,0,0,0,0
2.741190,0,0,0,0,0,0,0,0
2.743307,0,0,0,0,0,0,0,0
2.744848,0,0,0,0,0,0,0,0
2.746383,0,0,0,0,0,0,0,0
2.747810,0,0,0,0,0,0,0,0
2.749259,0,0,0,0,0,0,0,0
2.750842,0,0,0,0,0,0,0,0
2.753052,0,0,0,0,0,0,0,0
2.754575,0,0,0,0,0,0,0,0
2.757476,0,0,0,0,0,0,0,0
2.760881,0,0,0,0,0,0,0,0
2.763702,0,0,0,0,0,0,0,0
2.765173,0,0,0,0,0,0,0,0
2.766652,0,0,0,0,0,0,0,0
2.768287,0,0,0,0,0,0,0,0
2.769772,0,0,0,0,0,0,0,0
2.771210,0,0,0,0,0,0,0,0
2.772680,0,0,0,0,0,0,0,0
2.774133,0,0,0,0,0,0,0,0
2.775583,0,0,0,0,0,0,0,0
2.777111,0,0,0,0,0,0,0,0
2.778557,0,0,0,0,0,0,0,0
2.779995,0,0,0,0,0,0,0,0
2.781508,0,0,0,0,0,0,0,0
2.782961,0,0,0,0,0,0,0,0
2.785718,0,0,0,0,0,0,0,0
2.788395,0,0,0,0,0,0,0,0
2.789929,0,0,0,0,0,0,0,0
2.793686,0,0,0,0,0,0,0,0
2.795166,0,0,0,0,0,0,0,0
2.796594,0,0,0,0,0,0,0,0
2.798050,0,0,0,0,0,0,0,0
2.799479,0,0,0,0,0,0,0,0
2.801047,0,0,0,0,0,0,0,0
2.802456,0,0,0,0,0,0,0,0
2.803858,0,0,0,0,0,0,0,0
2.805332,0,0,0,0,0,0,0,0
2.806812,0,0,0,0,0,0,0,0
2.808475,0,0,0,0,0,0,0,0
2.809908,0,0,0,0,0,0,0,0
2.812815,0,0,0,0,0,0,0,0
2.814675,0,0,0,0,0,0,0,0
2.816079,0,0,0,0,0,0,0,0
2.818245,0,0,0,0,0,0,0,0
2.819640,0,0,0,0,0,0,0,0
2.820990,0,0,0,0,0,0,0,0
2.822559,0,0,0,0,0,0,0,0
2.824082,0,0,0,0,0,0,0,0
2.825529,0,0,0,0,0,0,0,0
2.827070,0,0,0,0,0,0,0,0
2.828630,0,0,0,0,0,0,0,0
2.830128,0,0,0,0,0,0,0,0
2.832349,0,0,0,0,0,0,0,0
2.833825,0,0,0,0,0,0,0,0
2.835276,0,0,0,0,0,0,0,0
2.838216,0,0,0,0,0,0,0,0
2.841470,0,0,0,0,0,0,0,0
2.843744,0,0,0,0,0,0,0,0
2.845212,0,0,0,0,0,0,0,0
2.847074,0,0,0,0,0,0,0,0
2.848587,0,0,0,0,0,0,0,0
2.850042,0,0,0,0,0,0,0,0
2.851502,0,0,0,0,0,0,0,0
2.852951,0,0,0,0,0,0,0,0
2.854426,0,0,0,0,0,0,0,0
2.855913,0,0,0,0,0,0,0,0
2.857412,0,0,0,0,0,0,0,0
2.859337,0,0,0,0,0,0,0,0
2.860991,0,0,0,0,0,0,0,0
2.864166,0,0,0,0,0,0,0,0
2.865637,0,0,0,0,0,0,0,0
2.869270,0,0,0,0,0,0,0,0
2.871936,0,0,0,0,0,0,0,0
2.873490,0,0,0,0,0,0,0,0
2.875334,0,0,0,0,0,0,0,0
2.876867,0,0,0,0,0,0,0,0
2.878307,0,0,0,0,0,0,0,0
2.879837,0,0,0,0,0,0,0,0
2.881305,0,0,0,0,0,0,0,0
2.882887,0,0,0,0,0,0,0,0
2.884386,0,0,0,0,0,0,0,0
2.885931,0,0,0,0,0,0,0,0
2.887720,0,0,0,0,0,0,0,0
2.889225,0,0,0,0,0,0,0,0
2.890763,0,0,0,0,0,0,0,0
2.892748,0,0,0,0,0,0,0,0
2.894255,0,0,0,0,0,0,0,0
2.897290,0,0,0,0,0,0,0,0
2.899198,0,0,0,0,0,0,0,0
2.900678,0,0,0,0,0,0,0,0
2.902207,0,0,0,0,0,0,0,0
2.904589,0,0,0,0,0,0,0,0
2.906101,0,0,0,0,0,0,0,0
2.907606,0,0,0,0,0,0,0,0
2.909108,0,0,0,0,0,0,0,0
2.910634,0,0,0,0,0,0,0,0
2.912222,0,0,0,0,0,0,0,0
2.913813,0,0,0,0,0,0,0,0
2.915338,0,0,0,0,0,0,0,0
2.917181,0,0,0,0,0,0,0,0
2.918826,0,0,0,0,0,0,0,0
2.922122,0,0,0,0,0,0,0,0
2.925243,0,0,0,0,0,0,0,0
2.928440,0,0,0,0,0,0,0,0
2.929923,0,0,0,0,0,0,0,0
2.931482,0,0,0,0,0,0,0,0
2.932949,0,0,0,0,0,0,0,0
2.934359,0,0,0,0,0,0,0,0
2.935937,0,0,0,0,0,0,0,0
2.937430,0,0,0,0,0,0,0,0
2.939055,0,0,0,0,0,0,0,0
2.940639,0,0,0,0,0,0,0,0
2.942085,0,0,0,0,0,0,0,0
2.945280,0,0,0,0,0,0,0,0
2.948718,0,0,0,0,0,0,0,0
2.950246,0,0,0,0,0,0,0,0
2.952934,0,0,0,0,0,0,0,0
2.954577,0,0,0,0,0,0,0,0
2.956049,0,0,0,0,0,0,0,0
2.957507,0,0,0,0,0,0,0,0
2.959096,0,0,0,0,0,0,0,0
2.960678,0,0,0,0,0,0,0,0
2.962164,0,0,0,0,0,0,0,0
2.963804,0,0,0,0,0,0,0,0
2.965314,0,0,0,0,0,0,0,0
2.966815,0,0,0,0,0,0,0,0
2.968328,0,0,0,0,0,0,0,0
2.971049,0,0,0,0,0,0,0,0
2.972894,0,0,0,0,0,0,0,0
2.975951,0,0,0,0,0,0,0,0
2.978107,0,0,0,0,0,0,0,0
2.980487,0,0,0,0,0,0,0,0
2.982179,0,0,0,0,0,0,0,0
2.983981,0,0,0,0,0,0,0,0
2.985656,0,0,0,0,0,0,0,0
2.987505,0,0,0,0,0,0,0,0
2.989258,0,0,0,0,0,0,0,0
2.991078,0,0,0,0,0,0,0,0
2.992839,0,0,0,0,0,0,0,0
2.994776,0,0,0,0,0,0,0,0
2.996530,0,0,0,0,0,0,0,0
2.998236,0,0,0,0,0,0,0,0
2.999940,0,0,0,0,0,0,0,0
3.001757,0,0,0,0,0,0,0,0
3.004546,0,0,0,0,0,0,0,0
3.006290,0,0,0,0,0,0,0,0
3.009826,0,0,0,0,0,0,0,0
3.012167,0,0,0,0,0,0,0,0
3.013711,0,0,0,0,0,0,0,0
3.015403,0,0,0,0,0,0,0,0
3.017361,0,0,0,0,0,0,0,0
3.018924,0,0,0,0,0,0,0,0
3.020429,0,0,0,0,0,0,0,0
3.021964,0,0,0,0,0,0,0,0
3.023567,0,0,0,0,0,0,0,0
3.025029,0,0,0,0,0,0,0,0
3.026485,0,0,0,0,0,0,0,0
3.027962,0,0,0,0,0,0,0,0
3.029487,0,0,0,0,0,0,0,0
3.033397,0,0,0,0,0,0,0,0
3.036329,0,0,0,0,0,0,0,0
3.038432,0,0,0,0,0,0,0,0
3.039895,0,0,0,0,0,0,0,0
3.041483,0,0,0,0,0,0,0,0
3.043016,0,0,0,0,0,0,0,0
3.044462,0,0,0,0,0,0,0,0
3.046064,0,0,0,0,0,0,0,0
3.047680,0,0,0,0,0,0,0,0
3.049176,0,0,0,0,0,0,0,0
3.050987,0,0,0,0,0,0,0,0
3.052496,0,0,0,0,0,0,0,0
3.054081,0,0,0,0,0,0,0,0
3.056586,0,0,0,0,0,0,0,0
3.059505,0,0,0,0,0,0,0,0
3.061905,0,0,0,0,0,0,0,0
3.063484,0,0,0,0,0,0,0,0
3.065126,0,0,0,0,0,0,0,0
3.067142,0,0,0,0,0,0,0,0
3.068822,0,0,0,0,0,0,0,0
3.070318,0,0,0,0,0,0,0,0
3.071853,0,0,0,0,0,0,0,0
3.073573,0,0,0,0,0,0,0,0
3.075104,0,0,0,0,0,0,0,0
3.076711,0,0,0,0,0,0,0,0
3.078197,0,0,0,0,0,0,0,0
3.079862,0,0,0,0,0,0,0,0
3.083084,0,0,0,0,0,0,0,0
3.086110,0,0,0,0,0,0,0,0
3.087621,0,0,0,0,0,0,0,0
3.089884,0,0,0,0,0,0,0,0
3.091447,0,0,0,0,0,0,0,0
3.092987,0,0,0,0,0,0,0,0
3.095257,0,0,0,0,0,0,0,0
3.096825,0,0,0,0,0,0,0,0
3.098371,0,0,0,0,0,0,0,0
3.099916,0,0,0,0,0,0,0,0
3.101436,0,0,0,0,0,0,0,0
3.102922,0,0,0,0,0,0,0,0
3.104436,0,0,0,0,0,0,0,0
3.106642,0,0,0,0,0,0,0,0
3.110061,0,0,0,0,0,0,0,0
3.112976,0,0,0,0,0,0,0,0
3.114487,0,0,0,0,0,0,0,0
3.116267,0,0,0,0,0,0,0,0
3.117747,0,0,0,0,0,0,0,0
3.119231,0,0,0,0,0,0,0,0
3.120764,0,0,0,0,0,0,0,0
3.122268,0,0,0,0,0,0,0,0
3.123803,0,0,0,0,0,0,0,0
3.125288,0,0,0,0,0,0,0,0
3.126873,0,0,0,0,0,0,0,0
3.128415,0,0,0,0,0,0,0,0
3.129882,0,0,0,0,0,0,0,0
3.131582,0,0,0,0,0,0,0,0
3.133360,0,0,0,0,0,0,0,0
3.136471,0,0,0,0,0,0,0,0
3.139626,0,0,0,0,0,0,0,0
3.143424,0,0,0,0,0,0,0,0
3.145029,0,0,0,0,0,0,0,0
3.146725,0,0,0,0,0,0,0,0
3.148254,0,0,0,0,0,0,0,0
3.149796,0,0,0,0,0,0,0,0
3.151227,0,0,0,0,0,0,0,0
3.152711,0,0,0,0,0,0,0,0
3.154173,0,0,0,0,0,0,0,0
3.155622,0,0,0,0,0,0,0,0
3.157174,0,0,0,0,0,0,0,0
3.158894,0,0,0,0,0,0,0,0
3.162186,0,0,0,0,0,0,0,0
3.165682,0,0,0,0,0,0,0,0
3.167681,0,0,0,0,0,0,0,0
3.169222,0,0,0,0,0,0,0,0
3.170708,0,0,0,0,0,0,0,0
3.172228,0,0,0,0,0,0,0,0
3.173668,0,0,0,0,0,0,0,0
3.175083,0,0,0,0,0,0,0,0
3.176532,0,0,0,0,0,0,0,0
3.178000,0,0,0,0,0,0,0,0
3.179519,0,0,0,0,0,0,0,0
3.181106,0,0,0,0,0,0,0,0
3.182752,0,0,0,0,0,0,0,0
3.185685,0,0,0,0,0,0,0,0
3.187137,0,0,0,0,0,0,0,0
3.189284,0,0,0,0,0,0,0,0
3.190935,0,0,0,0,0,0,0,0
3.192452,0,0,0,0,0,0,0,0
3.194182,0,0,0,0,0,0,0,0
3.195788,0,0,0,0,0,0,0,0
3.197257,0,0,0,0,0,0,0,0
3.198743,0,0,0,0,0,0,0,0
3.200311,0,0,0,0,0,0,0,0
3.201829,0,0,0,0,0,0,0,0
3.203506,0,0,0,0,0,0,0,0
3.205100,0,0,0,0,0,0,0,0
3.206640,0,0,0,0,0,0,0,0
3.208497,0,0,0,0,0,0,0,0
3.210051,0,0,0,0,0,0,0,0
3.213544,0,0,0,0,0,0,0,0
3.215035,0,0,0,0,0,0,0,0
3.216490,0,0,0,0,0,0,0,0
3.218098,0,0,0,0,0,0,0,0
3.219699,0,0,0,0,0,0,0,0
3.221218,0,0,0,0,0,0,0,0
3.222683,0,0,0,0,0,0,0,0
3.224163,0,0,0,0,0,0,0,0
3.225687,0,0,0,0,0,0,0,0
3.227216,0,0,0,0,0,0,0,0
3.228791,0,0,0,0,0,0,0,0
3.230219,0,0,0,0,0,0,0,0
3.231827,0,0,0,0,0,0,0,0
3.233371,0,0,0,0,0,0,0,0
3.235899,0,0,0,0,0,0,0,0
3.238988,0,0,0,0,0,0,0,0
3.240605,0,0,0,0,0,0,0,0
3.243068,0,0,0,0,0,0,0,0
3.244630,0,0,0,0,0,0,0,0
3.246874,0,0,0,0,0,0,0,0
3.248457,0,0,0,0,0,0,0,0
3.250133,0,0,0,0,0,0,0,0
3.251680,0,0,0,0,0,0,0,0
3.253222,0,0,0,0,0,0,0,0
3.254752,0,0,0,0,0,0,0,0
3.256251,0,0,0,0,0,0,0,0
3.258197,0,0,0,0,0,0,0,0
3.261417,0,0,0,0,0,0,0,0
3.262948,0,0,0,0,0,0,0,0
3.266160,0,0,0,0,0,0,0,0
3.268632,0,0,0,0,0,0,0,0
3.270148,0,0,0,0,0,0,0,0
3.271956,0,0,0,0,0,0,0,0
3.273952,0,0,0,0,0,0,0,0
3.275460,0,0,0,0,0,0,0,0
3.277020,0,0,0,0,0,0,0,0
3.278493,0,0,0,0,0,0,0,0
3.280030,0,0,0,0,0,0,0,0
3.281700,0,0,0,0,0,0,0,0
3.283680,0,0,0,0,0,0,0,0
3.285136,0,0,0,0,0,0,0,0
3.286664,0,0,0,0,0,0,0,0
3.290835,0,0,0,0,0,0,0,0
3.292376,0,0,0,0,0,0,0,0
3.295923,0,0,0,0,0,0,0,0
3.298472,0,0,0,0,0,0,0,0
3.299955,0,0,0,0,0,0,0,0
3.301403,0,0,0,0,0,0,0,0
3.302945,0,0,0,0,0,0,0,0
3.304445,0,0,0,0,0,0,0,0
3.305891,0,0,0,0,0,0,0,0
3.307343,0,0,0,0,0,0,0,0
3.308754,0,0,0,0,0,0,0,0
3.310260,0,0,0,0,0,0,0,0
3.311787,0,0,0,0,0,0,0,0
3.313393,0,0,0,0,0,0,0,0
3.315818,0,0,0,0,0,0,0,0
3.317369,0,0,0,0,0,0,0,0
3.320480,0,0,0,0,0,0,0,0
3.322780,0,0,0,0,0,0,0,0
3.324292,0,0,0,0,0,0,0,0
3.325892,0,0,0,0,0,0,0,0
3.327633,0,0,0,0,0,0,0,0
3.329318,0,0,0,0,0,0,0,0
3.330879,0,0,0,0,0,0,0,0
3.332371,0,0,0,0,0,0,0,0
3.333895,0,0,0,0,0,0,0,0
3.335360,0,0,0,0,0,0,0,0
3.336875,0,0,0,0,0,0,0,0
3.338340,0,0,0,0,0,0,0,0
3.339832,0,0,0,0,0,0,0,0
3.342546,0,0,0,0,0,0,0,0
3.345551,0,0,0,0,0,0,0,0
3.347003,0,0,0,0,0,0,0,0
3.350266,0,0,0,0,0,0,0,0
3.351810,0,0,0,0,0,0,0,0
3.353323,0,0,0,0,0,0,0,0
3.354950,0,0,0,0,0,0,0,0
3.356725,0,0,0,0,0,0,0,0
3.358231,0,0,0,0,0,0,0,0
3.359830,0,0,0,0,0,0,0,0
3.361270,0,0,0,0,0,0,0,0
3.362757,0,0,0,0,0,0,0,0
3.364174,0,0,0,0,0,0,0,0
3.366234,0,0,0,0,0,0,0,0
3.369688,0,0,0,0,0,0,0,0
3.371370,0,0,0,0,0,0,0,0
3.373175,0,0,0,0,0,0,0,0
3.374688,0,0,0,0,0,0,0,0
3.377393,0,0,0,0,0,0,0,0
3.378866,0,0,0,0,0,0,0,0
3.380881,0,0,0,0,0,0,0,0
3.382419,0,0,0,0,0,0,0,0
3.383948,0,0,0,0,0,0,0,0
3.385440,0,0,0,0,0,0,0,0
3.386801,0,0,0,0,0,0,0,0
3.388231,0,0,0,0,0,0,0,0
3.389803,0,0,0,0,0,0,0,0
3.391349,0,0,0,0,0,0,0,0
3.393160,0,0,0,0,0,0,0,0
3.394698,0,0,0,0,0,0,0,0
3.396890,0,0,0,0,0,0,0,0
3.399275,0,0,0,0,0,0,0,0
3.400898,0,0,0,0,0,0,0,0
3.402416,0,0,0,0,0,0,0,0
3.404064,0,0,0,0,0,0,0,0
3.405538,0,0,0,0,0,0,0,0
3.406964,0,0,0,0,0,0,0,0
3.408394,0,0,0,0,0,0,0,0
3.409882,0,0,0,0,0,0,0,0
3.411450,0,0,0,0,0,0,0,0
3.412980,0,0,0,0,0,0,0,0
3.414519,0,0,0,0,0,0,0,0
3.416071,0,0,0,0,0,0,0,0
3.417585,0,0,0,0,0,0,0,0
3.420389,0,0,0,0,0,0,0,0
3.423147,0,0,0,0,0,0,0,0
3.424762,0,0,0,0,0,0,0,0
3.426263,0,0,0,0,0,0,0,0
3.428788,0,0,0,0,0,0,0,0
3.430302,0,0,0,0,0,0,0,0
3.431936,0,0,0,0,0,0,0,0
3.433625,0,0,0,0,0,0,0,0
3.435474,0,0,0,0,0,0,0,0
3.437001,0,0,0,0,0,0,0,0
3.438621,0,0,0,0,0,0,0,0
3.440080,0,0,0,0,0,0,0,0
3.441560,0,0,0,0,0,0,0,0
3.443075,0,0,0,0,0,0,0,0
3.444586,0,0,0,0,0,0,0,0
3.446037,0,0,0,0,0,0,0,0
3.447508,0,0,0,0,0,0,0,0
3.448975,0,0,0,0,0,0,0,0
3.450843,0,0,0,0,0,0,0,0
3.453340,0,0,0,0,0,0,0,0
3.454790,0,0,0,0,0,0,0,0
3.456249,0,0,0,0,0,0,0,0
3.457668,0,0,0,0,0,0,0,0
3.459138,0,0,0,0,0,0,0,0
3.460604,0,0,0,0,0,0,0,0
3.461956,0,0,0,0,0,0,0,0
3.463474,0,0,0,0,0,0,0,0
3.464881,0,0,0,0,0,0,0,0
3.466361,0,0,0,0,0,0,0,0
3.467846,0,0,0,0,0,0,0,0
3.469533,0,0,0,0,0,0,0,0
3.471003,0,0,0,0,0,0,0,0
3.472950,0,0,0,0,0,0,0,0
3.474410,0,0,0,0,0,0,0,0
3.476012,0,0,0,0,0,0,0,0
3.477477,0,0,0,0,0,0,0,0
3.478916,0,0,0,0,0,0,0,0
3.480412,0,0,0,0,0,0,0,0
3.481921,0,0,0,0,0,0,0,0
3.483459,0,0,0,0,0,0,0,0
3.484995,0,0,0,0,0,0,0,0
3.486494,0,0,0,0,0,0,0,0
3.487897,0,0,0,0,0,0,0,0
3.489419,0,0,0,0,0,0,0,0
3.491568,0,0,0,0,0,0,0,0
3.493045,0,0,0,0,0,0,0,0
3.494940,0,0,0,0,0,0,0,0
3.496432,0,0,0,0,0,0,0,0
3.497905,0,0,0,0,0,0,0,0
3.499326,0,0,0,0,0,0,0,0
3.500787,0,0,0,0,0,0,0,0
3.502253,0,0,0,0,0,0,0,0
3.503757,0,0,0,0,0,0,0,0
3.505249,0,0,0,0,0,0,0,0
3.506727,0,0,0,0,0,0,0,0
3.508244,0,0,0,0,0,0,0,0
3.509753,0,0,0,0,0,0,0,0
3.511246,0,0,0,0,0,0,0,0
3.512707,0,0,0,0,0,0,0,0
3.514217,0,0,0,0,0,0,0,0
3.515642,0,0,0,0,0,0,0,0
3.517931,0,0,0,0,0,0,0,0
3.519408,0,0,0,0,0,0,0,0
3.520797,0,0,0,0,0,0,0,0
3.522280,0,0,0,0,0,0,0,0
3.523797,0,0,0,0,0,0,0,0
3.525187,0,0,0,0,0,0,0,0
3.526700,0,0,0,0,0,0,0,0
3.528230,0,0,0,0,0,0,0,0
3.529654,0,0,0,0,0,0,0,0
3.531190,0,0,0,0,0,0,0,0
3.532663,0,0,0,0,0,0,0,0
3.534224,0,0,0,0,0,0,0,0
3.535676,0,0,0,0,0,0,0,0
3.537455,0,0,0,0,0,0,0,0
3.538841,0,0,0,0,0,0,0,0
3.540590,0,0,0,0,0,0,0,0
3.541993,0,0,0,0,0,0,0,0
3.543508,0,0,0,0,0,0,0,0
3.544918,0,0,0,0,0,0,0,0
3.546394,0,0,0,0,0,0,0,0
3.547864,0,0,0,0,0,0,0,0
3.549368,0,0,0,0,0,0,0,0
3.550878,0,0,0,0,0,0,0,0
3.552423,0,0,0,0,0,0,0,0
3.554429,0,0,0,0,0,0,0,0
3.556162,0,0,0,0,0,0,0,0
3.557917,0,0,0,0,0,0,0,0
3.560154,0,0,0,0,0,0,0,0
3.561852,0,0,0,0,0,0,0,0
3.564244,0,0,0,0,0,0,0,0
3.565944,0,0,0,0,0,0,0,0
3.567518,0,0,0,0,0,0,0,0
3.569243,0,0,0,0,0,0,0,0
3.570851,0,0,0,0,0,0,0,0
3.572555,0,0,0,0,0,0,0,0
3.574200,0,0,0,0,0,0,0,0
3.575899,0,0,0,0,0,0,0,0
3.577476,0,0,0,0,0,0,0,0
3.579016,0,0,0,0,0,0,0,0
3.580577,0,0,0,0,0,0,0,0
3.582166,0,0,0,0,0,0,0,0
3.583766,0,0,0,0,0,0,0,0
3.585844,0,0,0,0,0,0,0,0
3.587507,0,0,0,0,0,0,0,0
3.590612,0,0,0,0,0,0,0,0
3.592109,0,0,0,0,0,0,0,0
3.593583,0,0,0,0,0,0,0,0
3.595064,0,0,0,0,0,0,0,0
3.596560,0,0,0,0,0,0,0,0
3.598068,0,0,0,0,0,0,0,0
3.599553,0,0,0,0,0,0,0,0
3.601012,0,0,0,0,0,0,0,0
3.602414,0,0,0,0,0,0,0,0
3.603831,0,0,0,0,0,0,0,0
3.605292,0,0,0,0,0,0,0,0
3.607880,0,0,0,0,0,0,0,0
3.609353,0,0,0,0,0,0,0,0
3.611241,0,0,0,0,0,0,0,0
3.612670,0,0,0,0,0,0,0,0
3.614075,0,0,0,0,0,0,0,0
3.616019,0,0,0,0,0,0,0,0
3.617458,0,0,0,0,0,0,0,0
3.618912,0,0,0,0,0,0,0,0
3.620399,0,0,0,0,0,0,0,0
3.621892,0,0,0,0,0,0,0,0
3.623383,0,0,0,0,0,0,0,0
3.624913,0,0,0,0,0,0,0,0
3.626355,0,0,0,0,0,0,0,0
3.627808,0,0,0,0,0,0,0,0
3.629578,0,0,0,0,0,0,0,0
3.631024,0,0,0,0,0,0,0,0
3.633284,0,0,0,0,0,0,0,0
3.638897,0,0,0,0,0,0,0,0
3.646155,0,0,0,0,0,0,0,0
3.647560,0,0,0,0,0,0,0,0
3.648943,0,0,0,0,0,0,0,0
3.650411,0,0,0,0,0,0,0,0
3.651839,0,0,0,0,0,0,0,0
3.653234,0,0,0,0,0,0,0,0
3.654721,0,0,0,0,0,0,0,0
3.656160,0,0,0,0,0,0,0,0
3.657730,0,0,0,0,0,0,0,0
3.659284,0,0,0,0,0,0,0,0
3.660818,0,0,0,0,0,0,0,0
3.662302,0,0,0,0,0,0,0,0
3.664581,0,0,0,0,0,0,0,0
3.666137,0,0,0,0,0,0,0,0
3.668049,0,0,0,0,0,0,0,0
3.669443,0,0,0,0,0,0,0,0
3.670874,0,0,0,0,0,0,0,0
3.672277,0,0,0,0,0,0,0,0
3.673690,0,0,0,0,0,0,0,0
3.675187,0,0,0,0,0,0,0,0
3.676622,0,0,0,0,0,0,0,0
3.678159,0,0,0,0,0,0,0,0
3.679690,0,0,0,0,0,0,0,0
3.681415,0,0,0,0,0,0,0,0
3.683279,0,0,0,0,0,0,0,0
3.685474,0,0,0,0,0,0,0,0
3.687798,0,0,0,0,0,0,0,0
3.689530,0,0,0,0,0,0,0,0
3.691043,0,0,0,0,0,0,0,0
3.692543,0,0,0,0,0,0,0,0
3.694082,0,0,0,0,0,0,0,0
3.695680,0,0,0,0,0,0,0,0
3.697275,0,0,0,0,0,0,0,0
3.698782,0,0,0,0,0,0,0,0
3.700306,0,0,0,0,0,0,0,0
3.701835,0,0,0,0,0,0,0,0
3.703340,0,0,0,0,0,0,0,0
3.705319,0,0,0,0,0,0,0,0
3.707176,0,0,0,0,0,0,0,0
3.710292,0,0,0,0,0,0,0,0
3.712434,0,0,0,0,0,0,0,0
3.714364,0,0,0,0,0,0,0,0
3.715907,0,0,0,0,0,0,0,0
3.717730,0,0,0,0,0,0,0,0
3.719267,0,0,0,0,0,0,0,0
3.720749,0,0,0,0,0,0,0,0
3.722365,0,0,0,0,0,0,0,0
3.723935,0,0,0,0,0,0,0,0
3.725607,0,0,0,0,0,0,0,0
3.727446,0,0,0,0,0,0,0,0
3.730230,0,0,0,0,0,0,0,0
3.731948,0,0,0,0,0,0,0,0
3.733528,0,0,0,0,0,0,0,0
3.735218,0,0,0,0,0,0,0,0
3.737302,0,0,0,0,0,0,0,0
3.738751,0,0,0,0,0,0,0,0
3.740231,0,0,0,0,0,0,0,0
3.741705,0,0,0,0,0,0,0,0
3.743191,0,0,0,0,0,0,0,0
3.744692,0,0,0,0,0,0,0,0
3.746240,0,0,0,0,0,0,0,0
3.747764,0,0,0,0,0,0,0,0
3.749543,0,0,0,0,0,0,0,0
3.751173,0,0,0,0,0,0,0,0
3.753405,0,0,0,0,0,0,0,0
3.755335,0,0,0,0,0,0,0,0
3.757323,0,0,0,0,0,0,0,0
3.759170,0,0,0,0,0,0,0,0
3.761034,0,0,0,0,0,0,0,0
3.762832,0,0,0,0,0,0,0,0
3.764805,0,0,0,0,0,0,0,0
3.766424,0,0,0,0,0,0,0,0
3.768206,0,0,0,0,0,0,0,0
3.769863,0,0,0,0,0,0,0,0
3.771482,0,0,0,0,0,0,0,0
3.772985,0,0,0,0,0,0,0,0
3.774500,0,0,0,0,0,0,0,0
3.776199,0,0,0,0,0,0,0,0
3.777992,0,0,0,0,0,0,0,0
3.781423,0,0,0,0,0,0,0,0
3.783138,0,0,0,0,0,0,0,0
3.786067,0,0,0,0,0,0,0,0
3.787628,0,0,0,0,0,0,0,0
3.789383,0,0,0,0,0,0,0,0
3.790971,0,0,0,0,0,0,0,0
3.792771,0,0,0,0,0,0,0,0
3.794277,0,0,0,0,0,0,0,0
3.795822,0,0,0,0,0,0,0,0
3.797527,0,0,0,0,0,0,0,0
3.799150,0,0,0,0,0,0,0,0
3.800727,0,0,0,0,0,0,0,0
3.802277,0,0,0,0,0,0,0,0
3.803908,0,0,0,0,0,0,0,0
3.805466,0,0,0,0,0,0,0,0
3.807913,0,0,0,0,0,0,0,0
3.811003,0,0,0,0,0,0,0,0
3.812629,0,0,0,0,0,0,0,0
3.814970,0,0,0,0,0,0,0,0
3.816462,0,0,0,0,0,0,0,0
3.817995,0,0,0,0,0,0,0,0
3.819448,0,0,0,0,0,0,0,0
3.820897,0,0,0,0,0,0,0,0
3.822326,0,0,0,0,0,0,0,0
3.823839,0,0,0,0,0,0,0,0
3.825452,0,0,0,0,0,0,0,0
3.826962,0,0,0,0,0,0,0,0
3.828488,0,0,0,0,0,0,0,0
3.830295,0,0,0,0,0,0,0,0
3.831827,0,0,0,0,0,0,0,0
3.833408,0,0,0,0,0,0,0,0
3.836795,0,0,0,0,0,0,0,0
3.840002,0,0,0,0,0,0,0,0
3.842372,0,0,0,0,0,0,0,0
3.843828,0,0,0,0,0,0,0,0
3.845666,0,0,0,0,0,0,0,0
3.847182,0,0,0,0,0,0,0,0
3.848691,0,0,0,0,0,0,0,0
3.850159,0,0,0,0,0,0,0,0
3.851760,0,0,0,0,0,0,0,0
3.853299,0,0,0,0,0,0,0,0
3.855065,0,0,0,0,0,0,0,0
3.856611,0,0,0,0,0,0,0,0
3.858174,0,0,0,0,0,0,0,0
3.859739,0,0,0,0,0,0,0,0
3.861467,0,0,0,0,0,0,0,0
3.863353,0,0,0,0,0,0,0,0
3.865627,0,0,0,0,0,0,0,0
3.867105,0,0,0,0,0,0,0,0
3.868760,0,0,0,0,0,0,0,0
3.870187,0,0,0,0,0,0,0,0
3.871819,0,0,0,0,0,0,0,0
3.873241,0,0,0,0,0,0,0,0
3.874705,0,0,0,0,0,0,0,0
3.876133,0,0,0,0,0,0,0,0
3.877542,0,0,0,0,0,0,0,0
3.879058,0,0,0,0,0,0,0,0
3.880573,0,0,0,0,0,0,0,0
3.882041,0,0,0,0,0,0,0,0
3.883467,0,0,0,0,0,0,0,0
3.884848,0,0,0,0,0,0,0,0
3.886947,0,0,0,0,0,0,0,0
3.888455,0,0,0,0,0,0,0,0
3.890242,0,0,0,0,0,0,0,0
3.891695,0,0,0,0,0,0,0,0
3.893184,0,0,0,0,0,0,0,0
3.894677,0,0,0,0,0,0,0,0
3.896034,0,0,0,0,0,0,0,0
3.897505,0,0,0,0,0,0,0,0
3.898998,0,0,0,0,0,0,0,0
3.900646,0,0,0,0,0,0,0,0
3.902040,0,0,0,0,0,0,0,0
3.903430,0,0,0,0,0,0,0,0
3.905119,0,0,0,0,0,0,0,0
3.907016,0,0,0,0,0,0,0,0
3.909023,0,0,0,0,0,0,0,0
3.910896,0,0,0,0,0,0,0,0
3.912997,0,0,0,0,0,0,0,0
3.914561,0,0,0,0,0,0,0,0
3.916257,0,0,0,0,0,0,0,0
3.917766,0,0,0,0,0,0,0,0
3.919268,0,0,0,0,0,0,0,0
3.920688,0,0,0,0,0,0,0,0
3.922238,0,0,0,0,0,0,0,0
3.923795,0,0,0,0,0,0,0,0
3.925261,0,0,0,0,0,0,0,0
3.926760,0,0,0,0,0,0,0,0
3.928515,0,0,0,0,0,0,0,0
3.930342,0,0,0,0,0,0,0,0
3.932415,0,0,0,0,0,0,0,0
3.934552,0,0,0,0,0,0,0,0
3.937002,0,0,0,0,0,0,0,0
3.938540,0,0,0,0,0,0,0,0
3.940108,0,0,0,0,0,0,0,0
3.941595,0,0,0,0,0,0,0,0
3.943207,0,0,0,0,0,0,0,0
3.944931,0,0,0,0,0,0,0,0
3.946739,0,0,0,0,0,0,0,0
3.948341,0,0,0,0,0,0,0,0
3.949987,0,0,0,0,0,0,0,0
3.951688,0,0,0,0,0,0,0,0
3.953516,0,0,0,0,0,0,0,0
3.955363,0,0,0,0,0,0,0,0
3.957262,0,0,0,0,0,0,0,0
3.959558,0,0,0,0,0,0,0,0
3.961543,0,0,0,0,0,0,0,0
3.963033,0,0,0,0,0,0,0,0
3.964635,0,0,0,0,0,0,0,0
3.966217,0,0,0,0,0,0,0,0
3.967756,0,0,0,0,0,0,0,0
3.969264,0,0,0,0,0,0,0,0
3.970726,0,0,0,0,0,0,0,0
3.972358,0,0,0,0,0,0,0,0
3.974227,0,0,0,0,0,0,0,0
3.976108,0,0,0,0,0,0,0,0
3.978062,0,0,0,0,0,0,0,0
3.979779,0,0,0,0,0,0,0,0
3.981272,0,0,0,0,0,0,0,0
3.985376,0,0,0,0,0,0,0,0
3.986842,0,0,0,0,0,0,0,0
3.989509,0,0,0,0,0,0,0,0
3.990985,0,0,0,0,0,0,0,0
3.992873,0,0,0,0,0,0,0,0
3.994429,0,0,0,0,0,0,0,0
3.995928,0,0,0,0,0,0,0,0
3.997474,0,0,0,0,0,0,0,0
3.999006,0,0,0,0,0,0,0,0
4.000599,0,0,0,0,0,0,0,0
4.002078,0,0,0,0,0,0,0,0
4.004382,0,0,0,0,0,0,0,0
4.005915,0,0,0,0,0,0,0,0
4.008747,0,0,0,0,0,0,0,0
4.010267,0,0,0,0,0,0,0,0
4.012842,0,0,0,0,0,0,0,0
4.014356,0,0,0,0,0,0,0,0
4.016589,0,0,0,0,0,0,0,0
4.018451,0,0,0,0,0,0,0,0
4.019918,0,0,0,0,0,0,0,0
4.021323,0,0,0,0,0,0,0,0
4.022771,0,0,0,0,0,0,0,0
4.024258,0,0,0,0,0,0,0,0
4.025722,0,0,0,0,0,0,0,0
4.027170,0,0,0,0,0,0,0,0
4.028696,0,0,0,0,0,0,0,0
4.030164,0,0,0,0,0,0,0,0
4.031638,0,0,0,0,0,0,0,0
4.033839,0,0,0,0,0,0,0,0
4.036762,0,0,0,0,0,0,0,0
4.038268,0,0,0,0,0,0,0,0
4.039765,0,0,0,0,0,0,0,0
4.042490,0,0,0,0,0,0,0,0
4.043971,0,0,0,0,0,0,0,0
4.046294,0,0,0,0,0,0,0,0
4.047903,0,0,0,0,0,0,0,0
4.049409,0,0,0,0,0,0,0,0
4.050969,0,0,0,0,0,0,0,0
4.052445,0,0,0,0,0,0,0,0
4.053961,0,0,0,0,0,0,0,0
4.056100,0,0,0,0,0,0,0,0
4.059040,0,0,0,0,0,0,0,0
4.060666,0,0,0,0,0,0,0,0
4.063294,0,0,0,0,0,0,0,0
4.065814,0,0,0,0,0,0,0,0
4.067333,0,0,0,0,0,0,0,0
4.069620,0,0,0,0,0,0,0,0
4.071208,0,0,0,0,0,0,0,0
4.072666,0,0,0,0,0,0,0,0
4.074203,0,0,0,0,0,0,0,0
4.075701,0,0,0,0,0,0,0,0
4.077247,0,0,0,0,0,0,0,0
4.078693,0,0,0,0,0,0,0,0
4.080234,0,0,0,0,0,0,0,0
4.081859,0,0,0,0,0,0,0,0
4.083685,0,0,0,0,0,0,0,0
4.086213,0,0,0,0,0,0,0,0
4.089564,0,0,0,0,0,0,0,0
4.091147,0,0,0,0,0,0,0,0
4.093452,0,0,0,0,0,0,0,0
4.095015,0,0,0,0,0,0,0,0
4.096558,0,0,0,0,0,0,0,0
4.098005,0,0,0,0,0,0,0,0
4.099628,0,0,0,0,0,0,0,0
4.101343,0,0,0,0,0,0,0,0
4.102994,0,0,0,0,0,0,0,0
4.104700,0,0,0,0,0,0,0,0
4.106463,0,0,0,0,0,0,0,0
4.108149,0,0,0,0,0,0,0,0
4.110033,0,0,0,0,0,0,0,0
4.111828,0,0,0,0,0,0,0,0
4.113417,0,0,0,0,0,0,0,0
4.117157,0,0,0,0,0,0,0,0
4.119297,0,0,0,0,0,0,0,0
4.121808,0,0,0,0,0,0,0,0
4.123593,0,0,0,0,0,0,0,0
4.125446,0,0,0,0,0,0,0,0
4.127251,0,0,0,0,0,0,0,0
4.128869,0,0,0,0,0,0,0,0
4.130481,0,0,0,0,0,0,0,0
4.132233,0,0,0,0,0,0,0,0
4.134109,0,0,0,0,0,0,0,0
4.135802,0,0,0,0,0,0,0,0
4.137593,0,0,0,0,0,0,0,0
4.139215,0,0,0,0,0,0,0,0
4.142670,0,0,0,0,0,0,0,0
4.144212,0,0,0,0,0,0,0,0
4.146114,0,0,0,0,0,0,0,0
4.147632,0,0,0,0,0,0,0,0
4.150054,0,0,0,0,0,0,0,0
4.151711,0,0,0,0,0,0,0,0
4.153578,0,0,0,0,0,0,0,0
4.155107,0,0,0,0,0,0,0,0
4.156623,0,0,0,0,0,0,0,0
4.158224,0,0,0,0,0,0,0,0
4.159962,0,0,0,0,0,0,0,0
4.161397,0,0,0,0,0,0,0,0
4.162872,0,0,0,0,0,0,0,0
4.164368,0,0,0,0,0,0,0,0
4.165844,0,0,0,0,0,0,0,0
4.167551,0,0,0,0,0,0,0,0
4.169049,0,0,0,0,0,0,0,0
4.171702,0,0,0,0,0,0,0,0
4.173198,0,0,0,0,0,0,0,0
4.175276,0,0,0,0,0,0,0,0
4.176764,0,0,0,0,0,0,0,0
4.178204,0,0,0,0,0,0,0,0
4.180130,0,0,0,0,0,0,0,0
4.181796,0,0,0,0,0,0,0,0
4.183655,0,0,0,0,0,0,0,0
4.185292,0,0,0,0,0,0,0,0
4.186962,0,0,0,0,0,0,0,0
4.188704,0,0,0,0,0,0,0,0
4.190412,0,0,0,0,0,0,0,0
4.192090,0,0,0,0,0,0,0,0
4.193885,0,0,0,0,0,0,0,0
4.195522,0,0,0,0,0,0,0,0
4.197272,0,0,0,0,0,0,0,0
4.198978,0,0,0,0,0,0,0,0
4.201450,0,0,0,0,0,0,0,0
4.204855,0,0,0,0,0,0,0,0
4.206860,0,0,0,0,0,0,0,0
4.210792,0,0,0,0,0,0,0,0
4.212643,0,0,0,0,0,0,0,0
4.214196,0,0,0,0,0,0,0,0
4.215816,0,0,0,0,0,0,0,0
4.217692,0,0,0,0,0,0,0,0
4.219380,0,0,0,0,0,0,0,0
4.221146,0,0,0,0,0,0,0,0
4.222694,0,0,0,0,0,0,0,0
4.224232,0,0,0,0,0,0,0,0
4.225694,0,0,0,0,0,0,0,0
4.227475,0,0,0,0,0,0,0,0
4.230638,0,0,0,0,0,0,0,0
4.232267,0,0,0,0,0,0,0,0
4.235515,0,0,0,0,0,0,0,0
4.237473,0,0,0,0,0,0,0,0
4.238894,0,0,0,0,0,0,0,0
4.240377,0,0,0,0,0,0,0,0
4.242035,0,0,0,0,0,0,0,0
4.243541,0,0,0,0,0,0,0,0
4.244996,0,0,0,0,0,0,0,0
4.246485,0,0,0,0,0,0,0,0
4.248079,0,0,0,0,0,0,0,0
4.249597,0,0,0,0,0,0,0,0
4.251104,0,0,0,0,0,0,0,0
4.252647,0,0,0,0,0,0,0,0
4.254289,0,0,0,0,0,0,0,0
4.255953,0,0,0,0,0,0,0,0
4.257467,0,0,0,0,0,0,0,0
4.258943,0,0,0,0,0,0,0,0
4.262027,0,0,0,0,0,0,0,0
4.265663,0,0,0,0,0,0,0,0
4.267510,0,0,0,0,0,0,0,0
4.269695,0,0,0,0,0,0,0,0
4.271411,0,0,0,0,0,0,0,0
4.273776,0,0,0,0,0,0,0,0
4.275413,0,0,0,0,0,0,0,0
4.277208,0,0,0,0,0,0,0,0
4.278847,0,0,0,0,0,0,0,0
4.280495,0,0,0,0,0,0,0,0
4.282189,0,0,0,0,0,0,0,0
4.283973,0,0,0,0,0,0,0,0
4.285689,0,0,0,0,0,0,0,0
4.287405,0,0,0,0,0,0,0,0
4.289091,0,0,0,0,0,0,0,0
4.291134,0,0,0,0,0,0,0,0
4.293106,0,0,0,0,0,0,0,0
4.294919,0,0,0,0,0,0,0,0
4.298995,0,0,0,0,0,0,0,0
4.303170,0,0,0,0,0,0,0,0
4.304729,0,0,0,0,0,0,0,0
4.306177,0,0,0,0,0,0,0,0
4.307802,0,0,0,0,0,0,0,0
4.309407,0,0,0,0,0,0,0,0
4.310902,0,0,0,0,0,0,0,0
4.312646,0,0,0,0,0,0,0,0
4.314205,0,0,0,0,0,0,0,0
4.315632,0,0,0,0,0,0,0,0
4.317173,0,0,0,0,0,0,0,0
4.318719,0,0,0,0,0,0,0,0
4.320215,0,0,0,0,0,0,0,0
4.323186,0,0,0,0,0,0,0,0
4.324871,0,0,0,0,0,0,0,0
4.327916,0,0,0,0,0,0,0,0
4.330370,0,0,0,0,0,0,0,0
4.331870,0,0,0,0,0,0,0,0
4.334144,0,0,0,0,0,0,0,0
4.335678,0,0,0,0,0,0,0,0
4.337108,0,0,0,0,0,0,0,0
4.338553,0,0,0,0,0,0,0,0
4.340037,0,0,0,0,0,0,0,0
4.341531,0,0,0,0,0,0,0,0
4.343025,0,0,0,0,0,0,0,0
4.344619,0,0,0,0,0,0,0,0
4.346257,0,0,0,0,0,0,0,0
4.351650,0,0,0,0,0,0,0,0
4.353186,0,0,0,0,0,0,0,0
4.355549,0,0,0,0,0,0,0,0
4.357094,0,0,0,0,0,0,0,0
4.358718,0,0,0,0,0,0,0,0
4.361026,0,0,0,0,0,0,0,0
4.362545,0,0,0,0,0,0,0,0
4.364015,0,0,0,0,0,0,0,0
4.365548,0,0,0,0,0,0,0,0
4.367204,0,0,0,0,0,0,0,0
4.368705,0,0,0,0,0,0,0,0
4.370209,0,0,0,0,0,0,0,0
4.371980,0,0,0,0,0,0,0,0
4.373466,0,0,0,0,0,0,0,0
4.377015,0,0,0,0,0,0,0,0
4.380829,0,0,0,0,0,0,0,0
4.382299,0,0,0,0,0,0,0,0
4.384487,0,0,0,0,0,0,0,0
4.385925,0,0,0,0,0,0,0,0
4.387352,0,0,0,0,0,0,0,0
4.389215,0,0,0,0,0,0,0,0
4.390658,0,0,0,0,0,0,0,0
4.392276,0,0,0,0,0,0,0,0
4.393930,0,0,0,0,0,0,0,0
4.395550,0,0,0,0,0,0,0,0
4.397201,0,0,0,0,0,0,0,0
4.398880,0,0,0,0,0,0,0,0
4.400405,0,0,0,0,0,0,0,0
4.403969,0,0,0,0,0,0,0,0
4.406251,0,0,0,0,0,0,0,0
4.407984,0,0,0,0,0,0,0,0
4.410396,0,0,0,0,0,0,0,0
4.411930,0,0,0,0,0,0,0,0
4.413454,0,0,0,0,0,0,0,0
4.414881,0,0,0,0,0,0,0,0
4.416390,0,0,0,0,0,0,0,0
4.417835,0,0,0,0,0,0,0,0
4.419492,0,0,0,0,0,0,0,0
4.420973,0,0,0,0,0,0,0,0
4.422480,0,0,0,0,0,0,0,0
4.424116,0,0,0,0,0,0,0,0
4.425668,0,0,0,0,0,0,0,0
4.429062,0,0,0,0,0,0,0,0
4.432109,0,0,0,0,0,0,0,0
4.434582,0,0,0,0,0,0,0,0
4.436099,0,0,0,0,0,0,0,0
4.437676,0,0,0,0,0,0,0,0
4.439197,0,0,0,0,0,0,0,0
4.440753,0,0,0,0,0,0,0,0
4.442259,0,0,0,0,0,0,0,0
4.443804,0,0,0,0,0,0,0,0
4.445294,0,0,0,0,0,0,0,0
4.446800,0,0,0,0,0,0,0,0
4.448328,0,0,0,0,0,0,0,0
4.449937,0,0,0,0,0,0,0,0
4.451437,0,0,0,0,0,0,0,0
4.456344,0,0,0,0,0,0,0,0
4.457860,0,0,0,0,0,0,0,0
4.459475,0,0,0,0,0,0,0,0
4.462007,0,0,0,0,0,0,0,0
4.463499,0,0,0,0,0,0,0,0
4.465061,0,0,0,0,0,0,0,0
4.466478,0,0,0,0,0,0,0,0
4.467906,0,0,0,0,0,0,0,0
4.469359,0,0,0,0,0,0,0,0
4.470773,0,0,0,0,0,0,0,0
4.472407,0,0,0,0,0,0,0,0
4.473899,0,0,0,0,0,0,0,0
4.476452,0,0,0,0,0,0,0,0
4.479180,0,0,0,0,0,0,0,0
4.480733,0,0,0,0,0,0,0,0
4.484311,0,0,0,0,0,0,0,0
4.486625,0,0,0,0,0,0,0,0
4.488074,0,0,0,0,0,0,0,0
4.489527,0,0,0,0,0,0,0,0
4.491026,0,0,0,0,0,0,0,0
4.492595,0,0,0,0,0,0,0,0
4.494049,0,0,0,0,0,0,0,0
4.495491,0,0,0,0,0,0,0,0
4.496990,0,0,0,0,0,0,0,0
4.498491,0,0,0,0,0,0,0,0
4.500322,0,0,0,0,0,0,0,0
4.501791,0,0,0,0,0,0,0,0
4.505233,0,0,0,0,0,0,0,0
4.508714,0,0,0,0,0,0,0,0
4.511961,0,0,0,0,0,0,0,0
4.513454,0,0,0,0,0,0,0,0
4.514929,0,0,0,0,0,0,0,0
4.516357,0,0,0,0,0,0,0,0
4.517762,0,0,0,0,0,0,0,0
4.519194,0,0,0,0,0,0,0,0
4.520645,0,0,0,0,0,0,0,0
4.522073,0,0,0,0,0,0,0,0
4.523522,0,0,0,0,0,0,0,0
4.524986,0,0,0,0,0,0,0,0
4.526509,0,0,0,0,0,0,0,0
4.530095,0,0,0,0,0,0,0,0
4.532297,0,0,0,0,0,0,0,0
4.533815,0,0,0,0,0,0,0,0
4.536645,0,0,0,0,0,0,0,0
4.538138,0,0,0,0,0,0,0,0
4.540066,0,0,0,0,0,0,0,0
4.541596,0,0,0,0,0,0,0,0
4.543120,0,0,0,0,0,0,0,0
4.544720,0,0,0,0,0,0,0,0
4.546175,0,0,0,0,0,0,0,0
4.547771,0,0,0,0,0,0,0,0
4.549347,0,0,0,0,0,0,0,0
4.550798,0,0,0,0,0,0,0,0
4.552545,0,0,0,0,0,0,0,0
4.554045,0,0,0,0,0,0,0,0
4.555599,0,0,0,0,0,0,0,0
4.560071,0,0,0,0,0,0,0,0
4.561561,0,0,0,0,0,0,0,0
4.565212,0,0,0,0,0,0,0,0
4.566768,0,0,0,0,0,0,0,0
4.568930,0,0,0,0,0,0,0,0
4.570472,0,0,0,0,0,0,0,0
4.571939,0,0,0,0,0,0,0,0
4.573521,0,0,0,0,0,0,0,0
4.574973,0,0,0,0,0,0,0,0
4.576588,0,0,0,0,0,0,0,0
4.579145,0,0,0,0,0,0,0,0
4.580729,0,0,0,0,0,0,0,0
4.583371,0,0,0,0,0,0,0,0
4.584878,0,0,0,0,0,0,0,0
4.588013,0,0,0,0,0,0,0,0
4.589668,0,0,0,0,0,0,0,0
4.592528,0,0,0,0,0,0,0,0
4.594335,0,0,0,0,0,0,0,0
4.599856,0,0,0,0,0,0,0,0
4.601312,0,0,0,0,0,0,0,0
4.602750,0,0,0,0,0,0,0,0
4.604185,0,0,0,0,0,0,0,0
4.605703,0,0,0,0,0,0,0,0
4.607195,0,0,0,0,0,0,0,0
4.608732,0,0,0,0,0,0,0,0
4.610271,0,0,0,0,0,0,0,0
4.611829,0,0,0,0,0,0,0,0
4.613437,0,0,0,0,0,0,0,0
4.614976,0,0,0,0,0,0,0,0
4.616584,0,0,0,0,0,0,0,0
4.618054,0,0,0,0,0,0,0,0
4.619523,0,0,0,0,0,0,0,0
4.621001,0,0,0,0,0,0,0,0
4.622493,0,0,0,0,0,0,0,0
4.623885,0,0,0,0,0,0,0,0
4.625352,0,0,0,0,0,0,0,0
4.626829,0,0,0,0,0,0,0,0
4.628235,0,0,0,0,0,0,0,0
4.629723,0,0,0,0,0,0,0,0
4.631187,0,0,0,0,0,0,0,0
4.632688,0,0,0,0,0,0,0,0
4.634139,0,0,0,0,0,0,0,0
4.635568,0,0,0,0,0,0,0,0
4.637194,0,0,0,0,0,0,0,0
4.638697,0,0,0,0,0,0,0,0
4.640162,0,0,0,0,0,0,0,0
4.643233,0,0,0,0,0,0,0,0
4.646394,0,0,0,0,0,0,0,0
4.649581,0,0,0,0,0,0,0,0
4.651006,0,0,0,0,0,0,0,0
4.653122,0,0,0,0,0,0,0,0
4.654633,0,0,0,0,0,0,0,0
4.656087,0,0,0,0,0,0,0,0
4.657488,0,0,0,0,0,0,0,0
4.658915,0,0,0,0,0,0,0,0
4.660298,0,0,0,0,0,0,0,0
4.661762,0,0,0,0,0,0,0,0
4.663270,0,0,0,0,0,0,0,0
4.664861,0,0,0,0,0,0,0,0
4.668181,0,0,0,0,0,0,0,0
4.669622,0,0,0,0,0,0,0,0
4.672606,0,0,0,0,0,0,0,0
4.676854,0,0,0,0,0,0,0,0
4.678450,0,0,0,0,0,0,0,0
4.679990,0,0,0,0,0,0,0,0
4.681376,0,0,0,0,0,0,0,0
4.682813,0,0,0,0,0,0,0,0
4.684271,0,0,0,0,0,0,0,0
4.685812,0,0,0,0,0,0,0,0
4.687289,0,0,0,0,0,0,0,0
4.688724,0,0,0,0,0,0,0,0
4.690137,0,0,0,0,0,0,0,0
4.691674,0,0,0,0,0,0,0,0
4.693832,0,0,0,0,0,0,0,0
4.695342,0,0,0,0,0,0,0,0
4.697792,0,0,0,0,0,0,0,0
4.700062,0,0,0,0,0,0,0,0
4.701512,0,0,0,0,0,0,0,0
4.703068,0,0,0,0,0,0,0,0
4.704699,0,0,0,0,0,0,0,0
4.706050,0,0,0,0,0,0,0,0
4.707434,0,0,0,0,0,0,0,0
4.708953,0,0,0,0,0,0,0,0
4.710374,0,0,0,0,0,0,0,0
4.711812,0,0,0,0,0,0,0,0
4.713195,0,0,0,0,0,0,0,0
4.714630,0,0,0,0,0,0,0,0
4.716206,0,0,0,0,0,0,0,0
4.717930,0,0,0,0,0,0,0,0
4.719621,0,0,0,0,0,0,0,0
4.721155,0,0,0,0,0,0,0,0
4.723034,0,0,0,0,0,0,0,0
4.724584,0,0,0,0,0,0,0,0
4.726433,0,0,0,0,0,0,0,0
4.727849,0,0,0,0,0,0,0,0
4.729371,0,0,0,0,0,0,0,0
4.730874,0,0,0,0,0,0,0,0
4.732347,0,0,0,0,0,0,0,0
4.733799,0,0,0,0,0,0,0,0
4.735280,0,0,0,0,0,0,0,0
4.736695,0,0,0,0,0,0,0,0
4.738281,0,0,0,0,0,0,0,0
4.739926,0,0,0,0,0,0,0,0
4.742035,0,0,0,0,0,0,0,0
4.743616,0,0,0,0,0,0,0,0
4.745215,0,0,0,0,0,0,0,0
4.746788,0,0,0,0,0,0,0,0
4.748349,0,0,0,0,0,0,0,0
4.749757,0,0,0,0,0,0,0,0
4.751275,0,0,0,0,0,0,0,0
4.752819,0,0,0,0,0,0,0,0
4.754262,0,0,0,0,0,0,0,0
4.755801,0,0,0,0,0,0,0,0
4.758039,0,0,0,0,0,0,0,0
4.759751,0,0,0,0,0,0,0,0
4.761482,0,0,0,0,0,0,0,0
4.762919,0,0,0,0,0,0,0,0
4.765496,0,0,0,0,0,0,0,0
4.767994,0,0,0,0,0,0,0,0
4.769782,0,0,0,0,0,0,0,0
4.771431,0,0,0,0,0,0,0,0
4.773051,0,0,0,0,0,0,0,0
4.774592,0,0,0,0,0,0,0,0
4.776133,0,0,0,0,0,0,0,0
4.777652,0,0,0,0,0,0,0,0
4.779082,0,0,0,0,0,0,0,0
4.780592,0,0,0,0,0,0,0,0
4.782024,0,0,0,0,0,0,0,0
4.783832,0,0,0,0,0,0,0,0
4.785350,0,0,0,0,0,0,0,0
4.786937,0,0,0,0,0,0,0,0
4.790367,0,0,0,0,0,0,0,0
4.793905,0,0,0,0,0,0,0,0
4.797095,0,0,0,0,0,0,0,0
4.798695,0,0,0,0,0,0,0,0
4.800490,0,0,0,0,0,0,0,0
4.801948,0,0,0,0,0,0,0,0
4.803470,0,0,0,0,0,0,0,0
4.804963,0,0,0,0,0,0,0,0
4.806443,0,0,0,0,0,0,0,0
4.807939,0,0,0,0,0,0,0,0
4.809475,0,0,0,0,0,0,0,0
4.810980,0,0,0,0,0,0,0,0
4.812811,0,0,0,0,0,0,0,0
4.814648,0,0,0,0,0,0,0,0
4.816975,0,0,0,0,0,0,0,0
4.818554,0,0,0,0,0,0,0,0
4.822647,0,0,0,0,0,0,0,0
4.826087,0,0,0,0,0,0,0,0
4.827871,0,0,0,0,0,0,0,0
4.830026,0,0,0,0,0,0,0,0
4.831667,0,0,0,0,0,0,0,0
4.833692,0,0,0,0,0,0,0,0
4.835432,0,0,0,0,0,0,0,0
4.837152,0,0,0,0,0,0,0,0
4.838831,0,0,0,0,0,0,0,0
4.840738,0,0,0,0,0,0,0,0
4.842490,0,0,0,0,0,0,0,0
4.844608,0,0,0,0,0,0,0,0
4.846723,0,0,0,0,0,0,0,0
4.848992,0,0,0,0,0,0,0,0
4.850917,0,0,0,0,0,0,0,0
4.852750,0,0,0,0,0,0,0,0
4.854252,0,0,0,0,0,0,0,0
4.855823,0,0,0,0,0,0,0,0
4.857334,0,0,0,0,0,0,0,0
4.858857,0,0,0,0,0,0,0,0
4.860324,0,0,0,0,0,0,0,0
4.861931,0,0,0,0,0,0,0,0
4.863386,0,0,0,0,0,0,0,0
4.865151,0,0,0,0,0,0,0,0
4.866626,0,0,0,0,0,0,0,0
4.868088,0,0,0,0,0,0,0,0
4.871166,0,0,0,0,0,0,0,0
4.874491,0,0,0,0,0,0,0,0
4.877298,0,0,0,0,0,0,0,0
4.878898,0,0,0,0,0,0,0,0
4.880442,0,0,0,0,0,0,0,0
4.882025,0,0,0,0,0,0,0,0
4.883591,0,0,0,0,0,0,0,0
4.885176,0,0,0,0,0,0,0,0
4.886662,0,0,0,0,0,0,0,0
4.888155,0,0,0,0,0,0,0,0
4.889680,0,0,0,0,0,0,0,0
4.891818,0,0,0,0,0,0,0,0
4.893362,0,0,0,0,0,0,0,0
4.894969,0,0,0,0,0,0,0,0
4.896894,0,0,0,0,0,0,0,0
4.898588,0,0,0,0,0,0,0,0
4.901607,0,0,0,0,0,0,0,0
4.903578,0,0,0,0,0,0,0,0
4.905105,0,0,0,0,0,0,0,0
4.906921,0,0,0,0,0,0,0,0
4.908409,0,0,0,0,0,0,0,0
4.909861,0,0,0,0,0,0,0,0
4.911412,0,0,0,0,0,0,0,0
4.913100,0,0,0,0,0,0,0,0
4.914612,0,0,0,0,0,0,0,0
4.916133,0,0,0,0,0,0,0,0
4.917628,0,0,0,0,0,0,0,0
4.919085,0,0,0,0,0,0,0,0
4.921193,0,0,0,0,0,0,0,0
4.922663,0,0,0,0,0,0,0,0
4.924554,0,0,0,0,0,0,0,0
4.926115,0,0,0,0,0,0,0,0
4.927739,0,0,0,0,0,0,0,0
4.930954,0,0,0,0,0,0,0,0
4.932644,0,0,0,0,0,0,0,0
4.934969,0,0,0,0,0,0,0,0
4.936765,0,0,0,0,0,0,0,0
4.938389,0,0,0,0,0,0,0,0
4.940058,0,0,0,0,0,0,0,0
4.941673,0,0,0,0,0,0,0,0
4.943488,0,0,0,0,0,0,0,0
4.945185,0,0,0,0,0,0,0,0
4.946886,0,0,0,0,0,0,0,0
4.948619,0,0,0,0,0,0,0,0
4.950672,0,0,0,0,0,0,0,0
4.953334,0,0,0,0,0,0,0,0
4.955026,0,0,0,0,0,0,0,0
4.956999,0,0,0,0,0,0,0,0
4.958751,0,0,0,0,0,0,0,0
4.960968,0,0,0,0,0,0,0,0
4.962618,0,0,0,0,0,0,0,0
4.964293,0,0,0,0,0,0,0,0
4.966023,0,0,0,0,0,0,0,0
4.967579,0,0,0,0,0,0,0,0
4.969291,0,0,0,0,0,0,0,0
4.970853,0,0,0,0,0,0,0,0
4.972498,0,0,0,0,0,0,0,0
4.973971,0,0,0,0,0,0,0,0
4.975542,0,0,0,0,0,0,0,0
4.977465,0,0,0,0,0,0,0,0
4.979017,0,0,0,0,0,0,0,0
4.982145,0,0,0,0,0,0,0,0
4.985573,0,0,0,0,0,0,0,0
4.988015,0,0,0,0,0,0,0,0
4.989567,0,0,0,0,0,0,0,0
4.991120,0,0,0,0,0,0,0,0
4.993189,0,0,0,0,0,0,0,0
4.994667,0,0,0,0,0,0,0,0
4.996156,0,0,0,0,0,0,0,0
4.997659,0,0,0,0,0,0,0,0
4.999171,0,0,0,0,0,0,0,0
5.002897,0,0,0,0,0,0,0,0
5.004764,0,0,0,0,0,0,0,0
5.006389,0,0,0,0,0,0,0,0
5.008914,0,0,0,0,0,0,0,0
5.011769,0,0,0,0,0,0,0,0
5.013287,0,0,0,0,0,0,0,0
5.015280,0,0,0,0,0,0,0,0
5.016860,0,0,0,0,0,0,0,0
5.018358,0,0,0,0,0,0,0,0
5.020018,0,0,0,0,0,0,0,0
5.021597,0,0,0,0,0,0,0,0
5.023005,0,0,0,0,0,0,0,0
5.024457,0,0,0,0,0,0,0,0
5.025935,0,0,0,0,0,0,0,0
5.027449,0,0,0,0,0,0,0,0
5.028926,0,0,0,0,0,0,0,0
5.030387,0,0,0,0,0,0,0,0
5.031894,0,0,0,0,0,0,0,0
5.033440,0,0,0,0,0,0,0,0
5.036838,0,0,0,0,0,0,0,0
5.038797,0,0,0,0,0,0,0,0
5.040305,0,0,0,0,0,0,0,0
5.043817,0,0,0,0,0,0,0,0
5.045308,0,0,0,0,0,0,0,0
5.047325,0,0,0,0,0,0,0,0
5.048940,0,0,0,0,0,0,0,0
5.050505,0,0,0,0,0,0,0,0
5.052205,0,0,0,0,0,0,0,0
5.053718,0,0,0,0,0,0,0,0
5.055163,0,0,0,0,0,0,0,0
5.056635,0,0,0,0,0,0,0,0
5.058079,0,0,0,0,0,0,0,0
5.059664,0,0,0,0,0,0,0,0
5.061272,0,0,0,0,0,0,0,0
5.062826,0,0,0,0,0,0,0,0
5.064361,0,0,0,0,0,0,0,0
5.067583,0,0,0,0,0,0,0,0
5.071156,0,0,0,0,0,0,0,0
5.072864,0,0,0,0,0,0,0,0
5.074329,0,0,0,0,0,0,0,0
5.075737,0,0,0,0,0,0,0,0
5.077325,0,0,0,0,0,0,0,0
5.078808,0,0,0,0,0,0,0,0
5.080362,0,0,0,0,0,0,0,0
5.081957,0,0,0,0,0,0,0,0
5.083589,0,0,0,0,0,0,0,0
5.085105,0,0,0,0,0,0,0,0
5.086647,0,0,0,0,0,0,0,0
5.088186,0,0,0,0,0,0,0,0
5.089676,0,0,0,0,0,0,0,0
5.091252,0,0,0,0,0,0,0,0
5.094095,0,0,0,0,0,0,0,0
5.097564,0,0,0,0,0,0,0,0
5.099151,0,0,0,0,0,0,0,0
5.101401,0,0,0,0,0,0,0,0
5.103008,0,0,0,0,0,0,0,0
5.104763,0,0,0,0,0,0,0,0
5.106349,0,0,0,0,0,0,0,0
5.107849,0,0,0,0,0,0,0,0
5.109316,0,0,0,0,0,0,0,0
5.110816,0,0,0,0,0,0,0,0
5.112451,0,0,0,0,0,0,0,0
5.113897,0,0,0,0,0,0,0,0
5.115431,0,0,0,0,0,0,0,0
5.116900,0,0,0,0,0,0,0,0
5.118366,0,0,0,0,0,0,0,0
5.121017,0,0,0,0,0,0,0,0
5.124372,0,0,0,0,0,0,0,0
5.125933,0,0,0,0,0,0,0,0
5.129005,0,0,0,0,0,0,0,0
5.130567,0,0,0,0,0,0,0,0
5.132059,0,0,0,0,0,0,0,0
5.134092,0,0,0,0,0,0,0,0
5.135610,0,0,0,0,0,0,0,0
5.137182,0,0,0,0,0,0,0,0
5.138627,0,0,0,0,0,0,0,0
5.140148,0,0,0,0,0,0,0,0
5.141751,0,0,0,0,0,0,0,0
5.143318,0,0,0,0,0,0,0,0
5.144794,0,0,0,0,0,0,0,0
5.146261,0,0,0,0,0,0,0,0
5.147916,0,0,0,0,0,0,0,0
5.152859,0,0,0,0,0,0,0,0
5.154419,0,0,0,0,0,0,0,0
5.156573,0,0,0,0,0,0,0,0
5.158101,0,0,0,0,0,0,0,0
5.160120,0,0,0,0,0,0,0,0
5.161622,0,0,0,0,0,0,0,0
5.163087,0,0,0,0,0,0,0,0
5.164662,0,0,0,0,0,0,0,0
5.166165,0,0,0,0,0,0,0,0
5.167620,0,0,0,0,0,0,0,0
5.169101,0,0,0,0,0,0,0,0
5.170696,0,0,0,0,0,0,0,0
5.172261,0,0,0,0,0,0,0,0
5.173812,0,0,0,0,0,0,0,0
5.176142,0,0,0,0,0,0,0,0
5.177639,0,0,0,0,0,0,0,0
5.180768,0,0,0,0,0,0,0,0
5.183691,0,0,0,0,0,0,0,0
5.185291,0,0,0,0,0,0,0,0
5.186748,0,0,0,0,0,0,0,0
5.188811,0,0,0,0,0,0,0,0
5.190322,0,0,0,0,0,0,0,0
5.191813,0,0,0,0,0,0,0,0
5.193355,0,0,0,0,0,0,0,0
5.194842,0,0,0,0,0,0,0,0
5.196315,0,0,0,0,0,0,0,0
5.197911,0,0,0,0,0,0,0,0
5.199471,0,0,0,0,0,0,0,0
5.201031,0,0,0,0,0,0,0,0
5.204443,0,0,0,0,0,0,0,0
5.205960,0,0,0,0,0,0,0,0
5.209107,0,0,0,0,0,0,0,0
5.211927,0,0,0,0,0,0,0,0
5.213512,0,0,0,0,0,0,0,0
5.215363,0,0,0,0,0,0,0,0
5.216910,0,0,0,0,0,0,0,0
5.218416,0,0,0,0,0,0,0,0
5.219912,0,0,0,0,0,0,0,0
5.221489,0,0,0,0,0,0,0,0
5.222952,0,0,0,0,0,0,0,0
5.224427,0,0,0,0,0,0,0,0
5.226016,0,0,0,0,0,0,0,0
5.227954,0,0,0,0,0,0,0,0
5.229452,0,0,0,0,0,0,0,0
5.231662,0,0,0,0,0,0,0,0
5.233133,0,0,0,0,0,0,0,0
5.235837,0,0,0,0,0,0,0,0
5.237312,0,0,0,0,0,0,0,0
5.239508,0,0,0,0,0,0,0,0
5.241012,0,0,0,0,0,0,0,0
5.242731,0,0,0,0,0,0,0,0
5.244307,0,0,0,0,0,0,0,0
5.245906,0,0,0,0,0,0,0,0
5.247375,0,0,0,0,0,0,0,0
5.248895,0,0,0,0,0,0,0,0
5.250472,0,0,0,0,0,0,0,0
5.252013,0,0,0,0,0,0,0,0
5.253688,0,0,0,0,0,0,0,0
5.255351,0,0,0,0,0,0,0,0
5.256963,0,0,0,0,0,0,0,0
5.259923,0,0,0,0,0,0,0,0
5.262708,0,0,0,0,0,0,0,0
5.264251,0,0,0,0,0,0,0,0
5.266447,0,0,0,0,0,0,0,0
5.268001,0,0,0,0,0,0,0,0
5.269670,0,0,0,0,0,0,0,0
5.271457,0,0,0,0,0,0,0,0
5.272997,0,0,0,0,0,0,0,0
5.274529,0,0,0,0,0,0,0,0
5.276140,0,0,0,0,0,0,0,0
5.277753,0,0,0,0,0,0,0,0
5.279328,0,0,0,0,0,0,0,0
5.280915,0,0,0,0,0,0,0,0
5.282417,0,0,0,0,0,0,0,0
5.283941,0,0,0,0,0,0,0,0
5.285382,0,0,0,0,0,0,0,0
5.288964,0,0,0,0,0,0,0,0
5.291826,0,0,0,0,0,0,0,0
5.295065,0,0,0,0,0,0,0,0
5.296873,0,0,0,0,0,0,0,0
5.298602,0,0,0,0,0,0,0,0
5.300309,0,0,0,0,0,0,0,0
5.302024,0,0,0,0,0,0,0,0
5.303813,0,0,0,0,0,0,0,0
5.305519,0,0,0,0,0,0,0,0
5.307352,0,0,0,0,0,0,0,0
5.309149,0,0,0,0,0,0,0,0
5.310760,0,0,0,0,0,0,0,0
5.312900,0,0,0,0,0,0,0,0
5.314633,0,0,0,0,0,0,0,0
5.317927,0,0,0,0,0,0,0,0
5.319640,0,0,0,0,0,0,0,0
5.321338,0,0,0,0,0,0,0,0
5.323645,0,0,0,0,0,0,0,0
5.325357,0,0,0,0,0,0,0,0
5.327095,0,0,0,0,0,0,0,0
5.328892,0,0,0,0,0,0,0,0
5.330636,0,0,0,0,0,0,0,0
5.332367,0,0,0,0,0,0,0,0
5.333869,0,0,0,0,0,0,0,0
5.335317,0,0,0,0,0,0,0,0
5.336818,0,0,0,0,0,0,0,0
5.338308,0,0,0,0,0,0,0,0
5.340082,0,0,0,0,0,0,0,0
5.342852,0,0,0,0,0,0,0,0
5.345560,0,0,0,0,0,0,0,0
5.347080,0,0,0,0,0,0,0,0
5.349230,0,0,0,0,0,0,0,0
5.350794,0,0,0,0,0,0,0,0
5.352378,0,0,0,0,0,0,0,0
5.353925,0,0,0,0,0,0,0,0
5.355435,0,0,0,0,0,0,0,0
5.356894,0,0,0,0,0,0,0,0
5.358424,0,0,0,0,0,0,0,0
5.359997,0,0,0,0,0,0,0,0
5.361473,0,0,0,0,0,0,0,0
5.362944,0,0,0,0,0,0,0,0
5.364476,0,0,0,0,0,0,0,0
5.367149,0,0,0,0,0,0,0,0
5.368749,0,0,0,0,0,0,0,0
5.371843,0,0,0,0,0,0,0,0
5.374648,0,0,0,0,0,0,0,0
5.376340,0,0,0,0,0,0,0,0
5.377907,0,0,0,0,0,0,0,0
5.379782,0,0,0,0,0,0,0,0
5.381423,0,0,0,0,0,0,0,0
5.383152,0,0,0,0,0,0,0,0
5.384929,0,0,0,0,0,0,0,0
5.386613,0,0,0,0,0,0,0,0
5.388268,0,0,0,0,0,0,0,0
5.389992,0,0,0,0,0,0,0,0
5.391746,0,0,0,0,0,0,0,0
5.393467,0,0,0,0,0,0,0,0
5.396007,0,0,0,0,0,0,0,0
5.397707,0,0,0,0,0,0,0,0
5.400322,0,0,0,0,0,0,0,0
5.402518,0,0,0,0,0,0,0,0
5.404351,0,0,0,0,0,0,0,0
5.406468,0,0,0,0,0,0,0,0
5.408253,0,0,0,0,0,0,0,0
5.409954,0,0,0,0,0,0,0,0
5.411623,0,0,0,0,0,0,0,0
5.413247,0,0,0,0,0,0,0,0
5.414920,0,0,0,0,0,0,0,0
5.416924,0,0,0,0,0,0,0,0
5.418704,0,0,0,0,0,0,0,0
5.422061,0,0,0,0,0,0,0,0
5.425207,0,0,0,0,0,0,0,0
5.426702,0,0,0,0,0,0,0,0
5.429935,0,0,0,0,0,0,0,0
5.431396,0,0,0,0,0,0,0,0
5.432947,0,0,0,0,0,0,0,0
5.434523,0,0,0,0,0,0,0,0
5.436018,0,0,0,0,0,0,0,0
5.437459,0,0,0,0,0,0,0,0
5.438965,0,0,0,0,0,0,0,0
5.440578,0,0,0,0,0,0,0,0
5.442114,0,0,0,0,0,0,0,0
5.443712,0,0,0,0,0,0,0,0
5.445875,0,0,0,0,0,0,0,0
5.447526,0,0,0,0,0,0,0,0
5.451648,0,0,0,0,0,0,0,0
5.453139,0,0,0,0,0,0,0,0
5.456109,0,0,0,0,0,0,0,0
5.457587,0,0,0,0,0,0,0,0
5.459288,0,0,0,0,0,0,0,0
5.460912,0,0,0,0,0,0,0,0
5.462384,0,0,0,0,0,0,0,0
5.463903,0,0,0,0,0,0,0,0
5.465414,0,0,0,0,0,0,0,0
5.466895,0,0,0,0,0,0,0,0
5.468464,0,0,0,0,0,0,0,0
5.470302,0,0,0,0,0,0,0,0
5.473711,0,0,0,0,0,0,0,0
5.475216,0,0,0,0,0,0,0,0
5.478310,0,0,0,0,0,0,0,0
5.480627,0,0,0,0,0,0,0,0
5.482096,0,0,0,0,0,0,0,0
5.484311,0,0,0,0,0,0,0,0
5.485853,0,0,0,0,0,0,0,0
5.487401,0,0,0,0,0,0,0,0
5.488864,0,0,0,0,0,0,0,0
5.490322,0,0,0,0,0,0,0,0
5.491823,0,0,0,0,0,0,0,0
5.493307,0,0,0,0,0,0,0,0
5.494915,0,0,0,0,0,0,0,0
5.496410,0,0,0,0,0,0,0,0
5.497888,0,0,0,0,0,0,0,0
5.500426,0,0,0,0,0,0,0,0
5.501977,0,0,0,0,0,0,0,0
5.505122,0,0,0,0,0,0,0,0
5.506727,0,0,0,0,0,0,0,0
5.509615,0,0,0,0,0,0,0,0
5.511067,0,0,0,0,0,0,0,0
5.513565,0,0,0,0,0,0,0,0
5.515071,0,0,0,0,0,0,0,0
5.516812,0,0,0,0,0,0,0,0
5.518339,0,0,0,0,0,0,0,0
5.519919,0,0,0,0,0,0,0,0
5.521417,0,0,0,0,0,0,0,0
5.522921,0,0,0,0,0,0,0,0
5.524362,0,0,0,0,0,0,0,0
5.529501,0,0,0,0,0,0,0,0
5.532699,0,0,0,0,0,0,0,0
5.534257,0,0,0,0,0,0,0,0
5.538072,0,0,0,0,0,0,0,0
5.539631,0,0,0,0,0,0,0,0
5.541666,0,0,0,0,0,0,0,0
5.543257,0,0,0,0,0,0,0,0
5.544882,0,0,0,0,0,0,0,0
5.546347,0,0,0,0,0,0,0,0
5.547891,0,0,0,0,0,0,0,0
5.549526,0,0,0,0,0,0,0,0
5.551016,0,0,0,0,0,0,0,0
5.552672,0,0,0,0,0,0,0,0
5.554152,0,0,0,0,0,0,0,0
5.555639,0,0,0,0,0,0,0,0
5.557070,0,0,0,0,0,0,0,0
5.558963,0,0,0,0,0,0,0,0
5.562151,0,0,0,0,0,0,0,0
5.563649,0,0,0,0,0,0,0,0
5.565179,0,0,0,0,0,0,0,0
5.568453,0,0,0,0,0,0,0,0
5.570580,0,0,0,0,0,0,0,0
5.572227,0,0,0,0,0,0,0,0
5.573705,0,0,0,0,0,0,0,0
5.575281,0,0,0,0,0,0,0,0
5.576869,0,0,0,0,0,0,0,0
5.578456,0,0,0,0,0,0,0,0
5.580038,0,0,0,0,0,0,0,0
5.581505,0,0,0,0,0,0,0,0
5.583094,0,0,0,0,0,0,0,0
5.586444,0,0,0,0,0,0,0,0
5.588716,0,0,0,0,0,0,0,0
5.590221,0,0,0,0,0,0,0,0
5.592491,0,0,0,0,0,0,0,0
5.594032,0,0,0,0,0,0,0,0
5.599541,0,0,0,0,0,0,0,0
5.601084,0,0,0,0,0,0,0,0
5.602639,0,0,0,0,0,0,0,0
5.604082,0,0,0,0,0,0,0,0
5.605597,0,0,0,0,0,0,0,0
5.607131,0,0,0,0,0,0,0,0
5.608644,0,0,0,0,0,0,0,0
5.610116,0,0,0,0,0,0,0,0
5.611583,0,0,0,0,0,0,0,0
5.613052,0,0,0,0,0,0,0,0
5.614533,0,0,0,0,0,0,0,0
5.615992,0,0,0,0,0,0,0,0
5.617454,0,0,0,0,0,0,0,0
5.618856,0,0,0,0,0,0,0,0
5.620323,0,0,0,0,0,0,0,0
5.621790,0,0,0,0,0,0,0,0
5.623216,0,0,0,0,0,0,0,0
5.624654,0,0,0,0,0,0,0,0
5.626077,0,0,0,0,0,0,0,0
5.627570,0,0,0,0,0,0,0,0
5.629074,0,0,0,0,0,0,0,0
5.630597,0,0,0,0,0,0,0,0
5.632022,0,0,0,0,0,0,0,0
5.634390,0,0,0,0,0,0,0,0
5.636277,0,0,0,0,0,0,0,0
5.637832,0,0,0,0,0,0,0,0
5.639930,0,0,0,0,0,0,0,0
5.641494,0,0,0,0,0,0,0,0
5.642965,0,0,0,0,0,0,0,0
5.644333,0,0,0,0,0,0,0,0
5.645769,0,0,0,0,0,0,0,0
5.647225,0,0,0,0,0,0,0,0
5.649309,0,0,0,0,0,0,0,0
5.650784,0,0,0,0,0,0,0,0
5.652306,0,0,0,0,0,0,0,0
5.653923,0,0,0,0,0,0,0,0
5.655344,0,0,0,0,0,0,0,0
5.657016,0,0,0,0,0,0,0,0
5.658933,0,0,0,0,0,0,0,0
5.660712,0,0,0,0,0,0,0,0
5.662406,0,0,0,0,0,0,0,0
5.664136,0,0,0,0,0,0,0,0
5.665856,0,0,0,0,0,0,0,0
5.667514,0,0,0,0,0,0,0,0
5.669116,0,0,0,0,0,0,0,0
5.670938,0,0,0,0,0,0,0,0
5.672749,0,0,0,0,0,0,0,0
5.674497,0,0,0,0,0,0,0,0
5.676174,0,0,0,0,0,0,0,0
5.677984,0,0,0,0,0,0,0,0
5.679885,0,0,0,0,0,0,0,0
5.681648,0,0,0,0,0,0,0,0
5.683410,0,0,0,0,0,0,0,0
5.685410,0,0,0,0,0,0,0,0
5.687875,0,0,0,0,0,0,0,0
5.689552,0,0,0,0,0,0,0,0
5.691516,0,0,0,0,0,0,0,0
5.693187,0,0,0,0,0,0,0,0
5.694809,0,0,0,0,0,0,0,0
5.696486,0,0,0,0,0,0,0,0
5.698123,0,0,0,0,0,0,0,0
5.699838,0,0,0,0,0,0,0,0
5.701264,0,0,0,0,0,0,0,0
5.702729,0,0,0,0,0,0,0,0
5.704701,0,0,0,0,0,0,0,0
5.706134,0,0,0,0,0,0,0,0
5.708077,0,0,0,0,0,0,0,0
5.709613,0,0,0,0,0,0,0,0
5.711035,0,0,0,0,0,0,0,0
5.712580,0,0,0,0,0,0,0,0
5.714126,0,0,0,0,0,0,0,0
5.715645,0,0,0,0,0,0,0,0
5.717212,0,0,0,0,0,0,0,0
5.718752,0,0,0,0,0,0,0,0
5.720260,0,0,0,0,0,0,0,0
5.722320,0,0,0,0,0,0,0,0
5.724044,0,0,0,0,0,0,0,0
5.726157,0,0,0,0,0,0,0,0
5.728326,0,0,0,0,0,0,0,0
5.730207,0,0,0,0,0,0,0,0
5.732122,0,0,0,0,0,0,0,0
5.733769,0,0,0,0,0,0,0,0
5.735522,0,0,0,0,0,0,0,0
5.737337,0,0,0,0,0,0,0,0
5.739051,0,0,0,0,0,0,0,0
5.740908,0,0,0,0,0,0,0,0
5.742415,0,0,0,0,0,0,0,0
5.744054,0,0,0,0,0,0,0,0
5.745794,0,0,0,0,0,0,0,0
5.747300,0,0,0,0,0,0,0,0
5.748908,0,0,0,0,0,0,0,0
5.751613,0,0,0,0,0,0,0,0
5.754747,0,0,0,0,0,0,0,0
5.756279,0,0,0,0,0,0,0,0
5.758533,0,0,0,0,0,0,0,0
5.760050,0,0,0,0,0,0,0,0
5.761614,0,0,0,0,0,0,0,0
5.763196,0,0,0,0,0,0,0,0
5.764678,0,0,0,0,0,0,0,0
5.766173,0,0,0,0,0,0,0,0
5.767659,0,0,0,0,0,0,0,0
5.769173,0,0,0,0,0,0,0,0
5.770701,0,0,0,0,0,0,0,0
5.772271,0,0,0,0,0,0,0,0
5.773785,0,0,0,0,0,0,0,0
5.777254,0,0,0,0,0,0,0,0
5.778783,0,0,0,0,0,0,0,0
5.781536,0,0,0,0,0,0,0,0
5.782979,0,0,0,0,0,0,0,0
5.786428,0,0,0,0,0,0,0,0
5.787922,0,0,0,0,0,0,0,0
5.789637,0,0,0,0,0,0,0,0
5.791222,0,0,0,0,0,0,0,0
5.792663,0,0,0,0,0,0,0,0
5.794135,0,0,0,0,0,0,0,0
5.795604,0,0,0,0,0,0,0,0
5.797034,0,0,0,0,0,0,0,0
5.798627,0,0,0,0,0,0,0,0
5.800150,0,0,0,0,0,0,0,0
5.802982,0,0,0,0,0,0,0,0
5.806244,0,0,0,0,0,0,0,0
5.808697,0,0,0,0,0,0,0,0
5.810219,0,0,0,0,0,0,0,0
5.812370,0,0,0,0,0,0,0,0
5.813908,0,0,0,0,0,0,0,0
5.815398,0,0,0,0,0,0,0,0
5.816917,0,0,0,0,0,0,0,0
5.818430,0,0,0,0,0,0,0,0
5.819915,0,0,0,0,0,0,0,0
5.821424,0,0,0,0,0,0,0,0
5.822912,0,0,0,0,0,0,0,0
5.824454,0,0,0,0,0,0,0,0
5.825962,0,0,0,0,0,0,0,0
5.828717,0,0,0,0,0,0,0,0
5.830927,0,0,0,0,0,0,0,0
5.833664,0,0,0,0,0,0,0,0
5.835160,0,0,0,0,0,0,0,0
5.836717,0,0,0,0,0,0,0,0
5.838301,0,0,0,0,0,0,0,0
5.839836,0,0,0,0,0,0,0,0
5.841404,0,0,0,0,0,0,0,0
5.842946,0,0,0,0,0,0,0,0
5.844441,0,0,0,0,0,0,0,0
5.845957,0,0,0,0,0,0,0,0
5.847399,0,0,0,0,0,0,0,0
5.848985,0,0,0,0,0,0,0,0
5.851399,0,0,0,0,0,0,0,0
5.852872,0,0,0,0,0,0,0,0
5.855960,0,0,0,0,0,0,0,0
5.857525,0,0,0,0,0,0,0,0
5.859644,0,0,0,0,0,0,0,0
5.861136,0,0,0,0,0,0,0,0
5.862934,0,0,0,0,0,0,0,0
5.864594,0,0,0,0,0,0,0,0
5.866117,0,0,0,0,0,0,0,0
5.867584,0,0,0,0,0,0,0,0
5.869041,0,0,0,0,0,0,0,0
5.870546,0,0,0,0,0,0,0,0
5.872065,0,0,0,0,0,0,0,0
5.873684,0,0,0,0,0,0,0,0
5.875318,0,0,0,0,0,0,0,0
5.876834,0,0,0,0,0,0,0,0
5.878730,0,0,0,0,0,0,0,0
5.880476,0,0,0,0,0,0,0,0
5.881958,0,0,0,0,0,0,0,0
5.883772,0,0,0,0,0,0,0,0
5.886872,0,0,0,0,0,0,0,0
5.888400,0,0,0,0,0,0,0,0
5.890678,0,0,0,0,0,0,0,0
5.892175,0,0,0,0,0,0,0,0
5.893635,0,0,0,0,0,0,0,0
5.895072,0,0,0,0,0,0,0,0
5.896731,0,0,0,0,0,0,0,0
5.898209,0,0,0,0,0,0,0,0
5.899774,0,0,0,0,0,0,0,0
5.901262,0,0,0,0,0,0,0,0
5.905423,0,0,0,0,0,0,0,0
5.908675,0,0,0,0,0,0,0,0
5.910232,0,0,0,0,0,0,0,0
5.912338,0,0,0,0,0,0,0,0
5.913882,0,0,0,0,0,0,0,0
5.915486,0,0,0,0,0,0,0,0
5.916941,0,0,0,0,0,0,0,0
5.918393,0,0,0,0,0,0,0,0
5.919915,0,0,0,0,0,0,0,0
5.921435,0,0,0,0,0,0,0,0
5.923021,0,0,0,0,0,0,0,0
5.924603,0,0,0,0,0,0,0,0
5.926759,0,0,0,0,0,0,0,0
5.928327,0,0,0,0,0,0,0,0
5.931711,0,0,0,0,0,0,0,0
5.934773,0,0,0,0,0,0,0,0
5.937914,0,0,0,0,0,0,0,0
5.939508,0,0,0,0,0,0,0,0
5.941459,0,0,0,0,0,0,0,0
5.943005,0,0,0,0,0,0,0,0
5.944565,0,0,0,0,0,0,0,0
5.946138,0,0,0,0,0,0,0,0
5.947584,0,0,0,0,0,0,0,0
5.949027,0,0,0,0,0,0,0,0
5.950708,0,0,0,0,0,0,0,0
5.952211,0,0,0,0,0,0,0,0
5.953725,0,0,0,0,0,0,0,0
5.955286,0,0,0,0,0,0,0,0
5.958108,0,0,0,0,0,0,0,0
5.961366,0,0,0,0,0,0,0,0
5.963674,0,0,0,0,0,0,0,0
5.965157,0,0,0,0,0,0,0,0
5.966767,0,0,0,0,0,0,0,0
5.968301,0,0,0,0,0,0,0,0
5.969742,0,0,0,0,0,0,0,0
5.971264,0,0,0,0,0,0,0,0
5.972861,0,0,0,0,0,0,0,0
5.974354,0,0,0,0,0,0,0,0
5.975909,0,0,0,0,0,0,0,0
5.977429,0,0,0,0,0,0,0,0
5.978989,0,0,0,0,0,0,0,0
5.980533,0,0,0,0,0,0,0,0
5.981973,0,0,0,0,0,0,0,0
5.983720,0,0,0,0,0,0,0,0
5.986385,0,0,0,0,0,0,0,0
5.987986,0,0,0,0,0,0,0,0
5.991128,0,0,0,0,0,0,0,0
5.992659,0,0,0,0,0,0,0,0
5.994334,0,0,0,0,0,0,0,0
5.995919,0,0,0,0,0,0,0,0
5.997494,0,0,0,0,0,0,0,0
5.999072,0,0,0,0,0,0,0,0
6.000682,0,0,0,0,0,0,0,0
6.002247,0,0,0,0,0,0,0,0
6.003821,0,0,0,0,0,0,0,0
6.006043,0,0,0,0,0,0,0,0
6.007921,0,0,0,0,0,0,0,0
6.010158,0,0,0,0,0,0,0,0
6.012969,0,0,0,0,0,0,0,0
6.015396,0,0,0,0,0,0,0,0
6.016919,0,0,0,0,0,0,0,0
6.018384,0,0,0,0,0,0,0,0
6.019971,0,0,0,0,0,0,0,0
6.021573,0,0,0,0,0,0,0,0
6.023031,0,0,0,0,0,0,0,0
6.024567,0,0,0,0,0,0,0,0
6.026105,0,0,0,0,0,0,0,0
6.027549,0,0,0,0,0,0,0,0
6.029042,0,0,0,0,0,0,0,0
6.030535,0,0,0,0,0,0,0,0
6.032020,0,0,0,0,0,0,0,0
6.033457,0,0,0,0,0,0,0,0
6.036706,0,0,0,0,0,0,0,0
6.039352,0,0,0,0,0,0,0,0
6.040859,0,0,0,0,0,0,0,0
6.042624,0,0,0,0,0,0,0,0
6.044150,0,0,0,0,0,0,0,0
6.045664,0,0,0,0,0,0,0,0
6.047150,0,0,0,0,0,0,0,0
6.048736,0,0,0,0,0,0,0,0
6.050261,0,0,0,0,0,0,0,0
6.051669,0,0,0,0,0,0,0,0
6.053150,0,0,0,0,0,0,0,0
6.054653,0,0,0,0,0,0,0,0
6.056134,0,0,0,0,0,0,0,0
6.057589,0,0,0,0,0,0,0,0
6.059688,0,0,0,0,0,0,0,0
6.061206,0,0,0,0,0,0,0,0
6.064308,0,0,0,0,0,0,0,0
6.067473,0,0,0,0,0,0,0,0
6.070334,0,0,0,0,0,0,0,0
6.071915,0,0,0,0,0,0,0,0
6.073364,0,0,0,0,0,0,0,0
6.074989,0,0,0,0,0,0,0,0
6.076665,0,0,0,0,0,0,0,0
6.078117,0,0,0,0,0,0,0,0
6.079681,0,0,0,0,0,0,0,0
6.081316,0,0,0,0,0,0,0,0
6.083123,0,0,0,0,0,0,0,0
6.086442,0,0,0,0,0,0,0,0
6.088039,0,0,0,0,0,0,0,0
6.090580,0,0,0,0,0,0,0,0
6.092330,0,0,0,0,0,0,0,0
6.096160,0,0,0,0,0,0,0,0
6.097923,0,0,0,0,0,0,0,0
6.099752,0,0,0,0,0,0,0,0
6.101387,0,0,0,0,0,0,0,0
6.103112,0,0,0,0,0,0,0,0
6.104917,0,0,0,0,0,0,0,0
6.106674,0,0,0,0,0,0,0,0
6.108316,0,0,0,0,0,0,0,0
6.109948,0,0,0,0,0,0,0,0
6.111600,0,0,0,0,0,0,0,0
6.113176,0,0,0,0,0,0,0,0
6.114839,0,0,0,0,0,0,0,0
6.117120,0,0,0,0,0,0,0,0
6.119739,0,0,0,0,0,0,0,0
6.121495,0,0,0,0,0,0,0,0
6.122913,0,0,0,0,0,0,0,0
6.124572,0,0,0,0,0,0,0,0
6.126066,0,0,0,0,0,0,0,0
6.127536,0,0,0,0,0,0,0,0
6.129060,0,0,0,0,0,0,0,0
6.130651,0,0,0,0,0,0,0,0
6.132152,0,0,0,0,0,0,0,0
6.133921,0,0,0,0,0,0,0,0
6.135402,0,0,0,0,0,0,0,0
6.137105,0,0,0,0,0,0,0,0
6.138651,0,0,0,0,0,0,0,0
6.140193,0,0,0,0,0,0,0,0
6.144877,0,0,0,0,0,0,0,0
6.146411,0,0,0,0,0,0,0,0
6.148607,0,0,0,0,0,0,0,0
6.150168,0,0,0,0,0,0,0,0
6.152158,0,0,0,0,0,0,0,0
6.153617,0,0,0,0,0,0,0,0
6.155119,0,0,0,0,0,0,0,0
6.156667,0,0,0,0,0,0,0,0
6.158119,0,0,0,0,0,0,0,0
6.159589,0,0,0,0,0,0,0,0
6.161102,0,0,0,0,0,0,0,0
6.162841,0,0,0,0,0,0,0,0
6.164386,0,0,0,0,0,0,0,0
6.165871,0,0,0,0,0,0,0,0
6.167327,0,0,0,0,0,0,0,0
6.170786,0,0,0,0,0,0,0,0
6.172572,0,0,0,0,0,0,0,0
6.174046,0,0,0,0,0,0,0,0
6.175490,0,0,0,0,0,0,0,0
6.178608,0,0,0,0,0,0,0,0
6.180130,0,0,0,0,0,0,0,0
6.181781,0,0,0,0,0,0,0,0
6.183530,0,0,0,0,0,0,0,0
6.185117,0,0,0,0,0,0,0,0
6.186612,0,0,0,0,0,0,0,0
6.188247,0,0,0,0,0,0,0,0
6.189780,0,0,0,0,0,0,0,0
6.191315,0,0,0,0,0,0,0,0
6.192794,0,0,0,0,0,0,0,0
6.195791,0,0,0,0,0,0,0,0
6.197298,0,0,0,0,0,0,0,0
6.200351,0,0,0,0,0,0,0,0
6.202068,0,0,0,0,0,0,0,0
6.203638,0,0,0,0,0,0,0,0
6.206410,0,0,0,0,0,0,0,0
6.208211,0,0,0,0,0,0,0,0
6.209816,0,0,0,0,0,0,0,0
6.211595,0,0,0,0,0,0,0,0
6.213331,0,0,0,0,0,0,0,0
6.214938,0,0,0,0,0,0,0,0
6.216770,0,0,0,0,0,0,0,0
6.218249,0,0,0,0,0,0,0,0
6.219929,0,0,0,0,0,0,0,0
6.221687,0,0,0,0,0,0,0,0
6.224170,0,0,0,0,0,0,0,0
6.225984,0,0,0,0,0,0,0,0
6.229098,0,0,0,0,0,0,0,0
6.231698,0,0,0,0,0,0,0,0
6.233430,0,0,0,0,0,0,0,0
6.235283,0,0,0,0,0,0,0,0
6.236979,0,0,0,0,0,0,0,0
6.238720,0,0,0,0,0,0,0,0
6.240390,0,0,0,0,0,0,0,0
6.242349,0,0,0,0,0,0,0,0
6.244128,0,0,0,0,0,0,0,0
6.245674,0,0,0,0,0,0,0,0
6.247173,0,0,0,0,0,0,0,0
6.248674,0,0,0,0,0,0,0,0
6.250115,0,0,0,0,0,0,0,0
6.252234,0,0,0,0,0,0,0,0
6.253753,0,0,0,0,0,0,0,0
6.255300,0,0,0,0,0,0,0,0
6.256837,0,0,0,0,0,0,0,0
6.259435,0,0,0,0,0,0,0,0
6.260962,0,0,0,0,0,0,0,0
6.262694,0,0,0,0,0,0,0,0
6.264227,0,0,0,0,0,0,0,0
6.265752,0,0,0,0,0,0,0,0
6.267221,0,0,0,0,0,0,0,0
6.268725,0,0,0,0,0,0,0,0
6.270159,0,0,0,0,0,0,0,0
6.271582,0,0,0,0,0,0,0,0
6.273445,0,0,0,0,0,0,0,0
6.276671,0,0,0,0,0,0,0,0
6.278162,0,0,0,0,0,0,0,0
6.281301,0,0,0,0,0,0,0,0
6.282960,0,0,0,0,0,0,0,0
6.285387,0,0,0,0,0,0,0,0
6.286865,0,0,0,0,0,0,0,0
6.288933,0,0,0,0,0,0,0,0
6.290441,0,0,0,0,0,0,0,0
6.291973,0,0,0,0,0,0,0,0
6.293527,0,0,0,0,0,0,0,0
6.295039,0,0,0,0,0,0,0,0
6.296643,0,0,0,0,0,0,0,0
6.298164,0,0,0,0,0,0,0,0
6.299679,0,0,0,0,0,0,0,0
6.301244,0,0,0,0,0,0,0,0
6.302767,0,0,0,0,0,0,0,0
6.304274,0,0,0,0,0,0,0,0
6.306607,0,0,0,0,0,0,0,0
6.309354,0,0,0,0,0,0,0,0
6.311017,0,0,0,0,0,0,0,0
6.312548,0,0,0,0,0,0,0,0
6.314010,0,0,0,0,0,0,0,0
6.315536,0,0,0,0,0,0,0,0
6.316984,0,0,0,0,0,0,0,0
6.318570,0,0,0,0,0,0,0,0
6.320032,0,0,0,0,0,0,0,0
6.321541,0,0,0,0,0,0,0,0
6.323048,0,0,0,0,0,0,0,0
6.324704,0,0,0,0,0,0,0,0
6.326285,0,0,0,0,0,0,0,0
6.327904,0,0,0,0,0,0,0,0
6.333218,0,0,0,0,0,0,0,0
6.334710,0,0,0,0,0,0,0,0
6.338264,0,0,0,0,0,0,0,0
6.339703,0,0,0,0,0,0,0,0
6.341235,0,0,0,0,0,0,0,0
6.342737,0,0,0,0,0,0,0,0
6.344227,0,0,0,0,0,0,0,0
6.345712,0,0,0,0,0,0,0,0
6.347263,0,0,0,0,0,0,0,0
6.348783,0,0,0,0,0,0,0,0
6.350368,0,0,0,0,0,0,0,0
6.351870,0,0,0,0,0,0,0,0
6.354617,0,0,0,0,0,0,0,0
6.357433,0,0,0,0,0,0,0,0
6.358913,0,0,0,0,0,0,0,0
6.361774,0,0,0,0,0,0,0,0
6.363253,0,0,0,0,0,0,0,0
6.364785,0,0,0,0,0,0,0,0
6.366611,0,0,0,0,0,0,0,0
6.368130,0,0,0,0,0,0,0,0
6.369727,0,0,0,0,0,0,0,0
6.371275,0,0,0,0,0,0,0,0
6.372825,0,0,0,0,0,0,0,0
6.374343,0,0,0,0,0,0,0,0
6.375902,0,0,0,0,0,0,0,0
6.377402,0,0,0,0,0,0,0,0
6.378995,0,0,0,0,0,0,0,0
6.381900,0,0,0,0,0,0,0,0
6.385149,0,0,0,0,0,0,0,0
6.386668,0,0,0,0,0,0,0,0
6.389043,0,0,0,0,0,0,0,0
6.390635,0,0,0,0,0,0,0,0
6.392304,0,0,0,0,0,0,0,0
6.393839,0,0,0,0,0,0,0,0
6.395382,0,0,0,0,0,0,0,0
6.396874,0,0,0,0,0,0,0,0
6.398462,0,0,0,0,0,0,0,0
6.399975,0,0,0,0,0,0,0,0
6.401491,0,0,0,0,0,0,0,0
6.403036,0,0,0,0,0,0,0,0
6.404548,0,0,0,0,0,0,0,0
6.406001,0,0,0,0,0,0,0,0
6.408584,0,0,0,0,0,0,0,0
6.410055,0,0,0,0,0,0,0,0
6.411496,0,0,0,0,0,0,0,0
6.414760,0,0,0,0,0,0,0,0
6.416223,0,0,0,0,0,0,0,0
6.417649,0,0,0,0,0,0,0,0
6.419461,0,0,0,0,0,0,0,0
6.420942,0,0,0,0,0,0,0,0
6.422448,0,0,0,0,0,0,0,0
6.423944,0,0,0,0,0,0,0,0
6.425554,0,0,0,0,0,0,0,0
6.426955,0,0,0,0,0,0,0,0
6.428427,0,0,0,0,0,0,0,0
6.430098,0,0,0,0,0,0,0,0
6.431698,0,0,0,0,0,0,0,0
6.433157,0,0,0,0,0,0,0,0
6.437151,0,0,0,0,0,0,0,0
6.438655,0,0,0,0,0,0,0,0
6.442466,0,0,0,0,0,0,0,0
6.444094,0,0,0,0,0,0,0,0
6.445912,0,0,0,0,0,0,0,0
6.447507,0,0,0,0,0,0,0,0
6.449001,0,0,0,0,0,0,0,0
6.450512,0,0,0,0,0,0,0,0
6.451961,0,0,0,0,0,0,0,0
6.453445,0,0,0,0,0,0,0,0
6.454882,0,0,0,0,0,0,0,0
6.456323,0,0,0,0,0,0,0,0
6.457815,0,0,0,0,0,0,0,0
6.459325,0,0,0,0,0,0,0,0
6.461856,0,0,0,0,0,0,0,0
6.463840,0,0,0,0,0,0,0,0
6.465333,0,0,0,0,0,0,0,0
6.466841,0,0,0,0,0,0,0,0
6.469431,0,0,0,0,0,0,0,0
6.471097,0,0,0,0,0,0,0,0
6.472680,0,0,0,0,0,0,0,0
6.474235,0,0,0,0,0,0,0,0
6.475927,0,0,0,0,0,0,0,0
6.477431,0,0,0,0,0,0,0,0
6.478909,0,0,0,0,0,0,0,0
6.480346,0,0,0,0,0,0,0,0
6.481840,0,0,0,0,0,0,0,0
6.483343,0,0,0,0,0,0,0,0
6.485000,0,0,0,0,0,0,0,0
6.486470,0,0,0,0,0,0,0,0
6.488624,0,0,0,0,0,0,0,0
6.490113,0,0,0,0,0,0,0,0
6.493097,0,0,0,0,0,0,0,0
6.494663,0,0,0,0,0,0,0,0
6.497516,0,0,0,0,0,0,0,0
6.499069,0,0,0,0,0,0,0,0
6.501263,0,0,0,0,0,0,0,0
6.502758,0,0,0,0,0,0,0,0
6.504365,0,0,0,0,0,0,0,0
6.505861,0,0,0,0,0,0,0,0
6.507343,0,0,0,0,0,0,0,0
6.508827,0,0,0,0,0,0,0,0
6.510369,0,0,0,0,0,0,0,0
6.511860,0,0,0,0,0,0,0,0
6.513615,0,0,0,0,0,0,0,0
6.515098,0,0,0,0,0,0,0,0
6.516801,0,0,0,0,0,0,0,0
6.519228,0,0,0,0,0,0,0,0
6.522629,0,0,0,0,0,0,0,0
6.524147,0,0,0,0,0,0,0,0
6.527976,0,0,0,0,0,0,0,0
6.529458,0,0,0,0,0,0,0,0
6.531143,0,0,0,0,0,0,0,0
6.532702,0,0,0,0,0,0,0,0
6.534238,0,0,0,0,0,0,0,0
6.535813,0,0,0,0,0,0,0,0
6.537298,0,0,0,0,0,0,0,0
6.538792,0,0,0,0,0,0,0,0
6.540205,0,0,0,0,0,0,0,0
6.541694,0,0,0,0,0,0,0,0
6.543252,0,0,0,0,0,0,0,0
6.546103,0,0,0,0,0,0,0,0
6.547704,0,0,0,0,0,0,0,0
6.550948,0,0,0,0,0,0,0,0
6.554037,0,0,0,0,0,0,0,0
6.555557,0,0,0,0,0,0,0,0
6.563486,0,0,0,0,0,0,0,0
6.565025,0,0,0,0,0,0,0,0
6.566515,0,0,0,0,0,0,0,0
6.568005,0,0,0,0,0,0,0,0
6.569547,0,0,0,0,0,0,0,0
6.571083,0,0,0,0,0,0,0,0
6.572640,0,0,0,0,0,0,0,0
6.574131,0,0,0,0,0,0,0,0
6.575640,0,0,0,0,0,0,0,0
6.577123,0,0,0,0,0,0,0,0
6.578507,0,0,0,0,0,0,0,0
6.579977,0,0,0,0,0,0,0,0
6.581473,0,0,0,0,0,0,0,0
6.582896,0,0,0,0,0,0,0,0
6.584316,0,0,0,0,0,0,0,0
6.585735,0,0,0,0,0,0,0,0
6.587170,0,0,0,0,0,0,0,0
6.588651,0,0,0,0,0,0,0,0
6.590100,0,0,0,0,0,0,0,0
6.591547,0,0,0,0,0,0,0,0
6.592971,0,0,0,0,0,0,0,0
6.594348,0,0,0,0,0,0,0,0
6.595772,0,0,0,0,0,0,0,0
6.597265,0,0,0,0,0,0,0,0
6.598702,0,0,0,0,0,0,0,0
6.600323,0,0,0,0,0,0,0,0
6.601740,0,0,0,0,0,0,0,0
6.603694,0,0,0,0,0,0,0,0
6.605134,0,0,0,0,0,0,0,0
6.606835,0,0,0,0,0,0,0,0
6.608248,0,0,0,0,0,0,0,0
6.609723,0,0,0,0,0,0,0,0
6.611198,0,0,0,0,0,0,0,0
6.612691,0,0,0,0,0,0,0,0
6.614186,0,0,0,0,0,0,0,0
6.615695,0,0,0,0,0,0,0,0
6.617149,0,0,0,0,0,0,0,0
6.618723,0,0,0,0,0,0,0,0
6.620162,0,0,0,0,0,0,0,0
6.621629,0,0,0,0,0,0,0,0
6.623292,0,0,0,0,0,0,0,0
6.624848,0,0,0,0,0,0,0,0
6.626300,0,0,0,0,0,0,0,0
6.628267,0,0,0,0,0,0,0,0
6.629766,0,0,0,0,0,0,0,0
6.631208,0,0,0,0,0,0,0,0
6.632714,0,0,0,0,0,0,0,0
6.634086,0,0,0,0,0,0,0,0
6.635503,0,0,0,0,0,0,0,0
6.637046,0,0,0,0,0,0,0,0
6.638473,0,0,0,0,0,0,0,0
6.639991,0,0,0,0,0,0,0,0
6.641420,0,0,0,0,0,0,0,0
6.642886,0,0,0,0,0,0,0,0
6.644433,0,0,0,0,0,0,0,0
6.645925,0,0,0,0,0,0,0,0
6.647487,0,0,0,0,0,0,0,0
6.648971,0,0,0,0,0,0,0,0
6.651401,0,0,0,0,0,0,0,0
6.652932,0,0,0,0,0,0,0,0
6.654412,0,0,0,0,0,0,0,0
6.655922,0,0,0,0,0,0,0,0
6.657422,0,0,0,0,0,0,0,0
6.658844,0,0,0,0,0,0,0,0
6.660276,0,0,0,0,0,0,0,0
6.661803,0,0,0,0,0,0,0,0
6.663339,0,0,0,0,0,0,0,0
6.664885,0,0,0,0,0,0,0,0
6.666475,0,0,0,0,0,0,0,0
6.668142,0,0,0,0,0,0,0,0
6.669625,0,0,0,0,0,0,0,0
6.671309,0,0,0,0,0,0,0,0
6.673109,0,0,0,0,0,0,0,0
6.674564,0,0,0,0,0,0,0,0
6.676150,0,0,0,0,0,0,0,0
6.677665,0,0,0,0,0,0,0,0
6.679260,0,0,0,0,0,0,0,0
6.680715,0,0,0,0,0,0,0,0
6.682275,0,0,0,0,0,0,0,0
6.683881,0,0,0,0,0,0,0,0
6.685347,0,0,0,0,0,0,0,0
6.686850,0,0,0,0,0,0,0,0
6.688295,0,0,0,0,0,0,0,0
6.689744,0,0,0,0,0,0,0,0
6.691349,0,0,0,0,0,0,0,0
6.692894,0,0,0,0,0,0,0,0
6.694551,0,0,0,0,0,0,0,0
6.698324,0,0,0,0,0,0,0,0
6.699893,0,0,0,0,0,0,0,0
6.702053,0,0,0,0,0,0,0,0
6.703621,0,0,0,0,0,0,0,0
6.705221,0,0,0,0,0,0,0,0
6.706731,0,0,0,0,0,0,0,0
6.708202,0,0,0,0,0,0,0,0
6.709622,0,0,0,0,0,0,0,0
6.711153,0,0,0,0,0,0,0,0
6.712793,0,0,0,0,0,0,0,0
6.714309,0,0,0,0,0,0,0,0
6.715809,0,0,0,0,0,0,0,0
6.717764,0,0,0,0,0,0,0,0
6.721160,0,0,0,0,0,0,0,0
6.723130,0,0,0,0,0,0,0,0
6.726083,0,0,0,0,0,0,0,0
6.728666,0,0,0,0,0,0,0,0
6.730408,0,0,0,0,0,0,0,0
6.732261,0,0,0,0,0,0,0,0
6.734193,0,0,0,0,0,0,0,0
6.735976,0,0,0,0,0,0,0,0
6.737749,0,0,0,0,0,0,0,0
6.739467,0,0,0,0,0,0,0,0
6.741081,0,0,0,0,0,0,0,0
6.742696,0,0,0,0,0,0,0,0
6.744336,0,0,0,0,0,0,0,0
6.746026,0,0,0,0,0,0,0,0
6.747902,0,0,0,0,0,0,0,0
6.750815,0,0,0,0,0,0,0,0
6.753565,0,0,0,0,0,0,0,0
6.755307,0,0,0,0,0,0,0,0
6.757856,0,0,0,0,0,0,0,0
6.759891,0,0,0,0,0,0,0,0
6.761489,0,0,0,0,0,0,0,0
6.762945,0,0,0,0,0,0,0,0
6.764457,0,0,0,0,0,0,0,0
6.766043,0,0,0,0,0,0,0,0
6.767624,0,0,0,0,0,0,0,0
6.769062,0,0,0,0,0,0,0,0
6.770644,0,0,0,0,0,0,0,0
6.772169,0,0,0,0,0,0,0,0
6.773819,0,0,0,0,0,0,0,0
6.775352,0,0,0,0,0,0,0,0
6.778484,0,0,0,0,0,0,0,0
6.780856,0,0,0,0,0,0,0,0
6.782350,0,0,0,0,0,0,0,0
6.784709,0,0,0,0,0,0,0,0
6.786219,0,0,0,0,0,0,0,0
6.788240,0,0,0,0,0,0,0,0
6.789789,0,0,0,0,0,0,0,0
6.791293,0,0,0,0,0,0,0,0
6.792795,0,0,0,0,0,0,0,0
6.794355,0,0,0,0,0,0,0,0
6.795875,0,0,0,0,0,0,0,0
6.797374,0,0,0,0,0,0,0,0
6.798983,0,0,0,0,0,0,0,0
6.801034,0,0,0,0,0,0,0,0
6.802520,0,0,0,0,0,0,0,0
6.804030,0,0,0,0,0,0,0,0
6.806861,0,0,0,0,0,0,0,0
6.810276,0,0,0,0,0,0,0,0
6.812700,0,0,0,0,0,0,0,0
6.814208,0,0,0,0,0,0,0,0
6.816497,0,0,0,0,0,0,0,0
6.818104,0,0,0,0,0,0,0,0
6.819705,0,0,0,0,0,0,0,0
6.821275,0,0,0,0,0,0,0,0
6.822730,0,0,0,0,0,0,0,0
6.824184,0,0,0,0,0,0,0,0
6.825721,0,0,0,0,0,0,0,0
6.827259,0,0,0,0,0,0,0,0
6.828848,0,0,0,0,0,0,0,0
6.830331,0,0,0,0,0,0,0,0
6.833129,0,0,0,0,0,0,0,0
6.836666,0,0,0,0,0,0,0,0
6.838299,0,0,0,0,0,0,0,0
6.841113,0,0,0,0,0,0,0,0
6.842817,0,0,0,0,0,0,0,0
6.844418,0,0,0,0,0,0,0,0
6.845906,0,0,0,0,0,0,0,0
6.847371,0,0,0,0,0,0,0,0
6.848846,0,0,0,0,0,0,0,0
6.850312,0,0,0,0,0,0,0,0
6.851770,0,0,0,0,0,0,0,0
6.853294,0,0,0,0,0,0,0,0
6.854914,0,0,0,0,0,0,0,0
6.856419,0,0,0,0,0,0,0,0
6.857967,0,0,0,0,0,0,0,0
6.861468,0,0,0,0,0,0,0,0
6.863374,0,0,0,0,0,0,0,0
6.864863,0,0,0,0,0,0,0,0
6.866475,0,0,0,0,0,0,0,0
6.868266,0,0,0,0,0,0,0,0
6.869798,0,0,0,0,0,0,0,0
6.871219,0,0,0,0,0,0,0,0
6.872718,0,0,0,0,0,0,0,0
6.874141,0,0,0,0,0,0,0,0
6.875639,0,0,0,0,0,0,0,0
6.877026,0,0,0,0,0,0,0,0
6.878497,0,0,0,0,0,0,0,0
6.879920,0,0,0,0,0,0,0,0
6.881416,0,0,0,0,0,0,0,0
6.882900,0,0,0,0,0,0,0,0
6.884920,0,0,0,0,0,0,0,0
6.886441,0,0,0,0,0,0,0,0
6.888427,0,0,0,0,0,0,0,0
6.889967,0,0,0,0,0,0,0,0
6.891914,0,0,0,0,0,0,0,0
6.893472,0,0,0,0,0,0,0,0
6.895030,0,0,0,0,0,0,0,0
6.896585,0,0,0,0,0,0,0,0
6.898069,0,0,0,0,0,0,0,0
6.899677,0,0,0,0,0,0,0,0
6.901148,0,0,0,0,0,0,0,0
6.902802,0,0,0,0,0,0,0,0
6.904301,0,0,0,0,0,0,0,0
6.907080,0,0,0,0,0,0,0,0
6.908579,0,0,0,0,0,0,0,0
6.911514,0,0,0,0,0,0,0,0
6.914016,0,0,0,0,0,0,0,0
6.915509,0,0,0,0,0,0,0,0
6.917015,0,0,0,0,0,0,0,0
6.918613,0,0,0,0,0,0,0,0
6.920143,0,0,0,0,0,0,0,0
6.921755,0,0,0,0,0,0,0,0
6.923227,0,0,0,0,0,0,0,0
6.924737,0,0,0,0,0,0,0,0
6.926429,0,0,0,0,0,0,0,0
6.928329,0,0,0,0,0,0,0,0
6.929812,0,0,0,0,0,0,0,0
6.931284,0,0,0,0,0,0,0,0
6.934376,0,0,0,0,0,0,0,0
6.937808,0,0,0,0,0,0,0,0
6.939987,0,0,0,0,0,0,0,0
6.941522,0,0,0,0,0,0,0,0
6.943133,0,0,0,0,0,0,0,0
6.944678,0,0,0,0,0,0,0,0
6.946189,0,0,0,0,0,0,0,0
6.947839,0,0,0,0,0,0,0,0
6.949301,0,0,0,0,0,0,0,0
6.950881,0,0,0,0,0,0,0,0
6.952411,0,0,0,0,0,0,0,0
6.953848,0,0,0,0,0,0,0,0
6.955317,0,0,0,0,0,0,0,0
6.957136,0,0,0,0,0,0,0,0
6.958653,0,0,0,0,0,0,0,0
6.963318,0,0,0,0,0,0,0,0
6.965007,0,0,0,0,0,0,0,0
6.967032,0,0,0,0,0,0,0,0
6.969038,0,0,0,0,0,0,0,0
6.970612,0,0,0,0,0,0,0,0
6.972485,0,0,0,0,0,0,0,0
6.974032,0,0,0,0,0,0,0,0
6.975658,0,0,0,0,0,0,0,0
6.977402,0,0,0,0,0,0,0,0
6.979024,0,0,0,0,0,0,0,0
6.980651,0,0,0,0,0,0,0,0
6.982434,0,0,0,0,0,0,0,0
6.984073,0,0,0,0,0,0,0,0
6.985840,0,0,0,0,0,0,0,0
6.990309,0,0,0,0,0,0,0,0
6.992120,0,0,0,0,0,0,0,0
6.995972,0,0,0,0,0,0,0,0
6.997639,0,0,0,0,0,0,0,0
6.999763,0,0,0,0,0,0,0,0
7.001324,0,0,0,0,0,0,0,0
7.002764,0,0,0,0,0,0,0,0
7.004247,0,0,0,0,0,0,0,0
7.005714,0,0,0,0,0,0,0,0
7.007195,0,0,0,0,0,0,0,0
7.008756,0,0,0,0,0,0,0,0
7.010432,0,0,0,0,0,0,0,0
7.012074,0,0,0,0,0,0,0,0
7.013664,0,0,0,0,0,0,0,0
7.016747,0,0,0,0,0,0,0,0
7.019633,0,0,0,0,0,0,0,0
7.021166,0,0,0,0,0,0,0,0
7.023342,0,0,0,0,0,0,0,0
7.024915,0,0,0,0,0,0,0,0
7.026373,0,0,0,0,0,0,0,0
7.027787,0,0,0,0,0,0,0,0
7.029244,0,0,0,0,0,0,0,0
7.030820,0,0,0,0,0,0,0,0
7.032340,0,0,0,0,0,0,0,0
7.033838,0,0,0,0,0,0,0,0
7.035476,0,0,0,0,0,0,0,0
7.037026,0,0,0,0,0,0,0,0
7.038510,0,0,0,0,0,0,0,0
7.040312,0,0,0,0,0,0,0,0
7.042492,0,0,0,0,0,0,0,0
7.044009,0,0,0,0,0,0,0,0
7.046582,0,0,0,0,0,0,0,0
7.048049,0,0,0,0,0,0,0,0
7.050535,0,0,0,0,0,0,0,0
7.052043,0,0,0,0,0,0,0,0
7.053644,0,0,0,0,0,0,0,0
7.055337,0,0,0,0,0,0,0,0
7.056832,0,0,0,0,0,0,0,0
7.058404,0,0,0,0,0,0,0,0
7.059882,0,0,0,0,0,0,0,0
7.061567,0,0,0,0,0,0,0,0
7.063133,0,0,0,0,0,0,0,0
7.064780,0,0,0,0,0,0,0,0
7.066434,0,0,0,0,0,0,0,0
7.067963,0,0,0,0,0,0,0,0
7.070624,0,0,0,0,0,0,0,0
7.073375,0,0,0,0,0,0,0,0
7.074879,0,0,0,0,0,0,0,0
7.078419,0,0,0,0,0,0,0,0
7.079937,0,0,0,0,0,0,0,0
7.081550,0,0,0,0,0,0,0,0
7.083098,0,0,0,0,0,0,0,0
7.084646,0,0,0,0,0,0,0,0
7.086096,0,0,0,0,0,0,0,0
7.087609,0,0,0,0,0,0,0,0
7.089087,0,0,0,0,0,0,0,0
7.090514,0,0,0,0,0,0,0,0
7.091928,0,0,0,0,0,0,0,0
7.093497,0,0,0,0,0,0,0,0
7.096792,0,0,0,0,0,0,0,0
7.098561,0,0,0,0,0,0,0,0
7.100035,0,0,0,0,0,0,0,0
7.103030,0,0,0,0,0,0,0,0
7.104722,0,0,0,0,0,0,0,0
7.106330,0,0,0,0,0,0,0,0
7.107904,0,0,0,0,0,0,0,0
7.109519,0,0,0,0,0,0,0,0
7.111061,0,0,0,0,0,0,0,0
7.112692,0,0,0,0,0,0,0,0
7.114227,0,0,0,0,0,0,0,0
7.115688,0,0,0,0,0,0,0,0
7.117652,0,0,0,0,0,0,0,0
7.119127,0,0,0,0,0,0,0,0
7.120694,0,0,0,0,0,0,0,0
7.124879,0,0,0,0,0,0,0,0
7.126467,0,0,0,0,0,0,0,0
7.128423,0,0,0,0,0,0,0,0
7.130602,0,0,0,0,0,0,0,0
7.132274,0,0,0,0,0,0,0,0
7.134687,0,0,0,0,0,0,0,0
7.136423,0,0,0,0,0,0,0,0
7.138125,0,0,0,0,0,0,0,0
7.139757,0,0,0,0,0,0,0,0
7.141364,0,0,0,0,0,0,0,0
7.143035,0,0,0,0,0,0,0,0
7.144793,0,0,0,0,0,0,0,0
7.146468,0,0,0,0,0,0,0,0
7.148196,0,0,0,0,0,0,0,0
7.151525,0,0,0,0,0,0,0,0
7.154710,0,0,0,0,0,0,0,0
7.156439,0,0,0,0,0,0,0,0
7.160132,0,0,0,0,0,0,0,0
7.161568,0,0,0,0,0,0,0,0
7.163046,0,0,0,0,0,0,0,0
7.164631,0,0,0,0,0,0,0,0
7.166130,0,0,0,0,0,0,0,0
7.167632,0,0,0,0,0,0,0,0
7.169129,0,0,0,0,0,0,0,0
7.170648,0,0,0,0,0,0,0,0
7.172166,0,0,0,0,0,0,0,0
7.173674,0,0,0,0,0,0,0,0
7.175526,0,0,0,0,0,0,0,0
7.177050,0,0,0,0,0,0,0,0
7.179195,0,0,0,0,0,0,0,0
7.181816,0,0,0,0,0,0,0,0
7.183252,0,0,0,0,0,0,0,0
7.184764,0,0,0,0,0,0,0,0
7.186178,0,0,0,0,0,0,0,0
7.187817,0,0,0,0,0,0,0,0
7.189317,0,0,0,0,0,0,0,0
7.190768,0,0,0,0,0,0,0,0
7.192143,0,0,0,0,0,0,0,0
7.193619,0,0,0,0,0,0,0,0
7.195211,0,0,0,0,0,0,0,0
7.196784,0,0,0,0,0,0,0,0
7.198213,0,0,0,0,0,0,0,0
7.199804,0,0,0,0,0,0,0,0
7.204616,0,0,0,0,0,0,0,0
7.206141,0,0,0,0,0,0,0,0
7.207909,0,0,0,0,0,0,0,0
7.209385,0,0,0,0,0,0,0,0
7.210877,0,0,0,0,0,0,0,0
7.212409,0,0,0,0,0,0,0,0
7.213962,0,0,0,0,0,0,0,0
7.215466,0,0,0,0,0,0,0,0
7.216951,0,0,0,0,0,0,0,0
7.218416,0,0,0,0,0,0,0,0
7.219859,0,0,0,0,0,0,0,0
7.221311,0,0,0,0,0,0,0,0
7.222775,0,0,0,0,0,0,0,0
7.224424,0,0,0,0,0,0,0,0
7.226527,0,0,0,0,0,0,0,0
7.229178,0,0,0,0,0,0,0,0
7.230749,0,0,0,0,0,0,0,0
7.233849,0,0,0,0,0,0,0,0
7.236663,0,0,0,0,0,0,0,0
7.238169,0,0,0,0,0,0,0,0
7.239677,0,0,0,0,0,0,0,0
7.241188,0,0,0,0,0,0,0,0
7.242682,0,0,0,0,0,0,0,0
7.244121,0,0,0,0,0,0,0,0
7.245695,0,0,0,0,0,0,0,0
7.247325,0,0,0,0,0,0,0,0
7.248842,0,0,0,0,0,0,0,0
7.250367,0,0,0,0,0,0,0,0
7.251896,0,0,0,0,0,0,0,0
7.253349,0,0,0,0,0,0,0,0
7.254997,0,0,0,0,0,0,0,0
7.257837,0,0,0,0,0,0,0,0
7.261071,0,0,0,0,0,0,0,0
7.262688,0,0,0,0,0,0,0,0
7.265964,0,0,0,0,0,0,0,0
7.268123,0,0,0,0,0,0,0,0
7.269640,0,0,0,0,0,0,0,0
7.271148,0,0,0,0,0,0,0,0
7.272840,0,0,0,0,0,0,0,0
7.274338,0,0,0,0,0,0,0,0
7.275854,0,0,0,0,0,0,0,0
7.277310,0,0,0,0,0,0,0,0
7.278812,0,0,0,0,0,0,0,0
7.280294,0,0,0,0,0,0,0,0
7.281907,0,0,0,0,0,0,0,0
7.283488,0,0,0,0,0,0,0,0
7.286645,0,0,0,0,0,0,0,0
7.289779,0,0,0,0,0,0,0,0
7.291305,0,0,0,0,0,0,0,0
7.293057,0,0,0,0,0,0,0,0
7.295089,0,0,0,0,0,0,0,0
7.296565,0,0,0,0,0,0,0,0
7.298009,0,0,0,0,0,0,0,0
7.299433,0,0,0,0,0,0,0,0
7.300940,0,0,0,0,0,0,0,0
7.302387,0,0,0,0,0,0,0,0
7.303825,0,0,0,0,0,0,0,0
7.305313,0,0,0,0,0,0,0,0
7.306868,0,0,0,0,0,0,0,0
7.309557,0,0,0,0,0,0,0,0
7.312346,0,0,0,0,0,0,0,0
7.313837,0,0,0,0,0,0,0,0
7.317213,0,0,0,0,0,0,0,0
7.318811,0,0,0,0,0,0,0,0
7.320310,0,0,0,0,0,0,0,0
7.321980,0,0,0,0,0,0,0,0
7.323588,0,0,0,0,0,0,0,0
7.325145,0,0,0,0,0,0,0,0
7.326667,0,0,0,0,0,0,0,0
7.328139,0,0,0,0,0,0,0,0
7.329626,0,0,0,0,0,0,0,0
7.331147,0,0,0,0,0,0,0,0
7.332900,0,0,0,0,0,0,0,0
7.334578,0,0,0,0,0,0,0,0
7.337244,0,0,0,0,0,0,0,0
7.338758,0,0,0,0,0,0,0,0
7.342030,0,0,0,0,0,0,0,0
7.343725,0,0,0,0,0,0,0,0
7.345200,0,0,0,0,0,0,0,0
7.346679,0,0,0,0,0,0,0,0
7.348611,0,0,0,0,0,0,0,0
7.350108,0,0,0,0,0,0,0,0
7.351607,0,0,0,0,0,0,0,0
7.353154,0,0,0,0,0,0,0,0
7.354733,0,0,0,0,0,0,0,0
7.356378,0,0,0,0,0,0,0,0
7.357833,0,0,0,0,0,0,0,0
7.359443,0,0,0,0,0,0,0,0
7.362811,0,0,0,0,0,0,0,0
7.366018,0,0,0,0,0,0,0,0
7.367533,0,0,0,0,0,0,0,0
7.369832,0,0,0,0,0,0,0,0
7.371381,0,0,0,0,0,0,0,0
7.373513,0,0,0,0,0,0,0,0
7.374983,0,0,0,0,0,0,0,0
7.376487,0,0,0,0,0,0,0,0
7.378026,0,0,0,0,0,0,0,0
7.379464,0,0,0,0,0,0,0,0
7.380983,0,0,0,0,0,0,0,0
7.382489,0,0,0,0,0,0,0,0
7.384079,0,0,0,0,0,0,0,0
7.385993,0,0,0,0,0,0,0,0
7.387604,0,0,0,0,0,0,0,0
7.392030,0,0,0,0,0,0,0,0
7.393531,0,0,0,0,0,0,0,0
7.395190,0,0,0,0,0,0,0,0
7.396701,0,0,0,0,0,0,0,0
7.398214,0,0,0,0,0,0,0,0
7.399734,0,0,0,0,0,0,0,0
7.401270,0,0,0,0,0,0,0,0
7.402846,0,0,0,0,0,0,0,0
7.404335,0,0,0,0,0,0,0,0
7.405938,0,0,0,0,0,0,0,0
7.407540,0,0,0,0,0,0,0,0
7.409006,0,0,0,0,0,0,0,0
7.410458,0,0,0,0,0,0,0,0
7.411959,0,0,0,0,0,0,0,0
7.413402,0,0,0,0,0,0,0,0
7.415960,0,0,0,0,0,0,0,0
7.418709,0,0,0,0,0,0,0,0
7.420220,0,0,0,0,0,0,0,0
7.423882,0,0,0,0,0,0,0,0
7.425340,0,0,0,0,0,0,0,0
7.426958,0,0,0,0,0,0,0,0
7.428584,0,0,0,0,0,0,0,0
7.430029,0,0,0,0,0,0,0,0
7.431555,0,0,0,0,0,0,0,0
7.433102,0,0,0,0,0,0,0,0
7.434568,0,0,0,0,0,0,0,0
7.436053,0,0,0,0,0,0,0,0
7.437574,0,0,0,0,0,0,0,0
7.439141,0,0,0,0,0,0,0,0
7.440676,0,0,0,0,0,0,0,0
7.443061,0,0,0,0,0,0,0,0
7.446511,0,0,0,0,0,0,0,0
7.448007,0,0,0,0,0,0,0,0
7.450103,0,0,0,0,0,0,0,0
7.451698,0,0,0,0,0,0,0,0
7.453155,0,0,0,0,0,0,0,0
7.454623,0,0,0,0,0,0,0,0
7.456157,0,0,0,0,0,0,0,0
7.457677,0,0,0,0,0,0,0,0
7.459138,0,0,0,0,0,0,0,0
7.460669,0,0,0,0,0,0,0,0
7.462164,0,0,0,0,0,0,0,0
7.463661,0,0,0,0,0,0,0,0
7.465115,0,0,0,0,0,0,0,0
7.466872,0,0,0,0,0,0,0,0
7.468530,0,0,0,0,0,0,0,0
7.474264,0,0,0,0,0,0,0,0
7.475816,0,0,0,0,0,0,0,0
7.478551,0,0,0,0,0,0,0,0
7.480185,0,0,0,0,0,0,0,0
7.481813,0,0,0,0,0,0,0,0
7.483441,0,0,0,0,0,0,0,0
7.484971,0,0,0,0,0,0,0,0
7.486449,0,0,0,0,0,0,0,0
7.487986,0,0,0,0,0,0,0,0
7.489540,0,0,0,0,0,0,0,0
7.490980,0,0,0,0,0,0,0,0
7.492504,0,0,0,0,0,0,0,0
7.494238,0,0,0,0,0,0,0,0
7.496593,0,0,0,0,0,0,0,0
7.498306,0,0,0,0,0,0,0,0
7.501480,0,0,0,0,0,0,0,0
7.504296,0,0,0,0,0,0,0,0
7.506099,0,0,0,0,0,0,0,0
7.508247,0,0,0,0,0,0,0,0
7.509962,0,0,0,0,0,0,0,0
7.511669,0,0,0,0,0,0,0,0
7.513424,0,0,0,0,0,0,0,0
7.515155,0,0,0,0,0,0,0,0
7.516995,0,0,0,0,0,0,0,0
7.518743,0,0,0,0,0,0,0,0
7.520265,0,0,0,0,0,0,0,0
7.521735,0,0,0,0,0,0,0,0
7.523140,0,0,0,0,0,0,0,0
7.524623,0,0,0,0,0,0,0,0
7.526087,0,0,0,0,0,0,0,0
7.528191,0,0,0,0,0,0,0,0
7.530640,0,0,0,0,0,0,0,0
7.532159,0,0,0,0,0,0,0,0
7.533737,0,0,0,0,0,0,0,0
7.535263,0,0,0,0,0,0,0,0
7.536752,0,0,0,0,0,0,0,0
7.541106,0,0,0,0,0,0,0,0
7.542734,0,0,0,0,0,0,0,0
7.544204,0,0,0,0,0,0,0,0
7.545684,0,0,0,0,0,0,0,0
7.547364,0,0,0,0,0,0,0,0
7.548782,0,0,0,0,0,0,0,0
7.550651,0,0,0,0,0,0,0,0
7.552119,0,0,0,0,0,0,0,0
7.555442,0,0,0,0,0,0,0,0
7.559536,0,0,0,0,0,0,0,0
7.561011,0,0,0,0,0,0,0,0
7.562507,0,0,0,0,0,0,0,0
7.563922,0,0,0,0,0,0,0,0
7.565414,0,0,0,0,0,0,0,0
7.566836,0,0,0,0,0,0,0,0
7.568267,0,0,0,0,0,0,0,0
7.569764,0,0,0,0,0,0,0,0
7.571258,0,0,0,0,0,0,0,0
7.572656,0,0,0,0,0,0,0,0
7.574201,0,0,0,0,0,0,0,0
7.575703,0,0,0,0,0,0,0,0
7.577782,0,0,0,0,0,0,0,0
7.579220,0,0,0,0,0,0,0,0
7.580625,0,0,0,0,0,0,0,0
7.582080,0,0,0,0,0,0,0,0
7.583616,0,0,0,0,0,0,0,0
7.585139,0,0,0,0,0,0,0,0
7.586614,0,0,0,0,0,0,0,0
7.588020,0,0,0,0,0,0,0,0
7.589413,0,0,0,0,0,0,0,0
7.590820,0,0,0,0,0,0,0,0
7.592682,0,0,0,0,0,0,0,0
7.594212,0,0,0,0,0,0,0,0
7.596345,0,0,0,0,0,0,0,0
7.597834,0,0,0,0,0,0,0,0
7.599321,0,0,0,0,0,0,0,0
7.600937,0,0,0,0,0,0,0,0
7.602541,0,0,0,0,0,0,0,0
7.604039,0,0,0,0,0,0,0,0
7.605539,0,0,0,0,0,0,0,0
7.607104,0,0,0,0,0,0,0,0
7.608660,0,0,0,0,0,0,0,0
7.610170,0,0,0,0,0,0,0,0
7.611613,0,0,0,0,0,0,0,0
7.613287,0,0,0,0,0,0,0,0
7.614897,0,0,0,0,0,0,0,0
7.617143,0,0,0,0,0,0,0,0
7.618648,0,0,0,0,0,0,0,0
7.620689,0,0,0,0,0,0,0,0
7.622150,0,0,0,0,0,0,0,0
7.623778,0,0,0,0,0,0,0,0
7.625289,0,0,0,0,0,0,0,0
7.626783,0,0,0,0,0,0,0,0
7.628281,0,0,0,0,0,0,0,0
7.629853,0,0,0,0,0,0,0,0
7.631391,0,0,0,0,0,0,0,0
7.632826,0,0,0,0,0,0,0,0
7.634299,0,0,0,0,0,0,0,0
7.635881,0,0,0,0,0,0,0,0
7.637432,0,0,0,0,0,0,0,0
7.639269,0,0,0,0,0,0,0,0
7.641505,0,0,0,0,0,0,0,0
7.642956,0,0,0,0,0,0,0,0
7.644387,0,0,0,0,0,0,0,0
7.646962,0,0,0,0,0,0,0,0
7.648712,0,0,0,0,0,0,0,0
7.650231,0,0,0,0,0,0,0,0
7.651698,0,0,0,0,0,0,0,0
7.653177,0,0,0,0,0,0,0,0
7.654713,0,0,0,0,0,0,0,0
7.656208,0,0,0,0,0,0,0,0
7.657714,0,0,0,0,0,0,0,0
7.659187,0,0,0,0,0,0,0,0
7.660685,0,0,0,0,0,0,0,0
7.663352,0,0,0,0,0,0,0,0
7.666463,0,0,0,0,0,0,0,0
7.669797,0,0,0,0,0,0,0,0
7.672038,0,0,0,0,0,0,0,0
7.673655,0,0,0,0,0,0,0,0
7.675239,0,0,0,0,0,0,0,0
7.676762,0,0,0,0,0,0,0,0
7.678250,0,0,0,0,0,0,0,0
7.679727,0,0,0,0,0,0,0,0
7.681250,0,0,0,0,0,0,0,0
7.682746,0,0,0,0,0,0,0,0
7.684258,0,0,0,0,0,0,0,0
7.685829,0,0,0,0,0,0,0,0
7.687310,0,0,0,0,0,0,0,0
7.688784,0,0,0,0,0,0,0,0
7.691991,0,0,0,0,0,0,0,0
7.694956,0,0,0,0,0,0,0,0
7.697352,0,0,0,0,0,0,0,0
7.698918,0,0,0,0,0,0,0,0
7.700590,0,0,0,0,0,0,0,0
7.702210,0,0,0,0,0,0,0,0
7.703707,0,0,0,0,0,0,0,0
7.705314,0,0,0,0,0,0,0,0
7.706887,0,0,0,0,0,0,0,0
7.708318,0,0,0,0,0,0,0,0
7.709829,0,0,0,0,0,0,0,0
7.711475,0,0,0,0,0,0,0,0
7.713092,0,0,0,0,0,0,0,0
7.714586,0,0,0,0,0,0,0,0
7.719602,0,0,0,0,0,0,0,0
7.721090,0,0,0,0,0,0,0,0
7.724864,0,0,0,0,0,0,0,0
7.726331,0,0,0,0,0,0,0,0
7.727911,0,0,0,0,0,0,0,0
7.729393,0,0,0,0,0,0,0,0
7.731009,0,0,0,0,0,0,0,0
7.732675,0,0,0,0,0,0,0,0
7.734119,0,0,0,0,0,0,0,0
7.735609,0,0,0,0,0,0,0,0
7.737214,0,0,0,0,0,0,0,0
7.738787,0,0,0,0,0,0,0,0
7.740694,0,0,0,0,0,0,0,0
7.742178,0,0,0,0,0,0,0,0
7.746752,0,0,0,0,0,0,0,0
7.748325,0,0,0,0,0,0,0,0
7.749767,0,0,0,0,0,0,0,0
7.752288,0,0,0,0,0,0,0,0
7.753961,0,0,0,0,0,0,0,0
7.755526,0,0,0,0,0,0,0,0
7.756929,0,0,0,0,0,0,0,0
7.758413,0,0,0,0,0,0,0,0
7.759988,0,0,0,0,0,0,0,0
7.761542,0,0,0,0,0,0,0,0
7.763087,0,0,0,0,0,0,0,0
7.765501,0,0,0,0,0,0,0,0
7.766958,0,0,0,0,0,0,0,0
7.768426,0,0,0,0,0,0,0,0
7.771798,0,0,0,0,0,0,0,0
7.773285,0,0,0,0,0,0,0,0
7.775650,0,0,0,0,0,0,0,0
7.777587,0,0,0,0,0,0,0,0
7.779123,0,0,0,0,0,0,0,0
7.780652,0,0,0,0,0,0,0,0
7.782228,0,0,0,0,0,0,0,0
7.783693,0,0,0,0,0,0,0,0
7.785147,0,0,0,0,0,0,0,0
7.786617,0,0,0,0,0,0,0,0
7.788147,0,0,0,0,0,0,0,0
7.789670,0,0,0,0,0,0,0,0
7.791173,0,0,0,0,0,0,0,0
7.792840,0,0,0,0,0,0,0,0
7.796886,0,0,0,0,0,0,0,0
7.798393,0,0,0,0,0,0,0,0
7.801260,0,0,0,0,0,0,0,0
7.802800,0,0,0,0,0,0,0,0
7.804438,0,0,0,0,0,0,0,0
7.806065,0,0,0,0,0,0,0,0
7.807670,0,0,0,0,0,0,0,0
7.809163,0,0,0,0,0,0,0,0
7.810674,0,0,0,0,0,0,0,0
7.812171,0,0,0,0,0,0,0,0
7.813649,0,0,0,0,0,0,0,0
7.815271,0,0,0,0,0,0,0,0
7.816958,0,0,0,0,0,0,0,0
7.818466,0,0,0,0,0,0,0,0
7.821377,0,0,0,0,0,0,0,0
7.822930,0,0,0,0,0,0,0,0
7.826372,0,0,0,0,0,0,0,0
7.828797,0,0,0,0,0,0,0,0
7.830380,0,0,0,0,0,0,0,0
7.832368,0,0,0,0,0,0,0,0
7.834039,0,0,0,0,0,0,0,0
7.835610,0,0,0,0,0,0,0,0
7.837060,0,0,0,0,0,0,0,0
7.838563,0,0,0,0,0,0,0,0
7.840118,0,0,0,0,0,0,0,0
7.841564,0,0,0,0,0,0,0,0
7.843008,0,0,0,0,0,0,0,0
7.844887,0,0,0,0,0,0,0,0
7.846445,0,0,0,0,0,0,0,0
7.848025,0,0,0,0,0,0,0,0
7.852475,0,0,0,0,0,0,0,0
7.853990,0,0,0,0,0,0,0,0
7.857159,0,0,0,0,0,0,0,0
7.858632,0,0,0,0,0,0,0,0
7.860180,0,0,0,0,0,0,0,0
7.861771,0,0,0,0,0,0,0,0
7.863294,0,0,0,0,0,0,0,0
7.864830,0,0,0,0,0,0,0,0
7.866386,0,0,0,0,0,0,0,0
7.867974,0,0,0,0,0,0,0,0
7.869508,0,0,0,0,0,0,0,0
7.871127,0,0,0,0,0,0,0,0
7.872698,0,0,0,0,0,0,0,0
7.874742,0,0,0,0,0,0,0,0
7.878468,0,0,0,0,0,0,0,0
7.882305,0,0,0,0,0,0,0,0
7.885442,0,0,0,0,0,0,0,0
7.887163,0,0,0,0,0,0,0,0
7.888905,0,0,0,0,0,0,0,0
7.890626,0,0,0,0,0,0,0,0
7.892240,0,0,0,0,0,0,0,0
7.893854,0,0,0,0,0,0,0,0
7.895702,0,0,0,0,0,0,0,0
7.897679,0,0,0,0,0,0,0,0
7.899493,0,0,0,0,0,0,0,0
7.901240,0,0,0,0,0,0,0,0
7.902834,0,0,0,0,0,0,0,0
7.904841,0,0,0,0,0,0,0,0
7.906474,0,0,0,0,0,0,0,0
7.909314,0,0,0,0,0,0,0,0
7.912430,0,0,0,0,0,0,0,0
7.913984,0,0,0,0,0,0,0,0
7.916347,0,0,0,0,0,0,0,0
7.917985,0,0,0,0,0,0,0,0
7.919556,0,0,0,0,0,0,0,0
7.921097,0,0,0,0,0,0,0,0
7.922640,0,0,0,0,0,0,0,0
7.924083,0,0,0,0,0,0,0,0
7.925552,0,0,0,0,0,0,0,0
7.927062,0,0,0,0,0,0,0,0
7.928689,0,0,0,0,0,0,0,0
7.930767,0,0,0,0,0,0,0,0
7.932317,0,0,0,0,0,0,0,0
7.937345,0,0,0,0,0,0,0,0
7.938837,0,0,0,0,0,0,0,0
7.942070,0,0,0,0,0,0,0,0
7.943737,0,0,0,0,0,0,0,0
7.945197,0,0,0,0,0,0,0,0
7.946673,0,0,0,0,0,0,0,0
7.948104,0,0,0,0,0,0,0,0
7.949602,0,0,0,0,0,0,0,0
7.951132,0,0,0,0,0,0,0,0
7.952664,0,0,0,0,0,0,0,0
7.954136,0,0,0,0,0,0,0,0
7.955657,0,0,0,0,0,0,0,0
7.957350,0,0,0,0,0,0,0,0
7.958850,0,0,0,0,0,0,0,0
7.960309,0,0,0,0,0,0,0,0
7.963547,0,0,0,0,0,0,0,0
7.967028,0,0,0,0,0,0,0,0
7.969982,0,0,0,0,0,0,0,0
7.971777,0,0,0,0,0,0,0,0
7.973472,0,0,0,0,0,0,0,0
7.975255,0,0,0,0,0,0,0,0
7.976854,0,0,0,0,0,0,0,0
7.978469,0,0,0,0,0,0,0,0
7.980124,0,0,0,0,0,0,0,0
7.981702,0,0,0,0,0,0,0,0
7.983342,0,0,0,0,0,0,0,0
7.985118,0,0,0,0,0,0,0,0
7.986717,0,0,0,0,0,0,0,0
7.988417,0,0,0,0,0,0,0,0
7.991882,0,0,0,0,0,0,0,0
7.994050,0,0,0,0,0,0,0,0
7.995698,0,0,0,0,0,0,0,0
7.997970,0,0,0,0,0,0,0,0
7.999454,0,0,0,0,0,0,0,0
8.001320,0,0,0,0,0,0,0,0
8.002951,0,0,0,0,0,0,0,0
8.004491,0,0,0,0,0,0,0,0
8.006024,0,0,0,0,0,0,0,0
8.007606,0,0,0,0,0,0,0,0
8.009231,0,0,0,0,0,0,0,0
8.010720,0,0,0,0,0,0,0,0
8.012299,0,0,0,0,0,0,0,0
8.013849,0,0,0,0,0,0,0,0
8.016807,0,0,0,0,0,0,0,0
8.018347,0,0,0,0,0,0,0,0
8.021240,0,0,0,0,0,0,0,0
8.023991,0,0,0,0,0,0,0,0
8.025502,0,0,0,0,0,0,0,0
8.027016,0,0,0,0,0,0,0,0
8.029072,0,0,0,0,0,0,0,0
8.030682,0,0,0,0,0,0,0,0
8.032147,0,0,0,0,0,0,0,0
8.033761,0,0,0,0,0,0,0,0
8.035245,0,0,0,0,0,0,0,0
8.037279,0,0,0,0,0,0,0,0
8.038767,0,0,0,0,0,0,0,0
8.042014,0,0,0,0,0,0,0,0
8.044392,0,0,0,0,0,0,0,0
8.046048,0,0,0,0,0,0,0,0
8.050347,0,0,0,0,0,0,0,0
8.052005,0,0,0,0,0,0,0,0
8.053920,0,0,0,0,0,0,0,0
8.055697,0,0,0,0,0,0,0,0
8.057415,0,0,0,0,0,0,0,0
8.059153,0,0,0,0,0,0,0,0
8.061038,0,0,0,0,0,0,0,0
8.062767,0,0,0,0,0,0,0,0
8.064499,0,0,0,0,0,0,0,0
8.066552,0,0,0,0,0,0,0,0
8.068251,0,0,0,0,0,0,0,0
8.070807,0,0,0,0,0,0,0,0
8.073221,0,0,0,0,0,0,0,0
8.074941,0,0,0,0,0,0,0,0
8.077669,0,0,0,0,0,0,0,0
8.079439,0,0,0,0,0,0,0,0
8.081032,0,0,0,0,0,0,0,0
8.082499,0,0,0,0,0,0,0,0
8.084102,0,0,0,0,0,0,0,0
8.085635,0,0,0,0,0,0,0,0
8.087265,0,0,0,0,0,0,0,0
8.088747,0,0,0,0,0,0,0,0
8.090200,0,0,0,0,0,0,0,0
8.091768,0,0,0,0,0,0,0,0
8.093246,0,0,0,0,0,0,0,0
8.096262,0,0,0,0,0,0,0,0
8.099291,0,0,0,0,0,0,0,0
8.103068,0,0,0,0,0,0,0,0
8.104586,0,0,0,0,0,0,0,0
8.106131,0,0,0,0,0,0,0,0
8.107571,0,0,0,0,0,0,0,0
8.109008,0,0,0,0,0,0,0,0
8.110538,0,0,0,0,0,0,0,0
8.112155,0,0,0,0,0,0,0,0
8.113763,0,0,0,0,0,0,0,0
8.115309,0,0,0,0,0,0,0,0
8.116897,0,0,0,0,0,0,0,0
8.118513,0,0,0,0,0,0,0,0
8.119990,0,0,0,0,0,0,0,0
8.121489,0,0,0,0,0,0,0,0
8.124608,0,0,0,0,0,0,0,0
8.126055,0,0,0,0,0,0,0,0
8.128186,0,0,0,0,0,0,0,0
8.129574,0,0,0,0,0,0,0,0
8.131902,0,0,0,0,0,0,0,0
8.133345,0,0,0,0,0,0,0,0
8.135000,0,0,0,0,0,0,0,0
8.136726,0,0,0,0,0,0,0,0
8.138203,0,0,0,0,0,0,0,0
8.139787,0,0,0,0,0,0,0,0
8.141255,0,0,0,0,0,0,0,0
8.142742,0,0,0,0,0,0,0,0
8.144244,0,0,0,0,0,0,0,0
8.145806,0,0,0,0,0,0,0,0
8.147393,0,0,0,0,0,0,0,0
8.149051,0,0,0,0,0,0,0,0
8.151664,0,0,0,0,0,0,0,0
8.153652,0,0,0,0,0,0,0,0
8.155140,0,0,0,0,0,0,0,0
8.157537,0,0,0,0,0,0,0,0
8.159029,0,0,0,0,0,0,0,0
8.160523,0,0,0,0,0,0,0,0
8.162661,0,0,0,0,0,0,0,0
8.164231,0,0,0,0,0,0,0,0
8.165854,0,0,0,0,0,0,0,0
8.167291,0,0,0,0,0,0,0,0
8.168819,0,0,0,0,0,0,0,0
8.170264,0,0,0,0,0,0,0,0
8.171793,0,0,0,0,0,0,0,0
8.173280,0,0,0,0,0,0,0,0
8.174765,0,0,0,0,0,0,0,0
8.176438,0,0,0,0,0,0,0,0
8.180440,0,0,0,0,0,0,0,0
8.181993,0,0,0,0,0,0,0,0
8.183996,0,0,0,0,0,0,0,0
8.185495,0,0,0,0,0,0,0,0
8.186997,0,0,0,0,0,0,0,0
8.188445,0,0,0,0,0,0,0,0
8.189906,0,0,0,0,0,0,0,0
8.191554,0,0,0,0,0,0,0,0
8.193119,0,0,0,0,0,0,0,0
8.194729,0,0,0,0,0,0,0,0
8.196190,0,0,0,0,0,0,0,0
8.197715,0,0,0,0,0,0,0,0
8.199348,0,0,0,0,0,0,0,0
8.202397,0,0,0,0,0,0,0,0
8.205612,0,0,0,0,0,0,0,0
8.207175,0,0,0,0,0,0,0,0
8.210192,0,0,0,0,0,0,0,0
8.211733,0,0,0,0,0,0,0,0
8.213745,0,0,0,0,0,0,0,0
8.215288,0,0,0,0,0,0,0,0
8.216821,0,0,0,0,0,0,0,0
8.218333,0,0,0,0,0,0,0,0
8.219859,0,0,0,0,0,0,0,0
8.221353,0,0,0,0,0,0,0,0
8.222827,0,0,0,0,0,0,0,0
8.224274,0,0,0,0,0,0,0,0
8.225801,0,0,0,0,0,0,0,0
8.227267,0,0,0,0,0,0,0,0
8.229656,0,0,0,0,0,0,0,0
8.233080,0,0,0,0,0,0,0,0
8.234660,0,0,0,0,0,0,0,0
8.236168,0,0,0,0,0,0,0,0
8.238090,0,0,0,0,0,0,0,0
8.239572,0,0,0,0,0,0,0,0
8.241832,0,0,0,0,0,0,0,0
8.243346,0,0,0,0,0,0,0,0
8.245056,0,0,0,0,0,0,0,0
8.246681,0,0,0,0,0,0,0,0
8.248106,0,0,0,0,0,0,0,0
8.249601,0,0,0,0,0,0,0,0
8.251090,0,0,0,0,0,0,0,0
8.252694,0,0,0,0,0,0,0,0
8.254277,0,0,0,0,0,0,0,0
8.255855,0,0,0,0,0,0,0,0
8.257997,0,0,0,0,0,0,0,0
8.259512,0,0,0,0,0,0,0,0
8.263012,0,0,0,0,0,0,0,0
8.264670,0,0,0,0,0,0,0,0
8.266190,0,0,0,0,0,0,0,0
8.268114,0,0,0,0,0,0,0,0
8.269649,0,0,0,0,0,0,0,0
8.271198,0,0,0,0,0,0,0,0
8.272692,0,0,0,0,0,0,0,0
8.274147,0,0,0,0,0,0,0,0
8.275622,0,0,0,0,0,0,0,0
8.277215,0,0,0,0,0,0,0,0
8.279148,0,0,0,0,0,0,0,0
8.280799,0,0,0,0,0,0,0,0
8.284340,0,0,0,0,0,0,0,0
8.285900,0,0,0,0,0,0,0,0
8.289053,0,0,0,0,0,0,0,0
8.291585,0,0,0,0,0,0,0,0
8.294106,0,0,0,0,0,0,0,0
8.295598,0,0,0,0,0,0,0,0
8.297072,0,0,0,0,0,0,0,0
8.298544,0,0,0,0,0,0,0,0
8.300001,0,0,0,0,0,0,0,0
8.301692,0,0,0,0,0,0,0,0
8.303216,0,0,0,0,0,0,0,0
8.304715,0,0,0,0,0,0,0,0
8.306262,0,0,0,0,0,0,0,0
8.307695,0,0,0,0,0,0,0,0
8.309187,0,0,0,0,0,0,0,0
8.310654,0,0,0,0,0,0,0,0
8.313585,0,0,0,0,0,0,0,0
8.315060,0,0,0,0,0,0,0,0
8.316920,0,0,0,0,0,0,0,0
8.318405,0,0,0,0,0,0,0,0
8.321304,0,0,0,0,0,0,0,0
8.322879,0,0,0,0,0,0,0,0
8.324830,0,0,0,0,0,0,0,0
8.326418,0,0,0,0,0,0,0,0
8.328091,0,0,0,0,0,0,0,0
8.329573,0,0,0,0,0,0,0,0
8.331039,0,0,0,0,0,0,0,0
8.332632,0,0,0,0,0,0,0,0
8.334071,0,0,0,0,0,0,0,0
8.335585,0,0,0,0,0,0,0,0
8.337613,0,0,0,0,0,0,0,0
8.340723,0,0,0,0,0,0,0,0
8.342281,0,0,0,0,0,0,0,0
8.345483,0,0,0,0,0,0,0,0
8.348211,0,0,0,0,0,0,0,0
8.349777,0,0,0,0,0,0,0,0
8.351991,0,0,0,0,0,0,0,0
8.353476,0,0,0,0,0,0,0,0
8.354928,0,0,0,0,0,0,0,0
8.356409,0,0,0,0,0,0,0,0
8.357894,0,0,0,0,0,0,0,0
8.359391,0,0,0,0,0,0,0,0
8.360855,0,0,0,0,0,0,0,0
8.362428,0,0,0,0,0,0,0,0
8.364040,0,0,0,0,0,0,0,0
8.367000,0,0,0,0,0,0,0,0
8.368516,0,0,0,0,0,0,0,0
8.371900,0,0,0,0,0,0,0,0
8.373536,0,0,0,0,0,0,0,0
8.376783,0,0,0,0,0,0,0,0
8.378520,0,0,0,0,0,0,0,0
8.380062,0,0,0,0,0,0,0,0
8.381666,0,0,0,0,0,0,0,0
8.383152,0,0,0,0,0,0,0,0
8.384671,0,0,0,0,0,0,0,0
8.386159,0,0,0,0,0,0,0,0
8.387696,0,0,0,0,0,0,0,0
8.389495,0,0,0,0,0,0,0,0
8.391003,0,0,0,0,0,0,0,0
8.392567,0,0,0,0,0,0,0,0
8.394477,0,0,0,0,0,0,0,0
8.397355,0,0,0,0,0,0,0,0
8.398846,0,0,0,0,0,0,0,0
8.401758,0,0,0,0,0,0,0,0
8.403277,0,0,0,0,0,0,0,0
8.404774,0,0,0,0,0,0,0,0
8.406296,0,0,0,0,0,0,0,0
8.407926,0,0,0,0,0,0,0,0
8.409532,0,0,0,0,0,0,0,0
8.411106,0,0,0,0,0,0,0,0
8.412754,0,0,0,0,0,0,0,0
8.414274,0,0,0,0,0,0,0,0
8.415820,0,0,0,0,0,0,0,0
8.417376,0,0,0,0,0,0,0,0
8.418867,0,0,0,0,0,0,0,0
8.420397,0,0,0,0,0,0,0,0
8.421861,0,0,0,0,0,0,0,0
8.424474,0,0,0,0,0,0,0,0
8.427248,0,0,0,0,0,0,0,0
8.429058,0,0,0,0,0,0,0,0
8.430701,0,0,0,0,0,0,0,0
8.432147,0,0,0,0,0,0,0,0
8.433643,0,0,0,0,0,0,0,0
8.435168,0,0,0,0,0,0,0,0
8.436664,0,0,0,0,0,0,0,0
8.438161,0,0,0,0,0,0,0,0
8.439832,0,0,0,0,0,0,0,0
8.441301,0,0,0,0,0,0,0,0
8.442754,0,0,0,0,0,0,0,0
8.444870,0,0,0,0,0,0,0,0
8.448303,0,0,0,0,0,0,0,0
8.450401,0,0,0,0,0,0,0,0
8.451961,0,0,0,0,0,0,0,0
8.454718,0,0,0,0,0,0,0,0
8.456219,0,0,0,0,0,0,0,0
8.457661,0,0,0,0,0,0,0,0
8.459146,0,0,0,0,0,0,0,0
8.460759,0,0,0,0,0,0,0,0
8.462284,0,0,0,0,0,0,0,0
8.463847,0,0,0,0,0,0,0,0
8.465413,0,0,0,0,0,0,0,0
8.466927,0,0,0,0,0,0,0,0
8.468391,0,0,0,0,0,0,0,0
8.469901,0,0,0,0,0,0,0,0
8.471995,0,0,0,0,0,0,0,0
8.474872,0,0,0,0,0,0,0,0
8.478644,0,0,0,0,0,0,0,0
8.480142,0,0,0,0,0,0,0,0
8.482916,0,0,0,0,0,0,0,0
8.484429,0,0,0,0,0,0,0,0
8.485942,0,0,0,0,0,0,0,0
8.487532,0,0,0,0,0,0,0,0
8.489137,0,0,0,0,0,0,0,0
8.490574,0,0,0,0,0,0,0,0
8.492074,0,0,0,0,0,0,0,0
8.493506,0,0,0,0,0,0,0,0
8.495049,0,0,0,0,0,0,0,0
8.496593,0,0,0,0,0,0,0,0
8.498128,0,0,0,0,0,0,0,0
8.499660,0,0,0,0,0,0,0,0
8.502687,0,0,0,0,0,0,0,0
8.504205,0,0,0,0,0,0,0,0
8.505870,0,0,0,0,0,0,0,0
8.507468,0,0,0,0,0,0,0,0
8.510376,0,0,0,0,0,0,0,0
8.511915,0,0,0,0,0,0,0,0
8.513538,0,0,0,0,0,0,0,0
8.520733,0,0,0,0,0,0,0,0
8.522286,0,0,0,0,0,0,0,0
8.523825,0,0,0,0,0,0,0,0
8.525367,0,0,0,0,0,0,0,0
8.526950,0,0,0,0,0,0,0,0
8.528467,0,0,0,0,0,0,0,0
8.529934,0,0,0,0,0,0,0,0
8.531402,0,0,0,0,0,0,0,0
8.532876,0,0,0,0,0,0,0,0
8.534359,0,0,0,0,0,0,0,0
8.535747,0,0,0,0,0,0,0,0
8.537262,0,0,0,0,0,0,0,0
8.538706,0,0,0,0,0,0,0,0
8.540080,0,0,0,0,0,0,0,0
8.541532,0,0,0,0,0,0,0,0
8.543039,0,0,0,0,0,0,0,0
8.544643,0,0,0,0,0,0,0,0
8.545990,0,0,0,0,0,0,0,0
8.547454,0,0,0,0,0,0,0,0
8.548915,0,0,0,0,0,0,0,0
8.550406,0,0,0,0,0,0,0,0
8.551828,0,0,0,0,0,0,0,0
8.553364,0,0,0,0,0,0,0,0
8.555812,0,0,0,0,0,0,0,0
8.557263,0,0,0,0,0,0,0,0
8.558779,0,0,0,0,0,0,0,0
8.560236,0,0,0,0,0,0,0,0
8.561625,0,0,0,0,0,0,0,0
8.563028,0,0,0,0,0,0,0,0
8.564485,0,0,0,0,0,0,0,0
8.565918,0,0,0,0,0,0,0,0
8.567567,0,0,0,0,0,0,0,0
8.569065,0,0,0,0,0,0,0,0
8.570494,0,0,0,0,0,0,0,0
8.571924,0,0,0,0,0,0,0,0
8.573459,0,0,0,0,0,0,0,0
8.574888,0,0,0,0,0,0,0,0
8.576495,0,0,0,0,0,0,0,0
8.579872,0,0,0,0,0,0,0,0
8.581284,0,0,0,0,0,0,0,0
8.583158,0,0,0,0,0,0,0,0
8.584645,0,0,0,0,0,0,0,0
8.586171,0,0,0,0,0,0,0,0
8.587641,0,0,0,0,0,0,0,0
8.589142,0,0,0,0,0,0,0,0
8.590685,0,0,0,0,0,0,0,0
8.592259,0,0,0,0,0,0,0,0
8.593735,0,0,0,0,0,0,0,0
8.595134,0,0,0,0,0,0,0,0
8.596758,0,0,0,0,0,0,0,0
8.598251,0,0,0,0,0,0,0,0
8.600237,0,0,0,0,0,0,0,0
8.601874,0,0,0,0,0,0,0,0
8.603310,0,0,0,0,0,0,0,0
8.605428,0,0,0,0,0,0,0,0
8.606885,0,0,0,0,0,0,0,0
8.608413,0,0,0,0,0,0,0,0
8.609896,0,0,0,0,0,0,0,0
8.611319,0,0,0,0,0,0,0,0
8.612778,0,0,0,0,0,0,0,0
8.614276,0,0,0,0,0,0,0,0
8.615718,0,0,0,0,0,0,0,0
8.617175,0,0,0,0,0,0,0,0
8.618680,0,0,0,0,0,0,0,0
8.620186,0,0,0,0,0,0,0,0
8.621667,0,0,0,0,0,0,0,0
8.623168,0,0,0,0,0,0,0,0
8.625678,0,0,0,0,0,0,0,0
8.627149,0,0,0,0,0,0,0,0
8.630662,0,0,0,0,0,0,0,0
8.633379,0,0,0,0,0,0,0,0
8.634829,0,0,0,0,0,0,0,0
8.636360,0,0,0,0,0,0,0,0
8.638430,0,0,0,0,0,0,0,0
8.639998,0,0,0,0,0,0,0,0
8.641685,0,0,0,0,0,0,0,0
8.643272,0,0,0,0,0,0,0,0
8.644816,0,0,0,0,0,0,0,0
8.646329,0,0,0,0,0,0,0,0
8.647891,0,0,0,0,0,0,0,0
8.649347,0,0,0,0,0,0,0,0
8.651184,0,0,0,0,0,0,0,0
8.654044,0,0,0,0,0,0,0,0
8.657498,0,0,0,0,0,0,0,0
8.659012,0,0,0,0,0,0,0,0
8.661342,0,0,0,0,0,0,0,0
8.662841,0,0,0,0,0,0,0,0
8.664297,0,0,0,0,0,0,0,0
8.665765,0,0,0,0,0,0,0,0
8.667196,0,0,0,0,0,0,0,0
8.668654,0,0,0,0,0,0,0,0
8.670150,0,0,0,0,0,0,0,0
8.671631,0,0,0,0,0,0,0,0
8.673115,0,0,0,0,0,0,0,0
8.674558,0,0,0,0,0,0,0,0
8.675992,0,0,0,0,0,0,0,0
8.677429,0,0,0,0,0,0,0,0
8.678958,0,0,0,0,0,0,0,0
8.680480,0,0,0,0,0,0,0,0
8.682572,0,0,0,0,0,0,0,0
8.686029,0,0,0,0,0,0,0,0
8.687833,0,0,0,0,0,0,0,0
8.689712,0,0,0,0,0,0,0,0
8.691438,0,0,0,0,0,0,0,0
8.693095,0,0,0,0,0,0,0,0
8.694847,0,0,0,0,0,0,0,0
8.696504,0,0,0,0,0,0,0,0
8.698156,0,0,0,0,0,0,0,0
8.699836,0,0,0,0,0,0,0,0
8.701419,0,0,0,0,0,0,0,0
8.703030,0,0,0,0,0,0,0,0
8.704760,0,0,0,0,0,0,0,0
8.706380,0,0,0,0,0,0,0,0
8.708066,0,0,0,0,0,0,0,0
8.709690,0,0,0,0,0,0,0,0
8.711954,0,0,0,0,0,0,0,0
8.713860,0,0,0,0,0,0,0,0
8.716958,0,0,0,0,0,0,0,0
8.720858,0,0,0,0,0,0,0,0
8.722470,0,0,0,0,0,0,0,0
8.724055,0,0,0,0,0,0,0,0
8.725656,0,0,0,0,0,0,0,0
8.727174,0,0,0,0,0,0,0,0
8.728744,0,0,0,0,0,0,0,0
8.730321,0,0,0,0,0,0,0,0
8.731816,0,0,0,0,0,0,0,0
8.733344,0,0,0,0,0,0,0,0
8.734811,0,0,0,0,0,0,0,0
8.736359,0,0,0,0,0,0,0,0
8.738496,0,0,0,0,0,0,0,0
8.740048,0,0,0,0,0,0,0,0
8.741855,0,0,0,0,0,0,0,0
8.743630,0,0,0,0,0,0,0,0
8.745395,0,0,0,0,0,0,0,0
8.747111,0,0,0,0,0,0,0,0
8.748915,0,0,0,0,0,0,0,0
8.750449,0,0,0,0,0,0,0,0
8.752066,0,0,0,0,0,0,0,0
8.753741,0,0,0,0,0,0,0,0
8.755224,0,0,0,0,0,0,0,0
8.756862,0,0,0,0,0,0,0,0
8.758365,0,0,0,0,0,0,0,0
8.759849,0,0,0,0,0,0,0,0
8.761322,0,0,0,0,0,0,0,0
8.765593,0,0,0,0,0,0,0,0
8.767146,0,0,0,0,0,0,0,0
8.769401,0,0,0,0,0,0,0,0
8.771084,0,0,0,0,0,0,0,0
8.773183,0,0,0,0,0,0,0,0
8.774965,0,0,0,0,0,0,0,0
8.776712,0,0,0,0,0,0,0,0
8.778408,0,0,0,0,0,0,0,0
8.780079,0,0,0,0,0,0,0,0
8.781836,0,0,0,0,0,0,0,0
8.783743,0,0,0,0,0,0,0,0
8.785323,0,0,0,0,0,0,0,0
8.787051,0,0,0,0,0,0,0,0
8.789000,0,0,0,0,0,0,0,0
8.791757,0,0,0,0,0,0,0,0
8.794497,0,0,0,0,0,0,0,0
8.796218,0,0,0,0,0,0,0,0
8.800072,0,0,0,0,0,0,0,0
8.801724,0,0,0,0,0,0,0,0
8.803435,0,0,0,0,0,0,0,0
8.805190,0,0,0,0,0,0,0,0
8.806803,0,0,0,0,0,0,0,0
8.808678,0,0,0,0,0,0,0,0
8.810186,0,0,0,0,0,0,0,0
8.811709,0,0,0,0,0,0,0,0
8.813210,0,0,0,0,0,0,0,0
8.814896,0,0,0,0,0,0,0,0
8.816395,0,0,0,0,0,0,0,0
8.817835,0,0,0,0,0,0,0,0
8.821098,0,0,0,0,0,0,0,0
8.824482,0,0,0,0,0,0,0,0
8.825981,0,0,0,0,0,0,0,0
8.827924,0,0,0,0,0,0,0,0
8.829507,0,0,0,0,0,0,0,0
8.831348,0,0,0,0,0,0,0,0
8.832869,0,0,0,0,0,0,0,0
8.834453,0,0,0,0,0,0,0,0
8.835939,0,0,0,0,0,0,0,0
8.837483,0,0,0,0,0,0,0,0
8.838927,0,0,0,0,0,0,0,0
8.840560,0,0,0,0,0,0,0,0
8.842216,0,0,0,0,0,0,0,0
8.845575,0,0,0,0,0,0,0,0
8.848862,0,0,0,0,0,0,0,0
8.850427,0,0,0,0,0,0,0,0
8.852803,0,0,0,0,0,0,0,0
8.854271,0,0,0,0,0,0,0,0
8.855865,0,0,0,0,0,0,0,0
8.857504,0,0,0,0,0,0,0,0
8.858988,0,0,0,0,0,0,0,0
8.860660,0,0,0,0,0,0,0,0
8.862139,0,0,0,0,0,0,0,0
8.863631,0,0,0,0,0,0,0,0
8.865133,0,0,0,0,0,0,0,0
8.866651,0,0,0,0,0,0,0,0
8.868151,0,0,0,0,0,0,0,0
8.869797,0,0,0,0,0,0,0,0
8.873021,0,0,0,0,0,0,0,0
8.874973,0,0,0,0,0,0,0,0
8.876509,0,0,0,0,0,0,0,0
8.879602,0,0,0,0,0,0,0,0
8.881123,0,0,0,0,0,0,0,0
8.882623,0,0,0,0,0,0,0,0
8.884468,0,0,0,0,0,0,0,0
8.885967,0,0,0,0,0,0,0,0
8.887551,0,0,0,0,0,0,0,0
8.889011,0,0,0,0,0,0,0,0
8.890466,0,0,0,0,0,0,0,0
8.892056,0,0,0,0,0,0,0,0
8.893561,0,0,0,0,0,0,0,0
8.895598,0,0,0,0,0,0,0,0
8.897162,0,0,0,0,0,0,0,0
8.900221,0,0,0,0,0,0,0,0
8.901704,0,0,0,0,0,0,0,0
8.904762,0,0,0,0,0,0,0,0
8.906263,0,0,0,0,0,0,0,0
8.908475,0,0,0,0,0,0,0,0
8.910016,0,0,0,0,0,0,0,0
8.911677,0,0,0,0,0,0,0,0
8.913234,0,0,0,0,0,0,0,0
8.914761,0,0,0,0,0,0,0,0
8.916207,0,0,0,0,0,0,0,0
8.917746,0,0,0,0,0,0,0,0
8.919187,0,0,0,0,0,0,0,0
8.920664,0,0,0,0,0,0,0,0
8.922247,0,0,0,0,0,0,0,0
8.925734,0,0,0,0,0,0,0,0
8.929116,0,0,0,0,0,0,0,0
8.932423,0,0,0,0,0,0,0,0
8.933928,0,0,0,0,0,0,0,0
8.935384,0,0,0,0,0,0,0,0
8.936826,0,0,0,0,0,0,0,0
8.938310,0,0,0,0,0,0,0,0
8.939888,0,0,0,0,0,0,0,0
8.941348,0,0,0,0,0,0,0,0
8.942805,0,0,0,0,0,0,0,0
8.944280,0,0,0,0,0,0,0,0
8.945733,0,0,0,0,0,0,0,0
8.947497,0,0,0,0,0,0,0,0
8.948966,0,0,0,0,0,0,0,0
8.953859,0,0,0,0,0,0,0,0
8.955616,0,0,0,0,0,0,0,0
8.958468,0,0,0,0,0,0,0,0
8.959954,0,0,0,0,0,0,0,0
8.961865,0,0,0,0,0,0,0,0
8.963394,0,0,0,0,0,0,0,0
8.964838,0,0,0,0,0,0,0,0
8.966379,0,0,0,0,0,0,0,0
8.967886,0,0,0,0,0,0,0,0
8.969412,0,0,0,0,0,0,0,0
8.971595,0,0,0,0,0,0,0,0
8.973085,0,0,0,0,0,0,0,0
8.975845,0,0,0,0,0,0,0,0
8.977315,0,0,0,0,0,0,0,0
8.980733,0,0,0,0,0,0,0,0
8.983098,0,0,0,0,0,0,0,0
8.984732,0,0,0,0,0,0,0,0
8.986919,0,0,0,0,0,0,0,0
8.988489,0,0,0,0,0,0,0,0
8.990008,0,0,0,0,0,0,0,0
8.991534,0,0,0,0,0,0,0,0
8.993203,0,0,0,0,0,0,0,0
8.994752,0,0,0,0,0,0,0,0
8.996354,0,0,0,0,0,0,0,0
8.998643,0,0,0,0,0,0,0,0
9.000927,0,0,0,0,0,0,0,0
9.002483,0,0,0,0,0,0,0,0
9.005015,0,0,0,0,0,0,0,0
9.006670,0,0,0,0,0,0,0,0
9.008153,0,0,0,0,0,0,0,0
9.009751,0,0,0,0,0,0,0,0
9.011528,0,0,0,0,0,0,0,0
9.013183,0,0,0,0,0,0,0,0
9.014745,0,0,0,0,0,0,0,0
9.016199,0,0,0,0,0,0,0,0
9.017747,0,0,0,0,0,0,0,0
9.019177,0,0,0,0,0,0,0,0
9.020750,0,0,0,0,0,0,0,0
9.022639,0,0,0,0,0,0,0,0
9.024303,0,0,0,0,0,0,0,0
9.029150,0,0,0,0,0,0,0,0
9.030727,0,0,0,0,0,0,0,0
9.034583,0,0,0,0,0,0,0,0
9.036037,0,0,0,0,0,0,0,0
9.037521,0,0,0,0,0,0,0,0
9.039062,0,0,0,0,0,0,0,0
9.040785,0,0,0,0,0,0,0,0
9.042326,0,0,0,0,0,0,0,0
9.043875,0,0,0,0,0,0,0,0
9.045427,0,0,0,0,0,0,0,0
9.046931,0,0,0,0,0,0,0,0
9.048603,0,0,0,0,0,0,0,0
9.050045,0,0,0,0,0,0,0,0
9.051561,0,0,0,0,0,0,0,0
9.053067,0,0,0,0,0,0,0,0
9.057443,0,0,0,0,0,0,0,0
9.058923,0,0,0,0,0,0,0,0
9.060849,0,0,0,0,0,0,0,0
9.062434,0,0,0,0,0,0,0,0
9.063991,0,0,0,0,0,0,0,0
9.065915,0,0,0,0,0,0,0,0
9.067475,0,0,0,0,0,0,0,0
9.068905,0,0,0,0,0,0,0,0
9.070390,0,0,0,0,0,0,0,0
9.071884,0,0,0,0,0,0,0,0
9.073607,0,0,0,0,0,0,0,0
9.075127,0,0,0,0,0,0,0,0
9.076734,0,0,0,0,0,0,0,0
9.078254,0,0,0,0,0,0,0,0
9.081330,0,0,0,0,0,0,0,0
9.083296,0,0,0,0,0,0,0,0
9.084823,0,0,0,0,0,0,0,0
9.086301,0,0,0,0,0,0,0,0
9.088276,0,0,0,0,0,0,0,0
9.089900,0,0,0,0,0,0,0,0
9.091382,0,0,0,0,0,0,0,0
9.093546,0,0,0,0,0,0,0,0
9.095174,0,0,0,0,0,0,0,0
9.096629,0,0,0,0,0,0,0,0
9.098139,0,0,0,0,0,0,0,0
9.099639,0,0,0,0,0,0,0,0
9.101178,0,0,0,0,0,0,0,0
9.102741,0,0,0,0,0,0,0,0
9.104534,0,0,0,0,0,0,0,0
9.106046,0,0,0,0,0,0,0,0
9.107587,0,0,0,0,0,0,0,0
9.110296,0,0,0,0,0,0,0,0
9.111852,0,0,0,0,0,0,0,0
9.113391,0,0,0,0,0,0,0,0
9.116212,0,0,0,0,0,0,0,0
9.118145,0,0,0,0,0,0,0,0
9.119665,0,0,0,0,0,0,0,0
9.121213,0,0,0,0,0,0,0,0
9.122769,0,0,0,0,0,0,0,0
9.124376,0,0,0,0,0,0,0,0
9.125795,0,0,0,0,0,0,0,0
9.127330,0,0,0,0,0,0,0,0
9.128860,0,0,0,0,0,0,0,0
9.130386,0,0,0,0,0,0,0,0
9.131898,0,0,0,0,0,0,0,0
9.134273,0,0,0,0,0,0,0,0
9.135928,0,0,0,0,0,0,0,0
9.139061,0,0,0,0,0,0,0,0
9.141465,0,0,0,0,0,0,0,0
9.143041,0,0,0,0,0,0,0,0
9.144672,0,0,0,0,0,0,0,0
9.146310,0,0,0,0,0,0,0,0
9.147793,0,0,0,0,0,0,0,0
9.149392,0,0,0,0,0,0,0,0
9.150933,0,0,0,0,0,0,0,0
9.152455,0,0,0,0,0,0,0,0
9.154061,0,0,0,0,0,0,0,0
9.155549,0,0,0,0,0,0,0,0
9.157303,0,0,0,0,0,0,0,0
9.158795,0,0,0,0,0,0,0,0
9.160264,0,0,0,0,0,0,0,0
9.164641,0,0,0,0,0,0,0,0
9.166142,0,0,0,0,0,0,0,0
9.169130,0,0,0,0,0,0,0,0
9.170758,0,0,0,0,0,0,0,0
9.172232,0,0,0,0,0,0,0,0
9.173834,0,0,0,0,0,0,0,0
9.175339,0,0,0,0,0,0,0,0
9.176897,0,0,0,0,0,0,0,0
9.178419,0,0,0,0,0,0,0,0
9.179903,0,0,0,0,0,0,0,0
9.181419,0,0,0,0,0,0,0,0
9.183455,0,0,0,0,0,0,0,0
9.186817,0,0,0,0,0,0,0,0
9.189974,0,0,0,0,0,0,0,0
9.191481,0,0,0,0,0,0,0,0
9.194722,0,0,0,0,0,0,0,0
9.196531,0,0,0,0,0,0,0,0
9.198115,0,0,0,0,0,0,0,0
9.199529,0,0,0,0,0,0,0,0
9.201054,0,0,0,0,0,0,0,0
9.202513,0,0,0,0,0,0,0,0
9.204080,0,0,0,0,0,0,0,0
9.205563,0,0,0,0,0,0,0,0
9.206999,0,0,0,0,0,0,0,0
9.208642,0,0,0,0,0,0,0,0
9.210491,0,0,0,0,0,0,0,0
9.212014,0,0,0,0,0,0,0,0
9.214953,0,0,0,0,0,0,0,0
9.216978,0,0,0,0,0,0,0,0
9.218673,0,0,0,0,0,0,0,0
9.221337,0,0,0,0,0,0,0,0
9.222901,0,0,0,0,0,0,0,0
9.224722,0,0,0,0,0,0,0,0
9.226303,0,0,0,0,0,0,0,0
9.227872,0,0,0,0,0,0,0,0
9.229370,0,0,0,0,0,0,0,0
9.230909,0,0,0,0,0,0,0,0
9.232369,0,0,0,0,0,0,0,0
9.233868,0,0,0,0,0,0,0,0
9.235500,0,0,0,0,0,0,0,0
9.237044,0,0,0,0,0,0,0,0
9.238573,0,0,0,0,0,0,0,0
9.241336,0,0,0,0,0,0,0,0
9.244215,0,0,0,0,0,0,0,0
9.245693,0,0,0,0,0,0,0,0
9.247359,0,0,0,0,0,0,0,0
9.250038,0,0,0,0,0,0,0,0
9.251658,0,0,0,0,0,0,0,0
9.253804,0,0,0,0,0,0,0,0
9.255534,0,0,0,0,0,0,0,0
9.257045,0,0,0,0,0,0,0,0
9.258632,0,0,0,0,0,0,0,0
9.260120,0,0,0,0,0,0,0,0
9.261679,0,0,0,0,0,0,0,0
9.263196,0,0,0,0,0,0,0,0
9.264727,0,0,0,0,0,0,0,0
9.266278,0,0,0,0,0,0,0,0
9.269288,0,0,0,0,0,0,0,0
9.270872,0,0,0,0,0,0,0,0
9.273932,0,0,0,0,0,0,0,0
9.276768,0,0,0,0,0,0,0,0
9.278303,0,0,0,0,0,0,0,0
9.279866,0,0,0,0,0,0,0,0
9.281346,0,0,0,0,0,0,0,0
9.282806,0,0,0,0,0,0,0,0
9.284311,0,0,0,0,0,0,0,0
9.285925,0,0,0,0,0,0,0,0
9.287541,0,0,0,0,0,0,0,0
9.289147,0,0,0,0,0,0,0,0
9.290706,0,0,0,0,0,0,0,0
9.292696,0,0,0,0,0,0,0,0
9.296216,0,0,0,0,0,0,0,0
9.297768,0,0,0,0,0,0,0,0
9.300749,0,0,0,0,0,0,0,0
9.303538,0,0,0,0,0,0,0,0
9.305084,0,0,0,0,0,0,0,0
9.306582,0,0,0,0,0,0,0,0
9.308886,0,0,0,0,0,0,0,0
9.310470,0,0,0,0,0,0,0,0
9.311943,0,0,0,0,0,0,0,0
9.313560,0,0,0,0,0,0,0,0
9.315037,0,0,0,0,0,0,0,0
9.316612,0,0,0,0,0,0,0,0
9.318118,0,0,0,0,0,0,0,0
9.320088,0,0,0,0,0,0,0,0
9.321556,0,0,0,0,0,0,0,0
9.324000,0,0,0,0,0,0,0,0
9.326823,0,0,0,0,0,0,0,0
9.328364,0,0,0,0,0,0,0,0
9.329966,0,0,0,0,0,0,0,0
9.331535,0,0,0,0,0,0,0,0
9.333144,0,0,0,0,0,0,0,0
9.334681,0,0,0,0,0,0,0,0
9.336205,0,0,0,0,0,0,0,0
9.337786,0,0,0,0,0,0,0,0
9.339335,0,0,0,0,0,0,0,0
9.340789,0,0,0,0,0,0,0,0
9.342165,0,0,0,0,0,0,0,0
9.343674,0,0,0,0,0,0,0,0
9.345123,0,0,0,0,0,0,0,0
9.346664,0,0,0,0,0,0,0,0
9.348223,0,0,0,0,0,0,0,0
9.351982,0,0,0,0,0,0,0,0
9.353421,0,0,0,0,0,0,0,0
9.355308,0,0,0,0,0,0,0,0
9.356792,0,0,0,0,0,0,0,0
9.358814,0,0,0,0,0,0,0,0
9.360268,0,0,0,0,0,0,0,0
9.361763,0,0,0,0,0,0,0,0
9.363396,0,0,0,0,0,0,0,0
9.364921,0,0,0,0,0,0,0,0
9.366401,0,0,0,0,0,0,0,0
9.367995,0,0,0,0,0,0,0,0
9.369609,0,0,0,0,0,0,0,0
9.372561,0,0,0,0,0,0,0,0
9.374042,0,0,0,0,0,0,0,0
9.377072,0,0,0,0,0,0,0,0
9.379881,0,0,0,0,0,0,0,0
9.381492,0,0,0,0,0,0,0,0
9.382935,0,0,0,0,0,0,0,0
9.384803,0,0,0,0,0,0,0,0
9.386399,0,0,0,0,0,0,0,0
9.388032,0,0,0,0,0,0,0,0
9.389588,0,0,0,0,0,0,0,0
9.391066,0,0,0,0,0,0,0,0
9.392688,0,0,0,0,0,0,0,0
9.394152,0,0,0,0,0,0,0,0
9.395720,0,0,0,0,0,0,0,0
9.397300,0,0,0,0,0,0,0,0
9.399811,0,0,0,0,0,0,0,0
9.401644,0,0,0,0,0,0,0,0
9.403086,0,0,0,0,0,0,0,0
9.406111,0,0,0,0,0,0,0,0
9.408073,0,0,0,0,0,0,0,0
9.409648,0,0,0,0,0,0,0,0
9.411118,0,0,0,0,0,0,0,0
9.412524,0,0,0,0,0,0,0,0
9.413880,0,0,0,0,0,0,0,0
9.415229,0,0,0,0,0,0,0,0
9.416657,0,0,0,0,0,0,0,0
9.418030,0,0,0,0,0,0,0,0
9.420004,0,0,0,0,0,0,0,0
9.423154,0,0,0,0,0,0,0,0
9.424675,0,0,0,0,0,0,0,0
9.427070,0,0,0,0,0,0,0,0
9.428640,0,0,0,0,0,0,0,0
9.431740,0,0,0,0,0,0,0,0
9.433315,0,0,0,0,0,0,0,0
9.435161,0,0,0,0,0,0,0,0
9.436853,0,0,0,0,0,0,0,0
9.438514,0,0,0,0,0,0,0,0
9.440021,0,0,0,0,0,0,0,0
9.441469,0,0,0,0,0,0,0,0
9.442966,0,0,0,0,0,0,0,0
9.444418,0,0,0,0,0,0,0,0
9.445877,0,0,0,0,0,0,0,0
9.447306,0,0,0,0,0,0,0,0
9.450043,0,0,0,0,0,0,0,0
9.451639,0,0,0,0,0,0,0,0
9.454172,0,0,0,0,0,0,0,0
9.457402,0,0,0,0,0,0,0,0
9.459155,0,0,0,0,0,0,0,0
9.461183,0,0,0,0,0,0,0,0
9.462719,0,0,0,0,0,0,0,0
9.464185,0,0,0,0,0,0,0,0
9.465634,0,0,0,0,0,0,0,0
9.467215,0,0,0,0,0,0,0,0
9.468718,0,0,0,0,0,0,0,0
9.470201,0,0,0,0,0,0,0,0
9.471688,0,0,0,0,0,0,0,0
9.473202,0,0,0,0,0,0,0,0
9.474784,0,0,0,0,0,0,0,0
9.476323,0,0,0,0,0,0,0,0
9.477817,0,0,0,0,0,0,0,0
9.479311,0,0,0,0,0,0,0,0
9.481476,0,0,0,0,0,0,0,0
9.484852,0,0,0,0,0,0,0,0
9.486382,0,0,0,0,0,0,0,0
9.488452,0,0,0,0,0,0,0,0
9.489881,0,0,0,0,0,0,0,0
9.491317,0,0,0,0,0,0,0,0
9.496674,0,0,0,0,0,0,0,0
9.498202,0,0,0,0,0,0,0,0
9.499692,0,0,0,0,0,0,0,0
9.501182,0,0,0,0,0,0,0,0
9.502701,0,0,0,0,0,0,0,0
9.504170,0,0,0,0,0,0,0,0
9.505638,0,0,0,0,0,0,0,0
9.507116,0,0,0,0,0,0,0,0
9.508593,0,0,0,0,0,0,0,0
9.510065,0,0,0,0,0,0,0,0
9.511534,0,0,0,0,0,0,0,0
9.512988,0,0,0,0,0,0,0,0
9.514439,0,0,0,0,0,0,0,0
9.515849,0,0,0,0,0,0,0,0
9.517263,0,0,0,0,0,0,0,0
9.518744,0,0,0,0,0,0,0,0
9.520150,0,0,0,0,0,0,0,0
9.521549,0,0,0,0,0,0,0,0
9.522910,0,0,0,0,0,0,0,0
9.524461,0,0,0,0,0,0,0,0
9.525853,0,0,0,0,0,0,0,0
9.527289,0,0,0,0,0,0,0,0
9.529581,0,0,0,0,0,0,0,0
9.531927,0,0,0,0,0,0,0,0
9.533399,0,0,0,0,0,0,0,0
9.534838,0,0,0,0,0,0,0,0
9.536712,0,0,0,0,0,0,0,0
9.538331,0,0,0,0,0,0,0,0
9.539831,0,0,0,0,0,0,0,0
9.541315,0,0,0,0,0,0,0,0
9.542797,0,0,0,0,0,0,0,0
9.544290,0,0,0,0,0,0,0,0
9.545994,0,0,0,0,0,0,0,0
9.547723,0,0,0,0,0,0,0,0
9.549326,0,0,0,0,0,0,0,0
9.550998,0,0,0,0,0,0,0,0
9.553608,0,0,0,0,0,0,0,0
9.555295,0,0,0,0,0,0,0,0
9.558888,0,0,0,0,0,0,0,0
9.560701,0,0,0,0,0,0,0,0
9.562279,0,0,0,0,0,0,0,0
9.564461,0,0,0,0,0,0,0,0
9.566203,0,0,0,0,0,0,0,0
9.567860,0,0,0,0,0,0,0,0
9.569616,0,0,0,0,0,0,0,0
9.571627,0,0,0,0,0,0,0,0
9.573305,0,0,0,0,0,0,0,0
9.574988,0,0,0,0,0,0,0,0
9.576792,0,0,0,0,0,0,0,0
9.578354,0,0,0,0,0,0,0,0
9.580020,0,0,0,0,0,0,0,0
9.581744,0,0,0,0,0,0,0,0
9.584796,0,0,0,0,0,0,0,0
9.586650,0,0,0,0,0,0,0,0
9.589634,0,0,0,0,0,0,0,0
9.591349,0,0,0,0,0,0,0,0
9.593351,0,0,0,0,0,0,0,0
9.595006,0,0,0,0,0,0,0,0
9.596895,0,0,0,0,0,0,0,0
9.598659,0,0,0,0,0,0,0,0
9.600499,0,0,0,0,0,0,0,0
9.602086,0,0,0,0,0,0,0,0
9.603766,0,0,0,0,0,0,0,0
9.605297,0,0,0,0,0,0,0,0
9.606837,0,0,0,0,0,0,0,0
9.609497,0,0,0,0,0,0,0,0
9.612626,0,0,0,0,0,0,0,0
9.614233,0,0,0,0,0,0,0,0
9.618261,0,0,0,0,0,0,0,0
9.619842,0,0,0,0,0,0,0,0
9.621783,0,0,0,0,0,0,0,0
9.623399,0,0,0,0,0,0,0,0
9.624976,0,0,0,0,0,0,0,0
9.626592,0,0,0,0,0,0,0,0
9.628160,0,0,0,0,0,0,0,0
9.629647,0,0,0,0,0,0,0,0
9.631094,0,0,0,0,0,0,0,0
9.632582,0,0,0,0,0,0,0,0
9.634095,0,0,0,0,0,0,0,0
9.635582,0,0,0,0,0,0,0,0
9.638932,0,0,0,0,0,0,0,0
9.642063,0,0,0,0,0,0,0,0
9.644899,0,0,0,0,0,0,0,0
9.646426,0,0,0,0,0,0,0,0
9.648154,0,0,0,0,0,0,0,0
9.650094,0,0,0,0,0,0,0,0
9.651642,0,0,0,0,0,0,0,0
9.653264,0,0,0,0,0,0,0,0
9.654824,0,0,0,0,0,0,0,0
9.656387,0,0,0,0,0,0,0,0
9.658006,0,0,0,0,0,0,0,0
9.659501,0,0,0,0,0,0,0,0
9.661044,0,0,0,0,0,0,0,0
9.662876,0,0,0,0,0,0,0,0
9.664526,0,0,0,0,0,0,0,0
9.666052,0,0,0,0,0,0,0,0
9.668236,0,0,0,0,0,0,0,0
9.669776,0,0,0,0,0,0,0,0
9.673327,0,0,0,0,0,0,0,0
9.675276,0,0,0,0,0,0,0,0
9.676852,0,0,0,0,0,0,0,0
9.678277,0,0,0,0,0,0,0,0
9.679778,0,0,0,0,0,0,0,0
9.681238,0,0,0,0,0,0,0,0
9.682735,0,0,0,0,0,0,0,0
9.684188,0,0,0,0,0,0,0,0
9.685691,0,0,0,0,0,0,0,0
9.687661,0,0,0,0,0,0,0,0
9.689270,0,0,0,0,0,0,0,0
9.690860,0,0,0,0,0,0,0,0
9.693641,0,0,0,0,0,0,0,0
9.695782,0,0,0,0,0,0,0,0
9.697382,0,0,0,0,0,0,0,0
9.700211,0,0,0,0,0,0,0,0
9.701733,0,0,0,0,0,0,0,0
9.703214,0,0,0,0,0,0,0,0
9.705166,0,0,0,0,0,0,0,0
9.706744,0,0,0,0,0,0,0,0
9.708295,0,0,0,0,0,0,0,0
9.709795,0,0,0,0,0,0,0,0
9.711299,0,0,0,0,0,0,0,0
9.712897,0,0,0,0,0,0,0,0
9.714467,0,0,0,0,0,0,0,0
9.715911,0,0,0,0,0,0,0,0
9.717376,0,0,0,0,0,0,0,0
9.718943,0,0,0,0,0,0,0,0
9.720633,0,0,0,0,0,0,0,0
9.722305,0,0,0,0,0,0,0,0
9.725424,0,0,0,0,0,0,0,0
9.726901,0,0,0,0,0,0,0,0
9.728394,0,0,0,0,0,0,0,0
9.729854,0,0,0,0,0,0,0,0
9.731272,0,0,0,0,0,0,0,0
9.733044,0,0,0,0,0,0,0,0
9.734621,0,0,0,0,0,0,0,0
9.736098,0,0,0,0,0,0,0,0
9.737521,0,0,0,0,0,0,0,0
9.738998,0,0,0,0,0,0,0,0
9.740501,0,0,0,0,0,0,0,0
9.741967,0,0,0,0,0,0,0,0
9.743630,0,0,0,0,0,0,0,0
9.745556,0,0,0,0,0,0,0,0
9.748806,0,0,0,0,0,0,0,0
9.750410,0,0,0,0,0,0,0,0
9.752210,0,0,0,0,0,0,0,0
9.753766,0,0,0,0,0,0,0,0
9.755898,0,0,0,0,0,0,0,0
9.757416,0,0,0,0,0,0,0,0
9.758946,0,0,0,0,0,0,0,0
9.760846,0,0,0,0,0,0,0,0
9.762371,0,0,0,0,0,0,0,0
9.763956,0,0,0,0,0,0,0,0
9.765530,0,0,0,0,0,0,0,0
9.767182,0,0,0,0,0,0,0,0
9.768646,0,0,0,0,0,0,0,0
9.770169,0,0,0,0,0,0,0,0
9.771781,0,0,0,0,0,0,0,0
9.773284,0,0,0,0,0,0,0,0
9.776413,0,0,0,0,0,0,0,0
9.777922,0,0,0,0,0,0,0,0
9.780154,0,0,0,0,0,0,0,0
9.781591,0,0,0,0,0,0,0,0
9.783255,0,0,0,0,0,0,0,0
9.785369,0,0,0,0,0,0,0,0
9.786843,0,0,0,0,0,0,0,0
9.788401,0,0,0,0,0,0,0,0
9.789853,0,0,0,0,0,0,0,0
9.791333,0,0,0,0,0,0,0,0
9.792975,0,0,0,0,0,0,0,0
9.794539,0,0,0,0,0,0,0,0
9.796224,0,0,0,0,0,0,0,0
9.797735,0,0,0,0,0,0,0,0
9.799218,0,0,0,0,0,0,0,0
9.802055,0,0,0,0,0,0,0,0
9.805335,0,0,0,0,0,0,0,0
9.808571,0,0,0,0,0,0,0,0
9.810167,0,0,0,0,0,0,0,0
9.811825,0,0,0,0,0,0,0,0
9.813293,0,0,0,0,0,0,0,0
9.814893,0,0,0,0,0,0,0,0
9.816461,0,0,0,0,0,0,0,0
9.817994,0,0,0,0,0,0,0,0
9.819675,0,0,0,0,0,0,0,0
9.821252,0,0,0,0,0,0,0,0
9.822738,0,0,0,0,0,0,0,0
9.824433,0,0,0,0,0,0,0,0
9.825947,0,0,0,0,0,0,0,0
9.828653,0,0,0,0,0,0,0,0
9.830101,0,0,0,0,0,0,0,0
9.833697,0,0,0,0,0,0,0,0
9.836211,0,0,0,0,0,0,0,0
9.837819,0,0,0,0,0,0,0,0
9.840018,0,0,0,0,0,0,0,0
9.841500,0,0,0,0,0,0,0,0
9.843043,0,0,0,0,0,0,0,0
9.844871,0,0,0,0,0,0,0,0
9.846476,0,0,0,0,0,0,0,0
9.847993,0,0,0,0,0,0,0,0
9.849566,0,0,0,0,0,0,0,0
9.851072,0,0,0,0,0,0,0,0
9.853313,0,0,0,0,0,0,0,0
9.856752,0,0,0,0,0,0,0,0
9.858444,0,0,0,0,0,0,0,0
9.861327,0,0,0,0,0,0,0,0
9.862854,0,0,0,0,0,0,0,0
9.864447,0,0,0,0,0,0,0,0
9.865939,0,0,0,0,0,0,0,0
9.867354,0,0,0,0,0,0,0,0
9.868706,0,0,0,0,0,0,0,0
9.870146,0,0,0,0,0,0,0,0
9.871663,0,0,0,0,0,0,0,0
9.873083,0,0,0,0,0,0,0,0
9.874568,0,0,0,0,0,0,0,0
9.876052,0,0,0,0,0,0,0,0
9.877579,0,0,0,0,0,0,0,0
9.878960,0,0,0,0,0,0,0,0
9.881699,0,0,0,0,0,0,0,0
9.883703,0,0,0,0,0,0,0,0
9.885271,0,0,0,0,0,0,0,0
9.886839,0,0,0,0,0,0,0,0
9.888335,0,0,0,0,0,0,0,0
9.889795,0,0,0,0,0,0,0,0
9.891333,0,0,0,0,0,0,0,0
9.892846,0,0,0,0,0,0,0,0
9.894344,0,0,0,0,0,0,0,0
9.895851,0,0,0,0,0,0,0,0
9.897400,0,0,0,0,0,0,0,0
9.898878,0,0,0,0,0,0,0,0
9.900451,0,0,0,0,0,0,0,0
9.902004,0,0,0,0,0,0,0,0
9.903462,0,0,0,0,0,0,0,0
9.906507,0,0,0,0,0,0,0,0
9.909333,0,0,0,0,0,0,0,0
9.910877,0,0,0,0,0,0,0,0
9.913710,0,0,0,0,0,0,0,0
9.915304,0,0,0,0,0,0,0,0
9.917100,0,0,0,0,0,0,0,0
9.918670,0,0,0,0,0,0,0,0
9.920145,0,0,0,0,0,0,0,0
9.921630,0,0,0,0,0,0,0,0
9.923103,0,0,0,0,0,0,0,0
9.924737,0,0,0,0,0,0,0,0
9.926172,0,0,0,0,0,0,0,0
9.927623,0,0,0,0,0,0,0,0
9.929190,0,0,0,0,0,0,0,0
9.931854,0,0,0,0,0,0,0,0
9.933861,0,0,0,0,0,0,0,0
9.935344,0,0,0,0,0,0,0,0
9.936959,0,0,0,0,0,0,0,0
9.938894,0,0,0,0,0,0,0,0
9.940376,0,0,0,0,0,0,0,0
9.941978,0,0,0,0,0,0,0,0
9.943681,0,0,0,0,0,0,0,0
9.945217,0,0,0,0,0,0,0,0
9.946867,0,0,0,0,0,0,0,0
9.948386,0,0,0,0,0,0,0,0
9.949868,0,0,0,0,0,0,0,0
9.951391,0,0,0,0,0,0,0,0
9.952944,0,0,0,0,0,0,0,0
9.954476,0,0,0,0,0,0,0,0
9.956078,0,0,0,0,0,0,0,0
9.957771,0,0,0,0,0,0,0,0
9.960625,0,0,0,0,0,0,0,0
9.964410,0,0,0,0,0,0,0,0
9.966054,0,0,0,0,0,0,0,0
9.967586,0,0,0,0,0,0,0,0
9.969441,0,0,0,0,0,0,0,0
9.971042,0,0,0,0,0,0,0,0
9.972636,0,0,0,0,0,0,0,0
9.974125,0,0,0,0,0,0,0,0
9.975618,0,0,0,0,0,0,0,0
9.977091,0,0,0,0,0,0,0,0
9.978672,0,0,0,0,0,0,0,0
9.980129,0,0,0,0,0,0,0,0
9.981619,0,0,0,0,0,0,0,0
9.983591,0,0,0,0,0,0,0,0
9.986043,0,0,0,0,0,0,0,0
9.987544,0,0,0,0,0,0,0,0
9.990496,0,0,0,0,0,0,0,0
9.993438,0,0,0,0,0,0,0,0
9.995018,0,0,0,0,0,0,0,0
9.996446,0,0,0,0,0,0,0,0
9.997969,0,0,0,0,0,0,0,0
9.999705,0,0,0,0,0,0,0,0
