elapsed_s,CP_LONG_PREEMPTIONS,CP_SQE_I_CACHE_STARVE,CP_SQE_IDLE,CP_SQE_PM4_STARVE_RB,CP_SQE_PM4_STARVE_IB1,CP_SQE_PM4_STARVE_IB2,CP_SQE_PM4_STARVE_IB3,CP_SQE_PM4_STARVE_FSDT,CP_SQE_PM4_STARVE_SDS,CP_SQE_MRB_STARVE,CP_SQE_RRB_STARVE,CP_SQE_VSD_STARVE,CP_VSD_DECODE_STARVE,CP_SQE_PIPE_OUT_STALL
0.001175,0,882,101705,1,0,0,0,0,0,0,51,0,0,0
0.002966,0,990,109371,47,0,0,0,0,0,0,52,0,0,0
0.004687,0,1095,100866,47,0,0,0,0,0,0,52,0,0,0
0.006366,0,1038,90093,47,0,0,0,0,0,0,51,0,0,0
0.008088,0,1075,89978,47,0,0,0,0,0,0,51,0,0,0
0.009690,0,1045,89565,47,0,0,0,0,0,0,51,0,0,0
0.011322,0,879,103755,47,0,0,0,0,0,0,51,0,0,0
0.012961,0,939,102058,47,0,0,0,0,0,0,52,0,0,0
0.014703,0,937,120734,47,0,0,0,0,0,0,52,0,0,0
0.016519,0,964,121890,47,0,0,0,0,0,0,51,0,0,0
0.018261,0,906,91982,47,0,0,0,0,0,0,52,0,0,0
0.019899,0,895,104431,47,0,0,0,0,0,0,52,0,0,0
0.021561,0,815,91289,48,0,0,0,0,0,0,52,0,0,0
0.023185,0,825,113480,47,0,0,0,0,0,0,51,0,0,0
0.024928,0,947,113261,47,0,0,0,0,0,0,51,0,0,0
0.026626,0,820,107749,48,0,0,0,0,0,0,51,0,0,0
0.028425,0,736,121932,47,0,0,0,0,0,0,51,0,0,0
0.029980,0,696,87283,47,0,0,0,0,0,0,52,0,0,0
0.031530,0,753,93567,47,0,0,0,0,0,0,52,0,0,0
0.033104,0,683,89503,47,0,0,0,0,0,0,52,0,0,0
0.034666,0,698,87388,47,0,0,0,0,0,0,52,0,0,0
0.036440,0,698,100139,47,0,0,0,0,0,0,52,0,0,0
0.037855,0,589,67669,47,0,0,0,0,0,0,51,0,0,0
0.039276,0,665,66475,47,0,0,0,0,0,0,52,0,0,0
0.040885,0,603,76977,45,0,0,0,0,0,0,52,0,0,0
0.042426,0,635,72043,43,0,0,0,0,0,0,52,0,0,0
0.044064,0,564,97953,47,0,0,0,0,0,0,51,0,0,0
0.045761,0,595,83754,46,0,0,0,0,0,0,52,0,0,0
0.047342,0,569,73379,46,0,0,0,0,0,0,51,0,0,0
0.048837,0,577,72237,47,0,0,0,0,0,0,52,0,0,0
0.050409,0,578,71514,47,0,0,0,0,0,0,52,0,0,0
0.051873,0,505,97327,41,0,0,0,0,0,0,52,0,0,0
0.053521,0,515,73325,41,0,0,0,0,0,0,52,0,0,0
0.055019,0,506,83343,41,0,0,0,0,0,0,52,0,0,0
0.056626,0,513,85109,41,0,0,0,0,0,0,52,0,0,0
0.058186,0,523,71409,41,0,0,0,0,0,0,51,0,0,0
0.059624,0,578,66765,41,0,0,0,0,0,0,52,0,0,0
0.061046,0,629,66075,47,0,0,0,0,0,0,52,0,0,0
0.062450,0,652,65584,47,0,0,0,0,0,0,51,0,0,0
0.063908,0,586,66008,47,0,0,0,0,0,0,51,0,0,0
0.065369,0,579,66133,47,0,0,0,0,0,0,52,0,0,0
0.066841,0,565,98720,46,0,0,0,0,0,0,51,0,0,0
0.068585,0,773,79496,47,0,0,0,0,0,0,52,0,0,0
0.070240,0,810,80663,47,0,0,0,0,0,0,52,0,0,0
0.071852,0,7158,121073,48,59,0,0,0,0,52,1523,0,0,0
0.073518,0,938,79745,116,0,0,0,0,0,0,52,0,0,0
0.075239,0,668,117957,47,0,0,0,0,0,0,52,0,0,0
0.077073,0,858,78677,47,0,0,0,0,0,0,52,0,0,0
0.078658,0,734,104584,47,0,0,0,0,0,0,52,0,0,0
0.080396,0,723,130101,47,0,0,0,0,0,0,51,0,0,0
0.082312,0,679,80277,47,0,0,0,0,0,0,52,0,0,0
0.083897,0,505,80160,47,0,0,0,0,0,0,51,0,0,0
0.085402,0,552,71560,41,0,0,0,0,0,0,51,0,0,0
0.086913,0,502,86227,41,0,0,0,0,0,0,51,0,0,0
0.088511,0,496,70761,41,0,0,0,0,0,0,51,0,0,0
0.090011,0,498,81216,41,0,0,0,0,0,0,51,0,0,0
0.091575,0,17275,84688,39,8,246,51,0,0,0,111,0,0,0
0.092945,0,1414,0,0,0,1,0,0,0,0,0,0,0,0
0.094278,0,3002,441933,161,0,0,0,0,0,138,123,0,0,0
0.095773,0,1687,506036,219,0,0,0,0,0,0,86,0,0,0
0.097266,0,1654,458539,139,0,0,0,0,0,0,86,0,0,0
0.098728,0,1688,535747,138,0,0,0,0,0,0,85,0,0,0
0.100262,0,1645,532463,141,0,0,0,0,0,0,89,0,0,0
0.101893,0,1693,570503,138,0,0,0,0,0,0,85,0,0,0
0.103353,0,1652,507020,139,0,0,0,0,0,0,88,0,0,0
0.104848,0,1657,508043,139,0,0,0,0,0,0,85,0,0,0
0.106467,0,1733,503327,140,0,0,0,0,0,0,86,0,0,0
0.108196,0,1658,553852,138,0,0,0,0,0,0,86,0,0,0
0.111361,0,1848,562826,138,0,0,0,0,0,0,87,0,0,0
0.113043,0,1654,509510,138,0,0,0,0,0,0,86,0,0,0
0.114635,0,1652,598719,138,0,0,0,0,0,0,87,0,0,0
0.116274,0,1670,533369,142,0,0,0,0,0,0,90,0,0,0
0.117755,0,1659,503198,139,0,0,0,0,0,0,90,0,0,0
0.119206,0,1657,501070,138,0,0,0,0,0,0,89,0,0,0
0.120649,0,1796,499945,137,0,0,0,0,0,0,89,0,0,0
0.122117,0,1658,484944,137,0,0,0,0,0,0,90,0,0,0
0.123638,0,1759,867964,137,0,0,0,0,0,0,88,0,0,0
0.125518,0,1644,503857,137,0,0,0,0,0,0,87,0,0,0
0.127016,0,1657,505741,137,0,0,0,0,0,0,86,0,0,0
0.128508,0,1656,492336,137,0,0,0,0,0,0,88,0,0,0
0.129987,0,1659,553554,138,0,0,0,0,0,0,89,0,0,0
0.131532,0,1654,493338,137,0,0,0,0,0,0,88,0,0,0
0.133014,0,1656,1111137,138,0,0,0,0,0,0,88,0,0,0
0.135067,0,1728,495331,137,0,0,0,0,0,0,89,0,0,0
0.136568,0,1712,497077,137,0,0,0,0,0,0,86,0,0,0
0.138140,0,1658,503381,138,0,0,0,0,0,0,85,0,0,0
0.139637,0,1656,507275,141,0,0,0,0,0,0,85,0,0,0
0.141131,0,1760,493772,141,0,0,0,0,0,0,89,0,0,0
0.142633,0,1773,690200,138,0,0,0,0,0,0,89,0,0,0
0.144344,0,1646,505403,137,0,0,0,0,0,0,89,0,0,0
0.145837,0,1649,452860,137,0,0,0,0,0,0,87,0,0,0
0.147431,0,1743,511151,137,0,0,0,0,0,0,86,0,0,0
0.148930,0,1652,500954,140,0,0,0,0,0,0,89,0,0,0
0.150467,0,1655,553429,141,0,0,0,0,0,0,86,0,0,0
0.152025,0,1648,502104,140,0,0,0,0,0,0,86,0,0,0
0.153525,0,1654,506322,143,0,0,0,0,0,0,86,0,0,0
0.155353,0,1675,548471,141,0,0,0,0,0,0,89,0,0,0
0.157042,0,1650,577007,136,0,0,0,0,0,0,87,0,0,0
0.158633,0,1653,835690,137,0,0,0,0,0,0,88,0,0,0
0.160441,0,1769,509508,141,0,0,0,0,0,0,89,0,0,0
0.162313,0,1658,550324,140,0,0,0,0,0,0,89,0,0,0
0.163850,0,1656,500137,137,0,0,0,0,0,0,86,0,0,0
0.165492,0,1655,497920,138,0,0,0,0,0,0,87,0,0,0
0.166995,0,1702,552094,141,0,0,0,0,0,0,87,0,0,0
0.168557,0,1655,639517,141,0,0,0,0,0,0,88,0,0,0
0.170245,0,1633,474746,132,0,0,0,0,0,0,83,0,0,0
0.171844,0,1595,824275,132,0,0,0,0,0,0,83,0,0,0
0.173667,0,1592,477486,132,0,0,0,0,0,0,85,0,0,0
0.175355,0,1586,481748,135,0,0,0,0,0,0,85,0,0,0
0.176855,0,1624,491221,135,0,0,0,0,0,0,85,0,0,0
0.178358,0,1665,486590,132,0,0,0,0,0,0,85,0,0,0
0.179858,0,1622,564016,134,0,0,0,0,0,0,88,0,0,0
0.181443,0,1622,512012,135,0,0,0,0,0,0,86,0,0,0
0.182980,0,1623,487588,135,0,0,0,0,0,0,87,0,0,0
0.184479,0,1670,605686,136,0,0,0,0,0,0,84,0,0,0
0.186146,0,1634,484554,132,0,0,0,0,0,0,87,0,0,0
0.187650,0,1729,480635,135,0,0,0,0,0,0,88,0,0,0
0.189144,0,1583,481667,136,0,0,0,0,0,0,87,0,0,0
0.190636,0,1593,560650,135,0,0,0,0,0,0,87,0,0,0
0.192228,0,1637,510556,135,0,0,0,0,0,0,83,0,0,0
0.193720,0,1636,608811,136,0,0,0,0,0,0,83,0,0,0
0.195522,0,1632,495052,135,0,0,0,0,0,0,87,0,0,0
0.197188,0,1622,488821,132,0,0,0,0,0,0,85,0,0,0
0.198708,0,1633,709690,135,0,0,0,0,0,0,85,0,0,0
0.200479,0,1634,491149,132,0,0,0,0,0,0,87,0,0,0
0.202005,0,1674,552737,166,0,0,0,0,0,0,87,0,0,0
0.203764,0,1822,1292522,136,0,0,0,0,0,0,83,0,0,0
0.206117,0,1633,489024,131,0,0,0,0,0,0,87,0,0,0
0.207624,0,1810,480490,133,0,0,0,0,0,0,87,0,0,0
0.209118,0,1630,479760,132,0,0,0,0,0,0,86,0,0,0
0.210661,0,1820,559329,133,0,0,0,0,0,0,83,0,0,0
0.212226,0,1593,485299,137,0,0,0,0,0,0,85,0,0,0
0.213852,0,1587,484155,132,0,0,0,0,0,0,84,0,0,0
0.215348,0,1637,478610,132,0,0,0,0,0,0,88,0,0,0
0.216838,0,1664,481483,132,0,0,0,0,0,0,83,0,0,0
0.218713,0,1585,591256,135,0,0,0,0,0,0,88,0,0,0
0.220320,0,1643,493715,135,0,0,0,0,0,0,83,0,0,0
0.221822,0,1651,480904,132,0,0,0,0,0,0,86,0,0,0
0.223347,0,1634,458839,132,0,0,0,0,0,0,86,0,0,0
0.224844,0,1629,477130,132,0,0,0,0,0,0,83,0,0,0
0.226383,0,1590,485986,136,0,0,0,0,0,0,86,0,0,0
0.227941,0,1755,420982,136,0,0,0,0,0,0,88,0,0,0
0.229420,0,1598,516716,135,0,0,0,0,0,0,84,0,0,0
0.231395,0,1630,612287,135,0,0,0,0,0,0,87,0,0,0
0.233071,0,1590,559668,132,0,0,0,0,0,0,83,0,0,0
0.234845,0,1634,1280495,134,0,0,0,0,0,0,86,0,0,0
0.237145,0,1631,578241,131,0,0,0,0,0,0,87,0,0,0
0.238728,0,1630,503086,136,0,0,0,0,0,0,83,0,0,0
0.240253,0,1585,493539,132,0,0,0,0,0,0,84,0,0,0
0.241753,0,1593,706523,136,0,0,0,0,0,0,83,0,0,0
0.243463,0,1631,491253,136,0,0,0,0,0,0,83,0,0,0
0.244970,0,1628,503434,135,0,0,0,0,0,0,87,0,0,0
0.246495,0,1635,529532,136,0,0,0,0,0,0,87,0,0,0
0.248121,0,1600,484445,135,0,0,0,0,0,0,87,0,0,0
0.249625,0,1677,494403,135,0,0,0,0,0,0,87,0,0,0
0.251175,0,1625,481391,135,0,0,0,0,0,0,87,0,0,0
0.252753,0,1595,575272,136,0,0,0,0,0,0,88,0,0,0
0.254481,0,1622,486179,135,0,0,0,0,0,0,88,0,0,0
0.255987,0,1589,486652,132,0,0,0,0,0,0,87,0,0,0
0.257604,0,1629,482882,136,0,0,0,0,0,0,84,0,0,0
0.259140,0,1591,485790,132,0,0,0,0,0,0,86,0,0,0
0.260644,0,1632,482381,135,0,0,0,0,0,0,85,0,0,0
0.262141,0,1721,480586,135,0,0,0,0,0,0,84,0,0,0
0.263644,0,1593,485261,135,0,0,0,0,0,0,85,0,0,0
0.265143,0,1635,479283,132,0,0,0,0,0,0,86,0,0,0
0.266637,0,1591,590953,135,0,0,0,0,0,0,84,0,0,0
0.268242,0,1635,484752,135,0,0,0,0,0,0,85,0,0,0
0.269760,0,1662,481909,132,0,0,0,0,0,0,83,0,0,0
0.271259,0,1591,480606,136,0,0,0,0,0,0,88,0,0,0
0.272761,0,1596,485952,135,0,0,0,0,0,0,84,0,0,0
0.274307,0,1631,482915,132,0,0,0,0,0,0,83,0,0,0
0.276129,0,1664,528285,131,0,0,0,0,0,0,85,0,0,0
0.277693,0,1629,498765,132,0,0,0,0,0,0,86,0,0,0
0.279175,0,1633,477471,131,0,0,0,0,0,0,87,0,0,0
0.280704,0,1671,479360,132,0,0,0,0,0,0,84,0,0,0
0.282235,0,1589,460811,135,0,0,0,0,0,0,85,0,0,0
0.283627,0,1792,448395,132,0,0,0,0,0,0,84,0,0,0
0.285025,0,1711,449249,132,0,0,0,0,0,0,87,0,0,0
0.286440,0,1587,450385,132,0,0,0,0,0,0,84,0,0,0
0.287982,0,1660,446915,132,0,0,0,0,0,0,86,0,0,0
0.289424,0,1629,525713,135,0,0,0,0,0,0,83,0,0,0
0.291418,0,1616,463357,132,0,0,0,0,0,0,83,0,0,0
0.292932,0,1589,470485,135,0,0,0,0,0,0,87,0,0,0
0.294414,0,1605,446257,136,0,0,0,0,0,0,86,0,0,0
0.295861,0,1772,438235,132,0,0,0,0,0,0,85,0,0,0
0.297305,0,1632,434829,135,0,0,0,0,0,0,85,0,0,0
0.298766,0,1665,477569,135,0,0,0,0,0,0,84,0,0,0
0.300268,0,1641,482308,145,0,0,0,0,0,0,87,0,0,0
0.302102,0,1677,482588,132,0,0,0,0,0,0,83,0,0,0
0.303606,0,1635,483817,134,0,0,0,0,0,0,83,0,0,0
0.305105,0,1632,481422,135,0,0,0,0,0,0,85,0,0,0
0.306606,0,1806,482625,132,0,0,0,0,0,0,87,0,0,0
0.308371,0,1607,588136,135,0,0,0,0,0,0,86,0,0,0
0.309874,0,1591,485796,133,0,0,0,0,0,0,87,0,0,0
0.311377,0,1628,482040,136,0,0,0,0,0,0,88,0,0,0
0.312883,0,1631,482177,135,0,0,0,0,0,0,85,0,0,0
0.314425,0,1593,482043,135,0,0,0,0,0,0,83,0,0,0
0.315921,0,1588,482624,136,0,0,0,0,0,0,83,0,0,0
0.317449,0,1633,476509,135,0,0,0,0,0,0,86,0,0,0
0.319136,0,1671,466879,136,0,0,0,0,0,0,87,0,0,0
0.320666,0,1630,505294,132,0,0,0,0,0,0,86,0,0,0
0.322261,0,1598,657632,135,0,0,0,0,0,0,87,0,0,0
0.323956,0,1634,480739,135,0,0,0,0,0,0,87,0,0,0
0.325458,0,1630,478441,135,0,0,0,0,0,0,83,0,0,0
0.326961,0,1588,479266,132,0,0,0,0,0,0,85,0,0,0
0.328454,0,1580,476254,135,0,0,0,0,0,0,86,0,0,0
0.329941,0,1631,525247,135,0,0,0,0,0,0,86,0,0,0
0.331484,0,1592,490443,136,0,0,0,0,0,0,86,0,0,0
0.332992,0,1588,610685,132,0,0,0,0,0,0,85,0,0,0
0.334639,0,1670,564814,133,0,0,0,0,0,0,85,0,0,0
0.336245,0,1635,514307,132,0,0,0,0,0,0,86,0,0,0
0.337780,0,1593,647589,135,0,0,0,0,0,0,86,0,0,0
0.339434,0,1675,479728,136,0,0,0,0,0,0,88,0,0,0
0.340926,0,1631,483612,135,0,0,0,0,0,0,85,0,0,0
0.342427,0,1628,435421,132,0,0,0,0,0,0,84,0,0,0
0.343886,0,1593,491187,132,0,0,0,0,0,0,88,0,0,0
0.345412,0,1591,487697,135,0,0,0,0,0,0,84,0,0,0
0.346912,0,1634,575160,134,0,0,0,0,0,0,86,0,0,0
0.348913,0,1623,762580,132,0,0,0,0,0,0,88,0,0,0
0.350718,0,1640,526974,135,0,0,0,0,0,0,87,0,0,0
0.352294,0,1662,506698,132,0,0,0,0,0,0,85,0,0,0
0.353977,0,1631,758504,132,0,0,0,0,0,0,83,0,0,0
0.355904,0,1589,445257,168,0,0,0,0,0,0,87,0,0,0
0.357367,0,1629,481123,133,0,0,0,0,0,0,85,0,0,0
0.358927,0,1637,460004,208,0,0,0,0,0,0,85,0,0,0
0.360393,0,1637,514384,135,0,0,0,0,0,0,87,0,0,0
0.361922,0,1592,596637,133,0,0,0,0,0,0,84,0,0,0
0.364304,0,1633,564760,132,0,0,0,0,0,0,87,0,0,0
0.366173,0,1670,498572,132,0,0,0,0,0,0,84,0,0,0
0.367811,0,1629,419475,133,0,0,0,0,0,0,84,0,0,0
0.369251,0,1708,491135,133,0,0,0,0,0,0,86,0,0,0
0.370885,0,1631,538016,132,0,0,0,0,0,0,84,0,0,0
0.372421,0,1586,442876,132,0,0,0,0,0,0,84,0,0,0
0.373860,0,1584,428565,132,0,0,0,0,0,0,86,0,0,0
0.375298,0,1630,421138,134,0,0,0,0,0,0,87,0,0,0
0.376819,0,1736,443974,132,0,0,0,0,0,0,87,0,0,0
0.378313,0,1590,455708,135,0,0,0,0,0,0,84,0,0,0
0.379772,0,1625,430257,132,0,0,0,0,0,0,87,0,0,0
0.381146,0,1630,428477,134,0,0,0,0,0,0,84,0,0,0
0.382517,0,1635,432774,136,0,0,0,0,0,0,86,0,0,0
0.383875,0,1591,417465,135,0,0,0,0,0,0,85,0,0,0
0.385235,0,1632,431147,135,0,0,0,0,0,0,85,0,0,0
0.386590,0,1587,417809,134,0,0,0,0,0,0,85,0,0,0
0.387997,0,1668,400638,133,0,0,0,0,0,0,85,0,0,0
0.389342,0,1634,413811,135,0,0,0,0,0,0,85,0,0,0
0.390693,0,1636,446419,134,0,0,0,0,0,0,84,0,0,0
0.392143,0,1694,433744,136,0,0,0,0,0,0,88,0,0,0
0.393532,0,1591,419509,136,0,0,0,0,0,0,85,0,0,0
0.394933,0,1593,495471,132,0,0,0,0,0,0,86,0,0,0
0.396474,0,1625,427125,136,0,0,0,0,0,0,86,0,0,0
0.397885,0,1623,449776,131,0,0,0,0,0,0,88,0,0,0
0.399320,0,1635,415563,136,0,0,0,0,0,0,86,0,0,0
0.400778,0,1631,472766,199,0,0,0,0,0,0,87,0,0,0
0.402210,0,1607,644785,133,0,0,0,0,0,0,88,0,0,0
0.404010,0,1640,615109,133,0,0,0,0,0,0,83,0,0,0
0.405662,0,1588,516743,132,0,0,0,0,0,0,87,0,0,0
0.407258,0,1628,542947,135,0,0,0,0,0,0,85,0,0,0
0.409114,0,1633,528795,135,0,0,0,0,0,0,85,0,0,0
0.410724,0,1634,641504,132,0,0,0,0,0,0,87,0,0,0
0.412446,0,1583,529411,132,0,0,0,0,0,0,84,0,0,0
0.413931,0,1634,474260,135,0,0,0,0,0,0,86,0,0,0
0.415424,0,1645,484686,135,0,0,0,0,0,0,85,0,0,0
0.416923,0,1634,480270,136,0,0,0,0,0,0,83,0,0,0
0.418422,0,1658,483659,134,0,0,0,0,0,0,86,0,0,0
0.419920,0,1700,477565,135,0,0,0,0,0,0,87,0,0,0
0.421927,0,1592,481430,132,0,0,0,0,0,0,84,0,0,0
0.423420,0,1632,489986,132,0,0,0,0,0,0,83,0,0,0
0.424920,0,1631,486716,132,0,0,0,0,0,0,84,0,0,0
0.426471,0,1626,500987,135,0,0,0,0,0,0,86,0,0,0
0.428023,0,1631,534692,133,0,0,0,0,0,0,83,0,0,0
0.429669,0,1629,726009,132,0,0,0,0,0,0,86,0,0,0
0.431481,0,1625,519555,133,0,0,0,0,0,0,84,0,0,0
0.432975,0,1591,480161,131,0,0,0,0,0,0,86,0,0,0
0.434482,0,1654,602960,131,0,0,0,0,0,0,83,0,0,0
0.436169,0,1857,554050,132,0,0,0,0,0,0,83,0,0,0
0.437805,0,1637,482858,132,0,0,0,0,0,0,88,0,0,0
0.439351,0,1696,482375,131,0,0,0,0,0,0,87,0,0,0
0.440846,0,1634,489196,131,0,0,0,0,0,0,85,0,0,0
0.442454,0,1621,454909,132,0,0,0,0,0,0,87,0,0,0
0.443900,0,1592,437761,136,0,0,0,0,0,0,84,0,0,0
0.445344,0,1584,524384,135,0,0,0,0,0,0,84,0,0,0
0.446933,0,1636,482349,132,0,0,0,0,0,0,87,0,0,0
0.448413,0,1633,434909,136,0,0,0,0,0,0,86,0,0,0
0.449851,0,1623,512303,135,0,0,0,0,0,0,85,0,0,0
0.451548,0,1649,446572,133,0,0,0,0,0,0,83,0,0,0
0.453053,0,1747,548383,132,0,0,0,0,0,0,85,0,0,0
0.454748,0,1595,489578,135,0,0,0,0,0,0,86,0,0,0
0.456255,0,1632,486961,135,0,0,0,0,0,0,83,0,0,0
0.457761,0,1631,588766,132,0,0,0,0,0,0,87,0,0,0
0.459349,0,1736,485437,136,0,0,0,0,0,0,85,0,0,0
0.460855,0,1717,557730,132,0,0,0,0,0,0,86,0,0,0
0.462425,0,1638,486062,132,0,0,0,0,0,0,83,0,0,0
0.463932,0,1591,478842,123,0,0,0,0,0,0,81,0,0,0
0.465418,0,1581,453650,131,0,0,0,0,0,0,81,0,0,0
0.467349,0,1589,406184,126,0,0,0,0,0,0,82,0,0,0
0.468798,0,1640,461934,126,0,0,0,0,0,0,84,0,0,0
0.470375,0,1589,461187,123,0,0,0,0,0,0,84,0,0,0
0.471897,0,1541,460990,127,0,0,0,0,0,0,84,0,0,0
0.473391,0,1587,461437,126,0,0,0,0,0,0,85,0,0,0
0.475011,0,1588,412142,123,0,0,0,0,0,0,81,0,0,0
0.476513,0,1674,472202,124,0,0,0,0,0,0,82,0,0,0
0.478028,0,1550,462029,123,0,0,0,0,0,0,83,0,0,0
0.479731,0,1583,464869,123,0,0,0,0,0,0,82,0,0,0
0.481236,0,1589,601279,123,0,0,0,0,0,0,82,0,0,0
0.482877,0,1544,465625,142,0,0,0,0,0,0,84,0,0,0
0.484473,0,1590,460481,123,0,0,0,0,0,0,80,0,0,0
0.485983,0,1590,460503,126,0,0,0,0,0,0,80,0,0,0
0.487481,0,1546,455715,125,0,0,0,0,0,0,84,0,0,0
0.488967,0,1546,449996,126,0,0,0,0,0,0,81,0,0,0
0.490453,0,1551,456149,126,0,0,0,0,0,0,84,0,0,0
0.491980,0,1545,442490,123,0,0,0,0,0,0,81,0,0,0
0.493484,0,1588,461217,126,0,0,0,0,0,0,84,0,0,0
0.494983,0,1589,458380,130,0,0,0,0,0,0,82,0,0,0
0.496589,0,1678,499412,130,0,0,0,0,0,0,82,0,0,0
0.498190,0,1686,462302,123,0,0,0,0,0,0,81,0,0,0
0.499687,0,1544,457500,123,0,0,0,0,0,0,80,0,0,0
0.501178,0,1556,572912,126,0,0,0,0,0,0,81,0,0,0
0.503104,0,1676,805033,123,0,0,0,0,0,0,82,0,0,0
0.505069,0,1584,463903,124,0,0,0,0,0,0,81,0,0,0
0.506576,0,1837,470886,123,0,0,0,0,0,0,83,0,0,0
0.508116,0,1594,484832,124,0,0,0,0,0,0,81,0,0,0
0.509768,0,1590,428891,122,0,0,0,0,0,0,83,0,0,0
0.511212,0,1588,431222,127,0,0,0,0,0,0,83,0,0,0
0.512658,0,1553,430118,126,0,0,0,0,0,0,80,0,0,0
0.514155,0,1591,454565,125,0,0,0,0,0,0,84,0,0,0
0.515652,0,1548,460411,126,0,0,0,0,0,0,80,0,0,0
0.517158,0,1595,399481,126,0,0,0,0,0,0,84,0,0,0
0.518773,0,1589,422728,126,0,0,0,0,0,0,82,0,0,0
0.520315,0,1588,502620,126,0,0,0,0,0,0,81,0,0,0
0.521818,0,1591,514403,126,0,0,0,0,0,0,83,0,0,0
0.523573,0,1625,404086,144,0,0,0,0,0,0,82,0,0,0
0.525134,0,1589,402332,123,0,0,0,0,0,0,82,0,0,0
0.526663,0,1608,634571,123,0,0,0,0,0,0,81,0,0,0
0.528530,0,1604,394359,139,0,0,0,0,0,0,83,0,0,0
0.530607,0,1551,609408,123,0,0,0,0,0,0,83,0,0,0
0.532781,0,1584,554699,131,0,0,0,0,0,0,80,0,0,0
0.534385,0,1553,478320,135,0,0,0,0,0,0,83,0,0,0
0.535906,0,1592,456927,123,0,0,0,0,0,0,84,0,0,0
0.537397,0,1547,477496,124,0,0,0,0,0,0,81,0,0,0
0.539175,0,1569,650052,123,0,0,0,0,0,0,82,0,0,0
0.540905,0,1589,534473,126,0,0,0,0,0,0,80,0,0,0
0.542511,0,1589,468940,124,0,0,0,0,0,0,82,0,0,0
0.544062,0,1553,572301,123,0,0,0,0,0,0,81,0,0,0
0.545710,0,1590,525792,131,0,0,0,0,0,0,84,0,0,0
0.547594,0,1544,451974,134,0,0,0,0,0,0,80,0,0,0
0.550443,0,1587,455944,123,0,0,0,0,0,0,80,0,0,0
0.551933,0,1547,454318,124,0,0,0,0,0,0,84,0,0,0
0.553425,0,1591,456300,123,0,0,0,0,0,0,84,0,0,0
0.555067,0,1598,539243,126,0,0,0,0,0,0,82,0,0,0
0.556721,0,1593,769698,124,0,0,0,0,0,0,80,0,0,0
0.558533,0,1591,470703,126,0,0,0,0,0,0,84,0,0,0
0.560330,0,1542,462385,127,0,0,0,0,0,0,84,0,0,0
0.561840,0,1551,517678,126,0,0,0,0,0,0,84,0,0,0
0.563393,0,1590,464194,126,0,0,0,0,0,0,82,0,0,0
0.564937,0,1588,480795,127,0,0,0,0,0,0,81,0,0,0
0.566482,0,1507,462990,126,0,0,0,0,0,0,84,0,0,0
0.568275,0,1591,458868,123,0,0,0,0,0,0,83,0,0,0
0.569770,0,1592,459613,127,0,0,0,0,0,0,85,0,0,0
0.571372,0,1730,1075395,126,0,0,0,0,0,0,84,0,0,0
0.573525,0,1678,458511,127,0,0,0,0,0,0,83,0,0,0
0.575026,0,1544,457214,127,0,0,0,0,0,0,81,0,0,0
0.576547,0,1591,497807,123,0,0,0,0,0,0,83,0,0,0
0.578192,0,1704,466622,124,0,0,0,0,0,0,84,0,0,0
0.579721,0,1593,464411,123,0,0,0,0,0,0,84,0,0,0
0.581282,0,1588,460190,124,0,0,0,0,0,0,84,0,0,0
0.582825,0,1589,463575,123,0,0,0,0,0,0,81,0,0,0
0.584324,0,1546,457080,123,0,0,0,0,0,0,83,0,0,0
0.585816,0,1588,504532,130,0,0,0,0,0,0,84,0,0,0
0.587501,0,1671,762142,124,0,0,0,0,0,0,82,0,0,0
0.589339,0,1611,463983,126,0,0,0,0,0,0,83,0,0,0
0.590833,0,1592,465677,125,0,0,0,0,0,0,82,0,0,0
0.592899,0,1594,525394,123,0,0,0,0,0,0,84,0,0,0
0.594479,0,1612,462009,123,0,0,0,0,0,0,83,0,0,0
0.595982,0,1550,459510,127,0,0,0,0,0,0,83,0,0,0
0.597480,0,1551,465196,122,0,0,0,0,0,0,81,0,0,0
0.598988,0,1545,462174,123,0,0,0,0,0,0,81,0,0,0
0.600490,0,1589,462425,126,0,0,0,0,0,0,83,0,0,0
0.601988,0,1549,508347,126,0,0,0,0,0,0,81,0,0,0
0.603532,0,1590,458041,133,0,0,0,0,0,0,82,0,0,0
0.605221,0,1589,447362,122,0,0,0,0,0,0,83,0,0,0
0.606753,0,1588,474894,127,0,0,0,0,0,0,82,0,0,0
0.608276,0,1588,463150,126,0,0,0,0,0,0,82,0,0,0
0.610054,0,1749,462892,192,0,0,0,0,0,0,83,0,0,0
0.611559,0,1589,462791,126,0,0,0,0,0,0,83,0,0,0
0.613055,0,1588,459094,123,0,0,0,0,0,0,81,0,0,0
0.615302,0,1589,458052,124,0,0,0,0,0,0,81,0,0,0
0.616816,0,1546,454192,123,0,0,0,0,0,0,84,0,0,0
0.618358,0,1546,2290750,126,0,0,0,0,0,0,81,0,0,0
0.621752,0,1590,461577,127,0,0,0,0,0,0,81,0,0,0
0.623656,0,1790,1101742,127,0,0,0,0,0,0,81,0,0,0
0.625822,0,1552,510567,123,0,0,0,0,0,0,80,0,0,0
0.627391,0,1643,460916,127,0,0,0,0,0,0,80,0,0,0
0.628887,0,1591,460577,126,0,0,0,0,0,0,84,0,0,0
0.630388,0,1671,461747,127,0,0,0,0,0,0,84,0,0,0
0.631892,0,1545,521018,124,0,0,0,0,0,0,82,0,0,0
0.633453,0,1591,456540,131,0,0,0,0,0,0,84,0,0,0
0.635036,0,1587,527769,124,0,0,0,0,0,0,83,0,0,0
0.636604,0,1590,483428,126,0,0,0,0,0,0,82,0,0,0
0.638141,0,1589,464332,126,0,0,0,0,0,0,83,0,0,0
0.639647,0,1588,463444,126,0,0,0,0,0,0,84,0,0,0
0.641149,0,1590,461811,123,0,0,0,0,0,0,83,0,0,0
0.642765,0,1589,463169,126,0,0,0,0,0,0,84,0,0,0
0.644261,0,1588,455124,127,0,0,0,0,0,0,83,0,0,0
0.645754,0,1673,513061,127,0,0,0,0,0,0,81,0,0,0
0.647318,0,1591,407196,127,0,0,0,0,0,0,84,0,0,0
0.648808,0,1587,465354,126,0,0,0,0,0,0,85,0,0,0
0.650413,0,1545,465979,127,0,0,0,0,0,0,83,0,0,0
0.651916,0,1587,458229,123,0,0,0,0,0,0,83,0,0,0
0.653573,0,1568,1578083,126,0,0,0,0,0,0,85,0,0,0
0.656263,0,1588,493780,123,0,0,0,0,0,0,84,0,0,0
0.657760,0,1556,458356,192,0,0,0,0,0,0,84,0,0,0
0.659315,0,1594,458323,123,0,0,0,0,0,0,80,0,0,0
0.660820,0,1588,402371,129,0,0,0,0,0,0,81,0,0,0
0.662257,0,1546,461241,123,0,0,0,0,0,0,84,0,0,0
0.663762,0,1588,460182,127,0,0,0,0,0,0,80,0,0,0
0.665681,0,1547,451024,127,0,0,0,0,0,0,82,0,0,0
0.667836,0,1674,439649,129,0,0,0,0,0,0,83,0,0,0
0.669421,0,1589,664984,140,0,0,0,0,0,0,82,0,0,0
0.671155,0,1790,434891,123,0,0,0,0,0,0,84,0,0,0
0.672704,0,1546,427569,126,0,0,0,0,0,0,84,0,0,0
0.674207,0,1552,459670,123,0,0,0,0,0,0,81,0,0,0
0.675728,0,1605,529454,127,0,0,0,0,0,0,82,0,0,0
0.677298,0,1591,460321,123,0,0,0,0,0,0,82,0,0,0
0.679087,0,1551,525976,126,0,0,0,0,0,0,80,0,0,0
0.680702,0,1588,464828,123,0,0,0,0,0,0,80,0,0,0
0.682204,0,1588,461098,123,0,0,0,0,0,0,80,0,0,0
0.683703,0,1561,457996,127,0,0,0,0,0,0,84,0,0,0
0.685202,0,1586,462117,123,0,0,0,0,0,0,83,0,0,0
0.686704,0,1595,463539,123,0,0,0,0,0,0,82,0,0,0
0.688207,0,1587,489909,124,0,0,0,0,0,0,82,0,0,0
0.689791,0,1547,510603,124,0,0,0,0,0,0,80,0,0,0
0.691445,0,1586,462250,123,0,0,0,0,0,0,82,0,0,0
0.693229,0,1550,461794,127,0,0,0,0,0,0,84,0,0,0
0.694825,0,1552,499090,123,0,0,0,0,0,0,83,0,0,0
0.696508,0,1586,483251,126,0,0,0,0,0,0,83,0,0,0
0.698041,0,1588,506199,122,0,0,0,0,0,0,83,0,0,0
0.699626,0,1544,493770,123,0,0,0,0,0,0,83,0,0,0
0.701176,0,1593,460799,126,0,0,0,0,0,0,82,0,0,0
0.702811,0,1594,483736,127,0,0,0,0,0,0,84,0,0,0
0.704329,0,1589,456669,131,0,0,0,0,0,0,80,0,0,0
0.705816,0,1544,500603,126,0,0,0,0,0,0,81,0,0,0
0.707352,0,1588,628283,129,0,0,0,0,0,0,83,0,0,0
0.709048,0,1589,493814,126,0,0,0,0,0,0,82,0,0,0
0.710579,0,1590,459112,126,0,0,0,0,0,0,81,0,0,0
0.712308,0,1589,681428,126,0,0,0,0,0,0,83,0,0,0
0.713825,0,1588,608894,126,0,0,0,0,0,0,80,0,0,0
0.716712,0,1583,478830,126,0,0,0,0,0,0,84,0,0,0
0.718490,0,1546,465906,122,0,0,0,0,0,0,81,0,0,0
0.719998,0,1590,466121,125,0,0,0,0,0,0,82,0,0,0
0.721497,0,1547,509529,126,0,0,0,0,0,0,82,0,0,0
0.723053,0,1644,471028,127,0,0,0,0,0,0,83,0,0,0
0.724572,0,1700,463081,126,0,0,0,0,0,0,82,0,0,0
0.726067,0,1554,461003,126,0,0,0,0,0,0,80,0,0,0
0.727563,0,1590,458331,123,0,0,0,0,0,0,82,0,0,0
0.729056,0,1587,408420,124,0,0,0,0,0,0,81,0,0,0
0.731287,0,1594,414930,123,0,0,0,0,0,0,81,0,0,0
0.732724,0,1585,463082,123,0,0,0,0,0,0,82,0,0,0
0.734222,0,1588,458745,124,0,0,0,0,0,0,80,0,0,0
0.735734,0,1545,452941,127,0,0,0,0,0,0,84,0,0,0
0.737223,0,1569,455496,132,0,0,0,0,0,0,82,0,0,0
0.738731,0,1591,444854,133,0,0,0,0,0,0,81,0,0,0
0.740186,0,1550,428839,124,0,0,0,0,0,0,84,0,0,0
0.741633,0,1585,429914,123,0,0,0,0,0,0,81,0,0,0
0.743086,0,1593,434965,126,0,0,0,0,0,0,84,0,0,0
0.744536,0,1554,433959,123,0,0,0,0,0,0,83,0,0,0
0.746005,0,1591,500529,124,0,0,0,0,0,0,82,0,0,0
0.747593,0,1717,490905,126,0,0,0,0,0,0,81,0,0,0
0.749139,0,1588,456434,126,0,0,0,0,0,0,84,0,0,0
0.750802,0,1546,532221,127,0,0,0,0,0,0,80,0,0,0
0.753163,0,1591,789575,123,0,0,0,0,0,0,82,0,0,0
0.754688,0,1701,471889,123,0,0,0,0,0,0,80,0,0,0
0.756218,0,1549,477891,132,0,0,0,0,0,0,82,0,0,0
0.757730,0,1590,463009,133,0,0,0,0,0,0,80,0,0,0
0.759380,0,1545,497295,139,0,0,0,0,0,0,85,0,0,0
0.760938,0,1585,463203,127,0,0,0,0,0,0,80,0,0,0
0.762487,0,1547,477744,123,0,0,0,0,0,0,81,0,0,0
0.764006,0,1715,458716,126,0,0,0,0,0,0,85,0,0,0
0.765498,0,1595,458417,126,0,0,0,0,0,0,83,0,0,0
0.767161,0,1592,462150,124,0,0,0,0,0,0,83,0,0,0
0.768804,0,1590,470077,126,0,0,0,0,0,0,80,0,0,0
0.770354,0,1591,465290,127,0,0,0,0,0,0,81,0,0,0
0.773221,0,1589,461748,129,0,0,0,0,0,0,83,0,0,0
0.774721,0,1588,464895,126,0,0,0,0,0,0,80,0,0,0
0.776222,0,1551,462972,124,0,0,0,0,0,0,83,0,0,0
0.777749,0,1553,438588,123,0,0,0,0,0,0,81,0,0,0
0.779258,0,1457,431928,122,0,0,0,0,0,0,82,0,0,0
0.780756,0,1450,429780,126,0,0,0,0,0,0,79,0,0,0
0.782292,0,1450,427169,121,0,0,0,0,0,0,79,0,0,0
0.783840,0,1457,464690,125,0,0,0,0,0,0,82,0,0,0
0.785396,0,1456,430370,122,0,0,0,0,0,0,78,0,0,0
0.786896,0,1455,491650,121,0,0,0,0,0,0,82,0,0,0
0.788487,0,1459,427429,124,0,0,0,0,0,0,81,0,0,0
0.790037,0,1462,430564,125,0,0,0,0,0,0,80,0,0,0
0.791535,0,1462,429345,126,0,0,0,0,0,0,81,0,0,0
0.793032,0,1467,429709,121,0,0,0,0,0,0,78,0,0,0
0.794576,0,1503,425258,122,0,0,0,0,0,0,81,0,0,0
0.796190,0,1461,535750,122,0,0,0,0,0,0,78,0,0,0
0.797679,0,1455,426689,125,0,0,0,0,0,0,79,0,0,0
0.799182,0,1531,481151,123,0,0,0,0,0,0,80,0,0,0
0.800735,0,1459,426110,122,0,0,0,0,0,0,79,0,0,0
0.802634,0,1478,404743,121,0,0,0,0,0,0,80,0,0,0
0.804128,0,1497,451580,122,0,0,0,0,0,0,80,0,0,0
0.805586,0,1457,401349,121,0,0,0,0,0,0,81,0,0,0
0.807204,0,1454,404674,126,0,0,0,0,0,0,79,0,0,0
0.808659,0,1457,404251,125,0,0,0,0,0,0,81,0,0,0
0.810164,0,1545,426057,130,0,0,0,0,0,0,79,0,0,0
0.811664,0,1545,427938,134,0,0,0,0,0,0,79,0,0,0
0.813159,0,1545,428616,132,0,0,0,0,0,0,80,0,0,0
0.814660,0,1546,435176,134,0,0,0,0,0,0,78,0,0,0
0.816164,0,1539,590595,130,0,0,0,0,0,0,81,0,0,0
0.817848,0,1545,514686,134,0,0,0,0,0,0,79,0,0,0
0.819451,0,1550,425878,134,0,0,0,0,0,0,79,0,0,0
0.821177,0,1555,381671,130,0,0,0,0,0,0,79,0,0,0
0.823353,0,1551,480464,130,0,0,0,0,0,0,79,0,0,0
0.825014,0,1546,401266,129,0,0,0,0,0,0,81,0,0,0
0.826576,0,1547,427572,129,0,0,0,0,0,0,81,0,0,0
0.828133,0,1549,481154,130,0,0,0,0,0,0,80,0,0,0
0.829633,0,1549,425599,130,0,0,0,0,0,0,80,0,0,0
0.831149,0,1543,431013,134,0,0,0,0,0,0,78,0,0,0
0.832829,0,1544,465000,134,0,0,0,0,0,0,80,0,0,0
0.834433,0,1536,424530,130,0,0,0,0,0,0,78,0,0,0
0.836134,0,1545,432367,133,0,0,0,0,0,0,78,0,0,0
0.837760,0,1636,367358,130,0,0,0,0,0,0,80,0,0,0
0.839189,0,1554,438878,133,0,0,0,0,0,0,80,0,0,0
0.840707,0,1542,432987,134,0,0,0,0,0,0,78,0,0,0
0.842286,0,1563,486760,134,0,0,0,0,0,0,78,0,0,0
0.845228,0,1626,473232,133,0,0,0,0,0,0,79,0,0,0
0.846822,0,1648,433550,132,0,0,0,0,0,0,81,0,0,0
0.848337,0,1542,428099,134,0,0,0,0,0,0,79,0,0,0
0.850011,0,1545,475158,130,0,0,0,0,0,0,79,0,0,0
0.851583,0,1546,423774,134,0,0,0,0,0,0,78,0,0,0
0.853092,0,1543,427297,134,0,0,0,0,0,0,79,0,0,0
0.854581,0,1546,794422,134,0,0,0,0,0,0,79,0,0,0
0.856505,0,1541,436620,130,0,0,0,0,0,0,80,0,0,0
0.858154,0,1555,445047,133,0,0,0,0,0,0,81,0,0,0
0.859682,0,1625,431349,130,0,0,0,0,0,0,82,0,0,0
0.861182,0,1544,427072,130,0,0,0,0,0,0,79,0,0,0
0.862675,0,1637,429159,130,0,0,0,0,0,0,81,0,0,0
0.864194,0,1668,426261,143,0,0,0,0,0,0,79,0,0,0
0.865687,0,1664,425067,141,0,0,0,0,0,0,80,0,0,0
0.867181,0,1668,478189,140,0,0,0,0,0,0,80,0,0,0
0.868910,0,1680,460181,141,0,0,0,0,0,0,81,0,0,0
0.870438,0,1677,429760,143,0,0,0,0,0,0,79,0,0,0
0.871901,0,1705,434501,141,0,0,0,0,0,0,82,0,0,0
0.873593,0,1656,461516,159,0,0,0,0,0,0,79,0,0,0
0.875208,0,1670,451906,142,0,0,0,0,0,0,78,0,0,0
0.876703,0,1720,431686,150,0,0,0,0,0,0,78,0,0,0
0.878154,0,1676,425892,178,0,0,0,0,0,0,80,0,0,0
0.879602,0,1752,426895,140,0,0,0,0,0,0,78,0,0,0
0.881195,0,1671,429670,140,0,0,0,0,0,0,82,0,0,0
0.882685,0,1663,552155,142,0,0,0,0,0,0,80,0,0,0
0.884301,0,1663,559728,140,0,0,0,0,0,0,82,0,0,0
0.885936,0,1686,494167,182,0,0,0,0,0,0,79,0,0,0
0.887487,0,1682,398793,178,0,0,0,0,0,0,78,0,0,0
0.888938,0,1668,403524,142,0,0,0,0,0,0,79,0,0,0
0.890437,0,1852,422339,182,0,0,0,0,0,0,80,0,0,0
0.891951,0,1726,462456,141,0,0,0,0,0,0,81,0,0,0
0.893750,0,1671,433142,178,0,0,0,0,0,0,79,0,0,0
0.895253,0,1686,429010,178,0,0,0,0,0,0,78,0,0,0
0.896763,0,1680,428140,178,0,0,0,0,0,0,79,0,0,0
0.898306,0,1666,429410,178,0,0,0,0,0,0,82,0,0,0
0.899806,0,1681,427827,178,0,0,0,0,0,0,79,0,0,0
0.901307,0,1671,411657,141,0,0,0,0,0,0,79,0,0,0
0.902794,0,1684,366342,178,0,0,0,0,0,0,82,0,0,0
0.904256,0,1684,456981,178,0,0,0,0,0,0,81,0,0,0
0.905939,0,1676,417553,178,0,0,0,0,0,0,80,0,0,0
0.907448,0,1673,433474,143,0,0,0,0,0,0,79,0,0,0
0.908955,0,1681,431272,179,0,0,0,0,0,0,80,0,0,0
0.910454,0,1674,430069,141,0,0,0,0,0,0,79,0,0,0
0.911955,0,1681,445714,178,0,0,0,0,0,0,78,0,0,0
0.913480,0,1680,430006,178,0,0,0,0,0,0,78,0,0,0
0.914984,0,1697,499178,182,0,0,0,0,0,0,79,0,0,0
0.916565,0,1690,433766,182,0,0,0,0,0,0,81,0,0,0
0.918084,0,1717,440580,145,0,0,0,0,0,0,81,0,0,0
0.919604,0,1722,440130,177,0,0,0,0,0,0,79,0,0,0
0.921326,0,1720,438508,178,0,0,0,0,0,0,80,0,0,0
0.922885,0,1722,434924,178,0,0,0,0,0,0,80,0,0,0
0.924390,0,1712,430342,145,0,0,0,0,0,0,79,0,0,0
0.925890,0,1700,429843,145,0,0,0,0,0,0,78,0,0,0
0.927756,0,1729,870042,182,0,0,0,0,0,0,78,0,0,0
0.929777,0,1718,432376,178,0,0,0,0,0,0,80,0,0,0
0.931279,0,1740,431702,182,0,0,0,0,0,0,80,0,0,0
0.932789,0,1720,483068,182,0,0,0,0,0,0,79,0,0,0
0.934351,0,1714,431891,178,0,0,0,0,0,0,82,0,0,0
0.937157,0,1770,532882,178,0,0,0,0,0,0,81,0,0,0
0.938776,0,1709,477894,144,0,0,0,0,0,0,82,0,0,0
0.940337,0,1713,423540,145,0,0,0,0,0,0,79,0,0,0
0.941826,0,1732,433499,178,0,0,0,0,0,0,80,0,0,0
0.943806,0,1704,431373,145,0,0,0,0,0,0,80,0,0,0
0.945313,0,1718,432262,161,0,0,0,0,0,0,82,0,0,0
0.946857,0,1729,482633,145,0,0,0,0,0,0,79,0,0,0
0.948411,0,1717,395944,146,0,0,0,0,0,0,81,0,0,0
0.949877,0,1729,430064,144,0,0,0,0,0,0,78,0,0,0
0.951391,0,1709,427100,145,0,0,0,0,0,0,81,0,0,0
0.953161,0,1705,514940,145,0,0,0,0,0,0,81,0,0,0
0.954917,0,1731,406084,182,0,0,0,0,0,0,81,0,0,0
0.956363,0,1711,398483,145,0,0,0,0,0,0,79,0,0,0
0.957909,0,1697,400805,145,0,0,0,0,0,0,80,0,0,0
0.959353,0,1736,400635,178,0,0,0,0,0,0,79,0,0,0
0.960802,0,1695,396424,144,0,0,0,0,0,0,79,0,0,0
0.962336,0,1719,417395,178,0,0,0,0,0,0,80,0,0,0
0.963870,0,1720,424344,178,0,0,0,0,0,0,78,0,0,0
0.965406,0,1739,443369,177,0,0,0,0,0,0,80,0,0,0
0.967113,0,1722,458895,178,0,0,0,0,0,0,81,0,0,0
0.968656,0,1827,432926,144,0,0,0,0,0,0,78,0,0,0
0.970208,0,1717,430291,178,0,0,0,0,0,0,81,0,0,0
0.971707,0,1842,428012,177,0,0,0,0,0,0,78,0,0,0
0.973608,0,1721,458600,182,0,0,0,0,0,0,81,0,0,0
0.975156,0,1712,400907,182,0,0,0,0,0,0,81,0,0,0
0.976643,0,1723,430832,178,0,0,0,0,0,0,80,0,0,0
0.978198,0,1855,431142,182,0,0,0,0,0,0,80,0,0,0
0.979706,0,1705,434569,145,0,0,0,0,0,0,80,0,0,0
0.981213,0,1723,429100,178,0,0,0,0,0,0,80,0,0,0
0.982712,0,1820,440877,178,0,0,0,0,0,0,82,0,0,0
0.984248,0,1713,600195,144,0,0,0,0,0,0,79,0,0,0
0.986139,0,1724,432668,182,0,0,0,0,0,0,78,0,0,0
0.987640,0,1718,431510,178,0,0,0,0,0,0,81,0,0,0
0.989167,0,1721,431671,178,0,0,0,0,0,0,82,0,0,0
0.990667,0,1727,433641,178,0,0,0,0,0,0,78,0,0,0
0.992169,0,1703,430249,145,0,0,0,0,0,0,79,0,0,0
0.993667,0,1712,430055,145,0,0,0,0,0,0,79,0,0,0
0.995359,0,1707,434560,145,0,0,0,0,0,0,82,0,0,0
0.996869,0,1697,433923,144,0,0,0,0,0,0,79,0,0,0
0.998372,0,1715,430315,178,0,0,0,0,0,0,81,0,0,0
0.999942,0,1715,424597,145,0,0,0,0,0,0,80,0,0,0
1.001517,0,1712,423589,182,0,0,0,0,0,0,80,0,0,0
1.003034,0,1718,443693,178,0,0,0,0,0,0,82,0,0,0
1.004553,0,1834,449545,178,0,0,0,0,0,0,80,0,0,0
1.006319,0,1781,427495,178,0,0,0,0,0,0,78,0,0,0
1.007820,0,1717,431101,178,0,0,0,0,0,0,79,0,0,0
1.009326,0,1720,428795,178,0,0,0,0,0,0,78,0,0,0
1.010936,0,1720,449063,178,0,0,0,0,0,0,82,0,0,0
1.012692,0,1711,434001,145,0,0,0,0,0,0,79,0,0,0
1.014197,0,1707,529477,145,0,0,0,0,0,0,79,0,0,0
1.016493,0,1770,407264,181,0,0,0,0,0,0,79,0,0,0
1.018032,0,1793,387628,147,0,0,0,0,0,0,80,0,0,0
1.019523,0,1706,428937,144,0,0,0,0,0,0,78,0,0,0
1.020981,0,1805,431345,145,0,0,0,0,0,0,82,0,0,0
1.022433,0,1720,427056,178,0,0,0,0,0,0,78,0,0,0
1.023943,0,1708,431596,144,0,0,0,0,0,0,82,0,0,0
1.025455,0,1715,436002,145,0,0,0,0,0,0,80,0,0,0
1.026955,0,1831,409937,178,0,0,0,0,0,0,81,0,0,0
1.028424,0,1843,408116,178,0,0,0,0,0,0,81,0,0,0
1.029858,0,1716,404116,178,0,0,0,0,0,0,78,0,0,0
1.031444,0,1725,402017,182,0,0,0,0,0,0,79,0,0,0
1.032892,0,1721,451676,179,0,0,0,0,0,0,81,0,0,0
1.034773,0,1708,459218,145,0,0,0,0,0,0,80,0,0,0
1.036319,0,1720,429507,182,0,0,0,0,0,0,79,0,0,0
1.037824,0,1715,433079,178,0,0,0,0,0,0,78,0,0,0
1.039344,0,1712,431581,145,0,0,0,0,0,0,82,0,0,0
1.040846,0,1714,504328,178,0,0,0,0,0,0,79,0,0,0
1.042437,0,1786,434691,146,0,0,0,0,0,0,80,0,0,0
1.043939,0,1718,487863,182,0,0,0,0,0,0,79,0,0,0
1.045508,0,1715,431629,145,0,0,0,0,0,0,79,0,0,0
1.047183,0,1728,473664,178,0,0,0,0,0,0,81,0,0,0
1.048759,0,1710,432080,143,0,0,0,0,0,0,79,0,0,0
1.050285,0,1368,347906,136,0,0,0,0,0,0,75,0,0,0
1.051700,0,1370,421052,114,0,0,0,0,0,0,76,0,0,0
1.053232,0,1369,398083,128,0,0,0,0,0,0,78,0,0,0
1.054728,0,1370,631000,118,0,0,0,0,0,0,78,0,0,0
1.056512,0,1362,399140,113,0,0,0,0,0,0,78,0,0,0
1.058016,0,1368,439060,114,0,0,0,0,0,0,77,0,0,0
1.059572,0,1369,395539,114,0,0,0,0,0,0,76,0,0,0
1.061083,0,1650,394073,114,0,0,0,0,0,0,77,0,0,0
1.062574,0,1450,391253,117,0,0,0,0,0,0,76,0,0,0
1.064325,0,1367,536498,117,0,0,0,0,0,0,77,0,0,0
1.065824,0,1368,434411,114,0,0,0,0,0,0,77,0,0,0
1.067440,0,1465,399444,117,0,0,0,0,0,0,77,0,0,0
1.068938,0,1370,352639,114,0,0,0,0,0,0,76,0,0,0
1.070387,0,1368,399095,114,0,0,0,0,0,0,77,0,0,0
1.072018,0,1365,396991,117,0,0,0,0,0,0,76,0,0,0
1.073522,0,1367,398551,115,0,0,0,0,0,0,76,0,0,0
1.075030,0,1365,534658,117,0,0,0,0,0,0,75,0,0,0
1.076692,0,1360,408885,114,0,0,0,0,0,0,78,0,0,0
1.078207,0,1436,398097,114,0,0,0,0,0,0,79,0,0,0
1.079710,0,1369,396471,117,0,0,0,0,0,0,79,0,0,0
1.081215,0,1369,399584,117,0,0,0,0,0,0,76,0,0,0
1.082730,0,1448,601545,121,0,0,0,0,0,0,78,0,0,0
1.084504,0,1451,398980,135,0,0,0,0,0,0,78,0,0,0
1.086002,0,1450,395155,127,0,0,0,0,0,0,77,0,0,0
1.087493,0,1450,392758,121,0,0,0,0,0,0,76,0,0,0
1.088991,0,1445,396188,122,0,0,0,0,0,0,79,0,0,0
1.090670,0,1504,578151,122,0,0,0,0,0,0,78,0,0,0
1.092462,0,1449,411437,121,0,0,0,0,0,0,77,0,0,0
1.094016,0,1453,405160,125,0,0,0,0,0,0,76,0,0,0
1.095687,0,1451,418910,122,0,0,0,0,0,0,78,0,0,0
1.097277,0,1457,395844,124,0,0,0,0,0,0,76,0,0,0
1.098820,0,1447,388221,122,0,0,0,0,0,0,76,0,0,0
1.100344,0,1452,420163,121,0,0,0,0,0,0,77,0,0,0
1.101868,0,1449,395218,125,0,0,0,0,0,0,79,0,0,0
1.103783,0,1448,397448,126,0,0,0,0,0,0,78,0,0,0
1.105300,0,1453,392583,122,0,0,0,0,0,0,77,0,0,0
1.106848,0,1440,401341,122,0,0,0,0,0,0,78,0,0,0
1.108351,0,1450,394787,122,0,0,0,0,0,0,79,0,0,0
1.109852,0,1450,398848,126,0,0,0,0,0,0,75,0,0,0
1.111354,0,1452,394802,126,0,0,0,0,0,0,76,0,0,0
1.112855,0,1443,395284,122,0,0,0,0,0,0,79,0,0,0
1.114404,0,1451,398159,126,0,0,0,0,0,0,79,0,0,0
1.116100,0,1448,410219,125,0,0,0,0,0,0,78,0,0,0
1.117831,0,1449,410542,126,0,0,0,0,0,0,79,0,0,0
1.119673,0,1585,348588,121,0,0,0,0,0,0,76,0,0,0
1.121162,0,1448,358375,125,0,0,0,0,0,0,79,0,0,0
1.122623,0,1451,397473,121,0,0,0,0,0,0,78,0,0,0
1.124524,0,1446,526571,125,0,0,0,0,0,0,77,0,0,0
1.126147,0,1446,486557,125,0,0,0,0,0,0,78,0,0,0
1.127787,0,1452,354758,122,0,0,0,0,0,0,76,0,0,0
1.129235,0,1450,396100,121,0,0,0,0,0,0,77,0,0,0
1.130786,0,1456,422618,122,0,0,0,0,0,0,79,0,0,0
1.132323,0,1448,397451,122,0,0,0,0,0,0,79,0,0,0
1.133818,0,1450,397468,125,0,0,0,0,0,0,76,0,0,0
1.135635,0,1450,396133,122,0,0,0,0,0,0,79,0,0,0
1.137321,0,1687,630715,132,0,0,0,0,0,0,78,0,0,0
1.139126,0,1581,438260,168,0,0,0,0,0,0,77,0,0,0
1.140677,0,1560,401850,132,0,0,0,0,0,0,76,0,0,0
1.142175,0,1558,690708,131,0,0,0,0,0,0,77,0,0,0
1.144231,0,1647,400161,131,0,0,0,0,0,0,77,0,0,0
1.145731,0,1567,397196,168,0,0,0,0,0,0,78,0,0,0
1.147297,0,1567,454516,168,0,0,0,0,0,0,78,0,0,0
1.148869,0,1569,399535,168,0,0,0,0,0,0,78,0,0,0
1.150475,0,1585,477640,168,0,0,0,0,0,0,75,0,0,0
1.152190,0,1591,513388,168,0,0,0,0,0,0,78,0,0,0
1.153944,0,1622,507376,168,0,0,0,0,0,0,78,0,0,0
1.155599,0,1561,398799,132,0,0,0,0,0,0,77,0,0,0
1.157101,0,1562,397855,167,0,0,0,0,0,0,76,0,0,0
1.158621,0,1578,394632,167,0,0,0,0,0,0,76,0,0,0
1.160192,0,1558,511390,133,0,0,0,0,0,0,79,0,0,0
1.161824,0,1574,522293,167,0,0,0,0,0,0,77,0,0,0
1.164292,0,1563,1058142,149,0,0,0,0,0,0,77,0,0,0
1.166268,0,1571,382694,168,0,0,0,0,0,0,75,0,0,0
1.167733,0,1569,367524,168,0,0,0,0,0,0,79,0,0,0
1.169189,0,1572,368658,168,0,0,0,0,0,0,77,0,0,0
1.170689,0,1697,420875,167,0,0,0,0,0,0,77,0,0,0
1.172251,0,1570,399522,168,0,0,0,0,0,0,79,0,0,0
1.173822,0,1579,433177,167,0,0,0,0,0,0,77,0,0,0
1.175386,0,1574,409768,168,0,0,0,0,0,0,78,0,0,0
1.176876,0,1561,399210,131,0,0,0,0,0,0,79,0,0,0
1.178359,0,1659,400672,168,0,0,0,0,0,0,76,0,0,0
1.179879,0,1569,395434,132,0,0,0,0,0,0,79,0,0,0
1.181375,0,1572,392811,168,0,0,0,0,0,0,76,0,0,0
1.182870,0,1572,416325,131,0,0,0,0,0,0,79,0,0,0
1.184410,0,1580,529073,168,0,0,0,0,0,0,78,0,0,0
1.186067,0,1560,395878,168,0,0,0,0,0,0,76,0,0,0
1.187739,0,1599,751986,168,0,0,0,0,0,0,76,0,0,0
1.189683,0,1553,397133,131,0,0,0,0,0,0,78,0,0,0
1.191216,0,1604,400816,168,0,0,0,0,0,0,76,0,0,0
1.192723,0,1599,398162,136,0,0,0,0,0,0,79,0,0,0
1.194273,0,1601,397416,167,0,0,0,0,0,0,77,0,0,0
1.195773,0,1732,396531,135,0,0,0,0,0,0,77,0,0,0
1.197277,0,1654,623794,135,0,0,0,0,0,0,79,0,0,0
1.199199,0,1714,459140,168,0,0,0,0,0,0,77,0,0,0
1.200747,0,1613,400722,168,0,0,0,0,0,0,76,0,0,0
1.202269,0,1606,667508,168,0,0,0,0,0,0,79,0,0,0
1.204199,0,1723,482146,136,0,0,0,0,0,0,78,0,0,0
1.205702,0,1601,399624,136,0,0,0,0,0,0,78,0,0,0
1.207207,0,1600,395200,168,0,0,0,0,0,0,78,0,0,0
1.208702,0,1608,410546,167,0,0,0,0,0,0,76,0,0,0
1.210594,0,1589,593355,136,0,0,0,0,0,0,77,0,0,0
1.212376,0,1674,404664,137,0,0,0,0,0,0,79,0,0,0
1.213882,0,1604,397661,168,0,0,0,0,0,0,76,0,0,0
1.215381,0,1597,396812,168,0,0,0,0,0,0,77,0,0,0
1.216881,0,1601,396675,136,0,0,0,0,0,0,76,0,0,0
1.218410,0,1596,397800,136,0,0,0,0,0,0,78,0,0,0
1.219908,0,1622,394333,168,0,0,0,0,0,0,76,0,0,0
1.221410,0,1597,401202,136,0,0,0,0,0,0,76,0,0,0
1.223122,0,1645,427835,136,0,0,0,0,0,0,78,0,0,0
1.224656,0,1611,396075,168,0,0,0,0,0,0,75,0,0,0
1.226172,0,1622,394997,168,0,0,0,0,0,0,76,0,0,0
1.227728,0,1596,437013,136,0,0,0,0,0,0,75,0,0,0
1.229187,0,1612,394559,168,0,0,0,0,0,0,79,0,0,0
1.230635,0,1609,465691,168,0,0,0,0,0,0,77,0,0,0
1.232171,0,1624,397205,134,0,0,0,0,0,0,77,0,0,0
1.233697,0,1613,392241,168,0,0,0,0,0,0,76,0,0,0
1.235139,0,1707,380034,136,0,0,0,0,0,0,78,0,0,0
1.236552,0,1610,373785,168,0,0,0,0,0,0,76,0,0,0
1.238007,0,1613,369783,167,0,0,0,0,0,0,78,0,0,0
1.239524,0,1597,367235,135,0,0,0,0,0,0,77,0,0,0
1.240972,0,1627,455715,168,0,0,0,0,0,0,78,0,0,0
1.242533,0,1610,391131,168,0,0,0,0,0,0,79,0,0,0
1.244932,0,1606,340029,168,0,0,0,0,0,0,76,0,0,0
1.246398,0,1615,397510,168,0,0,0,0,0,0,78,0,0,0
1.248063,0,1590,397757,135,0,0,0,0,0,0,77,0,0,0
1.249602,0,1588,398107,134,0,0,0,0,0,0,77,0,0,0
1.251103,0,1683,396383,168,0,0,0,0,0,0,77,0,0,0
1.252911,0,1740,399938,136,0,0,0,0,0,0,78,0,0,0
1.254420,0,1648,413712,146,0,0,0,0,0,0,76,0,0,0
1.255961,0,1617,395954,168,0,0,0,0,0,0,78,0,0,0
1.257457,0,1608,579632,168,0,0,0,0,0,0,78,0,0,0
1.259182,0,1768,395578,168,0,0,0,0,0,0,79,0,0,0
1.260678,0,1606,396927,167,0,0,0,0,0,0,77,0,0,0
1.262179,0,1589,392927,135,0,0,0,0,0,0,79,0,0,0
1.263679,0,1609,395968,168,0,0,0,0,0,0,78,0,0,0
1.265513,0,1611,395054,168,0,0,0,0,0,0,78,0,0,0
1.267084,0,1606,378831,134,0,0,0,0,0,0,77,0,0,0
1.268564,0,1612,394500,168,0,0,0,0,0,0,76,0,0,0
1.270246,0,1701,396448,136,0,0,0,0,0,0,77,0,0,0
1.271740,0,1597,392773,135,0,0,0,0,0,0,77,0,0,0
1.273240,0,1597,397138,136,0,0,0,0,0,0,78,0,0,0
1.274826,0,1591,402706,134,0,0,0,0,0,0,76,0,0,0
1.276333,0,1687,395469,168,0,0,0,0,0,0,77,0,0,0
1.278027,0,1597,410486,136,0,0,0,0,0,0,79,0,0,0
1.279690,0,1608,400388,168,0,0,0,0,0,0,79,0,0,0
1.281197,0,1611,401558,168,0,0,0,0,0,0,76,0,0,0
1.282703,0,1598,644619,135,0,0,0,0,0,0,77,0,0,0
1.284498,0,1597,398262,135,0,0,0,0,0,0,78,0,0,0
1.285998,0,1610,398450,168,0,0,0,0,0,0,78,0,0,0
1.287840,0,1594,500199,164,0,0,0,0,0,0,77,0,0,0
1.289485,0,1610,395401,168,0,0,0,0,0,0,79,0,0,0
1.290991,0,1608,427374,168,0,0,0,0,0,0,78,0,0,0
1.292531,0,1610,399559,168,0,0,0,0,0,0,77,0,0,0
1.294030,0,1610,412172,168,0,0,0,0,0,0,79,0,0,0
1.295673,0,1600,481938,139,0,0,0,0,0,0,75,0,0,0
1.297319,0,1594,416648,137,0,0,0,0,0,0,78,0,0,0
1.298829,0,1598,405604,135,0,0,0,0,0,0,77,0,0,0
1.300333,0,1684,397772,136,0,0,0,0,0,0,76,0,0,0
1.301787,0,1658,432439,168,0,0,0,0,0,0,79,0,0,0
1.303375,0,1610,416122,168,0,0,0,0,0,0,78,0,0,0
1.304955,0,1604,418168,135,0,0,0,0,0,0,79,0,0,0
1.306520,0,1601,384801,135,0,0,0,0,0,0,79,0,0,0
1.307978,0,1693,388272,136,0,0,0,0,0,0,77,0,0,0
1.309453,0,1678,377051,168,0,0,0,0,0,0,78,0,0,0
1.311130,0,1617,405600,167,0,0,0,0,0,0,76,0,0,0
1.312659,0,1633,1176572,168,0,0,0,0,0,0,79,0,0,0
1.315748,0,1599,581441,164,0,0,0,0,0,0,79,0,0,0
1.317260,0,1611,399423,167,0,0,0,0,0,0,77,0,0,0
1.318767,0,1602,400813,134,0,0,0,0,0,0,77,0,0,0
1.320277,0,1602,400062,135,0,0,0,0,0,0,76,0,0,0
1.321802,0,1406,410091,122,0,0,0,0,0,0,75,0,0,0
1.323357,0,1408,350955,119,0,0,0,0,0,0,74,0,0,0
1.325037,0,1415,350794,150,0,0,0,0,0,0,73,0,0,0
1.326541,0,1416,350545,150,0,0,0,0,0,0,73,0,0,0
1.328135,0,1516,352501,118,0,0,0,0,0,0,74,0,0,0
1.329640,0,1484,349440,119,0,0,0,0,0,0,74,0,0,0
1.331145,0,1406,326796,119,0,0,0,0,0,0,72,0,0,0
1.332645,0,1407,363850,119,0,0,0,0,0,0,75,0,0,0
1.334168,0,1408,354978,126,0,0,0,0,0,0,74,0,0,0
1.335675,0,1403,350574,119,0,0,0,0,0,0,74,0,0,0
1.337174,0,1551,349686,150,0,0,0,0,0,0,72,0,0,0
1.339238,0,1414,397221,150,0,0,0,0,0,0,72,0,0,0
1.340848,0,1417,354350,150,0,0,0,0,0,0,72,0,0,0
1.342487,0,1406,353310,118,0,0,0,0,0,0,73,0,0,0
1.344013,0,1409,352232,150,0,0,0,0,0,0,74,0,0,0
1.345513,0,1408,350400,150,0,0,0,0,0,0,73,0,0,0
1.347037,0,1396,383101,119,0,0,0,0,0,0,74,0,0,0
1.348589,0,1405,352672,120,0,0,0,0,0,0,74,0,0,0
1.350098,0,1404,354162,118,0,0,0,0,0,0,75,0,0,0
1.351607,0,1439,351387,150,0,0,0,0,0,0,73,0,0,0
1.353112,0,1419,1140969,151,0,0,0,0,0,0,75,0,0,0
1.355704,0,1451,351834,150,0,0,0,0,0,0,74,0,0,0
1.357211,0,1440,349671,123,0,0,0,0,0,0,74,0,0,0
1.358826,0,1448,354590,122,0,0,0,0,0,0,75,0,0,0
1.360343,0,1441,352541,147,0,0,0,0,0,0,72,0,0,0
1.361843,0,1451,387012,150,0,0,0,0,0,0,75,0,0,0
1.363404,0,1457,349561,150,0,0,0,0,0,0,72,0,0,0
1.365010,0,1431,350059,122,0,0,0,0,0,0,74,0,0,0
1.366536,0,1528,378926,121,0,0,0,0,0,0,73,0,0,0
1.368227,0,1437,436075,123,0,0,0,0,0,0,73,0,0,0
1.369737,0,1450,506339,151,0,0,0,0,0,0,75,0,0,0
1.371503,0,1434,348042,121,0,0,0,0,0,0,74,0,0,0
1.372999,0,1445,346123,150,0,0,0,0,0,0,73,0,0,0
1.374488,0,1443,346142,150,0,0,0,0,0,0,73,0,0,0
1.375985,0,1455,353526,150,0,0,0,0,0,0,72,0,0,0
1.377530,0,1439,347632,147,0,0,0,0,0,0,73,0,0,0
1.379198,0,1430,374822,141,0,0,0,0,0,0,74,0,0,0
1.380729,0,1433,349853,121,0,0,0,0,0,0,74,0,0,0
1.382185,0,1449,350648,150,0,0,0,0,0,0,73,0,0,0
1.383682,0,1447,347618,150,0,0,0,0,0,0,75,0,0,0
1.385185,0,1446,349442,122,0,0,0,0,0,0,73,0,0,0
1.386675,0,1451,372734,147,0,0,0,0,0,0,73,0,0,0
1.388208,0,1459,325938,124,0,0,0,0,0,0,75,0,0,0
1.389611,0,1438,327346,121,0,0,0,0,0,0,73,0,0,0
1.391023,0,1436,382212,122,0,0,0,0,0,0,74,0,0,0
1.392551,0,1431,328016,122,0,0,0,0,0,0,75,0,0,0
1.394001,0,1448,353386,147,0,0,0,0,0,0,73,0,0,0
1.395485,0,1440,325971,147,0,0,0,0,0,0,74,0,0,0
1.396930,0,1440,324735,147,0,0,0,0,0,0,73,0,0,0
1.398548,0,1451,327819,150,0,0,0,0,0,0,72,0,0,0
1.400103,0,1433,326317,122,0,0,0,0,0,0,72,0,0,0
1.401554,0,1458,324024,151,0,0,0,0,0,0,72,0,0,0
1.403122,0,1445,346294,147,0,0,0,0,0,0,75,0,0,0
1.404808,0,1535,353376,123,0,0,0,0,0,0,73,0,0,0
1.406311,0,1449,1017006,147,0,0,0,0,0,0,74,0,0,0
1.408775,0,2858,364698,150,0,0,0,0,0,0,73,0,0,0
1.410359,0,2910,515531,150,0,0,0,0,0,0,72,0,0,0
1.412160,0,2848,427013,147,0,0,0,0,0,0,74,0,0,0
1.413734,0,2822,404462,150,0,0,0,0,0,0,72,0,0,0
1.415327,0,2894,385245,150,0,0,0,0,0,0,73,0,0,0
1.416896,0,2878,381884,150,0,0,0,0,0,0,74,0,0,0
1.418514,0,2893,383582,147,0,0,0,0,0,0,72,0,0,0
1.420184,0,2893,432594,150,0,0,0,0,0,0,75,0,0,0
1.423414,0,2867,623322,150,0,0,0,0,0,0,73,0,0,0
1.425838,0,2160,592354,150,0,0,0,0,0,0,74,0,0,0
1.427653,0,2171,429647,150,0,0,0,0,0,0,72,0,0,0
1.429328,0,2746,403067,147,0,0,0,0,0,0,73,0,0,0
1.431013,0,2619,392294,150,0,0,0,0,0,0,75,0,0,0
1.432653,0,2660,383669,150,0,0,0,0,0,0,72,0,0,0
1.434201,0,2739,388506,151,0,0,0,0,0,0,72,0,0,0
1.435779,0,2888,384653,147,0,0,0,0,0,0,73,0,0,0
1.437345,0,2838,382610,150,0,0,0,0,0,0,73,0,0,0
1.438908,0,2763,385107,150,0,0,0,0,0,0,75,0,0,0
1.440665,0,2285,392569,151,0,0,0,0,0,0,75,0,0,0
1.442532,0,2839,389522,150,0,0,0,0,0,0,75,0,0,0
1.444267,0,2878,495146,150,0,0,0,0,0,0,75,0,0,0
1.445846,0,2851,384609,150,0,0,0,0,0,0,75,0,0,0
1.447800,0,2192,366513,147,0,0,0,0,0,0,75,0,0,0
1.449454,0,2876,387380,150,0,0,0,0,0,0,74,0,0,0
1.451103,0,2891,362301,151,0,0,0,0,0,0,72,0,0,0
1.452768,0,2863,384225,150,0,0,0,0,0,0,74,0,0,0
1.454355,0,2865,382621,147,0,0,0,0,0,0,74,0,0,0
1.455920,0,2880,381711,150,0,0,0,0,0,0,72,0,0,0
1.457481,0,2898,521116,150,0,0,0,0,0,0,72,0,0,0
1.459372,0,2195,406808,150,0,0,0,0,0,0,72,0,0,0
1.460990,0,2877,383722,147,0,0,0,0,0,0,73,0,0,0
1.462553,0,2897,380048,151,0,0,0,0,0,0,74,0,0,0
1.464346,0,2254,469769,150,0,0,0,0,0,0,75,0,0,0
1.465913,0,2620,383182,150,0,0,0,0,0,0,74,0,0,0
1.467555,0,2300,362044,151,0,0,0,0,0,0,72,0,0,0
1.469067,0,2474,361513,151,0,0,0,0,0,0,72,0,0,0
1.470654,0,2888,325709,151,0,0,0,0,0,0,75,0,0,0
1.472179,0,2493,502704,150,0,0,0,0,0,0,73,0,0,0
1.473840,0,2892,408943,147,0,0,0,0,0,0,74,0,0,0
1.475472,0,2875,363448,151,0,0,0,0,0,0,75,0,0,0
1.476984,0,2855,356936,150,0,0,0,0,0,0,75,0,0,0
1.478492,0,2879,397123,150,0,0,0,0,0,0,73,0,0,0
1.480205,0,2892,426542,150,0,0,0,0,0,0,74,0,0,0
1.481724,0,2826,359302,150,0,0,0,0,0,0,72,0,0,0
1.483244,0,2345,393470,150,0,0,0,0,0,0,73,0,0,0
1.485175,0,2903,574781,150,0,0,0,0,0,0,73,0,0,0
1.486935,0,2813,536506,147,0,0,0,0,0,0,73,0,0,0
1.488749,0,2648,387619,151,0,0,0,0,0,0,75,0,0,0
1.490387,0,2872,385076,151,0,0,0,0,0,0,73,0,0,0
1.491961,0,2870,384779,147,0,0,0,0,0,0,73,0,0,0
1.493527,0,2861,380937,150,0,0,0,0,0,0,75,0,0,0
1.495097,0,2245,387510,150,0,0,0,0,0,0,75,0,0,0
1.496912,0,2870,382612,151,0,0,0,0,0,0,72,0,0,0
1.498496,0,2888,381023,151,0,0,0,0,0,0,74,0,0,0
1.500200,0,2875,495452,151,0,0,0,0,0,0,72,0,0,0
1.501914,0,3025,383616,151,0,0,0,0,0,0,72,0,0,0
1.503490,0,2911,385303,147,0,0,0,0,0,0,72,0,0,0
1.505057,0,2911,383048,147,0,0,0,0,0,0,75,0,0,0
1.506630,0,2866,443745,150,0,0,0,0,0,0,75,0,0,0
1.508320,0,2880,413657,147,0,0,0,0,0,0,74,0,0,0
1.509894,0,2707,382146,150,0,0,0,0,0,0,74,0,0,0
1.511710,0,2621,523912,151,0,0,0,0,0,0,72,0,0,0
1.513750,0,2355,613518,150,0,0,0,0,0,0,73,0,0,0
1.515654,0,2476,387187,147,0,0,0,0,0,0,74,0,0,0
1.518133,0,2759,425551,150,0,0,0,0,0,0,72,0,0,0
1.520798,0,2319,385288,150,0,0,0,0,0,0,74,0,0,0
1.522473,0,2756,390860,146,0,0,0,0,0,0,75,0,0,0
1.524133,0,2866,386434,150,0,0,0,0,0,0,73,0,0,0
1.525705,0,2883,385364,147,0,0,0,0,0,0,73,0,0,0
1.527279,0,2884,384576,151,0,0,0,0,0,0,73,0,0,0
1.529011,0,2257,399594,147,0,0,0,0,0,0,75,0,0,0
1.530665,0,2329,396929,147,0,0,0,0,0,0,75,0,0,0
1.532250,0,2800,388271,150,0,0,0,0,0,0,75,0,0,0
1.533831,0,2347,384879,147,0,0,0,0,0,0,72,0,0,0
1.535398,0,2331,386908,150,0,0,0,0,0,0,73,0,0,0
1.537181,0,2504,390325,150,0,0,0,0,0,0,74,0,0,0
1.538750,0,2486,372132,150,0,0,0,0,0,0,75,0,0,0
1.540264,0,2845,357064,150,0,0,0,0,0,0,75,0,0,0
1.541770,0,2881,361392,150,0,0,0,0,0,0,75,0,0,0
1.543286,0,2894,440573,150,0,0,0,0,0,0,75,0,0,0
1.544930,0,2781,361570,150,0,0,0,0,0,0,74,0,0,0
1.546543,0,3033,404682,150,0,0,0,0,0,0,74,0,0,0
1.548303,0,2900,514973,151,0,0,0,0,0,0,72,0,0,0
1.549876,0,2552,380788,147,0,0,0,0,0,0,74,0,0,0
1.551456,0,2882,392212,150,0,0,0,0,0,0,73,0,0,0
1.553481,0,2921,381949,150,0,0,0,0,0,0,73,0,0,0
1.555070,0,2624,374021,134,0,0,0,0,0,0,70,0,0,0
1.556691,0,2592,346660,134,0,0,0,0,0,0,71,0,0,0
1.558261,0,2578,348629,135,0,0,0,0,0,0,72,0,0,0
1.559842,0,2621,347424,134,0,0,0,0,0,0,72,0,0,0
1.561424,0,2638,348686,134,0,0,0,0,0,0,71,0,0,0
1.563052,0,2639,351459,134,0,0,0,0,0,0,72,0,0,0
1.564635,0,2629,344674,134,0,0,0,0,0,0,72,0,0,0
1.566226,0,2336,401465,134,0,0,0,0,0,0,72,0,0,0
1.567883,0,2245,347186,134,0,0,0,0,0,0,72,0,0,0
1.569463,0,2545,351855,131,0,0,0,0,0,0,70,0,0,0
1.571084,0,2317,738507,134,0,0,0,0,0,0,71,0,0,0
1.573244,0,2388,346520,134,0,0,0,0,0,0,70,0,0,0
1.574816,0,2605,351759,134,0,0,0,0,0,0,70,0,0,0
1.576411,0,2724,350223,134,0,0,0,0,0,0,71,0,0,0
1.577983,0,2076,380142,134,0,0,0,0,0,0,71,0,0,0
1.579711,0,2534,322157,134,0,0,0,0,0,0,70,0,0,0
1.581245,0,2754,343238,134,0,0,0,0,0,0,69,0,0,0
1.583057,0,2725,348314,135,0,0,0,0,0,0,72,0,0,0
1.584642,0,2617,345286,134,0,0,0,0,0,0,70,0,0,0
1.586259,0,2745,345370,134,0,0,0,0,0,0,71,0,0,0
1.587847,0,2660,310311,134,0,0,0,0,0,0,69,0,0,0
1.589409,0,2104,327767,134,0,0,0,0,0,0,71,0,0,0
1.591302,0,2407,412082,134,0,0,0,0,0,0,71,0,0,0
1.592877,0,2722,347613,134,0,0,0,0,0,0,72,0,0,0
1.594510,0,2751,349044,135,0,0,0,0,0,0,72,0,0,0
1.596186,0,2737,391816,134,0,0,0,0,0,0,70,0,0,0
1.597754,0,2755,345343,134,0,0,0,0,0,0,71,0,0,0
1.599334,0,2721,341597,134,0,0,0,0,0,0,70,0,0,0
1.600890,0,2236,342836,135,0,0,0,0,0,0,72,0,0,0
1.602505,0,2755,339115,134,0,0,0,0,0,0,72,0,0,0
1.604275,0,2290,367003,134,0,0,0,0,0,0,72,0,0,0
1.605984,0,2745,349400,134,0,0,0,0,0,0,71,0,0,0
1.607744,0,2015,405968,134,0,0,0,0,0,0,70,0,0,0
1.609477,0,2776,347092,134,0,0,0,0,0,0,72,0,0,0
1.611026,0,2569,353630,134,0,0,0,0,0,0,69,0,0,0
1.612553,0,2766,342483,134,0,0,0,0,0,0,71,0,0,0
1.614124,0,2758,346027,134,0,0,0,0,0,0,71,0,0,0
1.615649,0,2373,344779,134,0,0,0,0,0,0,72,0,0,0
1.617220,0,2484,346897,131,0,0,0,0,0,0,71,0,0,0
1.618832,0,2011,343454,134,0,0,0,0,0,0,71,0,0,0
1.620397,0,2606,333602,134,0,0,0,0,0,0,70,0,0,0
1.621915,0,2627,323699,134,0,0,0,0,0,0,71,0,0,0
1.623433,0,2696,323157,134,0,0,0,0,0,0,70,0,0,0
1.624948,0,2645,324839,134,0,0,0,0,0,0,71,0,0,0
1.626534,0,2755,346128,134,0,0,0,0,0,0,70,0,0,0
1.628212,0,2038,445289,134,0,0,0,0,0,0,70,0,0,0
1.630345,0,2668,346317,134,0,0,0,0,0,0,72,0,0,0
1.631936,0,2764,344349,134,0,0,0,0,0,0,72,0,0,0
1.633512,0,2711,346634,134,0,0,0,0,0,0,71,0,0,0
1.635146,0,2081,348679,134,0,0,0,0,0,0,71,0,0,0
1.637541,0,2061,372808,134,0,0,0,0,0,0,70,0,0,0
1.639284,0,2659,344466,134,0,0,0,0,0,0,70,0,0,0
1.640847,0,2711,339926,134,0,0,0,0,0,0,72,0,0,0
1.642468,0,2768,341094,134,0,0,0,0,0,0,71,0,0,0
1.644029,0,2860,346372,134,0,0,0,0,0,0,69,0,0,0
1.645598,0,2769,345431,134,0,0,0,0,0,0,72,0,0,0
1.647170,0,2723,346121,134,0,0,0,0,0,0,70,0,0,0
1.648735,0,2448,365359,134,0,0,0,0,0,0,72,0,0,0
1.650392,0,2646,348089,135,0,0,0,0,0,0,70,0,0,0
1.651966,0,2038,346992,134,0,0,0,0,0,0,69,0,0,0
1.653592,0,2083,346780,134,0,0,0,0,0,0,72,0,0,0
1.655390,0,2724,345921,134,0,0,0,0,0,0,70,0,0,0
1.656959,0,2758,346350,134,0,0,0,0,0,0,72,0,0,0
1.658580,0,2582,344798,134,0,0,0,0,0,0,70,0,0,0
1.660221,0,2684,392030,135,0,0,0,0,0,0,70,0,0,0
1.662745,0,2302,524567,134,0,0,0,0,0,0,71,0,0,0
1.664635,0,2729,351392,135,0,0,0,0,0,0,69,0,0,0
1.666322,0,2765,346441,134,0,0,0,0,0,0,71,0,0,0
1.667889,0,2728,345227,134,0,0,0,0,0,0,71,0,0,0
1.669456,0,2730,345593,134,0,0,0,0,0,0,71,0,0,0
1.671457,0,2712,343394,134,0,0,0,0,0,0,70,0,0,0
1.673028,0,2695,395077,135,0,0,0,0,0,0,70,0,0,0
1.674688,0,2554,477225,134,0,0,0,0,0,0,70,0,0,0
1.676456,0,2469,346474,135,0,0,0,0,0,0,69,0,0,0
1.678029,0,2733,346937,134,0,0,0,0,0,0,71,0,0,0
1.679603,0,2726,346284,134,0,0,0,0,0,0,69,0,0,0
1.681169,0,2635,345975,134,0,0,0,0,0,0,70,0,0,0
1.682788,0,2663,324823,134,0,0,0,0,0,0,70,0,0,0
1.684927,0,2746,350847,134,0,0,0,0,0,0,71,0,0,0
1.686601,0,2761,300499,134,0,0,0,0,0,0,69,0,0,0
1.688172,0,2760,392541,135,0,0,0,0,0,0,70,0,0,0
1.689989,0,2714,378575,134,0,0,0,0,0,0,70,0,0,0
1.691611,0,2750,345839,134,0,0,0,0,0,0,70,0,0,0
1.693185,0,2590,348276,134,0,0,0,0,0,0,70,0,0,0
1.694758,0,2744,348358,134,0,0,0,0,0,0,72,0,0,0
1.696333,0,2073,344079,134,0,0,0,0,0,0,72,0,0,0
1.698064,0,2150,419059,134,0,0,0,0,0,0,70,0,0,0
1.700020,0,2090,466716,134,0,0,0,0,0,0,71,0,0,0
1.701828,0,2148,333363,134,0,0,0,0,0,0,72,0,0,0
1.704373,0,2064,556850,134,0,0,0,0,0,0,72,0,0,0
1.706289,0,1949,337905,134,0,0,0,0,0,0,71,0,0,0
1.707873,0,2043,349122,134,0,0,0,0,0,0,72,0,0,0
1.709429,0,2365,319968,134,0,0,0,0,0,0,71,0,0,0
1.710834,0,1737,292307,134,0,0,0,0,0,0,71,0,0,0
1.712242,0,1664,339969,135,0,0,0,0,0,0,70,0,0,0
1.713790,0,2385,341250,134,0,0,0,0,0,0,71,0,0,0
1.715283,0,2307,321156,134,0,0,0,0,0,0,69,0,0,0
1.716782,0,2387,277899,134,0,0,0,0,0,0,69,0,0,0
1.718199,0,2301,277896,134,0,0,0,0,0,0,70,0,0,0
1.719627,0,2324,276639,134,0,0,0,0,0,0,72,0,0,0
1.721043,0,2327,274317,134,0,0,0,0,0,0,72,0,0,0
1.722505,0,2406,283763,134,0,0,0,0,0,0,71,0,0,0
1.723983,0,2023,437839,118,0,0,0,0,0,0,71,0,0,0
1.725742,0,2646,363744,134,0,0,0,0,0,0,71,0,0,0
1.727307,0,2786,344080,135,0,0,0,0,0,0,72,0,0,0
1.728832,0,2755,326197,134,0,0,0,0,0,0,71,0,0,0
1.730407,0,2749,336682,134,0,0,0,0,0,0,70,0,0,0
1.731968,0,2698,345211,134,0,0,0,0,0,0,72,0,0,0
1.733542,0,2715,346054,134,0,0,0,0,0,0,70,0,0,0
1.735447,0,1999,383767,134,0,0,0,0,0,0,70,0,0,0
1.737848,0,2458,368858,135,0,0,0,0,0,0,72,0,0,0
1.739527,0,2422,364318,134,0,0,0,0,0,0,70,0,0,0
1.741363,0,2696,345327,134,0,0,0,0,0,0,71,0,0,0
1.743036,0,2544,443327,134,0,0,0,0,0,0,70,0,0,0
1.744752,0,2755,346145,134,0,0,0,0,0,0,71,0,0,0
1.746373,0,2566,346793,134,0,0,0,0,0,0,73,0,0,0
1.747941,0,2616,348445,134,0,0,0,0,0,0,72,0,0,0
1.749506,0,2579,346072,134,0,0,0,0,0,0,69,0,0,0
1.751265,0,2417,526750,134,0,0,0,0,0,0,70,0,0,0
1.753172,0,2711,303341,134,0,0,0,0,0,0,72,0,0,0
1.754692,0,2746,350916,134,0,0,0,0,0,0,71,0,0,0
1.756274,0,2747,345608,134,0,0,0,0,0,0,71,0,0,0
1.758257,0,2762,346029,134,0,0,0,0,0,0,72,0,0,0
1.761201,0,2725,345249,134,0,0,0,0,0,0,69,0,0,0
1.762776,0,2192,412410,134,0,0,0,0,0,0,70,0,0,0
1.764727,0,2391,351396,135,0,0,0,0,0,0,69,0,0,0
1.766350,0,2350,323026,125,0,0,0,0,0,0,68,0,0,0
1.767980,0,2307,333669,125,0,0,0,0,0,0,67,0,0,0
1.769569,0,2431,317562,125,0,0,0,0,0,0,69,0,0,0
1.771160,0,2335,325522,125,0,0,0,0,0,0,70,0,0,0
1.773012,0,2351,321063,126,0,0,0,0,0,0,70,0,0,0
1.774613,0,2451,366662,126,0,0,0,0,0,0,69,0,0,0
1.776337,0,2399,361554,125,0,0,0,0,0,0,68,0,0,0
1.777992,0,2347,356065,126,0,0,0,0,0,0,68,0,0,0
1.779811,0,1913,342028,126,0,0,0,0,0,0,70,0,0,0
1.781408,0,2290,316712,125,0,0,0,0,0,0,70,0,0,0
1.782929,0,1867,340200,126,0,0,0,0,0,0,68,0,0,0
1.784564,0,1906,356811,126,0,0,0,0,0,0,69,0,0,0
1.786227,0,2335,327254,125,0,0,0,0,0,0,67,0,0,0
1.787749,0,2093,300866,126,0,0,0,0,0,0,68,0,0,0
1.789211,0,2404,295390,126,0,0,0,0,0,0,70,0,0,0
1.790729,0,1748,302606,125,0,0,0,0,0,0,70,0,0,0
1.792272,0,2387,302685,126,0,0,0,0,0,0,68,0,0,0
1.793875,0,2429,323722,125,0,0,0,0,0,0,68,0,0,0
1.795459,0,2447,300863,125,0,0,0,0,0,0,68,0,0,0
1.796977,0,2474,302981,126,0,0,0,0,0,0,68,0,0,0
1.798522,0,2498,407560,125,0,0,0,0,0,0,70,0,0,0
1.800248,0,2538,312064,125,0,0,0,0,0,0,68,0,0,0
1.801761,0,2352,299415,126,0,0,0,0,0,0,68,0,0,0
1.803293,0,2160,314417,126,0,0,0,0,0,0,70,0,0,0
1.804865,0,2523,318955,125,0,0,0,0,0,0,69,0,0,0
1.806671,0,2526,318154,125,0,0,0,0,0,0,70,0,0,0
1.808268,0,2540,319373,126,0,0,0,0,0,0,68,0,0,0
1.809846,0,2534,350965,126,0,0,0,0,0,0,68,0,0,0
1.811474,0,1964,318800,125,0,0,0,0,0,0,68,0,0,0
1.813041,0,2547,317793,125,0,0,0,0,0,0,68,0,0,0
1.814759,0,2489,318761,125,0,0,0,0,0,0,69,0,0,0
1.816402,0,2529,360391,126,0,0,0,0,0,0,68,0,0,0
1.819075,0,2112,379392,125,0,0,0,0,0,0,69,0,0,0
1.820822,0,2526,318931,125,0,0,0,0,0,0,70,0,0,0
1.822524,0,2559,315605,125,0,0,0,0,0,0,67,0,0,0
1.824197,0,2600,369062,126,0,0,0,0,0,0,68,0,0,0
1.825971,0,2510,281777,125,0,0,0,0,0,0,69,0,0,0
1.827485,0,2533,328169,126,0,0,0,0,0,0,67,0,0,0
1.829059,0,1896,318963,126,0,0,0,0,0,0,70,0,0,0
1.830582,0,2539,316550,126,0,0,0,0,0,0,68,0,0,0
1.832285,0,2545,424482,125,0,0,0,0,0,0,68,0,0,0
1.833805,0,2514,337363,126,0,0,0,0,0,0,67,0,0,0
1.835420,0,2329,321793,125,0,0,0,0,0,0,69,0,0,0
1.836992,0,2503,361400,126,0,0,0,0,0,0,68,0,0,0
1.838631,0,2548,361166,126,0,0,0,0,0,0,70,0,0,0
1.840832,0,2485,338962,126,0,0,0,0,0,0,68,0,0,0
1.842455,0,2213,302077,126,0,0,0,0,0,0,69,0,0,0
1.844060,0,2521,317060,126,0,0,0,0,0,0,69,0,0,0
1.845732,0,2596,313059,125,0,0,0,0,0,0,70,0,0,0
1.847295,0,2462,317063,126,0,0,0,0,0,0,70,0,0,0
1.848859,0,2496,315832,125,0,0,0,0,0,0,69,0,0,0
1.850496,0,2567,321906,126,0,0,0,0,0,0,68,0,0,0
1.852141,0,1967,341313,126,0,0,0,0,0,0,70,0,0,0
1.853752,0,2556,318995,125,0,0,0,0,0,0,67,0,0,0
1.855330,0,2531,319454,126,0,0,0,0,0,0,68,0,0,0
1.856906,0,2566,318059,126,0,0,0,0,0,0,70,0,0,0
1.858534,0,2431,319336,125,0,0,0,0,0,0,69,0,0,0
1.860208,0,2552,360405,125,0,0,0,0,0,0,69,0,0,0
1.862126,0,2452,319361,126,0,0,0,0,0,0,68,0,0,0
1.863890,0,1858,374268,126,0,0,0,0,0,0,70,0,0,0
1.865574,0,1920,320671,126,0,0,0,0,0,0,69,0,0,0
1.867180,0,1872,855648,125,0,0,0,0,0,0,69,0,0,0
1.871331,0,2074,322780,126,0,0,0,0,0,0,70,0,0,0
1.873096,0,1778,398632,126,0,0,0,0,0,0,69,0,0,0
1.874822,0,1982,409921,126,0,0,0,0,0,0,68,0,0,0
1.876492,0,2176,295382,126,0,0,0,0,0,0,70,0,0,0
1.877980,0,2176,270258,110,0,0,0,0,0,0,68,0,0,0
1.879433,0,2228,261733,111,0,0,0,0,0,0,68,0,0,0
1.880829,0,1731,262858,125,0,0,0,0,0,0,69,0,0,0
1.882379,0,2241,355515,126,0,0,0,0,0,0,68,0,0,0
1.883830,0,2371,262065,122,0,0,0,0,0,0,68,0,0,0
1.885224,0,1940,265074,125,0,0,0,0,0,0,68,0,0,0
1.886617,0,2232,318741,125,0,0,0,0,0,0,68,0,0,0
1.888148,0,2275,308937,112,0,0,0,0,0,0,68,0,0,0
1.889709,0,2227,354441,125,0,0,0,0,0,0,68,0,0,0
1.891224,0,2229,261458,126,0,0,0,0,0,0,70,0,0,0
1.892665,0,2239,265429,125,0,0,0,0,0,0,68,0,0,0
1.894133,0,2110,278569,125,0,0,0,0,0,0,69,0,0,0
1.895561,0,1656,255162,110,0,0,0,0,0,0,70,0,0,0
1.896940,0,2114,252703,114,0,0,0,0,0,0,68,0,0,0
1.898358,0,2093,250822,126,0,0,0,0,0,0,67,0,0,0
1.899710,0,2182,246824,125,0,0,0,0,0,0,68,0,0,0
1.901059,0,2208,247453,126,0,0,0,0,0,0,70,0,0,0
1.902408,0,2230,247682,110,0,0,0,0,0,0,68,0,0,0
1.903758,0,2116,250005,126,0,0,0,0,0,0,69,0,0,0
1.905119,0,1695,252390,125,0,0,0,0,0,0,68,0,0,0
1.906471,0,2151,243259,125,0,0,0,0,0,0,68,0,0,0
1.907810,0,1789,245790,125,0,0,0,0,0,0,68,0,0,0
1.909156,0,2144,247830,126,0,0,0,0,0,0,67,0,0,0
1.910493,0,1731,243547,117,0,0,0,0,0,0,68,0,0,0
1.911831,0,2151,241988,125,0,0,0,0,0,0,68,0,0,0
1.913171,0,2205,246292,126,0,0,0,0,0,0,68,0,0,0
1.914536,0,2168,240769,126,0,0,0,0,0,0,70,0,0,0
1.915870,0,1739,239224,125,0,0,0,0,0,0,68,0,0,0
1.917196,0,2230,238030,126,0,0,0,0,0,0,69,0,0,0
1.918532,0,2234,244146,125,0,0,0,0,0,0,69,0,0,0
1.919906,0,1802,238855,126,0,0,0,0,0,0,67,0,0,0
1.921236,0,1611,239080,126,0,0,0,0,0,0,69,0,0,0
1.922581,0,2367,246123,125,0,0,0,0,0,0,69,0,0,0
1.923911,0,1816,256517,125,0,0,0,0,0,0,68,0,0,0
1.925259,0,2003,240354,125,0,0,0,0,0,0,69,0,0,0
1.926646,0,1692,244516,110,0,0,0,0,0,0,69,0,0,0
1.928012,0,1610,260678,125,0,0,0,0,0,0,69,0,0,0
1.929350,0,2197,246396,125,0,0,0,0,0,0,68,0,0,0
1.930674,0,2133,234515,126,0,0,0,0,0,0,69,0,0,0
1.932035,0,2095,253073,125,0,0,0,0,0,0,69,0,0,0
1.933353,0,2190,235522,111,0,0,0,0,0,0,67,0,0,0
1.934672,0,1630,236853,125,0,0,0,0,0,0,70,0,0,0
1.936060,0,2048,246914,126,0,0,0,0,0,0,69,0,0,0
1.937380,0,1700,235087,110,0,0,0,0,0,0,70,0,0,0
1.938697,0,2204,234847,111,0,0,0,0,0,0,69,0,0,0
1.940045,0,2109,254120,126,0,0,0,0,0,0,68,0,0,0
1.941360,0,1943,234770,126,0,0,0,0,0,0,69,0,0,0
1.942675,0,2101,232808,112,0,0,0,0,0,0,68,0,0,0
1.944004,0,1928,242110,125,0,0,0,0,0,0,70,0,0,0
1.945319,0,1859,235869,110,0,0,0,0,0,0,68,0,0,0
1.946648,0,2190,244117,126,0,0,0,0,0,0,70,0,0,0
1.948011,0,1967,240531,110,0,0,0,0,0,0,65,0,0,0
1.949326,0,1894,202766,110,0,0,0,0,0,0,66,0,0,0
1.950640,0,1913,201760,110,0,0,0,0,0,0,65,0,0,0
1.951997,0,1987,224094,110,0,0,0,0,0,0,65,0,0,0
1.953464,0,2216,255988,110,0,0,0,0,0,0,65,0,0,0
1.954875,0,2141,253336,110,0,0,0,0,0,0,65,0,0,0
1.956330,0,2163,257578,110,0,0,0,0,0,0,67,0,0,0
1.957769,0,2215,248812,109,0,0,0,0,0,0,64,0,0,0
1.959226,0,2101,322128,110,0,0,0,0,0,0,65,0,0,0
1.960997,0,3114,301790,131,0,0,0,0,0,0,64,0,0,0
1.962692,0,3083,320254,130,0,0,0,0,0,0,67,0,0,0
1.964457,0,2224,493540,131,0,0,0,0,0,0,65,0,0,0
1.966415,0,2895,326832,131,0,0,0,0,0,0,65,0,0,0
1.968391,0,2879,472619,131,0,0,0,0,0,0,66,0,0,0
1.970399,0,2563,355445,131,0,0,0,0,0,0,67,0,0,0
1.972263,0,2865,444128,130,0,0,0,0,0,0,65,0,0,0
1.974127,0,2233,333961,131,0,0,0,0,0,0,65,0,0,0
1.975902,0,2621,326571,131,0,0,0,0,0,0,65,0,0,0
1.977831,0,2556,403775,131,0,0,0,0,0,0,65,0,0,0
1.979722,0,3086,344726,131,0,0,0,0,0,0,66,0,0,0
1.981444,0,2858,334950,131,0,0,0,0,0,0,65,0,0,0
1.983105,0,2648,326436,131,0,0,0,0,0,0,66,0,0,0
1.984769,0,2137,369169,131,0,0,0,0,0,0,67,0,0,0
1.986598,0,2886,400814,130,0,0,0,0,0,0,66,0,0,0
1.988475,0,3110,340694,131,0,0,0,0,0,0,66,0,0,0
1.990173,0,2858,327005,130,0,0,0,0,0,0,66,0,0,0
1.991891,0,2896,327122,131,0,0,0,0,0,0,65,0,0,0
1.993607,0,2864,332745,131,0,0,0,0,0,0,65,0,0,0
1.995340,0,2865,338082,131,0,0,0,0,0,0,65,0,0,0
1.997474,0,2919,325734,131,0,0,0,0,0,0,66,0,0,0
1.999168,0,2082,365004,131,0,0,0,0,0,0,65,0,0,0
2.000941,0,2888,326660,130,0,0,0,0,0,0,66,0,0,0
2.002727,0,2683,327348,131,0,0,0,0,0,0,66,0,0,0
2.004628,0,2867,325392,130,0,0,0,0,0,0,67,0,0,0
2.006344,0,2856,332336,130,0,0,0,0,0,0,66,0,0,0
2.008167,0,2670,324143,130,0,0,0,0,0,0,67,0,0,0
2.009910,0,2496,337370,131,0,0,0,0,0,0,66,0,0,0
2.011637,0,2244,311029,131,0,0,0,0,0,0,65,0,0,0
2.013422,0,2614,339655,131,0,0,0,0,0,0,65,0,0,0
2.015139,0,2861,451457,131,0,0,0,0,0,0,65,0,0,0
2.017080,0,2853,330844,131,0,0,0,0,0,0,65,0,0,0
2.018892,0,2274,388236,131,0,0,0,0,0,0,65,0,0,0
2.020955,0,2421,377355,131,0,0,0,0,0,0,65,0,0,0
2.022776,0,2249,360381,131,0,0,0,0,0,0,66,0,0,0
2.024566,0,2650,370204,130,0,0,0,0,0,0,66,0,0,0
2.026327,0,2693,330280,131,0,0,0,0,0,0,65,0,0,0
2.027984,0,2237,340341,130,0,0,0,0,0,0,66,0,0,0
2.029720,0,2378,340644,131,0,0,0,0,0,0,65,0,0,0
2.031467,0,2641,324296,131,0,0,0,0,0,0,65,0,0,0
2.033121,0,2855,308144,131,0,0,0,0,0,0,65,0,0,0
2.034796,0,2474,426012,131,0,0,0,0,0,0,66,0,0,0
2.036663,0,2828,312635,130,0,0,0,0,0,0,67,0,0,0
2.038279,0,3041,308630,130,0,0,0,0,0,0,65,0,0,0
2.039881,0,2406,411718,130,0,0,0,0,0,0,67,0,0,0
2.041720,0,2272,315906,130,0,0,0,0,0,0,65,0,0,0
2.043419,0,2473,336142,131,0,0,0,0,0,0,66,0,0,0
2.045224,0,3033,326994,130,0,0,0,0,0,0,66,0,0,0
2.047053,0,2430,321179,131,0,0,0,0,0,0,66,0,0,0
2.048770,0,2825,335314,131,0,0,0,0,0,0,67,0,0,0
2.050464,0,2836,325434,130,0,0,0,0,0,0,67,0,0,0
2.052223,0,2684,357400,131,0,0,0,0,0,0,65,0,0,0
2.053920,0,2830,326847,130,0,0,0,0,0,0,65,0,0,0
2.055636,0,2644,325847,131,0,0,0,0,0,0,65,0,0,0
2.057330,0,2375,520401,131,0,0,0,0,0,0,65,0,0,0
2.059481,0,2988,335086,130,0,0,0,0,0,0,66,0,0,0
2.061177,0,2658,1024489,131,0,0,0,0,0,0,65,0,0,0
2.064439,0,2673,503454,130,0,0,0,0,0,0,64,0,0,0
2.066356,0,2661,339561,131,0,0,0,0,0,0,66,0,0,0
2.068120,0,3149,325540,131,0,0,0,0,0,0,65,0,0,0
2.069818,0,2302,324179,130,0,0,0,0,0,0,66,0,0,0
2.071515,0,2602,357917,130,0,0,0,0,0,0,66,0,0,0
2.073250,0,3018,372945,131,0,0,0,0,0,0,66,0,0,0
2.075074,0,2868,353912,131,0,0,0,0,0,0,65,0,0,0
2.076880,0,2865,393911,131,0,0,0,0,0,0,65,0,0,0
2.078714,0,2850,336648,131,0,0,0,0,0,0,66,0,0,0
2.080461,0,3001,414788,131,0,0,0,0,0,0,66,0,0,0
2.082379,0,2327,335670,130,0,0,0,0,0,0,65,0,0,0
2.084480,0,2824,324219,131,0,0,0,0,0,0,65,0,0,0
2.086186,0,2801,335262,131,0,0,0,0,0,0,67,0,0,0
2.087957,0,3093,336090,131,0,0,0,0,0,0,66,0,0,0
2.089664,0,2858,328690,131,0,0,0,0,0,0,65,0,0,0
2.091371,0,3111,324040,131,0,0,0,0,0,0,65,0,0,0
2.093077,0,2287,328545,130,0,0,0,0,0,0,67,0,0,0
2.094796,0,2846,335623,131,0,0,0,0,0,0,67,0,0,0
2.096713,0,2519,361645,131,0,0,0,0,0,0,66,0,0,0
2.098572,0,3112,325915,131,0,0,0,0,0,0,64,0,0,0
2.102204,0,3043,1328518,131,0,0,0,0,0,0,66,0,0,0
2.103923,0,2858,330953,130,0,0,0,0,0,0,66,0,0,0
2.105624,0,2518,326142,130,0,0,0,0,0,0,65,0,0,0
2.107528,0,4248,339333,131,0,0,0,0,0,0,66,0,0,0
2.109368,0,1886,295650,131,0,0,0,0,0,0,61,0,0,0
2.111016,0,1910,232230,93,0,0,0,0,0,0,62,0,0,0
2.112537,0,1914,226713,95,0,0,0,0,0,0,61,0,0,0
2.114055,0,1774,247700,93,0,0,0,0,0,0,62,0,0,0
2.115665,0,1670,227306,95,0,0,0,0,0,0,63,0,0,0
2.117244,0,1716,229096,95,0,0,0,0,0,0,62,0,0,0
2.118873,0,1743,230956,93,0,0,0,0,0,0,63,0,0,0
2.120464,0,2414,239848,95,0,0,0,0,0,0,64,0,0,0
2.123366,0,2286,474660,113,0,0,0,0,0,0,63,0,0,0
2.125866,0,2380,278264,111,0,0,0,0,0,0,63,0,0,0
2.127669,0,2561,279242,111,0,0,0,0,0,0,63,0,0,0
2.129378,0,2419,275787,111,0,0,0,0,0,0,62,0,0,0
2.131098,0,2148,279793,111,0,0,0,0,0,0,62,0,0,0
2.132876,0,1816,306824,111,0,0,0,0,0,0,63,0,0,0
2.134667,0,2440,286959,111,0,0,0,0,0,0,62,0,0,0
2.136454,0,2083,296736,113,0,0,0,0,0,0,61,0,0,0
2.138225,0,2436,269802,113,0,0,0,0,0,0,63,0,0,0
2.139950,0,2423,287134,111,0,0,0,0,0,0,63,0,0,0
2.141677,0,2425,269206,111,0,0,0,0,0,0,64,0,0,0
2.143463,0,2423,275146,111,0,0,0,0,0,0,63,0,0,0
2.145176,0,2107,422524,113,0,0,0,0,0,0,63,0,0,0
2.147508,0,2406,269127,111,0,0,0,0,0,0,62,0,0,0
2.149195,0,2211,277990,111,0,0,0,0,0,0,62,0,0,0
2.151173,0,2261,276302,111,0,0,0,0,0,0,62,0,0,0
2.152885,0,2550,277835,113,0,0,0,0,0,0,63,0,0,0
2.154638,0,2426,308412,111,0,0,0,0,0,0,62,0,0,0
2.156409,0,2425,275000,113,0,0,0,0,0,0,63,0,0,0
2.158103,0,2208,312823,113,0,0,0,0,0,0,62,0,0,0
2.161542,0,2432,1011718,113,0,0,0,0,0,0,62,0,0,0
2.163361,0,2642,283125,111,0,0,0,0,0,0,62,0,0,0
2.165063,0,2610,278544,111,0,0,0,0,0,0,63,0,0,0
2.167097,0,1886,321136,111,0,0,0,0,0,0,63,0,0,0
2.168947,0,2432,291681,111,0,0,0,0,0,0,63,0,0,0
2.170669,0,2438,328954,111,0,0,0,0,0,0,62,0,0,0
2.172519,0,2421,277934,111,0,0,0,0,0,0,64,0,0,0
2.174246,0,2602,284536,113,0,0,0,0,0,0,63,0,0,0
2.175966,0,1994,412038,113,0,0,0,0,0,0,63,0,0,0
2.177984,0,2359,303464,111,0,0,0,0,0,0,62,0,0,0
2.180791,0,2180,273621,111,0,0,0,0,0,0,62,0,0,0
2.182487,0,2404,272971,111,0,0,0,0,0,0,62,0,0,0
2.184415,0,1966,380461,111,0,0,0,0,0,0,63,0,0,0
2.186201,0,2526,284081,112,0,0,0,0,0,0,62,0,0,0
2.187927,0,2417,344366,111,0,0,0,0,0,0,62,0,0,0
2.189815,0,2746,328624,111,0,0,0,0,0,0,62,0,0,0
2.191682,0,2413,277312,113,0,0,0,0,0,0,63,0,0,0
2.193388,0,2543,274229,111,0,0,0,0,0,0,63,0,0,0
2.195099,0,2219,274994,113,0,0,0,0,0,0,64,0,0,0
2.196810,0,2408,283044,111,0,0,0,0,0,0,63,0,0,0
2.198514,0,2367,273851,111,0,0,0,0,0,0,63,0,0,0
2.200441,0,2009,389720,111,0,0,0,0,0,0,63,0,0,0
2.202396,0,2238,263933,113,0,0,0,0,0,0,62,0,0,0
2.204082,0,2365,260746,111,0,0,0,0,0,0,62,0,0,0
2.205740,0,2420,260418,111,0,0,0,0,0,0,62,0,0,0
2.207405,0,2404,259305,112,0,0,0,0,0,0,62,0,0,0
2.209183,0,2209,272795,112,0,0,0,0,0,0,63,0,0,0
2.210899,0,2393,273738,111,0,0,0,0,0,0,62,0,0,0
2.212618,0,2662,275844,111,0,0,0,0,0,0,64,0,0,0
2.214337,0,2425,279436,113,0,0,0,0,0,0,63,0,0,0
2.216287,0,2617,284747,113,0,0,0,0,0,0,62,0,0,0
2.218006,0,2240,305056,113,0,0,0,0,0,0,63,0,0,0
2.220005,0,2410,277122,111,0,0,0,0,0,0,62,0,0,0
2.221724,0,2127,285538,113,0,0,0,0,0,0,62,0,0,0
2.223552,0,2403,281181,111,0,0,0,0,0,0,62,0,0,0
2.225425,0,2406,280071,113,0,0,0,0,0,0,62,0,0,0
2.227171,0,2409,284216,111,0,0,0,0,0,0,63,0,0,0
2.228890,0,2620,276617,111,0,0,0,0,0,0,62,0,0,0
2.231221,0,2371,307468,111,0,0,0,0,0,0,63,0,0,0
2.233011,0,2347,278478,111,0,0,0,0,0,0,62,0,0,0
2.234711,0,2339,403987,111,0,0,0,0,0,0,63,0,0,0
2.236767,0,1994,286764,111,0,0,0,0,0,0,63,0,0,0
2.239248,0,1918,242518,113,0,0,0,0,0,0,62,0,0,0
2.240781,0,2571,240161,113,0,0,0,0,0,0,62,0,0,0
2.242512,0,2373,276302,112,0,0,0,0,0,0,62,0,0,0
2.244300,0,2682,318974,111,0,0,0,0,0,0,63,0,0,0
2.246155,0,2353,768605,112,0,0,0,0,0,0,63,0,0,0
2.249078,0,2105,283939,111,0,0,0,0,0,0,62,0,0,0
2.250852,0,2400,279043,112,0,0,0,0,0,0,63,0,0,0
2.252520,0,2422,274990,112,0,0,0,0,0,0,62,0,0,0
2.254173,0,2415,275107,111,0,0,0,0,0,0,63,0,0,0
2.255824,0,2426,275407,113,0,0,0,0,0,0,62,0,0,0
2.257495,0,2573,283582,111,0,0,0,0,0,0,62,0,0,0
2.259258,0,2614,330313,111,0,0,0,0,0,0,62,0,0,0
2.261115,0,2415,285558,113,0,0,0,0,0,0,63,0,0,0
2.263409,0,2333,323148,113,0,0,0,0,0,0,64,0,0,0
2.265176,0,2481,272555,111,0,0,0,0,0,0,62,0,0,0
2.267003,0,2472,277688,111,0,0,0,0,0,0,62,0,0,0
2.268700,0,2415,270579,111,0,0,0,0,0,0,63,0,0,0
2.270742,0,1548,277301,55,0,0,0,0,0,0,60,0,0,0
2.272845,0,1707,231745,85,0,0,0,0,0,0,60,0,0,0
2.274473,0,1697,205508,84,0,0,0,0,0,0,61,0,0,0
2.276103,0,1697,189405,84,0,0,0,0,0,0,60,0,0,0
2.277624,0,1661,203895,85,0,0,0,0,0,0,61,0,0,0
2.279206,0,1693,256457,84,0,0,0,0,0,0,60,0,0,0
2.280927,0,2112,216178,84,0,0,0,0,0,0,61,0,0,0
2.282851,0,2308,257765,100,0,0,0,0,0,0,60,0,0,0
2.284652,0,2093,245394,100,0,0,0,0,0,0,60,0,0,0
2.286355,0,1708,248603,100,0,0,0,0,0,0,60,0,0,0
2.288123,0,1718,248664,100,0,0,0,0,0,0,61,0,0,0
2.289817,0,2136,279892,100,0,0,0,0,0,0,61,0,0,0
2.291591,0,2133,234100,100,0,0,0,0,0,0,60,0,0,0
2.293233,0,2130,227856,100,0,0,0,0,0,0,61,0,0,0
2.294875,0,2137,230734,100,0,0,0,0,0,0,61,0,0,0
2.296524,0,2142,235252,100,0,0,0,0,0,0,61,0,0,0
2.298241,0,1783,246705,100,0,0,0,0,0,0,61,0,0,0
2.299940,0,2354,245103,99,0,0,0,0,0,0,61,0,0,0
2.301657,0,2264,248827,100,0,0,0,0,0,0,60,0,0,0
2.303572,0,1989,254257,100,0,0,0,0,0,0,61,0,0,0
2.305516,0,2014,252983,100,0,0,0,0,0,0,60,0,0,0
2.307256,0,1750,252748,99,0,0,0,0,0,0,60,0,0,0
2.308973,0,2144,249424,99,0,0,0,0,0,0,60,0,0,0
2.310679,0,2136,243697,99,0,0,0,0,0,0,60,0,0,0
2.312422,0,2133,296547,100,0,0,0,0,0,0,59,0,0,0
2.314317,0,1753,249949,100,0,0,0,0,0,0,60,0,0,0
2.316144,0,2243,250401,98,0,0,0,0,0,0,60,0,0,0
2.317860,0,1628,261146,100,0,0,0,0,0,0,60,0,0,0
2.319587,0,2136,250627,100,0,0,0,0,0,0,60,0,0,0
2.321525,0,1764,272446,100,0,0,0,0,0,0,60,0,0,0
2.323591,0,1625,282067,100,0,0,0,0,0,0,61,0,0,0
2.325643,0,2102,265629,100,0,0,0,0,0,0,61,0,0,0
2.327394,0,2075,276231,100,0,0,0,0,0,0,60,0,0,0
2.329213,0,2146,247502,100,0,0,0,0,0,0,61,0,0,0
2.330922,0,2302,224565,100,0,0,0,0,0,0,61,0,0,0
2.332563,0,2135,342588,98,0,0,0,0,0,0,60,0,0,0
2.334514,0,2105,241524,100,0,0,0,0,0,0,60,0,0,0
2.336383,0,1761,362803,100,0,0,0,0,0,0,60,0,0,0
2.338282,0,2120,257556,100,0,0,0,0,0,0,61,0,0,0
2.340132,0,2067,244568,100,0,0,0,0,0,0,60,0,0,0
2.341851,0,1722,240443,100,0,0,0,0,0,0,61,0,0,0
2.343430,0,1620,204088,100,0,0,0,0,0,0,60,0,0,0
2.345015,0,1395,203713,100,0,0,0,0,0,0,61,0,0,0
2.346630,0,1366,263966,100,0,0,0,0,0,0,61,0,0,0
2.348361,0,1491,182597,100,0,0,0,0,0,0,60,0,0,0
2.349895,0,1516,205210,98,0,0,0,0,0,0,60,0,0,0
2.351468,0,1407,212434,100,0,0,0,0,0,0,60,0,0,0
2.353200,0,1463,207824,101,0,0,0,0,0,0,61,0,0,0
2.354811,0,1610,311818,98,0,0,0,0,0,0,61,0,0,0
2.356704,0,1533,217523,100,0,0,0,0,0,0,60,0,0,0
2.358320,0,1605,212359,100,0,0,0,0,0,0,60,0,0,0
2.359897,0,1672,204829,100,0,0,0,0,0,0,60,0,0,0
2.361470,0,1729,299427,100,0,0,0,0,0,0,60,0,0,0
2.363486,0,1715,286414,100,0,0,0,0,0,0,61,0,0,0
2.365067,0,1592,205795,100,0,0,0,0,0,0,61,0,0,0
2.366673,0,1673,210177,100,0,0,0,0,0,0,61,0,0,0
2.368281,0,1719,199447,100,0,0,0,0,0,0,60,0,0,0
2.369855,0,1495,229663,100,0,0,0,0,0,0,60,0,0,0
2.371555,0,1555,199174,100,0,0,0,0,0,0,60,0,0,0
2.373332,0,1400,226807,100,0,0,0,0,0,0,60,0,0,0
2.375124,0,1480,221937,98,0,0,0,0,0,0,61,0,0,0
2.376757,0,1420,198396,100,0,0,0,0,0,0,61,0,0,0
2.378400,0,1323,216198,100,0,0,0,0,0,0,61,0,0,0
2.380292,0,1359,244092,100,0,0,0,0,0,0,61,0,0,0
2.382049,0,1360,216418,98,0,0,0,0,0,0,61,0,0,0
2.383762,0,1372,215475,100,0,0,0,0,0,0,60,0,0,0
2.385358,0,1724,235637,100,0,0,0,0,0,0,60,0,0,0
2.387175,0,1328,193863,100,0,0,0,0,0,0,60,0,0,0
2.388710,0,1703,192482,100,0,0,0,0,0,0,61,0,0,0
2.390226,0,1482,196876,100,0,0,0,0,0,0,61,0,0,0
2.391771,0,1637,187537,100,0,0,0,0,0,0,61,0,0,0
2.393294,0,1695,205872,99,0,0,0,0,0,0,61,0,0,0
2.394880,0,1694,200589,98,0,0,0,0,0,0,61,0,0,0
2.396457,0,1726,209415,98,0,0,0,0,0,0,60,0,0,0
2.398025,0,1460,206341,100,0,0,0,0,0,0,60,0,0,0
2.399603,0,1630,196602,93,0,0,0,0,0,0,61,0,0,0
2.401170,0,1581,247161,100,0,0,0,0,0,0,60,0,0,0
2.402851,0,1652,206658,99,0,0,0,0,0,0,60,0,0,0
2.404428,0,1425,182273,99,0,0,0,0,0,0,61,0,0,0
2.405951,0,1667,287545,100,0,0,0,0,0,0,61,0,0,0
2.408203,0,1678,991680,100,0,0,0,0,0,0,60,0,0,0
2.411901,0,1644,232474,98,0,0,0,0,0,0,60,0,0,0
2.413555,0,1689,208497,99,0,0,0,0,0,0,60,0,0,0
2.415134,0,1629,205800,98,0,0,0,0,0,0,61,0,0,0
2.416737,0,1726,261624,100,0,0,0,0,0,0,60,0,0,0
2.418486,0,1710,210324,98,0,0,0,0,0,0,60,0,0,0
2.420181,0,1500,251989,100,0,0,0,0,0,0,59,0,0,0
2.421877,0,1724,199281,99,0,0,0,0,0,0,60,0,0,0
2.423640,0,1701,228031,100,0,0,0,0,0,0,60,0,0,0
2.425285,0,1717,207499,100,0,0,0,0,0,0,61,0,0,0
2.427232,0,1516,282151,98,0,0,0,0,0,0,60,0,0,0
2.429066,0,1626,225010,99,0,0,0,0,0,0,61,0,0,0
2.430826,0,1574,207589,100,0,0,0,0,0,0,60,0,0,0
2.432430,0,1731,212974,88,0,0,0,0,0,0,59,0,0,0
2.434077,0,1459,182959,88,0,0,0,0,0,0,59,0,0,0
2.435653,0,1528,172400,88,0,0,0,0,0,0,58,0,0,0
2.437275,0,1527,188088,89,0,0,0,0,0,0,58,0,0,0
2.438897,0,1184,196769,88,0,0,0,0,0,0,59,0,0,0
2.440544,0,1440,181519,89,0,0,0,0,0,0,58,0,0,0
2.442142,0,1414,191080,88,0,0,0,0,0,0,59,0,0,0
2.443818,0,1541,177187,88,0,0,0,0,0,0,59,0,0,0
2.445404,0,1512,206171,88,0,0,0,0,0,0,59,0,0,0
2.447300,0,1490,177208,89,0,0,0,0,0,0,58,0,0,0
2.449670,0,1523,173110,88,0,0,0,0,0,0,59,0,0,0
2.451445,0,1337,206878,88,0,0,0,0,0,0,59,0,0,0
2.454349,0,1230,175254,85,0,0,0,0,0,0,59,0,0,0
2.455940,0,1316,173025,88,0,0,0,0,0,0,59,0,0,0
2.457498,0,1456,171478,89,0,0,0,0,0,0,59,0,0,0
2.459089,0,1498,174183,88,0,0,0,0,0,0,59,0,0,0
2.460653,0,1457,172580,88,0,0,0,0,0,0,59,0,0,0
2.462211,0,1187,172603,84,0,0,0,0,0,0,58,0,0,0
2.463771,0,1215,173865,88,0,0,0,0,0,0,58,0,0,0
2.465335,0,1324,204058,88,0,0,0,0,0,0,59,0,0,0
2.467203,0,1451,166282,89,0,0,0,0,0,0,58,0,0,0
2.468738,0,1437,168201,88,0,0,0,0,0,0,58,0,0,0
2.470270,0,1499,164178,89,0,0,0,0,0,0,58,0,0,0
2.471792,0,1448,161446,88,0,0,0,0,0,0,58,0,0,0
2.473411,0,1430,163911,88,0,0,0,0,0,0,59,0,0,0
2.475034,0,1432,154940,89,0,0,0,0,0,0,58,0,0,0
2.476608,0,1492,186878,88,0,0,0,0,0,0,58,0,0,0
2.478257,0,1507,176079,85,0,0,0,0,0,0,59,0,0,0
2.480060,0,1455,174585,88,0,0,0,0,0,0,58,0,0,0
2.481649,0,1232,176291,89,0,0,0,0,0,0,58,0,0,0
2.483223,0,1380,224202,88,0,0,0,0,0,0,59,0,0,0
2.484948,0,1498,176808,88,0,0,0,0,0,0,59,0,0,0
2.486568,0,1272,313304,88,0,0,0,0,0,0,59,0,0,0
2.488619,0,1416,228743,88,0,0,0,0,0,0,59,0,0,0
2.490365,0,1501,184260,88,0,0,0,0,0,0,58,0,0,0
2.491967,0,1378,174189,89,0,0,0,0,0,0,58,0,0,0
2.493540,0,1382,192797,88,0,0,0,0,0,0,59,0,0,0
2.495211,0,1536,174302,89,0,0,0,0,0,0,58,0,0,0
2.496863,0,1258,176377,89,0,0,0,0,0,0,58,0,0,0
2.498470,0,1395,184467,88,0,0,0,0,0,0,59,0,0,0
2.500221,0,1387,214713,88,0,0,0,0,0,0,59,0,0,0
2.501834,0,1402,206244,88,0,0,0,0,0,0,59,0,0,0
2.503561,0,1509,177929,88,0,0,0,0,0,0,58,0,0,0
2.505151,0,1484,175534,89,0,0,0,0,0,0,58,0,0,0
2.506727,0,1347,176876,88,0,0,0,0,0,0,58,0,0,0
2.508304,0,1539,169926,88,0,0,0,0,0,0,59,0,0,0
2.509867,0,1807,179630,89,0,0,0,0,0,0,59,0,0,0
2.511605,0,1859,243572,89,0,0,0,0,0,0,59,0,0,0
2.513390,0,1849,207153,89,0,0,0,0,0,0,59,0,0,0
2.515445,0,1849,208608,88,0,0,0,0,0,0,59,0,0,0
2.517162,0,1835,293383,89,0,0,0,0,0,0,59,0,0,0
2.519122,0,1746,231131,88,0,0,0,0,0,0,59,0,0,0
2.521148,0,2062,216847,88,0,0,0,0,0,0,59,0,0,0
2.523522,0,1731,225763,89,0,0,0,0,0,0,59,0,0,0
2.525345,0,1837,223115,88,0,0,0,0,0,0,58,0,0,0
2.527036,0,1847,224735,88,0,0,0,0,0,0,59,0,0,0
2.528967,0,1660,213570,88,0,0,0,0,0,0,58,0,0,0
2.530722,0,1595,235665,88,0,0,0,0,0,0,58,0,0,0
2.532419,0,1736,237431,88,0,0,0,0,0,0,59,0,0,0
2.534097,0,2052,211829,89,0,0,0,0,0,0,58,0,0,0
2.535851,0,2071,223363,88,0,0,0,0,0,0,59,0,0,0
2.537574,0,1594,209493,88,0,0,0,0,0,0,59,0,0,0
2.539414,0,1997,261043,89,0,0,0,0,0,0,59,0,0,0
2.541249,0,2016,198142,88,0,0,0,0,0,0,59,0,0,0
2.542854,0,1571,204124,89,0,0,0,0,0,0,58,0,0,0
2.544602,0,1872,228958,89,0,0,0,0,0,0,59,0,0,0
2.546505,0,2078,207607,89,0,0,0,0,0,0,58,0,0,0
2.548444,0,2095,302344,88,0,0,0,0,0,0,59,0,0,0
2.550097,0,1863,208175,89,0,0,0,0,0,0,59,0,0,0
2.551747,0,1877,208978,88,0,0,0,0,0,0,58,0,0,0
2.553400,0,2055,309447,89,0,0,0,0,0,0,59,0,0,0
2.555450,0,1871,213014,88,0,0,0,0,0,0,59,0,0,0
2.557355,0,1724,210157,88,0,0,0,0,0,0,59,0,0,0
2.559153,0,1715,217743,89,0,0,0,0,0,0,58,0,0,0
2.561043,0,1815,282247,89,0,0,0,0,0,0,58,0,0,0
2.562976,0,1864,193563,88,0,0,0,0,0,0,58,0,0,0
2.564620,0,2056,208468,88,0,0,0,0,0,0,59,0,0,0
2.566336,0,1860,209442,89,0,0,0,0,0,0,58,0,0,0
2.568127,0,1869,208330,88,0,0,0,0,0,0,59,0,0,0
2.569830,0,1854,232307,88,0,0,0,0,0,0,58,0,0,0
2.571606,0,1568,209100,88,0,0,0,0,0,0,59,0,0,0
2.573418,0,1867,205002,88,0,0,0,0,0,0,58,0,0,0
2.575131,0,1592,225322,89,0,0,0,0,0,0,59,0,0,0
2.576919,0,1875,213627,88,0,0,0,0,0,0,59,0,0,0
2.578672,0,1868,225756,88,0,0,0,0,0,0,59,0,0,0
2.580442,0,1856,219849,88,0,0,0,0,0,0,58,0,0,0
2.582155,0,2010,205602,89,0,0,0,0,0,0,58,0,0,0
2.583851,0,1844,209733,89,0,0,0,0,0,0,59,0,0,0
2.585549,0,1685,275090,88,0,0,0,0,0,0,58,0,0,0
2.587625,0,1702,222173,88,0,0,0,0,0,0,59,0,0,0
2.589695,0,1691,204181,88,0,0,0,0,0,0,58,0,0,0
2.591498,0,1858,206972,88,0,0,0,0,0,0,58,0,0,0
2.593214,0,1877,217013,89,0,0,0,0,0,0,59,0,0,0
2.595136,0,1593,197988,88,0,0,0,0,0,0,59,0,0,0
2.596896,0,1774,216367,88,0,0,0,0,0,0,58,0,0,0
2.598633,0,1401,219559,88,0,0,0,0,0,0,54,0,0,0
2.600448,0,1383,135786,61,0,0,0,0,0,0,54,0,0,0
2.602205,0,1361,135456,62,0,0,0,0,0,0,54,0,0,0
2.603978,0,1642,143577,62,0,0,0,0,0,0,54,0,0,0
2.605879,0,1214,139670,61,0,0,0,0,0,0,54,0,0,0
2.607605,0,1358,135520,61,0,0,0,0,0,0,54,0,0,0
2.609330,0,1179,157007,62,0,0,0,0,0,0,54,0,0,0
2.611347,0,1461,148090,62,0,0,0,0,0,0,54,0,0,0
2.613119,0,1368,152774,61,0,0,0,0,0,0,54,0,0,0
2.614907,0,1352,126068,61,0,0,0,0,0,0,54,0,0,0
2.616767,0,1483,156752,62,0,0,0,0,0,0,55,0,0,0
2.618623,0,1388,212362,61,0,0,0,0,0,0,54,0,0,0
2.620984,0,1374,154797,61,0,0,0,0,0,0,54,0,0,0
2.622762,0,1352,158024,61,0,0,0,0,0,0,54,0,0,0
2.624571,0,1469,139297,61,0,0,0,0,0,0,54,0,0,0
2.626377,0,1296,137058,62,0,0,0,0,0,0,54,0,0,0
2.628448,0,1157,138896,61,0,0,0,0,0,0,54,0,0,0
2.630200,0,1361,140602,61,0,0,0,0,0,0,54,0,0,0
2.631955,0,1370,136955,61,0,0,0,0,0,0,54,0,0,0
2.633836,0,1157,156916,62,0,0,0,0,0,0,54,0,0,0
2.635665,0,1366,144249,61,0,0,0,0,0,0,54,0,0,0
2.637584,0,1371,149619,61,0,0,0,0,0,0,54,0,0,0
2.639575,0,1248,142597,61,0,0,0,0,0,0,54,0,0,0
2.641333,0,1383,184755,61,0,0,0,0,0,0,54,0,0,0
2.643312,0,1512,166184,61,0,0,0,0,0,0,55,0,0,0
2.645189,0,1402,136061,61,0,0,0,0,0,0,55,0,0,0
2.646904,0,1148,126467,62,0,0,0,0,0,0,54,0,0,0
2.648551,0,1225,158449,62,0,0,0,0,0,0,54,0,0,0
2.651796,0,1227,139684,62,0,0,0,0,0,0,55,0,0,0
2.654001,0,1204,138550,61,0,0,0,0,0,0,54,0,0,0
2.655714,0,1192,140830,61,0,0,0,0,0,0,54,0,0,0
2.657432,0,1232,137757,61,0,0,0,0,0,0,54,0,0,0
2.659318,0,1213,131307,62,0,0,0,0,0,0,54,0,0,0
2.661114,0,1362,165070,61,0,0,0,0,0,0,54,0,0,0
2.663039,0,1381,178234,61,0,0,0,0,0,0,55,0,0,0
2.664788,0,1364,140528,61,0,0,0,0,0,0,54,0,0,0
2.666469,0,1134,214682,61,0,0,0,0,0,0,54,0,0,0
2.668577,0,1196,139099,62,0,0,0,0,0,0,54,0,0,0
2.670281,0,1166,137940,61,0,0,0,0,0,0,55,0,0,0
2.671982,0,1490,137048,61,0,0,0,0,0,0,54,0,0,0
2.673680,0,1374,136845,61,0,0,0,0,0,0,54,0,0,0
2.675475,0,1764,129329,61,0,0,0,0,0,0,55,0,0,0
2.677112,0,1369,128829,61,0,0,0,0,0,0,54,0,0,0
2.678758,0,1189,136019,61,0,0,0,0,0,0,54,0,0,0
2.680625,0,1151,154718,62,0,0,0,0,0,0,55,0,0,0
2.682333,0,1299,145561,61,0,0,0,0,0,0,54,0,0,0
2.684024,0,1182,147705,61,0,0,0,0,0,0,54,0,0,0
2.685909,0,1369,130455,62,0,0,0,0,0,0,54,0,0,0
2.687700,0,1278,130394,61,0,0,0,0,0,0,55,0,0,0
2.689358,0,1523,128613,62,0,0,0,0,0,0,54,0,0,0
2.691039,0,1298,139848,62,0,0,0,0,0,0,54,0,0,0
2.692946,0,1117,147413,61,0,0,0,0,0,0,54,0,0,0
2.694716,0,1372,145165,61,0,0,0,0,0,0,54,0,0,0
2.696503,0,1219,139483,61,0,0,0,0,0,0,54,0,0,0
2.698206,0,1373,142962,62,0,0,0,0,0,0,55,0,0,0
2.700462,0,1092,142212,61,0,0,0,0,0,0,54,0,0,0
2.702264,0,1394,146346,61,0,0,0,0,0,0,54,0,0,0
2.703974,0,1304,137361,61,0,0,0,0,0,0,54,0,0,0
2.705696,0,1330,140908,61,0,0,0,0,0,0,54,0,0,0
2.707688,0,1360,149850,61,0,0,0,0,0,0,54,0,0,0
2.709478,0,1322,139541,61,0,0,0,0,0,0,55,0,0,0
2.711192,0,826,133078,61,0,0,0,0,0,0,54,0,0,0
2.712766,0,957,117338,59,0,0,0,0,0,0,54,0,0,0
2.714471,0,868,116946,62,0,0,0,0,0,0,53,0,0,0
2.715987,0,1118,107270,61,0,0,0,0,0,0,54,0,0,0
2.717825,0,817,165580,61,0,0,0,0,0,0,54,0,0,0
2.719713,0,986,99208,61,0,0,0,0,0,0,54,0,0,0
2.721372,0,1277,152753,62,0,0,0,0,0,0,54,0,0,0
2.723360,0,1338,141800,61,0,0,0,0,0,0,54,0,0,0
2.725142,0,1344,153960,61,0,0,0,0,0,0,54,0,0,0
2.726926,0,1172,152868,61,0,0,0,0,0,0,54,0,0,0
2.728918,0,1117,138623,61,0,0,0,0,0,0,52,0,0,0
2.730718,0,1084,125953,47,0,0,0,0,0,0,52,0,0,0
2.732609,0,1104,108736,47,0,0,0,0,0,0,52,0,0,0
2.734650,0,1105,113807,47,0,0,0,0,0,0,52,0,0,0
2.736465,0,1105,107011,47,0,0,0,0,0,0,52,0,0,0
2.738348,0,1093,98417,47,0,0,0,0,0,0,52,0,0,0
2.740546,0,1068,111855,47,0,0,0,0,0,0,51,0,0,0
2.742498,0,1082,118889,47,0,0,0,0,0,0,51,0,0,0
2.744383,0,1112,114268,48,0,0,0,0,0,0,51,0,0,0
2.746047,0,1366,92693,47,0,0,0,0,0,0,52,0,0,0
2.747661,0,1091,89664,48,0,0,0,0,0,0,52,0,0,0
2.749271,0,979,92846,47,0,0,0,0,0,0,52,0,0,0
2.750914,0,1055,101462,47,0,0,0,0,0,0,51,0,0,0
2.752619,0,1037,91350,47,0,0,0,0,0,0,52,0,0,0
2.754323,0,1120,94100,47,0,0,0,0,0,0,51,0,0,0
2.756130,0,986,113330,47,0,0,0,0,0,0,52,0,0,0
2.757970,0,1113,94065,47,0,0,0,0,0,0,51,0,0,0
2.759624,0,1113,89840,47,0,0,0,0,0,0,52,0,0,0
2.761308,0,1092,93438,47,0,0,0,0,0,0,51,0,0,0
2.762997,0,1052,108644,47,0,0,0,0,0,0,52,0,0,0
2.764822,0,1029,103403,47,0,0,0,0,0,0,52,0,0,0
2.766509,0,1097,95470,47,0,0,0,0,0,0,52,0,0,0
2.768291,0,1115,114143,47,0,0,0,0,0,0,52,0,0,0
2.769952,0,1044,102606,47,0,0,0,0,0,0,52,0,0,0
2.771714,0,1113,95574,47,0,0,0,0,0,0,52,0,0,0
2.773478,0,1113,100051,47,0,0,0,0,0,0,52,0,0,0
2.775244,0,1029,96232,47,0,0,0,0,0,0,52,0,0,0
2.776952,0,1107,95096,47,0,0,0,0,0,0,52,0,0,0
2.778873,0,1033,95205,47,0,0,0,0,0,0,52,0,0,0
2.780791,0,1029,95449,47,0,0,0,0,0,0,51,0,0,0
2.782510,0,1044,96187,47,0,0,0,0,0,0,52,0,0,0
2.784551,0,1050,144806,48,0,0,0,0,0,0,51,0,0,0
2.786426,0,1105,94936,47,0,0,0,0,0,0,52,0,0,0
2.788209,0,1093,108603,47,0,0,0,0,0,0,51,0,0,0
2.789920,0,982,95812,47,0,0,0,0,0,0,52,0,0,0
2.791650,0,1112,96174,47,0,0,0,0,0,0,52,0,0,0
2.793430,0,920,102065,47,0,0,0,0,0,0,52,0,0,0
2.795212,0,998,102497,47,0,0,0,0,0,0,52,0,0,0
2.797013,0,972,97997,47,0,0,0,0,0,0,52,0,0,0
2.798756,0,1032,99928,47,0,0,0,0,0,0,52,0,0,0
2.800513,0,997,128709,47,0,0,0,0,0,0,52,0,0,0
2.803216,0,977,131619,47,0,0,0,0,0,0,52,0,0,0
2.805313,0,1003,99884,48,0,0,0,0,0,0,52,0,0,0
2.807196,0,886,134516,48,0,0,0,0,0,0,52,0,0,0
2.811278,0,971,421766,47,0,0,0,0,0,0,51,0,0,0
2.812983,0,1112,96524,47,0,0,0,0,0,0,52,0,0,0
2.814784,0,1046,122353,47,0,0,0,0,0,0,51,0,0,0
2.816532,0,1114,112672,47,0,0,0,0,0,0,52,0,0,0
2.818439,0,878,122460,47,0,0,0,0,0,0,52,0,0,0
2.820430,0,1118,118881,47,0,0,0,0,0,0,52,0,0,0
2.822146,0,1082,104022,47,0,0,0,0,0,0,52,0,0,0
2.824008,0,981,125476,47,0,0,0,0,0,0,52,0,0,0
2.825904,0,898,94688,47,0,0,0,0,0,0,52,0,0,0
2.827583,0,945,90618,47,0,0,0,0,0,0,51,0,0,0
2.829288,0,988,90093,47,0,0,0,0,0,0,51,0,0,0
2.831009,0,900,110115,47,0,0,0,0,0,0,52,0,0,0
2.832834,0,1042,92154,47,0,0,0,0,0,0,52,0,0,0
2.834534,0,930,117199,47,0,0,0,0,0,0,52,0,0,0
2.836309,0,1134,112280,47,0,0,0,0,0,0,52,0,0,0
2.838052,0,1119,90163,48,0,0,0,0,0,0,52,0,0,0
2.839659,0,1056,106263,47,0,0,0,0,0,0,52,0,0,0
2.841377,0,1039,91720,48,0,0,0,0,0,0,51,0,0,0
2.843315,0,941,99349,47,0,0,0,0,0,0,51,0,0,0
2.845089,0,1123,100195,48,0,0,0,0,0,0,52,0,0,0
2.847078,0,896,105214,47,0,0,0,0,0,0,52,0,0,0
2.848951,0,1113,101820,47,0,0,0,0,0,0,52,0,0,0
2.850673,0,1019,123647,47,0,0,0,0,0,0,52,0,0,0
2.852587,0,1071,104101,47,0,0,0,0,0,0,52,0,0,0
2.854359,0,892,185261,47,0,0,0,0,0,0,51,0,0,0
2.856698,0,1103,100747,47,0,0,0,0,0,0,52,0,0,0
2.858486,0,1095,94903,47,0,0,0,0,0,0,52,0,0,0
2.860341,0,882,107658,47,0,0,0,0,0,0,52,0,0,0
2.862182,0,937,251355,47,0,0,0,0,0,0,51,0,0,0
2.865012,0,1101,140199,47,0,0,0,0,0,0,52,0,0,0
2.866777,0,1052,148259,47,0,0,0,0,0,0,52,0,0,0
2.868847,0,1117,99534,47,0,0,0,0,0,0,52,0,0,0
2.870575,0,1175,112016,48,0,0,0,0,0,0,52,0,0,0
2.872446,0,1066,115511,48,0,0,0,0,0,0,52,0,0,0
2.874241,0,897,141784,47,0,0,0,0,0,0,51,0,0,0
2.876405,0,913,159086,47,0,0,0,0,0,0,52,0,0,0
2.878747,0,886,146391,47,0,0,0,0,0,0,51,0,0,0
2.880890,0,1043,119125,47,0,0,0,0,0,0,52,0,0,0
2.882661,0,894,111450,47,0,0,0,0,0,0,51,0,0,0
2.884512,0,1062,101719,47,0,0,0,0,0,0,52,0,0,0
2.886222,0,645,95593,47,0,0,0,0,0,0,51,0,0,0
2.887736,0,732,70939,47,0,0,0,0,0,0,52,0,0,0
2.889265,0,770,72936,47,0,0,0,0,0,0,52,0,0,0
2.891148,0,656,99069,47,0,0,0,0,0,0,51,0,0,0
2.892928,0,730,77463,47,0,0,0,0,0,0,52,0,0,0
2.894502,0,697,70580,47,0,0,0,0,0,0,52,0,0,0
2.896041,0,1024,94355,47,0,0,0,0,0,0,51,0,0,0
2.898027,0,1011,153832,47,0,0,0,0,0,0,52,0,0,0
2.899981,0,1179,90168,47,0,0,0,0,0,0,52,0,0,0
2.901832,0,926,93136,47,0,0,0,0,0,0,52,0,0,0
2.903571,0,1011,93733,47,0,0,0,0,0,0,52,0,0,0
2.905474,0,929,97145,47,0,0,0,0,0,0,52,0,0,0
2.907177,0,1029,95769,47,0,0,0,0,0,0,52,0,0,0
2.908855,0,934,91912,47,0,0,0,0,0,0,51,0,0,0
2.910481,0,1114,90181,47,0,0,0,0,0,0,52,0,0,0
2.912356,0,1091,118319,47,0,0,0,0,0,0,52,0,0,0
2.914043,0,1024,96570,47,0,0,0,0,0,0,52,0,0,0
2.915779,0,965,96981,47,0,0,0,0,0,0,52,0,0,0
2.917481,0,1037,100267,47,0,0,0,0,0,0,52,0,0,0
2.919284,0,1110,98187,47,0,0,0,0,0,0,52,0,0,0
2.921427,0,890,134698,47,0,0,0,0,0,0,52,0,0,0
2.923330,0,1111,98566,47,0,0,0,0,0,0,52,0,0,0
2.925041,0,1116,109621,47,0,0,0,0,0,0,52,0,0,0
2.926848,0,1147,98614,47,0,0,0,0,0,0,52,0,0,0
2.928580,0,1110,96567,47,0,0,0,0,0,0,52,0,0,0
2.930368,0,1106,95666,47,0,0,0,0,0,0,52,0,0,0
2.932247,0,1113,106836,47,0,0,0,0,0,0,52,0,0,0
2.934081,0,1091,93023,47,0,0,0,0,0,0,51,0,0,0
2.935756,0,1110,107120,47,0,0,0,0,0,0,52,0,0,0
2.937550,0,1093,98523,47,0,0,0,0,0,0,51,0,0,0
2.939315,0,1030,115284,47,0,0,0,0,0,0,52,0,0,0
2.941170,0,1100,96328,47,0,0,0,0,0,0,51,0,0,0
2.942874,0,1115,96850,47,0,0,0,0,0,0,52,0,0,0
2.944624,0,1005,95577,47,0,0,0,0,0,0,51,0,0,0
2.946332,0,1114,96988,47,0,0,0,0,0,0,52,0,0,0
2.948180,0,1104,131147,47,0,0,0,0,0,0,52,0,0,0
2.950111,0,1079,96726,48,0,0,0,0,0,0,52,0,0,0
2.951871,0,955,104131,47,0,0,0,0,0,0,52,0,0,0
2.953869,0,881,127275,47,0,0,0,0,0,0,52,0,0,0
2.955826,0,1107,97751,47,0,0,0,0,0,0,52,0,0,0
2.957545,0,1097,97326,47,0,0,0,0,0,0,52,0,0,0
2.959313,0,1115,95047,47,0,0,0,0,0,0,52,0,0,0
2.961130,0,892,189114,47,0,0,0,0,0,0,52,0,0,0
2.963447,0,1117,97313,47,0,0,0,0,0,0,52,0,0,0
2.965139,0,1101,94425,47,0,0,0,0,0,0,51,0,0,0
2.966861,0,999,111032,47,0,0,0,0,0,0,52,0,0,0
2.968693,0,1116,99897,47,0,0,0,0,0,0,52,0,0,0
2.970415,0,904,94216,47,0,0,0,0,0,0,51,0,0,0
2.972336,0,923,112155,47,0,0,0,0,0,0,52,0,0,0
2.974011,0,1110,92550,47,0,0,0,0,0,0,52,0,0,0
2.975671,0,1040,91572,47,0,0,0,0,0,0,52,0,0,0
2.977326,0,1099,89469,47,0,0,0,0,0,0,52,0,0,0
2.979134,0,959,107224,47,0,0,0,0,0,0,52,0,0,0
2.980961,0,1107,98419,47,0,0,0,0,0,0,51,0,0,0
2.982659,0,1116,97118,47,0,0,0,0,0,0,52,0,0,0
2.984329,0,930,101990,47,0,0,0,0,0,0,51,0,0,0
2.986235,0,1035,117478,48,0,0,0,0,0,0,52,0,0,0
2.988056,0,994,94699,47,0,0,0,0,0,0,52,0,0,0
2.989780,0,1091,115131,47,0,0,0,0,0,0,51,0,0,0
2.991621,0,1110,97690,47,0,0,0,0,0,0,51,0,0,0
2.993350,0,888,123630,47,0,0,0,0,0,0,52,0,0,0
2.995240,0,876,94843,48,0,0,0,0,0,0,52,0,0,0
2.996947,0,1107,100930,47,0,0,0,0,0,0,52,0,0,0
2.998743,0,1107,112370,47,0,0,0,0,0,0,51,0,0,0
3.002328,0,1025,374384,47,0,0,0,0,0,0,52,0,0,0
3.004325,0,1099,97331,47,0,0,0,0,0,0,51,0,0,0
3.006192,0,1114,95685,47,0,0,0,0,0,0,52,0,0,0
3.008068,0,932,99936,48,0,0,0,0,0,0,52,0,0,0
3.009832,0,1115,107194,47,0,0,0,0,0,0,52,0,0,0
3.011678,0,895,154812,47,0,0,0,0,0,0,52,0,0,0
3.013823,0,1111,95343,47,0,0,0,0,0,0,51,0,0,0
3.015751,0,1106,98209,47,0,0,0,0,0,0,52,0,0,0
3.017473,0,1098,95460,47,0,0,0,0,0,0,52,0,0,0
3.019229,0,1110,100887,48,0,0,0,0,0,0,52,0,0,0
3.021027,0,1094,113668,47,0,0,0,0,0,0,52,0,0,0
3.022859,0,1114,111766,47,0,0,0,0,0,0,51,0,0,0
3.024724,0,1092,110756,47,0,0,0,0,0,0,52,0,0,0
3.026583,0,1095,113610,47,0,0,0,0,0,0,52,0,0,0
3.028772,0,985,107026,47,0,0,0,0,0,0,52,0,0,0
3.030722,0,901,112220,47,0,0,0,0,0,0,52,0,0,0
3.034271,0,909,112522,47,0,0,0,0,0,0,51,0,0,0
3.036086,0,1039,98026,47,0,0,0,0,0,0,51,0,0,0
3.037772,0,1328,97450,47,0,0,0,0,0,0,52,0,0,0
3.039482,0,878,98914,47,0,0,0,0,0,0,52,0,0,0
3.041312,0,927,130031,47,0,0,0,0,0,0,52,0,0,0
3.043283,0,1052,94082,47,0,0,0,0,0,0,52,0,0,0
3.045018,0,1046,90352,47,0,0,0,0,0,0,52,0,0,0
3.046644,0,1021,92527,47,0,0,0,0,0,0,52,0,0,0
3.048364,0,1118,97497,47,0,0,0,0,0,0,51,0,0,0
3.050159,0,1051,93295,47,0,0,0,0,0,0,51,0,0,0
3.051822,0,1087,92686,47,0,0,0,0,0,0,52,0,0,0
3.053530,0,1090,92601,47,0,0,0,0,0,0,51,0,0,0
3.055199,0,1111,92598,47,0,0,0,0,0,0,52,0,0,0
3.056863,0,1091,90459,47,0,0,0,0,0,0,52,0,0,0
3.058553,0,1143,98332,47,0,0,0,0,0,0,52,0,0,0
3.060409,0,1116,117668,47,0,0,0,0,0,0,52,0,0,0
3.062103,0,1112,94457,48,0,0,0,0,0,0,52,0,0,0
3.063812,0,942,97989,47,0,0,0,0,0,0,52,0,0,0
3.065537,0,908,99151,47,0,0,0,0,0,0,52,0,0,0
3.067614,0,1044,130598,48,0,0,0,0,0,0,51,0,0,0
3.069736,0,1057,99942,47,0,0,0,0,0,0,52,0,0,0
3.071466,0,1108,114432,47,0,0,0,0,0,0,51,0,0,0
3.073390,0,978,96246,47,0,0,0,0,0,0,51,0,0,0
3.075156,0,1036,98734,47,0,0,0,0,0,0,52,0,0,0
3.077160,0,1113,97173,47,0,0,0,0,0,0,52,0,0,0
3.078898,0,1098,100545,47,0,0,0,0,0,0,51,0,0,0
3.080849,0,1052,107873,47,0,0,0,0,0,0,52,0,0,0
3.082658,0,943,97878,47,0,0,0,0,0,0,52,0,0,0
3.084374,0,882,130839,47,0,0,0,0,0,0,52,0,0,0
3.086660,0,1112,99621,48,0,0,0,0,0,0,52,0,0,0
3.088442,0,1112,101841,47,0,0,0,0,0,0,51,0,0,0
3.090208,0,1115,96812,47,0,0,0,0,0,0,52,0,0,0
3.091932,0,968,102291,47,0,0,0,0,0,0,51,0,0,0
3.093674,0,1104,96434,47,0,0,0,0,0,0,52,0,0,0
3.095458,0,898,112429,47,0,0,0,0,0,0,52,0,0,0
3.097483,0,882,121193,47,0,0,0,0,0,0,52,0,0,0
3.099215,0,1055,108209,47,0,0,0,0,0,0,52,0,0,0
3.101022,0,967,121226,47,0,0,0,0,0,0,52,0,0,0
3.103050,0,1038,116280,47,0,0,0,0,0,0,52,0,0,0
3.104871,0,983,93472,47,0,0,0,0,0,0,52,0,0,0
3.107007,0,949,101670,47,0,0,0,0,0,0,51,0,0,0
3.108852,0,1103,213600,47,0,0,0,0,0,0,52,0,0,0
3.111311,0,925,107423,47,0,0,0,0,0,0,52,0,0,0
3.113130,0,919,100159,47,0,0,0,0,0,0,52,0,0,0
3.114831,0,929,101959,47,0,0,0,0,0,0,51,0,0,0
3.116597,0,840,93286,47,0,0,0,0,0,0,52,0,0,0
3.118345,0,928,105777,47,0,0,0,0,0,0,52,0,0,0
3.120334,0,981,138332,47,0,0,0,0,0,0,52,0,0,0
3.122016,0,802,98683,47,0,0,0,0,0,0,52,0,0,0
3.123548,0,919,76200,47,0,0,0,0,0,0,52,0,0,0
3.125132,0,950,86581,47,0,0,0,0,0,0,51,0,0,0
3.126777,0,1117,105948,47,0,0,0,0,0,0,52,0,0,0
3.128462,0,1030,92318,47,0,0,0,0,0,0,51,0,0,0
3.130133,0,1096,98140,47,0,0,0,0,0,0,52,0,0,0
3.131901,0,1112,95332,48,0,0,0,0,0,0,51,0,0,0
3.133616,0,1107,96475,47,0,0,0,0,0,0,52,0,0,0
3.135331,0,945,98092,47,0,0,0,0,0,0,51,0,0,0
3.137067,0,1112,97252,47,0,0,0,0,0,0,51,0,0,0
3.138781,0,1113,107308,47,0,0,0,0,0,0,52,0,0,0
3.140571,0,1101,96254,47,0,0,0,0,0,0,52,0,0,0
3.142309,0,1094,96022,47,0,0,0,0,0,0,51,0,0,0
3.144023,0,1098,95747,47,0,0,0,0,0,0,51,0,0,0
3.145751,0,1093,96945,47,0,0,0,0,0,0,52,0,0,0
3.147511,0,1041,95597,47,0,0,0,0,0,0,52,0,0,0
3.149312,0,1111,95613,47,0,0,0,0,0,0,51,0,0,0
3.151236,0,1113,95556,47,0,0,0,0,0,0,51,0,0,0
3.153019,0,1109,105923,47,0,0,0,0,0,0,52,0,0,0
3.154801,0,1044,118817,47,0,0,0,0,0,0,52,0,0,0
3.156709,0,909,106421,47,0,0,0,0,0,0,52,0,0,0
3.158536,0,864,102884,48,0,0,0,0,0,0,51,0,0,0
3.160534,0,940,130008,47,0,0,0,0,0,0,52,0,0,0
3.162426,0,981,98051,47,0,0,0,0,0,0,51,0,0,0
3.164259,0,1076,114653,47,0,0,0,0,0,0,51,0,0,0
3.165956,0,1105,94695,47,0,0,0,0,0,0,52,0,0,0
3.167846,0,864,126595,48,0,0,0,0,0,0,52,0,0,0
3.169835,0,1087,110680,47,0,0,0,0,0,0,52,0,0,0
3.171683,0,1107,104097,47,0,0,0,0,0,0,52,0,0,0
3.173615,0,1092,98115,47,0,0,0,0,0,0,51,0,0,0
3.176498,0,952,109399,47,0,0,0,0,0,0,52,0,0,0
3.178290,0,1089,98762,47,0,0,0,0,0,0,52,0,0,0
3.180037,0,985,100993,47,0,0,0,0,0,0,52,0,0,0
3.181715,0,1023,95840,47,0,0,0,0,0,0,51,0,0,0
3.183478,0,907,99598,47,0,0,0,0,0,0,52,0,0,0
3.185204,0,975,94990,47,0,0,0,0,0,0,52,0,0,0
3.186919,0,987,110690,47,0,0,0,0,0,0,51,0,0,0
3.188732,0,1031,101052,47,0,0,0,0,0,0,52,0,0,0
3.190455,0,1004,112627,47,0,0,0,0,0,0,51,0,0,0
3.192334,0,971,107219,48,0,0,0,0,0,0,51,0,0,0
3.194012,0,1120,103174,48,0,0,0,0,0,0,52,0,0,0
3.195754,0,1108,93195,47,0,0,0,0,0,0,51,0,0,0
3.197434,0,1051,93544,47,0,0,0,0,0,0,52,0,0,0
3.199172,0,1042,89582,47,0,0,0,0,0,0,52,0,0,0
3.200956,0,1028,107675,47,0,0,0,0,0,0,52,0,0,0
3.203133,0,1037,100002,47,0,0,0,0,0,0,51,0,0,0
3.204882,0,1113,96697,48,0,0,0,0,0,0,52,0,0,0
3.206556,0,1018,147498,47,0,0,0,0,0,0,52,0,0,0
3.208636,0,1104,98328,47,0,0,0,0,0,0,51,0,0,0
3.210550,0,1103,96279,47,0,0,0,0,0,0,52,0,0,0
3.212468,0,1111,110698,47,0,0,0,0,0,0,52,0,0,0
3.214396,0,944,96285,48,0,0,0,0,0,0,52,0,0,0
3.216455,0,1099,134221,47,0,0,0,0,0,0,51,0,0,0
3.218314,0,1079,101750,47,0,0,0,0,0,0,51,0,0,0
3.220305,0,861,97775,47,0,0,0,0,0,0,51,0,0,0
3.222031,0,1100,97896,47,0,0,0,0,0,0,52,0,0,0
3.223967,0,1099,96229,47,0,0,0,0,0,0,52,0,0,0
3.225698,0,1100,96860,47,0,0,0,0,0,0,52,0,0,0
3.227559,0,1016,112583,47,0,0,0,0,0,0,52,0,0,0
3.229391,0,976,101794,47,0,0,0,0,0,0,51,0,0,0
3.231147,0,928,100314,47,0,0,0,0,0,0,52,0,0,0
3.232872,0,1055,95736,48,0,0,0,0,0,0,52,0,0,0
3.234813,0,1030,120129,47,0,0,0,0,0,0,51,0,0,0
3.236689,0,1111,97978,47,0,0,0,0,0,0,52,0,0,0
3.238417,0,997,103726,47,0,0,0,0,0,0,52,0,0,0
3.240682,0,1127,159064,48,0,0,0,0,0,0,52,0,0,0
3.242504,0,1043,103956,48,0,0,0,0,0,0,51,0,0,0
3.244420,0,1088,119395,47,0,0,0,0,0,0,52,0,0,0
3.246170,0,1144,98866,47,0,0,0,0,0,0,52,0,0,0
3.247938,0,1104,101806,47,0,0,0,0,0,0,52,0,0,0
3.249721,0,1851,167097,47,0,0,0,0,0,0,52,0,0,0
3.251909,0,977,95568,47,0,0,0,0,0,0,52,0,0,0
3.253626,0,1071,95503,47,0,0,0,0,0,0,52,0,0,0
3.255329,0,1100,95306,47,0,0,0,0,0,0,52,0,0,0
3.257031,0,899,136478,47,0,0,0,0,0,0,52,0,0,0
3.258983,0,1160,103963,48,0,0,0,0,0,0,52,0,0,0
3.260754,0,992,90845,47,0,0,0,0,0,0,51,0,0,0
3.262409,0,982,103938,47,0,0,0,0,0,0,52,0,0,0
3.264220,0,968,99783,47,0,0,0,0,0,0,51,0,0,0
3.265890,0,1115,105332,47,0,0,0,0,0,0,52,0,0,0
3.267651,0,1104,94348,48,0,0,0,0,0,0,52,0,0,0
3.269347,0,1082,94710,47,0,0,0,0,0,0,52,0,0,0
3.271360,0,1006,111242,47,0,0,0,0,0,0,52,0,0,0
3.273232,0,1111,99712,47,0,0,0,0,0,0,52,0,0,0
3.275032,0,882,100035,47,0,0,0,0,0,0,52,0,0,0
3.276887,0,878,108443,47,0,0,0,0,0,0,52,0,0,0
3.278906,0,928,125368,47,0,0,0,0,0,0,52,0,0,0
3.280805,0,1067,101379,47,0,0,0,0,0,0,51,0,0,0
3.282532,0,1111,132313,47,0,0,0,0,0,0,51,0,0,0
3.284554,0,960,111609,47,0,0,0,0,0,0,51,0,0,0
3.286706,0,869,126678,47,0,0,0,0,0,0,52,0,0,0
3.288785,0,870,113311,47,0,0,0,0,0,0,52,0,0,0
3.290736,0,1016,90745,47,0,0,0,0,0,0,52,0,0,0
3.292437,0,957,121950,47,0,0,0,0,0,0,51,0,0,0
3.294304,0,1114,96789,47,0,0,0,0,0,0,52,0,0,0
3.296138,0,1115,98650,47,0,0,0,0,0,0,52,0,0,0
3.297848,0,1103,109319,47,0,0,0,0,0,0,52,0,0,0
3.299634,0,1078,98703,47,0,0,0,0,0,0,52,0,0,0
3.301477,0,1098,95644,47,0,0,0,0,0,0,51,0,0,0
3.303304,0,1099,136466,47,0,0,0,0,0,0,51,0,0,0
3.305265,0,1108,97558,47,0,0,0,0,0,0,51,0,0,0
3.307223,0,1071,104539,47,0,0,0,0,0,0,52,0,0,0
3.309038,0,1108,98103,47,0,0,0,0,0,0,51,0,0,0
3.310789,0,883,136160,47,0,0,0,0,0,0,52,0,0,0
3.312807,0,1107,99591,47,0,0,0,0,0,0,51,0,0,0
3.314542,0,1116,124639,47,0,0,0,0,0,0,52,0,0,0
3.316605,0,1120,116660,47,0,0,0,0,0,0,52,0,0,0
3.318316,0,1099,99097,47,0,0,0,0,0,0,52,0,0,0
3.320123,0,1033,95648,47,0,0,0,0,0,0,51,0,0,0
3.322042,0,1049,125854,47,0,0,0,0,0,0,52,0,0,0
3.324061,0,901,99897,47,0,0,0,0,0,0,52,0,0,0
3.325803,0,927,94902,47,0,0,0,0,0,0,52,0,0,0
3.327502,0,1044,95336,47,0,0,0,0,0,0,52,0,0,0
3.329209,0,1118,95646,47,0,0,0,0,0,0,52,0,0,0
3.331138,0,1064,114876,47,0,0,0,0,0,0,52,0,0,0
3.332981,0,914,104633,47,0,0,0,0,0,0,52,0,0,0
3.334779,0,966,108090,47,0,0,0,0,0,0,52,0,0,0
3.336797,0,1019,130907,47,0,0,0,0,0,0,52,0,0,0
3.338747,0,881,106801,47,0,0,0,0,0,0,51,0,0,0
3.340513,0,1070,109395,47,0,0,0,0,0,0,52,0,0,0
3.342297,0,1105,93306,47,0,0,0,0,0,0,52,0,0,0
3.344005,0,941,91366,47,0,0,0,0,0,0,52,0,0,0
3.345684,0,1019,94147,47,0,0,0,0,0,0,52,0,0,0
3.347366,0,1035,96075,48,0,0,0,0,0,0,52,0,0,0
3.349087,0,1104,97893,47,0,0,0,0,0,0,52,0,0,0
3.350853,0,951,126862,47,0,0,0,0,0,0,52,0,0,0
3.352790,0,1034,104369,47,0,0,0,0,0,0,52,0,0,0
3.354594,0,1100,105758,47,0,0,0,0,0,0,52,0,0,0
3.356392,0,1036,100064,47,0,0,0,0,0,0,52,0,0,0
3.358295,0,980,96924,47,0,0,0,0,0,0,52,0,0,0
3.360049,0,1114,101409,47,0,0,0,0,0,0,52,0,0,0
3.361914,0,1001,99952,47,0,0,0,0,0,0,52,0,0,0
3.363706,0,1052,107605,48,0,0,0,0,0,0,52,0,0,0
3.365715,0,1143,95516,47,0,0,0,0,0,0,52,0,0,0
3.367654,0,911,95382,47,0,0,0,0,0,0,52,0,0,0
3.369407,0,1096,103026,47,0,0,0,0,0,0,52,0,0,0
3.371179,0,1093,95359,47,0,0,0,0,0,0,52,0,0,0
3.372877,0,1089,95474,48,0,0,0,0,0,0,51,0,0,0
3.374625,0,1092,116425,47,0,0,0,0,0,0,51,0,0,0
3.376670,0,977,92955,47,0,0,0,0,0,0,52,0,0,0
3.378380,0,1097,97858,47,0,0,0,0,0,0,52,0,0,0
3.380157,0,1101,106077,47,0,0,0,0,0,0,51,0,0,0
3.382197,0,1094,95203,47,0,0,0,0,0,0,52,0,0,0
3.383921,0,1145,98595,47,0,0,0,0,0,0,52,0,0,0
3.385658,0,1103,95130,47,0,0,0,0,0,0,51,0,0,0
3.387362,0,1048,95433,47,0,0,0,0,0,0,51,0,0,0
3.389075,0,1102,95763,47,0,0,0,0,0,0,52,0,0,0
3.391021,0,966,115234,47,0,0,0,0,0,0,51,0,0,0
3.392868,0,1089,97689,47,0,0,0,0,0,0,52,0,0,0
3.394635,0,1040,99464,47,0,0,0,0,0,0,52,0,0,0
3.396659,0,1675,110143,48,0,0,0,0,0,0,52,0,0,0
3.398485,0,962,97325,47,0,0,0,0,0,0,51,0,0,0
3.400366,0,963,118786,47,0,0,0,0,0,0,52,0,0,0
3.402068,0,1098,97864,47,0,0,0,0,0,0,52,0,0,0
3.403782,0,1106,94039,47,0,0,0,0,0,0,52,0,0,0
3.405537,0,1065,101786,47,0,0,0,0,0,0,52,0,0,0
3.407329,0,1015,99429,47,0,0,0,0,0,0,52,0,0,0
3.409322,0,1142,98576,47,0,0,0,0,0,0,52,0,0,0
3.411046,0,909,92139,47,0,0,0,0,0,0,52,0,0,0
3.412859,0,1089,93137,47,0,0,0,0,0,0,52,0,0,0
3.414538,0,961,94110,47,0,0,0,0,0,0,52,0,0,0
3.416308,0,1052,110187,47,0,0,0,0,0,0,52,0,0,0
3.418009,0,998,132973,47,0,0,0,0,0,0,52,0,0,0
3.419982,0,988,103828,47,0,0,0,0,0,0,52,0,0,0
3.421777,0,930,99438,47,0,0,0,0,0,0,52,0,0,0
3.423778,0,1086,95714,47,0,0,0,0,0,0,52,0,0,0
3.425522,0,1077,101587,47,0,0,0,0,0,0,52,0,0,0
3.427276,0,1031,125940,47,0,0,0,0,0,0,52,0,0,0
3.429237,0,1109,98170,47,0,0,0,0,0,0,51,0,0,0
3.430968,0,1036,104527,47,0,0,0,0,0,0,52,0,0,0
3.432798,0,975,120948,47,0,0,0,0,0,0,51,0,0,0
3.434746,0,1096,103482,47,0,0,0,0,0,0,52,0,0,0
3.436516,0,1105,98667,47,0,0,0,0,0,0,52,0,0,0
3.438271,0,1049,97987,47,0,0,0,0,0,0,52,0,0,0
3.440000,0,1117,96335,47,0,0,0,0,0,0,52,0,0,0
3.441774,0,1054,119209,47,0,0,0,0,0,0,52,0,0,0
3.443637,0,1111,95581,47,0,0,0,0,0,0,52,0,0,0
3.445782,0,937,110142,47,0,0,0,0,0,0,52,0,0,0
3.447748,0,1112,98340,47,0,0,0,0,0,0,52,0,0,0
3.449560,0,841,182334,47,0,0,0,0,0,0,52,0,0,0
3.451968,0,1092,96545,47,0,0,0,0,0,0,52,0,0,0
3.453680,0,1099,94839,48,0,0,0,0,0,0,52,0,0,0
3.455461,0,893,108125,47,0,0,0,0,0,0,51,0,0,0
3.457482,0,1113,122289,47,0,0,0,0,0,0,52,0,0,0
3.459189,0,1097,135774,47,0,0,0,0,0,0,52,0,0,0
3.461183,0,1106,100879,47,0,0,0,0,0,0,52,0,0,0
3.462909,0,983,105483,47,0,0,0,0,0,0,51,0,0,0
3.464720,0,1040,101799,47,0,0,0,0,0,0,52,0,0,0
3.466448,0,981,101469,47,0,0,0,0,0,0,52,0,0,0
3.468546,0,862,126392,47,0,0,0,0,0,0,51,0,0,0
3.470340,0,1100,96098,47,0,0,0,0,0,0,52,0,0,0
3.472147,0,1087,99382,47,0,0,0,0,0,0,52,0,0,0
3.473830,0,920,107655,47,0,0,0,0,0,0,52,0,0,0
3.475566,0,1103,94004,48,0,0,0,0,0,0,52,0,0,0
3.477233,0,1050,92825,47,0,0,0,0,0,0,51,0,0,0
3.478849,0,892,96091,47,0,0,0,0,0,0,51,0,0,0
3.480481,0,1103,102376,47,0,0,0,0,0,0,52,0,0,0
3.482301,0,1098,107862,47,0,0,0,0,0,0,51,0,0,0
3.484163,0,1083,90573,47,0,0,0,0,0,0,52,0,0,0
3.485784,0,1107,87324,47,0,0,0,0,0,0,52,0,0,0
3.487406,0,1065,87250,47,0,0,0,0,0,0,52,0,0,0
3.489027,0,1088,87328,47,0,0,0,0,0,0,52,0,0,0
3.490718,0,1110,126247,47,0,0,0,0,0,0,51,0,0,0
3.492712,0,1117,100481,47,0,0,0,0,0,0,52,0,0,0
3.494522,0,1061,102658,47,0,0,0,0,0,0,51,0,0,0
3.496469,0,1106,126314,47,0,0,0,0,0,0,51,0,0,0
3.498270,0,1114,98410,47,0,0,0,0,0,0,52,0,0,0
3.499986,0,1048,97085,47,0,0,0,0,0,0,52,0,0,0
3.501745,0,1100,96520,47,0,0,0,0,0,0,52,0,0,0
3.503463,0,1103,97371,47,0,0,0,0,0,0,52,0,0,0
3.505204,0,1105,95421,47,0,0,0,0,0,0,52,0,0,0
3.506914,0,1042,106706,47,0,0,0,0,0,0,51,0,0,0
3.508713,0,1146,96913,47,0,0,0,0,0,0,51,0,0,0
3.510433,0,1089,97842,47,0,0,0,0,0,0,51,0,0,0
3.512255,0,918,105662,47,0,0,0,0,0,0,52,0,0,0
3.514063,0,1068,97523,47,0,0,0,0,0,0,51,0,0,0
3.516075,0,1080,128451,47,0,0,0,0,0,0,52,0,0,0
3.517994,0,904,112330,47,0,0,0,0,0,0,52,0,0,0
3.519831,0,1124,110717,47,0,0,0,0,0,0,52,0,0,0
3.521637,0,1042,98031,47,0,0,0,0,0,0,51,0,0,0
3.523391,0,1098,101957,47,0,0,0,0,0,0,52,0,0,0
3.525175,0,1090,121975,47,0,0,0,0,0,0,52,0,0,0
3.527192,0,1113,113633,47,0,0,0,0,0,0,52,0,0,0
3.529009,0,1105,94615,47,0,0,0,0,0,0,52,0,0,0
3.530797,0,1107,99467,47,0,0,0,0,0,0,52,0,0,0
3.532506,0,975,103773,47,0,0,0,0,0,0,52,0,0,0
3.534262,0,1111,96567,47,0,0,0,0,0,0,51,0,0,0
3.535983,0,1045,131386,47,0,0,0,0,0,0,51,0,0,0
3.538045,0,1083,111012,47,0,0,0,0,0,0,52,0,0,0
3.540031,0,1116,96568,48,0,0,0,0,0,0,52,0,0,0
3.541745,0,1128,95869,47,0,0,0,0,0,0,51,0,0,0
3.543627,0,841,100995,47,0,0,0,0,0,0,52,0,0,0
3.545347,0,1105,97202,47,0,0,0,0,0,0,52,0,0,0
3.547110,0,1097,94745,47,0,0,0,0,0,0,52,0,0,0
3.548837,0,1044,106489,47,0,0,0,0,0,0,52,0,0,0
3.550755,0,1068,91181,47,0,0,0,0,0,0,52,0,0,0
3.552632,0,910,97971,48,0,0,0,0,0,0,52,0,0,0
3.554333,0,921,93552,48,0,0,0,0,0,0,51,0,0,0
3.556042,0,1085,90177,47,0,0,0,0,0,0,52,0,0,0
3.557709,0,1109,92124,48,0,0,0,0,0,0,52,0,0,0
3.559385,0,1116,98736,47,0,0,0,0,0,0,52,0,0,0
3.561147,0,1099,92867,47,0,0,0,0,0,0,52,0,0,0
3.563166,0,885,110918,47,0,0,0,0,0,0,52,0,0,0
3.565249,0,1037,106864,48,0,0,0,0,0,0,52,0,0,0
3.567074,0,1042,108045,47,0,0,0,0,0,0,51,0,0,0
3.568867,0,1108,99808,47,0,0,0,0,0,0,51,0,0,0
3.570670,0,1025,101996,47,0,0,0,0,0,0,52,0,0,0
3.572550,0,1106,98515,47,0,0,0,0,0,0,52,0,0,0
3.574271,0,1104,95144,47,0,0,0,0,0,0,52,0,0,0
3.576035,0,1109,109261,47,0,0,0,0,0,0,52,0,0,0
3.577821,0,899,101728,47,0,0,0,0,0,0,52,0,0,0
3.579694,0,942,96358,47,0,0,0,0,0,0,51,0,0,0
3.581429,0,1119,100973,47,0,0,0,0,0,0,51,0,0,0
3.583357,0,1059,104764,47,0,0,0,0,0,0,52,0,0,0
3.585203,0,1096,104081,47,0,0,0,0,0,0,52,0,0,0
3.586981,0,1115,96307,47,0,0,0,0,0,0,52,0,0,0
3.588687,0,1127,95447,47,0,0,0,0,0,0,51,0,0,0
3.590385,0,1091,95469,47,0,0,0,0,0,0,51,0,0,0
3.592284,0,1069,116417,47,0,0,0,0,0,0,51,0,0,0
3.594054,0,1004,96995,47,0,0,0,0,0,0,52,0,0,0
3.595753,0,1083,95490,47,0,0,0,0,0,0,52,0,0,0
3.597744,0,1079,97861,47,0,0,0,0,0,0,52,0,0,0
3.599448,0,1115,94791,47,0,0,0,0,0,0,52,0,0,0
3.601166,0,1094,96660,47,0,0,0,0,0,0,52,0,0,0
3.603043,0,934,127323,47,0,0,0,0,0,0,52,0,0,0
3.605009,0,1108,100731,47,0,0,0,0,0,0,52,0,0,0
3.606724,0,1042,96148,48,0,0,0,0,0,0,52,0,0,0
3.608432,0,949,95401,47,0,0,0,0,0,0,52,0,0,0
3.610357,0,964,91631,47,0,0,0,0,0,0,52,0,0,0
3.612300,0,1004,97711,47,0,0,0,0,0,0,52,0,0,0
3.614059,0,939,129670,47,0,0,0,0,0,0,52,0,0,0
3.616170,0,1094,95830,47,0,0,0,0,0,0,51,0,0,0
3.617909,0,1056,160447,47,0,0,0,0,0,0,52,0,0,0
3.620148,0,1135,95382,47,0,0,0,0,0,0,52,0,0,0
3.621846,0,1082,94700,47,0,0,0,0,0,0,52,0,0,0
3.623542,0,1111,95155,47,0,0,0,0,0,0,52,0,0,0
3.625302,0,985,113046,47,0,0,0,0,0,0,52,0,0,0
3.627139,0,1256,93538,47,0,0,0,0,0,0,52,0,0,0
3.628793,0,1087,90089,48,0,0,0,0,0,0,52,0,0,0
3.630445,0,930,89003,47,0,0,0,0,0,0,52,0,0,0
3.632191,0,855,95297,47,0,0,0,0,0,0,52,0,0,0
3.633725,0,720,78202,47,0,0,0,0,0,0,52,0,0,0
3.635430,0,968,91137,47,0,0,0,0,0,0,52,0,0,0
3.637235,0,990,109554,47,0,0,0,0,0,0,52,0,0,0
3.638902,0,1002,91357,48,0,0,0,0,0,0,52,0,0,0
3.640565,0,1023,99873,47,0,0,0,0,0,0,52,0,0,0
3.642364,0,1111,97351,47,0,0,0,0,0,0,51,0,0,0
3.644211,0,1116,96268,47,0,0,0,0,0,0,51,0,0,0
3.645929,0,877,94918,47,0,0,0,0,0,0,51,0,0,0
3.647686,0,1086,101327,47,0,0,0,0,0,0,51,0,0,0
3.649411,0,844,92502,47,0,0,0,0,0,0,52,0,0,0
3.651027,0,885,87350,47,0,0,0,0,0,0,52,0,0,0
3.652632,0,819,99569,47,0,0,0,0,0,0,52,0,0,0
3.655866,0,713,329506,47,0,0,0,0,0,0,52,0,0,0
3.657456,0,834,74173,47,0,0,0,0,0,0,51,0,0,0
3.659107,0,876,94600,47,0,0,0,0,0,0,52,0,0,0
3.661062,0,1038,95341,47,0,0,0,0,0,0,52,0,0,0
3.662999,0,1025,113798,47,0,0,0,0,0,0,52,0,0,0
3.664809,0,1014,96784,47,0,0,0,0,0,0,52,0,0,0
3.666529,0,1031,96072,47,0,0,0,0,0,0,52,0,0,0
3.668389,0,1038,109912,47,0,0,0,0,0,0,52,0,0,0
3.670115,0,1099,98972,47,0,0,0,0,0,0,52,0,0,0
3.672046,0,976,97784,47,0,0,0,0,0,0,52,0,0,0
3.673826,0,1088,112384,47,0,0,0,0,0,0,52,0,0,0
3.675631,0,1092,97056,48,0,0,0,0,0,0,52,0,0,0
3.677336,0,1064,96423,47,0,0,0,0,0,0,51,0,0,0
3.679274,0,932,136621,48,0,0,0,0,0,0,52,0,0,0
3.681275,0,1109,97841,47,0,0,0,0,0,0,52,0,0,0
3.682998,0,998,108332,47,0,0,0,0,0,0,52,0,0,0
3.684840,0,1112,102455,47,0,0,0,0,0,0,52,0,0,0
3.686708,0,1114,109647,47,0,0,0,0,0,0,52,0,0,0
3.688637,0,1108,117637,47,0,0,0,0,0,0,52,0,0,0
3.690437,0,1064,95985,47,0,0,0,0,0,0,52,0,0,0
3.692199,0,1112,104044,47,0,0,0,0,0,0,51,0,0,0
3.693892,0,1063,135518,47,0,0,0,0,0,0,52,0,0,0
3.695920,0,1034,113136,47,0,0,0,0,0,0,52,0,0,0
3.697933,0,943,91198,47,0,0,0,0,0,0,51,0,0,0
3.699633,0,957,95184,47,0,0,0,0,0,0,52,0,0,0
3.701346,0,1112,95179,47,0,0,0,0,0,0,51,0,0,0
3.703070,0,981,95690,47,0,0,0,0,0,0,52,0,0,0
3.704820,0,1084,123326,48,0,0,0,0,0,0,52,0,0,0
3.707228,0,930,136855,47,0,0,0,0,0,0,52,0,0,0
3.709200,0,994,94684,47,0,0,0,0,0,0,52,0,0,0
3.710867,0,883,93582,47,0,0,0,0,0,0,52,0,0,0
3.712553,0,1074,92686,47,0,0,0,0,0,0,51,0,0,0
3.714315,0,1120,130310,48,0,0,0,0,0,0,52,0,0,0
3.716456,0,1099,130594,47,0,0,0,0,0,0,52,0,0,0
3.718139,0,1106,95645,47,0,0,0,0,0,0,51,0,0,0
3.719836,0,1111,100369,47,0,0,0,0,0,0,52,0,0,0
3.721560,0,886,146234,47,0,0,0,0,0,0,51,0,0,0
3.723813,0,1105,98506,47,0,0,0,0,0,0,51,0,0,0
3.725550,0,956,130181,47,0,0,0,0,0,0,52,0,0,0
3.727484,0,1106,97656,47,0,0,0,0,0,0,51,0,0,0
3.729216,0,1115,99231,47,0,0,0,0,0,0,51,0,0,0
3.730921,0,876,114867,48,0,0,0,0,0,0,52,0,0,0
3.732841,0,1019,97505,47,0,0,0,0,0,0,52,0,0,0
3.734802,0,1080,98332,47,0,0,0,0,0,0,51,0,0,0
3.736541,0,1109,103711,47,0,0,0,0,0,0,52,0,0,0
3.738330,0,1110,95550,47,0,0,0,0,0,0,52,0,0,0
3.740147,0,1024,94693,47,0,0,0,0,0,0,52,0,0,0
3.741891,0,1052,112857,47,0,0,0,0,0,0,51,0,0,0
3.743731,0,1090,95981,47,0,0,0,0,0,0,52,0,0,0
3.745460,0,871,95268,48,0,0,0,0,0,0,52,0,0,0
3.747187,0,1120,99052,47,0,0,0,0,0,0,52,0,0,0
3.748912,0,1102,95986,47,0,0,0,0,0,0,52,0,0,0
3.750627,0,866,167260,47,0,0,0,0,0,0,52,0,0,0
3.753151,0,862,123804,47,0,0,0,0,0,0,52,0,0,0
3.755082,0,1032,99301,47,0,0,0,0,0,0,52,0,0,0
3.756872,0,1024,105656,47,0,0,0,0,0,0,52,0,0,0
3.758573,0,909,135106,47,0,0,0,0,0,0,52,0,0,0
3.760552,0,1109,102333,47,0,0,0,0,0,0,52,0,0,0
3.762363,0,1033,99581,47,0,0,0,0,0,0,51,0,0,0
3.764133,0,1116,95963,47,0,0,0,0,0,0,52,0,0,0
3.765897,0,995,95964,47,0,0,0,0,0,0,52,0,0,0
3.767648,0,968,95090,48,0,0,0,0,0,0,52,0,0,0
3.769349,0,1105,95080,47,0,0,0,0,0,0,51,0,0,0
3.771101,0,990,102434,47,0,0,0,0,0,0,52,0,0,0
3.773080,0,943,100836,47,0,0,0,0,0,0,52,0,0,0
3.774828,0,1106,101985,47,0,0,0,0,0,0,52,0,0,0
3.776550,0,956,100538,47,0,0,0,0,0,0,52,0,0,0
3.778335,0,917,100735,47,0,0,0,0,0,0,52,0,0,0
3.780106,0,1092,90941,47,0,0,0,0,0,0,52,0,0,0
3.781850,0,1049,92736,47,0,0,0,0,0,0,52,0,0,0
3.783535,0,1087,91847,47,0,0,0,0,0,0,51,0,0,0
3.785268,0,1063,95221,47,0,0,0,0,0,0,52,0,0,0
3.786999,0,1100,94903,47,0,0,0,0,0,0,52,0,0,0
3.788743,0,1094,95648,47,0,0,0,0,0,0,52,0,0,0
3.790461,0,1076,242214,47,0,0,0,0,0,0,51,0,0,0
3.793128,0,956,97608,47,0,0,0,0,0,0,52,0,0,0
3.794907,0,1108,98075,47,0,0,0,0,0,0,52,0,0,0
3.796587,0,1114,95551,47,0,0,0,0,0,0,51,0,0,0
3.798799,0,1084,96234,47,0,0,0,0,0,0,51,0,0,0
3.800534,0,1032,135014,47,0,0,0,0,0,0,52,0,0,0
3.802727,0,989,98798,47,0,0,0,0,0,0,52,0,0,0
3.804631,0,1115,99855,47,0,0,0,0,0,0,52,0,0,0
3.806339,0,1090,95105,47,0,0,0,0,0,0,52,0,0,0
3.808143,0,1049,97813,47,0,0,0,0,0,0,52,0,0,0
3.809879,0,1113,107815,47,0,0,0,0,0,0,52,0,0,0
3.811673,0,1066,95069,47,0,0,0,0,0,0,51,0,0,0
3.813374,0,1110,95232,47,0,0,0,0,0,0,52,0,0,0
3.815304,0,1096,108755,47,0,0,0,0,0,0,52,0,0,0
3.817320,0,1045,122986,47,0,0,0,0,0,0,52,0,0,0
3.819527,0,982,112428,47,0,0,0,0,0,0,52,0,0,0
3.821566,0,1105,122372,48,0,0,0,0,0,0,51,0,0,0
3.824769,0,1005,98032,47,0,0,0,0,0,0,52,0,0,0
3.826550,0,1114,121941,47,0,0,0,0,0,0,52,0,0,0
3.828453,0,1101,98654,47,0,0,0,0,0,0,52,0,0,0
3.830154,0,1112,95294,47,0,0,0,0,0,0,52,0,0,0
3.831972,0,1134,99817,47,0,0,0,0,0,0,52,0,0,0
3.833912,0,1111,141247,47,0,0,0,0,0,0,52,0,0,0
3.835801,0,1022,104594,47,0,0,0,0,0,0,51,0,0,0
3.837722,0,1087,99140,47,0,0,0,0,0,0,52,0,0,0
3.839754,0,1109,96073,47,0,0,0,0,0,0,52,0,0,0
3.841480,0,1096,98920,47,0,0,0,0,0,0,51,0,0,0
3.843201,0,945,132868,47,0,0,0,0,0,0,52,0,0,0
3.845268,0,927,110932,47,0,0,0,0,0,0,52,0,0,0
3.847238,0,1103,124060,47,0,0,0,0,0,0,51,0,0,0
3.849143,0,1110,97658,47,0,0,0,0,0,0,52,0,0,0
3.850844,0,1064,115755,47,0,0,0,0,0,0,51,0,0,0
3.852734,0,1023,94609,47,0,0,0,0,0,0,51,0,0,0
3.854447,0,1091,97330,47,0,0,0,0,0,0,52,0,0,0
3.856501,0,884,177719,47,0,0,0,0,0,0,52,0,0,0
3.859182,0,966,143581,47,0,0,0,0,0,0,51,0,0,0
3.860995,0,1002,99767,47,0,0,0,0,0,0,51,0,0,0
3.862684,0,904,155239,47,0,0,0,0,0,0,52,0,0,0
3.864838,0,893,124959,47,0,0,0,0,0,0,51,0,0,0
3.866901,0,1094,100959,47,0,0,0,0,0,0,51,0,0,0
3.868584,0,1030,89522,48,0,0,0,0,0,0,52,0,0,0
3.870251,0,1099,100197,47,0,0,0,0,0,0,52,0,0,0
3.871855,0,866,90787,47,0,0,0,0,0,0,52,0,0,0
3.873466,0,908,91450,47,0,0,0,0,0,0,51,0,0,0
3.875100,0,908,96614,47,0,0,0,0,0,0,51,0,0,0
3.876816,0,1116,95807,47,0,0,0,0,0,0,52,0,0,0
3.878489,0,1109,98409,47,0,0,0,0,0,0,52,0,0,0
3.880304,0,1124,118520,47,0,0,0,0,0,0,52,0,0,0
3.881960,0,1056,102660,47,0,0,0,0,0,0,52,0,0,0
3.883716,0,1085,95714,47,0,0,0,0,0,0,52,0,0,0
3.885632,0,853,217519,47,0,0,0,0,0,0,52,0,0,0
3.888670,0,967,122260,48,0,0,0,0,0,0,52,0,0,0
3.890557,0,1116,127707,47,0,0,0,0,0,0,52,0,0,0
3.892392,0,1084,104763,47,0,0,0,0,0,0,52,0,0,0
3.894081,0,1121,98451,47,0,0,0,0,0,0,52,0,0,0
3.895815,0,1039,97026,47,0,0,0,0,0,0,51,0,0,0
3.897508,0,1112,100262,47,0,0,0,0,0,0,51,0,0,0
3.899284,0,934,100366,47,0,0,0,0,0,0,52,0,0,0
3.901079,0,1095,101273,47,0,0,0,0,0,0,52,0,0,0
3.902848,0,1034,99140,47,0,0,0,0,0,0,52,0,0,0
3.904672,0,1110,95245,47,0,0,0,0,0,0,52,0,0,0
3.906597,0,1065,110631,48,0,0,0,0,0,0,52,0,0,0
3.908424,0,1021,97450,47,0,0,0,0,0,0,52,0,0,0
3.910150,0,935,112476,47,0,0,0,0,0,0,52,0,0,0
3.912105,0,1100,95610,47,0,0,0,0,0,0,52,0,0,0
3.913810,0,1117,105414,47,0,0,0,0,0,0,52,0,0,0
3.915593,0,1096,98415,47,0,0,0,0,0,0,52,0,0,0
3.917318,0,1116,95909,47,0,0,0,0,0,0,51,0,0,0
3.919041,0,1006,95781,48,0,0,0,0,0,0,52,0,0,0
3.920791,0,944,92635,47,0,0,0,0,0,0,51,0,0,0
3.922769,0,1039,112145,47,0,0,0,0,0,0,51,0,0,0
3.924614,0,1113,97661,47,0,0,0,0,0,0,52,0,0,0
3.926333,0,1022,96371,47,0,0,0,0,0,0,51,0,0,0
3.928215,0,1058,98989,47,0,0,0,0,0,0,52,0,0,0
3.930159,0,895,106989,48,0,0,0,0,0,0,52,0,0,0
3.931949,0,1109,98540,47,0,0,0,0,0,0,52,0,0,0
3.933639,0,946,98706,47,0,0,0,0,0,0,51,0,0,0
3.935339,0,1028,98849,47,0,0,0,0,0,0,52,0,0,0
3.937179,0,872,111768,47,0,0,0,0,0,0,52,0,0,0
3.938838,0,989,102702,47,0,0,0,0,0,0,52,0,0,0
3.940559,0,982,99591,47,0,0,0,0,0,0,52,0,0,0
3.942200,0,1090,105503,47,0,0,0,0,0,0,52,0,0,0
3.943961,0,1070,95603,47,0,0,0,0,0,0,52,0,0,0
3.945773,0,1098,89457,47,0,0,0,0,0,0,52,0,0,0
3.947421,0,1090,90251,47,0,0,0,0,0,0,52,0,0,0
3.949071,0,870,107234,47,0,0,0,0,0,0,52,0,0,0
3.950834,0,1117,92097,47,0,0,0,0,0,0,51,0,0,0
3.952525,0,1102,92191,47,0,0,0,0,0,0,52,0,0,0
3.954251,0,860,99751,47,0,0,0,0,0,0,52,0,0,0
3.955993,0,1107,97219,47,0,0,0,0,0,0,52,0,0,0
3.957701,0,961,126073,47,0,0,0,0,0,0,51,0,0,0
3.959608,0,936,96276,47,0,0,0,0,0,0,52,0,0,0
3.961709,0,1100,94996,48,0,0,0,0,0,0,52,0,0,0
3.963654,0,1106,92994,47,0,0,0,0,0,0,52,0,0,0
3.965363,0,1125,97345,48,0,0,0,0,0,0,51,0,0,0
3.967063,0,877,111067,47,0,0,0,0,0,0,52,0,0,0
3.968866,0,1029,90638,47,0,0,0,0,0,0,51,0,0,0
3.970613,0,935,106828,47,0,0,0,0,0,0,51,0,0,0
3.972690,0,1099,118761,47,0,0,0,0,0,0,51,0,0,0
3.974499,0,1108,96734,47,0,0,0,0,0,0,52,0,0,0
3.976298,0,1045,115035,48,0,0,0,0,0,0,52,0,0,0
3.977982,0,942,106677,47,0,0,0,0,0,0,52,0,0,0
3.979743,0,1112,95655,47,0,0,0,0,0,0,51,0,0,0
3.981452,0,1115,95513,47,0,0,0,0,0,0,52,0,0,0
3.983160,0,1103,95348,47,0,0,0,0,0,0,52,0,0,0
3.984877,0,1042,104961,47,0,0,0,0,0,0,52,0,0,0
3.986880,0,1069,113350,47,0,0,0,0,0,0,52,0,0,0
3.990068,0,941,99677,47,0,0,0,0,0,0,51,0,0,0
3.991785,0,1131,95942,47,0,0,0,0,0,0,52,0,0,0
3.993492,0,877,95803,47,0,0,0,0,0,0,52,0,0,0
3.995372,0,1116,101983,47,0,0,0,0,0,0,52,0,0,0
3.997138,0,1097,97119,47,0,0,0,0,0,0,52,0,0,0
3.998822,0,1123,98035,47,0,0,0,0,0,0,51,0,0,0
4.000607,0,1107,102668,47,0,0,0,0,0,0,52,0,0,0
4.002306,0,1020,99053,47,0,0,0,0,0,0,52,0,0,0
4.004146,0,1069,115418,47,0,0,0,0,0,0,52,0,0,0
4.006157,0,931,125242,48,0,0,0,0,0,0,51,0,0,0
4.007927,0,930,104420,47,0,0,0,0,0,0,52,0,0,0
4.009626,0,1059,96963,47,0,0,0,0,0,0,51,0,0,0
4.011281,0,1030,92278,47,0,0,0,0,0,0,52,0,0,0
4.012939,0,1027,90833,47,0,0,0,0,0,0,52,0,0,0
4.014545,0,1057,89865,47,0,0,0,0,0,0,52,0,0,0
4.016312,0,936,132263,47,0,0,0,0,0,0,51,0,0,0
4.018243,0,1001,122312,47,0,0,0,0,0,0,52,0,0,0
4.020252,0,1108,91412,47,0,0,0,0,0,0,52,0,0,0
4.021981,0,1061,107057,47,0,0,0,0,0,0,52,0,0,0
4.023635,0,966,99719,47,0,0,0,0,0,0,52,0,0,0
4.025316,0,941,97016,48,0,0,0,0,0,0,52,0,0,0
4.026982,0,1108,94328,47,0,0,0,0,0,0,52,0,0,0
4.028637,0,947,105469,48,0,0,0,0,0,0,52,0,0,0
4.030443,0,1121,102038,47,0,0,0,0,0,0,51,0,0,0
4.032367,0,900,141051,47,0,0,0,0,0,0,52,0,0,0
4.034228,0,885,95872,47,0,0,0,0,0,0,52,0,0,0
4.036045,0,902,117186,47,0,0,0,0,0,0,52,0,0,0
4.038239,0,872,149384,48,0,0,0,0,0,0,52,0,0,0
4.040026,0,889,101149,48,0,0,0,0,0,0,52,0,0,0
4.041930,0,908,118457,47,0,0,0,0,0,0,52,0,0,0
4.043809,0,704,98190,47,0,0,0,0,0,0,51,0,0,0
4.045283,0,788,67687,47,0,0,0,0,0,0,52,0,0,0
4.046756,0,692,69331,47,0,0,0,0,0,0,52,0,0,0
4.048192,0,649,77887,47,0,0,0,0,0,0,52,0,0,0
4.049713,0,795,67981,47,0,0,0,0,0,0,52,0,0,0
4.051176,0,835,72097,47,0,0,0,0,0,0,52,0,0,0
4.052675,0,648,98485,47,0,0,0,0,0,0,52,0,0,0
4.054342,0,713,66196,47,0,0,0,0,0,0,52,0,0,0
4.055901,0,747,78788,47,0,0,0,0,0,0,51,0,0,0
4.057437,0,783,65365,47,0,0,0,0,0,0,52,0,0,0
4.058898,0,791,65717,47,0,0,0,0,0,0,52,0,0,0
4.060352,0,644,64962,47,0,0,0,0,0,0,51,0,0,0
4.061804,0,800,65316,47,0,0,0,0,0,0,51,0,0,0
4.063256,0,789,65301,47,0,0,0,0,0,0,52,0,0,0
4.064727,0,1089,74936,47,0,0,0,0,0,0,52,0,0,0
4.066588,0,1140,126287,47,0,0,0,0,0,0,52,0,0,0
4.068463,0,873,101062,48,0,0,0,0,0,0,52,0,0,0
4.070167,0,964,98025,47,0,0,0,0,0,0,52,0,0,0
4.071925,0,935,102890,47,0,0,0,0,0,0,51,0,0,0
4.073668,0,1125,95490,47,0,0,0,0,0,0,52,0,0,0
4.075582,0,1041,99176,47,0,0,0,0,0,0,52,0,0,0
4.077239,0,884,90701,47,0,0,0,0,0,0,51,0,0,0
4.078894,0,893,121458,47,0,0,0,0,0,0,52,0,0,0
4.080806,0,1109,94389,47,0,0,0,0,0,0,52,0,0,0
4.082478,0,1123,90217,47,0,0,0,0,0,0,52,0,0,0
4.084170,0,1054,101529,47,0,0,0,0,0,0,52,0,0,0
4.085816,0,995,89692,47,0,0,0,0,0,0,51,0,0,0
4.087461,0,1124,94062,47,0,0,0,0,0,0,52,0,0,0
4.089075,0,1026,101618,47,0,0,0,0,0,0,51,0,0,0
4.090847,0,1081,94056,47,0,0,0,0,0,0,52,0,0,0
4.092518,0,1095,101854,47,0,0,0,0,0,0,52,0,0,0
4.094268,0,1105,95929,47,0,0,0,0,0,0,51,0,0,0
4.095977,0,1007,95787,47,0,0,0,0,0,0,52,0,0,0
4.097923,0,962,124982,47,0,0,0,0,0,0,52,0,0,0
4.099850,0,1115,100141,47,0,0,0,0,0,0,52,0,0,0
4.101865,0,1094,97370,47,0,0,0,0,0,0,51,0,0,0
4.103584,0,1092,97152,47,0,0,0,0,0,0,52,0,0,0
4.105285,0,1095,97065,47,0,0,0,0,0,0,52,0,0,0
4.107078,0,1113,96016,47,0,0,0,0,0,0,51,0,0,0
4.108774,0,1113,94360,47,0,0,0,0,0,0,52,0,0,0
4.110467,0,1114,110509,47,0,0,0,0,0,0,52,0,0,0
4.112705,0,1104,126038,47,0,0,0,0,0,0,51,0,0,0
4.114484,0,1114,142466,47,0,0,0,0,0,0,52,0,0,0
4.116503,0,1085,98263,47,0,0,0,0,0,0,51,0,0,0
4.118204,0,1051,95067,47,0,0,0,0,0,0,52,0,0,0
4.119911,0,1071,96225,48,0,0,0,0,0,0,52,0,0,0
4.121608,0,800,105278,47,0,0,0,0,0,0,52,0,0,0
4.123634,0,908,79355,47,0,0,0,0,0,0,52,0,0,0
4.125261,0,1054,87428,48,0,0,0,0,0,0,52,0,0,0
4.126989,0,1052,97894,47,0,0,0,0,0,0,51,0,0,0
4.128754,0,1025,95942,47,0,0,0,0,0,0,51,0,0,0
4.130526,0,907,94732,47,0,0,0,0,0,0,51,0,0,0
4.132365,0,1150,143357,47,0,0,0,0,0,0,52,0,0,0
4.134274,0,1101,97350,47,0,0,0,0,0,0,52,0,0,0
4.136679,0,1099,95241,47,0,0,0,0,0,0,51,0,0,0
4.138738,0,1141,98190,47,0,0,0,0,0,0,52,0,0,0
4.140470,0,1097,99558,47,0,0,0,0,0,0,52,0,0,0
4.142176,0,1089,94662,47,0,0,0,0,0,0,51,0,0,0
4.143895,0,1105,98674,47,0,0,0,0,0,0,51,0,0,0
4.146109,0,997,121112,47,0,0,0,0,0,0,52,0,0,0
4.148008,0,865,130135,47,0,0,0,0,0,0,51,0,0,0
4.149949,0,975,98065,47,0,0,0,0,0,0,51,0,0,0
4.151652,0,903,95606,47,0,0,0,0,0,0,52,0,0,0
4.153355,0,1066,94918,47,0,0,0,0,0,0,52,0,0,0
4.155104,0,925,88049,47,0,0,0,0,0,0,52,0,0,0
4.156747,0,1094,110037,47,0,0,0,0,0,0,52,0,0,0
4.158571,0,1045,90772,47,0,0,0,0,0,0,52,0,0,0
4.160431,0,1114,109529,47,0,0,0,0,0,0,51,0,0,0
4.162176,0,1073,111101,47,0,0,0,0,0,0,51,0,0,0
4.163966,0,956,97661,47,0,0,0,0,0,0,52,0,0,0
4.165968,0,888,116352,47,0,0,0,0,0,0,52,0,0,0
4.167867,0,1020,97288,47,0,0,0,0,0,0,52,0,0,0
4.169555,0,1022,152407,47,0,0,0,0,0,0,52,0,0,0
4.172087,0,921,103605,47,0,0,0,0,0,0,51,0,0,0
4.173935,0,1055,95288,47,0,0,0,0,0,0,51,0,0,0
4.175650,0,1084,94590,47,0,0,0,0,0,0,52,0,0,0
4.177353,0,1041,95184,48,0,0,0,0,0,0,52,0,0,0
4.179183,0,1117,99053,47,0,0,0,0,0,0,51,0,0,0
4.180929,0,1036,100848,47,0,0,0,0,0,0,52,0,0,0
4.182688,0,852,122078,47,0,0,0,0,0,0,52,0,0,0
4.184635,0,1107,97580,47,0,0,0,0,0,0,52,0,0,0
4.186418,0,1087,95647,47,0,0,0,0,0,0,52,0,0,0
4.188184,0,1093,104134,47,0,0,0,0,0,0,52,0,0,0
4.189907,0,1143,94620,47,0,0,0,0,0,0,52,0,0,0
4.192300,0,1093,101130,47,0,0,0,0,0,0,52,0,0,0
4.194063,0,883,101771,47,0,0,0,0,0,0,52,0,0,0
4.195807,0,1117,97200,47,0,0,0,0,0,0,52,0,0,0
4.197825,0,932,116029,47,0,0,0,0,0,0,51,0,0,0
4.200227,0,1043,96825,47,0,0,0,0,0,0,52,0,0,0
4.201951,0,1089,105769,47,0,0,0,0,0,0,52,0,0,0
4.203717,0,1097,95379,47,0,0,0,0,0,0,51,0,0,0
4.205422,0,1103,95373,47,0,0,0,0,0,0,52,0,0,0
4.207127,0,1105,95227,47,0,0,0,0,0,0,51,0,0,0
4.208795,0,1109,95103,47,0,0,0,0,0,0,52,0,0,0
4.210510,0,923,188079,47,0,0,0,0,0,0,52,0,0,0
4.212857,0,1106,95729,47,0,0,0,0,0,0,52,0,0,0
4.214576,0,868,165312,48,0,0,0,0,0,0,52,0,0,0
4.216881,0,1100,97155,47,0,0,0,0,0,0,52,0,0,0
4.218685,0,1096,126716,47,0,0,0,0,0,0,52,0,0,0
4.220605,0,1112,101938,47,0,0,0,0,0,0,51,0,0,0
4.222285,0,908,114793,47,0,0,0,0,0,0,52,0,0,0
4.224457,0,935,142357,47,0,0,0,0,0,0,52,0,0,0
4.226337,0,759,81311,47,0,0,0,0,0,0,51,0,0,0
4.227916,0,773,78834,47,0,0,0,0,0,0,52,0,0,0
4.229487,0,843,78501,47,0,0,0,0,0,0,52,0,0,0
4.231162,0,890,79804,47,0,0,0,0,0,0,52,0,0,0
4.233167,0,714,86763,47,0,0,0,0,0,0,52,0,0,0
4.235077,0,692,87002,47,0,0,0,0,0,0,52,0,0,0
4.236869,0,838,80543,47,0,0,0,0,0,0,51,0,0,0
4.238411,0,713,72759,47,0,0,0,0,0,0,52,0,0,0
4.239927,0,836,74015,47,0,0,0,0,0,0,52,0,0,0
4.241455,0,845,74561,47,0,0,0,0,0,0,52,0,0,0
4.243046,0,833,86722,47,0,0,0,0,0,0,52,0,0,0
4.244924,0,758,81241,47,0,0,0,0,0,0,52,0,0,0
4.246767,0,730,79831,47,0,0,0,0,0,0,52,0,0,0
4.248352,0,833,80371,47,0,0,0,0,0,0,51,0,0,0
4.249929,0,1048,92361,47,0,0,0,0,0,0,52,0,0,0
4.251697,0,1088,94997,47,0,0,0,0,0,0,51,0,0,0
4.253397,0,1040,94623,47,0,0,0,0,0,0,52,0,0,0
4.255132,0,1026,96007,47,0,0,0,0,0,0,52,0,0,0
4.259081,0,883,131599,47,0,0,0,0,0,0,52,0,0,0
4.261044,0,1097,100029,47,0,0,0,0,0,0,52,0,0,0
4.262744,0,1096,98714,47,0,0,0,0,0,0,52,0,0,0
4.264413,0,934,95170,47,0,0,0,0,0,0,51,0,0,0
4.266070,0,1095,100404,47,0,0,0,0,0,0,52,0,0,0
4.267849,0,1096,97546,47,0,0,0,0,0,0,51,0,0,0
4.269572,0,1117,97311,47,0,0,0,0,0,0,51,0,0,0
4.271285,0,1113,95936,47,0,0,0,0,0,0,52,0,0,0
4.273037,0,1101,102174,47,0,0,0,0,0,0,52,0,0,0
4.274772,0,1101,100898,47,0,0,0,0,0,0,51,0,0,0
4.276511,0,1099,96277,47,0,0,0,0,0,0,52,0,0,0
4.278546,0,1080,98012,47,0,0,0,0,0,0,52,0,0,0
4.280567,0,986,107581,48,0,0,0,0,0,0,52,0,0,0
4.282289,0,1107,98041,47,0,0,0,0,0,0,51,0,0,0
4.284011,0,1116,96826,47,0,0,0,0,0,0,52,0,0,0
4.286268,0,900,89149,47,0,0,0,0,0,0,51,0,0,0
4.287952,0,1110,94931,47,0,0,0,0,0,0,52,0,0,0
4.289678,0,1098,94667,47,0,0,0,0,0,0,52,0,0,0
4.291375,0,1110,115658,47,0,0,0,0,0,0,52,0,0,0
4.293454,0,914,114287,47,0,0,0,0,0,0,52,0,0,0
4.295366,0,933,121569,47,0,0,0,0,0,0,52,0,0,0
4.297163,0,1091,97031,47,0,0,0,0,0,0,52,0,0,0
4.298934,0,1059,103172,47,0,0,0,0,0,0,52,0,0,0
4.300845,0,993,95845,47,0,0,0,0,0,0,52,0,0,0
4.302561,0,1147,97061,47,0,0,0,0,0,0,52,0,0,0
4.304500,0,878,342780,47,0,0,0,0,0,0,52,0,0,0
4.307679,0,986,95584,47,0,0,0,0,0,0,52,0,0,0
4.309394,0,1042,98286,47,0,0,0,0,0,0,51,0,0,0
4.311258,0,1083,96725,47,0,0,0,0,0,0,52,0,0,0
4.312936,0,1031,91646,47,0,0,0,0,0,0,51,0,0,0
4.314556,0,1110,94201,47,0,0,0,0,0,0,52,0,0,0
4.316440,0,948,131415,47,0,0,0,0,0,0,52,0,0,0
4.318129,0,1111,99422,47,0,0,0,0,0,0,51,0,0,0
4.319792,0,1106,95133,47,0,0,0,0,0,0,52,0,0,0
4.321483,0,917,104602,47,0,0,0,0,0,0,52,0,0,0
4.323300,0,1114,97474,47,0,0,0,0,0,0,52,0,0,0
4.325015,0,1073,96537,47,0,0,0,0,0,0,51,0,0,0
4.326718,0,1108,123843,47,0,0,0,0,0,0,51,0,0,0
4.328610,0,1088,97062,47,0,0,0,0,0,0,52,0,0,0
4.330573,0,881,142808,48,0,0,0,0,0,0,52,0,0,0
4.332614,0,1094,96894,47,0,0,0,0,0,0,52,0,0,0
4.334340,0,1149,97430,47,0,0,0,0,0,0,52,0,0,0
4.336131,0,1015,100876,47,0,0,0,0,0,0,52,0,0,0
4.337894,0,1009,101077,47,0,0,0,0,0,0,52,0,0,0
4.339637,0,1132,98442,47,0,0,0,0,0,0,52,0,0,0
4.341552,0,1101,104861,47,0,0,0,0,0,0,52,0,0,0
4.343368,0,1116,97872,47,0,0,0,0,0,0,52,0,0,0
4.345085,0,1091,136111,47,0,0,0,0,0,0,51,0,0,0
4.347548,0,1143,96650,47,0,0,0,0,0,0,52,0,0,0
4.349275,0,1029,139749,47,0,0,0,0,0,0,51,0,0,0
4.351397,0,1112,98414,47,0,0,0,0,0,0,52,0,0,0
4.353248,0,1106,115447,47,0,0,0,0,0,0,52,0,0,0
4.355094,0,1067,102399,47,0,0,0,0,0,0,52,0,0,0
4.356871,0,1057,107768,47,0,0,0,0,0,0,51,0,0,0
4.359354,0,912,105523,48,0,0,0,0,0,0,52,0,0,0
4.361204,0,1112,98391,47,0,0,0,0,0,0,52,0,0,0
4.362982,0,1076,105903,47,0,0,0,0,0,0,51,0,0,0
4.364786,0,886,96285,47,0,0,0,0,0,0,52,0,0,0
4.366527,0,1038,95177,47,0,0,0,0,0,0,52,0,0,0
4.368390,0,984,131431,47,0,0,0,0,0,0,52,0,0,0
4.370393,0,984,108584,47,0,0,0,0,0,0,51,0,0,0
4.372312,0,1068,107635,48,0,0,0,0,0,0,51,0,0,0
4.374013,0,1123,94780,47,0,0,0,0,0,0,51,0,0,0
4.375879,0,1093,101527,47,0,0,0,0,0,0,51,0,0,0
4.377746,0,1168,94677,47,0,0,0,0,0,0,52,0,0,0
4.379464,0,1085,95143,47,0,0,0,0,0,0,51,0,0,0
4.381121,0,1096,90480,47,0,0,0,0,0,0,52,0,0,0
4.383072,0,903,98747,47,0,0,0,0,0,0,52,0,0,0
4.384794,0,929,99512,47,0,0,0,0,0,0,51,0,0,0
4.386498,0,1113,96317,47,0,0,0,0,0,0,52,0,0,0
4.388301,0,1102,112493,47,0,0,0,0,0,0,52,0,0,0
4.389989,0,1115,98470,48,0,0,0,0,0,0,52,0,0,0
4.391655,0,1144,95674,47,0,0,0,0,0,0,51,0,0,0
4.393316,0,1108,95823,47,0,0,0,0,0,0,51,0,0,0
4.395014,0,1113,98326,47,0,0,0,0,0,0,51,0,0,0
4.397096,0,997,98624,47,0,0,0,0,0,0,51,0,0,0
4.398826,0,1107,95596,47,0,0,0,0,0,0,52,0,0,0
4.400557,0,1107,100057,47,0,0,0,0,0,0,52,0,0,0
4.402335,0,1106,95483,47,0,0,0,0,0,0,52,0,0,0
4.404099,0,1103,95727,47,0,0,0,0,0,0,52,0,0,0
4.405824,0,1107,98425,47,0,0,0,0,0,0,52,0,0,0
4.407533,0,887,94198,47,0,0,0,0,0,0,51,0,0,0
4.409281,0,1052,97352,47,0,0,0,0,0,0,51,0,0,0
4.411055,0,957,114358,47,0,0,0,0,0,0,51,0,0,0
4.413028,0,1086,96821,47,0,0,0,0,0,0,51,0,0,0
4.414805,0,1066,105799,48,0,0,0,0,0,0,51,0,0,0
4.417026,0,1097,106470,47,0,0,0,0,0,0,52,0,0,0
4.418724,0,1027,120275,48,0,0,0,0,0,0,51,0,0,0
4.420645,0,1109,96145,47,0,0,0,0,0,0,52,0,0,0
4.422351,0,884,95906,47,0,0,0,0,0,0,52,0,0,0
4.424130,0,1106,97579,47,0,0,0,0,0,0,52,0,0,0
4.425831,0,1062,105698,48,0,0,0,0,0,0,52,0,0,0
4.427612,0,1031,96308,48,0,0,0,0,0,0,51,0,0,0
4.429348,0,1100,96229,47,0,0,0,0,0,0,52,0,0,0
4.431078,0,928,94206,47,0,0,0,0,0,0,52,0,0,0
4.432857,0,1108,95745,48,0,0,0,0,0,0,51,0,0,0
4.434561,0,1078,95809,48,0,0,0,0,0,0,51,0,0,0
4.436408,0,1112,117938,48,0,0,0,0,0,0,52,0,0,0
4.438110,0,1108,95196,47,0,0,0,0,0,0,51,0,0,0
4.440495,0,959,99012,47,0,0,0,0,0,0,52,0,0,0
4.442267,0,1112,97610,47,0,0,0,0,0,0,52,0,0,0
4.444002,0,1116,105827,47,0,0,0,0,0,0,51,0,0,0
4.445970,0,882,108273,47,0,0,0,0,0,0,52,0,0,0
4.447774,0,1048,94484,47,0,0,0,0,0,0,51,0,0,0
4.449478,0,1033,96112,47,0,0,0,0,0,0,51,0,0,0
4.451344,0,891,98376,47,0,0,0,0,0,0,52,0,0,0
4.453128,0,1045,99737,47,0,0,0,0,0,0,52,0,0,0
4.455019,0,869,111331,47,0,0,0,0,0,0,52,0,0,0
4.456837,0,873,99067,47,0,0,0,0,0,0,51,0,0,0
4.458579,0,1064,92514,47,0,0,0,0,0,0,52,0,0,0
4.460440,0,1101,129746,48,0,0,0,0,0,0,52,0,0,0
4.462195,0,1059,93144,47,0,0,0,0,0,0,52,0,0,0
4.463932,0,1090,98694,47,0,0,0,0,0,0,52,0,0,0
4.465630,0,1046,91115,47,0,0,0,0,0,0,52,0,0,0
4.467495,0,990,106799,47,0,0,0,0,0,0,51,0,0,0
4.469319,0,1108,98283,47,0,0,0,0,0,0,52,0,0,0
4.471023,0,861,110583,47,0,0,0,0,0,0,52,0,0,0
4.472871,0,858,170878,47,0,0,0,0,0,0,51,0,0,0
4.475307,0,1026,136895,47,0,0,0,0,0,0,51,0,0,0
4.477308,0,1103,97842,47,0,0,0,0,0,0,52,0,0,0
4.479043,0,1097,88940,47,0,0,0,0,0,0,51,0,0,0
4.480795,0,1064,107209,47,0,0,0,0,0,0,52,0,0,0
4.482593,0,1095,121443,47,0,0,0,0,0,0,52,0,0,0
4.484486,0,1070,97015,47,0,0,0,0,0,0,51,0,0,0
4.486215,0,1088,96209,48,0,0,0,0,0,0,52,0,0,0
4.487924,0,1116,94350,47,0,0,0,0,0,0,52,0,0,0
4.489619,0,1116,93028,47,0,0,0,0,0,0,51,0,0,0
4.491332,0,916,96653,47,0,0,0,0,0,0,52,0,0,0
4.493117,0,1115,102373,47,0,0,0,0,0,0,52,0,0,0
4.494844,0,1088,96241,47,0,0,0,0,0,0,52,0,0,0
4.496567,0,1114,95208,48,0,0,0,0,0,0,52,0,0,0
4.498350,0,1100,97149,47,0,0,0,0,0,0,51,0,0,0
4.500145,0,1096,107662,47,0,0,0,0,0,0,51,0,0,0
4.502096,0,973,96361,47,0,0,0,0,0,0,52,0,0,0
4.503808,0,1142,95188,47,0,0,0,0,0,0,52,0,0,0
4.505525,0,1112,96031,47,0,0,0,0,0,0,51,0,0,0
4.507314,0,1091,95678,47,0,0,0,0,0,0,51,0,0,0
4.509018,0,1037,96127,47,0,0,0,0,0,0,52,0,0,0
4.510724,0,1058,95880,47,0,0,0,0,0,0,52,0,0,0
4.512430,0,1107,95869,47,0,0,0,0,0,0,52,0,0,0
4.514200,0,881,95013,47,0,0,0,0,0,0,52,0,0,0
4.516074,0,993,96502,47,0,0,0,0,0,0,52,0,0,0
4.517834,0,1114,98109,47,0,0,0,0,0,0,52,0,0,0
4.519664,0,1003,92425,47,0,0,0,0,0,0,52,0,0,0
4.521953,0,1097,125625,47,0,0,0,0,0,0,52,0,0,0
4.523867,0,879,98148,47,0,0,0,0,0,0,52,0,0,0
4.525630,0,917,100104,47,0,0,0,0,0,0,52,0,0,0
4.527351,0,929,94648,47,0,0,0,0,0,0,51,0,0,0
4.529270,0,962,131982,47,0,0,0,0,0,0,52,0,0,0
4.531297,0,989,102611,48,0,0,0,0,0,0,51,0,0,0
4.533119,0,1048,106337,47,0,0,0,0,0,0,52,0,0,0
4.535240,0,965,108049,47,0,0,0,0,0,0,52,0,0,0
4.536953,0,1074,102651,47,0,0,0,0,0,0,52,0,0,0
4.538726,0,896,104345,47,0,0,0,0,0,0,51,0,0,0
4.540536,0,1061,106621,47,0,0,0,0,0,0,51,0,0,0
4.542310,0,1061,110122,47,0,0,0,0,0,0,52,0,0,0
4.544281,0,894,153555,47,0,0,0,0,0,0,52,0,0,0
4.546182,0,816,102561,47,0,0,0,0,0,0,51,0,0,0
4.547831,0,1051,91893,47,0,0,0,0,0,0,51,0,0,0
4.549827,0,1101,97595,47,0,0,0,0,0,0,51,0,0,0
4.551628,0,1081,103598,47,0,0,0,0,0,0,52,0,0,0
4.553394,0,1040,96069,47,0,0,0,0,0,0,51,0,0,0
4.555192,0,1032,96009,47,0,0,0,0,0,0,52,0,0,0
4.557085,0,1055,95142,47,0,0,0,0,0,0,52,0,0,0
4.559305,0,1003,137987,47,0,0,0,0,0,0,51,0,0,0
4.561364,0,1099,101249,47,0,0,0,0,0,0,52,0,0,0
4.563122,0,1100,96907,47,0,0,0,0,0,0,52,0,0,0
4.564815,0,1101,128552,47,0,0,0,0,0,0,52,0,0,0
4.567265,0,975,90016,47,0,0,0,0,0,0,52,0,0,0
4.569049,0,1108,99061,47,0,0,0,0,0,0,52,0,0,0
4.570821,0,1091,95854,47,0,0,0,0,0,0,52,0,0,0
4.572607,0,1106,96056,47,0,0,0,0,0,0,52,0,0,0
4.574343,0,1115,99047,47,0,0,0,0,0,0,52,0,0,0
4.576249,0,896,114538,47,0,0,0,0,0,0,52,0,0,0
4.578350,0,921,121393,47,0,0,0,0,0,0,52,0,0,0
4.580322,0,1040,105064,47,0,0,0,0,0,0,51,0,0,0
4.582138,0,1082,98644,47,0,0,0,0,0,0,52,0,0,0
4.583849,0,923,144019,47,0,0,0,0,0,0,51,0,0,0
4.585886,0,1118,105576,47,0,0,0,0,0,0,52,0,0,0
4.587669,0,1096,97849,47,0,0,0,0,0,0,51,0,0,0
4.589368,0,1042,97414,47,0,0,0,0,0,0,51,0,0,0
4.591302,0,999,109202,47,0,0,0,0,0,0,51,0,0,0
4.593251,0,821,116975,47,0,0,0,0,0,0,51,0,0,0
4.594917,0,706,90167,47,0,0,0,0,0,0,52,0,0,0
4.596532,0,684,72442,47,0,0,0,0,0,0,52,0,0,0
4.598424,0,694,81193,47,0,0,0,0,0,0,52,0,0,0
4.600191,0,711,80124,47,0,0,0,0,0,0,52,0,0,0
4.601782,0,1710,92339,47,0,0,0,0,0,0,52,0,0,0
4.603543,0,882,103031,47,0,0,0,0,0,0,52,0,0,0
4.605303,0,911,97062,47,0,0,0,0,0,0,52,0,0,0
4.607362,0,957,105838,47,0,0,0,0,0,0,52,0,0,0
4.609176,0,1053,97257,47,0,0,0,0,0,0,51,0,0,0
4.610962,0,915,96446,47,0,0,0,0,0,0,52,0,0,0
4.612639,0,1115,89938,47,0,0,0,0,0,0,52,0,0,0
4.614293,0,1109,90482,47,0,0,0,0,0,0,52,0,0,0
4.615969,0,874,93940,48,0,0,0,0,0,0,52,0,0,0
4.617637,0,1021,110859,47,0,0,0,0,0,0,52,0,0,0
4.619467,0,1114,98605,47,0,0,0,0,0,0,52,0,0,0
4.621177,0,1025,97492,47,0,0,0,0,0,0,52,0,0,0
4.622891,0,1112,96190,47,0,0,0,0,0,0,52,0,0,0
4.624863,0,876,97028,47,0,0,0,0,0,0,51,0,0,0
4.626814,0,1020,98293,47,0,0,0,0,0,0,52,0,0,0
4.628568,0,1101,95716,48,0,0,0,0,0,0,52,0,0,0
4.630276,0,1118,95617,47,0,0,0,0,0,0,52,0,0,0
4.631997,0,991,133611,47,0,0,0,0,0,0,52,0,0,0
4.633942,0,1027,108595,48,0,0,0,0,0,0,52,0,0,0
4.635786,0,951,94361,47,0,0,0,0,0,0,52,0,0,0
4.637496,0,897,96477,47,0,0,0,0,0,0,51,0,0,0
4.639235,0,1103,97987,47,0,0,0,0,0,0,52,0,0,0
4.641152,0,1000,98768,47,0,0,0,0,0,0,52,0,0,0
4.642883,0,976,96389,47,0,0,0,0,0,0,52,0,0,0
4.644608,0,1108,97577,47,0,0,0,0,0,0,52,0,0,0
4.646371,0,1108,96387,47,0,0,0,0,0,0,51,0,0,0
4.648200,0,1091,94299,47,0,0,0,0,0,0,52,0,0,0
4.649922,0,1115,105154,47,0,0,0,0,0,0,52,0,0,0
4.651854,0,877,114426,47,0,0,0,0,0,0,52,0,0,0
4.653992,0,1082,97587,47,0,0,0,0,0,0,52,0,0,0
4.656398,0,1052,126399,47,0,0,0,0,0,0,51,0,0,0
4.659578,0,1114,100232,47,0,0,0,0,0,0,52,0,0,0
4.661510,0,891,124792,47,0,0,0,0,0,0,52,0,0,0
4.663179,0,1107,95710,48,0,0,0,0,0,0,52,0,0,0
4.665183,0,1104,108947,47,0,0,0,0,0,0,51,0,0,0
4.666896,0,1092,100839,47,0,0,0,0,0,0,52,0,0,0
4.668630,0,1119,132469,47,0,0,0,0,0,0,52,0,0,0
4.670793,0,1065,98199,47,0,0,0,0,0,0,51,0,0,0
4.672632,0,1089,141899,47,0,0,0,0,0,0,52,0,0,0
4.674733,0,979,104133,47,0,0,0,0,0,0,52,0,0,0
4.676506,0,878,98180,47,0,0,0,0,0,0,51,0,0,0
4.678196,0,938,94314,48,0,0,0,0,0,0,52,0,0,0
4.679903,0,889,96425,48,0,0,0,0,0,0,52,0,0,0
4.681605,0,1097,94402,47,0,0,0,0,0,0,52,0,0,0
4.683564,0,900,93034,47,0,0,0,0,0,0,52,0,0,0
4.685218,0,902,90247,48,0,0,0,0,0,0,51,0,0,0
4.686889,0,1143,93506,48,0,0,0,0,0,0,52,0,0,0
4.688708,0,940,121561,47,0,0,0,0,0,0,52,0,0,0
4.690635,0,1101,99240,47,0,0,0,0,0,0,52,0,0,0
4.692317,0,1052,96560,47,0,0,0,0,0,0,51,0,0,0
4.694004,0,883,95136,47,0,0,0,0,0,0,52,0,0,0
4.695683,0,835,96024,47,0,0,0,0,0,0,51,0,0,0
4.697219,0,813,79783,47,0,0,0,0,0,0,51,0,0,0
4.698771,0,816,99779,47,0,0,0,0,0,0,52,0,0,0
4.700480,0,825,80784,47,0,0,0,0,0,0,52,0,0,0
4.702059,0,836,80354,47,0,0,0,0,0,0,52,0,0,0
4.703637,0,816,79845,47,0,0,0,0,0,0,51,0,0,0
4.705229,0,785,79501,47,0,0,0,0,0,0,51,0,0,0
4.707234,0,717,78994,47,0,0,0,0,0,0,52,0,0,0
4.708842,0,835,78507,47,0,0,0,0,0,0,52,0,0,0
4.710405,0,835,77909,47,0,0,0,0,0,0,52,0,0,0
4.712006,0,830,78513,47,0,0,0,0,0,0,51,0,0,0
4.713676,0,844,78641,47,0,0,0,0,0,0,52,0,0,0
4.715312,0,807,79643,47,0,0,0,0,0,0,52,0,0,0
4.716893,0,836,80072,47,0,0,0,0,0,0,52,0,0,0
4.719465,0,827,81890,47,0,0,0,0,0,0,52,0,0,0
4.721125,0,1045,83738,47,0,0,0,0,0,0,51,0,0,0
4.722864,0,1108,97712,47,0,0,0,0,0,0,52,0,0,0
4.724578,0,961,99963,47,0,0,0,0,0,0,51,0,0,0
4.726364,0,1038,107527,47,0,0,0,0,0,0,52,0,0,0
4.728396,0,1104,120036,47,0,0,0,0,0,0,51,0,0,0
4.730164,0,1099,94112,47,0,0,0,0,0,0,52,0,0,0
4.731884,0,1109,97302,47,0,0,0,0,0,0,52,0,0,0
4.733588,0,913,339940,47,0,0,0,0,0,0,52,0,0,0
4.736885,0,1100,99604,47,0,0,0,0,0,0,52,0,0,0
4.738634,0,923,105392,47,0,0,0,0,0,0,52,0,0,0
4.740652,0,870,113840,47,0,0,0,0,0,0,52,0,0,0
4.742476,0,1109,99447,47,0,0,0,0,0,0,52,0,0,0
4.744367,0,1086,125288,47,0,0,0,0,0,0,51,0,0,0
4.746029,0,1090,104082,47,0,0,0,0,0,0,52,0,0,0
4.747812,0,1116,97233,47,0,0,0,0,0,0,52,0,0,0
4.749591,0,886,230685,47,0,0,0,0,0,0,51,0,0,0
4.752391,0,1114,128047,47,0,0,0,0,0,0,52,0,0,0
4.754160,0,999,95102,47,0,0,0,0,0,0,51,0,0,0
4.756069,0,1099,100613,48,0,0,0,0,0,0,51,0,0,0
4.757897,0,1100,97950,47,0,0,0,0,0,0,52,0,0,0
4.759572,0,918,95161,47,0,0,0,0,0,0,52,0,0,0
4.761234,0,911,95858,47,0,0,0,0,0,0,52,0,0,0
4.762894,0,1115,92611,47,0,0,0,0,0,0,52,0,0,0
4.764574,0,874,89973,47,0,0,0,0,0,0,52,0,0,0
4.766235,0,1109,92853,48,0,0,0,0,0,0,51,0,0,0
4.767897,0,1034,89736,48,0,0,0,0,0,0,52,0,0,0
4.769548,0,973,90437,47,0,0,0,0,0,0,51,0,0,0
4.771332,0,920,132409,47,0,0,0,0,0,0,52,0,0,0
4.773554,0,1050,101790,47,0,0,0,0,0,0,52,0,0,0
4.775341,0,933,101965,48,0,0,0,0,0,0,52,0,0,0
4.777073,0,1112,95126,47,0,0,0,0,0,0,52,0,0,0
4.778859,0,1102,95952,47,0,0,0,0,0,0,52,0,0,0
4.780562,0,910,96521,47,0,0,0,0,0,0,51,0,0,0
4.782287,0,1146,131647,47,0,0,0,0,0,0,51,0,0,0
4.784650,0,1100,131063,47,0,0,0,0,0,0,51,0,0,0
4.786451,0,1109,97383,47,0,0,0,0,0,0,51,0,0,0
4.788226,0,1036,117472,47,0,0,0,0,0,0,52,0,0,0
4.790016,0,1109,95431,47,0,0,0,0,0,0,51,0,0,0
4.791732,0,1116,101329,47,0,0,0,0,0,0,52,0,0,0
4.793477,0,930,98767,47,0,0,0,0,0,0,52,0,0,0
4.796224,0,942,117027,47,0,0,0,0,0,0,52,0,0,0
4.798089,0,1047,130579,48,0,0,0,0,0,0,51,0,0,0
4.800144,0,1100,97845,48,0,0,0,0,0,0,52,0,0,0
4.801842,0,1088,106113,47,0,0,0,0,0,0,52,0,0,0
4.803628,0,980,92641,47,0,0,0,0,0,0,52,0,0,0
4.805300,0,1148,97426,47,0,0,0,0,0,0,52,0,0,0
4.806996,0,1084,100894,47,0,0,0,0,0,0,52,0,0,0
4.808706,0,911,119461,47,0,0,0,0,0,0,52,0,0,0
4.810653,0,944,137183,48,0,0,0,0,0,0,52,0,0,0
4.812675,0,1064,98914,47,0,0,0,0,0,0,52,0,0,0
4.814425,0,1138,97446,47,0,0,0,0,0,0,52,0,0,0
4.816219,0,1050,108047,48,0,0,0,0,0,0,51,0,0,0
4.817925,0,1092,106699,47,0,0,0,0,0,0,51,0,0,0
4.819703,0,880,334765,47,0,0,0,0,0,0,52,0,0,0
4.823256,0,1031,102656,47,0,0,0,0,0,0,52,0,0,0
4.825061,0,1106,99728,48,0,0,0,0,0,0,51,0,0,0
4.827142,0,980,98186,47,0,0,0,0,0,0,52,0,0,0
4.829153,0,1229,125590,48,0,0,0,0,0,0,51,0,0,0
4.831264,0,995,96585,48,0,0,0,0,0,0,52,0,0,0
4.833120,0,1093,116814,47,0,0,0,0,0,0,51,0,0,0
4.834936,0,861,138364,47,0,0,0,0,0,0,52,0,0,0
4.836961,0,1006,102795,47,0,0,0,0,0,0,51,0,0,0
4.838655,0,912,101776,47,0,0,0,0,0,0,52,0,0,0
4.840382,0,1113,99168,47,0,0,0,0,0,0,52,0,0,0
4.842057,0,858,110754,47,0,0,0,0,0,0,52,0,0,0
4.843871,0,1039,93343,47,0,0,0,0,0,0,52,0,0,0
4.845530,0,1117,89966,47,0,0,0,0,0,0,52,0,0,0
4.847512,0,1040,93874,47,0,0,0,0,0,0,52,0,0,0
4.849184,0,1003,93925,47,0,0,0,0,0,0,52,0,0,0
4.850930,0,1111,93168,47,0,0,0,0,0,0,51,0,0,0
4.852816,0,1103,97664,47,0,0,0,0,0,0,52,0,0,0
4.854545,0,1092,96050,47,0,0,0,0,0,0,51,0,0,0
4.856306,0,931,147445,47,0,0,0,0,0,0,52,0,0,0
4.858303,0,1106,100654,47,0,0,0,0,0,0,52,0,0,0
4.860394,0,1001,104998,47,0,0,0,0,0,0,52,0,0,0
4.862173,0,1066,109899,47,0,0,0,0,0,0,52,0,0,0
4.863970,0,874,94395,47,0,0,0,0,0,0,52,0,0,0
4.865720,0,1079,96044,47,0,0,0,0,0,0,52,0,0,0
4.867430,0,1105,95574,47,0,0,0,0,0,0,52,0,0,0
4.869154,0,1143,97574,47,0,0,0,0,0,0,52,0,0,0
4.870860,0,1111,96012,47,0,0,0,0,0,0,52,0,0,0
4.872565,0,888,96568,47,0,0,0,0,0,0,52,0,0,0
4.874353,0,1050,96353,47,0,0,0,0,0,0,52,0,0,0
4.876229,0,1100,99351,47,0,0,0,0,0,0,52,0,0,0
4.878201,0,1100,96995,47,0,0,0,0,0,0,52,0,0,0
4.879933,0,881,97831,47,0,0,0,0,0,0,52,0,0,0
4.881874,0,1045,109535,47,0,0,0,0,0,0,52,0,0,0
4.884036,0,1074,99953,47,0,0,0,0,0,0,52,0,0,0
4.885766,0,1103,95287,47,0,0,0,0,0,0,51,0,0,0
4.887489,0,1117,94623,47,0,0,0,0,0,0,52,0,0,0
4.889214,0,1018,142214,47,0,0,0,0,0,0,51,0,0,0
4.891280,0,1047,104078,47,0,0,0,0,0,0,52,0,0,0
4.893330,0,1143,95752,47,0,0,0,0,0,0,52,0,0,0
4.895309,0,1019,99672,47,0,0,0,0,0,0,52,0,0,0
4.897270,0,928,105765,47,0,0,0,0,0,0,52,0,0,0
4.899179,0,1112,95093,47,0,0,0,0,0,0,51,0,0,0
4.900888,0,1107,96556,47,0,0,0,0,0,0,51,0,0,0
4.902585,0,1114,103291,47,0,0,0,0,0,0,51,0,0,0
4.904343,0,1059,96322,47,0,0,0,0,0,0,51,0,0,0
4.906059,0,954,93314,47,0,0,0,0,0,0,52,0,0,0
4.907731,0,876,99194,47,0,0,0,0,0,0,52,0,0,0
4.909563,0,855,151615,48,0,0,0,0,0,0,52,0,0,0
4.911733,0,1116,95356,47,0,0,0,0,0,0,52,0,0,0
4.913536,0,1050,91968,47,0,0,0,0,0,0,52,0,0,0
4.915230,0,1086,97394,48,0,0,0,0,0,0,52,0,0,0
4.916931,0,1096,95195,47,0,0,0,0,0,0,51,0,0,0
4.918632,0,1114,115486,47,0,0,0,0,0,0,52,0,0,0
4.920524,0,1093,101209,47,0,0,0,0,0,0,52,0,0,0
4.922295,0,1114,95668,47,0,0,0,0,0,0,52,0,0,0
4.923995,0,1112,94229,47,0,0,0,0,0,0,52,0,0,0
4.925711,0,974,97079,47,0,0,0,0,0,0,52,0,0,0
4.927421,0,1007,96956,47,0,0,0,0,0,0,52,0,0,0
4.929134,0,1026,96010,47,0,0,0,0,0,0,52,0,0,0
4.931062,0,1006,125932,47,0,0,0,0,0,0,52,0,0,0
4.932767,0,1108,95445,47,0,0,0,0,0,0,52,0,0,0
4.934470,0,1101,95154,47,0,0,0,0,0,0,52,0,0,0
4.936304,0,1080,127224,47,0,0,0,0,0,0,52,0,0,0
4.938373,0,888,95432,47,0,0,0,0,0,0,51,0,0,0
4.940143,0,985,96095,47,0,0,0,0,0,0,52,0,0,0
4.941867,0,1041,120122,47,0,0,0,0,0,0,52,0,0,0
4.943736,0,1105,98281,47,0,0,0,0,0,0,52,0,0,0
4.945457,0,1096,96702,47,0,0,0,0,0,0,52,0,0,0
4.947209,0,1107,102118,47,0,0,0,0,0,0,51,0,0,0
4.948975,0,1027,94855,48,0,0,0,0,0,0,51,0,0,0
4.950809,0,949,99564,48,0,0,0,0,0,0,52,0,0,0
4.952558,0,1097,95602,47,0,0,0,0,0,0,51,0,0,0
4.954513,0,1092,123005,47,0,0,0,0,0,0,52,0,0,0
4.956357,0,1040,107508,47,0,0,0,0,0,0,51,0,0,0
4.958076,0,978,98077,47,0,0,0,0,0,0,52,0,0,0
4.959998,0,1039,147559,47,0,0,0,0,0,0,51,0,0,0
4.962504,0,1053,89705,47,0,0,0,0,0,0,52,0,0,0
4.964511,0,1095,120183,47,0,0,0,0,0,0,52,0,0,0
4.966255,0,1074,98821,47,0,0,0,0,0,0,51,0,0,0
4.967957,0,1103,94949,47,0,0,0,0,0,0,52,0,0,0
4.969668,0,1121,155985,47,0,0,0,0,0,0,51,0,0,0
4.972113,0,1102,94836,47,0,0,0,0,0,0,52,0,0,0
4.974109,0,1011,149600,47,0,0,0,0,0,0,52,0,0,0
4.977030,0,885,340299,47,0,0,0,0,0,0,52,0,0,0
4.980161,0,1066,94154,47,0,0,0,0,0,0,51,0,0,0
4.981850,0,950,94080,47,0,0,0,0,0,0,52,0,0,0
4.983579,0,883,104258,47,0,0,0,0,0,0,51,0,0,0
4.985312,0,1101,96246,47,0,0,0,0,0,0,52,0,0,0
4.987047,0,893,93422,47,0,0,0,0,0,0,51,0,0,0
4.988722,0,1102,91965,47,0,0,0,0,0,0,52,0,0,0
4.990387,0,1101,92427,47,0,0,0,0,0,0,51,0,0,0
4.992114,0,1069,90280,47,0,0,0,0,0,0,52,0,0,0
4.993769,0,1091,90454,47,0,0,0,0,0,0,52,0,0,0
4.995451,0,973,96440,48,0,0,0,0,0,0,52,0,0,0
4.997185,0,892,96636,48,0,0,0,0,0,0,52,0,0,0
4.998895,0,1106,97847,47,0,0,0,0,0,0,51,0,0,0
5.000621,0,993,115122,48,0,0,0,0,0,0,52,0,0,0
5.002531,0,1009,96201,47,0,0,0,0,0,0,52,0,0,0
5.004351,0,1112,114398,47,0,0,0,0,0,0,52,0,0,0
5.006058,0,1114,95559,47,0,0,0,0,0,0,51,0,0,0
5.007776,0,1104,94791,47,0,0,0,0,0,0,52,0,0,0
5.009488,0,1146,96040,47,0,0,0,0,0,0,52,0,0,0
5.011228,0,939,95353,47,0,0,0,0,0,0,51,0,0,0
5.013053,0,1110,116614,48,0,0,0,0,0,0,51,0,0,0
5.014836,0,1035,105220,47,0,0,0,0,0,0,52,0,0,0
5.016619,0,1054,135920,47,0,0,0,0,0,0,51,0,0,0
5.018530,0,1098,97622,47,0,0,0,0,0,0,52,0,0,0
5.020372,0,1052,117643,47,0,0,0,0,0,0,52,0,0,0
5.022076,0,1086,95697,47,0,0,0,0,0,0,52,0,0,0
5.023784,0,1105,95491,47,0,0,0,0,0,0,52,0,0,0
5.025550,0,861,189505,47,0,0,0,0,0,0,52,0,0,0
5.027936,0,1108,99530,47,0,0,0,0,0,0,52,0,0,0
5.029673,0,1073,97255,47,0,0,0,0,0,0,52,0,0,0
5.031544,0,866,102030,47,0,0,0,0,0,0,52,0,0,0
5.033291,0,1098,152013,47,0,0,0,0,0,0,52,0,0,0
5.035355,0,1042,103949,47,0,0,0,0,0,0,52,0,0,0
5.037118,0,1057,97256,47,0,0,0,0,0,0,51,0,0,0
5.038858,0,1106,97668,48,0,0,0,0,0,0,52,0,0,0
5.040619,0,1092,98059,47,0,0,0,0,0,0,51,0,0,0
5.042389,0,916,108301,47,0,0,0,0,0,0,52,0,0,0
5.044519,0,926,143980,47,0,0,0,0,0,0,52,0,0,0
5.046445,0,1044,100083,47,0,0,0,0,0,0,52,0,0,0
5.048222,0,1090,113387,47,0,0,0,0,0,0,52,0,0,0
5.050193,0,956,107887,47,0,0,0,0,0,0,52,0,0,0
5.052018,0,1108,95152,47,0,0,0,0,0,0,51,0,0,0
5.053720,0,1034,95196,47,0,0,0,0,0,0,51,0,0,0
5.055526,0,941,96306,47,0,0,0,0,0,0,51,0,0,0
5.057247,0,1055,97037,47,0,0,0,0,0,0,52,0,0,0
5.059009,0,930,94067,47,0,0,0,0,0,0,52,0,0,0
5.060674,0,887,90736,47,0,0,0,0,0,0,52,0,0,0
5.062575,0,754,113380,47,0,0,0,0,0,0,52,0,0,0
5.064297,0,725,88395,47,0,0,0,0,0,0,52,0,0,0
5.065974,0,1023,103710,47,0,0,0,0,0,0,51,0,0,0
5.067720,0,1026,90640,47,0,0,0,0,0,0,52,0,0,0
5.069382,0,1045,90414,47,0,0,0,0,0,0,52,0,0,0
5.071030,0,1105,95310,47,0,0,0,0,0,0,52,0,0,0
5.072910,0,1047,108387,47,0,0,0,0,0,0,51,0,0,0
5.074720,0,1060,98663,47,0,0,0,0,0,0,51,0,0,0
5.076424,0,894,97939,47,0,0,0,0,0,0,52,0,0,0
5.078086,0,1031,106543,47,0,0,0,0,0,0,52,0,0,0
5.079889,0,982,99454,47,0,0,0,0,0,0,51,0,0,0
5.081593,0,1110,97633,48,0,0,0,0,0,0,52,0,0,0
5.083564,0,1098,98753,47,0,0,0,0,0,0,51,0,0,0
5.085306,0,1092,97485,47,0,0,0,0,0,0,52,0,0,0
5.087066,0,1032,95795,47,0,0,0,0,0,0,52,0,0,0
5.088920,0,1100,95821,47,0,0,0,0,0,0,51,0,0,0
5.090717,0,1095,98625,47,0,0,0,0,0,0,51,0,0,0
5.092438,0,1102,159873,47,0,0,0,0,0,0,51,0,0,0
5.094588,0,1123,111174,47,0,0,0,0,0,0,51,0,0,0
5.096434,0,1088,104047,47,0,0,0,0,0,0,52,0,0,0
5.098222,0,929,148368,47,0,0,0,0,0,0,52,0,0,0
5.100409,0,1088,118541,47,0,0,0,0,0,0,52,0,0,0
5.102214,0,1098,98576,47,0,0,0,0,0,0,52,0,0,0
5.103924,0,895,98617,47,0,0,0,0,0,0,52,0,0,0
5.105677,0,888,96223,48,0,0,0,0,0,0,52,0,0,0
5.107414,0,1083,100040,47,0,0,0,0,0,0,51,0,0,0
5.109116,0,1117,95411,47,0,0,0,0,0,0,52,0,0,0
5.110819,0,1108,96077,47,0,0,0,0,0,0,52,0,0,0
5.112531,0,1069,95729,47,0,0,0,0,0,0,51,0,0,0
5.114261,0,1113,95758,47,0,0,0,0,0,0,52,0,0,0
5.115995,0,1085,95024,47,0,0,0,0,0,0,52,0,0,0
5.117708,0,1087,97224,47,0,0,0,0,0,0,51,0,0,0
5.119628,0,932,158215,47,0,0,0,0,0,0,51,0,0,0
5.121756,0,1112,95416,47,0,0,0,0,0,0,52,0,0,0
5.123490,0,1012,95209,47,0,0,0,0,0,0,52,0,0,0
5.125190,0,934,94942,47,0,0,0,0,0,0,52,0,0,0
5.126901,0,1108,94761,47,0,0,0,0,0,0,52,0,0,0
5.128594,0,973,94476,47,0,0,0,0,0,0,52,0,0,0
5.130369,0,1120,90226,48,0,0,0,0,0,0,52,0,0,0
5.132378,0,891,114571,47,0,0,0,0,0,0,52,0,0,0
5.134319,0,1102,106741,47,0,0,0,0,0,0,52,0,0,0
5.135977,0,1119,90063,47,0,0,0,0,0,0,51,0,0,0
5.137671,0,1120,89981,47,0,0,0,0,0,0,52,0,0,0
5.139350,0,1045,98546,47,0,0,0,0,0,0,52,0,0,0
5.141128,0,1088,100635,47,0,0,0,0,0,0,52,0,0,0
5.142848,0,1100,96334,47,0,0,0,0,0,0,52,0,0,0
5.144966,0,899,144066,47,0,0,0,0,0,0,52,0,0,0
5.147210,0,882,105723,47,0,0,0,0,0,0,52,0,0,0
5.149029,0,1116,96148,47,0,0,0,0,0,0,51,0,0,0
5.150794,0,1090,111839,47,0,0,0,0,0,0,52,0,0,0
5.152609,0,1111,95479,47,0,0,0,0,0,0,52,0,0,0
5.154496,0,1104,97037,47,0,0,0,0,0,0,52,0,0,0
5.156350,0,1059,133754,47,0,0,0,0,0,0,51,0,0,0
5.158190,0,1107,100652,47,0,0,0,0,0,0,52,0,0,0
5.159912,0,924,95564,47,0,0,0,0,0,0,52,0,0,0
5.161948,0,1096,107644,47,0,0,0,0,0,0,52,0,0,0
5.163937,0,1117,96203,47,0,0,0,0,0,0,52,0,0,0
5.165647,0,1048,95494,47,0,0,0,0,0,0,51,0,0,0
5.167354,0,1040,95103,47,0,0,0,0,0,0,52,0,0,0
5.169071,0,1110,97210,47,0,0,0,0,0,0,52,0,0,0
5.170808,0,907,119305,47,0,0,0,0,0,0,52,0,0,0
5.172686,0,1099,97201,47,0,0,0,0,0,0,52,0,0,0
5.174384,0,1101,94595,47,0,0,0,0,0,0,52,0,0,0
5.176277,0,1034,94570,47,0,0,0,0,0,0,51,0,0,0
5.177978,0,1056,114616,47,0,0,0,0,0,0,52,0,0,0
5.179895,0,1096,95649,47,0,0,0,0,0,0,52,0,0,0
5.181641,0,1108,99202,47,0,0,0,0,0,0,52,0,0,0
5.183348,0,1099,95637,48,0,0,0,0,0,0,51,0,0,0
5.185048,0,1116,94615,47,0,0,0,0,0,0,52,0,0,0
5.188079,0,1085,102223,47,0,0,0,0,0,0,52,0,0,0
5.189835,0,1124,95147,47,0,0,0,0,0,0,51,0,0,0
5.191533,0,1114,111876,47,0,0,0,0,0,0,52,0,0,0
5.193388,0,1113,104731,47,0,0,0,0,0,0,51,0,0,0
5.195340,0,1010,106584,47,0,0,0,0,0,0,52,0,0,0
5.197147,0,1062,104789,47,0,0,0,0,0,0,52,0,0,0
5.198922,0,883,98569,47,0,0,0,0,0,0,52,0,0,0
5.200748,0,904,96453,47,0,0,0,0,0,0,52,0,0,0
5.202905,0,867,118631,47,0,0,0,0,0,0,52,0,0,0
5.205179,0,831,151039,47,0,0,0,0,0,0,52,0,0,0
5.206920,0,943,110480,47,0,0,0,0,0,0,51,0,0,0
5.208813,0,875,99904,47,0,0,0,0,0,0,52,0,0,0
5.210539,0,865,95389,47,0,0,0,0,0,0,52,0,0,0
5.212273,0,798,102658,47,0,0,0,0,0,0,52,0,0,0
5.213729,0,639,65444,47,0,0,0,0,0,0,52,0,0,0
5.215196,0,644,69453,46,0,0,0,0,0,0,51,0,0,0
5.216710,0,678,73958,47,0,0,0,0,0,0,52,0,0,0
5.218221,0,720,71352,47,0,0,0,0,0,0,52,0,0,0
5.219791,0,796,101293,47,0,0,0,0,0,0,52,0,0,0
5.222673,0,894,125489,47,0,0,0,0,0,0,52,0,0,0
5.224591,0,1062,115866,47,0,0,0,0,0,0,51,0,0,0
5.226495,0,1115,94568,47,0,0,0,0,0,0,52,0,0,0
5.228449,0,1087,133597,47,0,0,0,0,0,0,52,0,0,0
5.230500,0,1026,101218,47,0,0,0,0,0,0,52,0,0,0
5.232382,0,950,115101,47,0,0,0,0,0,0,52,0,0,0
5.234160,0,1054,103899,47,0,0,0,0,0,0,52,0,0,0
5.235918,0,1092,97672,47,0,0,0,0,0,0,52,0,0,0
5.237654,0,1105,96680,47,0,0,0,0,0,0,51,0,0,0
5.239359,0,1012,176524,47,0,0,0,0,0,0,52,0,0,0
5.241708,0,1109,107994,47,0,0,0,0,0,0,52,0,0,0
5.244144,0,922,110697,47,0,0,0,0,0,0,51,0,0,0
5.246031,0,926,100121,47,0,0,0,0,0,0,52,0,0,0
5.247783,0,1030,97967,47,0,0,0,0,0,0,51,0,0,0
5.249499,0,1116,94788,48,0,0,0,0,0,0,52,0,0,0
5.251407,0,1095,103613,47,0,0,0,0,0,0,52,0,0,0
5.253270,0,1094,111873,47,0,0,0,0,0,0,52,0,0,0
5.254958,0,943,98956,47,0,0,0,0,0,0,52,0,0,0
5.256637,0,1100,97213,48,0,0,0,0,0,0,52,0,0,0
5.258370,0,1058,96344,47,0,0,0,0,0,0,51,0,0,0
5.260730,0,1115,95990,48,0,0,0,0,0,0,52,0,0,0
5.262440,0,1022,96292,47,0,0,0,0,0,0,51,0,0,0
5.264223,0,1127,112168,47,0,0,0,0,0,0,51,0,0,0
5.265975,0,1097,108356,47,0,0,0,0,0,0,52,0,0,0
5.267756,0,1103,98102,47,0,0,0,0,0,0,52,0,0,0
5.269504,0,1040,124620,47,0,0,0,0,0,0,51,0,0,0
5.271396,0,1095,96955,47,0,0,0,0,0,0,52,0,0,0
5.273114,0,1110,96564,47,0,0,0,0,0,0,52,0,0,0
5.275048,0,1118,107028,47,0,0,0,0,0,0,52,0,0,0
5.277072,0,907,104066,47,0,0,0,0,0,0,52,0,0,0
5.278815,0,991,96223,47,0,0,0,0,0,0,51,0,0,0
5.280526,0,1117,98126,47,0,0,0,0,0,0,52,0,0,0
5.282263,0,956,93686,47,0,0,0,0,0,0,52,0,0,0
5.283898,0,1015,95100,47,0,0,0,0,0,0,52,0,0,0
5.285550,0,1109,97578,47,0,0,0,0,0,0,51,0,0,0
5.287208,0,875,98716,47,0,0,0,0,0,0,52,0,0,0
5.288843,0,1083,90443,47,0,0,0,0,0,0,52,0,0,0
5.290614,0,925,106711,47,0,0,0,0,0,0,51,0,0,0
5.292422,0,1047,103360,47,0,0,0,0,0,0,52,0,0,0
5.294104,0,1036,93545,48,0,0,0,0,0,0,52,0,0,0
5.295802,0,889,98040,47,0,0,0,0,0,0,52,0,0,0
5.297570,0,1101,96499,47,0,0,0,0,0,0,52,0,0,0
5.299216,0,1097,94674,47,0,0,0,0,0,0,51,0,0,0
5.300986,0,1118,95663,47,0,0,0,0,0,0,52,0,0,0
5.302651,0,1110,110048,47,0,0,0,0,0,0,52,0,0,0
5.304436,0,1115,100555,47,0,0,0,0,0,0,52,0,0,0
5.306164,0,1060,109126,47,0,0,0,0,0,0,51,0,0,0
5.307959,0,1102,100590,47,0,0,0,0,0,0,52,0,0,0
5.309719,0,1116,95367,47,0,0,0,0,0,0,52,0,0,0
5.311445,0,1029,310554,47,0,0,0,0,0,0,52,0,0,0
5.314645,0,1046,120048,47,0,0,0,0,0,0,52,0,0,0
5.316371,0,1099,99170,47,0,0,0,0,0,0,51,0,0,0
5.318075,0,1098,95983,47,0,0,0,0,0,0,52,0,0,0
5.319779,0,981,158524,47,0,0,0,0,0,0,52,0,0,0
5.321989,0,1093,109131,47,0,0,0,0,0,0,52,0,0,0
5.323818,0,1050,112089,48,0,0,0,0,0,0,52,0,0,0
5.325608,0,1094,95621,47,0,0,0,0,0,0,52,0,0,0
5.327339,0,1118,100062,47,0,0,0,0,0,0,52,0,0,0
5.329057,0,1097,97185,47,0,0,0,0,0,0,52,0,0,0
5.330828,0,1005,96333,47,0,0,0,0,0,0,51,0,0,0
5.332552,0,1105,94691,47,0,0,0,0,0,0,52,0,0,0
5.334261,0,1089,96311,47,0,0,0,0,0,0,52,0,0,0
5.335969,0,991,135152,47,0,0,0,0,0,0,52,0,0,0
5.337937,0,1086,108721,47,0,0,0,0,0,0,51,0,0,0
5.339711,0,1114,95648,47,0,0,0,0,0,0,51,0,0,0
5.341970,0,1113,95087,47,0,0,0,0,0,0,51,0,0,0
5.343691,0,1101,95424,48,0,0,0,0,0,0,52,0,0,0
5.345396,0,1068,94625,47,0,0,0,0,0,0,52,0,0,0
5.347102,0,1145,95759,48,0,0,0,0,0,0,52,0,0,0
5.348828,0,1111,97984,47,0,0,0,0,0,0,51,0,0,0
5.350538,0,1033,95515,47,0,0,0,0,0,0,52,0,0,0
5.352389,0,1089,130572,47,0,0,0,0,0,0,51,0,0,0
5.354253,0,903,97458,47,0,0,0,0,0,0,51,0,0,0
5.355994,0,1150,108679,47,0,0,0,0,0,0,52,0,0,0
5.357828,0,976,95991,47,0,0,0,0,0,0,52,0,0,0
5.359549,0,1000,95188,47,0,0,0,0,0,0,51,0,0,0
5.361247,0,1141,95173,47,0,0,0,0,0,0,52,0,0,0
5.363006,0,901,118582,47,0,0,0,0,0,0,52,0,0,0
5.364887,0,917,97599,47,0,0,0,0,0,0,51,0,0,0
5.366617,0,943,112041,47,0,0,0,0,0,0,52,0,0,0
5.368436,0,875,147475,47,0,0,0,0,0,0,51,0,0,0
5.370429,0,886,91716,47,0,0,0,0,0,0,52,0,0,0
5.372172,0,1109,105367,47,0,0,0,0,0,0,52,0,0,0
5.373942,0,1114,109312,47,0,0,0,0,0,0,52,0,0,0
5.375602,0,995,90144,47,0,0,0,0,0,0,52,0,0,0
5.377644,0,915,89827,47,0,0,0,0,0,0,51,0,0,0
5.379303,0,1098,94607,47,0,0,0,0,0,0,52,0,0,0
5.381009,0,1124,95371,47,0,0,0,0,0,0,52,0,0,0
5.382706,0,1106,95354,47,0,0,0,0,0,0,52,0,0,0
5.384439,0,1030,98865,47,0,0,0,0,0,0,52,0,0,0
5.386248,0,1062,122385,47,0,0,0,0,0,0,52,0,0,0
5.388274,0,1111,119062,47,0,0,0,0,0,0,52,0,0,0
5.389981,0,1085,95295,47,0,0,0,0,0,0,52,0,0,0
5.391683,0,1097,101815,47,0,0,0,0,0,0,52,0,0,0
5.393440,0,1064,97850,47,0,0,0,0,0,0,52,0,0,0
5.395215,0,1114,97727,47,0,0,0,0,0,0,51,0,0,0
5.396938,0,1104,95534,47,0,0,0,0,0,0,52,0,0,0
5.398639,0,1118,95252,47,0,0,0,0,0,0,52,0,0,0
5.400353,0,1144,97935,47,0,0,0,0,0,0,52,0,0,0
5.402078,0,1155,98950,47,0,0,0,0,0,0,51,0,0,0
5.403802,0,1028,95590,47,0,0,0,0,0,0,52,0,0,0
5.405716,0,1099,98071,47,0,0,0,0,0,0,51,0,0,0
5.408381,0,969,91052,47,0,0,0,0,0,0,51,0,0,0
5.410179,0,1102,102157,48,0,0,0,0,0,0,52,0,0,0
5.411916,0,1122,96708,47,0,0,0,0,0,0,52,0,0,0
5.413632,0,1116,95623,47,0,0,0,0,0,0,51,0,0,0
5.415344,0,1060,95571,47,0,0,0,0,0,0,52,0,0,0
5.417050,0,1116,95125,47,0,0,0,0,0,0,52,0,0,0
5.419160,0,974,108851,47,0,0,0,0,0,0,52,0,0,0
5.420977,0,988,98491,47,0,0,0,0,0,0,52,0,0,0
5.422701,0,912,101822,47,0,0,0,0,0,0,52,0,0,0
5.424467,0,1015,98232,47,0,0,0,0,0,0,52,0,0,0
5.426312,0,1038,96397,47,0,0,0,0,0,0,52,0,0,0
5.428015,0,1114,95015,47,0,0,0,0,0,0,52,0,0,0
5.429746,0,1109,97029,47,0,0,0,0,0,0,51,0,0,0
5.431445,0,1026,92536,47,0,0,0,0,0,0,51,0,0,0
5.433133,0,1034,94815,48,0,0,0,0,0,0,52,0,0,0
5.434965,0,1095,104316,47,0,0,0,0,0,0,51,0,0,0
5.436838,0,1118,107163,47,0,0,0,0,0,0,52,0,0,0
5.438568,0,1087,130792,47,0,0,0,0,0,0,52,0,0,0
5.440573,0,1099,175543,48,0,0,0,0,0,0,52,0,0,0
5.442886,0,1065,97283,47,0,0,0,0,0,0,52,0,0,0
5.444596,0,938,101227,47,0,0,0,0,0,0,52,0,0,0
5.446350,0,936,115043,47,0,0,0,0,0,0,52,0,0,0
5.448301,0,1017,115084,47,0,0,0,0,0,0,51,0,0,0
5.449997,0,1038,106575,47,0,0,0,0,0,0,52,0,0,0
5.451781,0,993,92979,47,0,0,0,0,0,0,52,0,0,0
5.453910,0,967,90249,47,0,0,0,0,0,0,51,0,0,0
5.455621,0,1084,75231,47,0,0,0,0,0,0,52,0,0,0
5.457159,0,919,73571,47,0,0,0,0,0,0,52,0,0,0
5.458837,0,842,98929,47,0,0,0,0,0,0,52,0,0,0
5.460474,0,1104,84554,47,0,0,0,0,0,0,52,0,0,0
5.462153,0,978,78703,47,0,0,0,0,0,0,52,0,0,0
5.463728,0,918,80140,47,0,0,0,0,0,0,52,0,0,0
5.465307,0,918,80339,47,0,0,0,0,0,0,51,0,0,0
5.466900,0,925,82826,47,0,0,0,0,0,0,51,0,0,0
5.468599,0,973,93982,47,0,0,0,0,0,0,52,0,0,0
5.470185,0,1043,79547,47,0,0,0,0,0,0,52,0,0,0
5.471869,0,782,81244,47,0,0,0,0,0,0,52,0,0,0
5.473498,0,1145,85506,47,0,0,0,0,0,0,51,0,0,0
5.475318,0,1092,115191,47,0,0,0,0,0,0,52,0,0,0
5.477464,0,929,129642,47,0,0,0,0,0,0,52,0,0,0
5.479493,0,799,98360,47,0,0,0,0,0,0,52,0,0,0
5.481185,0,1094,85794,47,0,0,0,0,0,0,52,0,0,0
5.483075,0,958,92591,48,0,0,0,0,0,0,51,0,0,0
5.484824,0,1014,91250,47,0,0,0,0,0,0,51,0,0,0
5.486401,0,893,161391,47,0,0,0,0,0,0,52,0,0,0
5.488689,0,885,91897,47,0,0,0,0,0,0,52,0,0,0
5.490389,0,767,79826,47,0,0,0,0,0,0,52,0,0,0
5.492121,0,1024,106924,47,0,0,0,0,0,0,51,0,0,0
5.494036,0,1020,117737,47,0,0,0,0,0,0,52,0,0,0
5.495747,0,965,82712,47,0,0,0,0,0,0,51,0,0,0
5.497531,0,771,127839,47,0,0,0,0,0,0,52,0,0,0
5.499340,0,842,77045,47,0,0,0,0,0,0,52,0,0,0
5.500884,0,797,76913,47,0,0,0,0,0,0,51,0,0,0
5.502485,0,981,75196,47,0,0,0,0,0,0,52,0,0,0
5.504010,0,1017,75275,47,0,0,0,0,0,0,52,0,0,0
5.505681,0,985,83757,47,0,0,0,0,0,0,51,0,0,0
5.507379,0,955,110258,47,0,0,0,0,0,0,52,0,0,0
5.509012,0,1052,72955,47,0,0,0,0,0,0,51,0,0,0
5.510520,0,970,90708,47,0,0,0,0,0,0,52,0,0,0
5.512336,0,863,117946,48,0,0,0,0,0,0,52,0,0,0
5.513959,0,813,80419,47,0,0,0,0,0,0,52,0,0,0
5.515505,0,854,87948,47,0,0,0,0,0,0,52,0,0,0
5.517088,0,966,88834,47,0,0,0,0,0,0,52,0,0,0
5.518701,0,913,87598,47,0,0,0,0,0,0,51,0,0,0
5.520397,0,1583,180891,47,0,0,0,0,0,0,52,0,0,0
5.522732,0,898,91740,47,0,0,0,0,0,0,52,0,0,0
5.524558,0,981,96477,47,0,0,0,0,0,0,52,0,0,0
5.526228,0,1026,94493,47,0,0,0,0,0,0,52,0,0,0
5.527926,0,849,94201,47,0,0,0,0,0,0,52,0,0,0
5.529631,0,1075,98383,47,0,0,0,0,0,0,51,0,0,0
5.531361,0,1091,94647,47,0,0,0,0,0,0,51,0,0,0
5.532970,0,850,103000,47,0,0,0,0,0,0,52,0,0,0
5.534578,0,820,99626,47,0,0,0,0,0,0,52,0,0,0
5.536291,0,806,79161,47,0,0,0,0,0,0,52,0,0,0
5.537796,0,806,93263,47,0,0,0,0,0,0,52,0,0,0
5.539515,0,697,114057,47,0,0,0,0,0,0,51,0,0,0
5.541338,0,810,79385,47,0,0,0,0,0,0,52,0,0,0
5.542905,0,1019,93807,47,0,0,0,0,0,0,52,0,0,0
5.544702,0,831,99698,47,0,0,0,0,0,0,52,0,0,0
5.546486,0,962,97426,47,0,0,0,0,0,0,51,0,0,0
5.548261,0,1028,106332,48,0,0,0,0,0,0,52,0,0,0
5.549967,0,990,95003,47,0,0,0,0,0,0,52,0,0,0
5.551690,0,983,97295,47,0,0,0,0,0,0,52,0,0,0
5.553605,0,937,101566,47,0,0,0,0,0,0,52,0,0,0
5.555405,0,1085,124785,47,0,0,0,0,0,0,52,0,0,0
5.557275,0,939,100552,48,0,0,0,0,0,0,52,0,0,0
5.559027,0,1097,98202,47,0,0,0,0,0,0,52,0,0,0
5.560733,0,987,145578,47,0,0,0,0,0,0,52,0,0,0
5.562823,0,990,102811,47,0,0,0,0,0,0,52,0,0,0
5.564540,0,1104,96611,47,0,0,0,0,0,0,52,0,0,0
5.566249,0,929,95036,47,0,0,0,0,0,0,51,0,0,0
5.567959,0,1074,97459,47,0,0,0,0,0,0,52,0,0,0
5.569686,0,1097,98202,47,0,0,0,0,0,0,52,0,0,0
5.571389,0,977,95331,47,0,0,0,0,0,0,52,0,0,0
5.573115,0,1005,103215,47,0,0,0,0,0,0,52,0,0,0
5.576859,0,1034,411851,47,0,0,0,0,0,0,52,0,0,0
5.578561,0,1072,96630,48,0,0,0,0,0,0,51,0,0,0
5.580418,0,1091,116864,47,0,0,0,0,0,0,51,0,0,0
5.582276,0,1051,118143,47,0,0,0,0,0,0,52,0,0,0
5.583991,0,1114,94780,47,0,0,0,0,0,0,51,0,0,0
5.585687,0,1023,209189,48,0,0,0,0,0,0,52,0,0,0
5.588267,0,1010,119490,47,0,0,0,0,0,0,52,0,0,0
5.589991,0,980,133496,47,0,0,0,0,0,0,52,0,0,0
5.591945,0,1086,95256,47,0,0,0,0,0,0,52,0,0,0
5.593647,0,1108,95968,48,0,0,0,0,0,0,52,0,0,0
5.595425,0,1065,95187,47,0,0,0,0,0,0,52,0,0,0
5.597341,0,1032,104927,47,0,0,0,0,0,0,52,0,0,0
5.599126,0,1106,95717,47,0,0,0,0,0,0,52,0,0,0
5.600834,0,1008,94700,48,0,0,0,0,0,0,51,0,0,0
5.602554,0,889,134148,47,0,0,0,0,0,0,52,0,0,0
5.604741,0,1113,100075,47,0,0,0,0,0,0,51,0,0,0
5.606803,0,1113,134672,47,0,0,0,0,0,0,52,0,0,0
5.608789,0,888,97271,47,0,0,0,0,0,0,52,0,0,0
5.610549,0,1086,94539,47,0,0,0,0,0,0,51,0,0,0
5.612378,0,953,116275,47,0,0,0,0,0,0,52,0,0,0
5.614094,0,945,94653,48,0,0,0,0,0,0,52,0,0,0
5.615781,0,1111,107670,47,0,0,0,0,0,0,51,0,0,0
5.617579,0,1048,96038,47,0,0,0,0,0,0,52,0,0,0
5.619440,0,967,91095,47,0,0,0,0,0,0,52,0,0,0
5.621093,0,948,91437,47,0,0,0,0,0,0,52,0,0,0
5.622787,0,933,91238,47,0,0,0,0,0,0,52,0,0,0
5.624463,0,1110,93888,47,0,0,0,0,0,0,52,0,0,0
5.626193,0,1176,114003,47,0,0,0,0,0,0,51,0,0,0
5.628137,0,1005,94198,47,0,0,0,0,0,0,52,0,0,0
5.629848,0,1107,97531,47,0,0,0,0,0,0,52,0,0,0
5.631545,0,996,120550,47,0,0,0,0,0,0,52,0,0,0
5.633408,0,1093,95727,47,0,0,0,0,0,0,52,0,0,0
5.635183,0,1144,94472,47,0,0,0,0,0,0,52,0,0,0
5.636916,0,1107,99743,47,0,0,0,0,0,0,52,0,0,0
5.638640,0,1110,119380,47,0,0,0,0,0,0,52,0,0,0
5.640541,0,1103,104671,47,0,0,0,0,0,0,52,0,0,0
5.642460,0,1113,113121,47,0,0,0,0,0,0,52,0,0,0
5.644358,0,1103,136801,47,0,0,0,0,0,0,52,0,0,0
5.646361,0,1058,102149,47,0,0,0,0,0,0,52,0,0,0
5.648220,0,1099,95440,47,0,0,0,0,0,0,52,0,0,0
5.649947,0,1108,107473,47,0,0,0,0,0,0,52,0,0,0
5.651727,0,1084,98814,47,0,0,0,0,0,0,51,0,0,0
5.653475,0,1107,99273,47,0,0,0,0,0,0,51,0,0,0
5.655196,0,1107,96754,48,0,0,0,0,0,0,52,0,0,0
5.656902,0,1087,95243,48,0,0,0,0,0,0,52,0,0,0
5.658795,0,1105,102908,47,0,0,0,0,0,0,52,0,0,0
5.660763,0,1042,100076,47,0,0,0,0,0,0,52,0,0,0
5.662489,0,940,96823,47,0,0,0,0,0,0,52,0,0,0
5.664275,0,1134,107343,47,0,0,0,0,0,0,52,0,0,0
5.666469,0,1039,95473,47,0,0,0,0,0,0,52,0,0,0
5.668312,0,1109,117326,47,0,0,0,0,0,0,52,0,0,0
5.670024,0,1104,95504,47,0,0,0,0,0,0,52,0,0,0
5.671759,0,1091,95562,47,0,0,0,0,0,0,51,0,0,0
5.673856,0,878,108872,47,0,0,0,0,0,0,52,0,0,0
5.675724,0,1127,98225,47,0,0,0,0,0,0,52,0,0,0
5.677440,0,1038,96367,47,0,0,0,0,0,0,51,0,0,0
5.679917,0,952,98049,47,0,0,0,0,0,0,51,0,0,0
5.681655,0,951,96961,47,0,0,0,0,0,0,51,0,0,0
5.683655,0,878,101209,47,0,0,0,0,0,0,52,0,0,0
5.685393,0,906,96061,47,0,0,0,0,0,0,52,0,0,0
5.687055,0,901,109284,47,0,0,0,0,0,0,52,0,0,0
5.688831,0,968,96759,47,0,0,0,0,0,0,52,0,0,0
5.690536,0,975,95538,47,0,0,0,0,0,0,52,0,0,0
5.692343,0,954,110603,47,0,0,0,0,0,0,52,0,0,0
5.694040,0,913,92914,47,0,0,0,0,0,0,51,0,0,0
5.695710,0,885,89078,47,0,0,0,0,0,0,51,0,0,0
5.697372,0,1089,90039,47,0,0,0,0,0,0,52,0,0,0
5.699132,0,879,97493,47,0,0,0,0,0,0,52,0,0,0
5.700875,0,877,116821,47,0,0,0,0,0,0,51,0,0,0
5.702706,0,1111,98560,47,0,0,0,0,0,0,52,0,0,0
5.704455,0,1086,98296,47,0,0,0,0,0,0,52,0,0,0
5.706167,0,1090,96596,47,0,0,0,0,0,0,52,0,0,0
5.707888,0,1066,98259,47,0,0,0,0,0,0,52,0,0,0
5.709929,0,1095,99195,47,0,0,0,0,0,0,52,0,0,0
5.711649,0,1118,97268,48,0,0,0,0,0,0,52,0,0,0
5.714181,0,1035,95877,47,0,0,0,0,0,0,52,0,0,0
5.716005,0,937,100051,47,0,0,0,0,0,0,52,0,0,0
5.717760,0,995,99464,47,0,0,0,0,0,0,52,0,0,0
5.719510,0,1101,96326,47,0,0,0,0,0,0,52,0,0,0
5.721217,0,1066,94458,47,0,0,0,0,0,0,52,0,0,0
5.723031,0,1114,113099,47,0,0,0,0,0,0,52,0,0,0
5.724829,0,1099,95750,48,0,0,0,0,0,0,52,0,0,0
5.726546,0,1101,95520,47,0,0,0,0,0,0,52,0,0,0
5.728420,0,1093,110502,47,0,0,0,0,0,0,52,0,0,0
5.730211,0,1140,96572,48,0,0,0,0,0,0,52,0,0,0
5.732021,0,976,120362,47,0,0,0,0,0,0,51,0,0,0
5.734094,0,1115,95068,47,0,0,0,0,0,0,52,0,0,0
5.735819,0,1113,99622,47,0,0,0,0,0,0,51,0,0,0
5.737543,0,1151,95186,47,0,0,0,0,0,0,51,0,0,0
5.739308,0,1104,95476,47,0,0,0,0,0,0,52,0,0,0
5.741143,0,1108,95561,47,0,0,0,0,0,0,52,0,0,0
5.743351,0,1038,97719,47,0,0,0,0,0,0,51,0,0,0
5.745073,0,1091,95745,47,0,0,0,0,0,0,51,0,0,0
5.746788,0,987,104972,47,0,0,0,0,0,0,51,0,0,0
5.748587,0,1095,97938,47,0,0,0,0,0,0,52,0,0,0
5.750527,0,1079,97113,47,0,0,0,0,0,0,52,0,0,0
5.752354,0,1143,117023,47,0,0,0,0,0,0,52,0,0,0
5.754169,0,1149,123984,47,0,0,0,0,0,0,51,0,0,0
5.756218,0,1068,96370,47,0,0,0,0,0,0,52,0,0,0
5.757934,0,1095,95573,47,0,0,0,0,0,0,51,0,0,0
5.759907,0,1064,95926,47,0,0,0,0,0,0,52,0,0,0
5.761826,0,924,130576,47,0,0,0,0,0,0,52,0,0,0
5.764635,0,1045,101492,47,0,0,0,0,0,0,51,0,0,0
5.766432,0,876,102326,48,0,0,0,0,0,0,52,0,0,0
5.768298,0,964,150569,47,0,0,0,0,0,0,52,0,0,0
5.770294,0,1037,95528,47,0,0,0,0,0,0,52,0,0,0
5.771979,0,930,94455,47,0,0,0,0,0,0,52,0,0,0
5.773682,0,998,92244,47,0,0,0,0,0,0,52,0,0,0
5.775492,0,1051,121406,47,0,0,0,0,0,0,51,0,0,0
5.777148,0,1039,109325,47,0,0,0,0,0,0,51,0,0,0
5.778887,0,919,95803,47,0,0,0,0,0,0,52,0,0,0
5.780734,0,1088,119888,47,0,0,0,0,0,0,52,0,0,0
5.782389,0,1099,105881,47,0,0,0,0,0,0,52,0,0,0
5.784434,0,926,160394,47,0,0,0,0,0,0,52,0,0,0
5.786259,0,1120,96888,47,0,0,0,0,0,0,52,0,0,0
5.788006,0,1060,102991,47,0,0,0,0,0,0,52,0,0,0
5.789752,0,1101,96923,47,0,0,0,0,0,0,51,0,0,0
5.791477,0,996,95745,47,0,0,0,0,0,0,51,0,0,0
5.793184,0,917,96358,47,0,0,0,0,0,0,52,0,0,0
5.795119,0,1103,97622,47,0,0,0,0,0,0,52,0,0,0
5.796821,0,1145,95206,47,0,0,0,0,0,0,51,0,0,0
5.798839,0,1114,96137,47,0,0,0,0,0,0,52,0,0,0
5.800553,0,1060,95968,48,0,0,0,0,0,0,51,0,0,0
5.802343,0,1091,95734,48,0,0,0,0,0,0,52,0,0,0
5.804147,0,1104,96195,47,0,0,0,0,0,0,52,0,0,0
5.806404,0,1097,97788,47,0,0,0,0,0,0,52,0,0,0
5.808265,0,1117,113891,47,0,0,0,0,0,0,52,0,0,0
5.810058,0,1129,98390,48,0,0,0,0,0,0,51,0,0,0
5.811779,0,861,163294,47,0,0,0,0,0,0,52,0,0,0
5.813950,0,1113,97637,47,0,0,0,0,0,0,52,0,0,0
5.815657,0,1044,94805,47,0,0,0,0,0,0,52,0,0,0
5.817810,0,897,152885,47,0,0,0,0,0,0,52,0,0,0
5.819877,0,1026,123640,47,0,0,0,0,0,0,52,0,0,0
5.822358,0,861,103662,47,0,0,0,0,0,0,52,0,0,0
5.824207,0,1116,107478,47,0,0,0,0,0,0,52,0,0,0
5.825929,0,1121,106820,47,0,0,0,0,0,0,51,0,0,0
5.827714,0,1103,96853,47,0,0,0,0,0,0,51,0,0,0
5.829477,0,1051,109166,47,0,0,0,0,0,0,52,0,0,0
5.831284,0,969,104894,47,0,0,0,0,0,0,51,0,0,0
5.833069,0,1051,96419,47,0,0,0,0,0,0,52,0,0,0
5.834783,0,933,108816,48,0,0,0,0,0,0,52,0,0,0
5.836525,0,931,94480,47,0,0,0,0,0,0,51,0,0,0
5.838177,0,947,96995,47,0,0,0,0,0,0,52,0,0,0
5.839847,0,951,95986,47,0,0,0,0,0,0,51,0,0,0
5.841513,0,879,98496,48,0,0,0,0,0,0,51,0,0,0
5.843187,0,941,95370,47,0,0,0,0,0,0,51,0,0,0
5.844830,0,1105,90778,47,0,0,0,0,0,0,51,0,0,0
5.846532,0,864,129652,47,0,0,0,0,0,0,52,0,0,0
5.848536,0,1101,97207,47,0,0,0,0,0,0,51,0,0,0
5.850316,0,1087,115354,47,0,0,0,0,0,0,52,0,0,0
5.852213,0,1103,108789,47,0,0,0,0,0,0,51,0,0,0
5.854122,0,1095,102370,48,0,0,0,0,0,0,52,0,0,0
5.855950,0,1004,101440,47,0,0,0,0,0,0,52,0,0,0
5.857696,0,1097,98320,47,0,0,0,0,0,0,51,0,0,0
5.859484,0,964,106965,47,0,0,0,0,0,0,52,0,0,0
5.861316,0,1083,100300,48,0,0,0,0,0,0,52,0,0,0
5.863041,0,1114,96294,47,0,0,0,0,0,0,52,0,0,0
5.864752,0,892,95157,47,0,0,0,0,0,0,52,0,0,0
5.866567,0,1091,97816,48,0,0,0,0,0,0,52,0,0,0
5.868415,0,906,118075,47,0,0,0,0,0,0,52,0,0,0
5.870124,0,1148,95794,48,0,0,0,0,0,0,51,0,0,0
5.871891,0,1119,96337,47,0,0,0,0,0,0,52,0,0,0
5.873595,0,1041,95967,47,0,0,0,0,0,0,51,0,0,0
5.876796,0,895,116590,47,0,0,0,0,0,0,52,0,0,0
5.878651,0,1082,102995,47,0,0,0,0,0,0,52,0,0,0
5.880456,0,945,143033,47,0,0,0,0,0,0,51,0,0,0
5.882512,0,1030,126587,47,0,0,0,0,0,0,52,0,0,0
5.884510,0,1105,116450,48,0,0,0,0,0,0,52,0,0,0
5.886283,0,934,116242,47,0,0,0,0,0,0,52,0,0,0
5.888190,0,1116,99233,47,0,0,0,0,0,0,51,0,0,0
5.890199,0,1059,118521,48,0,0,0,0,0,0,52,0,0,0
5.892215,0,1093,99879,47,0,0,0,0,0,0,52,0,0,0
5.893925,0,1109,94388,47,0,0,0,0,0,0,52,0,0,0
5.895620,0,1021,107789,47,0,0,0,0,0,0,51,0,0,0
5.897580,0,1118,99265,47,0,0,0,0,0,0,52,0,0,0
5.899320,0,1043,99162,47,0,0,0,0,0,0,52,0,0,0
5.902607,0,872,355903,47,0,0,0,0,0,0,51,0,0,0
5.904453,0,987,102413,47,0,0,0,0,0,0,51,0,0,0
5.906260,0,1115,97847,47,0,0,0,0,0,0,52,0,0,0
5.907971,0,1098,95149,47,0,0,0,0,0,0,52,0,0,0
5.909631,0,1085,95939,47,0,0,0,0,0,0,52,0,0,0
5.911301,0,876,96372,47,0,0,0,0,0,0,51,0,0,0
5.913024,0,1112,98872,47,0,0,0,0,0,0,52,0,0,0
5.914672,0,872,96232,47,0,0,0,0,0,0,52,0,0,0
5.916419,0,976,97838,47,0,0,0,0,0,0,52,0,0,0
5.918158,0,1103,99807,47,0,0,0,0,0,0,51,0,0,0
5.919836,0,1104,90796,47,0,0,0,0,0,0,51,0,0,0
5.921513,0,1103,94108,47,0,0,0,0,0,0,52,0,0,0
5.923289,0,1023,97160,47,0,0,0,0,0,0,52,0,0,0
5.925012,0,894,97666,47,0,0,0,0,0,0,51,0,0,0
5.926768,0,1017,111395,47,0,0,0,0,0,0,52,0,0,0
5.928557,0,1116,100460,47,0,0,0,0,0,0,51,0,0,0
5.930271,0,1081,95661,47,0,0,0,0,0,0,51,0,0,0
5.931993,0,1141,97286,48,0,0,0,0,0,0,51,0,0,0
5.933727,0,1098,110032,47,0,0,0,0,0,0,52,0,0,0
5.935529,0,1028,94512,47,0,0,0,0,0,0,52,0,0,0
5.937390,0,1046,94901,47,0,0,0,0,0,0,52,0,0,0
5.939203,0,946,103596,47,0,0,0,0,0,0,52,0,0,0
5.940996,0,1097,110170,47,0,0,0,0,0,0,52,0,0,0
5.942777,0,987,108078,47,0,0,0,0,0,0,51,0,0,0
5.944573,0,1103,95326,47,0,0,0,0,0,0,52,0,0,0
5.946342,0,1100,95394,47,0,0,0,0,0,0,51,0,0,0
5.948211,0,1065,95507,47,0,0,0,0,0,0,52,0,0,0
5.950017,0,1113,95405,47,0,0,0,0,0,0,52,0,0,0
5.951730,0,1145,104883,47,0,0,0,0,0,0,52,0,0,0
5.953506,0,1023,95584,47,0,0,0,0,0,0,52,0,0,0
5.955259,0,1066,95919,48,0,0,0,0,0,0,51,0,0,0
5.957231,0,1007,96408,47,0,0,0,0,0,0,52,0,0,0
5.959038,0,916,157440,47,0,0,0,0,0,0,51,0,0,0
5.961120,0,887,94999,48,0,0,0,0,0,0,52,0,0,0
5.963106,0,973,115976,47,0,0,0,0,0,0,52,0,0,0
5.964947,0,1111,96311,47,0,0,0,0,0,0,52,0,0,0
5.966697,0,1087,125942,47,0,0,0,0,0,0,52,0,0,0
5.968571,0,1062,94389,47,0,0,0,0,0,0,51,0,0,0
5.970338,0,1060,93914,47,0,0,0,0,0,0,52,0,0,0
5.972158,0,1096,100182,47,0,0,0,0,0,0,51,0,0,0
5.973877,0,952,95005,47,0,0,0,0,0,0,51,0,0,0
5.975604,0,868,100501,47,0,0,0,0,0,0,52,0,0,0
5.977426,0,970,98292,47,0,0,0,0,0,0,52,0,0,0
5.979198,0,1072,102009,47,0,0,0,0,0,0,51,0,0,0
5.980925,0,1105,99293,47,0,0,0,0,0,0,51,0,0,0
5.982605,0,1452,117889,47,0,0,0,0,0,0,52,0,0,0
5.984412,0,932,97933,47,0,0,0,0,0,0,51,0,0,0
5.986197,0,1039,94902,47,0,0,0,0,0,0,51,0,0,0
5.987841,0,927,93430,47,0,0,0,0,0,0,52,0,0,0
5.989560,0,923,103287,47,0,0,0,0,0,0,52,0,0,0
5.991336,0,1013,98299,47,0,0,0,0,0,0,52,0,0,0
5.993064,0,1109,95137,47,0,0,0,0,0,0,51,0,0,0
5.994747,0,1083,94651,47,0,0,0,0,0,0,51,0,0,0
5.996428,0,1031,101527,47,0,0,0,0,0,0,52,0,0,0
5.998210,0,1103,90122,47,0,0,0,0,0,0,52,0,0,0
5.999827,0,1104,90583,47,0,0,0,0,0,0,51,0,0,0
6.001433,0,1056,105802,47,0,0,0,0,0,0,51,0,0,0
6.003229,0,937,97470,47,0,0,0,0,0,0,52,0,0,0
6.004936,0,876,88385,47,0,0,0,0,0,0,52,0,0,0
6.006520,0,1049,83363,47,0,0,0,0,0,0,52,0,0,0
6.008368,0,1047,115460,48,0,0,0,0,0,0,51,0,0,0
6.010069,0,1033,97612,48,0,0,0,0,0,0,52,0,0,0
6.011782,0,974,146683,47,0,0,0,0,0,0,51,0,0,0
6.013860,0,1015,104642,47,0,0,0,0,0,0,52,0,0,0
6.015622,0,995,94174,47,0,0,0,0,0,0,52,0,0,0
6.017342,0,1103,96809,47,0,0,0,0,0,0,52,0,0,0
6.019060,0,1110,95056,47,0,0,0,0,0,0,51,0,0,0
6.020949,0,1153,95626,47,0,0,0,0,0,0,51,0,0,0
6.022654,0,1106,95806,47,0,0,0,0,0,0,52,0,0,0
6.024359,0,1092,95248,48,0,0,0,0,0,0,52,0,0,0
6.026260,0,1117,94729,47,0,0,0,0,0,0,52,0,0,0
6.027971,0,1106,97315,47,0,0,0,0,0,0,52,0,0,0
6.029688,0,1101,95072,47,0,0,0,0,0,0,52,0,0,0
6.031443,0,1114,95648,47,0,0,0,0,0,0,52,0,0,0
6.033639,0,1112,95352,47,0,0,0,0,0,0,52,0,0,0
6.035344,0,1096,96415,47,0,0,0,0,0,0,52,0,0,0
6.037344,0,1092,96118,47,0,0,0,0,0,0,52,0,0,0
6.039074,0,1107,98222,47,0,0,0,0,0,0,52,0,0,0
6.041329,0,1069,108826,47,0,0,0,0,0,0,52,0,0,0
6.043133,0,975,94309,47,0,0,0,0,0,0,52,0,0,0
6.044843,0,1092,95952,47,0,0,0,0,0,0,51,0,0,0
6.046537,0,1112,94018,47,0,0,0,0,0,0,52,0,0,0
6.048434,0,1111,127251,47,0,0,0,0,0,0,52,0,0,0
6.050222,0,1047,113637,48,0,0,0,0,0,0,51,0,0,0
6.052111,0,867,129893,47,0,0,0,0,0,0,52,0,0,0
6.054016,0,1106,96297,47,0,0,0,0,0,0,51,0,0,0
6.055722,0,874,158655,47,0,0,0,0,0,0,51,0,0,0
6.057856,0,1094,147700,47,0,0,0,0,0,0,51,0,0,0
6.060247,0,968,101935,47,0,0,0,0,0,0,52,0,0,0
6.062152,0,888,99236,47,0,0,0,0,0,0,51,0,0,0
6.063881,0,1073,96398,47,0,0,0,0,0,0,52,0,0,0
6.065578,0,968,95503,47,0,0,0,0,0,0,51,0,0,0
6.067278,0,1056,95543,47,0,0,0,0,0,0,52,0,0,0
6.068982,0,1120,95273,47,0,0,0,0,0,0,52,0,0,0
6.070814,0,1033,95774,47,0,0,0,0,0,0,52,0,0,0
6.072546,0,992,100707,48,0,0,0,0,0,0,51,0,0,0
6.074362,0,881,91511,48,0,0,0,0,0,0,52,0,0,0
6.076393,0,1019,209111,47,0,0,0,0,0,0,52,0,0,0
6.078798,0,1104,115343,47,0,0,0,0,0,0,52,0,0,0
6.080652,0,1080,93512,47,0,0,0,0,0,0,51,0,0,0
6.082329,0,1023,98515,47,0,0,0,0,0,0,52,0,0,0
6.084269,0,1098,92204,47,0,0,0,0,0,0,51,0,0,0
6.085897,0,1107,90178,47,0,0,0,0,0,0,51,0,0,0
6.087504,0,1074,101488,47,0,0,0,0,0,0,52,0,0,0
6.089219,0,893,121189,47,0,0,0,0,0,0,52,0,0,0
6.091111,0,1094,98626,47,0,0,0,0,0,0,52,0,0,0
6.093052,0,980,104853,47,0,0,0,0,0,0,52,0,0,0
6.094889,0,1001,93416,47,0,0,0,0,0,0,52,0,0,0
6.096577,0,1098,100628,47,0,0,0,0,0,0,52,0,0,0
6.098278,0,1107,121782,47,0,0,0,0,0,0,52,0,0,0
6.100252,0,1054,111404,47,0,0,0,0,0,0,52,0,0,0
6.101964,0,979,95976,47,0,0,0,0,0,0,52,0,0,0
6.103672,0,1070,94690,47,0,0,0,0,0,0,51,0,0,0
6.105388,0,894,96212,48,0,0,0,0,0,0,52,0,0,0
6.107403,0,880,98955,47,0,0,0,0,0,0,51,0,0,0
6.109101,0,833,80897,47,0,0,0,0,0,0,51,0,0,0
6.110679,0,812,81821,47,0,0,0,0,0,0,52,0,0,0
6.112273,0,829,80111,47,0,0,0,0,0,0,52,0,0,0
6.114388,0,819,84667,47,0,0,0,0,0,0,51,0,0,0
6.116068,0,923,82143,47,0,0,0,0,0,0,51,0,0,0
6.117670,0,762,79907,47,0,0,0,0,0,0,52,0,0,0
6.119243,0,825,80601,47,0,0,0,0,0,0,52,0,0,0
6.120925,0,836,107613,47,0,0,0,0,0,0,52,0,0,0
6.122641,0,835,111173,47,0,0,0,0,0,0,51,0,0,0
6.124444,0,877,78735,47,0,0,0,0,0,0,51,0,0,0
6.126038,0,812,80125,47,0,0,0,0,0,0,52,0,0,0
6.127725,0,806,80298,47,0,0,0,0,0,0,51,0,0,0
6.129299,0,774,79591,47,0,0,0,0,0,0,52,0,0,0
6.131166,0,777,80068,47,0,0,0,0,0,0,52,0,0,0
6.132754,0,1463,83813,47,0,0,0,0,0,0,52,0,0,0
6.134446,0,1115,95104,47,0,0,0,0,0,0,52,0,0,0
6.136241,0,1111,109817,47,0,0,0,0,0,0,51,0,0,0
6.137936,0,1020,110737,48,0,0,0,0,0,0,52,0,0,0
6.140133,0,980,95401,47,0,0,0,0,0,0,52,0,0,0
6.141869,0,1026,100200,48,0,0,0,0,0,0,52,0,0,0
6.143700,0,900,136316,47,0,0,0,0,0,0,52,0,0,0
6.145652,0,941,102630,47,0,0,0,0,0,0,52,0,0,0
6.147496,0,1030,95246,47,0,0,0,0,0,0,52,0,0,0
6.149320,0,926,96671,47,0,0,0,0,0,0,52,0,0,0
6.151019,0,1112,94611,47,0,0,0,0,0,0,52,0,0,0
6.152713,0,945,95860,47,0,0,0,0,0,0,51,0,0,0
6.154482,0,1022,94241,47,0,0,0,0,0,0,52,0,0,0
6.156639,0,1031,105453,47,0,0,0,0,0,0,52,0,0,0
6.158301,0,1113,92751,47,0,0,0,0,0,0,51,0,0,0
6.159968,0,1052,93728,48,0,0,0,0,0,0,51,0,0,0
6.161639,0,1009,87702,47,0,0,0,0,0,0,52,0,0,0
6.163300,0,1116,96553,47,0,0,0,0,0,0,51,0,0,0
6.165012,0,940,111987,47,0,0,0,0,0,0,52,0,0,0
6.166806,0,866,99288,47,0,0,0,0,0,0,52,0,0,0
6.168590,0,1035,96688,47,0,0,0,0,0,0,52,0,0,0
6.170413,0,1136,99536,47,0,0,0,0,0,0,52,0,0,0
6.172195,0,917,143727,47,0,0,0,0,0,0,52,0,0,0
6.174079,0,1099,97617,47,0,0,0,0,0,0,52,0,0,0
6.175802,0,1084,97047,47,0,0,0,0,0,0,52,0,0,0
6.177502,0,1070,94372,47,0,0,0,0,0,0,52,0,0,0
6.179547,0,1006,128086,47,0,0,0,0,0,0,51,0,0,0
6.183800,0,1110,104289,47,0,0,0,0,0,0,51,0,0,0
6.185543,0,1112,115829,47,0,0,0,0,0,0,52,0,0,0
6.187373,0,1092,99654,47,0,0,0,0,0,0,52,0,0,0
6.189140,0,1092,107987,47,0,0,0,0,0,0,51,0,0,0
6.190823,0,939,141146,48,0,0,0,0,0,0,51,0,0,0
6.192774,0,1009,105844,47,0,0,0,0,0,0,52,0,0,0
6.194538,0,923,96797,47,0,0,0,0,0,0,52,0,0,0
6.196436,0,1083,123978,47,0,0,0,0,0,0,52,0,0,0
6.198176,0,1068,98249,47,0,0,0,0,0,0,51,0,0,0
6.199884,0,1092,96453,47,0,0,0,0,0,0,52,0,0,0
6.201623,0,1111,95404,47,0,0,0,0,0,0,52,0,0,0
6.203373,0,1114,103242,47,0,0,0,0,0,0,52,0,0,0
6.205161,0,1059,106994,47,0,0,0,0,0,0,52,0,0,0
6.207605,0,1487,149692,47,0,0,0,0,0,0,52,0,0,0
6.209464,0,1043,97360,48,0,0,0,0,0,0,52,0,0,0
6.211181,0,955,95235,47,0,0,0,0,0,0,51,0,0,0
6.212907,0,1023,95830,47,0,0,0,0,0,0,52,0,0,0
6.214615,0,1115,111727,47,0,0,0,0,0,0,52,0,0,0
6.216435,0,948,103694,48,0,0,0,0,0,0,52,0,0,0
6.218349,0,1132,108739,47,0,0,0,0,0,0,52,0,0,0
6.220235,0,1091,108094,47,0,0,0,0,0,0,52,0,0,0
6.221901,0,1058,89156,47,0,0,0,0,0,0,52,0,0,0
6.223566,0,1100,90968,47,0,0,0,0,0,0,51,0,0,0
6.225232,0,1101,92491,47,0,0,0,0,0,0,52,0,0,0
6.227031,0,1058,90799,47,0,0,0,0,0,0,51,0,0,0
6.228852,0,1115,103468,47,0,0,0,0,0,0,52,0,0,0
6.230514,0,1100,95512,47,0,0,0,0,0,0,51,0,0,0
6.232351,0,1103,123083,47,0,0,0,0,0,0,52,0,0,0
6.234028,0,945,113027,47,0,0,0,0,0,0,51,0,0,0
6.235846,0,1109,95058,47,0,0,0,0,0,0,52,0,0,0
6.237548,0,1110,94647,47,0,0,0,0,0,0,51,0,0,0
6.239246,0,1140,95248,47,0,0,0,0,0,0,52,0,0,0
6.241074,0,904,159448,47,0,0,0,0,0,0,51,0,0,0
6.243091,0,925,100629,47,0,0,0,0,0,0,52,0,0,0
6.244845,0,1109,97968,47,0,0,0,0,0,0,52,0,0,0
6.246553,0,1003,95339,47,0,0,0,0,0,0,51,0,0,0
6.248388,0,1047,123930,47,0,0,0,0,0,0,52,0,0,0
6.250221,0,1112,94505,47,0,0,0,0,0,0,52,0,0,0
6.251931,0,1115,96138,47,0,0,0,0,0,0,52,0,0,0
6.253631,0,1092,95869,47,0,0,0,0,0,0,52,0,0,0
6.255753,0,1082,101137,47,0,0,0,0,0,0,51,0,0,0
6.257496,0,1112,96134,47,0,0,0,0,0,0,52,0,0,0
6.259209,0,1112,95441,47,0,0,0,0,0,0,51,0,0,0
6.260915,0,895,315559,47,0,0,0,0,0,0,52,0,0,0
6.264294,0,1036,138576,47,0,0,0,0,0,0,52,0,0,0
6.266219,0,985,107036,47,0,0,0,0,0,0,52,0,0,0
6.268003,0,1018,98584,47,0,0,0,0,0,0,52,0,0,0
6.269692,0,1108,95765,47,0,0,0,0,0,0,51,0,0,0
6.271426,0,1115,95740,47,0,0,0,0,0,0,51,0,0,0
6.273097,0,984,141584,47,0,0,0,0,0,0,52,0,0,0
6.275130,0,1110,99236,47,0,0,0,0,0,0,52,0,0,0
6.276863,0,1114,111728,47,0,0,0,0,0,0,52,0,0,0
6.278752,0,987,121802,47,0,0,0,0,0,0,51,0,0,0
6.280690,0,1043,119218,47,0,0,0,0,0,0,52,0,0,0
6.282576,0,1114,107296,47,0,0,0,0,0,0,51,0,0,0
6.284370,0,1027,113157,47,0,0,0,0,0,0,52,0,0,0
6.286322,0,1069,91290,47,0,0,0,0,0,0,51,0,0,0
6.289043,0,989,265223,47,0,0,0,0,0,0,52,0,0,0
6.291010,0,914,107379,47,0,0,0,0,0,0,52,0,0,0
6.292834,0,1069,111883,48,0,0,0,0,0,0,52,0,0,0
6.294598,0,1079,124039,47,0,0,0,0,0,0,52,0,0,0
6.296702,0,1133,128951,47,0,0,0,0,0,0,51,0,0,0
6.298394,0,1089,92549,47,0,0,0,0,0,0,52,0,0,0
6.300184,0,1113,91665,47,0,0,0,0,0,0,52,0,0,0
6.301950,0,1039,106848,47,0,0,0,0,0,0,52,0,0,0
6.303597,0,920,92001,47,0,0,0,0,0,0,52,0,0,0
6.305269,0,1039,95723,47,0,0,0,0,0,0,52,0,0,0
6.306981,0,1087,97157,47,0,0,0,0,0,0,52,0,0,0
6.308724,0,1115,98210,47,0,0,0,0,0,0,52,0,0,0
6.310454,0,1040,135914,47,0,0,0,0,0,0,51,0,0,0
6.312459,0,919,106379,47,0,0,0,0,0,0,52,0,0,0
6.314293,0,955,97094,47,0,0,0,0,0,0,52,0,0,0
6.316006,0,922,96419,47,0,0,0,0,0,0,52,0,0,0
6.317730,0,1048,94132,47,0,0,0,0,0,0,52,0,0,0
6.319426,0,1029,95405,48,0,0,0,0,0,0,51,0,0,0
6.321259,0,873,108847,47,0,0,0,0,0,0,51,0,0,0
6.323119,0,961,110085,48,0,0,0,0,0,0,52,0,0,0
6.324936,0,1107,96027,48,0,0,0,0,0,0,52,0,0,0
6.326646,0,1097,96532,47,0,0,0,0,0,0,52,0,0,0
6.328365,0,1116,118532,47,0,0,0,0,0,0,52,0,0,0
6.330289,0,1115,99144,47,0,0,0,0,0,0,52,0,0,0
6.332362,0,1116,91422,47,0,0,0,0,0,0,52,0,0,0
6.334059,0,1000,113310,47,0,0,0,0,0,0,51,0,0,0
6.335884,0,1092,98412,48,0,0,0,0,0,0,52,0,0,0
6.337594,0,1100,95479,47,0,0,0,0,0,0,52,0,0,0
6.339302,0,1106,96012,47,0,0,0,0,0,0,52,0,0,0
6.341145,0,1120,95636,47,0,0,0,0,0,0,52,0,0,0
6.342886,0,888,99156,48,0,0,0,0,0,0,52,0,0,0
6.344651,0,1095,103204,47,0,0,0,0,0,0,52,0,0,0
6.346425,0,1099,96514,48,0,0,0,0,0,0,52,0,0,0
6.348254,0,1116,114626,47,0,0,0,0,0,0,52,0,0,0
6.349960,0,1113,95977,47,0,0,0,0,0,0,52,0,0,0
6.351669,0,1099,120447,47,0,0,0,0,0,0,51,0,0,0
6.353542,0,1112,95757,47,0,0,0,0,0,0,51,0,0,0
6.355248,0,975,94717,47,0,0,0,0,0,0,52,0,0,0
6.356951,0,1102,94944,47,0,0,0,0,0,0,52,0,0,0
6.358648,0,892,114635,47,0,0,0,0,0,0,52,0,0,0
6.360603,0,1116,115229,47,0,0,0,0,0,0,52,0,0,0
6.362557,0,1106,118223,47,0,0,0,0,0,0,52,0,0,0
6.364729,0,1005,105594,47,0,0,0,0,0,0,51,0,0,0
6.366431,0,1066,95601,47,0,0,0,0,0,0,52,0,0,0
6.369207,0,1015,120900,47,0,0,0,0,0,0,51,0,0,0
6.371348,0,914,105912,47,0,0,0,0,0,0,52,0,0,0
6.373232,0,877,105423,47,0,0,0,0,0,0,52,0,0,0
6.375078,0,906,125986,47,0,0,0,0,0,0,52,0,0,0
6.377063,0,984,102824,47,0,0,0,0,0,0,52,0,0,0
6.378725,0,878,105964,47,0,0,0,0,0,0,52,0,0,0
6.380527,0,935,100122,47,0,0,0,0,0,0,52,0,0,0
6.382185,0,683,92842,47,0,0,0,0,0,0,51,0,0,0
6.383819,0,842,76062,47,0,0,0,0,0,0,52,0,0,0
6.385404,0,740,70678,47,0,0,0,0,0,0,51,0,0,0
6.386932,0,669,73723,47,0,0,0,0,0,0,51,0,0,0
6.388436,0,745,67142,47,0,0,0,0,0,0,52,0,0,0
6.389895,0,674,65631,47,0,0,0,0,0,0,51,0,0,0
6.391346,0,655,66605,47,0,0,0,0,0,0,52,0,0,0
6.392823,0,969,74009,48,0,0,0,0,0,0,51,0,0,0
6.394591,0,703,106993,47,0,0,0,0,0,0,52,0,0,0
6.396175,0,716,82856,47,0,0,0,0,0,0,52,0,0,0
6.397736,0,764,65638,47,0,0,0,0,0,0,52,0,0,0
6.399187,0,736,65188,47,0,0,0,0,0,0,52,0,0,0
6.400642,0,688,90461,47,0,0,0,0,0,0,51,0,0,0
6.402269,0,797,68478,47,0,0,0,0,0,0,52,0,0,0
6.403914,0,994,85938,47,0,0,0,0,0,0,52,0,0,0
6.405930,0,1110,118272,47,0,0,0,0,0,0,52,0,0,0
6.407638,0,943,195906,47,0,0,0,0,0,0,52,0,0,0
6.409983,0,1055,107768,47,0,0,0,0,0,0,52,0,0,0
6.411783,0,867,99909,47,0,0,0,0,0,0,52,0,0,0
6.413513,0,977,96166,47,0,0,0,0,0,0,52,0,0,0
6.415512,0,1110,122931,47,0,0,0,0,0,0,52,0,0,0
6.417385,0,1102,95047,47,0,0,0,0,0,0,52,0,0,0
6.419161,0,1109,97186,47,0,0,0,0,0,0,52,0,0,0
6.421207,0,905,139471,47,0,0,0,0,0,0,52,0,0,0
6.423223,0,1081,102926,47,0,0,0,0,0,0,52,0,0,0
6.424993,0,872,98592,47,0,0,0,0,0,0,52,0,0,0
6.426774,0,922,109068,47,0,0,0,0,0,0,52,0,0,0
6.428566,0,1094,97740,47,0,0,0,0,0,0,52,0,0,0
6.430292,0,1117,96307,47,0,0,0,0,0,0,51,0,0,0
6.432133,0,1111,97894,47,0,0,0,0,0,0,52,0,0,0
6.433839,0,1096,105729,47,0,0,0,0,0,0,52,0,0,0
6.436131,0,1105,96591,47,0,0,0,0,0,0,52,0,0,0
6.437870,0,1147,98620,47,0,0,0,0,0,0,52,0,0,0
6.439580,0,1105,95233,47,0,0,0,0,0,0,52,0,0,0
6.441296,0,1097,95211,47,0,0,0,0,0,0,52,0,0,0
6.443063,0,1000,96156,47,0,0,0,0,0,0,51,0,0,0
6.444980,0,992,157501,47,0,0,0,0,0,0,52,0,0,0
6.447587,0,883,117002,47,0,0,0,0,0,0,52,0,0,0
6.449537,0,931,98727,48,0,0,0,0,0,0,52,0,0,0
6.451262,0,1303,95461,47,0,0,0,0,0,0,52,0,0,0
6.452974,0,1022,97985,48,0,0,0,0,0,0,51,0,0,0
6.454927,0,867,167936,47,0,0,0,0,0,0,51,0,0,0
6.457341,0,1112,96864,47,0,0,0,0,0,0,51,0,0,0
6.459071,0,1089,92736,47,0,0,0,0,0,0,52,0,0,0
6.460721,0,1037,89549,47,0,0,0,0,0,0,52,0,0,0
6.462369,0,935,89609,47,0,0,0,0,0,0,52,0,0,0
6.464133,0,1042,90092,47,0,0,0,0,0,0,51,0,0,0
6.465802,0,1110,104681,47,0,0,0,0,0,0,51,0,0,0
6.467646,0,1115,94290,47,0,0,0,0,0,0,52,0,0,0
6.469400,0,1104,96706,47,0,0,0,0,0,0,52,0,0,0
6.471151,0,1129,95514,47,0,0,0,0,0,0,52,0,0,0
6.472971,0,985,97640,47,0,0,0,0,0,0,51,0,0,0
6.475116,0,1012,96051,47,0,0,0,0,0,0,51,0,0,0
6.476827,0,819,92979,47,0,0,0,0,0,0,52,0,0,0
6.478400,0,718,95745,47,0,0,0,0,0,0,52,0,0,0
6.480310,0,613,77948,48,0,0,0,0,0,0,52,0,0,0
6.481822,0,796,83040,47,0,0,0,0,0,0,52,0,0,0
6.483647,0,678,98494,47,0,0,0,0,0,0,51,0,0,0
6.485330,0,1086,76754,47,0,0,0,0,0,0,52,0,0,0
6.487039,0,1112,96092,48,0,0,0,0,0,0,52,0,0,0
6.488757,0,1051,96610,47,0,0,0,0,0,0,51,0,0,0
6.490497,0,1020,168709,47,0,0,0,0,0,0,52,0,0,0
6.492664,0,1030,147668,47,0,0,0,0,0,0,52,0,0,0
6.494705,0,1112,99875,47,0,0,0,0,0,0,52,0,0,0
6.496436,0,986,95944,47,0,0,0,0,0,0,52,0,0,0
6.498389,0,1115,96150,47,0,0,0,0,0,0,51,0,0,0
6.500235,0,1100,119251,47,0,0,0,0,0,0,52,0,0,0
6.501971,0,1088,97576,47,0,0,0,0,0,0,52,0,0,0
6.503684,0,1030,96169,47,0,0,0,0,0,0,52,0,0,0
6.505394,0,1116,96621,47,0,0,0,0,0,0,52,0,0,0
6.507136,0,1122,96898,47,0,0,0,0,0,0,51,0,0,0
6.508849,0,1057,96048,47,0,0,0,0,0,0,51,0,0,0
6.510557,0,918,94911,47,0,0,0,0,0,0,52,0,0,0
6.512393,0,1116,117847,47,0,0,0,0,0,0,51,0,0,0
6.514197,0,1045,99151,47,0,0,0,0,0,0,52,0,0,0
6.515913,0,1032,110075,47,0,0,0,0,0,0,51,0,0,0
6.517728,0,887,96234,47,0,0,0,0,0,0,52,0,0,0
6.521192,0,1073,103714,47,0,0,0,0,0,0,52,0,0,0
6.523023,0,1014,97275,47,0,0,0,0,0,0,51,0,0,0
6.524692,0,1000,95791,48,0,0,0,0,0,0,52,0,0,0
6.526406,0,1131,96310,47,0,0,0,0,0,0,52,0,0,0
6.528301,0,939,117821,47,0,0,0,0,0,0,51,0,0,0
6.530053,0,878,140678,47,0,0,0,0,0,0,51,0,0,0
6.532451,0,936,108713,47,0,0,0,0,0,0,52,0,0,0
6.534216,0,1009,92422,47,0,0,0,0,0,0,52,0,0,0
6.535890,0,1061,90311,47,0,0,0,0,0,0,51,0,0,0
6.537542,0,883,90593,47,0,0,0,0,0,0,52,0,0,0
6.539362,0,880,106639,47,0,0,0,0,0,0,52,0,0,0
6.541247,0,1096,111601,47,0,0,0,0,0,0,51,0,0,0
6.542991,0,980,100523,47,0,0,0,0,0,0,51,0,0,0
6.544837,0,1056,100466,47,0,0,0,0,0,0,51,0,0,0
6.546528,0,1098,153012,47,0,0,0,0,0,0,52,0,0,0
6.548662,0,1114,97927,47,0,0,0,0,0,0,52,0,0,0
6.550412,0,1116,98888,47,0,0,0,0,0,0,51,0,0,0
6.552378,0,938,105710,47,0,0,0,0,0,0,51,0,0,0
6.554162,0,1011,96842,47,0,0,0,0,0,0,52,0,0,0
6.555886,0,1109,98838,48,0,0,0,0,0,0,52,0,0,0
6.557610,0,1119,99663,47,0,0,0,0,0,0,52,0,0,0
6.559340,0,1113,95987,47,0,0,0,0,0,0,52,0,0,0
6.562159,0,1110,94526,47,0,0,0,0,0,0,52,0,0,0
6.563882,0,887,99472,47,0,0,0,0,0,0,52,0,0,0
6.565595,0,1047,97220,47,0,0,0,0,0,0,51,0,0,0
6.567335,0,1109,122355,47,0,0,0,0,0,0,52,0,0,0
6.569200,0,1005,98203,48,0,0,0,0,0,0,51,0,0,0
6.570977,0,1116,95514,47,0,0,0,0,0,0,52,0,0,0
6.572693,0,1123,102005,47,0,0,0,0,0,0,52,0,0,0
6.574439,0,1112,95993,47,0,0,0,0,0,0,52,0,0,0
6.576278,0,1108,116197,47,0,0,0,0,0,0,52,0,0,0
6.577990,0,1119,106332,48,0,0,0,0,0,0,51,0,0,0
6.579763,0,933,146702,47,0,0,0,0,0,0,51,0,0,0
6.581790,0,1025,95151,47,0,0,0,0,0,0,52,0,0,0
6.583632,0,1091,96317,47,0,0,0,0,0,0,52,0,0,0
6.585353,0,1074,109787,47,0,0,0,0,0,0,52,0,0,0
6.587146,0,1099,96663,47,0,0,0,0,0,0,52,0,0,0
6.588856,0,1101,95594,47,0,0,0,0,0,0,52,0,0,0
6.590565,0,1107,95900,48,0,0,0,0,0,0,52,0,0,0
6.592412,0,1041,116683,47,0,0,0,0,0,0,52,0,0,0
6.594384,0,1099,100909,47,0,0,0,0,0,0,52,0,0,0
6.596413,0,1083,112554,47,0,0,0,0,0,0,52,0,0,0
6.598141,0,1046,98088,47,0,0,0,0,0,0,52,0,0,0
6.600081,0,1059,189019,48,0,0,0,0,0,0,52,0,0,0
6.602437,0,892,109848,48,0,0,0,0,0,0,51,0,0,0
6.604444,0,973,135439,47,0,0,0,0,0,0,52,0,0,0
6.606234,0,1096,97721,47,0,0,0,0,0,0,52,0,0,0
6.608023,0,1355,108293,47,0,0,0,0,0,0,51,0,0,0
6.609963,0,945,149150,47,0,0,0,0,0,0,52,0,0,0
6.611972,0,1103,93257,47,0,0,0,0,0,0,52,0,0,0
6.613665,0,1119,93003,47,0,0,0,0,0,0,51,0,0,0
6.615346,0,1082,90174,47,0,0,0,0,0,0,52,0,0,0
6.617683,0,1094,90270,47,0,0,0,0,0,0,52,0,0,0
6.619657,0,1103,97309,47,0,0,0,0,0,0,51,0,0,0
6.621404,0,1095,99164,47,0,0,0,0,0,0,52,0,0,0
6.623087,0,1131,96505,47,0,0,0,0,0,0,52,0,0,0
6.624747,0,993,100527,47,0,0,0,0,0,0,51,0,0,0
6.626524,0,1041,98499,47,0,0,0,0,0,0,52,0,0,0
6.628385,0,1107,117214,47,0,0,0,0,0,0,52,0,0,0
6.630090,0,1098,95650,47,0,0,0,0,0,0,52,0,0,0
6.631798,0,890,94520,47,0,0,0,0,0,0,52,0,0,0
6.633498,0,1031,94801,47,0,0,0,0,0,0,52,0,0,0
6.635203,0,977,107857,47,0,0,0,0,0,0,51,0,0,0
6.637082,0,898,95541,47,0,0,0,0,0,0,51,0,0,0
6.638805,0,1098,99488,47,0,0,0,0,0,0,52,0,0,0
6.640617,0,1108,96806,47,0,0,0,0,0,0,51,0,0,0
6.642412,0,1108,98975,47,0,0,0,0,0,0,52,0,0,0
6.644241,0,1109,114501,47,0,0,0,0,0,0,52,0,0,0
6.645964,0,1048,98907,47,0,0,0,0,0,0,51,0,0,0
6.647978,0,1113,96332,47,0,0,0,0,0,0,52,0,0,0
6.649711,0,913,98791,47,0,0,0,0,0,0,52,0,0,0
6.651458,0,943,122041,47,0,0,0,0,0,0,52,0,0,0
6.653312,0,1046,96256,48,0,0,0,0,0,0,51,0,0,0
6.655449,0,1088,94174,47,0,0,0,0,0,0,52,0,0,0
6.657154,0,1104,95864,47,0,0,0,0,0,0,51,0,0,0
6.658929,0,982,98911,47,0,0,0,0,0,0,52,0,0,0
6.660669,0,901,94843,47,0,0,0,0,0,0,51,0,0,0
6.662359,0,1127,96701,47,0,0,0,0,0,0,51,0,0,0
6.664191,0,1117,95712,47,0,0,0,0,0,0,52,0,0,0
6.665923,0,1106,108007,47,0,0,0,0,0,0,51,0,0,0
6.667716,0,1106,97175,47,0,0,0,0,0,0,52,0,0,0
6.669440,0,1096,94225,47,0,0,0,0,0,0,52,0,0,0
6.671164,0,965,98848,47,0,0,0,0,0,0,52,0,0,0
6.672890,0,1135,95044,48,0,0,0,0,0,0,52,0,0,0
6.674676,0,945,143537,47,0,0,0,0,0,0,51,0,0,0
6.676816,0,1090,97634,48,0,0,0,0,0,0,52,0,0,0
6.678531,0,1003,114868,47,0,0,0,0,0,0,52,0,0,0
6.680420,0,1052,102030,47,0,0,0,0,0,0,52,0,0,0
6.682189,0,1090,97960,47,0,0,0,0,0,0,52,0,0,0
6.684119,0,1253,149641,48,0,0,0,0,0,0,52,0,0,0
6.686196,0,1105,96346,47,0,0,0,0,0,0,52,0,0,0
6.687903,0,1097,94935,47,0,0,0,0,0,0,51,0,0,0
6.689604,0,1086,95049,47,0,0,0,0,0,0,52,0,0,0
6.691365,0,856,130912,47,0,0,0,0,0,0,52,0,0,0
6.693398,0,1219,95640,47,0,0,0,0,0,0,52,0,0,0
6.695159,0,1118,95195,47,0,0,0,0,0,0,52,0,0,0
6.697071,0,1103,99430,47,0,0,0,0,0,0,52,0,0,0
6.698788,0,973,107129,47,0,0,0,0,0,0,52,0,0,0
6.700528,0,1031,92371,47,0,0,0,0,0,0,51,0,0,0
6.702208,0,1115,143556,47,0,0,0,0,0,0,51,0,0,0
6.705521,0,1036,220341,47,0,0,0,0,0,0,52,0,0,0
6.707434,0,900,114199,47,0,0,0,0,0,0,51,0,0,0
6.709238,0,1099,97789,47,0,0,0,0,0,0,52,0,0,0
6.710930,0,1081,109526,47,0,0,0,0,0,0,51,0,0,0
6.712718,0,1026,96013,47,0,0,0,0,0,0,52,0,0,0
6.714428,0,1114,98270,47,0,0,0,0,0,0,51,0,0,0
6.716269,0,1114,114652,47,0,0,0,0,0,0,52,0,0,0
6.717967,0,892,94937,48,0,0,0,0,0,0,52,0,0,0
6.719873,0,1084,117155,47,0,0,0,0,0,0,51,0,0,0
6.721879,0,853,126047,48,0,0,0,0,0,0,52,0,0,0
6.723905,0,1115,95371,47,0,0,0,0,0,0,52,0,0,0
6.725607,0,1098,95488,48,0,0,0,0,0,0,52,0,0,0
6.727399,0,1096,104918,47,0,0,0,0,0,0,52,0,0,0
6.729185,0,1046,94829,47,0,0,0,0,0,0,52,0,0,0
6.731007,0,967,95731,47,0,0,0,0,0,0,52,0,0,0
6.732724,0,1026,107284,47,0,0,0,0,0,0,52,0,0,0
6.734547,0,1000,151104,47,0,0,0,0,0,0,52,0,0,0
6.736649,0,1105,101181,47,0,0,0,0,0,0,52,0,0,0
6.738394,0,994,105715,47,0,0,0,0,0,0,52,0,0,0
6.740295,0,1101,117396,47,0,0,0,0,0,0,52,0,0,0
6.742046,0,1087,98771,47,0,0,0,0,0,0,51,0,0,0
6.743756,0,1106,111848,47,0,0,0,0,0,0,51,0,0,0
6.745602,0,1098,97569,47,0,0,0,0,0,0,52,0,0,0
6.747310,0,1113,95533,48,0,0,0,0,0,0,52,0,0,0
6.749187,0,952,245211,47,0,0,0,0,0,0,52,0,0,0
6.751834,0,1121,95355,47,0,0,0,0,0,0,52,0,0,0
6.753532,0,1034,95330,47,0,0,0,0,0,0,52,0,0,0
6.755233,0,1057,95544,47,0,0,0,0,0,0,52,0,0,0
6.756953,0,949,99434,47,0,0,0,0,0,0,52,0,0,0
6.758826,0,877,106520,47,0,0,0,0,0,0,52,0,0,0
6.760658,0,1096,94711,47,0,0,0,0,0,0,52,0,0,0
6.762433,0,1093,91087,47,0,0,0,0,0,0,51,0,0,0
6.764161,0,1107,99669,47,0,0,0,0,0,0,51,0,0,0
6.765808,0,1099,90105,47,0,0,0,0,0,0,51,0,0,0
6.767471,0,1146,90011,47,0,0,0,0,0,0,52,0,0,0
6.769162,0,1113,95977,48,0,0,0,0,0,0,52,0,0,0
6.770872,0,1097,94558,47,0,0,0,0,0,0,52,0,0,0
6.772599,0,1045,100369,47,0,0,0,0,0,0,52,0,0,0
6.774333,0,1097,96182,47,0,0,0,0,0,0,52,0,0,0
6.776128,0,1056,95932,47,0,0,0,0,0,0,52,0,0,0
6.778021,0,943,100192,47,0,0,0,0,0,0,52,0,0,0
6.780013,0,1010,125172,47,0,0,0,0,0,0,51,0,0,0
6.781954,0,1085,102905,47,0,0,0,0,0,0,51,0,0,0
6.783849,0,1101,98345,47,0,0,0,0,0,0,51,0,0,0
6.785580,0,932,208199,47,0,0,0,0,0,0,51,0,0,0
6.788229,0,1100,98109,47,0,0,0,0,0,0,52,0,0,0
6.789976,0,1117,101444,47,0,0,0,0,0,0,52,0,0,0
6.791695,0,971,102675,47,0,0,0,0,0,0,52,0,0,0
6.793456,0,1145,97213,47,0,0,0,0,0,0,52,0,0,0
6.795579,0,1106,95499,47,0,0,0,0,0,0,52,0,0,0
6.797285,0,909,95232,47,0,0,0,0,0,0,52,0,0,0
6.799014,0,1090,95315,47,0,0,0,0,0,0,51,0,0,0
6.800727,0,874,124288,47,0,0,0,0,0,0,51,0,0,0
6.802656,0,1110,120133,47,0,0,0,0,0,0,51,0,0,0
6.804569,0,1096,95972,47,0,0,0,0,0,0,52,0,0,0
6.806321,0,1061,119179,47,0,0,0,0,0,0,52,0,0,0
6.808246,0,1093,109674,47,0,0,0,0,0,0,52,0,0,0
6.809965,0,944,113317,48,0,0,0,0,0,0,52,0,0,0
6.811863,0,894,184255,47,0,0,0,0,0,0,52,0,0,0
6.814147,0,1112,95776,47,0,0,0,0,0,0,52,0,0,0
6.815875,0,1063,98906,47,0,0,0,0,0,0,52,0,0,0
6.817628,0,1085,102225,47,0,0,0,0,0,0,51,0,0,0
6.819397,0,1103,95651,48,0,0,0,0,0,0,51,0,0,0
6.821130,0,1083,95834,47,0,0,0,0,0,0,52,0,0,0
6.822832,0,1069,107920,48,0,0,0,0,0,0,52,0,0,0
6.824617,0,1033,91195,47,0,0,0,0,0,0,52,0,0,0
6.826356,0,1110,96221,47,0,0,0,0,0,0,52,0,0,0
6.828368,0,901,115646,47,0,0,0,0,0,0,52,0,0,0
6.830148,0,925,97621,48,0,0,0,0,0,0,52,0,0,0
6.831874,0,1107,94938,47,0,0,0,0,0,0,51,0,0,0
6.833703,0,1076,95251,47,0,0,0,0,0,0,51,0,0,0
6.835424,0,884,95915,47,0,0,0,0,0,0,52,0,0,0
6.837264,0,1092,94312,47,0,0,0,0,0,0,52,0,0,0
6.839056,0,1097,98071,47,0,0,0,0,0,0,52,0,0,0
6.840861,0,913,114698,47,0,0,0,0,0,0,52,0,0,0
6.842878,0,1031,98086,47,0,0,0,0,0,0,51,0,0,0
6.844574,0,1104,97107,47,0,0,0,0,0,0,52,0,0,0
6.846267,0,1108,90177,47,0,0,0,0,0,0,51,0,0,0
6.847917,0,1116,90181,47,0,0,0,0,0,0,51,0,0,0
6.849583,0,1088,92340,48,0,0,0,0,0,0,52,0,0,0
6.851253,0,898,99151,47,0,0,0,0,0,0,52,0,0,0
6.853010,0,1034,96846,47,0,0,0,0,0,0,52,0,0,0
6.854733,0,987,96794,47,0,0,0,0,0,0,52,0,0,0
6.856457,0,1117,97086,47,0,0,0,0,0,0,52,0,0,0
6.858217,0,911,184273,47,0,0,0,0,0,0,52,0,0,0
6.860501,0,1096,98347,47,0,0,0,0,0,0,52,0,0,0
6.862208,0,1117,95822,47,0,0,0,0,0,0,51,0,0,0
6.864128,0,1114,96746,47,0,0,0,0,0,0,52,0,0,0
6.865850,0,1096,109162,47,0,0,0,0,0,0,52,0,0,0
6.867619,0,1101,95141,47,0,0,0,0,0,0,52,0,0,0
6.869320,0,1107,95194,47,0,0,0,0,0,0,51,0,0,0
6.871022,0,1110,94959,47,0,0,0,0,0,0,51,0,0,0
6.872725,0,1099,95080,47,0,0,0,0,0,0,52,0,0,0
6.874691,0,922,108995,47,0,0,0,0,0,0,52,0,0,0
6.876577,0,1095,109243,48,0,0,0,0,0,0,52,0,0,0
6.878367,0,1024,130532,47,0,0,0,0,0,0,52,0,0,0
6.880340,0,1045,107917,47,0,0,0,0,0,0,52,0,0,0
6.882163,0,1099,112079,47,0,0,0,0,0,0,52,0,0,0
6.883973,0,1094,95464,47,0,0,0,0,0,0,52,0,0,0
6.885710,0,1101,96136,47,0,0,0,0,0,0,52,0,0,0
6.887415,0,1111,110580,47,0,0,0,0,0,0,51,0,0,0
6.889211,0,1032,95086,47,0,0,0,0,0,0,52,0,0,0
6.890920,0,1041,109171,47,0,0,0,0,0,0,51,0,0,0
6.892715,0,1109,107788,47,0,0,0,0,0,0,52,0,0,0
6.894511,0,1113,96052,47,0,0,0,0,0,0,52,0,0,0
6.896412,0,1106,105765,47,0,0,0,0,0,0,51,0,0,0
6.898205,0,1051,94477,47,0,0,0,0,0,0,51,0,0,0
6.900180,0,910,103340,47,0,0,0,0,0,0,52,0,0,0
6.902380,0,980,96203,47,0,0,0,0,0,0,52,0,0,0
6.904176,0,902,105724,47,0,0,0,0,0,0,51,0,0,0
6.905883,0,1001,106615,47,0,0,0,0,0,0,52,0,0,0
6.907691,0,1116,113082,47,0,0,0,0,0,0,52,0,0,0
6.909514,0,1092,96508,47,0,0,0,0,0,0,52,0,0,0
6.911242,0,959,109914,47,0,0,0,0,0,0,52,0,0,0
6.913050,0,1067,96053,47,0,0,0,0,0,0,52,0,0,0
6.914771,0,1105,94541,47,0,0,0,0,0,0,52,0,0,0
6.916432,0,1110,92518,48,0,0,0,0,0,0,51,0,0,0
6.918241,0,1106,93028,47,0,0,0,0,0,0,52,0,0,0
6.919910,0,1022,93643,47,0,0,0,0,0,0,51,0,0,0
6.921827,0,938,112451,47,0,0,0,0,0,0,52,0,0,0
6.923674,0,1092,97868,48,0,0,0,0,0,0,52,0,0,0
6.925393,0,1041,108432,47,0,0,0,0,0,0,51,0,0,0
6.927169,0,943,104058,47,0,0,0,0,0,0,52,0,0,0
6.928967,0,1066,96783,47,0,0,0,0,0,0,51,0,0,0
6.930698,0,997,120846,47,0,0,0,0,0,0,52,0,0,0
6.932608,0,980,108660,47,0,0,0,0,0,0,51,0,0,0
6.934336,0,1058,114362,47,0,0,0,0,0,0,52,0,0,0
6.936334,0,1098,107838,47,0,0,0,0,0,0,51,0,0,0
6.938057,0,1090,101725,47,0,0,0,0,0,0,52,0,0,0
6.939810,0,1097,95632,47,0,0,0,0,0,0,51,0,0,0
6.941528,0,918,95630,47,0,0,0,0,0,0,52,0,0,0
6.943360,0,1097,97661,47,0,0,0,0,0,0,52,0,0,0
6.945060,0,874,98290,47,0,0,0,0,0,0,51,0,0,0
6.946740,0,812,80851,48,0,0,0,0,0,0,52,0,0,0
6.948538,0,921,91134,47,0,0,0,0,0,0,52,0,0,0
6.950330,0,1056,95755,48,0,0,0,0,0,0,52,0,0,0
6.952037,0,1037,96349,47,0,0,0,0,0,0,52,0,0,0
6.953741,0,1036,96171,48,0,0,0,0,0,0,52,0,0,0
6.955863,0,1057,94251,47,0,0,0,0,0,0,52,0,0,0
6.957558,0,934,94065,48,0,0,0,0,0,0,51,0,0,0
6.959295,0,1098,98678,47,0,0,0,0,0,0,52,0,0,0
6.961188,0,1108,117158,47,0,0,0,0,0,0,52,0,0,0
6.963002,0,1047,103208,47,0,0,0,0,0,0,51,0,0,0
6.964962,0,877,121032,47,0,0,0,0,0,0,52,0,0,0
6.966668,0,923,113887,47,0,0,0,0,0,0,52,0,0,0
6.971406,0,903,107719,47,0,0,0,0,0,0,51,0,0,0
6.973220,0,965,108310,47,0,0,0,0,0,0,52,0,0,0
6.975132,0,1081,102874,47,0,0,0,0,0,0,52,0,0,0
6.976858,0,1042,98204,47,0,0,0,0,0,0,52,0,0,0
6.978602,0,992,109656,47,0,0,0,0,0,0,52,0,0,0
6.980371,0,966,97628,47,0,0,0,0,0,0,52,0,0,0
6.982037,0,1070,96866,47,0,0,0,0,0,0,52,0,0,0
6.983722,0,907,133235,47,0,0,0,0,0,0,52,0,0,0
6.985740,0,938,104272,47,0,0,0,0,0,0,51,0,0,0
6.987654,0,824,89277,47,0,0,0,0,0,0,52,0,0,0
6.989211,0,743,73038,47,0,0,0,0,0,0,51,0,0,0
6.991693,0,719,447237,47,0,0,0,0,0,0,52,0,0,0
6.995573,0,793,65021,47,0,0,0,0,0,0,52,0,0,0
6.996978,0,673,68599,47,0,0,0,0,0,0,51,0,0,0
6.998401,0,673,64880,47,0,0,0,0,0,0,52,0,0,0
6.999949,0,668,71438,47,0,0,0,0,0,0,52,0,0,0
7.001408,0,799,65750,46,0,0,0,0,0,0,52,0,0,0
7.002820,0,634,64712,47,0,0,0,0,0,0,51,0,0,0
7.004207,0,782,82941,45,0,0,0,0,0,0,52,0,0,0
7.005732,0,655,130141,47,0,0,0,0,0,0,51,0,0,0
7.007513,0,794,81386,47,0,0,0,0,0,0,51,0,0,0
7.009495,0,758,82599,45,0,0,0,0,0,0,52,0,0,0
7.011021,0,843,79880,47,0,0,0,0,0,0,52,0,0,0
7.012493,0,798,80073,47,0,0,0,0,0,0,52,0,0,0
7.013980,0,746,81336,47,0,0,0,0,0,0,51,0,0,0
7.015862,0,801,79910,47,0,0,0,0,0,0,52,0,0,0
7.017344,0,800,79619,47,0,0,0,0,0,0,52,0,0,0
7.018820,0,741,68644,47,0,0,0,0,0,0,52,0,0,0
7.020281,0,800,80634,47,0,0,0,0,0,0,51,0,0,0
7.021798,0,792,63699,47,0,0,0,0,0,0,51,0,0,0
7.023217,0,737,78066,47,0,0,0,0,0,0,51,0,0,0
7.024729,0,862,78327,47,0,0,0,0,0,0,52,0,0,0
7.026188,0,794,77403,47,0,0,0,0,0,0,52,0,0,0
7.027645,0,800,77427,47,0,0,0,0,0,0,51,0,0,0
7.029096,0,651,77293,47,0,0,0,0,0,0,52,0,0,0
7.030545,0,790,77404,47,0,0,0,0,0,0,52,0,0,0
7.032030,0,637,145523,47,0,0,0,0,0,0,52,0,0,0
7.033873,0,704,63656,47,0,0,0,0,0,0,52,0,0,0
7.035235,0,673,139552,47,0,0,0,0,0,0,52,0,0,0
7.037079,0,751,77530,47,0,0,0,0,0,0,51,0,0,0
7.038969,0,685,76921,47,0,0,0,0,0,0,52,0,0,0
7.040413,0,649,76626,47,0,0,0,0,0,0,52,0,0,0
7.041857,0,714,78806,47,0,0,0,0,0,0,51,0,0,0
7.043310,0,757,76409,47,0,0,0,0,0,0,52,0,0,0
7.044833,0,654,80970,47,0,0,0,0,0,0,52,0,0,0
7.046288,0,797,75830,47,0,0,0,0,0,0,51,0,0,0
7.047728,0,719,75875,47,0,0,0,0,0,0,52,0,0,0
7.049173,0,664,76371,47,0,0,0,0,0,0,52,0,0,0
7.050609,0,865,76052,47,0,0,0,0,0,0,52,0,0,0
7.052045,0,628,77242,47,0,0,0,0,0,0,52,0,0,0
7.053491,0,793,76405,47,0,0,0,0,0,0,52,0,0,0
7.054925,0,651,76700,47,0,0,0,0,0,0,52,0,0,0
7.056368,0,664,76362,47,0,0,0,0,0,0,51,0,0,0
7.057802,0,635,75347,47,0,0,0,0,0,0,51,0,0,0
7.059237,0,758,75957,47,0,0,0,0,0,0,52,0,0,0
7.060688,0,659,79440,47,0,0,0,0,0,0,51,0,0,0
7.062136,0,668,76808,47,0,0,0,0,0,0,52,0,0,0
7.063569,0,783,75349,47,0,0,0,0,0,0,52,0,0,0
7.065001,0,787,75201,47,0,0,0,0,0,0,52,0,0,0
7.066463,0,799,68009,47,0,0,0,0,0,0,52,0,0,0
7.067921,0,840,77348,48,0,0,0,0,0,0,52,0,0,0
7.069842,0,907,117769,48,0,0,0,0,0,0,52,0,0,0
7.071504,0,1066,95153,47,0,0,0,0,0,0,52,0,0,0
7.073160,0,1090,96083,47,0,0,0,0,0,0,52,0,0,0
7.074970,0,1065,96319,47,0,0,0,0,0,0,52,0,0,0
7.076710,0,992,110606,47,0,0,0,0,0,0,52,0,0,0
7.078394,0,1065,97719,47,0,0,0,0,0,0,52,0,0,0
7.080198,0,817,111253,47,0,0,0,0,0,0,52,0,0,0
7.081908,0,926,137911,47,0,0,0,0,0,0,51,0,0,0
7.083920,0,1070,98955,47,0,0,0,0,0,0,51,0,0,0
7.085682,0,1095,100500,47,0,0,0,0,0,0,52,0,0,0
7.087408,0,1025,134464,47,0,0,0,0,0,0,51,0,0,0
7.089600,0,851,98675,47,0,0,0,0,0,0,52,0,0,0
7.091398,0,1075,96508,47,0,0,0,0,0,0,52,0,0,0
7.093102,0,1060,95502,47,0,0,0,0,0,0,51,0,0,0
7.094815,0,930,97147,47,0,0,0,0,0,0,52,0,0,0
7.096546,0,915,98822,47,0,0,0,0,0,0,51,0,0,0
7.098303,0,981,111081,47,0,0,0,0,0,0,52,0,0,0
7.100280,0,1083,142591,47,0,0,0,0,0,0,51,0,0,0
7.102161,0,868,103609,47,0,0,0,0,0,0,52,0,0,0
7.103914,0,1010,98481,47,0,0,0,0,0,0,51,0,0,0
7.105636,0,1083,104088,47,0,0,0,0,0,0,52,0,0,0
7.107387,0,1087,96083,47,0,0,0,0,0,0,52,0,0,0
7.109111,0,994,109876,47,0,0,0,0,0,0,52,0,0,0
7.110901,0,1081,96978,47,0,0,0,0,0,0,52,0,0,0
7.112644,0,1065,108518,47,0,0,0,0,0,0,51,0,0,0
7.114631,0,847,181545,47,0,0,0,0,0,0,52,0,0,0
7.116904,0,1029,97162,47,0,0,0,0,0,0,51,0,0,0
7.118602,0,1035,106121,47,0,0,0,0,0,0,52,0,0,0
7.120402,0,1108,99174,47,0,0,0,0,0,0,51,0,0,0
7.122188,0,1015,92886,47,0,0,0,0,0,0,52,0,0,0
7.123873,0,980,89038,47,0,0,0,0,0,0,52,0,0,0
7.125552,0,964,93243,47,0,0,0,0,0,0,52,0,0,0
7.127201,0,1103,90338,47,0,0,0,0,0,0,52,0,0,0
7.128851,0,1056,90349,47,0,0,0,0,0,0,51,0,0,0
7.130612,0,1105,104182,47,0,0,0,0,0,0,52,0,0,0
7.132387,0,1093,99715,47,0,0,0,0,0,0,51,0,0,0
7.134084,0,1102,89820,47,0,0,0,0,0,0,52,0,0,0
7.135749,0,1090,89978,47,0,0,0,0,0,0,52,0,0,0
7.137395,0,1007,97759,47,0,0,0,0,0,0,51,0,0,0
7.139130,0,1101,110681,47,0,0,0,0,0,0,52,0,0,0
7.140917,0,1099,105725,48,0,0,0,0,0,0,52,0,0,0
7.142701,0,986,106278,47,0,0,0,0,0,0,51,0,0,0
7.144531,0,1090,101664,47,0,0,0,0,0,0,52,0,0,0
7.146328,0,1069,97288,47,0,0,0,0,0,0,52,0,0,0
7.148035,0,1086,95021,47,0,0,0,0,0,0,51,0,0,0
7.149906,0,1100,94814,47,0,0,0,0,0,0,52,0,0,0
7.151628,0,1103,95761,47,0,0,0,0,0,0,51,0,0,0
7.153330,0,1063,95417,47,0,0,0,0,0,0,52,0,0,0
7.155128,0,1116,95194,47,0,0,0,0,0,0,51,0,0,0
7.156831,0,1064,95158,47,0,0,0,0,0,0,51,0,0,0
7.158530,0,939,170147,47,0,0,0,0,0,0,52,0,0,0
7.160955,0,1091,113143,47,0,0,0,0,0,0,52,0,0,0
7.162748,0,1013,105472,47,0,0,0,0,0,0,52,0,0,0
7.164616,0,1101,112877,47,0,0,0,0,0,0,51,0,0,0
7.166434,0,1104,97946,47,0,0,0,0,0,0,52,0,0,0
7.168303,0,1066,118481,47,0,0,0,0,0,0,51,0,0,0
7.170020,0,1117,107766,47,0,0,0,0,0,0,52,0,0,0
7.171797,0,1115,94911,47,0,0,0,0,0,0,52,0,0,0
7.174015,0,994,115202,47,0,0,0,0,0,0,52,0,0,0
7.175860,0,1112,94331,47,0,0,0,0,0,0,52,0,0,0
7.177582,0,1132,95801,47,0,0,0,0,0,0,52,0,0,0
7.179277,0,1092,97780,47,0,0,0,0,0,0,52,0,0,0
7.182210,0,876,98578,47,0,0,0,0,0,0,52,0,0,0
7.183936,0,1051,98199,47,0,0,0,0,0,0,52,0,0,0
7.185654,0,1066,95835,47,0,0,0,0,0,0,51,0,0,0
7.187518,0,933,108004,48,0,0,0,0,0,0,52,0,0,0
7.189561,0,1002,105052,47,0,0,0,0,0,0,52,0,0,0
7.191354,0,952,94878,47,0,0,0,0,0,0,51,0,0,0
7.193043,0,1243,94084,47,0,0,0,0,0,0,51,0,0,0
7.194800,0,1024,99133,47,0,0,0,0,0,0,51,0,0,0
7.196538,0,933,96404,48,0,0,0,0,0,0,52,0,0,0
7.198613,0,965,111208,47,0,0,0,0,0,0,52,0,0,0
7.200437,0,1060,98504,47,0,0,0,0,0,0,52,0,0,0
7.202238,0,1122,92211,47,0,0,0,0,0,0,52,0,0,0
7.203889,0,989,94831,47,0,0,0,0,0,0,51,0,0,0
7.205574,0,1102,91886,47,0,0,0,0,0,0,52,0,0,0
7.207227,0,1098,90298,47,0,0,0,0,0,0,52,0,0,0
7.208878,0,1088,89442,47,0,0,0,0,0,0,51,0,0,0
7.210582,0,1110,110947,47,0,0,0,0,0,0,52,0,0,0
7.212517,0,1103,104484,47,0,0,0,0,0,0,52,0,0,0
7.214319,0,903,193890,47,0,0,0,0,0,0,51,0,0,0
7.216667,0,979,133333,47,0,0,0,0,0,0,52,0,0,0
7.218572,0,1106,94301,48,0,0,0,0,0,0,51,0,0,0
7.220547,0,1043,134115,47,0,0,0,0,0,0,51,0,0,0
7.222310,0,870,100383,47,0,0,0,0,0,0,52,0,0,0
7.224021,0,1115,97109,47,0,0,0,0,0,0,52,0,0,0
7.225790,0,1099,107868,47,0,0,0,0,0,0,51,0,0,0
7.227591,0,1051,99377,47,0,0,0,0,0,0,51,0,0,0
7.229314,0,1082,96527,47,0,0,0,0,0,0,52,0,0,0
7.231037,0,1054,107142,47,0,0,0,0,0,0,51,0,0,0
7.232828,0,924,96563,47,0,0,0,0,0,0,52,0,0,0
7.234538,0,1002,96528,47,0,0,0,0,0,0,51,0,0,0
7.236467,0,876,126314,48,0,0,0,0,0,0,51,0,0,0
7.238227,0,1106,99024,47,0,0,0,0,0,0,52,0,0,0
7.239934,0,1114,137828,47,0,0,0,0,0,0,51,0,0,0
7.241928,0,1101,107027,47,0,0,0,0,0,0,52,0,0,0
7.243738,0,893,97612,47,0,0,0,0,0,0,51,0,0,0
7.247759,0,1076,437263,47,0,0,0,0,0,0,52,0,0,0
7.249495,0,1090,100340,47,0,0,0,0,0,0,52,0,0,0
7.251203,0,1094,94825,47,0,0,0,0,0,0,51,0,0,0
7.252958,0,1109,98833,47,0,0,0,0,0,0,52,0,0,0
7.254692,0,1098,96302,47,0,0,0,0,0,0,52,0,0,0
7.256366,0,1602,106347,47,0,0,0,0,0,0,51,0,0,0
7.258218,0,1011,95619,47,0,0,0,0,0,0,52,0,0,0
7.259958,0,1051,101066,47,0,0,0,0,0,0,52,0,0,0
7.261675,0,1092,94803,47,0,0,0,0,0,0,52,0,0,0
7.263369,0,1101,95107,47,0,0,0,0,0,0,52,0,0,0
7.265301,0,1034,103272,47,0,0,0,0,0,0,52,0,0,0
7.267082,0,1116,90967,47,0,0,0,0,0,0,51,0,0,0
7.268899,0,1082,88828,48,0,0,0,0,0,0,51,0,0,0
7.270554,0,1039,93140,48,0,0,0,0,0,0,52,0,0,0
7.272280,0,1065,100822,47,0,0,0,0,0,0,52,0,0,0
7.273923,0,1003,93692,47,0,0,0,0,0,0,52,0,0,0
7.275635,0,1041,95590,47,0,0,0,0,0,0,52,0,0,0
7.277340,0,1099,111041,47,0,0,0,0,0,0,51,0,0,0
7.279353,0,1116,97908,47,0,0,0,0,0,0,52,0,0,0
7.281318,0,1116,97943,48,0,0,0,0,0,0,52,0,0,0
7.283175,0,884,106829,47,0,0,0,0,0,0,52,0,0,0
7.285143,0,1145,96817,47,0,0,0,0,0,0,52,0,0,0
7.286881,0,1111,96738,47,0,0,0,0,0,0,52,0,0,0
7.288601,0,1105,95646,48,0,0,0,0,0,0,52,0,0,0
7.290406,0,1110,103347,47,0,0,0,0,0,0,52,0,0,0
7.292341,0,1022,122699,47,0,0,0,0,0,0,52,0,0,0
7.294272,0,1105,95040,47,0,0,0,0,0,0,52,0,0,0
7.295976,0,1068,96024,47,0,0,0,0,0,0,52,0,0,0
7.297733,0,922,119340,47,0,0,0,0,0,0,52,0,0,0
7.299567,0,1108,95972,47,0,0,0,0,0,0,52,0,0,0
7.301274,0,1116,95836,47,0,0,0,0,0,0,52,0,0,0
7.302979,0,1101,95428,47,0,0,0,0,0,0,51,0,0,0
7.305046,0,1010,96264,47,0,0,0,0,0,0,52,0,0,0
7.306816,0,1106,98714,47,0,0,0,0,0,0,52,0,0,0
7.308660,0,1064,99926,47,0,0,0,0,0,0,51,0,0,0
7.310368,0,937,95569,47,0,0,0,0,0,0,52,0,0,0
7.312201,0,1125,96006,47,0,0,0,0,0,0,51,0,0,0
7.313961,0,1096,110533,47,0,0,0,0,0,0,52,0,0,0
7.315764,0,1106,98229,47,0,0,0,0,0,0,52,0,0,0
7.317500,0,1128,98858,47,0,0,0,0,0,0,51,0,0,0
7.319250,0,885,93963,47,0,0,0,0,0,0,52,0,0,0
7.320996,0,1111,99761,47,0,0,0,0,0,0,52,0,0,0
7.322708,0,969,106287,47,0,0,0,0,0,0,51,0,0,0
7.324472,0,1006,95209,48,0,0,0,0,0,0,51,0,0,0
7.326203,0,946,100274,47,0,0,0,0,0,0,52,0,0,0
7.328123,0,1113,104753,47,0,0,0,0,0,0,52,0,0,0
7.329973,0,1115,106494,47,0,0,0,0,0,0,51,0,0,0
7.331754,0,1045,96464,47,0,0,0,0,0,0,51,0,0,0
7.333601,0,895,96428,47,0,0,0,0,0,0,52,0,0,0
7.335310,0,1041,99257,47,0,0,0,0,0,0,52,0,0,0
7.337052,0,1092,98432,47,0,0,0,0,0,0,52,0,0,0
7.339208,0,1145,183831,47,0,0,0,0,0,0,52,0,0,0
7.344757,0,1008,234350,47,0,0,0,0,0,0,52,0,0,0
7.346537,0,862,101520,47,0,0,0,0,0,0,52,0,0,0
7.348537,0,865,125153,48,0,0,0,0,0,0,51,0,0,0
7.350247,0,943,91055,47,0,0,0,0,0,0,52,0,0,0
7.351880,0,1030,92537,47,0,0,0,0,0,0,51,0,0,0
7.353505,0,1020,94385,47,0,0,0,0,0,0,51,0,0,0
7.355221,0,1115,98958,47,0,0,0,0,0,0,52,0,0,0
7.356975,0,1050,97353,47,0,0,0,0,0,0,52,0,0,0
7.358690,0,1105,98023,47,0,0,0,0,0,0,51,0,0,0
7.360405,0,1007,94022,47,0,0,0,0,0,0,52,0,0,0
7.362181,0,1116,98055,47,0,0,0,0,0,0,52,0,0,0
7.363937,0,1153,96304,47,0,0,0,0,0,0,51,0,0,0
7.365641,0,922,95262,47,0,0,0,0,0,0,52,0,0,0
7.367552,0,1080,102394,47,0,0,0,0,0,0,51,0,0,0
7.369479,0,1106,96456,47,0,0,0,0,0,0,52,0,0,0
7.371159,0,1037,96043,47,0,0,0,0,0,0,51,0,0,0
7.372823,0,1060,95022,47,0,0,0,0,0,0,52,0,0,0
7.374529,0,1110,99925,47,0,0,0,0,0,0,52,0,0,0
7.376357,0,1103,121907,47,0,0,0,0,0,0,52,0,0,0
7.378014,0,1115,100940,47,0,0,0,0,0,0,52,0,0,0
7.379884,0,1117,109004,47,0,0,0,0,0,0,52,0,0,0
7.381686,0,1105,104297,47,0,0,0,0,0,0,52,0,0,0
7.383451,0,968,100646,47,0,0,0,0,0,0,52,0,0,0
7.385205,0,1117,96917,47,0,0,0,0,0,0,51,0,0,0
7.387207,0,1093,95360,47,0,0,0,0,0,0,52,0,0,0
7.389000,0,1094,98944,47,0,0,0,0,0,0,52,0,0,0
7.390716,0,1069,98360,47,0,0,0,0,0,0,51,0,0,0
7.392440,0,1106,97491,47,0,0,0,0,0,0,52,0,0,0
7.394343,0,1109,95104,48,0,0,0,0,0,0,52,0,0,0
7.396164,0,1048,95379,47,0,0,0,0,0,0,52,0,0,0
7.397862,0,1027,95501,47,0,0,0,0,0,0,51,0,0,0
7.400324,0,911,124748,47,0,0,0,0,0,0,51,0,0,0
7.402303,0,1008,106109,47,0,0,0,0,0,0,52,0,0,0
7.404249,0,1092,98509,47,0,0,0,0,0,0,51,0,0,0
7.406359,0,1055,100119,48,0,0,0,0,0,0,51,0,0,0
7.408220,0,1096,114517,47,0,0,0,0,0,0,52,0,0,0
7.409946,0,1121,108709,48,0,0,0,0,0,0,52,0,0,0
7.412001,0,1144,104392,47,0,0,0,0,0,0,51,0,0,0
7.413822,0,1120,97365,47,0,0,0,0,0,0,51,0,0,0
7.415530,0,728,92480,47,0,0,0,0,0,0,52,0,0,0
7.417095,0,759,78913,47,0,0,0,0,0,0,51,0,0,0
7.418701,0,820,76083,47,0,0,0,0,0,0,52,0,0,0
7.420175,0,770,74168,47,0,0,0,0,0,0,51,0,0,0
7.421662,0,843,75258,47,0,0,0,0,0,0,52,0,0,0
7.423164,0,1052,75716,47,0,0,0,0,0,0,52,0,0,0
7.424825,0,796,87683,47,0,0,0,0,0,0,52,0,0,0
7.426403,0,993,83276,48,0,0,0,0,0,0,52,0,0,0
7.428282,0,932,117930,47,0,0,0,0,0,0,52,0,0,0
7.429959,0,1048,93082,47,0,0,0,0,0,0,52,0,0,0
7.431713,0,1040,99078,47,0,0,0,0,0,0,52,0,0,0
7.433415,0,904,97256,47,0,0,0,0,0,0,52,0,0,0
7.435209,0,1067,102512,47,0,0,0,0,0,0,51,0,0,0
7.436978,0,1166,98860,47,0,0,0,0,0,0,51,0,0,0
7.438677,0,881,98409,47,0,0,0,0,0,0,52,0,0,0
7.440414,0,1095,109339,47,0,0,0,0,0,0,51,0,0,0
7.442207,0,1102,106918,48,0,0,0,0,0,0,52,0,0,0
7.443939,0,1050,97192,47,0,0,0,0,0,0,52,0,0,0
7.445644,0,1103,94004,48,0,0,0,0,0,0,52,0,0,0
7.447640,0,1104,95171,47,0,0,0,0,0,0,51,0,0,0
7.449361,0,1145,95251,47,0,0,0,0,0,0,51,0,0,0
7.451088,0,1146,96913,47,0,0,0,0,0,0,52,0,0,0
7.452792,0,1092,95139,47,0,0,0,0,0,0,51,0,0,0
7.454526,0,857,100513,47,0,0,0,0,0,0,52,0,0,0
7.456648,0,1025,135032,47,0,0,0,0,0,0,51,0,0,0
7.458528,0,1105,92890,47,0,0,0,0,0,0,52,0,0,0
7.460353,0,943,114770,47,0,0,0,0,0,0,52,0,0,0
7.462221,0,1097,96014,47,0,0,0,0,0,0,52,0,0,0
7.463929,0,1107,96009,47,0,0,0,0,0,0,52,0,0,0
7.465620,0,1088,94422,47,0,0,0,0,0,0,52,0,0,0
7.467316,0,1098,95258,47,0,0,0,0,0,0,51,0,0,0
7.469038,0,1097,97224,47,0,0,0,0,0,0,52,0,0,0
7.470761,0,1110,105465,47,0,0,0,0,0,0,52,0,0,0
7.472750,0,1022,159628,47,0,0,0,0,0,0,51,0,0,0
7.474929,0,926,126554,47,0,0,0,0,0,0,52,0,0,0
7.476827,0,1089,97194,47,0,0,0,0,0,0,52,0,0,0
7.478547,0,1125,95504,47,0,0,0,0,0,0,51,0,0,0
7.480399,0,1112,118723,47,0,0,0,0,0,0,51,0,0,0
7.482197,0,1114,95841,47,0,0,0,0,0,0,52,0,0,0
7.483911,0,1106,95845,47,0,0,0,0,0,0,52,0,0,0
7.485623,0,960,94997,47,0,0,0,0,0,0,52,0,0,0
7.487425,0,1092,113510,47,0,0,0,0,0,0,51,0,0,0
7.489241,0,1101,95605,47,0,0,0,0,0,0,52,0,0,0
7.491013,0,888,194133,47,0,0,0,0,0,0,51,0,0,0
7.493372,0,1095,96479,47,0,0,0,0,0,0,52,0,0,0
7.495119,0,1047,103540,47,0,0,0,0,0,0,52,0,0,0
7.496897,0,928,107115,48,0,0,0,0,0,0,52,0,0,0
7.498695,0,855,104115,47,0,0,0,0,0,0,52,0,0,0
7.500443,0,877,98739,47,0,0,0,0,0,0,52,0,0,0
7.502227,0,956,106971,47,0,0,0,0,0,0,52,0,0,0
7.503982,0,1090,95588,47,0,0,0,0,0,0,51,0,0,0
7.505752,0,1039,96881,48,0,0,0,0,0,0,51,0,0,0
7.507537,0,1032,131009,47,0,0,0,0,0,0,52,0,0,0
7.509354,0,1101,90436,47,0,0,0,0,0,0,51,0,0,0
7.511023,0,920,131152,47,0,0,0,0,0,0,51,0,0,0
7.513550,0,954,113697,47,0,0,0,0,0,0,52,0,0,0
7.515491,0,1095,96181,47,0,0,0,0,0,0,51,0,0,0
7.517182,0,1102,98704,47,0,0,0,0,0,0,51,0,0,0
7.518885,0,1113,100648,47,0,0,0,0,0,0,52,0,0,0
7.520556,0,986,95005,47,0,0,0,0,0,0,52,0,0,0
7.522253,0,1103,96273,47,0,0,0,0,0,0,52,0,0,0
7.523998,0,1061,106729,47,0,0,0,0,0,0,52,0,0,0
7.526047,0,987,95986,47,0,0,0,0,0,0,52,0,0,0
7.527770,0,1116,99283,47,0,0,0,0,0,0,52,0,0,0
7.529482,0,1093,95102,47,0,0,0,0,0,0,52,0,0,0
7.531193,0,1116,95102,47,0,0,0,0,0,0,52,0,0,0
7.533018,0,1114,97631,47,0,0,0,0,0,0,51,0,0,0
7.534746,0,938,99492,47,0,0,0,0,0,0,52,0,0,0
7.536550,0,987,103596,47,0,0,0,0,0,0,52,0,0,0
7.538380,0,1051,105357,47,0,0,0,0,0,0,52,0,0,0
7.540237,0,1092,105215,47,0,0,0,0,0,0,52,0,0,0
7.541953,0,1069,97130,47,0,0,0,0,0,0,51,0,0,0
7.543667,0,1079,96736,47,0,0,0,0,0,0,52,0,0,0
7.545383,0,1046,96069,47,0,0,0,0,0,0,52,0,0,0
7.547199,0,865,106800,47,0,0,0,0,0,0,52,0,0,0
7.549193,0,966,99021,47,0,0,0,0,0,0,52,0,0,0
7.550978,0,904,145556,47,0,0,0,0,0,0,52,0,0,0
7.553015,0,909,104459,47,0,0,0,0,0,0,51,0,0,0
7.555006,0,973,152471,47,0,0,0,0,0,0,51,0,0,0
7.557148,0,910,97087,47,0,0,0,0,0,0,51,0,0,0
7.558965,0,649,102933,47,0,0,0,0,0,0,51,0,0,0
7.560664,0,655,68523,47,0,0,0,0,0,0,51,0,0,0
7.562261,0,630,72015,47,0,0,0,0,0,0,51,0,0,0
7.563760,0,663,66935,47,0,0,0,0,0,0,51,0,0,0
7.565413,0,659,69529,45,0,0,0,0,0,0,52,0,0,0
7.566895,0,661,102648,48,0,0,0,0,0,0,52,0,0,0
7.570136,0,914,73829,47,0,0,0,0,0,0,51,0,0,0
7.571814,0,1102,98453,47,0,0,0,0,0,0,51,0,0,0
7.573508,0,1005,102028,47,0,0,0,0,0,0,51,0,0,0
7.575347,0,1106,95565,47,0,0,0,0,0,0,51,0,0,0
7.577043,0,1086,89397,47,0,0,0,0,0,0,52,0,0,0
7.578715,0,1054,114492,47,0,0,0,0,0,0,52,0,0,0
7.580591,0,1105,103264,47,0,0,0,0,0,0,51,0,0,0
7.582309,0,1117,95741,47,0,0,0,0,0,0,52,0,0,0
7.584013,0,1111,119359,47,0,0,0,0,0,0,52,0,0,0
7.587904,0,1115,420404,47,0,0,0,0,0,0,52,0,0,0
7.589610,0,1113,95627,47,0,0,0,0,0,0,52,0,0,0
7.591334,0,891,100788,47,0,0,0,0,0,0,52,0,0,0
7.593101,0,1103,98791,47,0,0,0,0,0,0,52,0,0,0
7.594864,0,917,101560,48,0,0,0,0,0,0,52,0,0,0
7.596644,0,1107,98544,47,0,0,0,0,0,0,51,0,0,0
7.598365,0,1055,98803,47,0,0,0,0,0,0,52,0,0,0
7.600133,0,1100,97589,47,0,0,0,0,0,0,52,0,0,0
7.601792,0,1093,108333,47,0,0,0,0,0,0,52,0,0,0
7.603558,0,1127,95780,47,0,0,0,0,0,0,52,0,0,0
7.605220,0,1042,94655,47,0,0,0,0,0,0,52,0,0,0
7.606885,0,1110,98169,47,0,0,0,0,0,0,52,0,0,0
7.608551,0,1106,95651,47,0,0,0,0,0,0,52,0,0,0
7.610253,0,1097,96362,48,0,0,0,0,0,0,52,0,0,0
7.612007,0,873,97587,47,0,0,0,0,0,0,52,0,0,0
7.613747,0,924,96358,47,0,0,0,0,0,0,52,0,0,0
7.615468,0,1006,94354,47,0,0,0,0,0,0,51,0,0,0
7.617173,0,1111,96106,47,0,0,0,0,0,0,51,0,0,0
7.618932,0,977,123602,47,0,0,0,0,0,0,52,0,0,0
7.620810,0,875,109265,47,0,0,0,0,0,0,52,0,0,0
7.622644,0,1089,107574,47,0,0,0,0,0,0,52,0,0,0
7.624522,0,1111,109782,47,0,0,0,0,0,0,52,0,0,0
7.626262,0,1117,94038,47,0,0,0,0,0,0,52,0,0,0
7.627956,0,1002,136312,48,0,0,0,0,0,0,52,0,0,0
7.630162,0,1112,96891,47,0,0,0,0,0,0,52,0,0,0
7.631868,0,1110,95192,47,0,0,0,0,0,0,52,0,0,0
7.633567,0,1101,95391,47,0,0,0,0,0,0,52,0,0,0
7.635359,0,899,108533,47,0,0,0,0,0,0,52,0,0,0
7.637363,0,961,101332,47,0,0,0,0,0,0,52,0,0,0
7.639134,0,1099,101248,47,0,0,0,0,0,0,51,0,0,0
7.640839,0,911,100041,47,0,0,0,0,0,0,51,0,0,0
7.642548,0,1113,91133,47,0,0,0,0,0,0,52,0,0,0
7.644330,0,867,109417,47,0,0,0,0,0,0,52,0,0,0
7.646015,0,912,89727,47,0,0,0,0,0,0,52,0,0,0
7.647639,0,917,90049,47,0,0,0,0,0,0,52,0,0,0
7.649318,0,1105,92954,47,0,0,0,0,0,0,52,0,0,0
7.650974,0,1059,103183,47,0,0,0,0,0,0,52,0,0,0
7.652695,0,1100,90941,47,0,0,0,0,0,0,52,0,0,0
7.654323,0,1002,91763,47,0,0,0,0,0,0,52,0,0,0
7.655966,0,1021,95854,47,0,0,0,0,0,0,52,0,0,0
7.657595,0,901,92679,47,0,0,0,0,0,0,51,0,0,0
7.659261,0,1062,109634,47,0,0,0,0,0,0,51,0,0,0
7.661385,0,930,102137,47,0,0,0,0,0,0,52,0,0,0
7.663131,0,1103,98607,47,0,0,0,0,0,0,52,0,0,0
7.664844,0,1026,95730,47,0,0,0,0,0,0,51,0,0,0
7.666772,0,919,142663,48,0,0,0,0,0,0,51,0,0,0
7.668812,0,1114,95712,47,0,0,0,0,0,0,52,0,0,0
7.673047,0,889,180360,47,0,0,0,0,0,0,52,0,0,0
7.675050,0,1084,150483,47,0,0,0,0,0,0,52,0,0,0
7.676922,0,1090,97887,47,0,0,0,0,0,0,52,0,0,0
7.678632,0,1098,117478,47,0,0,0,0,0,0,52,0,0,0
7.680629,0,1018,122172,47,0,0,0,0,0,0,51,0,0,0
7.682420,0,1111,98267,47,0,0,0,0,0,0,52,0,0,0
7.684184,0,1118,111524,47,0,0,0,0,0,0,51,0,0,0
7.685846,0,1098,95698,47,0,0,0,0,0,0,52,0,0,0
7.687528,0,1116,94544,47,0,0,0,0,0,0,52,0,0,0
7.689188,0,1098,96327,47,0,0,0,0,0,0,52,0,0,0
7.690880,0,1094,90362,47,0,0,0,0,0,0,52,0,0,0
7.692560,0,1103,96811,47,0,0,0,0,0,0,51,0,0,0
7.694282,0,868,95388,47,0,0,0,0,0,0,52,0,0,0
7.695991,0,1040,96934,47,0,0,0,0,0,0,52,0,0,0
7.697715,0,1091,95795,47,0,0,0,0,0,0,52,0,0,0
7.699660,0,1108,95361,48,0,0,0,0,0,0,52,0,0,0
7.701362,0,881,95644,48,0,0,0,0,0,0,52,0,0,0
7.703074,0,1126,96135,47,0,0,0,0,0,0,51,0,0,0
7.704802,0,1141,95053,47,0,0,0,0,0,0,52,0,0,0
7.707133,0,953,101680,47,0,0,0,0,0,0,51,0,0,0
7.708954,0,1054,101844,47,0,0,0,0,0,0,52,0,0,0
7.710728,0,901,98539,47,0,0,0,0,0,0,52,0,0,0
7.712440,0,1112,95354,47,0,0,0,0,0,0,52,0,0,0
7.714316,0,1012,95395,47,0,0,0,0,0,0,52,0,0,0
7.716564,0,893,126962,47,0,0,0,0,0,0,51,0,0,0
7.718598,0,941,109505,47,0,0,0,0,0,0,52,0,0,0
7.720409,0,1085,119293,47,0,0,0,0,0,0,52,0,0,0
7.722330,0,1090,91891,48,0,0,0,0,0,0,52,0,0,0
7.724223,0,1053,98557,47,0,0,0,0,0,0,52,0,0,0
7.725911,0,1097,91689,47,0,0,0,0,0,0,52,0,0,0
7.727531,0,1050,91065,47,0,0,0,0,0,0,52,0,0,0
7.729168,0,1113,93666,47,0,0,0,0,0,0,52,0,0,0
7.730919,0,1104,109141,47,0,0,0,0,0,0,52,0,0,0
7.732657,0,1112,95019,47,0,0,0,0,0,0,52,0,0,0
7.734317,0,1006,98998,47,0,0,0,0,0,0,51,0,0,0
7.736080,0,1082,99726,48,0,0,0,0,0,0,52,0,0,0
7.737736,0,1044,95971,47,0,0,0,0,0,0,52,0,0,0
7.739459,0,916,135688,47,0,0,0,0,0,0,52,0,0,0
7.741510,0,1082,114489,47,0,0,0,0,0,0,52,0,0,0
7.743523,0,1003,103387,47,0,0,0,0,0,0,52,0,0,0
7.745283,0,985,97776,47,0,0,0,0,0,0,52,0,0,0
7.746998,0,1118,95137,47,0,0,0,0,0,0,52,0,0,0
7.748699,0,1112,96957,47,0,0,0,0,0,0,52,0,0,0
7.750424,0,1103,96657,47,0,0,0,0,0,0,52,0,0,0
7.752290,0,986,141221,47,0,0,0,0,0,0,51,0,0,0
7.754187,0,872,92346,47,0,0,0,0,0,0,52,0,0,0
7.755918,0,1087,98145,47,0,0,0,0,0,0,52,0,0,0
7.757657,0,1116,99319,47,0,0,0,0,0,0,52,0,0,0
7.759374,0,1091,95654,47,0,0,0,0,0,0,52,0,0,0
7.761092,0,933,97609,47,0,0,0,0,0,0,52,0,0,0
7.762813,0,1089,96676,48,0,0,0,0,0,0,52,0,0,0
7.764527,0,1125,95699,47,0,0,0,0,0,0,52,0,0,0
7.766232,0,972,110052,47,0,0,0,0,0,0,51,0,0,0
7.768602,0,1033,187127,47,0,0,0,0,0,0,52,0,0,0
7.770411,0,1089,98466,47,0,0,0,0,0,0,52,0,0,0
7.772186,0,1066,105483,48,0,0,0,0,0,0,52,0,0,0
7.773927,0,1005,105460,48,0,0,0,0,0,0,52,0,0,0
7.775909,0,890,102597,47,0,0,0,0,0,0,51,0,0,0
7.777664,0,941,98797,47,0,0,0,0,0,0,51,0,0,0
7.779332,0,994,95802,47,0,0,0,0,0,0,51,0,0,0
7.780989,0,1053,133788,48,0,0,0,0,0,0,52,0,0,0
7.782972,0,1008,100829,47,0,0,0,0,0,0,51,0,0,0
7.784692,0,1035,95408,47,0,0,0,0,0,0,52,0,0,0
7.786388,0,1075,95812,47,0,0,0,0,0,0,52,0,0,0
7.788121,0,1112,89964,47,0,0,0,0,0,0,52,0,0,0
7.789795,0,1101,90716,47,0,0,0,0,0,0,52,0,0,0
7.791450,0,1115,90228,47,0,0,0,0,0,0,52,0,0,0
7.793102,0,1108,90433,47,0,0,0,0,0,0,52,0,0,0
7.794935,0,934,95916,47,0,0,0,0,0,0,52,0,0,0
7.796749,0,933,140699,47,0,0,0,0,0,0,52,0,0,0
7.798923,0,974,94222,47,0,0,0,0,0,0,52,0,0,0
7.800625,0,1105,92922,47,0,0,0,0,0,0,52,0,0,0
7.802364,0,990,101040,47,0,0,0,0,0,0,52,0,0,0
7.804251,0,1100,144337,47,0,0,0,0,0,0,52,0,0,0
7.806130,0,1010,96551,47,0,0,0,0,0,0,52,0,0,0
7.807840,0,1115,95488,47,0,0,0,0,0,0,51,0,0,0
7.810378,0,912,125192,47,0,0,0,0,0,0,52,0,0,0
7.812516,0,1041,135156,47,0,0,0,0,0,0,52,0,0,0
7.814240,0,1089,97138,47,0,0,0,0,0,0,52,0,0,0
7.815946,0,1090,94471,48,0,0,0,0,0,0,52,0,0,0
7.817690,0,1060,98960,47,0,0,0,0,0,0,52,0,0,0
7.819611,0,1099,95788,47,0,0,0,0,0,0,51,0,0,0
7.821562,0,1108,95188,47,0,0,0,0,0,0,52,0,0,0
7.823293,0,1059,186206,47,0,0,0,0,0,0,52,0,0,0
7.825816,0,1107,141321,47,0,0,0,0,0,0,52,0,0,0
7.827611,0,1109,94978,47,0,0,0,0,0,0,52,0,0,0
7.829535,0,1096,99560,47,0,0,0,0,0,0,52,0,0,0
7.831262,0,886,95769,47,0,0,0,0,0,0,52,0,0,0
7.832928,0,1044,99436,47,0,0,0,0,0,0,52,0,0,0
7.835123,0,895,111277,47,0,0,0,0,0,0,52,0,0,0
7.836969,0,1134,112136,47,0,0,0,0,0,0,52,0,0,0
7.838824,0,1104,97434,47,0,0,0,0,0,0,51,0,0,0
7.840557,0,1118,98458,47,0,0,0,0,0,0,52,0,0,0
7.842692,0,1057,97063,47,0,0,0,0,0,0,51,0,0,0
7.844516,0,1009,199042,47,0,0,0,0,0,0,52,0,0,0
7.847093,0,925,109657,47,0,0,0,0,0,0,52,0,0,0
7.848883,0,989,95857,47,0,0,0,0,0,0,51,0,0,0
7.850831,0,1034,103677,47,0,0,0,0,0,0,52,0,0,0
7.852624,0,888,97600,47,0,0,0,0,0,0,52,0,0,0
7.854299,0,903,95306,47,0,0,0,0,0,0,52,0,0,0
7.856024,0,1029,98473,47,0,0,0,0,0,0,51,0,0,0
7.857708,0,1128,146033,47,0,0,0,0,0,0,52,0,0,0
7.859839,0,1098,104169,47,0,0,0,0,0,0,51,0,0,0
7.861607,0,1060,102621,48,0,0,0,0,0,0,51,0,0,0
7.863377,0,1013,90703,47,0,0,0,0,0,0,52,0,0,0
7.865047,0,977,90148,47,0,0,0,0,0,0,51,0,0,0
7.866730,0,1042,101883,48,0,0,0,0,0,0,52,0,0,0
7.868487,0,1106,101739,47,0,0,0,0,0,0,52,0,0,0
7.870279,0,948,102708,47,0,0,0,0,0,0,51,0,0,0
7.872252,0,1070,103302,47,0,0,0,0,0,0,52,0,0,0
7.873922,0,948,112212,47,0,0,0,0,0,0,52,0,0,0
7.875866,0,887,137620,47,0,0,0,0,0,0,52,0,0,0
7.877867,0,1104,98804,47,0,0,0,0,0,0,51,0,0,0
7.879664,0,954,148272,47,0,0,0,0,0,0,52,0,0,0
7.881896,0,937,100489,47,0,0,0,0,0,0,51,0,0,0
7.883682,0,1046,104332,47,0,0,0,0,0,0,51,0,0,0
7.885471,0,1022,96779,47,0,0,0,0,0,0,51,0,0,0
7.887386,0,828,95091,47,0,0,0,0,0,0,52,0,0,0
7.888959,0,886,78935,47,0,0,0,0,0,0,51,0,0,0
7.890695,0,1050,95943,47,0,0,0,0,0,0,52,0,0,0
7.892399,0,1031,95735,47,0,0,0,0,0,0,52,0,0,0
7.894113,0,1032,96602,47,0,0,0,0,0,0,52,0,0,0
7.895970,0,1016,96677,47,0,0,0,0,0,0,51,0,0,0
7.897689,0,1023,96127,47,0,0,0,0,0,0,51,0,0,0
7.899391,0,1106,95284,47,0,0,0,0,0,0,52,0,0,0
7.901191,0,982,97072,47,0,0,0,0,0,0,52,0,0,0
7.903190,0,958,105472,47,0,0,0,0,0,0,52,0,0,0
7.905014,0,884,97883,47,0,0,0,0,0,0,52,0,0,0
7.906792,0,899,110547,47,0,0,0,0,0,0,52,0,0,0
7.908637,0,1092,96498,47,0,0,0,0,0,0,52,0,0,0
7.910359,0,1141,97778,47,0,0,0,0,0,0,51,0,0,0
7.912370,0,884,110036,47,0,0,0,0,0,0,52,0,0,0
7.914255,0,1053,99546,47,0,0,0,0,0,0,52,0,0,0
7.916218,0,938,104755,47,0,0,0,0,0,0,51,0,0,0
7.917974,0,1002,97244,47,0,0,0,0,0,0,52,0,0,0
7.919702,0,1097,101493,47,0,0,0,0,0,0,52,0,0,0
7.921376,0,889,103153,47,0,0,0,0,0,0,52,0,0,0
7.923163,0,1417,138664,48,0,0,0,0,0,0,52,0,0,0
7.925139,0,941,94414,47,0,0,0,0,0,0,52,0,0,0
7.926804,0,1035,90772,47,0,0,0,0,0,0,52,0,0,0
7.928474,0,1069,103571,47,0,0,0,0,0,0,52,0,0,0
7.932309,0,1114,428124,47,0,0,0,0,0,0,52,0,0,0
7.933998,0,900,96246,47,0,0,0,0,0,0,52,0,0,0
7.935700,0,876,96136,47,0,0,0,0,0,0,52,0,0,0
7.937383,0,1056,92106,47,0,0,0,0,0,0,52,0,0,0
7.939002,0,1114,95370,47,0,0,0,0,0,0,52,0,0,0
7.940669,0,1037,95896,47,0,0,0,0,0,0,52,0,0,0
7.942334,0,1105,97818,47,0,0,0,0,0,0,51,0,0,0
7.944173,0,893,103030,47,0,0,0,0,0,0,52,0,0,0
7.945929,0,1090,111013,47,0,0,0,0,0,0,52,0,0,0
7.947759,0,1098,96544,47,0,0,0,0,0,0,52,0,0,0
7.949513,0,1085,98311,47,0,0,0,0,0,0,52,0,0,0
7.951230,0,877,96229,47,0,0,0,0,0,0,52,0,0,0
7.952970,0,1104,94675,48,0,0,0,0,0,0,51,0,0,0
7.954776,0,1090,105023,47,0,0,0,0,0,0,52,0,0,0
7.956679,0,1095,103507,47,0,0,0,0,0,0,51,0,0,0
7.958447,0,1103,101494,47,0,0,0,0,0,0,52,0,0,0
7.960306,0,925,107361,47,0,0,0,0,0,0,51,0,0,0
7.962012,0,898,106709,47,0,0,0,0,0,0,52,0,0,0
7.963986,0,1044,97241,47,0,0,0,0,0,0,52,0,0,0
7.965772,0,1060,105106,47,0,0,0,0,0,0,51,0,0,0
7.967543,0,920,94119,47,0,0,0,0,0,0,52,0,0,0
7.969256,0,1051,96607,47,0,0,0,0,0,0,52,0,0,0
7.971076,0,1010,104427,47,0,0,0,0,0,0,52,0,0,0
7.972972,0,1045,112238,47,0,0,0,0,0,0,52,0,0,0
7.974905,0,938,141665,47,0,0,0,0,0,0,52,0,0,0
7.976769,0,1098,97722,47,0,0,0,0,0,0,52,0,0,0
7.978541,0,1089,95850,47,0,0,0,0,0,0,52,0,0,0
7.980611,0,1113,131500,47,0,0,0,0,0,0,51,0,0,0
7.982410,0,1094,96097,47,0,0,0,0,0,0,52,0,0,0
7.984231,0,1092,108445,47,0,0,0,0,0,0,52,0,0,0
7.985931,0,1111,107076,47,0,0,0,0,0,0,52,0,0,0
7.987942,0,1022,101113,47,0,0,0,0,0,0,51,0,0,0
7.989675,0,1104,94904,47,0,0,0,0,0,0,51,0,0,0
7.991380,0,1039,94744,47,0,0,0,0,0,0,52,0,0,0
7.993036,0,1117,94657,48,0,0,0,0,0,0,52,0,0,0
7.994787,0,978,91510,47,0,0,0,0,0,0,52,0,0,0
7.996433,0,1121,93759,47,0,0,0,0,0,0,52,0,0,0
7.998030,0,1063,88927,47,0,0,0,0,0,0,52,0,0,0
7.999712,0,1038,100598,47,0,0,0,0,0,0,52,0,0,0
8.001450,0,876,132960,47,0,0,0,0,0,0,51,0,0,0
8.003377,0,1109,92957,47,0,0,0,0,0,0,51,0,0,0
8.005034,0,1036,90595,47,0,0,0,0,0,0,52,0,0,0
8.006688,0,1106,90642,47,0,0,0,0,0,0,51,0,0,0
8.008359,0,1010,92563,47,0,0,0,0,0,0,52,0,0,0
8.010200,0,1002,98545,48,0,0,0,0,0,0,52,0,0,0
8.012018,0,864,98398,47,0,0,0,0,0,0,52,0,0,0
8.013859,0,872,99373,47,0,0,0,0,0,0,52,0,0,0
8.015875,0,886,95957,47,0,0,0,0,0,0,51,0,0,0
8.017594,0,921,101543,47,0,0,0,0,0,0,52,0,0,0
8.019347,0,1149,99846,47,0,0,0,0,0,0,52,0,0,0
8.021104,0,1102,99746,47,0,0,0,0,0,0,52,0,0,0
8.024586,0,1104,368304,47,0,0,0,0,0,0,51,0,0,0
8.026381,0,1004,109967,47,0,0,0,0,0,0,51,0,0,0
8.028614,0,919,130686,47,0,0,0,0,0,0,51,0,0,0
8.030301,0,1104,95625,47,0,0,0,0,0,0,52,0,0,0
8.031981,0,1064,95719,47,0,0,0,0,0,0,52,0,0,0
8.033639,0,1111,95296,47,0,0,0,0,0,0,51,0,0,0
8.035738,0,881,156571,47,0,0,0,0,0,0,52,0,0,0
8.037614,0,1109,96958,47,0,0,0,0,0,0,52,0,0,0
8.039397,0,1027,94396,47,0,0,0,0,0,0,52,0,0,0
8.041247,0,1031,126838,47,0,0,0,0,0,0,52,0,0,0
8.043014,0,1000,105690,48,0,0,0,0,0,0,51,0,0,0
8.044786,0,1080,96143,47,0,0,0,0,0,0,52,0,0,0
8.046541,0,1111,97410,47,0,0,0,0,0,0,52,0,0,0
8.048394,0,1102,116367,47,0,0,0,0,0,0,51,0,0,0
8.050218,0,1010,94392,47,0,0,0,0,0,0,51,0,0,0
8.051923,0,1109,96313,47,0,0,0,0,0,0,52,0,0,0
8.053630,0,1117,95463,47,0,0,0,0,0,0,51,0,0,0
8.055404,0,1108,96423,47,0,0,0,0,0,0,52,0,0,0
8.057129,0,1098,96373,48,0,0,0,0,0,0,52,0,0,0
8.058830,0,1051,94349,47,0,0,0,0,0,0,52,0,0,0
8.060558,0,939,97192,48,0,0,0,0,0,0,52,0,0,0
8.062263,0,983,95444,47,0,0,0,0,0,0,51,0,0,0
8.063965,0,1055,94980,47,0,0,0,0,0,0,51,0,0,0
8.065876,0,999,106249,47,0,0,0,0,0,0,52,0,0,0
8.067691,0,1112,96997,47,0,0,0,0,0,0,52,0,0,0
8.069408,0,1039,96644,47,0,0,0,0,0,0,52,0,0,0
8.071108,0,879,95374,48,0,0,0,0,0,0,52,0,0,0
8.072871,0,884,103455,47,0,0,0,0,0,0,52,0,0,0
8.074650,0,1047,99180,47,0,0,0,0,0,0,52,0,0,0
8.076477,0,1087,96090,47,0,0,0,0,0,0,52,0,0,0
8.078209,0,1093,97272,47,0,0,0,0,0,0,51,0,0,0
8.079918,0,1098,94558,47,0,0,0,0,0,0,52,0,0,0
8.081610,0,1058,100047,47,0,0,0,0,0,0,51,0,0,0
8.083364,0,1085,95977,47,0,0,0,0,0,0,52,0,0,0
8.085089,0,888,97501,47,0,0,0,0,0,0,52,0,0,0
8.088146,0,937,92665,47,0,0,0,0,0,0,51,0,0,0
8.089846,0,1100,108383,47,0,0,0,0,0,0,52,0,0,0
8.091628,0,1112,95455,47,0,0,0,0,0,0,52,0,0,0
8.093333,0,1112,95451,47,0,0,0,0,0,0,51,0,0,0
8.095039,0,1109,94272,47,0,0,0,0,0,0,52,0,0,0
8.096733,0,1076,94204,47,0,0,0,0,0,0,52,0,0,0
8.098497,0,1114,99226,47,0,0,0,0,0,0,52,0,0,0
8.100454,0,972,191975,47,0,0,0,0,0,0,52,0,0,0
8.102707,0,1090,111779,47,0,0,0,0,0,0,52,0,0,0
8.104442,0,1100,95805,47,0,0,0,0,0,0,51,0,0,0
8.106259,0,945,100439,47,0,0,0,0,0,0,51,0,0,0
8.108024,0,1049,104965,47,0,0,0,0,0,0,51,0,0,0
8.109777,0,1115,95548,47,0,0,0,0,0,0,52,0,0,0
8.111564,0,1141,95891,47,0,0,0,0,0,0,52,0,0,0
8.113281,0,1110,114379,47,0,0,0,0,0,0,52,0,0,0
8.115154,0,949,163224,47,0,0,0,0,0,0,51,0,0,0
8.117538,0,945,100741,47,0,0,0,0,0,0,51,0,0,0
8.119364,0,954,132426,47,0,0,0,0,0,0,52,0,0,0
8.121427,0,997,114135,47,0,0,0,0,0,0,51,0,0,0
8.123340,0,751,92345,47,0,0,0,0,0,0,51,0,0,0
8.124940,0,1029,84344,47,0,0,0,0,0,0,52,0,0,0
8.126815,0,960,116405,47,0,0,0,0,0,0,52,0,0,0
8.128547,0,1114,96800,47,0,0,0,0,0,0,52,0,0,0
8.130517,0,1002,161138,47,0,0,0,0,0,0,51,0,0,0
8.132804,0,1048,123801,48,0,0,0,0,0,0,52,0,0,0
8.134548,0,893,115535,47,0,0,0,0,0,0,52,0,0,0
8.136408,0,1060,101500,47,0,0,0,0,0,0,52,0,0,0
8.138263,0,933,169702,47,0,0,0,0,0,0,52,0,0,0
8.140518,0,929,102500,47,0,0,0,0,0,0,52,0,0,0
8.142186,0,902,90251,48,0,0,0,0,0,0,51,0,0,0
8.143853,0,1059,92979,47,0,0,0,0,0,0,51,0,0,0
8.145527,0,1019,91229,47,0,0,0,0,0,0,52,0,0,0
8.147348,0,1107,95946,47,0,0,0,0,0,0,52,0,0,0
8.148994,0,1118,90367,47,0,0,0,0,0,0,52,0,0,0
8.150734,0,996,120678,47,0,0,0,0,0,0,51,0,0,0
8.152415,0,1056,90374,47,0,0,0,0,0,0,52,0,0,0
8.154019,0,1109,99298,47,0,0,0,0,0,0,52,0,0,0
8.155811,0,877,95133,47,0,0,0,0,0,0,52,0,0,0
8.157541,0,967,103337,48,0,0,0,0,0,0,52,0,0,0
8.159291,0,922,96561,47,0,0,0,0,0,0,52,0,0,0
8.161333,0,1097,125181,47,0,0,0,0,0,0,52,0,0,0
8.163094,0,1109,111299,47,0,0,0,0,0,0,52,0,0,0
8.165040,0,1116,99387,47,0,0,0,0,0,0,52,0,0,0
8.166809,0,1079,100880,47,0,0,0,0,0,0,52,0,0,0
8.168522,0,1112,94406,48,0,0,0,0,0,0,51,0,0,0
8.170283,0,1140,94451,47,0,0,0,0,0,0,52,0,0,0
8.171978,0,1062,94832,47,0,0,0,0,0,0,52,0,0,0
8.173779,0,1109,93655,47,0,0,0,0,0,0,52,0,0,0
8.175680,0,895,113263,47,0,0,0,0,0,0,52,0,0,0
8.177564,0,961,104819,48,0,0,0,0,0,0,52,0,0,0
8.179327,0,1093,97726,47,0,0,0,0,0,0,52,0,0,0
8.181029,0,1110,94577,47,0,0,0,0,0,0,52,0,0,0
8.182722,0,1088,104044,47,0,0,0,0,0,0,52,0,0,0
8.184491,0,1100,96111,47,0,0,0,0,0,0,52,0,0,0
8.186569,0,898,134593,47,0,0,0,0,0,0,51,0,0,0
8.188571,0,1115,97109,47,0,0,0,0,0,0,52,0,0,0
8.190278,0,1109,95085,47,0,0,0,0,0,0,52,0,0,0
8.192350,0,1113,103773,47,0,0,0,0,0,0,52,0,0,0
8.194188,0,1081,95886,47,0,0,0,0,0,0,52,0,0,0
8.195898,0,989,96130,47,0,0,0,0,0,0,52,0,0,0
8.197607,0,1104,95902,48,0,0,0,0,0,0,52,0,0,0
8.199382,0,994,111963,47,0,0,0,0,0,0,51,0,0,0
8.201257,0,882,98430,47,0,0,0,0,0,0,52,0,0,0
8.202996,0,1098,98957,47,0,0,0,0,0,0,51,0,0,0
8.204881,0,913,183304,47,0,0,0,0,0,0,52,0,0,0
8.207190,0,1103,95534,47,0,0,0,0,0,0,52,0,0,0
8.208891,0,1062,94999,47,0,0,0,0,0,0,51,0,0,0
8.210689,0,1089,99548,47,0,0,0,0,0,0,52,0,0,0
8.212549,0,898,97197,47,0,0,0,0,0,0,52,0,0,0
8.214277,0,938,112781,47,0,0,0,0,0,0,51,0,0,0
8.216186,0,1042,94471,47,0,0,0,0,0,0,52,0,0,0
8.217882,0,992,107873,47,0,0,0,0,0,0,52,0,0,0
8.219806,0,988,101456,47,0,0,0,0,0,0,52,0,0,0
8.221572,0,1047,95537,47,0,0,0,0,0,0,51,0,0,0
8.223243,0,1128,95881,47,0,0,0,0,0,0,51,0,0,0
8.225043,0,984,90102,47,0,0,0,0,0,0,52,0,0,0
8.226711,0,1045,96645,47,0,0,0,0,0,0,52,0,0,0
8.228432,0,1104,97088,47,0,0,0,0,0,0,52,0,0,0
8.230169,0,1061,103620,47,0,0,0,0,0,0,52,0,0,0
8.231961,0,1114,97305,47,0,0,0,0,0,0,52,0,0,0
8.233652,0,1113,97908,47,0,0,0,0,0,0,52,0,0,0
8.235415,0,1057,92813,47,0,0,0,0,0,0,52,0,0,0
8.237104,0,1114,98938,47,0,0,0,0,0,0,52,0,0,0
8.238845,0,1110,98772,47,0,0,0,0,0,0,52,0,0,0
8.241762,0,936,119595,47,0,0,0,0,0,0,52,0,0,0
8.243715,0,1107,103752,47,0,0,0,0,0,0,52,0,0,0
8.245445,0,1096,98608,47,0,0,0,0,0,0,52,0,0,0
8.247109,0,914,96429,47,0,0,0,0,0,0,52,0,0,0
8.248776,0,1031,96805,47,0,0,0,0,0,0,52,0,0,0
8.250479,0,1046,135147,47,0,0,0,0,0,0,52,0,0,0
8.252536,0,1052,100738,47,0,0,0,0,0,0,51,0,0,0
8.254285,0,894,98050,47,0,0,0,0,0,0,52,0,0,0
8.256006,0,1036,101456,47,0,0,0,0,0,0,51,0,0,0
8.258156,0,1109,95757,47,0,0,0,0,0,0,51,0,0,0
8.259890,0,929,154841,47,0,0,0,0,0,0,51,0,0,0
8.261978,0,983,99411,47,0,0,0,0,0,0,52,0,0,0
8.263705,0,886,106261,47,0,0,0,0,0,0,52,0,0,0
8.265525,0,1107,97253,47,0,0,0,0,0,0,52,0,0,0
8.267493,0,1161,101096,47,0,0,0,0,0,0,52,0,0,0
8.269231,0,925,95506,47,0,0,0,0,0,0,52,0,0,0
8.271089,0,1039,136283,47,0,0,0,0,0,0,51,0,0,0
8.273048,0,1111,98505,47,0,0,0,0,0,0,52,0,0,0
8.274717,0,1027,95112,47,0,0,0,0,0,0,51,0,0,0
8.276491,0,1060,110240,47,0,0,0,0,0,0,51,0,0,0
8.278180,0,1109,99303,47,0,0,0,0,0,0,52,0,0,0
8.280079,0,1012,106859,47,0,0,0,0,0,0,51,0,0,0
8.281830,0,880,309961,47,0,0,0,0,0,0,52,0,0,0
8.284940,0,1027,104673,47,0,0,0,0,0,0,52,0,0,0
8.286748,0,1101,95888,47,0,0,0,0,0,0,52,0,0,0
8.288477,0,1003,134884,47,0,0,0,0,0,0,52,0,0,0
8.291340,0,873,117002,48,0,0,0,0,0,0,52,0,0,0
8.293273,0,1115,100273,47,0,0,0,0,0,0,52,0,0,0
8.295049,0,1050,96842,47,0,0,0,0,0,0,52,0,0,0
8.296799,0,1113,99984,47,0,0,0,0,0,0,52,0,0,0
8.298568,0,1023,94952,47,0,0,0,0,0,0,52,0,0,0
8.300400,0,1112,116499,47,0,0,0,0,0,0,52,0,0,0
8.302118,0,1104,98145,47,0,0,0,0,0,0,52,0,0,0
8.303836,0,1043,96880,48,0,0,0,0,0,0,52,0,0,0
8.305551,0,895,130659,47,0,0,0,0,0,0,52,0,0,0
8.307508,0,1111,99913,47,0,0,0,0,0,0,52,0,0,0
8.309258,0,1112,99001,47,0,0,0,0,0,0,52,0,0,0
8.310967,0,1110,94868,47,0,0,0,0,0,0,52,0,0,0
8.312686,0,1063,102749,47,0,0,0,0,0,0,51,0,0,0
8.314429,0,952,104280,47,0,0,0,0,0,0,51,0,0,0
8.316381,0,1117,124240,47,0,0,0,0,0,0,52,0,0,0
8.318152,0,1046,102694,47,0,0,0,0,0,0,52,0,0,0
8.319961,0,1042,98081,47,0,0,0,0,0,0,52,0,0,0
8.321700,0,1075,97944,47,0,0,0,0,0,0,52,0,0,0
8.323409,0,1122,101384,47,0,0,0,0,0,0,52,0,0,0
8.325277,0,1110,97684,47,0,0,0,0,0,0,52,0,0,0
8.326982,0,1097,95414,47,0,0,0,0,0,0,52,0,0,0
8.328857,0,1110,99473,47,0,0,0,0,0,0,51,0,0,0
8.330707,0,1110,96294,47,0,0,0,0,0,0,52,0,0,0
8.332431,0,1095,96459,47,0,0,0,0,0,0,52,0,0,0
8.334156,0,1106,95775,47,0,0,0,0,0,0,51,0,0,0
8.337050,0,1046,110135,47,0,0,0,0,0,0,52,0,0,0
8.338985,0,981,107422,47,0,0,0,0,0,0,51,0,0,0
8.340818,0,897,110750,48,0,0,0,0,0,0,52,0,0,0
8.342512,0,1000,97407,47,0,0,0,0,0,0,52,0,0,0
8.344266,0,1039,109503,47,0,0,0,0,0,0,52,0,0,0
8.345918,0,986,113312,47,0,0,0,0,0,0,51,0,0,0
8.347720,0,959,91498,47,0,0,0,0,0,0,52,0,0,0
8.349386,0,1112,90173,47,0,0,0,0,0,0,51,0,0,0
8.351044,0,1114,90418,47,0,0,0,0,0,0,52,0,0,0
8.352834,0,1121,92413,47,0,0,0,0,0,0,51,0,0,0
8.354497,0,968,124025,48,0,0,0,0,0,0,52,0,0,0
8.356455,0,906,114555,47,0,0,0,0,0,0,52,0,0,0
8.358239,0,1033,97609,47,0,0,0,0,0,0,51,0,0,0
8.359962,0,807,92299,47,0,0,0,0,0,0,51,0,0,0
8.361534,0,705,77408,47,0,0,0,0,0,0,52,0,0,0
8.363050,0,704,71949,47,0,0,0,0,0,0,52,0,0,0
8.364566,0,745,73069,47,0,0,0,0,0,0,52,0,0,0
8.366164,0,825,80342,47,0,0,0,0,0,0,52,0,0,0
8.367741,0,700,99632,47,0,0,0,0,0,0,52,0,0,0
8.371497,0,1067,398989,47,0,0,0,0,0,0,51,0,0,0
8.373232,0,1057,96255,47,0,0,0,0,0,0,52,0,0,0
8.374899,0,1037,97287,48,0,0,0,0,0,0,51,0,0,0
8.376634,0,1093,95673,47,0,0,0,0,0,0,52,0,0,0
8.378330,0,1107,95893,47,0,0,0,0,0,0,52,0,0,0
8.380041,0,1022,94911,47,0,0,0,0,0,0,52,0,0,0
8.381773,0,1042,94228,47,0,0,0,0,0,0,51,0,0,0
8.383501,0,1001,97763,47,0,0,0,0,0,0,52,0,0,0
8.385686,0,1109,95657,47,0,0,0,0,0,0,52,0,0,0
8.387393,0,1111,95678,47,0,0,0,0,0,0,52,0,0,0
8.389097,0,1106,95283,48,0,0,0,0,0,0,52,0,0,0
8.390814,0,1114,96615,47,0,0,0,0,0,0,52,0,0,0
8.392579,0,1048,99817,47,0,0,0,0,0,0,52,0,0,0
8.394503,0,948,101992,47,0,0,0,0,0,0,52,0,0,0
8.396464,0,1046,123959,47,0,0,0,0,0,0,52,0,0,0
8.398169,0,1090,95898,47,0,0,0,0,0,0,51,0,0,0
8.399863,0,877,105799,47,0,0,0,0,0,0,52,0,0,0
8.401770,0,1096,110083,47,0,0,0,0,0,0,52,0,0,0
8.403567,0,1079,94389,48,0,0,0,0,0,0,52,0,0,0
8.405274,0,1114,95832,47,0,0,0,0,0,0,52,0,0,0
8.406984,0,1118,95197,48,0,0,0,0,0,0,52,0,0,0
8.409061,0,1088,95286,47,0,0,0,0,0,0,52,0,0,0
8.410770,0,1121,103376,47,0,0,0,0,0,0,52,0,0,0
8.412542,0,1047,172836,47,0,0,0,0,0,0,51,0,0,0
8.414739,0,1094,96732,47,0,0,0,0,0,0,52,0,0,0
8.416681,0,1172,118968,47,0,0,0,0,0,0,52,0,0,0
8.418563,0,894,97487,47,0,0,0,0,0,0,51,0,0,0
8.420429,0,1081,121449,47,0,0,0,0,0,0,52,0,0,0
8.422152,0,962,98065,47,0,0,0,0,0,0,52,0,0,0
8.423865,0,1111,95975,47,0,0,0,0,0,0,51,0,0,0
8.425610,0,926,110203,47,0,0,0,0,0,0,52,0,0,0
8.427463,0,1008,96079,47,0,0,0,0,0,0,52,0,0,0
8.429236,0,681,94645,47,0,0,0,0,0,0,51,0,0,0
8.430921,0,615,103805,47,0,0,0,0,0,0,51,0,0,0
8.432638,0,658,70325,47,0,0,0,0,0,0,52,0,0,0
8.434147,0,793,67713,47,0,0,0,0,0,0,52,0,0,0
8.435627,0,632,77901,47,0,0,0,0,0,0,51,0,0,0
8.437200,0,790,75594,47,0,0,0,0,0,0,51,0,0,0
8.438661,0,696,80639,47,0,0,0,0,0,0,51,0,0,0
8.440240,0,778,66093,47,0,0,0,0,0,0,51,0,0,0
8.441697,0,794,72418,47,0,0,0,0,0,0,52,0,0,0
8.443463,0,699,93721,48,0,0,0,0,0,0,52,0,0,0
8.446006,0,1035,100517,47,0,0,0,0,0,0,52,0,0,0
8.447942,0,899,133632,47,0,0,0,0,0,0,52,0,0,0
8.449950,0,1098,106616,47,0,0,0,0,0,0,52,0,0,0
8.451785,0,1107,97949,47,0,0,0,0,0,0,52,0,0,0
8.453499,0,1114,111924,47,0,0,0,0,0,0,52,0,0,0
8.455288,0,1148,97695,47,0,0,0,0,0,0,52,0,0,0
8.456943,0,1114,93933,47,0,0,0,0,0,0,52,0,0,0
8.458626,0,884,135751,47,0,0,0,0,0,0,52,0,0,0
8.460906,0,1039,122978,47,0,0,0,0,0,0,52,0,0,0
8.463205,0,1099,102745,48,0,0,0,0,0,0,51,0,0,0
8.465429,0,1103,107777,47,0,0,0,0,0,0,52,0,0,0
8.467218,0,1102,101707,47,0,0,0,0,0,0,52,0,0,0
8.468992,0,1107,95216,47,0,0,0,0,0,0,52,0,0,0
8.471076,0,995,107448,47,0,0,0,0,0,0,51,0,0,0
8.472881,0,1101,99473,48,0,0,0,0,0,0,52,0,0,0
8.474616,0,1145,108195,47,0,0,0,0,0,0,51,0,0,0
8.476438,0,1100,151749,47,0,0,0,0,0,0,51,0,0,0
8.478479,0,1049,95992,47,0,0,0,0,0,0,51,0,0,0
8.480297,0,998,108739,47,0,0,0,0,0,0,52,0,0,0
8.482004,0,1088,107421,47,0,0,0,0,0,0,52,0,0,0
8.483885,0,917,101681,47,0,0,0,0,0,0,51,0,0,0
8.485648,0,872,97501,47,0,0,0,0,0,0,52,0,0,0
8.487369,0,1102,98189,47,0,0,0,0,0,0,51,0,0,0
8.489078,0,1110,95702,47,0,0,0,0,0,0,52,0,0,0
8.490808,0,1098,97223,47,0,0,0,0,0,0,51,0,0,0
8.492526,0,1090,95846,47,0,0,0,0,0,0,52,0,0,0
8.494243,0,917,97092,47,0,0,0,0,0,0,51,0,0,0
8.496011,0,878,119375,47,0,0,0,0,0,0,52,0,0,0
8.497896,0,1044,123515,47,0,0,0,0,0,0,52,0,0,0
8.499898,0,947,96504,47,0,0,0,0,0,0,52,0,0,0
8.501620,0,1097,95687,47,0,0,0,0,0,0,51,0,0,0
8.503329,0,1070,95498,47,0,0,0,0,0,0,51,0,0,0
8.505034,0,1123,95577,47,0,0,0,0,0,0,51,0,0,0
8.506805,0,1088,96379,47,0,0,0,0,0,0,52,0,0,0
8.508514,0,1081,111790,48,0,0,0,0,0,0,52,0,0,0
8.510629,0,985,123457,47,0,0,0,0,0,0,52,0,0,0
8.512639,0,1149,95959,47,0,0,0,0,0,0,52,0,0,0
8.514339,0,1108,95961,47,0,0,0,0,0,0,52,0,0,0
8.516121,0,1105,105655,47,0,0,0,0,0,0,52,0,0,0
8.517893,0,1063,152430,47,0,0,0,0,0,0,52,0,0,0
8.519936,0,1012,116813,47,0,0,0,0,0,0,52,0,0,0
8.521955,0,1101,110483,47,0,0,0,0,0,0,52,0,0,0
8.523755,0,1086,95514,48,0,0,0,0,0,0,52,0,0,0
8.525461,0,1118,95640,48,0,0,0,0,0,0,52,0,0,0
8.527187,0,1114,96964,47,0,0,0,0,0,0,52,0,0,0
8.528896,0,1102,95060,47,0,0,0,0,0,0,52,0,0,0
8.530746,0,961,137531,47,0,0,0,0,0,0,52,0,0,0
8.533293,0,1100,104980,48,0,0,0,0,0,0,52,0,0,0
8.535123,0,1113,97045,47,0,0,0,0,0,0,51,0,0,0
8.537062,0,1102,97149,47,0,0,0,0,0,0,52,0,0,0
8.538860,0,925,113258,47,0,0,0,0,0,0,52,0,0,0
8.540751,0,1077,102974,47,0,0,0,0,0,0,52,0,0,0
8.542491,0,1106,99470,47,0,0,0,0,0,0,51,0,0,0
8.544466,0,976,115475,47,0,0,0,0,0,0,51,0,0,0
8.546275,0,1113,103729,47,0,0,0,0,0,0,51,0,0,0
8.548229,0,905,119362,48,0,0,0,0,0,0,51,0,0,0
8.550127,0,1105,95640,47,0,0,0,0,0,0,51,0,0,0
8.551827,0,1052,94966,47,0,0,0,0,0,0,51,0,0,0
8.553527,0,1065,95021,48,0,0,0,0,0,0,52,0,0,0
8.555225,0,1031,95193,47,0,0,0,0,0,0,52,0,0,0
8.556941,0,938,95311,47,0,0,0,0,0,0,52,0,0,0
8.558641,0,1102,100842,47,0,0,0,0,0,0,52,0,0,0
8.560398,0,932,101131,47,0,0,0,0,0,0,52,0,0,0
8.562249,0,956,98279,47,0,0,0,0,0,0,51,0,0,0
8.563948,0,948,91780,47,0,0,0,0,0,0,52,0,0,0
8.565615,0,1096,92743,47,0,0,0,0,0,0,52,0,0,0
8.567286,0,884,100125,47,0,0,0,0,0,0,52,0,0,0
8.569011,0,1129,92546,47,0,0,0,0,0,0,52,0,0,0
8.570886,0,1052,189408,48,0,0,0,0,0,0,51,0,0,0
8.573553,0,964,159701,47,0,0,0,0,0,0,52,0,0,0
8.575594,0,1061,101956,47,0,0,0,0,0,0,52,0,0,0
8.577378,0,1108,94538,48,0,0,0,0,0,0,52,0,0,0
8.579287,0,1115,119666,47,0,0,0,0,0,0,52,0,0,0
8.581597,0,1046,123493,47,0,0,0,0,0,0,52,0,0,0
8.583381,0,918,132378,47,0,0,0,0,0,0,52,0,0,0
8.585371,0,1106,100639,47,0,0,0,0,0,0,52,0,0,0
8.587120,0,1106,100896,48,0,0,0,0,0,0,52,0,0,0
8.588847,0,1117,95632,47,0,0,0,0,0,0,51,0,0,0
8.590577,0,1111,111950,47,0,0,0,0,0,0,52,0,0,0
8.592608,0,1065,106600,47,0,0,0,0,0,0,52,0,0,0
8.594450,0,1095,103491,47,0,0,0,0,0,0,52,0,0,0
8.596325,0,895,116018,47,0,0,0,0,0,0,52,0,0,0
8.598080,0,882,165340,47,0,0,0,0,0,0,52,0,0,0
8.600579,0,1080,109507,47,0,0,0,0,0,0,51,0,0,0
8.602291,0,1072,95192,47,0,0,0,0,0,0,51,0,0,0
8.604005,0,1122,97425,48,0,0,0,0,0,0,52,0,0,0
8.605725,0,1048,96170,47,0,0,0,0,0,0,52,0,0,0
8.607424,0,1092,94825,47,0,0,0,0,0,0,52,0,0,0
8.609124,0,1141,94784,47,0,0,0,0,0,0,52,0,0,0
8.610860,0,988,136779,47,0,0,0,0,0,0,52,0,0,0
8.612847,0,1104,98556,47,0,0,0,0,0,0,52,0,0,0
8.614554,0,883,95598,47,0,0,0,0,0,0,51,0,0,0
8.616485,0,1114,119251,48,0,0,0,0,0,0,52,0,0,0
8.618242,0,1115,103846,47,0,0,0,0,0,0,52,0,0,0
8.620295,0,917,287355,47,0,0,0,0,0,0,52,0,0,0
8.623234,0,938,97977,47,0,0,0,0,0,0,52,0,0,0
8.624957,0,1104,96326,47,0,0,0,0,0,0,52,0,0,0
8.626733,0,956,96782,48,0,0,0,0,0,0,52,0,0,0
8.628457,0,1024,97658,47,0,0,0,0,0,0,51,0,0,0
8.630169,0,937,117851,48,0,0,0,0,0,0,52,0,0,0
8.632136,0,1118,97824,48,0,0,0,0,0,0,51,0,0,0
8.634264,0,1094,135236,47,0,0,0,0,0,0,52,0,0,0
8.635996,0,1058,89445,48,0,0,0,0,0,0,52,0,0,0
8.637660,0,1096,91973,47,0,0,0,0,0,0,52,0,0,0
8.639311,0,1076,118725,47,0,0,0,0,0,0,52,0,0,0
8.641220,0,1001,101570,47,0,0,0,0,0,0,52,0,0,0
8.642896,0,990,97177,47,0,0,0,0,0,0,51,0,0,0
8.644717,0,1093,106285,47,0,0,0,0,0,0,52,0,0,0
8.646827,0,1107,125804,47,0,0,0,0,0,0,51,0,0,0
8.648579,0,1095,98474,47,0,0,0,0,0,0,52,0,0,0
8.650305,0,1105,97054,47,0,0,0,0,0,0,52,0,0,0
8.652309,0,1101,100867,48,0,0,0,0,0,0,52,0,0,0
8.654208,0,1117,96033,47,0,0,0,0,0,0,51,0,0,0
8.655960,0,1105,97702,47,0,0,0,0,0,0,52,0,0,0
8.657667,0,1105,100816,47,0,0,0,0,0,0,52,0,0,0
8.659453,0,887,137194,47,0,0,0,0,0,0,52,0,0,0
8.661423,0,1096,99299,47,0,0,0,0,0,0,52,0,0,0
8.663127,0,1119,95926,47,0,0,0,0,0,0,52,0,0,0
8.665220,0,1112,94935,48,0,0,0,0,0,0,52,0,0,0
8.666958,0,959,124102,48,0,0,0,0,0,0,52,0,0,0
8.668862,0,1027,98675,47,0,0,0,0,0,0,52,0,0,0
8.670587,0,1120,113922,47,0,0,0,0,0,0,52,0,0,0
8.672579,0,1117,100166,48,0,0,0,0,0,0,52,0,0,0
8.674343,0,1114,96699,47,0,0,0,0,0,0,52,0,0,0
8.676137,0,1101,107735,47,0,0,0,0,0,0,52,0,0,0
8.678074,0,965,119485,47,0,0,0,0,0,0,52,0,0,0
8.679877,0,1037,97311,47,0,0,0,0,0,0,52,0,0,0
8.681578,0,1069,94045,47,0,0,0,0,0,0,52,0,0,0
8.683500,0,921,121714,47,0,0,0,0,0,0,52,0,0,0
8.685395,0,1070,95056,47,0,0,0,0,0,0,52,0,0,0
8.687253,0,1088,107778,47,0,0,0,0,0,0,51,0,0,0
8.689136,0,1111,98390,47,0,0,0,0,0,0,51,0,0,0
8.691035,0,963,98955,47,0,0,0,0,0,0,52,0,0,0
8.695388,0,998,342817,47,0,0,0,0,0,0,52,0,0,0
8.697122,0,1112,99304,47,0,0,0,0,0,0,52,0,0,0
8.699387,0,885,108832,47,0,0,0,0,0,0,52,0,0,0
8.701300,0,1034,104132,47,0,0,0,0,0,0,52,0,0,0
8.703023,0,1056,99861,47,0,0,0,0,0,0,52,0,0,0
8.704795,0,1096,97245,47,0,0,0,0,0,0,52,0,0,0
8.706513,0,1111,96245,47,0,0,0,0,0,0,52,0,0,0
8.708401,0,983,126144,47,0,0,0,0,0,0,52,0,0,0
8.710125,0,1095,96238,47,0,0,0,0,0,0,51,0,0,0
8.711845,0,895,95480,47,0,0,0,0,0,0,52,0,0,0
8.713576,0,990,112896,47,0,0,0,0,0,0,52,0,0,0
8.715634,0,1102,95300,47,0,0,0,0,0,0,52,0,0,0
8.718208,0,849,108405,47,0,0,0,0,0,0,52,0,0,0
8.720521,0,982,97998,47,0,0,0,0,0,0,52,0,0,0
8.722361,0,932,111608,47,0,0,0,0,0,0,52,0,0,0
8.724308,0,917,122509,47,0,0,0,0,0,0,52,0,0,0
8.725992,0,1101,107217,47,0,0,0,0,0,0,51,0,0,0
8.728017,0,887,104430,47,0,0,0,0,0,0,52,0,0,0
8.729831,0,696,131040,47,0,0,0,0,0,0,52,0,0,0
8.731685,0,780,75303,47,0,0,0,0,0,0,52,0,0,0
8.733367,0,658,74169,47,0,0,0,0,0,0,52,0,0,0
8.734905,0,647,92847,47,0,0,0,0,0,0,51,0,0,0
8.736679,0,631,75086,47,0,0,0,0,0,0,52,0,0,0
8.738286,0,728,98339,48,0,0,0,0,0,0,52,0,0,0
8.740100,0,924,75112,47,0,0,0,0,0,0,52,0,0,0
8.741835,0,1017,100155,47,0,0,0,0,0,0,52,0,0,0
8.743727,0,1043,121060,47,0,0,0,0,0,0,52,0,0,0
8.745525,0,632,110816,47,0,0,0,0,0,0,52,0,0,0
8.747302,0,800,72179,47,0,0,0,0,0,0,52,0,0,0
8.748886,0,630,73663,45,0,0,0,0,0,0,52,0,0,0
8.750382,0,655,66933,47,0,0,0,0,0,0,52,0,0,0
8.751838,0,714,64568,47,0,0,0,0,0,0,51,0,0,0
8.753365,0,605,65203,47,0,0,0,0,0,0,52,0,0,0
8.754827,0,665,110230,47,0,0,0,0,0,0,52,0,0,0
8.757780,0,1037,73286,47,0,0,0,0,0,0,51,0,0,0
8.759437,0,1042,92341,47,0,0,0,0,0,0,51,0,0,0
8.761402,0,994,120879,47,0,0,0,0,0,0,52,0,0,0
8.763191,0,1098,105751,47,0,0,0,0,0,0,52,0,0,0
8.764947,0,1120,94005,47,0,0,0,0,0,0,52,0,0,0
8.766604,0,1113,102340,47,0,0,0,0,0,0,51,0,0,0
8.768399,0,1124,99980,47,0,0,0,0,0,0,51,0,0,0
8.770000,0,1072,99675,47,0,0,0,0,0,0,52,0,0,0
8.771765,0,1004,97280,47,0,0,0,0,0,0,51,0,0,0
8.773619,0,885,112367,47,0,0,0,0,0,0,51,0,0,0
8.775427,0,1094,95189,47,0,0,0,0,0,0,52,0,0,0
8.777139,0,1113,94323,47,0,0,0,0,0,0,52,0,0,0
8.778832,0,1108,99551,47,0,0,0,0,0,0,52,0,0,0
8.780567,0,1116,96909,47,0,0,0,0,0,0,52,0,0,0
8.782291,0,1114,97656,47,0,0,0,0,0,0,51,0,0,0
8.784004,0,864,95509,47,0,0,0,0,0,0,51,0,0,0
8.785762,0,931,98223,47,0,0,0,0,0,0,52,0,0,0
8.787514,0,1115,99916,47,0,0,0,0,0,0,51,0,0,0
8.789236,0,903,230328,47,0,0,0,0,0,0,52,0,0,0
8.791899,0,872,98923,47,0,0,0,0,0,0,52,0,0,0
8.793610,0,1096,98266,47,0,0,0,0,0,0,52,0,0,0
8.795355,0,1111,98772,47,0,0,0,0,0,0,52,0,0,0
8.797090,0,1112,97019,47,0,0,0,0,0,0,51,0,0,0
8.798816,0,1106,96431,47,0,0,0,0,0,0,52,0,0,0
8.800677,0,1017,108397,47,0,0,0,0,0,0,52,0,0,0
8.802520,0,952,95696,47,0,0,0,0,0,0,51,0,0,0
8.804378,0,1141,119568,47,0,0,0,0,0,0,52,0,0,0
8.806156,0,1091,98869,47,0,0,0,0,0,0,51,0,0,0
8.807890,0,1112,95900,47,0,0,0,0,0,0,52,0,0,0
8.809601,0,1111,94620,47,0,0,0,0,0,0,51,0,0,0
8.811436,0,1102,103823,47,0,0,0,0,0,0,52,0,0,0
8.813213,0,1093,95958,47,0,0,0,0,0,0,51,0,0,0
8.814918,0,1111,107848,47,0,0,0,0,0,0,52,0,0,0
8.816695,0,1071,94537,47,0,0,0,0,0,0,51,0,0,0
8.818481,0,1098,94531,47,0,0,0,0,0,0,52,0,0,0
8.820489,0,1092,124189,48,0,0,0,0,0,0,52,0,0,0
8.822545,0,1267,146651,48,0,0,0,0,0,0,52,0,0,0
8.824475,0,1002,98415,47,0,0,0,0,0,0,52,0,0,0
8.826240,0,1059,94900,48,0,0,0,0,0,0,52,0,0,0
8.827983,0,1017,92218,47,0,0,0,0,0,0,52,0,0,0
8.829637,0,798,80971,47,0,0,0,0,0,0,51,0,0,0
8.831319,0,1108,81958,47,0,0,0,0,0,0,51,0,0,0
8.833014,0,1076,95179,47,0,0,0,0,0,0,52,0,0,0
8.834706,0,872,92048,47,0,0,0,0,0,0,51,0,0,0
8.836381,0,1080,95458,47,0,0,0,0,0,0,52,0,0,0
8.838049,0,1052,91320,47,0,0,0,0,0,0,51,0,0,0
8.839715,0,985,89615,47,0,0,0,0,0,0,52,0,0,0
8.841365,0,1066,90107,47,0,0,0,0,0,0,51,0,0,0
8.843033,0,1102,94264,47,0,0,0,0,0,0,51,0,0,0
8.845002,0,1107,97223,48,0,0,0,0,0,0,52,0,0,0
8.847081,0,877,114288,47,0,0,0,0,0,0,52,0,0,0
8.848908,0,1121,97403,48,0,0,0,0,0,0,52,0,0,0
8.850629,0,936,113753,47,0,0,0,0,0,0,51,0,0,0
8.852453,0,1086,94427,47,0,0,0,0,0,0,51,0,0,0
8.854162,0,1095,102081,47,0,0,0,0,0,0,51,0,0,0
8.856031,0,1017,114763,47,0,0,0,0,0,0,52,0,0,0
8.857949,0,1052,156163,47,0,0,0,0,0,0,51,0,0,0
8.860054,0,1098,589727,47,0,0,0,0,0,0,52,0,0,0
8.865229,0,929,111551,48,0,0,0,0,0,0,51,0,0,0
8.867028,0,870,94710,47,0,0,0,0,0,0,52,0,0,0
8.868700,0,1100,91564,47,0,0,0,0,0,0,51,0,0,0
8.870416,0,1047,90015,47,0,0,0,0,0,0,52,0,0,0
8.872199,0,1036,89632,47,0,0,0,0,0,0,51,0,0,0
8.873856,0,1069,103591,47,0,0,0,0,0,0,51,0,0,0
8.875855,0,904,111765,47,0,0,0,0,0,0,52,0,0,0
8.877733,0,1021,104782,48,0,0,0,0,0,0,52,0,0,0
8.879459,0,1041,98023,47,0,0,0,0,0,0,51,0,0,0
8.881256,0,1117,115640,47,0,0,0,0,0,0,52,0,0,0
8.882916,0,935,89921,47,0,0,0,0,0,0,52,0,0,0
8.884614,0,1093,100113,47,0,0,0,0,0,0,52,0,0,0
8.886294,0,872,95516,47,0,0,0,0,0,0,52,0,0,0
8.887966,0,1104,97669,47,0,0,0,0,0,0,52,0,0,0
8.889623,0,1094,94752,47,0,0,0,0,0,0,52,0,0,0
8.891602,0,1118,97625,48,0,0,0,0,0,0,51,0,0,0
8.893432,0,1423,151987,47,0,0,0,0,0,0,52,0,0,0
8.895527,0,1054,96376,47,0,0,0,0,0,0,52,0,0,0
8.897247,0,1064,95297,47,0,0,0,0,0,0,52,0,0,0
8.899029,0,1092,94708,47,0,0,0,0,0,0,51,0,0,0
8.900728,0,966,94892,47,0,0,0,0,0,0,52,0,0,0
8.902425,0,1088,95269,47,0,0,0,0,0,0,52,0,0,0
8.904249,0,1009,114157,47,0,0,0,0,0,0,51,0,0,0
8.905965,0,1103,107835,47,0,0,0,0,0,0,51,0,0,0
8.907741,0,992,90615,47,0,0,0,0,0,0,52,0,0,0
8.909410,0,862,303162,47,0,0,0,0,0,0,52,0,0,0
8.912449,0,1111,98565,47,0,0,0,0,0,0,52,0,0,0
8.914211,0,1113,100782,47,0,0,0,0,0,0,51,0,0,0
8.915911,0,1006,95903,47,0,0,0,0,0,0,52,0,0,0
8.917617,0,945,124150,47,0,0,0,0,0,0,51,0,0,0
8.919529,0,1109,96505,47,0,0,0,0,0,0,52,0,0,0
8.921402,0,1055,95534,47,0,0,0,0,0,0,52,0,0,0
8.923491,0,1074,114454,47,0,0,0,0,0,0,52,0,0,0
8.925226,0,945,97333,47,0,0,0,0,0,0,52,0,0,0
8.926937,0,1114,102857,47,0,0,0,0,0,0,51,0,0,0
8.928800,0,1022,116169,47,0,0,0,0,0,0,52,0,0,0
8.930713,0,1116,97633,47,0,0,0,0,0,0,52,0,0,0
8.932440,0,1045,96216,47,0,0,0,0,0,0,51,0,0,0
8.934145,0,1038,96293,47,0,0,0,0,0,0,52,0,0,0
8.935860,0,1017,95443,47,0,0,0,0,0,0,52,0,0,0
8.937555,0,868,90409,47,0,0,0,0,0,0,52,0,0,0
8.939130,0,857,80876,47,0,0,0,0,0,0,52,0,0,0
8.940848,0,821,104245,47,0,0,0,0,0,0,52,0,0,0
8.942458,0,891,89570,47,0,0,0,0,0,0,52,0,0,0
8.944310,0,749,117129,47,0,0,0,0,0,0,52,0,0,0
8.945964,0,885,90396,47,0,0,0,0,0,0,51,0,0,0
8.947609,0,785,93243,47,0,0,0,0,0,0,52,0,0,0
8.949341,0,779,80094,47,0,0,0,0,0,0,51,0,0,0
8.951037,0,763,108831,47,0,0,0,0,0,0,52,0,0,0
8.952917,0,811,143097,47,0,0,0,0,0,0,51,0,0,0
8.954896,0,822,90375,47,0,0,0,0,0,0,51,0,0,0
8.956542,0,792,79922,47,0,0,0,0,0,0,52,0,0,0
8.958171,0,848,85051,47,0,0,0,0,0,0,52,0,0,0
8.959798,0,886,80433,47,0,0,0,0,0,0,51,0,0,0
8.961393,0,824,79618,47,0,0,0,0,0,0,52,0,0,0
8.963044,0,889,82216,47,0,0,0,0,0,0,52,0,0,0
8.964760,0,1069,423913,47,0,0,0,0,0,0,51,0,0,0
8.968535,0,956,98423,47,0,0,0,0,0,0,52,0,0,0
8.970363,0,1049,100220,47,0,0,0,0,0,0,52,0,0,0
8.972205,0,988,100154,47,0,0,0,0,0,0,52,0,0,0
8.973975,0,949,103062,47,0,0,0,0,0,0,52,0,0,0
8.975725,0,1069,109894,48,0,0,0,0,0,0,52,0,0,0
8.977492,0,1022,95688,47,0,0,0,0,0,0,52,0,0,0
8.979171,0,1031,91709,47,0,0,0,0,0,0,52,0,0,0
8.980871,0,1087,93430,47,0,0,0,0,0,0,52,0,0,0
8.982526,0,915,92600,47,0,0,0,0,0,0,52,0,0,0
8.984421,0,1043,131400,47,0,0,0,0,0,0,51,0,0,0
8.986204,0,1116,96585,48,0,0,0,0,0,0,51,0,0,0
8.987950,0,928,108708,47,0,0,0,0,0,0,52,0,0,0
8.989743,0,1112,98471,47,0,0,0,0,0,0,52,0,0,0
8.991646,0,1124,110526,47,0,0,0,0,0,0,52,0,0,0
8.993449,0,933,99372,47,0,0,0,0,0,0,52,0,0,0
8.995186,0,1113,94492,47,0,0,0,0,0,0,52,0,0,0
8.997053,0,879,146769,47,0,0,0,0,0,0,52,0,0,0
8.999238,0,1111,95623,47,0,0,0,0,0,0,52,0,0,0
9.001061,0,1110,112624,48,0,0,0,0,0,0,52,0,0,0
9.002811,0,1120,117079,47,0,0,0,0,0,0,51,0,0,0
9.004738,0,888,127981,47,0,0,0,0,0,0,51,0,0,0
9.006585,0,871,107153,47,0,0,0,0,0,0,51,0,0,0
9.008446,0,1121,109741,47,0,0,0,0,0,0,52,0,0,0
9.010425,0,923,96151,47,0,0,0,0,0,0,51,0,0,0
9.012211,0,1099,105836,47,0,0,0,0,0,0,52,0,0,0
9.013922,0,1146,95909,47,0,0,0,0,0,0,52,0,0,0
9.015660,0,1097,94559,47,0,0,0,0,0,0,52,0,0,0
9.017356,0,1151,94389,47,0,0,0,0,0,0,51,0,0,0
9.019209,0,1108,94727,47,0,0,0,0,0,0,52,0,0,0
9.020938,0,1040,96458,47,0,0,0,0,0,0,52,0,0,0
9.022640,0,1001,105666,47,0,0,0,0,0,0,51,0,0,0
9.024443,0,985,101399,47,0,0,0,0,0,0,51,0,0,0
9.026252,0,1107,97118,47,0,0,0,0,0,0,51,0,0,0
9.027964,0,1032,91476,47,0,0,0,0,0,0,52,0,0,0
9.029664,0,923,102114,47,0,0,0,0,0,0,51,0,0,0
9.031608,0,1102,97333,47,0,0,0,0,0,0,52,0,0,0
9.033388,0,1111,102741,48,0,0,0,0,0,0,52,0,0,0
9.035158,0,1081,95641,47,0,0,0,0,0,0,52,0,0,0
9.039073,0,1058,444701,47,0,0,0,0,0,0,52,0,0,0
9.040807,0,1091,98624,47,0,0,0,0,0,0,52,0,0,0
9.042579,0,992,128906,47,0,0,0,0,0,0,52,0,0,0
9.044529,0,909,101093,47,0,0,0,0,0,0,52,0,0,0
9.046215,0,932,102457,47,0,0,0,0,0,0,51,0,0,0
9.047941,0,1084,95720,48,0,0,0,0,0,0,52,0,0,0
9.049620,0,1115,104207,47,0,0,0,0,0,0,52,0,0,0
9.051344,0,1106,92035,47,0,0,0,0,0,0,52,0,0,0
9.053028,0,1055,92754,47,0,0,0,0,0,0,52,0,0,0
9.054682,0,1037,90632,47,0,0,0,0,0,0,52,0,0,0
9.056337,0,1029,91654,47,0,0,0,0,0,0,52,0,0,0
9.058026,0,916,108238,47,0,0,0,0,0,0,52,0,0,0
9.060149,0,938,94678,47,0,0,0,0,0,0,52,0,0,0
9.062085,0,1148,130270,48,0,0,0,0,0,0,52,0,0,0
9.063804,0,1051,95877,47,0,0,0,0,0,0,52,0,0,0
9.065531,0,1093,98015,47,0,0,0,0,0,0,52,0,0,0
9.067244,0,1100,95632,47,0,0,0,0,0,0,51,0,0,0
9.068951,0,886,126985,47,0,0,0,0,0,0,52,0,0,0
9.070887,0,1029,111233,47,0,0,0,0,0,0,52,0,0,0
9.072692,0,885,106171,47,0,0,0,0,0,0,52,0,0,0
9.074535,0,1144,97290,47,0,0,0,0,0,0,52,0,0,0
9.076570,0,1112,118889,47,0,0,0,0,0,0,52,0,0,0
9.078401,0,1053,95513,47,0,0,0,0,0,0,52,0,0,0
9.080178,0,1167,106322,47,0,0,0,0,0,0,52,0,0,0
9.081951,0,1107,108640,47,0,0,0,0,0,0,52,0,0,0
9.083730,0,917,133498,47,0,0,0,0,0,0,52,0,0,0
9.085681,0,887,112864,47,0,0,0,0,0,0,51,0,0,0
9.087494,0,1100,94735,47,0,0,0,0,0,0,52,0,0,0
9.089401,0,1101,105033,47,0,0,0,0,0,0,52,0,0,0
9.091194,0,1148,96228,47,0,0,0,0,0,0,51,0,0,0
9.092931,0,1114,95885,47,0,0,0,0,0,0,52,0,0,0
9.094641,0,930,96471,47,0,0,0,0,0,0,52,0,0,0
9.096476,0,1003,95094,47,0,0,0,0,0,0,52,0,0,0
9.098262,0,1096,98192,47,0,0,0,0,0,0,51,0,0,0
9.100051,0,987,234385,47,0,0,0,0,0,0,52,0,0,0
9.102636,0,1103,117290,47,0,0,0,0,0,0,51,0,0,0
9.104512,0,999,98163,47,0,0,0,0,0,0,52,0,0,0
9.106277,0,934,97098,47,0,0,0,0,0,0,52,0,0,0
9.108284,0,942,96183,47,0,0,0,0,0,0,51,0,0,0
9.109991,0,1049,95447,47,0,0,0,0,0,0,52,0,0,0
9.111691,0,1004,96499,47,0,0,0,0,0,0,52,0,0,0
9.113402,0,1036,107981,47,0,0,0,0,0,0,51,0,0,0
9.115275,0,1048,91094,47,0,0,0,0,0,0,52,0,0,0
9.116937,0,896,92674,47,0,0,0,0,0,0,51,0,0,0
9.118594,0,975,91651,47,0,0,0,0,0,0,52,0,0,0
9.120397,0,1100,227091,47,0,0,0,0,0,0,52,0,0,0
9.123969,0,955,277917,47,0,0,0,0,0,0,51,0,0,0
9.125719,0,1112,95964,47,0,0,0,0,0,0,51,0,0,0
9.127384,0,1122,96792,47,0,0,0,0,0,0,51,0,0,0
9.129082,0,956,99408,47,0,0,0,0,0,0,52,0,0,0
9.130776,0,983,107039,47,0,0,0,0,0,0,52,0,0,0
9.132590,0,1101,99414,47,0,0,0,0,0,0,51,0,0,0
9.134299,0,1105,95868,47,0,0,0,0,0,0,52,0,0,0
9.136238,0,1108,97385,47,0,0,0,0,0,0,52,0,0,0
9.137965,0,1053,108882,47,0,0,0,0,0,0,52,0,0,0
9.139742,0,1111,96475,48,0,0,0,0,0,0,52,0,0,0
9.141452,0,1119,94756,47,0,0,0,0,0,0,51,0,0,0
9.143152,0,878,95171,47,0,0,0,0,0,0,52,0,0,0
9.144922,0,1022,96278,47,0,0,0,0,0,0,52,0,0,0
9.146859,0,971,101237,47,0,0,0,0,0,0,52,0,0,0
9.148613,0,1103,99814,47,0,0,0,0,0,0,52,0,0,0
9.150331,0,1077,97708,47,0,0,0,0,0,0,52,0,0,0
9.152326,0,1025,95513,47,0,0,0,0,0,0,51,0,0,0
9.154041,0,1006,107964,47,0,0,0,0,0,0,52,0,0,0
9.155865,0,901,130830,47,0,0,0,0,0,0,52,0,0,0
9.157872,0,1020,102294,47,0,0,0,0,0,0,51,0,0,0
9.159674,0,1050,109910,47,0,0,0,0,0,0,52,0,0,0
9.161478,0,1092,98245,48,0,0,0,0,0,0,52,0,0,0
9.163804,0,1094,113882,47,0,0,0,0,0,0,52,0,0,0
9.165650,0,1141,95762,47,0,0,0,0,0,0,52,0,0,0
9.167359,0,985,95285,47,0,0,0,0,0,0,52,0,0,0
9.169083,0,1098,95268,47,0,0,0,0,0,0,51,0,0,0
9.170850,0,1041,106063,47,0,0,0,0,0,0,52,0,0,0
9.172646,0,981,155555,47,0,0,0,0,0,0,51,0,0,0
9.174760,0,1045,95046,47,0,0,0,0,0,0,52,0,0,0
9.176928,0,860,126235,47,0,0,0,0,0,0,52,0,0,0
9.178820,0,890,127572,47,0,0,0,0,0,0,52,0,0,0
9.180844,0,1245,100064,47,0,0,0,0,0,0,51,0,0,0
9.182540,0,954,94502,47,0,0,0,0,0,0,51,0,0,0
9.184615,0,870,134205,47,0,0,0,0,0,0,52,0,0,0
9.186468,0,918,97611,48,0,0,0,0,0,0,52,0,0,0
9.188268,0,1045,101276,47,0,0,0,0,0,0,51,0,0,0
9.189961,0,1037,94367,47,0,0,0,0,0,0,52,0,0,0
9.191620,0,1012,89371,47,0,0,0,0,0,0,52,0,0,0
9.193292,0,1099,92147,47,0,0,0,0,0,0,51,0,0,0
9.195059,0,1082,129417,47,0,0,0,0,0,0,51,0,0,0
9.196971,0,1109,97415,47,0,0,0,0,0,0,52,0,0,0
9.198829,0,1055,127798,48,0,0,0,0,0,0,52,0,0,0
9.200615,0,995,117138,47,0,0,0,0,0,0,52,0,0,0
9.202374,0,1057,99392,47,0,0,0,0,0,0,51,0,0,0
9.204193,0,1098,108558,47,0,0,0,0,0,0,51,0,0,0
9.205902,0,953,94582,47,0,0,0,0,0,0,51,0,0,0
9.207601,0,1091,95778,47,0,0,0,0,0,0,52,0,0,0
9.209511,0,867,183496,48,0,0,0,0,0,0,52,0,0,0
9.211891,0,1001,101839,48,0,0,0,0,0,0,52,0,0,0
9.213809,0,1052,96982,47,0,0,0,0,0,0,52,0,0,0
9.215524,0,1059,98096,47,0,0,0,0,0,0,52,0,0,0
9.217276,0,1114,98583,47,0,0,0,0,0,0,52,0,0,0
9.219655,0,1110,208594,47,0,0,0,0,0,0,52,0,0,0
9.222897,0,1115,100819,47,0,0,0,0,0,0,52,0,0,0
9.224635,0,942,94169,47,0,0,0,0,0,0,52,0,0,0
9.226602,0,1113,104729,47,0,0,0,0,0,0,52,0,0,0
9.228386,0,1115,98680,47,0,0,0,0,0,0,52,0,0,0
9.230047,0,1114,95580,47,0,0,0,0,0,0,52,0,0,0
9.231728,0,1096,98411,47,0,0,0,0,0,0,51,0,0,0
9.233398,0,1116,96780,47,0,0,0,0,0,0,51,0,0,0
9.235152,0,1059,95313,47,0,0,0,0,0,0,52,0,0,0
9.237074,0,1088,98629,47,0,0,0,0,0,0,52,0,0,0
9.239211,0,1015,104372,47,0,0,0,0,0,0,52,0,0,0
9.241174,0,1103,136603,47,0,0,0,0,0,0,52,0,0,0
9.243381,0,921,124473,47,0,0,0,0,0,0,52,0,0,0
9.245337,0,983,100570,47,0,0,0,0,0,0,52,0,0,0
9.247163,0,1105,104909,47,0,0,0,0,0,0,52,0,0,0
9.248894,0,1106,97536,47,0,0,0,0,0,0,52,0,0,0
9.250544,0,1032,90944,47,0,0,0,0,0,0,51,0,0,0
9.252284,0,1052,109271,47,0,0,0,0,0,0,52,0,0,0
9.253912,0,1031,91696,47,0,0,0,0,0,0,51,0,0,0
9.255609,0,1086,93112,47,0,0,0,0,0,0,52,0,0,0
9.257268,0,1106,90482,47,0,0,0,0,0,0,52,0,0,0
9.258917,0,1097,95137,47,0,0,0,0,0,0,52,0,0,0
9.260658,0,914,124846,47,0,0,0,0,0,0,51,0,0,0
9.262560,0,1044,96500,47,0,0,0,0,0,0,52,0,0,0
9.264360,0,1121,108702,47,0,0,0,0,0,0,52,0,0,0
9.266609,0,1107,102755,47,0,0,0,0,0,0,52,0,0,0
9.268334,0,1107,95579,47,0,0,0,0,0,0,52,0,0,0
9.269999,0,1095,95517,47,0,0,0,0,0,0,52,0,0,0
9.271658,0,1104,95159,47,0,0,0,0,0,0,52,0,0,0
9.273748,0,1109,96212,47,0,0,0,0,0,0,52,0,0,0
9.275438,0,1112,95975,48,0,0,0,0,0,0,51,0,0,0
9.277173,0,1120,96813,47,0,0,0,0,0,0,51,0,0,0
9.278898,0,1067,98388,47,0,0,0,0,0,0,51,0,0,0
9.280604,0,743,95696,47,0,0,0,0,0,0,52,0,0,0
9.282257,0,757,86577,47,0,0,0,0,0,0,52,0,0,0
9.283887,0,1110,82387,47,0,0,0,0,0,0,51,0,0,0
9.286155,0,1018,97419,47,0,0,0,0,0,0,52,0,0,0
9.288318,0,945,110379,48,0,0,0,0,0,0,51,0,0,0
9.290549,0,1077,187783,47,0,0,0,0,0,0,52,0,0,0
9.292516,0,962,108895,47,0,0,0,0,0,0,52,0,0,0
9.294245,0,1085,109493,48,0,0,0,0,0,0,51,0,0,0
9.295984,0,1065,98381,47,0,0,0,0,0,0,52,0,0,0
9.297918,0,1004,107188,47,0,0,0,0,0,0,52,0,0,0
9.299903,0,878,103413,47,0,0,0,0,0,0,52,0,0,0
9.301571,0,878,85924,47,0,0,0,0,0,0,52,0,0,0
9.303217,0,816,82168,47,0,0,0,0,0,0,52,0,0,0
9.304823,0,1099,84599,47,0,0,0,0,0,0,52,0,0,0
9.306599,0,1108,115073,47,0,0,0,0,0,0,52,0,0,0
9.308442,0,1109,98190,47,0,0,0,0,0,0,52,0,0,0
9.310159,0,1070,96222,47,0,0,0,0,0,0,52,0,0,0
9.311872,0,871,95878,47,0,0,0,0,0,0,51,0,0,0
9.313796,0,881,147080,47,0,0,0,0,0,0,52,0,0,0
9.315861,0,997,106842,47,0,0,0,0,0,0,52,0,0,0
9.317638,0,1036,127012,47,0,0,0,0,0,0,52,0,0,0
9.319583,0,1008,102416,47,0,0,0,0,0,0,52,0,0,0
9.321341,0,864,95227,47,0,0,0,0,0,0,51,0,0,0
9.323005,0,1026,96827,47,0,0,0,0,0,0,51,0,0,0
9.324685,0,1006,97484,47,0,0,0,0,0,0,51,0,0,0
9.326338,0,1040,94801,47,0,0,0,0,0,0,52,0,0,0
9.328059,0,1150,94859,47,0,0,0,0,0,0,52,0,0,0
9.329768,0,1108,110477,47,0,0,0,0,0,0,52,0,0,0
9.331623,0,905,93628,47,0,0,0,0,0,0,52,0,0,0
9.333347,0,1109,98262,47,0,0,0,0,0,0,52,0,0,0
9.335006,0,1092,90163,47,0,0,0,0,0,0,51,0,0,0
9.336660,0,1015,90707,47,0,0,0,0,0,0,51,0,0,0
9.338362,0,884,101324,48,0,0,0,0,0,0,52,0,0,0
9.340496,0,866,117196,47,0,0,0,0,0,0,52,0,0,0
9.342257,0,916,130141,47,0,0,0,0,0,0,52,0,0,0
9.344241,0,1109,107843,47,0,0,0,0,0,0,52,0,0,0
9.345966,0,1051,107954,47,0,0,0,0,0,0,51,0,0,0
9.347749,0,1102,98293,47,0,0,0,0,0,0,51,0,0,0
9.349478,0,1108,96901,47,0,0,0,0,0,0,51,0,0,0
9.351182,0,1054,95049,47,0,0,0,0,0,0,51,0,0,0
9.352926,0,901,99888,47,0,0,0,0,0,0,52,0,0,0
9.354858,0,1116,97202,48,0,0,0,0,0,0,52,0,0,0
9.356560,0,977,125005,47,0,0,0,0,0,0,52,0,0,0
9.358498,0,983,152673,47,0,0,0,0,0,0,52,0,0,0
9.360633,0,893,126561,47,0,0,0,0,0,0,52,0,0,0
9.364168,0,910,117083,47,0,0,0,0,0,0,51,0,0,0
9.366082,0,986,98803,47,0,0,0,0,0,0,52,0,0,0
9.367839,0,1098,102131,47,0,0,0,0,0,0,52,0,0,0
9.369608,0,1106,96193,47,0,0,0,0,0,0,52,0,0,0
9.371323,0,1114,95709,47,0,0,0,0,0,0,52,0,0,0
9.373040,0,1095,97029,47,0,0,0,0,0,0,52,0,0,0
9.374743,0,1123,95317,48,0,0,0,0,0,0,52,0,0,0
9.376477,0,1033,95350,47,0,0,0,0,0,0,51,0,0,0
9.378246,0,1112,94312,47,0,0,0,0,0,0,52,0,0,0
9.379953,0,1091,96241,47,0,0,0,0,0,0,52,0,0,0
9.382111,0,912,114326,47,0,0,0,0,0,0,52,0,0,0
9.384101,0,914,113321,47,0,0,0,0,0,0,52,0,0,0
9.386009,0,1134,109889,47,0,0,0,0,0,0,52,0,0,0
9.387843,0,913,122607,48,0,0,0,0,0,0,52,0,0,0
9.389739,0,1101,104441,47,0,0,0,0,0,0,52,0,0,0
9.391769,0,895,104815,47,0,0,0,0,0,0,52,0,0,0
9.393522,0,1048,99091,48,0,0,0,0,0,0,52,0,0,0
9.395202,0,962,96553,47,0,0,0,0,0,0,52,0,0,0
9.396860,0,1094,95453,47,0,0,0,0,0,0,52,0,0,0
9.398562,0,965,95464,47,0,0,0,0,0,0,52,0,0,0
9.400400,0,1009,123153,47,0,0,0,0,0,0,51,0,0,0
9.402310,0,1000,104066,47,0,0,0,0,0,0,51,0,0,0
9.404185,0,702,101356,47,0,0,0,0,0,0,51,0,0,0
9.405802,0,811,76496,47,0,0,0,0,0,0,51,0,0,0
9.407330,0,848,74526,47,0,0,0,0,0,0,51,0,0,0
9.408880,0,821,76103,47,0,0,0,0,0,0,52,0,0,0
9.410463,0,827,78545,47,0,0,0,0,0,0,52,0,0,0
9.412109,0,903,78961,47,0,0,0,0,0,0,52,0,0,0
9.413688,0,821,89421,47,0,0,0,0,0,0,52,0,0,0
9.415340,0,715,91950,47,0,0,0,0,0,0,52,0,0,0
9.416998,0,835,78619,47,0,0,0,0,0,0,52,0,0,0
9.418563,0,829,109977,47,0,0,0,0,0,0,52,0,0,0
9.421056,0,833,96040,47,0,0,0,0,0,0,52,0,0,0
9.422759,0,778,96511,47,0,0,0,0,0,0,51,0,0,0
9.424433,0,966,79315,47,0,0,0,0,0,0,52,0,0,0
9.426005,0,801,88368,47,0,0,0,0,0,0,52,0,0,0
9.427633,0,892,79379,47,0,0,0,0,0,0,51,0,0,0
9.429210,0,1084,83126,47,0,0,0,0,0,0,52,0,0,0
9.430925,0,941,105764,47,0,0,0,0,0,0,52,0,0,0
9.432747,0,892,99483,47,0,0,0,0,0,0,51,0,0,0
9.434503,0,930,97348,47,0,0,0,0,0,0,51,0,0,0
9.436371,0,1047,108748,47,0,0,0,0,0,0,52,0,0,0
9.438116,0,1101,99267,47,0,0,0,0,0,0,52,0,0,0
9.439827,0,1117,97321,47,0,0,0,0,0,0,52,0,0,0
9.441549,0,947,112070,47,0,0,0,0,0,0,52,0,0,0
9.443405,0,1049,101975,47,0,0,0,0,0,0,52,0,0,0
9.445228,0,1055,99271,47,0,0,0,0,0,0,52,0,0,0
9.446975,0,1066,100374,48,0,0,0,0,0,0,52,0,0,0
9.448682,0,1091,95065,47,0,0,0,0,0,0,52,0,0,0
9.450420,0,935,101315,48,0,0,0,0,0,0,52,0,0,0
9.452433,0,928,121659,47,0,0,0,0,0,0,51,0,0,0
9.454147,0,1113,96850,47,0,0,0,0,0,0,52,0,0,0
9.455856,0,895,94466,47,0,0,0,0,0,0,52,0,0,0
9.457568,0,894,97134,47,0,0,0,0,0,0,51,0,0,0
9.459497,0,920,95025,47,0,0,0,0,0,0,52,0,0,0
9.462032,0,873,111441,47,0,0,0,0,0,0,52,0,0,0
9.464132,0,946,100978,47,0,0,0,0,0,0,52,0,0,0
9.465876,0,977,106244,47,0,0,0,0,0,0,52,0,0,0
9.467669,0,890,97452,47,0,0,0,0,0,0,52,0,0,0
9.469393,0,1084,99800,47,0,0,0,0,0,0,51,0,0,0
9.471299,0,1044,100312,47,0,0,0,0,0,0,51,0,0,0
9.473037,0,954,96104,47,0,0,0,0,0,0,52,0,0,0
9.474760,0,1033,104123,47,0,0,0,0,0,0,51,0,0,0
9.476511,0,1090,92476,47,0,0,0,0,0,0,52,0,0,0
9.479589,0,841,118528,47,0,0,0,0,0,0,52,0,0,0
9.481477,0,934,105425,47,0,0,0,0,0,0,52,0,0,0
9.483228,0,1105,98959,47,0,0,0,0,0,0,52,0,0,0
9.484973,0,1101,109552,47,0,0,0,0,0,0,52,0,0,0
9.486658,0,1122,115093,47,0,0,0,0,0,0,52,0,0,0
9.488440,0,1061,90739,47,0,0,0,0,0,0,51,0,0,0
9.490046,0,1106,105500,47,0,0,0,0,0,0,52,0,0,0
9.492087,0,1059,100044,47,0,0,0,0,0,0,52,0,0,0
9.493855,0,985,98515,47,0,0,0,0,0,0,51,0,0,0
9.495600,0,901,100087,47,0,0,0,0,0,0,52,0,0,0
9.497312,0,956,124978,47,0,0,0,0,0,0,52,0,0,0
9.499153,0,1103,95154,48,0,0,0,0,0,0,52,0,0,0
9.500807,0,949,100153,47,0,0,0,0,0,0,51,0,0,0
9.502508,0,1111,95600,47,0,0,0,0,0,0,52,0,0,0
9.504360,0,1116,125794,47,0,0,0,0,0,0,51,0,0,0
9.506222,0,1094,100276,47,0,0,0,0,0,0,51,0,0,0
9.508002,0,1112,104637,47,0,0,0,0,0,0,51,0,0,0
9.509771,0,1116,95404,47,0,0,0,0,0,0,52,0,0,0
9.511473,0,1091,94636,48,0,0,0,0,0,0,52,0,0,0
9.513178,0,1094,95996,47,0,0,0,0,0,0,52,0,0,0
9.514899,0,1025,123009,47,0,0,0,0,0,0,52,0,0,0
9.516932,0,1110,95339,47,0,0,0,0,0,0,52,0,0,0
9.518692,0,1094,98506,47,0,0,0,0,0,0,52,0,0,0
9.520471,0,1118,107214,47,0,0,0,0,0,0,52,0,0,0
9.522794,0,931,112544,47,0,0,0,0,0,0,51,0,0,0
9.524595,0,990,124685,47,0,0,0,0,0,0,52,0,0,0
9.526647,0,1090,123519,47,0,0,0,0,0,0,52,0,0,0
9.528381,0,1044,95839,47,0,0,0,0,0,0,51,0,0,0
9.530155,0,1092,95796,47,0,0,0,0,0,0,52,0,0,0
9.532099,0,1107,95365,47,0,0,0,0,0,0,52,0,0,0
9.533814,0,1115,98391,47,0,0,0,0,0,0,51,0,0,0
9.535529,0,1141,104275,47,0,0,0,0,0,0,52,0,0,0
9.537283,0,1109,94770,47,0,0,0,0,0,0,52,0,0,0
9.539061,0,998,100864,47,0,0,0,0,0,0,52,0,0,0
9.541169,0,1113,93772,47,0,0,0,0,0,0,52,0,0,0
9.542866,0,934,379513,47,0,0,0,0,0,0,51,0,0,0
9.546426,0,1099,96153,47,0,0,0,0,0,0,51,0,0,0
9.548238,0,980,147510,47,0,0,0,0,0,0,52,0,0,0
9.550233,0,959,97427,48,0,0,0,0,0,0,51,0,0,0
9.551923,0,1121,95412,48,0,0,0,0,0,0,51,0,0,0
9.553600,0,986,97854,48,0,0,0,0,0,0,52,0,0,0
9.555317,0,1114,92612,47,0,0,0,0,0,0,52,0,0,0
9.557172,0,1093,98869,47,0,0,0,0,0,0,52,0,0,0
9.559178,0,1086,102057,47,0,0,0,0,0,0,51,0,0,0
9.560917,0,1092,89695,47,0,0,0,0,0,0,52,0,0,0
9.562673,0,1112,116347,47,0,0,0,0,0,0,52,0,0,0
9.564559,0,1108,103259,47,0,0,0,0,0,0,51,0,0,0
9.566442,0,1115,124340,47,0,0,0,0,0,0,52,0,0,0
9.568500,0,1098,157049,47,0,0,0,0,0,0,51,0,0,0
9.570231,0,875,122043,47,0,0,0,0,0,0,52,0,0,0
9.572457,0,880,110825,47,0,0,0,0,0,0,52,0,0,0
9.574204,0,1089,97885,48,0,0,0,0,0,0,52,0,0,0
9.575933,0,1129,97748,47,0,0,0,0,0,0,51,0,0,0
9.577665,0,1076,97167,47,0,0,0,0,0,0,52,0,0,0
9.579370,0,937,141697,47,0,0,0,0,0,0,51,0,0,0
9.581383,0,1114,97805,48,0,0,0,0,0,0,52,0,0,0
9.583124,0,937,95933,47,0,0,0,0,0,0,52,0,0,0
9.584840,0,1042,97054,47,0,0,0,0,0,0,52,0,0,0
9.586610,0,1115,114993,47,0,0,0,0,0,0,51,0,0,0
9.588487,0,1066,107395,47,0,0,0,0,0,0,52,0,0,0
9.590271,0,1112,97426,47,0,0,0,0,0,0,52,0,0,0
9.592334,0,1105,98394,47,0,0,0,0,0,0,52,0,0,0
9.594058,0,1110,97583,47,0,0,0,0,0,0,52,0,0,0
9.595833,0,1050,97308,47,0,0,0,0,0,0,52,0,0,0
9.597558,0,1107,96223,47,0,0,0,0,0,0,52,0,0,0
9.599279,0,888,100110,47,0,0,0,0,0,0,52,0,0,0
9.601015,0,1001,102545,47,0,0,0,0,0,0,51,0,0,0
9.602844,0,1002,97726,47,0,0,0,0,0,0,52,0,0,0
9.604574,0,1109,96193,48,0,0,0,0,0,0,52,0,0,0
9.606281,0,893,108654,47,0,0,0,0,0,0,52,0,0,0
9.608661,0,1082,101103,47,0,0,0,0,0,0,51,0,0,0
9.610476,0,1026,95799,47,0,0,0,0,0,0,52,0,0,0
9.612257,0,1097,111356,47,0,0,0,0,0,0,52,0,0,0
9.613915,0,1006,95221,47,0,0,0,0,0,0,52,0,0,0
9.615612,0,1171,95328,47,0,0,0,0,0,0,52,0,0,0
9.617338,0,885,110703,47,0,0,0,0,0,0,52,0,0,0
9.619215,0,1044,97668,47,0,0,0,0,0,0,51,0,0,0
9.621016,0,855,96457,47,0,0,0,0,0,0,52,0,0,0
9.622702,0,1091,93098,47,0,0,0,0,0,0,52,0,0,0
9.624385,0,1056,91762,47,0,0,0,0,0,0,52,0,0,0
9.626161,0,1112,96866,47,0,0,0,0,0,0,52,0,0,0
9.627877,0,1151,95783,47,0,0,0,0,0,0,52,0,0,0
9.629584,0,1026,111904,47,0,0,0,0,0,0,52,0,0,0
9.631602,0,1095,98129,47,0,0,0,0,0,0,51,0,0,0
9.633564,0,1111,98147,47,0,0,0,0,0,0,52,0,0,0
9.635398,0,876,108172,47,0,0,0,0,0,0,52,0,0,0
9.637258,0,1100,100854,48,0,0,0,0,0,0,52,0,0,0
9.639009,0,984,96096,47,0,0,0,0,0,0,52,0,0,0
9.641347,0,927,113509,47,0,0,0,0,0,0,52,0,0,0
9.643315,0,1104,114074,47,0,0,0,0,0,0,52,0,0,0
9.644996,0,1092,95508,47,0,0,0,0,0,0,52,0,0,0
9.646657,0,1108,96495,47,0,0,0,0,0,0,51,0,0,0
9.648773,0,1108,101398,47,0,0,0,0,0,0,52,0,0,0
9.650529,0,1126,96153,47,0,0,0,0,0,0,52,0,0,0
9.652405,0,927,131684,47,0,0,0,0,0,0,52,0,0,0
9.654175,0,1150,96390,47,0,0,0,0,0,0,52,0,0,0
9.656071,0,1108,95139,47,0,0,0,0,0,0,52,0,0,0
9.657773,0,999,106198,47,0,0,0,0,0,0,52,0,0,0
9.659597,0,1122,112224,47,0,0,0,0,0,0,52,0,0,0
9.661465,0,928,112324,47,0,0,0,0,0,0,52,0,0,0
9.663595,0,875,152782,47,0,0,0,0,0,0,52,0,0,0
9.665705,0,919,111718,47,0,0,0,0,0,0,52,0,0,0
9.667510,0,1097,97364,47,0,0,0,0,0,0,51,0,0,0
9.669232,0,1105,96800,48,0,0,0,0,0,0,52,0,0,0
9.670976,0,1102,98570,47,0,0,0,0,0,0,52,0,0,0
9.672721,0,1096,98008,47,0,0,0,0,0,0,52,0,0,0
9.674470,0,873,102084,47,0,0,0,0,0,0,52,0,0,0
9.676358,0,1085,123325,47,0,0,0,0,0,0,52,0,0,0
9.678105,0,1103,99342,47,0,0,0,0,0,0,52,0,0,0
9.679815,0,1068,95516,47,0,0,0,0,0,0,52,0,0,0
9.681551,0,1109,95647,47,0,0,0,0,0,0,51,0,0,0
9.683259,0,994,94635,47,0,0,0,0,0,0,52,0,0,0
9.685014,0,1050,172591,47,0,0,0,0,0,0,52,0,0,0
9.687250,0,937,98703,47,0,0,0,0,0,0,52,0,0,0
9.689010,0,1028,106690,47,0,0,0,0,0,0,51,0,0,0
9.690750,0,1059,97762,47,0,0,0,0,0,0,51,0,0,0
9.692503,0,1073,96508,47,0,0,0,0,0,0,51,0,0,0
9.694222,0,1094,96032,47,0,0,0,0,0,0,52,0,0,0
9.695952,0,1108,102661,47,0,0,0,0,0,0,52,0,0,0
9.697711,0,1031,95161,47,0,0,0,0,0,0,52,0,0,0
9.699375,0,960,104530,47,0,0,0,0,0,0,52,0,0,0
9.701091,0,917,90382,47,0,0,0,0,0,0,52,0,0,0
9.702777,0,1121,99261,48,0,0,0,0,0,0,52,0,0,0
9.704619,0,983,146660,47,0,0,0,0,0,0,52,0,0,0
9.707937,0,1112,301902,48,0,0,0,0,0,0,51,0,0,0
9.709683,0,1097,95703,47,0,0,0,0,0,0,52,0,0,0
9.711354,0,1104,96775,47,0,0,0,0,0,0,51,0,0,0
9.713050,0,1096,95337,48,0,0,0,0,0,0,51,0,0,0
9.714744,0,1112,96721,47,0,0,0,0,0,0,52,0,0,0
9.716457,0,1093,94015,47,0,0,0,0,0,0,52,0,0,0
9.718148,0,1114,93908,48,0,0,0,0,0,0,52,0,0,0
9.720222,0,1105,98700,47,0,0,0,0,0,0,52,0,0,0
9.722219,0,1101,93785,48,0,0,0,0,0,0,52,0,0,0
9.723957,0,1098,95952,47,0,0,0,0,0,0,52,0,0,0
9.725666,0,888,95193,48,0,0,0,0,0,0,52,0,0,0
9.727430,0,941,96918,47,0,0,0,0,0,0,52,0,0,0
9.729178,0,1081,100444,47,0,0,0,0,0,0,52,0,0,0
9.730959,0,1109,95083,47,0,0,0,0,0,0,51,0,0,0
9.732670,0,1105,96542,47,0,0,0,0,0,0,52,0,0,0
9.734388,0,1109,95381,47,0,0,0,0,0,0,52,0,0,0
9.736210,0,1118,95269,47,0,0,0,0,0,0,51,0,0,0
9.738165,0,974,101107,47,0,0,0,0,0,0,51,0,0,0
9.739921,0,988,97834,47,0,0,0,0,0,0,52,0,0,0
9.741668,0,880,267419,47,0,0,0,0,0,0,51,0,0,0
9.744475,0,1108,96841,47,0,0,0,0,0,0,52,0,0,0
9.746293,0,926,107596,47,0,0,0,0,0,0,52,0,0,0
9.748265,0,989,124506,47,0,0,0,0,0,0,52,0,0,0
9.749966,0,1096,98176,47,0,0,0,0,0,0,52,0,0,0
9.751629,0,1116,97703,47,0,0,0,0,0,0,51,0,0,0
9.753301,0,938,100589,47,0,0,0,0,0,0,52,0,0,0
9.755115,0,1094,98960,47,0,0,0,0,0,0,51,0,0,0
9.756842,0,1107,133449,47,0,0,0,0,0,0,51,0,0,0
9.759012,0,1127,95767,47,0,0,0,0,0,0,52,0,0,0
9.760936,0,1048,103635,47,0,0,0,0,0,0,52,0,0,0
9.762669,0,1116,101541,47,0,0,0,0,0,0,51,0,0,0
9.764417,0,1111,100327,47,0,0,0,0,0,0,52,0,0,0
9.766107,0,1149,97240,48,0,0,0,0,0,0,51,0,0,0
9.767764,0,1088,94794,47,0,0,0,0,0,0,52,0,0,0
9.769415,0,1279,93940,47,0,0,0,0,0,0,52,0,0,0
9.771212,0,898,79224,47,0,0,0,0,0,0,52,0,0,0
9.772716,0,1102,78635,47,0,0,0,0,0,0,52,0,0,0
9.774394,0,1132,92683,47,0,0,0,0,0,0,52,0,0,0
9.776102,0,1027,91564,47,0,0,0,0,0,0,51,0,0,0
9.777769,0,982,89785,47,0,0,0,0,0,0,52,0,0,0
9.779429,0,911,123326,47,0,0,0,0,0,0,52,0,0,0
9.781417,0,1011,112896,47,0,0,0,0,0,0,51,0,0,0
9.783132,0,1082,104076,47,0,0,0,0,0,0,52,0,0,0
9.785165,0,1040,96091,47,0,0,0,0,0,0,52,0,0,0
9.786884,0,907,96871,48,0,0,0,0,0,0,52,0,0,0
9.788680,0,897,96446,47,0,0,0,0,0,0,52,0,0,0
9.790633,0,985,137865,47,0,0,0,0,0,0,52,0,0,0
9.792601,0,1060,97156,47,0,0,0,0,0,0,52,0,0,0
9.794511,0,1095,126667,47,0,0,0,0,0,0,52,0,0,0
9.796639,0,1093,112940,47,0,0,0,0,0,0,52,0,0,0
9.798363,0,986,197600,47,0,0,0,0,0,0,52,0,0,0
9.800835,0,1126,97122,47,0,0,0,0,0,0,52,0,0,0
9.802732,0,1003,105958,47,0,0,0,0,0,0,52,0,0,0
9.804590,0,1109,107088,47,0,0,0,0,0,0,52,0,0,0
9.806284,0,1138,95845,47,0,0,0,0,0,0,52,0,0,0
9.807955,0,1112,95369,47,0,0,0,0,0,0,52,0,0,0
9.809619,0,1113,96170,47,0,0,0,0,0,0,51,0,0,0
9.811662,0,1010,103597,47,0,0,0,0,0,0,52,0,0,0
9.813649,0,1087,109988,47,0,0,0,0,0,0,52,0,0,0
9.815829,0,891,108406,47,0,0,0,0,0,0,52,0,0,0
9.817623,0,1044,95310,47,0,0,0,0,0,0,52,0,0,0
9.819338,0,1139,95410,47,0,0,0,0,0,0,52,0,0,0
9.821042,0,1144,95340,47,0,0,0,0,0,0,51,0,0,0
9.822762,0,1098,111640,47,0,0,0,0,0,0,51,0,0,0
9.824846,0,1105,99143,47,0,0,0,0,0,0,52,0,0,0
9.826576,0,1013,104780,47,0,0,0,0,0,0,52,0,0,0
9.828337,0,1045,98140,47,0,0,0,0,0,0,52,0,0,0
9.830114,0,1143,102987,47,0,0,0,0,0,0,52,0,0,0
9.831908,0,1094,99748,47,0,0,0,0,0,0,51,0,0,0
9.833732,0,1088,96968,47,0,0,0,0,0,0,52,0,0,0
9.835439,0,1002,96869,47,0,0,0,0,0,0,52,0,0,0
9.837155,0,1098,95603,47,0,0,0,0,0,0,52,0,0,0
9.838880,0,1146,112888,47,0,0,0,0,0,0,52,0,0,0
9.840755,0,897,107951,47,0,0,0,0,0,0,52,0,0,0
9.842562,0,1111,97274,47,0,0,0,0,0,0,51,0,0,0
9.844369,0,1028,109693,47,0,0,0,0,0,0,52,0,0,0
9.846065,0,1095,94650,47,0,0,0,0,0,0,52,0,0,0
9.847803,0,1015,107465,47,0,0,0,0,0,0,51,0,0,0
9.849603,0,907,96511,47,0,0,0,0,0,0,52,0,0,0
9.851421,0,1093,91603,47,0,0,0,0,0,0,52,0,0,0
9.853088,0,1057,92563,47,0,0,0,0,0,0,52,0,0,0
9.854751,0,1062,90381,47,0,0,0,0,0,0,51,0,0,0
9.856398,0,1101,90292,47,0,0,0,0,0,0,52,0,0,0
9.859203,0,883,96859,47,0,0,0,0,0,0,52,0,0,0
9.860928,0,1088,102779,47,0,0,0,0,0,0,52,0,0,0
9.862678,0,894,97493,47,0,0,0,0,0,0,51,0,0,0
9.864401,0,982,102977,47,0,0,0,0,0,0,51,0,0,0
9.866203,0,1024,98999,47,0,0,0,0,0,0,52,0,0,0
9.867933,0,929,113122,47,0,0,0,0,0,0,52,0,0,0
9.869747,0,1111,97481,47,0,0,0,0,0,0,52,0,0,0
9.871444,0,1147,132340,48,0,0,0,0,0,0,51,0,0,0
9.873339,0,1112,102186,47,0,0,0,0,0,0,51,0,0,0
9.875223,0,1048,135204,48,0,0,0,0,0,0,52,0,0,0
9.877779,0,947,109637,47,0,0,0,0,0,0,52,0,0,0
9.881027,0,899,122275,47,0,0,0,0,0,0,52,0,0,0
9.882900,0,975,98336,47,0,0,0,0,0,0,52,0,0,0
9.884613,0,1010,99778,47,0,0,0,0,0,0,52,0,0,0
9.886246,0,1101,91860,47,0,0,0,0,0,0,52,0,0,0
9.887919,0,754,86130,47,0,0,0,0,0,0,51,0,0,0
9.889349,0,795,66439,47,0,0,0,0,0,0,52,0,0,0
9.890777,0,791,76324,47,0,0,0,0,0,0,51,0,0,0
9.892402,0,637,90011,47,0,0,0,0,0,0,52,0,0,0
9.894181,0,782,84207,47,0,0,0,0,0,0,52,0,0,0
9.895882,0,749,65558,47,0,0,0,0,0,0,52,0,0,0
9.897341,0,788,65421,47,0,0,0,0,0,0,51,0,0,0
9.898869,0,656,65467,47,0,0,0,0,0,0,51,0,0,0
9.900517,0,877,122466,47,0,0,0,0,0,0,51,0,0,0
9.902622,0,1055,126343,47,0,0,0,0,0,0,52,0,0,0
9.904459,0,1044,99307,47,0,0,0,0,0,0,52,0,0,0
9.906259,0,1069,103329,47,0,0,0,0,0,0,52,0,0,0
9.908003,0,1106,108770,47,0,0,0,0,0,0,52,0,0,0
9.909814,0,1122,94035,47,0,0,0,0,0,0,51,0,0,0
9.913106,0,924,104574,48,0,0,0,0,0,0,52,0,0,0
9.915102,0,872,98168,47,0,0,0,0,0,0,52,0,0,0
9.916835,0,931,97195,47,0,0,0,0,0,0,52,0,0,0
9.918532,0,1040,94937,47,0,0,0,0,0,0,52,0,0,0
9.920365,0,1046,114021,48,0,0,0,0,0,0,52,0,0,0
9.922162,0,989,93785,48,0,0,0,0,0,0,52,0,0,0
9.923812,0,982,89612,47,0,0,0,0,0,0,51,0,0,0
9.925484,0,1099,95385,47,0,0,0,0,0,0,51,0,0,0
9.927182,0,999,119288,47,0,0,0,0,0,0,52,0,0,0
9.929024,0,933,91789,47,0,0,0,0,0,0,52,0,0,0
9.930770,0,1105,139484,47,0,0,0,0,0,0,52,0,0,0
9.932789,0,1098,97143,47,0,0,0,0,0,0,52,0,0,0
9.934474,0,1103,94545,47,0,0,0,0,0,0,51,0,0,0
9.936251,0,1103,114748,47,0,0,0,0,0,0,51,0,0,0
9.937910,0,975,105511,47,0,0,0,0,0,0,51,0,0,0
9.939674,0,1108,95105,47,0,0,0,0,0,0,52,0,0,0
9.941817,0,1007,100598,47,0,0,0,0,0,0,52,0,0,0
9.943555,0,1116,96231,47,0,0,0,0,0,0,52,0,0,0
9.945306,0,1099,95552,47,0,0,0,0,0,0,52,0,0,0
9.947080,0,1113,93615,47,0,0,0,0,0,0,52,0,0,0
9.948781,0,1108,95823,47,0,0,0,0,0,0,52,0,0,0
9.950503,0,884,109625,47,0,0,0,0,0,0,52,0,0,0
9.952450,0,1108,119878,47,0,0,0,0,0,0,52,0,0,0
9.954227,0,883,94877,47,0,0,0,0,0,0,52,0,0,0
9.955929,0,1094,95077,47,0,0,0,0,0,0,51,0,0,0
9.957641,0,1093,95770,47,0,0,0,0,0,0,52,0,0,0
9.959519,0,1073,151313,48,0,0,0,0,0,0,52,0,0,0
9.962235,0,1026,139756,47,0,0,0,0,0,0,51,0,0,0
9.964406,0,1112,122179,48,0,0,0,0,0,0,51,0,0,0
9.966105,0,860,95040,47,0,0,0,0,0,0,52,0,0,0
9.967960,0,876,135581,47,0,0,0,0,0,0,51,0,0,0
9.969973,0,1016,115076,47,0,0,0,0,0,0,52,0,0,0
9.971987,0,1113,97207,47,0,0,0,0,0,0,52,0,0,0
9.974119,0,890,125267,47,0,0,0,0,0,0,52,0,0,0
9.976294,0,923,102064,47,0,0,0,0,0,0,52,0,0,0
9.978072,0,925,106409,47,0,0,0,0,0,0,52,0,0,0
9.979792,0,1104,101241,47,0,0,0,0,0,0,52,0,0,0
9.981563,0,1113,96244,47,0,0,0,0,0,0,52,0,0,0
9.983537,0,1096,110056,47,0,0,0,0,0,0,52,0,0,0
9.985320,0,867,102784,47,0,0,0,0,0,0,52,0,0,0
9.987249,0,956,118220,48,0,0,0,0,0,0,52,0,0,0
9.989097,0,1140,91921,48,0,0,0,0,0,0,51,0,0,0
9.990748,0,957,100512,47,0,0,0,0,0,0,52,0,0,0
9.992462,0,1869,88399,47,0,0,0,0,0,0,52,0,0,0
9.994169,0,1085,89450,47,0,0,0,0,0,0,52,0,0,0
9.996314,0,1112,90568,47,0,0,0,0,0,0,52,0,0,0
9.997982,0,960,90727,47,0,0,0,0,0,0,52,0,0,0
9.999651,0,1091,93435,47,0,0,0,0,0,0,51,0,0,0
