elapsed_s,HLSQ_FS_SP_CCTX_NUM,HLSQ_BV_SP_CCTX_NUM,HLSQ_VS_SP_SCTX_NUM,HLSQ_FS_SP_SCTX_NUM,HLSQ_BV_SP_SCTX_NUM
0.001145,0,0,0,0,0
0.002756,0,0,0,0,0
0.004349,0,0,0,0,0
0.006137,0,0,0,0,0
0.007753,0,0,0,0,0
0.009261,0,0,0,0,0
0.010791,0,0,0,0,0
0.012294,0,0,0,0,0
0.013917,0,0,0,0,0
0.015423,0,0,0,0,0
0.016944,0,0,0,0,0
0.018549,0,0,0,0,0
0.020067,0,0,0,0,0
0.021586,0,0,0,0,0
0.023033,0,0,0,0,0
0.024476,0,0,0,0,0
0.025918,0,0,0,0,0
0.027360,0,0,0,0,0
0.028830,0,0,0,0,0
0.030322,0,0,0,0,0
0.031824,0,0,0,0,0
0.033306,0,0,0,0,0
0.034787,0,0,0,0,0
0.036269,0,0,0,0,0
0.037658,0,0,0,0,0
0.039149,0,0,0,0,0
0.040628,0,0,0,0,0
0.042108,0,0,0,0,0
0.043604,0,0,0,0,0
0.045109,0,0,0,0,0
0.046624,0,0,0,0,0
0.048107,0,0,0,0,0
0.049593,0,0,0,0,0
0.051074,0,0,0,0,0
0.052578,0,0,0,0,0
0.054058,0,0,0,0,0
0.055539,0,0,0,0,0
0.057020,0,0,0,0,0
0.058540,0,0,0,0,0
0.060039,0,0,0,0,0
0.061529,0,0,0,0,0
0.063059,0,0,0,0,0
0.064559,0,0,0,0,0
0.066066,0,0,0,0,0
0.067521,0,0,0,0,0
0.068998,0,0,0,0,0
0.070563,0,0,0,0,0
0.072051,0,0,0,0,0
0.073698,0,0,0,0,0
0.075236,0,0,0,0,0
0.076735,0,0,0,0,0
0.078208,0,0,0,0,0
0.079682,0,0,0,0,0
0.081179,0,0,0,0,0
0.082663,0,0,0,0,0
0.084134,0,0,0,0,0
0.085803,0,0,0,0,0
0.087389,0,0,0,0,0
0.089014,0,0,0,0,0
0.091086,0,0,0,0,0
0.092897,0,0,0,0,0
0.094443,0,0,0,0,0
0.095891,0,0,0,0,0
0.097331,0,0,0,0,0
0.098758,0,0,0,0,0
0.100194,0,0,0,0,0
0.101698,0,0,0,0,0
0.103136,0,0,0,0,0
0.104569,0,0,0,0,0
0.106004,0,0,0,0,0
0.107439,0,0,0,0,0
0.108926,0,0,0,0,0
0.110369,0,0,0,0,0
0.111927,0,0,0,0,0
0.113485,0,0,0,0,0
0.115199,0,0,0,0,0
0.117320,0,0,0,0,0
0.118797,0,0,0,0,0
0.120068,0,0,0,0,0
0.121636,0,0,0,0,0
0.123122,0,0,0,0,0
0.124664,0,0,0,0,0
0.126170,0,0,0,0,0
0.127651,0,0,0,0,0
0.129124,0,0,0,0,0
0.130697,0,0,0,0,0
0.132166,0,0,0,0,0
0.134167,0,0,0,0,0
0.135640,0,0,0,0,0
0.137113,0,0,0,0,0
0.138655,0,0,0,0,0
0.140127,0,0,0,0,0
0.141675,0,0,0,0,0
0.145123,0,0,0,0,0
0.146937,0,0,0,0,0
0.148633,0,0,0,0,0
0.150162,0,0,0,0,0
0.151587,0,0,0,0,0
0.153005,0,0,0,0,0
0.154558,0,0,0,0,0
0.156024,0,0,0,0,0
0.157781,0,0,0,0,0
0.159258,0,0,0,0,0
0.160718,0,0,0,0,0
0.162180,0,0,0,0,0
0.163644,0,0,0,0,0
0.165108,0,0,0,0,0
0.166754,0,0,0,0,0
0.168219,0,0,0,0,0
0.169687,0,0,0,0,0
0.171155,0,0,0,0,0
0.172674,0,0,0,0,0
0.174143,0,0,0,0,0
0.175612,0,0,0,0,0
0.177100,0,0,0,0,0
0.178675,0,0,0,0,0
0.180151,0,0,0,0,0
0.181679,0,0,0,0,0
0.183156,0,0,0,0,0
0.184634,0,0,0,0,0
0.186116,0,0,0,0,0
0.187759,0,0,0,0,0
0.189587,0,0,0,0,0
0.191314,0,0,0,0,0
0.192990,0,0,0,0,0
0.194785,0,0,0,0,0
0.196457,0,0,0,0,0
0.198218,0,0,0,0,0
0.199893,0,0,0,0,0
0.201610,0,0,0,0,0
0.203331,0,0,0,0,0
0.205112,0,0,0,0,0
0.206832,0,0,0,0,0
0.208385,0,0,0,0,0
0.210067,0,0,0,0,0
0.211786,0,0,0,0,0
0.213509,0,0,0,0,0
0.215230,0,0,0,0,0
0.216949,0,0,0,0,0
0.218602,0,0,0,0,0
0.220265,0,0,0,0,0
0.221855,0,0,0,0,0
0.223533,0,0,0,0,0
0.225249,0,0,0,0,0
0.226974,0,0,0,0,0
0.228774,0,0,0,0,0
0.230496,0,0,0,0,0
0.232219,0,0,0,0,0
0.233984,0,0,0,0,0
0.235689,0,0,0,0,0
0.237533,0,0,0,0,0
0.239110,0,0,0,0,0
0.240596,0,0,0,0,0
0.242370,0,0,0,0,0
0.244117,0,0,0,0,0
0.245655,0,0,0,0,0
0.247332,0,0,0,0,0
0.249048,0,0,0,0,0
0.250718,0,0,0,0,0
0.252397,0,0,0,0,0
0.253854,0,0,0,0,0
0.255341,0,0,0,0,0
0.257011,0,0,0,0,0
0.258677,0,0,0,0,0
0.260354,0,0,0,0,0
0.261976,0,0,0,0,0
0.263655,0,0,0,0,0
0.265374,0,0,0,0,0
0.267230,0,0,0,0,0
0.269013,0,0,0,0,0
0.270809,0,0,0,0,0
0.272545,0,0,0,0,0
0.274265,0,0,0,0,0
0.275985,0,0,0,0,0
0.277710,0,0,0,0,0
0.279429,0,0,0,0,0
0.281145,0,0,0,0,0
0.282890,0,0,0,0,0
0.284673,0,0,0,0,0
0.286395,0,0,0,0,0
0.288114,0,0,0,0,0
0.289836,0,0,0,0,0
0.291556,0,0,0,0,0
0.293110,0,0,0,0,0
0.294787,0,0,0,0,0
0.296488,0,0,0,0,0
0.298058,0,0,0,0,0
0.299690,0,0,0,0,0
0.301278,0,0,0,0,0
0.302762,0,0,0,0,0
0.304254,0,0,0,0,0
0.305733,0,0,0,0,0
0.307209,0,0,0,0,0
0.308940,0,0,0,0,0
0.310467,0,0,0,0,0
0.312143,0,0,0,0,0
0.313866,0,0,0,0,0
0.315601,0,0,0,0,0
0.317481,0,0,0,0,0
0.319233,0,0,0,0,0
0.320949,0,0,0,0,0
0.322743,0,0,0,0,0
0.324479,0,0,0,0,0
0.326092,0,0,0,0,0
0.327832,0,0,0,0,0
0.329332,0,0,0,0,0
0.330839,0,0,0,0,0
0.332508,0,0,0,0,0
0.334036,0,0,0,0,0
0.335519,0,0,0,0,0
0.337018,0,0,0,0,0
0.338625,0,0,0,0,0
0.340293,0,0,0,0,0
0.342078,0,0,0,0,0
0.343793,0,0,0,0,0
0.345528,0,0,0,0,0
0.347418,0,0,0,0,0
0.348981,0,0,0,0,0
0.350458,0,0,0,0,0
0.351929,0,0,0,0,0
0.353498,0,0,0,0,0
0.354966,0,0,0,0,0
0.356686,0,0,0,0,0
0.358342,0,0,0,0,0
0.359903,0,0,0,0,0
0.361805,0,0,0,0,0
0.363517,0,0,0,0,0
0.365296,0,0,0,0,0
0.367023,0,0,0,0,0
0.368756,0,0,0,0,0
0.370475,0,0,0,0,0
0.372192,0,0,0,0,0
0.373978,0,0,0,0,0
0.375697,0,0,0,0,0
0.377547,0,0,0,0,0
0.379126,0,0,0,0,0
0.380685,0,0,0,0,0
0.382360,0,0,0,0,0
0.384076,0,0,0,0,0
0.385795,0,0,0,0,0
0.387510,0,0,0,0,0
0.389289,0,0,0,0,0
0.391031,0,0,0,0,0
0.392744,0,0,0,0,0
0.394461,0,0,0,0,0
0.396179,0,0,0,0,0
0.397898,0,0,0,0,0
0.399615,0,0,0,0,0
0.401348,0,0,0,0,0
0.403134,0,0,0,0,0
0.404734,0,0,0,0,0
0.406246,0,0,0,0,0
0.407732,0,0,0,0,0
0.409208,0,0,0,0,0
0.410739,0,0,0,0,0
0.412237,0,0,0,0,0
0.413968,0,0,0,0,0
0.415672,0,0,0,0,0
0.417574,0,0,0,0,0
0.419225,0,0,0,0,0
0.420794,0,0,0,0,0
0.422363,0,0,0,0,0
0.423919,0,0,0,0,0
0.425472,0,0,0,0,0
0.427022,0,0,0,0,0
0.428637,0,0,0,0,0
0.430309,0,0,0,0,0
0.432082,0,0,0,0,0
0.433911,0,0,0,0,0
0.435720,0,0,0,0,0
0.437530,0,0,0,0,0
0.439337,0,0,0,0,0
0.441139,0,0,0,0,0
0.442942,0,0,0,0,0
0.444635,0,0,0,0,0
0.446202,0,0,0,0,0
0.448246,0,0,0,0,0
0.449893,0,0,0,0,0
0.451460,0,0,0,0,0
0.453100,0,0,0,0,0
0.454609,0,0,0,0,0
0.456087,0,0,0,0,0
0.457573,0,0,0,0,0
0.459115,0,0,0,0,0
0.460863,0,0,0,0,0
0.462584,0,0,0,0,0
0.464385,0,0,0,0,0
0.465954,0,0,0,0,0
0.467439,0,0,0,0,0
0.469212,0,0,0,0,0
0.470933,0,0,0,0,0
0.472683,0,0,0,0,0
0.474421,0,0,0,0,0
0.476030,0,0,0,0,0
0.479318,0,0,0,0,0
0.480856,0,0,0,0,0
0.482390,0,0,0,0,0
0.483934,0,0,0,0,0
0.485646,0,0,0,0,0
0.487312,0,0,0,0,0
0.488847,0,0,0,0,0
0.490363,0,0,0,0,0
0.491871,0,0,0,0,0
0.493412,0,0,0,0,0
0.494961,0,0,0,0,0
0.496714,0,0,0,0,0
0.498340,0,0,0,0,0
0.500107,0,0,0,0,0
0.501716,0,0,0,0,0
0.503482,0,0,0,0,0
0.505284,0,0,0,0,0
0.507087,0,0,0,0,0
0.508780,0,0,0,0,0
0.510340,0,0,0,0,0
0.511951,0,0,0,0,0
0.513505,0,0,0,0,0
0.515056,0,0,0,0,0
0.516672,0,0,0,0,0
0.518225,0,0,0,0,0
0.520617,0,0,0,0,0
0.522317,0,0,0,0,0
0.523861,0,0,0,0,0
0.525606,0,0,0,0,0
0.527329,0,0,0,0,0
0.528909,0,0,0,0,0
0.530578,0,0,0,0,0
0.532132,0,0,0,0,0
0.533689,0,0,0,0,0
0.535230,0,0,0,0,0
0.536771,0,0,0,0,0
0.538368,0,0,0,0,0
0.539911,0,0,0,0,0
0.541487,0,0,0,0,0
0.543461,0,0,0,0,0
0.544943,0,0,0,0,0
0.546422,0,0,0,0,0
0.547897,0,0,0,0,0
0.549568,0,0,0,0,0
0.551284,0,0,0,0,0
0.552834,0,0,0,0,0
0.554514,0,0,0,0,0
0.556231,0,0,0,0,0
0.558017,0,0,0,0,0
0.559735,0,0,0,0,0
0.561455,0,0,0,0,0
0.563296,0,0,0,0,0
0.565075,0,0,0,0,0
0.566795,0,0,0,0,0
0.568509,0,0,0,0,0
0.570227,0,0,0,0,0
0.572036,0,0,0,0,0
0.573593,0,0,0,0,0
0.575270,0,0,0,0,0
0.576984,0,0,0,0,0
0.578646,0,0,0,0,0
0.580319,0,0,0,0,0
0.582037,0,0,0,0,0
0.583573,0,0,0,0,0
0.585084,0,0,0,0,0
0.587016,0,0,0,0,0
0.588882,0,0,0,0,0
0.590492,0,0,0,0,0
0.592194,0,0,0,0,0
0.593806,0,0,0,0,0
0.595383,0,0,0,0,0
0.597140,0,0,0,0,0
0.598711,0,0,0,0,0
0.600264,0,0,0,0,0
0.601860,0,0,0,0,0
0.603412,0,0,0,0,0
0.605030,0,0,0,0,0
0.606724,0,0,0,0,0
0.608482,0,0,0,0,0
0.610291,0,0,0,0,0
0.612096,0,0,0,0,0
0.613906,0,0,0,0,0
0.615712,0,0,0,0,0
0.617542,0,0,0,0,0
0.619348,0,0,0,0,0
0.621229,0,0,0,0,0
0.624362,0,0,0,0,0
0.626015,0,0,0,0,0
0.627595,0,0,0,0,0
0.629227,0,0,0,0,0
0.630787,0,0,0,0,0
0.632337,0,0,0,0,0
0.633891,0,0,0,0,0
0.635442,0,0,0,0,0
0.637278,0,0,0,0,0
0.638913,0,0,0,0,0
0.640679,0,0,0,0,0
0.642486,0,0,0,0,0
0.644104,0,0,0,0,0
0.645679,0,0,0,0,0
0.647236,0,0,0,0,0
0.648788,0,0,0,0,0
0.650360,0,0,0,0,0
0.651913,0,0,0,0,0
0.653677,0,0,0,0,0
0.655470,0,0,0,0,0
0.657259,0,0,0,0,0
0.660882,0,0,0,0,0
0.662808,0,0,0,0,0
0.664357,0,0,0,0,0
0.665909,0,0,0,0,0
0.667457,0,0,0,0,0
0.669070,0,0,0,0,0
0.670752,0,0,0,0,0
0.672502,0,0,0,0,0
0.674124,0,0,0,0,0
0.675884,0,0,0,0,0
0.677684,0,0,0,0,0
0.679490,0,0,0,0,0
0.681291,0,0,0,0,0
0.683098,0,0,0,0,0
0.684804,0,0,0,0,0
0.686572,0,0,0,0,0
0.688374,0,0,0,0,0
0.690176,0,0,0,0,0
0.691782,0,0,0,0,0
0.693557,0,0,0,0,0
0.695383,0,0,0,0,0
0.697187,0,0,0,0,0
0.698809,0,0,0,0,0
0.700640,0,0,0,0,0
0.702236,0,0,0,0,0
0.703999,0,0,0,0,0
0.706009,0,0,0,0,0
0.707690,0,0,0,0,0
0.709478,0,0,0,0,0
0.711201,0,0,0,0,0
0.712918,0,0,0,0,0
0.714642,0,0,0,0,0
0.716320,0,0,0,0,0
0.717845,0,0,0,0,0
0.719643,0,0,0,0,0
0.721508,0,0,0,0,0
0.723309,0,0,0,0,0
0.725089,0,0,0,0,0
0.726829,0,0,0,0,0
0.728363,0,0,0,0,0
0.730055,0,0,0,0,0
0.731762,0,0,0,0,0
0.733591,0,0,0,0,0
0.735161,0,0,0,0,0
0.736696,0,0,0,0,0
0.738173,0,0,0,0,0
0.739648,0,0,0,0,0
0.741633,0,0,0,0,0
0.743306,0,0,0,0,0
0.745769,0,0,0,0,0
0.748877,0,0,0,0,0
0.750432,0,0,0,0,0
0.751976,0,0,0,0,0
0.753645,0,0,0,0,0
0.755367,0,0,0,0,0
0.756934,0,0,0,0,0
0.758686,0,0,0,0,0
0.760248,0,0,0,0,0
0.761789,0,0,0,0,0
0.763330,0,0,0,0,0
0.764937,0,0,0,0,0
0.766704,0,0,0,0,0
0.768460,0,0,0,0,0
0.770270,0,0,0,0,0
0.771894,0,0,0,0,0
0.773666,0,0,0,0,0
0.775459,0,0,0,0,0
0.777250,0,0,0,0,0
0.778863,0,0,0,0,0
0.780422,0,0,0,0,0
0.782089,0,0,0,0,0
0.783642,0,0,0,0,0
0.785192,0,0,0,0,0
0.786739,0,0,0,0,0
0.788287,0,0,0,0,0
0.789906,0,0,0,0,0
0.791454,0,0,0,0,0
0.793222,0,0,0,0,0
0.795035,0,0,0,0,0
0.796916,0,0,0,0,0
0.798660,0,0,0,0,0
0.800422,0,0,0,0,0
0.802230,0,0,0,0,0
0.803855,0,0,0,0,0
0.805626,0,0,0,0,0
0.807433,0,0,0,0,0
0.809237,0,0,0,0,0
0.811050,0,0,0,0,0
0.812929,0,0,0,0,0
0.814676,0,0,0,0,0
0.816438,0,0,0,0,0
0.818241,0,0,0,0,0
0.820045,0,0,0,0,0
0.821850,0,0,0,0,0
0.823651,0,0,0,0,0
0.825493,0,0,0,0,0
0.827158,0,0,0,0,0
0.828999,0,0,0,0,0
0.830759,0,0,0,0,0
0.832520,0,0,0,0,0
0.834320,0,0,0,0,0
0.835933,0,0,0,0,0
0.838115,0,0,0,0,0
0.839813,0,0,0,0,0
0.841375,0,0,0,0,0
0.842993,0,0,0,0,0
0.844619,0,0,0,0,0
0.846191,0,0,0,0,0
0.847742,0,0,0,0,0
0.849501,0,0,0,0,0
0.851309,0,0,0,0,0
0.853191,0,0,0,0,0
0.854779,0,0,0,0,0
0.856353,0,0,0,0,0
0.858117,0,0,0,0,0
0.859925,0,0,0,0,0
0.861734,0,0,0,0,0
0.863540,0,0,0,0,0
0.865343,0,0,0,0,0
0.866982,0,0,0,0,0
0.868827,0,0,0,0,0
0.870635,0,0,0,0,0
0.872442,0,0,0,0,0
0.874252,0,0,0,0,0
0.876062,0,0,0,0,0
0.877974,0,0,0,0,0
0.879781,0,0,0,0,0
0.881591,0,0,0,0,0
0.883399,0,0,0,0,0
0.885280,0,0,0,0,0
0.887093,0,0,0,0,0
0.888917,0,0,0,0,0
0.890661,0,0,0,0,0
0.892424,0,0,0,0,0
0.893961,0,0,0,0,0
0.895512,0,0,0,0,0
0.897256,0,0,0,0,0
0.898847,0,0,0,0,0
0.900686,0,0,0,0,0
0.902341,0,0,0,0,0
0.904139,0,0,0,0,0
0.905946,0,0,0,0,0
0.907751,0,0,0,0,0
0.909371,0,0,0,0,0
0.911274,0,0,0,0,0
0.913074,0,0,0,0,0
0.914885,0,0,0,0,0
0.916765,0,0,0,0,0
0.918568,0,0,0,0,0
0.920393,0,0,0,0,0
0.922199,0,0,0,0,0
0.924001,0,0,0,0,0
0.925806,0,0,0,0,0
0.927608,0,0,0,0,0
0.929182,0,0,0,0,0
0.930803,0,0,0,0,0
0.932641,0,0,0,0,0
0.934448,0,0,0,0,0
0.936253,0,0,0,0,0
0.938063,0,0,0,0,0
0.939869,0,0,0,0,0
0.941501,0,0,0,0,0
0.943266,0,0,0,0,0
0.945069,0,0,0,0,0
0.946881,0,0,0,0,0
0.948764,0,0,0,0,0
0.950570,0,0,0,0,0
0.952398,0,0,0,0,0
0.954206,0,0,0,0,0
0.955998,0,0,0,0,0
0.957694,0,0,0,0,0
0.959752,0,0,0,0,0
0.961618,0,0,0,0,0
0.963340,0,0,0,0,0
0.965179,0,0,0,0,0
0.966862,0,0,0,0,0
0.968418,0,0,0,0,0
0.969967,0,0,0,0,0
0.971512,0,0,0,0,0
0.973128,0,0,0,0,0
0.974687,0,0,0,0,0
0.976233,0,0,0,0,0
0.977879,0,0,0,0,0
0.979436,0,0,0,0,0
0.981054,0,0,0,0,0
0.982745,0,0,0,0,0
0.984294,0,0,0,0,0
0.985861,0,0,0,0,0
0.987618,0,0,0,0,0
0.989505,0,0,0,0,0
0.991409,0,0,0,0,0
0.993062,0,0,0,0,0
0.994720,0,0,0,0,0
0.996292,0,0,0,0,0
0.997930,0,0,0,0,0
0.999485,0,0,0,0,0
1.001035,0,0,0,0,0
1.003164,0,0,0,0,0
1.005437,0,0,0,0,0
1.007030,0,0,0,0,0
1.008579,0,0,0,0,0
1.010313,0,0,0,0,0
1.011897,0,0,0,0,0
1.013831,0,0,0,0,0
1.015628,0,0,0,0,0
1.017570,0,0,0,0,0
1.019229,0,0,0,0,0
1.020838,0,0,0,0,0
1.022388,0,0,0,0,0
1.023940,0,0,0,0,0
1.025494,0,0,0,0,0
1.027043,0,0,0,0,0
1.028674,0,0,0,0,0
1.030433,0,0,0,0,0
1.032239,0,0,0,0,0
1.034046,0,0,0,0,0
1.035851,0,0,0,0,0
1.037664,0,0,0,0,0
1.039487,0,0,0,0,0
1.041289,0,0,0,0,0
1.043102,0,0,0,0,0
1.044982,0,0,0,0,0
1.046938,0,0,0,0,0
1.048740,0,0,0,0,0
1.050564,0,0,0,0,0
1.052368,0,0,0,0,0
1.054257,0,0,0,0,0
1.056062,0,0,0,0,0
1.057869,0,0,0,0,0
1.059673,0,0,0,0,0
1.061374,0,0,0,0,0
1.064203,0,0,0,0,0
1.065827,0,0,0,0,0
1.067374,0,0,0,0,0
1.068987,0,0,0,0,0
1.070719,0,0,0,0,0
1.072279,0,0,0,0,0
1.073822,0,0,0,0,0
1.075366,0,0,0,0,0
1.076973,0,0,0,0,0
1.078684,0,0,0,0,0
1.080232,0,0,0,0,0
1.081998,0,0,0,0,0
1.083638,0,0,0,0,0
1.085278,0,0,0,0,0
1.086839,0,0,0,0,0
1.088450,0,0,0,0,0
1.090003,0,0,0,0,0
1.091554,0,0,0,0,0
1.093544,0,0,0,0,0
1.095383,0,0,0,0,0
1.097189,0,0,0,0,0
1.099093,0,0,0,0,0
1.100977,0,0,0,0,0
1.102714,0,0,0,0,0
1.104479,0,0,0,0,0
1.106107,0,0,0,0,0
1.107873,0,0,0,0,0
1.109686,0,0,0,0,0
1.111492,0,0,0,0,0
1.113270,0,0,0,0,0
1.114997,0,0,0,0,0
1.116890,0,0,0,0,0
1.118844,0,0,0,0,0
1.120651,0,0,0,0,0
1.122458,0,0,0,0,0
1.124264,0,0,0,0,0
1.126147,0,0,0,0,0
1.127970,0,0,0,0,0
1.129583,0,0,0,0,0
1.131340,0,0,0,0,0
1.133126,0,0,0,0,0
1.134855,0,0,0,0,0
1.136573,0,0,0,0,0
1.138124,0,0,0,0,0
1.139846,0,0,0,0,0
1.141823,0,0,0,0,0
1.143436,0,0,0,0,0
1.144993,0,0,0,0,0
1.146675,0,0,0,0,0
1.148241,0,0,0,0,0
1.149872,0,0,0,0,0
1.151588,0,0,0,0,0
1.153550,0,0,0,0,0
1.155371,0,0,0,0,0
1.157257,0,0,0,0,0
1.159095,0,0,0,0,0
1.160901,0,0,0,0,0
1.162789,0,0,0,0,0
1.165085,0,0,0,0,0
1.166948,0,0,0,0,0
1.169876,0,0,0,0,0
1.171429,0,0,0,0,0
1.173299,0,0,0,0,0
1.175052,0,0,0,0,0
1.176599,0,0,0,0,0
1.178143,0,0,0,0,0
1.179687,0,0,0,0,0
1.181328,0,0,0,0,0
1.183177,0,0,0,0,0
1.184722,0,0,0,0,0
1.186264,0,0,0,0,0
1.187809,0,0,0,0,0
1.189352,0,0,0,0,0
1.191141,0,0,0,0,0
1.192757,0,0,0,0,0
1.194310,0,0,0,0,0
1.196059,0,0,0,0,0
1.197672,0,0,0,0,0
1.199471,0,0,0,0,0
1.201231,0,0,0,0,0
1.203157,0,0,0,0,0
1.204802,0,0,0,0,0
1.206361,0,0,0,0,0
1.207914,0,0,0,0,0
1.209470,0,0,0,0,0
1.211015,0,0,0,0,0
1.212836,0,0,0,0,0
1.214457,0,0,0,0,0
1.216228,0,0,0,0,0
1.218038,0,0,0,0,0
1.219850,0,0,0,0,0
1.221664,0,0,0,0,0
1.223475,0,0,0,0,0
1.225303,0,0,0,0,0
1.227115,0,0,0,0,0
1.229000,0,0,0,0,0
1.230746,0,0,0,0,0
1.232511,0,0,0,0,0
1.234327,0,0,0,0,0
1.235957,0,0,0,0,0
1.237732,0,0,0,0,0
1.239544,0,0,0,0,0
1.241350,0,0,0,0,0
1.242949,0,0,0,0,0
1.244777,0,0,0,0,0
1.246397,0,0,0,0,0
1.248165,0,0,0,0,0
1.249978,0,0,0,0,0
1.251787,0,0,0,0,0
1.253597,0,0,0,0,0
1.255407,0,0,0,0,0
1.257022,0,0,0,0,0
1.258969,0,0,0,0,0
1.260990,0,0,0,0,0
1.262738,0,0,0,0,0
1.264505,0,0,0,0,0
1.266319,0,0,0,0,0
1.268148,0,0,0,0,0
1.269961,0,0,0,0,0
1.271771,0,0,0,0,0
1.273584,0,0,0,0,0
1.275394,0,0,0,0,0
1.277278,0,0,0,0,0
1.278916,0,0,0,0,0
1.280682,0,0,0,0,0
1.282493,0,0,0,0,0
1.284302,0,0,0,0,0
1.286142,0,0,0,0,0
1.287951,0,0,0,0,0
1.289783,0,0,0,0,0
1.291594,0,0,0,0,0
1.293483,0,0,0,0,0
1.295293,0,0,0,0,0
1.297098,0,0,0,0,0
1.298914,0,0,0,0,0
1.300621,0,0,0,0,0
1.302392,0,0,0,0,0
1.304203,0,0,0,0,0
1.306014,0,0,0,0,0
1.307825,0,0,0,0,0
1.309637,0,0,0,0,0
1.311469,0,0,0,0,0
1.313276,0,0,0,0,0
1.315081,0,0,0,0,0
1.316952,0,0,0,0,0
1.318781,0,0,0,0,0
1.320543,0,0,0,0,0
1.322162,0,0,0,0,0
1.323928,0,0,0,0,0
1.325741,0,0,0,0,0
1.327418,0,0,0,0,0
1.328976,0,0,0,0,0
1.330704,0,0,0,0,0
1.332287,0,0,0,0,0
1.333924,0,0,0,0,0
1.335475,0,0,0,0,0
1.337026,0,0,0,0,0
1.338701,0,0,0,0,0
1.340457,0,0,0,0,0
1.342347,0,0,0,0,0
1.343977,0,0,0,0,0
1.345748,0,0,0,0,0
1.347793,0,0,0,0,0
1.349679,0,0,0,0,0
1.351267,0,0,0,0,0
1.352815,0,0,0,0,0
1.354379,0,0,0,0,0
1.355925,0,0,0,0,0
1.357775,0,0,0,0,0
1.359628,0,0,0,0,0
1.361594,0,0,0,0,0
1.363408,0,0,0,0,0
1.365113,0,0,0,0,0
1.366889,0,0,0,0,0
1.368695,0,0,0,0,0
1.370505,0,0,0,0,0
1.372315,0,0,0,0,0
1.374158,0,0,0,0,0
1.375831,0,0,0,0,0
1.378641,0,0,0,0,0
1.380329,0,0,0,0,0
1.381893,0,0,0,0,0
1.383517,0,0,0,0,0
1.385070,0,0,0,0,0
1.386765,0,0,0,0,0
1.388316,0,0,0,0,0
1.389938,0,0,0,0,0
1.391489,0,0,0,0,0
1.393040,0,0,0,0,0
1.394709,0,0,0,0,0
1.396464,0,0,0,0,0
1.398102,0,0,0,0,0
1.399870,0,0,0,0,0
1.401679,0,0,0,0,0
1.403484,0,0,0,0,0
1.405631,0,0,0,0,0
1.407307,0,0,0,0,0
1.408885,0,0,0,0,0
1.410450,0,0,0,0,0
1.412011,0,0,0,0,0
1.413634,0,0,0,0,0
1.415184,0,0,0,0,0
1.416936,0,0,0,0,0
1.418893,0,0,0,0,0
1.420797,0,0,0,0,0
1.422607,0,0,0,0,0
1.424414,0,0,0,0,0
1.426226,0,0,0,0,0
1.428034,0,0,0,0,0
1.429844,0,0,0,0,0
1.431703,0,0,0,0,0
1.433484,0,0,0,0,0
1.435281,0,0,0,0,0
1.437153,0,0,0,0,0
1.438856,0,0,0,0,0
1.440409,0,0,0,0,0
1.442044,0,0,0,0,0
1.443814,0,0,0,0,0
1.445428,0,0,0,0,0
1.447196,0,0,0,0,0
1.449003,0,0,0,0,0
1.450749,0,0,0,0,0
1.452528,0,0,0,0,0
1.454348,0,0,0,0,0
1.456157,0,0,0,0,0
1.457969,0,0,0,0,0
1.459780,0,0,0,0,0
1.461593,0,0,0,0,0
1.463424,0,0,0,0,0
1.465232,0,0,0,0,0
1.467037,0,0,0,0,0
1.468968,0,0,0,0,0
1.471019,0,0,0,0,0
1.472825,0,0,0,0,0
1.474453,0,0,0,0,0
1.476221,0,0,0,0,0
1.478116,0,0,0,0,0
1.479925,0,0,0,0,0
1.481737,0,0,0,0,0
1.483546,0,0,0,0,0
1.485457,0,0,0,0,0
1.487267,0,0,0,0,0
1.489074,0,0,0,0,0
1.490889,0,0,0,0,0
1.492774,0,0,0,0,0
1.494583,0,0,0,0,0
1.496204,0,0,0,0,0
1.497855,0,0,0,0,0
1.499564,0,0,0,0,0
1.501475,0,0,0,0,0
1.503376,0,0,0,0,0
1.505182,0,0,0,0,0
1.506825,0,0,0,0,0
1.508383,0,0,0,0,0
1.510223,0,0,0,0,0
1.512030,0,0,0,0,0
1.513839,0,0,0,0,0
1.515643,0,0,0,0,0
1.517347,0,0,0,0,0
1.518961,0,0,0,0,0
1.520716,0,0,0,0,0
1.522523,0,0,0,0,0
1.524329,0,0,0,0,0
1.526218,0,0,0,0,0
1.528045,0,0,0,0,0
1.529854,0,0,0,0,0
1.531492,0,0,0,0,0
1.533330,0,0,0,0,0
1.535050,0,0,0,0,0
1.536657,0,0,0,0,0
1.538243,0,0,0,0,0
1.539798,0,0,0,0,0
1.541420,0,0,0,0,0
1.542980,0,0,0,0,0
1.544535,0,0,0,0,0
1.546294,0,0,0,0,0
1.548099,0,0,0,0,0
1.549997,0,0,0,0,0
1.551803,0,0,0,0,0
1.553415,0,0,0,0,0
1.555173,0,0,0,0,0
1.557111,0,0,0,0,0
1.558989,0,0,0,0,0
1.560554,0,0,0,0,0
1.562095,0,0,0,0,0
1.563977,0,0,0,0,0
1.565592,0,0,0,0,0
1.567355,0,0,0,0,0
1.569161,0,0,0,0,0
1.570987,0,0,0,0,0
1.572881,0,0,0,0,0
1.574648,0,0,0,0,0
1.576208,0,0,0,0,0
1.577966,0,0,0,0,0
1.579773,0,0,0,0,0
1.581480,0,0,0,0,0
1.583245,0,0,0,0,0
1.584979,0,0,0,0,0
1.586833,0,0,0,0,0
1.588657,0,0,0,0,0
1.590257,0,0,0,0,0
1.592044,0,0,0,0,0
1.593857,0,0,0,0,0
1.595669,0,0,0,0,0
1.597484,0,0,0,0,0
1.599296,0,0,0,0,0
1.601103,0,0,0,0,0
1.602731,0,0,0,0,0
1.604410,0,0,0,0,0
1.606300,0,0,0,0,0
1.608107,0,0,0,0,0
1.609905,0,0,0,0,0
1.611714,0,0,0,0,0
1.613342,0,0,0,0,0
1.615155,0,0,0,0,0
1.616946,0,0,0,0,0
1.618913,0,0,0,0,0
1.620936,0,0,0,0,0
1.622683,0,0,0,0,0
1.624466,0,0,0,0,0
1.626277,0,0,0,0,0
1.628087,0,0,0,0,0
1.629898,0,0,0,0,0
1.631711,0,0,0,0,0
1.633522,0,0,0,0,0
1.635353,0,0,0,0,0
1.637238,0,0,0,0,0
1.639057,0,0,0,0,0
1.640864,0,0,0,0,0
1.642469,0,0,0,0,0
1.644237,0,0,0,0,0
1.645954,0,0,0,0,0
1.647724,0,0,0,0,0
1.649537,0,0,0,0,0
1.651346,0,0,0,0,0
1.653230,0,0,0,0,0
1.654842,0,0,0,0,0
1.656627,0,0,0,0,0
1.658435,0,0,0,0,0
1.660245,0,0,0,0,0
1.662136,0,0,0,0,0
1.663946,0,0,0,0,0
1.665759,0,0,0,0,0
1.667391,0,0,0,0,0
1.669237,0,0,0,0,0
1.671057,0,0,0,0,0
1.672865,0,0,0,0,0
1.674469,0,0,0,0,0
1.676220,0,0,0,0,0
1.677919,0,0,0,0,0
1.679473,0,0,0,0,0
1.681292,0,0,0,0,0
1.682999,0,0,0,0,0
1.684964,0,0,0,0,0
1.686713,0,0,0,0,0
1.688489,0,0,0,0,0
1.690295,0,0,0,0,0
1.691902,0,0,0,0,0
1.693677,0,0,0,0,0
1.695485,0,0,0,0,0
1.697291,0,0,0,0,0
1.698930,0,0,0,0,0
1.700779,0,0,0,0,0
1.702591,0,0,0,0,0
1.704388,0,0,0,0,0
1.706171,0,0,0,0,0
1.707895,0,0,0,0,0
1.709456,0,0,0,0,0
1.711138,0,0,0,0,0
1.712855,0,0,0,0,0
1.714578,0,0,0,0,0
1.716301,0,0,0,0,0
1.718092,0,0,0,0,0
1.719835,0,0,0,0,0
1.721560,0,0,0,0,0
1.723266,0,0,0,0,0
1.725033,0,0,0,0,0
1.726891,0,0,0,0,0
1.728517,0,0,0,0,0
1.730051,0,0,0,0,0
1.731500,0,0,0,0,0
1.733000,0,0,0,0,0
1.734436,0,0,0,0,0
1.735872,0,0,0,0,0
1.737305,0,0,0,0,0
1.738848,0,0,0,0,0
1.740323,0,0,0,0,0
1.741985,0,0,0,0,0
1.744612,0,0,0,0,0
1.746298,0,0,0,0,0
1.747940,0,0,0,0,0
1.749611,0,0,0,0,0
1.751220,0,0,0,0,0
1.752772,0,0,0,0,0
1.754330,0,0,0,0,0
1.755875,0,0,0,0,0
1.757614,0,0,0,0,0
1.759184,0,0,0,0,0
1.760738,0,0,0,0,0
1.762303,0,0,0,0,0
1.763852,0,0,0,0,0
1.765407,0,0,0,0,0
1.767160,0,0,0,0,0
1.768964,0,0,0,0,0
1.770711,0,0,0,0,0
1.772474,0,0,0,0,0
1.774141,0,0,0,0,0
1.775914,0,0,0,0,0
1.777724,0,0,0,0,0
1.779533,0,0,0,0,0
1.781571,0,0,0,0,0
1.783389,0,0,0,0,0
1.785214,0,0,0,0,0
1.787028,0,0,0,0,0
1.788910,0,0,0,0,0
1.790688,0,0,0,0,0
1.792443,0,0,0,0,0
1.794040,0,0,0,0,0
1.795907,0,0,0,0,0
1.797776,0,0,0,0,0
1.799636,0,0,0,0,0
1.801236,0,0,0,0,0
1.803007,0,0,0,0,0
1.804891,0,0,0,0,0
1.806846,0,0,0,0,0
1.808651,0,0,0,0,0
1.810460,0,0,0,0,0
1.812269,0,0,0,0,0
1.814161,0,0,0,0,0
1.815970,0,0,0,0,0
1.817603,0,0,0,0,0
1.819369,0,0,0,0,0
1.821253,0,0,0,0,0
1.823069,0,0,0,0,0
1.824875,0,0,0,0,0
1.826491,0,0,0,0,0
1.828298,0,0,0,0,0
1.830187,0,0,0,0,0
1.831996,0,0,0,0,0
1.833804,0,0,0,0,0
1.835612,0,0,0,0,0
1.837497,0,0,0,0,0
1.839122,0,0,0,0,0
1.841084,0,0,0,0,0
1.843018,0,0,0,0,0
1.844885,0,0,0,0,0
1.846944,0,0,0,0,0
1.848754,0,0,0,0,0
1.850585,0,0,0,0,0
1.852381,0,0,0,0,0
1.854061,0,0,0,0,0
1.855716,0,0,0,0,0
1.857481,0,0,0,0,0
1.859338,0,0,0,0,0
1.861046,0,0,0,0,0
1.862971,0,0,0,0,0
1.864777,0,0,0,0,0
1.866586,0,0,0,0,0
1.868397,0,0,0,0,0
1.870292,0,0,0,0,0
1.872123,0,0,0,0,0
1.873936,0,0,0,0,0
1.875746,0,0,0,0,0
1.877560,0,0,0,0,0
1.879371,0,0,0,0,0
1.881177,0,0,0,0,0
1.882833,0,0,0,0,0
1.884680,0,0,0,0,0
1.886491,0,0,0,0,0
1.888299,0,0,0,0,0
1.890111,0,0,0,0,0
1.891920,0,0,0,0,0
1.893554,0,0,0,0,0
1.895324,0,0,0,0,0
1.897132,0,0,0,0,0
1.898948,0,0,0,0,0
1.900832,0,0,0,0,0
1.902641,0,0,0,0,0
1.904273,0,0,0,0,0
1.906044,0,0,0,0,0
1.907856,0,0,0,0,0
1.909670,0,0,0,0,0
1.911465,0,0,0,0,0
1.913255,0,0,0,0,0
1.914923,0,0,0,0,0
1.916481,0,0,0,0,0
1.918426,0,0,0,0,0
1.920265,0,0,0,0,0
1.922076,0,0,0,0,0
1.923886,0,0,0,0,0
1.925519,0,0,0,0,0
1.927287,0,0,0,0,0
1.929092,0,0,0,0,0
1.930710,0,0,0,0,0
1.932273,0,0,0,0,0
1.933923,0,0,0,0,0
1.935498,0,0,0,0,0
1.937052,0,0,0,0,0
1.938784,0,0,0,0,0
1.940337,0,0,0,0,0
1.942115,0,0,0,0,0
1.943926,0,0,0,0,0
1.945561,0,0,0,0,0
1.947333,0,0,0,0,0
1.949218,0,0,0,0,0
1.951034,0,0,0,0,0
1.952840,0,0,0,0,0
1.954650,0,0,0,0,0
1.956480,0,0,0,0,0
1.958099,0,0,0,0,0
1.959865,0,0,0,0,0
1.961679,0,0,0,0,0
1.963491,0,0,0,0,0
1.965375,0,0,0,0,0
1.967151,0,0,0,0,0
1.968918,0,0,0,0,0
1.970827,0,0,0,0,0
1.972694,0,0,0,0,0
1.974408,0,0,0,0,0
1.976336,0,0,0,0,0
1.978221,0,0,0,0,0
1.980125,0,0,0,0,0
1.981935,0,0,0,0,0
1.983742,0,0,0,0,0
1.985553,0,0,0,0,0
1.987361,0,0,0,0,0
1.989065,0,0,0,0,0
1.991000,0,0,0,0,0
1.992803,0,0,0,0,0
1.994610,0,0,0,0,0
1.996416,0,0,0,0,0
1.998307,0,0,0,0,0
2.000134,0,0,0,0,0
2.001942,0,0,0,0,0
2.003744,0,0,0,0,0
2.005599,0,0,0,0,0
2.007356,0,0,0,0,0
2.009150,0,0,0,0,0
2.010882,0,0,0,0,0
2.012713,0,0,0,0,0
2.014314,0,0,0,0,0
2.016084,0,0,0,0,0
2.017896,0,0,0,0,0
2.019708,0,0,0,0,0
2.021337,0,0,0,0,0
2.023113,0,0,0,0,0
2.024912,0,0,0,0,0
2.026842,0,0,0,0,0
2.028623,0,0,0,0,0
2.030405,0,0,0,0,0
2.032027,0,0,0,0,0
2.033680,0,0,0,0,0
2.035242,0,0,0,0,0
2.037000,0,0,0,0,0
2.038632,0,0,0,0,0
2.040386,0,0,0,0,0
2.042192,0,0,0,0,0
2.044006,0,0,0,0,0
2.045638,0,0,0,0,0
2.047458,0,0,0,0,0
2.049263,0,0,0,0,0
2.051079,0,0,0,0,0
2.052963,0,0,0,0,0
2.054713,0,0,0,0,0
2.056477,0,0,0,0,0
2.058289,0,0,0,0,0
2.060098,0,0,0,0,0
2.061909,0,0,0,0,0
2.063719,0,0,0,0,0
2.065549,0,0,0,0,0
2.067267,0,0,0,0,0
2.069111,0,0,0,0,0
2.070923,0,0,0,0,0
2.072720,0,0,0,0,0
2.074501,0,0,0,0,0
2.076053,0,0,0,0,0
2.077764,0,0,0,0,0
2.079457,0,0,0,0,0
2.081178,0,0,0,0,0
2.082929,0,0,0,0,0
2.084794,0,0,0,0,0
2.086421,0,0,0,0,0
2.088186,0,0,0,0,0
2.089997,0,0,0,0,0
2.091791,0,0,0,0,0
2.093717,0,0,0,0,0
2.095375,0,0,0,0,0
2.097139,0,0,0,0,0
2.098799,0,0,0,0,0
2.100677,0,0,0,0,0
2.102484,0,0,0,0,0
2.104293,0,0,0,0,0
2.106104,0,0,0,0,0
2.107936,0,0,0,0,0
2.109750,0,0,0,0,0
2.111559,0,0,0,0,0
2.113364,0,0,0,0,0
2.115327,0,0,0,0,0
2.117211,0,0,0,0,0
2.118849,0,0,0,0,0
2.120614,0,0,0,0,0
2.122424,0,0,0,0,0
2.124235,0,0,0,0,0
2.126123,0,0,0,0,0
2.127932,0,0,0,0,0
2.129762,0,0,0,0,0
2.131568,0,0,0,0,0
2.133155,0,0,0,0,0
2.134940,0,0,0,0,0
2.136746,0,0,0,0,0
2.138555,0,0,0,0,0
2.140188,0,0,0,0,0
2.141959,0,0,0,0,0
2.143771,0,0,0,0,0
2.145586,0,0,0,0,0
2.147395,0,0,0,0,0
2.149281,0,0,0,0,0
2.151106,0,0,0,0,0
2.152898,0,0,0,0,0
2.154664,0,0,0,0,0
2.156266,0,0,0,0,0
2.158107,0,0,0,0,0
2.159723,0,0,0,0,0
2.161314,0,0,0,0,0
2.162879,0,0,0,0,0
2.164435,0,0,0,0,0
2.166070,0,0,0,0,0
2.167624,0,0,0,0,0
2.169538,0,0,0,0,0
2.171361,0,0,0,0,0
2.173261,0,0,0,0,0
2.175072,0,0,0,0,0
2.176859,0,0,0,0,0
2.178578,0,0,0,0,0
2.180300,0,0,0,0,0
2.182090,0,0,0,0,0
2.183648,0,0,0,0,0
2.185327,0,0,0,0,0
2.186857,0,0,0,0,0
2.188343,0,0,0,0,0
2.190019,0,0,0,0,0
2.191741,0,0,0,0,0
2.193283,0,0,0,0,0
2.194884,0,0,0,0,0
2.196356,0,0,0,0,0
2.197834,0,0,0,0,0
2.199317,0,0,0,0,0
2.200798,0,0,0,0,0
2.202288,0,0,0,0,0
2.204141,0,0,0,0,0
2.205846,0,0,0,0,0
2.207610,0,0,0,0,0
2.209570,0,0,0,0,0
2.211379,0,0,0,0,0
2.213251,0,0,0,0,0
2.214923,0,0,0,0,0
2.216851,0,0,0,0,0
2.218454,0,0,0,0,0
2.220224,0,0,0,0,0
2.222114,0,0,0,0,0
2.223925,0,0,0,0,0
2.225740,0,0,0,0,0
2.227424,0,0,0,0,0
2.229270,0,0,0,0,0
2.231089,0,0,0,0,0
2.232893,0,0,0,0,0
2.234637,0,0,0,0,0
2.236389,0,0,0,0,0
2.238090,0,0,0,0,0
2.239857,0,0,0,0,0
2.241670,0,0,0,0,0
2.243480,0,0,0,0,0
2.245366,0,0,0,0,0
2.247330,0,0,0,0,0
2.248957,0,0,0,0,0
2.250818,0,0,0,0,0
2.252704,0,0,0,0,0
2.254516,0,0,0,0,0
2.256326,0,0,0,0,0
2.258138,0,0,0,0,0
2.259970,0,0,0,0,0
2.261783,0,0,0,0,0
2.263591,0,0,0,0,0
2.265552,0,0,0,0,0
2.267342,0,0,0,0,0
2.269212,0,0,0,0,0
2.270909,0,0,0,0,0
2.272562,0,0,0,0,0
2.274141,0,0,0,0,0
2.275837,0,0,0,0,0
2.277462,0,0,0,0,0
2.279015,0,0,0,0,0
2.280564,0,0,0,0,0
2.282127,0,0,0,0,0
2.283882,0,0,0,0,0
2.285693,0,0,0,0,0
2.287500,0,0,0,0,0
2.289303,0,0,0,0,0
2.291051,0,0,0,0,0
2.292972,0,0,0,0,0
2.294887,0,0,0,0,0
2.296952,0,0,0,0,0
2.298723,0,0,0,0,0
2.300377,0,0,0,0,0
2.301997,0,0,0,0,0
2.303557,0,0,0,0,0
2.305146,0,0,0,0,0
2.306756,0,0,0,0,0
2.308304,0,0,0,0,0
2.309915,0,0,0,0,0
2.311458,0,0,0,0,0
2.313000,0,0,0,0,0
2.315093,0,0,0,0,0
2.316927,0,0,0,0,0
2.318883,0,0,0,0,0
2.320686,0,0,0,0,0
2.322490,0,0,0,0,0
2.324298,0,0,0,0,0
2.326207,0,0,0,0,0
2.327819,0,0,0,0,0
2.329592,0,0,0,0,0
2.331515,0,0,0,0,0
2.333172,0,0,0,0,0
2.334886,0,0,0,0,0
2.336620,0,0,0,0,0
2.338491,0,0,0,0,0
2.340287,0,0,0,0,0
2.341965,0,0,0,0,0
2.343732,0,0,0,0,0
2.345543,0,0,0,0,0
2.347367,0,0,0,0,0
2.349265,0,0,0,0,0
2.351152,0,0,0,0,0
2.352740,0,0,0,0,0
2.354298,0,0,0,0,0
2.355846,0,0,0,0,0
2.357634,0,0,0,0,0
2.359260,0,0,0,0,0
2.360804,0,0,0,0,0
2.362351,0,0,0,0,0
2.363903,0,0,0,0,0
2.365524,0,0,0,0,0
2.367075,0,0,0,0,0
2.368844,0,0,0,0,0
2.370653,0,0,0,0,0
2.372461,0,0,0,0,0
2.374178,0,0,0,0,0
2.375981,0,0,0,0,0
2.377790,0,0,0,0,0
2.379415,0,0,0,0,0
2.381063,0,0,0,0,0
2.383004,0,0,0,0,0
2.384814,0,0,0,0,0
2.386624,0,0,0,0,0
2.388435,0,0,0,0,0
2.390346,0,0,0,0,0
2.392140,0,0,0,0,0
2.394034,0,0,0,0,0
2.395705,0,0,0,0,0
2.397353,0,0,0,0,0
2.398957,0,0,0,0,0
2.400517,0,0,0,0,0
2.402063,0,0,0,0,0
2.403610,0,0,0,0,0
2.405226,0,0,0,0,0
2.406881,0,0,0,0,0
2.408534,0,0,0,0,0
2.410118,0,0,0,0,0
2.411684,0,0,0,0,0
2.413301,0,0,0,0,0
2.414857,0,0,0,0,0
2.416405,0,0,0,0,0
2.418165,0,0,0,0,0
2.419973,0,0,0,0,0
2.421786,0,0,0,0,0
2.423416,0,0,0,0,0
2.425181,0,0,0,0,0
2.426810,0,0,0,0,0
2.428369,0,0,0,0,0
2.430210,0,0,0,0,0
2.431994,0,0,0,0,0
2.433794,0,0,0,0,0
2.435605,0,0,0,0,0
2.437496,0,0,0,0,0
2.439305,0,0,0,0,0
2.441114,0,0,0,0,0
2.442927,0,0,0,0,0
2.444634,0,0,0,0,0
2.446404,0,0,0,0,0
2.448215,0,0,0,0,0
2.450024,0,0,0,0,0
2.451819,0,0,0,0,0
2.453758,0,0,0,0,0
2.455312,0,0,0,0,0
2.456891,0,0,0,0,0
2.458625,0,0,0,0,0
2.460209,0,0,0,0,0
2.461843,0,0,0,0,0
2.463394,0,0,0,0,0
2.464944,0,0,0,0,0
2.466628,0,0,0,0,0
2.468387,0,0,0,0,0
2.470279,0,0,0,0,0
2.472085,0,0,0,0,0
2.473680,0,0,0,0,0
2.475753,0,0,0,0,0
2.477757,0,0,0,0,0
2.479547,0,0,0,0,0
2.481340,0,0,0,0,0
2.483032,0,0,0,0,0
2.484873,0,0,0,0,0
2.486476,0,0,0,0,0
2.488058,0,0,0,0,0
2.489825,0,0,0,0,0
2.491621,0,0,0,0,0
2.493708,0,0,0,0,0
2.495260,0,0,0,0,0
2.496927,0,0,0,0,0
2.498453,0,0,0,0,0
2.499893,0,0,0,0,0
2.501590,0,0,0,0,0
2.503196,0,0,0,0,0
2.505021,0,0,0,0,0
2.507016,0,0,0,0,0
2.508797,0,0,0,0,0
2.510376,0,0,0,0,0
2.511920,0,0,0,0,0
2.513490,0,0,0,0,0
2.515110,0,0,0,0,0
2.516720,0,0,0,0,0
2.518272,0,0,0,0,0
2.519836,0,0,0,0,0
2.521473,0,0,0,0,0
2.523098,0,0,0,0,0
2.524712,0,0,0,0,0
2.526469,0,0,0,0,0
2.528276,0,0,0,0,0
2.529908,0,0,0,0,0
2.531673,0,0,0,0,0
2.533557,0,0,0,0,0
2.535093,0,0,0,0,0
2.536864,0,0,0,0,0
2.538465,0,0,0,0,0
2.540249,0,0,0,0,0
2.542136,0,0,0,0,0
2.543734,0,0,0,0,0
2.545517,0,0,0,0,0
2.547141,0,0,0,0,0
2.548776,0,0,0,0,0
2.550343,0,0,0,0,0
2.551892,0,0,0,0,0
2.553454,0,0,0,0,0
2.555002,0,0,0,0,0
2.556822,0,0,0,0,0
2.558425,0,0,0,0,0
2.560043,0,0,0,0,0
2.561649,0,0,0,0,0
2.563201,0,0,0,0,0
2.564903,0,0,0,0,0
2.566459,0,0,0,0,0
2.568010,0,0,0,0,0
2.569769,0,0,0,0,0
2.571566,0,0,0,0,0
2.573262,0,0,0,0,0
2.574967,0,0,0,0,0
2.576733,0,0,0,0,0
2.578448,0,0,0,0,0
2.580253,0,0,0,0,0
2.582144,0,0,0,0,0
2.583969,0,0,0,0,0
2.585734,0,0,0,0,0
2.587308,0,0,0,0,0
2.588943,0,0,0,0,0
2.590570,0,0,0,0,0
2.592115,0,0,0,0,0
2.593669,0,0,0,0,0
2.595240,0,0,0,0,0
2.597078,0,0,0,0,0
2.598953,0,0,0,0,0
2.600760,0,0,0,0,0
2.602570,0,0,0,0,0
2.604364,0,0,0,0,0
2.606066,0,0,0,0,0
2.607834,0,0,0,0,0
2.609645,0,0,0,0,0
2.611457,0,0,0,0,0
2.613343,0,0,0,0,0
2.615066,0,0,0,0,0
2.616642,0,0,0,0,0
2.618407,0,0,0,0,0
2.620218,0,0,0,0,0
2.622108,0,0,0,0,0
2.623916,0,0,0,0,0
2.625723,0,0,0,0,0
2.627554,0,0,0,0,0
2.629443,0,0,0,0,0
2.631240,0,0,0,0,0
2.633031,0,0,0,0,0
2.634874,0,0,0,0,0
2.636432,0,0,0,0,0
2.638299,0,0,0,0,0
2.640124,0,0,0,0,0
2.641933,0,0,0,0,0
2.643736,0,0,0,0,0
2.645539,0,0,0,0,0
2.647343,0,0,0,0,0
2.649081,0,0,0,0,0
2.650804,0,0,0,0,0
2.652518,0,0,0,0,0
2.654049,0,0,0,0,0
2.655533,0,0,0,0,0
2.657200,0,0,0,0,0
2.658721,0,0,0,0,0
2.660221,0,0,0,0,0
2.661959,0,0,0,0,0
2.663677,0,0,0,0,0
2.665492,0,0,0,0,0
2.667244,0,0,0,0,0
2.669023,0,0,0,0,0
2.670836,0,0,0,0,0
2.672550,0,0,0,0,0
2.674345,0,0,0,0,0
2.676147,0,0,0,0,0
2.677953,0,0,0,0,0
2.679759,0,0,0,0,0
2.681373,0,0,0,0,0
2.683276,0,0,0,0,0
2.685240,0,0,0,0,0
2.687055,0,0,0,0,0
2.688857,0,0,0,0,0
2.690454,0,0,0,0,0
2.692029,0,0,0,0,0
2.693602,0,0,0,0,0
2.695251,0,0,0,0,0
2.697007,0,0,0,0,0
2.698870,0,0,0,0,0
2.700721,0,0,0,0,0
2.702352,0,0,0,0,0
2.704119,0,0,0,0,0
2.705931,0,0,0,0,0
2.707726,0,0,0,0,0
2.709698,0,0,0,0,0
2.711504,0,0,0,0,0
2.713330,0,0,0,0,0
2.714895,0,0,0,0,0
2.716721,0,0,0,0,0
2.718322,0,0,0,0,0
2.720083,0,0,0,0,0
2.721892,0,0,0,0,0
2.723519,0,0,0,0,0
2.725360,0,0,0,0,0
2.727333,0,0,0,0,0
2.729132,0,0,0,0,0
2.730941,0,0,0,0,0
2.732819,0,0,0,0,0
2.734601,0,0,0,0,0
2.736140,0,0,0,0,0
2.737710,0,0,0,0,0
2.739263,0,0,0,0,0
2.740884,0,0,0,0,0
2.742438,0,0,0,0,0
2.743986,0,0,0,0,0
2.745555,0,0,0,0,0
2.747307,0,0,0,0,0
2.748985,0,0,0,0,0
2.750695,0,0,0,0,0
2.752443,0,0,0,0,0
2.754041,0,0,0,0,0
2.755912,0,0,0,0,0
2.757921,0,0,0,0,0
2.759549,0,0,0,0,0
2.761117,0,0,0,0,0
2.762679,0,0,0,0,0
2.764231,0,0,0,0,0
2.765886,0,0,0,0,0
2.767646,0,0,0,0,0
2.769459,0,0,0,0,0
2.771269,0,0,0,0,0
2.773154,0,0,0,0,0
2.774970,0,0,0,0,0
2.776796,0,0,0,0,0
2.778604,0,0,0,0,0
2.780399,0,0,0,0,0
2.782077,0,0,0,0,0
2.783842,0,0,0,0,0
2.785656,0,0,0,0,0
2.787284,0,0,0,0,0
2.789128,0,0,0,0,0
2.790944,0,0,0,0,0
2.792749,0,0,0,0,0
2.794558,0,0,0,0,0
2.796366,0,0,0,0,0
2.798276,0,0,0,0,0
2.800087,0,0,0,0,0
2.801898,0,0,0,0,0
2.803706,0,0,0,0,0
2.805519,0,0,0,0,0
2.807327,0,0,0,0,0
2.808953,0,0,0,0,0
2.810652,0,0,0,0,0
2.812398,0,0,0,0,0
2.814079,0,0,0,0,0
2.815668,0,0,0,0,0
2.817438,0,0,0,0,0
2.819074,0,0,0,0,0
2.820710,0,0,0,0,0
2.822471,0,0,0,0,0
2.824277,0,0,0,0,0
2.826082,0,0,0,0,0
2.827902,0,0,0,0,0
2.829584,0,0,0,0,0
2.831352,0,0,0,0,0
2.833153,0,0,0,0,0
2.834967,0,0,0,0,0
2.836846,0,0,0,0,0
2.838651,0,0,0,0,0
2.840477,0,0,0,0,0
2.842284,0,0,0,0,0
2.844091,0,0,0,0,0
2.845901,0,0,0,0,0
2.847707,0,0,0,0,0
2.849516,0,0,0,0,0
2.851153,0,0,0,0,0
2.853008,0,0,0,0,0
2.854756,0,0,0,0,0
2.856521,0,0,0,0,0
2.858333,0,0,0,0,0
2.860142,0,0,0,0,0
2.862044,0,0,0,0,0
2.863853,0,0,0,0,0
2.865660,0,0,0,0,0
2.867469,0,0,0,0,0
2.869352,0,0,0,0,0
2.870963,0,0,0,0,0
2.872729,0,0,0,0,0
2.874339,0,0,0,0,0
2.875985,0,0,0,0,0
2.877856,0,0,0,0,0
2.879676,0,0,0,0,0
2.881281,0,0,0,0,0
2.883072,0,0,0,0,0
2.884956,0,0,0,0,0
2.886911,0,0,0,0,0
2.888718,0,0,0,0,0
2.890526,0,0,0,0,0
2.892335,0,0,0,0,0
2.894050,0,0,0,0,0
2.895819,0,0,0,0,0
2.897630,0,0,0,0,0
2.899442,0,0,0,0,0
2.901327,0,0,0,0,0
2.903020,0,0,0,0,0
2.904598,0,0,0,0,0
2.906360,0,0,0,0,0
2.908168,0,0,0,0,0
2.910059,0,0,0,0,0
2.911869,0,0,0,0,0
2.913679,0,0,0,0,0
2.915301,0,0,0,0,0
2.917129,0,0,0,0,0
2.919153,0,0,0,0,0
2.920796,0,0,0,0,0
2.922354,0,0,0,0,0
2.924028,0,0,0,0,0
2.925616,0,0,0,0,0
2.927171,0,0,0,0,0
2.928725,0,0,0,0,0
2.930280,0,0,0,0,0
2.931822,0,0,0,0,0
2.933709,0,0,0,0,0
2.935620,0,0,0,0,0
2.937211,0,0,0,0,0
2.938869,0,0,0,0,0
2.940705,0,0,0,0,0
2.942512,0,0,0,0,0
2.944320,0,0,0,0,0
2.946128,0,0,0,0,0
2.947866,0,0,0,0,0
2.949471,0,0,0,0,0
2.951065,0,0,0,0,0
2.952612,0,0,0,0,0
2.954166,0,0,0,0,0
2.955716,0,0,0,0,0
2.957343,0,0,0,0,0
2.958915,0,0,0,0,0
2.960676,0,0,0,0,0
2.962486,0,0,0,0,0
2.964295,0,0,0,0,0
2.966188,0,0,0,0,0
2.967997,0,0,0,0,0
2.969831,0,0,0,0,0
2.971642,0,0,0,0,0
2.973530,0,0,0,0,0
2.975397,0,0,0,0,0
2.977202,0,0,0,0,0
2.979015,0,0,0,0,0
2.980724,0,0,0,0,0
2.982493,0,0,0,0,0
2.984302,0,0,0,0,0
2.986113,0,0,0,0,0
2.987923,0,0,0,0,0
2.989736,0,0,0,0,0
2.991552,0,0,0,0,0
2.993346,0,0,0,0,0
2.995677,0,0,0,0,0
2.997428,0,0,0,0,0
2.999251,0,0,0,0,0
3.001055,0,0,0,0,0
3.002686,0,0,0,0,0
3.004244,0,0,0,0,0
3.006565,0,0,0,0,0
3.008123,0,0,0,0,0
3.009667,0,0,0,0,0
3.011412,0,0,0,0,0
3.013296,0,0,0,0,0
3.014926,0,0,0,0,0
3.016413,0,0,0,0,0
3.018087,0,0,0,0,0
3.020772,0,0,0,0,0
3.022393,0,0,0,0,0
3.023946,0,0,0,0,0
3.025546,0,0,0,0,0
3.027100,0,0,0,0,0
3.028725,0,0,0,0,0
3.030481,0,0,0,0,0
3.032284,0,0,0,0,0
3.034088,0,0,0,0,0
3.035917,0,0,0,0,0
3.037731,0,0,0,0,0
3.039540,0,0,0,0,0
3.041344,0,0,0,0,0
3.043121,0,0,0,0,0
3.044760,0,0,0,0,0
3.046533,0,0,0,0,0
3.048342,0,0,0,0,0
3.050154,0,0,0,0,0
3.051950,0,0,0,0,0
3.053669,0,0,0,0,0
3.055383,0,0,0,0,0
3.057155,0,0,0,0,0
3.058870,0,0,0,0,0
3.060713,0,0,0,0,0
3.062524,0,0,0,0,0
3.064335,0,0,0,0,0
3.066144,0,0,0,0,0
3.067776,0,0,0,0,0
3.069546,0,0,0,0,0
3.071174,0,0,0,0,0
3.072793,0,0,0,0,0
3.074351,0,0,0,0,0
3.075905,0,0,0,0,0
3.077537,0,0,0,0,0
3.079124,0,0,0,0,0
3.080676,0,0,0,0,0
3.082434,0,0,0,0,0
3.084243,0,0,0,0,0
3.086134,0,0,0,0,0
3.087942,0,0,0,0,0
3.089575,0,0,0,0,0
3.091345,0,0,0,0,0
3.093228,0,0,0,0,0
3.095043,0,0,0,0,0
3.096848,0,0,0,0,0
3.098656,0,0,0,0,0
3.100485,0,0,0,0,0
3.102103,0,0,0,0,0
3.103869,0,0,0,0,0
3.105679,0,0,0,0,0
3.107485,0,0,0,0,0
3.109368,0,0,0,0,0
3.111146,0,0,0,0,0
3.112902,0,0,0,0,0
3.114860,0,0,0,0,0
3.116879,0,0,0,0,0
3.118588,0,0,0,0,0
3.120352,0,0,0,0,0
3.121983,0,0,0,0,0
3.123539,0,0,0,0,0
3.125165,0,0,0,0,0
3.126813,0,0,0,0,0
3.128364,0,0,0,0,0
3.129914,0,0,0,0,0
3.131668,0,0,0,0,0
3.133371,0,0,0,0,0
3.135272,0,0,0,0,0
3.136879,0,0,0,0,0
3.138656,0,0,0,0,0
3.140467,0,0,0,0,0
3.142087,0,0,0,0,0
3.143670,0,0,0,0,0
3.145435,0,0,0,0,0
3.147245,0,0,0,0,0
3.149130,0,0,0,0,0
3.150944,0,0,0,0,0
3.152750,0,0,0,0,0
3.154377,0,0,0,0,0
3.156145,0,0,0,0,0
3.157957,0,0,0,0,0
3.159765,0,0,0,0,0
3.161576,0,0,0,0,0
3.163385,0,0,0,0,0
3.165291,0,0,0,0,0
3.167108,0,0,0,0,0
3.168913,0,0,0,0,0
3.170865,0,0,0,0,0
3.172735,0,0,0,0,0
3.174337,0,0,0,0,0
3.176008,0,0,0,0,0
3.177772,0,0,0,0,0
3.179633,0,0,0,0,0
3.181318,0,0,0,0,0
3.183092,0,0,0,0,0
3.184897,0,0,0,0,0
3.186856,0,0,0,0,0
3.188740,0,0,0,0,0
3.190547,0,0,0,0,0
3.192355,0,0,0,0,0
3.194164,0,0,0,0,0
3.195974,0,0,0,0,0
3.197609,0,0,0,0,0
3.199378,0,0,0,0,0
3.201183,0,0,0,0,0
3.202993,0,0,0,0,0
3.204837,0,0,0,0,0
3.206646,0,0,0,0,0
3.208476,0,0,0,0,0
3.210287,0,0,0,0,0
3.212096,0,0,0,0,0
3.213908,0,0,0,0,0
3.215717,0,0,0,0,0
3.217527,0,0,0,0,0
3.219158,0,0,0,0,0
3.221003,0,0,0,0,0
3.222966,0,0,0,0,0
3.224772,0,0,0,0,0
3.226580,0,0,0,0,0
3.228372,0,0,0,0,0
3.230066,0,0,0,0,0
3.231817,0,0,0,0,0
3.233677,0,0,0,0,0
3.235325,0,0,0,0,0
3.237090,0,0,0,0,0
3.238652,0,0,0,0,0
3.240424,0,0,0,0,0
3.242237,0,0,0,0,0
3.244046,0,0,0,0,0
3.245858,0,0,0,0,0
3.247667,0,0,0,0,0
3.249479,0,0,0,0,0
3.251309,0,0,0,0,0
3.253195,0,0,0,0,0
3.254795,0,0,0,0,0
3.256561,0,0,0,0,0
3.258369,0,0,0,0,0
3.260162,0,0,0,0,0
3.261851,0,0,0,0,0
3.263619,0,0,0,0,0
3.265429,0,0,0,0,0
3.267240,0,0,0,0,0
3.269123,0,0,0,0,0
3.270937,0,0,0,0,0
3.272764,0,0,0,0,0
3.274571,0,0,0,0,0
3.276379,0,0,0,0,0
3.278269,0,0,0,0,0
3.280078,0,0,0,0,0
3.281891,0,0,0,0,0
3.283523,0,0,0,0,0
3.285366,0,0,0,0,0
3.287324,0,0,0,0,0
3.289130,0,0,0,0,0
3.290935,0,0,0,0,0
3.292803,0,0,0,0,0
3.294603,0,0,0,0,0
3.296250,0,0,0,0,0
3.298121,0,0,0,0,0
3.299947,0,0,0,0,0
3.301556,0,0,0,0,0
3.303320,0,0,0,0,0
3.304943,0,0,0,0,0
3.306881,0,0,0,0,0
3.308759,0,0,0,0,0
3.310565,0,0,0,0,0
3.312371,0,0,0,0,0
3.314178,0,0,0,0,0
3.316005,0,0,0,0,0
3.317813,0,0,0,0,0
3.319618,0,0,0,0,0
3.321426,0,0,0,0,0
3.323233,0,0,0,0,0
3.325115,0,0,0,0,0
3.326748,0,0,0,0,0
3.328528,0,0,0,0,0
3.330184,0,0,0,0,0
3.331961,0,0,0,0,0
3.333819,0,0,0,0,0
3.335345,0,0,0,0,0
3.337197,0,0,0,0,0
3.338904,0,0,0,0,0
3.340475,0,0,0,0,0
3.342312,0,0,0,0,0
3.344118,0,0,0,0,0
3.345926,0,0,0,0,0
3.347555,0,0,0,0,0
3.349551,0,0,0,0,0
3.351722,0,0,0,0,0
3.353287,0,0,0,0,0
3.354869,0,0,0,0,0
3.356412,0,0,0,0,0
3.358090,0,0,0,0,0
3.359648,0,0,0,0,0
3.361197,0,0,0,0,0
3.363029,0,0,0,0,0
3.364913,0,0,0,0,0
3.366867,0,0,0,0,0
3.368491,0,0,0,0,0
3.370261,0,0,0,0,0
3.372069,0,0,0,0,0
3.373878,0,0,0,0,0
3.375684,0,0,0,0,0
3.377494,0,0,0,0,0
3.379322,0,0,0,0,0
3.380931,0,0,0,0,0
3.382632,0,0,0,0,0
3.384390,0,0,0,0,0
3.386198,0,0,0,0,0
3.388006,0,0,0,0,0
3.389634,0,0,0,0,0
3.391637,0,0,0,0,0
3.393273,0,0,0,0,0
3.394868,0,0,0,0,0
3.396415,0,0,0,0,0
3.398052,0,0,0,0,0
3.399619,0,0,0,0,0
3.401170,0,0,0,0,0
3.402725,0,0,0,0,0
3.404478,0,0,0,0,0
3.406098,0,0,0,0,0
3.407867,0,0,0,0,0
3.409676,0,0,0,0,0
3.411416,0,0,0,0,0
3.413109,0,0,0,0,0
3.415270,0,0,0,0,0
3.417216,0,0,0,0,0
3.418875,0,0,0,0,0
3.421253,0,0,0,0,0
3.423640,0,0,0,0,0
3.425201,0,0,0,0,0
3.426849,0,0,0,0,0
3.428392,0,0,0,0,0
3.430007,0,0,0,0,0
3.431556,0,0,0,0,0
3.433304,0,0,0,0,0
3.435125,0,0,0,0,0
3.436771,0,0,0,0,0
3.438327,0,0,0,0,0
3.439886,0,0,0,0,0
3.441444,0,0,0,0,0
3.442998,0,0,0,0,0
3.444832,0,0,0,0,0
3.446461,0,0,0,0,0
3.448231,0,0,0,0,0
3.450042,0,0,0,0,0
3.451852,0,0,0,0,0
3.453666,0,0,0,0,0
3.455477,0,0,0,0,0
3.457105,0,0,0,0,0
3.458881,0,0,0,0,0
3.460767,0,0,0,0,0
3.462579,0,0,0,0,0
3.464374,0,0,0,0,0
3.466057,0,0,0,0,0
3.467825,0,0,0,0,0
3.469665,0,0,0,0,0
3.471461,0,0,0,0,0
3.473018,0,0,0,0,0
3.474723,0,0,0,0,0
3.476401,0,0,0,0,0
3.478046,0,0,0,0,0
3.479608,0,0,0,0,0
3.481167,0,0,0,0,0
3.482725,0,0,0,0,0
3.484274,0,0,0,0,0
3.485887,0,0,0,0,0
3.487365,0,0,0,0,0
3.489122,0,0,0,0,0
3.490734,0,0,0,0,0
3.492495,0,0,0,0,0
3.494107,0,0,0,0,0
3.495662,0,0,0,0,0
3.497424,0,0,0,0,0
3.499056,0,0,0,0,0
3.500903,0,0,0,0,0
3.502881,0,0,0,0,0
3.504684,0,0,0,0,0
3.506494,0,0,0,0,0
3.508303,0,0,0,0,0
3.510161,0,0,0,0,0
3.511971,0,0,0,0,0
3.513871,0,0,0,0,0
3.515530,0,0,0,0,0
3.517173,0,0,0,0,0
3.518741,0,0,0,0,0
3.520315,0,0,0,0,0
3.521873,0,0,0,0,0
3.523428,0,0,0,0,0
3.525046,0,0,0,0,0
3.526752,0,0,0,0,0
3.528505,0,0,0,0,0
3.530317,0,0,0,0,0
3.532130,0,0,0,0,0
3.533724,0,0,0,0,0
3.535428,0,0,0,0,0
3.537241,0,0,0,0,0
3.538949,0,0,0,0,0
3.540783,0,0,0,0,0
3.542403,0,0,0,0,0
3.544166,0,0,0,0,0
3.545971,0,0,0,0,0
3.547778,0,0,0,0,0
3.549588,0,0,0,0,0
3.551391,0,0,0,0,0
3.553017,0,0,0,0,0
3.554717,0,0,0,0,0
3.556475,0,0,0,0,0
3.558094,0,0,0,0,0
3.559653,0,0,0,0,0
3.561568,0,0,0,0,0
3.563200,0,0,0,0,0
3.565134,0,0,0,0,0
3.566950,0,0,0,0,0
3.568751,0,0,0,0,0
3.570559,0,0,0,0,0
3.572407,0,0,0,0,0
3.574382,0,0,0,0,0
3.575991,0,0,0,0,0
3.577554,0,0,0,0,0
3.579101,0,0,0,0,0
3.580715,0,0,0,0,0
3.582264,0,0,0,0,0
3.583862,0,0,0,0,0
3.585685,0,0,0,0,0
3.587327,0,0,0,0,0
3.588956,0,0,0,0,0
3.590632,0,0,0,0,0
3.592174,0,0,0,0,0
3.593809,0,0,0,0,0
3.595518,0,0,0,0,0
3.597296,0,0,0,0,0
3.599272,0,0,0,0,0
3.600871,0,0,0,0,0
3.602438,0,0,0,0,0
3.603995,0,0,0,0,0
3.605630,0,0,0,0,0
3.607184,0,0,0,0,0
3.608754,0,0,0,0,0
3.610516,0,0,0,0,0
3.612325,0,0,0,0,0
3.614165,0,0,0,0,0
3.615974,0,0,0,0,0
3.617783,0,0,0,0,0
3.619614,0,0,0,0,0
3.621504,0,0,0,0,0
3.623314,0,0,0,0,0
3.625120,0,0,0,0,0
3.626934,0,0,0,0,0
3.628817,0,0,0,0,0
3.633795,0,0,0,0,0
3.635378,0,0,0,0,0
3.637007,0,0,0,0,0
3.638724,0,0,0,0,0
3.640273,0,0,0,0,0
3.641848,0,0,0,0,0
3.643404,0,0,0,0,0
3.645024,0,0,0,0,0
3.646715,0,0,0,0,0
3.648269,0,0,0,0,0
3.649828,0,0,0,0,0
3.651374,0,0,0,0,0
3.652998,0,0,0,0,0
3.654711,0,0,0,0,0
3.656261,0,0,0,0,0
3.657943,0,0,0,0,0
3.659500,0,0,0,0,0
3.661116,0,0,0,0,0
3.662672,0,0,0,0,0
3.664236,0,0,0,0,0
3.665788,0,0,0,0,0
3.667338,0,0,0,0,0
3.668954,0,0,0,0,0
3.671013,0,0,0,0,0
3.672579,0,0,0,0,0
3.674124,0,0,0,0,0
3.675682,0,0,0,0,0
3.677290,0,0,0,0,0
3.678828,0,0,0,0,0
3.680377,0,0,0,0,0
3.681929,0,0,0,0,0
3.683477,0,0,0,0,0
3.685572,0,0,0,0,0
3.687389,0,0,0,0,0
3.689195,0,0,0,0,0
3.691120,0,0,0,0,0
3.693023,0,0,0,0,0
3.694972,0,0,0,0,0
3.696775,0,0,0,0,0
3.698491,0,0,0,0,0
3.700265,0,0,0,0,0
3.702155,0,0,0,0,0
3.703960,0,0,0,0,0
3.705769,0,0,0,0,0
3.707574,0,0,0,0,0
3.709198,0,0,0,0,0
3.710965,0,0,0,0,0
3.712559,0,0,0,0,0
3.714149,0,0,0,0,0
3.716229,0,0,0,0,0
3.718173,0,0,0,0,0
3.719904,0,0,0,0,0
3.721673,0,0,0,0,0
3.723481,0,0,0,0,0
3.725363,0,0,0,0,0
3.727325,0,0,0,0,0
3.729127,0,0,0,0,0
3.731009,0,0,0,0,0
3.732892,0,0,0,0,0
3.734848,0,0,0,0,0
3.736656,0,0,0,0,0
3.738502,0,0,0,0,0
3.740315,0,0,0,0,0
3.741993,0,0,0,0,0
3.743754,0,0,0,0,0
3.745559,0,0,0,0,0
3.747362,0,0,0,0,0
3.749286,0,0,0,0,0
3.750919,0,0,0,0,0
3.752500,0,0,0,0,0
3.754262,0,0,0,0,0
3.756067,0,0,0,0,0
3.757874,0,0,0,0,0
3.759830,0,0,0,0,0
3.761645,0,0,0,0,0
3.763275,0,0,0,0,0
3.765121,0,0,0,0,0
3.766737,0,0,0,0,0
3.768504,0,0,0,0,0
3.770315,0,0,0,0,0
3.772108,0,0,0,0,0
3.773800,0,0,0,0,0
3.775508,0,0,0,0,0
3.777267,0,0,0,0,0
3.779183,0,0,0,0,0
3.781068,0,0,0,0,0
3.782884,0,0,0,0,0
3.784513,0,0,0,0,0
3.786286,0,0,0,0,0
3.788096,0,0,0,0,0
3.789906,0,0,0,0,0
3.791713,0,0,0,0,0
3.793524,0,0,0,0,0
3.795352,0,0,0,0,0
3.797237,0,0,0,0,0
3.799055,0,0,0,0,0
3.800861,0,0,0,0,0
3.802460,0,0,0,0,0
3.804211,0,0,0,0,0
3.805910,0,0,0,0,0
3.807678,0,0,0,0,0
3.809488,0,0,0,0,0
3.811296,0,0,0,0,0
3.813182,0,0,0,0,0
3.814878,0,0,0,0,0
3.816656,0,0,0,0,0
3.818463,0,0,0,0,0
3.820272,0,0,0,0,0
3.822162,0,0,0,0,0
3.823969,0,0,0,0,0
3.825778,0,0,0,0,0
3.827403,0,0,0,0,0
3.829259,0,0,0,0,0
3.830899,0,0,0,0,0
3.832454,0,0,0,0,0
3.834001,0,0,0,0,0
3.835846,0,0,0,0,0
3.837541,0,0,0,0,0
3.839103,0,0,0,0,0
3.840867,0,0,0,0,0
3.842470,0,0,0,0,0
3.844235,0,0,0,0,0
3.846129,0,0,0,0,0
3.847760,0,0,0,0,0
3.849532,0,0,0,0,0
3.851341,0,0,0,0,0
3.853227,0,0,0,0,0
3.855043,0,0,0,0,0
3.856847,0,0,0,0,0
3.858475,0,0,0,0,0
3.860243,0,0,0,0,0
3.862136,0,0,0,0,0
3.863947,0,0,0,0,0
3.865758,0,0,0,0,0
3.867568,0,0,0,0,0
3.869275,0,0,0,0,0
3.871050,0,0,0,0,0
3.872857,0,0,0,0,0
3.874459,0,0,0,0,0
3.876225,0,0,0,0,0
3.878117,0,0,0,0,0
3.879946,0,0,0,0,0
3.881757,0,0,0,0,0
3.883564,0,0,0,0,0
3.885454,0,0,0,0,0
3.887265,0,0,0,0,0
3.889072,0,0,0,0,0
3.890708,0,0,0,0,0
3.892461,0,0,0,0,0
3.894080,0,0,0,0,0
3.895705,0,0,0,0,0
3.897486,0,0,0,0,0
3.899337,0,0,0,0,0
3.901236,0,0,0,0,0
3.903049,0,0,0,0,0
3.904853,0,0,0,0,0
3.906657,0,0,0,0,0
3.908462,0,0,0,0,0
3.910350,0,0,0,0,0
3.911977,0,0,0,0,0
3.913742,0,0,0,0,0
3.915548,0,0,0,0,0
3.917434,0,0,0,0,0
3.919240,0,0,0,0,0
3.921043,0,0,0,0,0
3.922803,0,0,0,0,0
3.924645,0,0,0,0,0
3.926452,0,0,0,0,0
3.928259,0,0,0,0,0
3.930067,0,0,0,0,0
3.931874,0,0,0,0,0
3.933503,0,0,0,0,0
3.935268,0,0,0,0,0
3.937072,0,0,0,0,0
3.938878,0,0,0,0,0
3.940516,0,0,0,0,0
3.942289,0,0,0,0,0
3.943917,0,0,0,0,0
3.945686,0,0,0,0,0
3.947496,0,0,0,0,0
3.949536,0,0,0,0,0
3.951347,0,0,0,0,0
3.953140,0,0,0,0,0
3.954827,0,0,0,0,0
3.956377,0,0,0,0,0
3.958194,0,0,0,0,0
3.959875,0,0,0,0,0
3.961553,0,0,0,0,0
3.963228,0,0,0,0,0
3.964963,0,0,0,0,0
3.966568,0,0,0,0,0
3.968332,0,0,0,0,0
3.970137,0,0,0,0,0
3.971942,0,0,0,0,0
3.973748,0,0,0,0,0
3.975546,0,0,0,0,0
3.977171,0,0,0,0,0
3.978942,0,0,0,0,0
3.980822,0,0,0,0,0
3.982627,0,0,0,0,0
3.984429,0,0,0,0,0
3.986236,0,0,0,0,0
3.988065,0,0,0,0,0
3.989872,0,0,0,0,0
3.991677,0,0,0,0,0
3.993484,0,0,0,0,0
3.995290,0,0,0,0,0
3.997169,0,0,0,0,0
3.998782,0,0,0,0,0
4.000338,0,0,0,0,0
4.002098,0,0,0,0,0
4.003903,0,0,0,0,0
4.005712,0,0,0,0,0
4.007639,0,0,0,0,0
4.009626,0,0,0,0,0
4.011184,0,0,0,0,0
4.013016,0,0,0,0,0
4.014882,0,0,0,0,0
4.016435,0,0,0,0,0
4.018062,0,0,0,0,0
4.019638,0,0,0,0,0
4.021265,0,0,0,0,0
4.022823,0,0,0,0,0
4.024378,0,0,0,0,0
4.025932,0,0,0,0,0
4.027473,0,0,0,0,0
4.029293,0,0,0,0,0
4.030894,0,0,0,0,0
4.032442,0,0,0,0,0
4.034083,0,0,0,0,0
4.035611,0,0,0,0,0
4.037148,0,0,0,0,0
4.038689,0,0,0,0,0
4.040180,0,0,0,0,0
4.041758,0,0,0,0,0
4.043241,0,0,0,0,0
4.044998,0,0,0,0,0
4.046863,0,0,0,0,0
4.048439,0,0,0,0,0
4.050174,0,0,0,0,0
4.051969,0,0,0,0,0
4.053757,0,0,0,0,0
4.055569,0,0,0,0,0
4.057620,0,0,0,0,0
4.059338,0,0,0,0,0
4.061165,0,0,0,0,0
4.062790,0,0,0,0,0
4.064290,0,0,0,0,0
4.066003,0,0,0,0,0
4.067874,0,0,0,0,0
4.069678,0,0,0,0,0
4.071346,0,0,0,0,0
4.072838,0,0,0,0,0
4.074404,0,0,0,0,0
4.076015,0,0,0,0,0
4.077557,0,0,0,0,0
4.079003,0,0,0,0,0
4.080436,0,0,0,0,0
4.081862,0,0,0,0,0
4.083299,0,0,0,0,0
4.084781,0,0,0,0,0
4.086371,0,0,0,0,0
4.087900,0,0,0,0,0
4.089363,0,0,0,0,0
4.090908,0,0,0,0,0
4.092439,0,0,0,0,0
4.093918,0,0,0,0,0
4.095426,0,0,0,0,0
4.096940,0,0,0,0,0
4.098536,0,0,0,0,0
4.100067,0,0,0,0,0
4.101607,0,0,0,0,0
4.103148,0,0,0,0,0
4.105851,0,0,0,0,0
4.107589,0,0,0,0,0
4.109849,0,0,0,0,0
4.111463,0,0,0,0,0
4.113748,0,0,0,0,0
4.115490,0,0,0,0,0
4.117116,0,0,0,0,0
4.118836,0,0,0,0,0
4.120527,0,0,0,0,0
4.122200,0,0,0,0,0
4.123806,0,0,0,0,0
4.125549,0,0,0,0,0
4.127292,0,0,0,0,0
4.129047,0,0,0,0,0
4.130725,0,0,0,0,0
4.132244,0,0,0,0,0
4.133830,0,0,0,0,0
4.135332,0,0,0,0,0
4.136846,0,0,0,0,0
4.138344,0,0,0,0,0
4.140006,0,0,0,0,0
4.141614,0,0,0,0,0
4.143198,0,0,0,0,0
4.144755,0,0,0,0,0
4.146313,0,0,0,0,0
4.147889,0,0,0,0,0
4.149451,0,0,0,0,0
4.151209,0,0,0,0,0
4.153017,0,0,0,0,0
4.154767,0,0,0,0,0
4.156533,0,0,0,0,0
4.158176,0,0,0,0,0
4.159729,0,0,0,0,0
4.161618,0,0,0,0,0
4.163271,0,0,0,0,0
4.164889,0,0,0,0,0
4.166442,0,0,0,0,0
4.167996,0,0,0,0,0
4.169567,0,0,0,0,0
4.171120,0,0,0,0,0
4.172955,0,0,0,0,0
4.174909,0,0,0,0,0
4.176712,0,0,0,0,0
4.178519,0,0,0,0,0
4.180346,0,0,0,0,0
4.182239,0,0,0,0,0
4.184046,0,0,0,0,0
4.185854,0,0,0,0,0
4.187661,0,0,0,0,0
4.189471,0,0,0,0,0
4.191097,0,0,0,0,0
4.192859,0,0,0,0,0
4.194461,0,0,0,0,0
4.196223,0,0,0,0,0
4.198112,0,0,0,0,0
4.199920,0,0,0,0,0
4.201748,0,0,0,0,0
4.203557,0,0,0,0,0
4.205443,0,0,0,0,0
4.207249,0,0,0,0,0
4.209054,0,0,0,0,0
4.210717,0,0,0,0,0
4.212502,0,0,0,0,0
4.214322,0,0,0,0,0
4.216172,0,0,0,0,0
4.217832,0,0,0,0,0
4.219591,0,0,0,0,0
4.221549,0,0,0,0,0
4.223433,0,0,0,0,0
4.225198,0,0,0,0,0
4.226919,0,0,0,0,0
4.229345,0,0,0,0,0
4.231245,0,0,0,0,0
4.232848,0,0,0,0,0
4.234429,0,0,0,0,0
4.236193,0,0,0,0,0
4.238085,0,0,0,0,0
4.239894,0,0,0,0,0
4.241706,0,0,0,0,0
4.243517,0,0,0,0,0
4.245427,0,0,0,0,0
4.247237,0,0,0,0,0
4.249042,0,0,0,0,0
4.250858,0,0,0,0,0
4.252742,0,0,0,0,0
4.254551,0,0,0,0,0
4.256181,0,0,0,0,0
4.257954,0,0,0,0,0
4.259764,0,0,0,0,0
4.261576,0,0,0,0,0
4.263383,0,0,0,0,0
4.265191,0,0,0,0,0
4.266818,0,0,0,0,0
4.268381,0,0,0,0,0
4.270222,0,0,0,0,0
4.272030,0,0,0,0,0
4.273842,0,0,0,0,0
4.275653,0,0,0,0,0
4.277361,0,0,0,0,0
4.279003,0,0,0,0,0
4.280750,0,0,0,0,0
4.282351,0,0,0,0,0
4.283986,0,0,0,0,0
4.285824,0,0,0,0,0
4.287688,0,0,0,0,0
4.289499,0,0,0,0,0
4.291311,0,0,0,0,0
4.293194,0,0,0,0,0
4.294828,0,0,0,0,0
4.296389,0,0,0,0,0
4.297964,0,0,0,0,0
4.299726,0,0,0,0,0
4.301539,0,0,0,0,0
4.303350,0,0,0,0,0
4.305154,0,0,0,0,0
4.306968,0,0,0,0,0
4.308873,0,0,0,0,0
4.310477,0,0,0,0,0
4.312242,0,0,0,0,0
4.314055,0,0,0,0,0
4.315850,0,0,0,0,0
4.317822,0,0,0,0,0
4.319489,0,0,0,0,0
4.321047,0,0,0,0,0
4.322880,0,0,0,0,0
4.324762,0,0,0,0,0
4.326570,0,0,0,0,0
4.328377,0,0,0,0,0
4.330029,0,0,0,0,0
4.331855,0,0,0,0,0
4.333667,0,0,0,0,0
4.335277,0,0,0,0,0
4.337045,0,0,0,0,0
4.338851,0,0,0,0,0
4.340469,0,0,0,0,0
4.342069,0,0,0,0,0
4.343938,0,0,0,0,0
4.345805,0,0,0,0,0
4.347711,0,0,0,0,0
4.349524,0,0,0,0,0
4.351350,0,0,0,0,0
4.353128,0,0,0,0,0
4.354895,0,0,0,0,0
4.356441,0,0,0,0,0
4.358067,0,0,0,0,0
4.359618,0,0,0,0,0
4.361185,0,0,0,0,0
4.362945,0,0,0,0,0
4.364827,0,0,0,0,0
4.366634,0,0,0,0,0
4.368439,0,0,0,0,0
4.370247,0,0,0,0,0
4.372074,0,0,0,0,0
4.373881,0,0,0,0,0
4.375688,0,0,0,0,0
4.377494,0,0,0,0,0
4.379295,0,0,0,0,0
4.381245,0,0,0,0,0
4.382885,0,0,0,0,0
4.384651,0,0,0,0,0
4.386458,0,0,0,0,0
4.388268,0,0,0,0,0
4.390154,0,0,0,0,0
4.391961,0,0,0,0,0
4.393816,0,0,0,0,0
4.395451,0,0,0,0,0
4.397102,0,0,0,0,0
4.398862,0,0,0,0,0
4.400654,0,0,0,0,0
4.402489,0,0,0,0,0
4.404148,0,0,0,0,0
4.406159,0,0,0,0,0
4.407760,0,0,0,0,0
4.409317,0,0,0,0,0
4.410887,0,0,0,0,0
4.412446,0,0,0,0,0
4.414077,0,0,0,0,0
4.415850,0,0,0,0,0
4.417660,0,0,0,0,0
4.419466,0,0,0,0,0
4.421349,0,0,0,0,0
4.422963,0,0,0,0,0
4.424727,0,0,0,0,0
4.426345,0,0,0,0,0
4.428034,0,0,0,0,0
4.429773,0,0,0,0,0
4.431376,0,0,0,0,0
4.433146,0,0,0,0,0
4.434959,0,0,0,0,0
4.436857,0,0,0,0,0
4.438660,0,0,0,0,0
4.440465,0,0,0,0,0
4.442272,0,0,0,0,0
4.444076,0,0,0,0,0
4.445690,0,0,0,0,0
4.447284,0,0,0,0,0
4.449045,0,0,0,0,0
4.450860,0,0,0,0,0
4.452745,0,0,0,0,0
4.454556,0,0,0,0,0
4.456365,0,0,0,0,0
4.458197,0,0,0,0,0
4.459991,0,0,0,0,0
4.461733,0,0,0,0,0
4.463325,0,0,0,0,0
4.465149,0,0,0,0,0
4.466763,0,0,0,0,0
4.468338,0,0,0,0,0
4.470119,0,0,0,0,0
4.471929,0,0,0,0,0
4.473739,0,0,0,0,0
4.475545,0,0,0,0,0
4.477433,0,0,0,0,0
4.479263,0,0,0,0,0
4.481071,0,0,0,0,0
4.482952,0,0,0,0,0
4.484839,0,0,0,0,0
4.486646,0,0,0,0,0
4.488455,0,0,0,0,0
4.490087,0,0,0,0,0
4.491857,0,0,0,0,0
4.493669,0,0,0,0,0
4.495479,0,0,0,0,0
4.497283,0,0,0,0,0
4.499099,0,0,0,0,0
4.501003,0,0,0,0,0
4.502770,0,0,0,0,0
4.504534,0,0,0,0,0
4.506342,0,0,0,0,0
4.508151,0,0,0,0,0
4.509962,0,0,0,0,0
4.511590,0,0,0,0,0
4.513356,0,0,0,0,0
4.514966,0,0,0,0,0
4.516809,0,0,0,0,0
4.518621,0,0,0,0,0
4.520413,0,0,0,0,0
4.522032,0,0,0,0,0
4.523859,0,0,0,0,0
4.525600,0,0,0,0,0
4.527339,0,0,0,0,0
4.528907,0,0,0,0,0
4.530460,0,0,0,0,0
4.532028,0,0,0,0,0
4.533660,0,0,0,0,0
4.535211,0,0,0,0,0
4.536964,0,0,0,0,0
4.538922,0,0,0,0,0
4.540805,0,0,0,0,0
4.542437,0,0,0,0,0
4.544212,0,0,0,0,0
4.545863,0,0,0,0,0
4.547530,0,0,0,0,0
4.549868,0,0,0,0,0
4.551812,0,0,0,0,0
4.553651,0,0,0,0,0
4.555314,0,0,0,0,0
4.556939,0,0,0,0,0
4.558661,0,0,0,0,0
4.560206,0,0,0,0,0
4.561749,0,0,0,0,0
4.563293,0,0,0,0,0
4.564919,0,0,0,0,0
4.566474,0,0,0,0,0
4.568032,0,0,0,0,0
4.569587,0,0,0,0,0
4.571138,0,0,0,0,0
4.572754,0,0,0,0,0
4.574512,0,0,0,0,0
4.576190,0,0,0,0,0
4.577959,0,0,0,0,0
4.579766,0,0,0,0,0
4.581575,0,0,0,0,0
4.583157,0,0,0,0,0
4.585037,0,0,0,0,0
4.586753,0,0,0,0,0
4.588513,0,0,0,0,0
4.590127,0,0,0,0,0
4.591879,0,0,0,0,0
4.593775,0,0,0,0,0
4.595592,0,0,0,0,0
4.597298,0,0,0,0,0
4.599075,0,0,0,0,0
4.600882,0,0,0,0,0
4.602833,0,0,0,0,0
4.604705,0,0,0,0,0
4.606305,0,0,0,0,0
4.607947,0,0,0,0,0
4.609507,0,0,0,0,0
4.611062,0,0,0,0,0
4.612684,0,0,0,0,0
4.614239,0,0,0,0,0
4.615793,0,0,0,0,0
4.617556,0,0,0,0,0
4.619188,0,0,0,0,0
4.620971,0,0,0,0,0
4.623033,0,0,0,0,0
4.624618,0,0,0,0,0
4.626164,0,0,0,0,0
4.627710,0,0,0,0,0
4.629346,0,0,0,0,0
4.630878,0,0,0,0,0
4.632431,0,0,0,0,0
4.633989,0,0,0,0,0
4.635543,0,0,0,0,0
4.637165,0,0,0,0,0
4.638717,0,0,0,0,0
4.640270,0,0,0,0,0
4.641815,0,0,0,0,0
4.643507,0,0,0,0,0
4.645340,0,0,0,0,0
4.647004,0,0,0,0,0
4.648561,0,0,0,0,0
4.650323,0,0,0,0,0
4.651948,0,0,0,0,0
4.653719,0,0,0,0,0
4.655527,0,0,0,0,0
4.657333,0,0,0,0,0
4.658952,0,0,0,0,0
4.660793,0,0,0,0,0
4.662416,0,0,0,0,0
4.664182,0,0,0,0,0
4.665992,0,0,0,0,0
4.667800,0,0,0,0,0
4.669612,0,0,0,0,0
4.671420,0,0,0,0,0
4.673245,0,0,0,0,0
4.675059,0,0,0,0,0
4.676941,0,0,0,0,0
4.678891,0,0,0,0,0
4.680696,0,0,0,0,0
4.682503,0,0,0,0,0
4.684130,0,0,0,0,0
4.685695,0,0,0,0,0
4.687457,0,0,0,0,0
4.689260,0,0,0,0,0
4.691070,0,0,0,0,0
4.692969,0,0,0,0,0
4.694956,0,0,0,0,0
4.696759,0,0,0,0,0
4.698687,0,0,0,0,0
4.700486,0,0,0,0,0
4.702216,0,0,0,0,0
4.703965,0,0,0,0,0
4.705762,0,0,0,0,0
4.707380,0,0,0,0,0
4.709223,0,0,0,0,0
4.711041,0,0,0,0,0
4.712849,0,0,0,0,0
4.714660,0,0,0,0,0
4.716488,0,0,0,0,0
4.718107,0,0,0,0,0
4.719873,0,0,0,0,0
4.721684,0,0,0,0,0
4.723492,0,0,0,0,0
4.725535,0,0,0,0,0
4.727172,0,0,0,0,0
4.728940,0,0,0,0,0
4.730830,0,0,0,0,0
4.732698,0,0,0,0,0
4.734298,0,0,0,0,0
4.736062,0,0,0,0,0
4.737891,0,0,0,0,0
4.739700,0,0,0,0,0
4.741511,0,0,0,0,0
4.743120,0,0,0,0,0
4.744890,0,0,0,0,0
4.746636,0,0,0,0,0
4.748410,0,0,0,0,0
4.750106,0,0,0,0,0
4.751877,0,0,0,0,0
4.753690,0,0,0,0,0
4.755500,0,0,0,0,0
4.758498,0,0,0,0,0
4.760594,0,0,0,0,0
4.762256,0,0,0,0,0
4.763995,0,0,0,0,0
4.765564,0,0,0,0,0
4.767118,0,0,0,0,0
4.768673,0,0,0,0,0
4.770257,0,0,0,0,0
4.771810,0,0,0,0,0
4.773438,0,0,0,0,0
4.774992,0,0,0,0,0
4.776545,0,0,0,0,0
4.778100,0,0,0,0,0
4.779652,0,0,0,0,0
4.781232,0,0,0,0,0
4.782992,0,0,0,0,0
4.784800,0,0,0,0,0
4.786607,0,0,0,0,0
4.788416,0,0,0,0,0
4.790309,0,0,0,0,0
4.791941,0,0,0,0,0
4.793712,0,0,0,0,0
4.795520,0,0,0,0,0
4.797550,0,0,0,0,0
4.799130,0,0,0,0,0
4.800693,0,0,0,0,0
4.802471,0,0,0,0,0
4.804280,0,0,0,0,0
4.806169,0,0,0,0,0
4.807978,0,0,0,0,0
4.809790,0,0,0,0,0
4.811600,0,0,0,0,0
4.813306,0,0,0,0,0
4.815084,0,0,0,0,0
4.816889,0,0,0,0,0
4.818844,0,0,0,0,0
4.820717,0,0,0,0,0
4.822389,0,0,0,0,0
4.823969,0,0,0,0,0
4.825651,0,0,0,0,0
4.827441,0,0,0,0,0
4.829312,0,0,0,0,0
4.830996,0,0,0,0,0
4.832764,0,0,0,0,0
4.834389,0,0,0,0,0
4.836154,0,0,0,0,0
4.837959,0,0,0,0,0
4.839623,0,0,0,0,0
4.841920,0,0,0,0,0
4.843688,0,0,0,0,0
4.845637,0,0,0,0,0
4.847224,0,0,0,0,0
4.848778,0,0,0,0,0
4.850336,0,0,0,0,0
4.851891,0,0,0,0,0
4.853515,0,0,0,0,0
4.855067,0,0,0,0,0
4.856634,0,0,0,0,0
4.858461,0,0,0,0,0
4.860270,0,0,0,0,0
4.862163,0,0,0,0,0
4.863971,0,0,0,0,0
4.865782,0,0,0,0,0
4.867612,0,0,0,0,0
4.869499,0,0,0,0,0
4.871307,0,0,0,0,0
4.873113,0,0,0,0,0
4.874927,0,0,0,0,0
4.876813,0,0,0,0,0
4.878432,0,0,0,0,0
4.880158,0,0,0,0,0
4.881688,0,0,0,0,0
4.883404,0,0,0,0,0
4.885296,0,0,0,0,0
4.887007,0,0,0,0,0
4.888782,0,0,0,0,0
4.890589,0,0,0,0,0
4.892400,0,0,0,0,0
4.894291,0,0,0,0,0
4.896097,0,0,0,0,0
4.897887,0,0,0,0,0
4.899442,0,0,0,0,0
4.901186,0,0,0,0,0
4.902736,0,0,0,0,0
4.904191,0,0,0,0,0
4.905869,0,0,0,0,0
4.907679,0,0,0,0,0
4.909492,0,0,0,0,0
4.911321,0,0,0,0,0
4.913124,0,0,0,0,0
4.914935,0,0,0,0,0
4.916818,0,0,0,0,0
4.918627,0,0,0,0,0
4.920436,0,0,0,0,0
4.922070,0,0,0,0,0
4.923839,0,0,0,0,0
4.925653,0,0,0,0,0
4.927464,0,0,0,0,0
4.929269,0,0,0,0,0
4.931085,0,0,0,0,0
4.932991,0,0,0,0,0
4.934746,0,0,0,0,0
4.936512,0,0,0,0,0
4.938323,0,0,0,0,0
4.940119,0,0,0,0,0
4.941727,0,0,0,0,0
4.943562,0,0,0,0,0
4.945344,0,0,0,0,0
4.947076,0,0,0,0,0
4.948917,0,0,0,0,0
4.950910,0,0,0,0,0
4.952711,0,0,0,0,0
4.954535,0,0,0,0,0
4.956340,0,0,0,0,0
4.958228,0,0,0,0,0
4.960033,0,0,0,0,0
4.961840,0,0,0,0,0
4.963645,0,0,0,0,0
4.965348,0,0,0,0,0
4.966959,0,0,0,0,0
4.968716,0,0,0,0,0
4.970521,0,0,0,0,0
4.972326,0,0,0,0,0
4.974161,0,0,0,0,0
4.975989,0,0,0,0,0
4.977794,0,0,0,0,0
4.979601,0,0,0,0,0
4.981486,0,0,0,0,0
4.983292,0,0,0,0,0
4.985096,0,0,0,0,0
4.986730,0,0,0,0,0
4.988493,0,0,0,0,0
4.990109,0,0,0,0,0
4.991761,0,0,0,0,0
4.993424,0,0,0,0,0
4.994996,0,0,0,0,0
4.996834,0,0,0,0,0
4.998457,0,0,0,0,0
5.000212,0,0,0,0,0
5.001808,0,0,0,0,0
5.003828,0,0,0,0,0
5.005698,0,0,0,0,0
5.007601,0,0,0,0,0
5.009357,0,0,0,0,0
5.010999,0,0,0,0,0
5.012623,0,0,0,0,0
5.014168,0,0,0,0,0
5.015713,0,0,0,0,0
5.017253,0,0,0,0,0
5.019077,0,0,0,0,0
5.020767,0,0,0,0,0
5.022526,0,0,0,0,0
5.024336,0,0,0,0,0
5.026147,0,0,0,0,0
5.027956,0,0,0,0,0
5.029769,0,0,0,0,0
5.031397,0,0,0,0,0
5.033163,0,0,0,0,0
5.034776,0,0,0,0,0
5.036332,0,0,0,0,0
5.038118,0,0,0,0,0
5.039927,0,0,0,0,0
5.041760,0,0,0,0,0
5.043570,0,0,0,0,0
5.045460,0,0,0,0,0
5.047270,0,0,0,0,0
5.049077,0,0,0,0,0
5.050890,0,0,0,0,0
5.052595,0,0,0,0,0
5.054367,0,0,0,0,0
5.056176,0,0,0,0,0
5.057987,0,0,0,0,0
5.059781,0,0,0,0,0
5.061720,0,0,0,0,0
5.063425,0,0,0,0,0
5.065317,0,0,0,0,0
5.066884,0,0,0,0,0
5.068730,0,0,0,0,0
5.070539,0,0,0,0,0
5.072348,0,0,0,0,0
5.073981,0,0,0,0,0
5.075750,0,0,0,0,0
5.077565,0,0,0,0,0
5.079376,0,0,0,0,0
5.081182,0,0,0,0,0
5.082853,0,0,0,0,0
5.084433,0,0,0,0,0
5.086276,0,0,0,0,0
5.088085,0,0,0,0,0
5.089896,0,0,0,0,0
5.091706,0,0,0,0,0
5.093520,0,0,0,0,0
5.095151,0,0,0,0,0
5.096919,0,0,0,0,0
5.098891,0,0,0,0,0
5.100776,0,0,0,0,0
5.102584,0,0,0,0,0
5.104395,0,0,0,0,0
5.106227,0,0,0,0,0
5.108037,0,0,0,0,0
5.109849,0,0,0,0,0
5.111658,0,0,0,0,0
5.113467,0,0,0,0,0
5.115261,0,0,0,0,0
5.116955,0,0,0,0,0
5.118678,0,0,0,0,0
5.120470,0,0,0,0,0
5.122068,0,0,0,0,0
5.123611,0,0,0,0,0
5.125197,0,0,0,0,0
5.126843,0,0,0,0,0
5.128690,0,0,0,0,0
5.130498,0,0,0,0,0
5.132306,0,0,0,0,0
5.134143,0,0,0,0,0
5.135949,0,0,0,0,0
5.137758,0,0,0,0,0
5.139386,0,0,0,0,0
5.141229,0,0,0,0,0
5.143041,0,0,0,0,0
5.144733,0,0,0,0,0
5.146536,0,0,0,0,0
5.148342,0,0,0,0,0
5.150250,0,0,0,0,0
5.152077,0,0,0,0,0
5.153748,0,0,0,0,0
5.155320,0,0,0,0,0
5.157157,0,0,0,0,0
5.158972,0,0,0,0,0
5.160598,0,0,0,0,0
5.162367,0,0,0,0,0
5.164175,0,0,0,0,0
5.166065,0,0,0,0,0
5.167873,0,0,0,0,0
5.169685,0,0,0,0,0
5.171514,0,0,0,0,0
5.173373,0,0,0,0,0
5.175343,0,0,0,0,0
5.177043,0,0,0,0,0
5.178687,0,0,0,0,0
5.180232,0,0,0,0,0
5.181872,0,0,0,0,0
5.183644,0,0,0,0,0
5.185206,0,0,0,0,0
5.186903,0,0,0,0,0
5.188736,0,0,0,0,0
5.190616,0,0,0,0,0
5.192445,0,0,0,0,0
5.194253,0,0,0,0,0
5.196061,0,0,0,0,0
5.197867,0,0,0,0,0
5.199674,0,0,0,0,0
5.201480,0,0,0,0,0
5.203130,0,0,0,0,0
5.204738,0,0,0,0,0
5.206396,0,0,0,0,0
5.207952,0,0,0,0,0
5.209507,0,0,0,0,0
5.211058,0,0,0,0,0
5.212696,0,0,0,0,0
5.214273,0,0,0,0,0
5.216034,0,0,0,0,0
5.217847,0,0,0,0,0
5.219656,0,0,0,0,0
5.221470,0,0,0,0,0
5.223281,0,0,0,0,0
5.224909,0,0,0,0,0
5.226473,0,0,0,0,0
5.228236,0,0,0,0,0
5.230129,0,0,0,0,0
5.231940,0,0,0,0,0
5.233752,0,0,0,0,0
5.235581,0,0,0,0,0
5.237470,0,0,0,0,0
5.239322,0,0,0,0,0
5.241115,0,0,0,0,0
5.242831,0,0,0,0,0
5.244395,0,0,0,0,0
5.246037,0,0,0,0,0
5.247797,0,0,0,0,0
5.249611,0,0,0,0,0
5.251420,0,0,0,0,0
5.253307,0,0,0,0,0
5.255118,0,0,0,0,0
5.256947,0,0,0,0,0
5.258903,0,0,0,0,0
5.260787,0,0,0,0,0
5.262598,0,0,0,0,0
5.264407,0,0,0,0,0
5.266216,0,0,0,0,0
5.267847,0,0,0,0,0
5.269621,0,0,0,0,0
5.271431,0,0,0,0,0
5.273238,0,0,0,0,0
5.275056,0,0,0,0,0
5.276941,0,0,0,0,0
5.278689,0,0,0,0,0
5.280455,0,0,0,0,0
5.282267,0,0,0,0,0
5.284076,0,0,0,0,0
5.285888,0,0,0,0,0
5.287698,0,0,0,0,0
5.289327,0,0,0,0,0
5.291103,0,0,0,0,0
5.292986,0,0,0,0,0
5.294965,0,0,0,0,0
5.296770,0,0,0,0,0
5.298579,0,0,0,0,0
5.300394,0,0,0,0,0
5.302074,0,0,0,0,0
5.303730,0,0,0,0,0
5.305494,0,0,0,0,0
5.307296,0,0,0,0,0
5.308969,0,0,0,0,0
5.310681,0,0,0,0,0
5.312476,0,0,0,0,0
5.314293,0,0,0,0,0
5.316100,0,0,0,0,0
5.317908,0,0,0,0,0
5.319713,0,0,0,0,0
5.321543,0,0,0,0,0
5.323350,0,0,0,0,0
5.325228,0,0,0,0,0
5.327031,0,0,0,0,0
5.328832,0,0,0,0,0
5.330441,0,0,0,0,0
5.332033,0,0,0,0,0
5.333805,0,0,0,0,0
5.335631,0,0,0,0,0
5.337296,0,0,0,0,0
5.339059,0,0,0,0,0
5.340928,0,0,0,0,0
5.342691,0,0,0,0,0
5.344450,0,0,0,0,0
5.346089,0,0,0,0,0
5.347864,0,0,0,0,0
5.349677,0,0,0,0,0
5.351482,0,0,0,0,0
5.353104,0,0,0,0,0
5.355129,0,0,0,0,0
5.356776,0,0,0,0,0
5.358326,0,0,0,0,0
5.359874,0,0,0,0,0
5.361644,0,0,0,0,0
5.363271,0,0,0,0,0
5.364882,0,0,0,0,0
5.366420,0,0,0,0,0
5.368173,0,0,0,0,0
5.369895,0,0,0,0,0
5.371634,0,0,0,0,0
5.373520,0,0,0,0,0
5.375149,0,0,0,0,0
5.376912,0,0,0,0,0
5.378861,0,0,0,0,0
5.380733,0,0,0,0,0
5.382332,0,0,0,0,0
5.384100,0,0,0,0,0
5.385929,0,0,0,0,0
5.387735,0,0,0,0,0
5.389547,0,0,0,0,0
5.391356,0,0,0,0,0
5.393158,0,0,0,0,0
5.394970,0,0,0,0,0
5.396673,0,0,0,0,0
5.398440,0,0,0,0,0
5.400246,0,0,0,0,0
5.402054,0,0,0,0,0
5.403858,0,0,0,0,0
5.405668,0,0,0,0,0
5.407522,0,0,0,0,0
5.409331,0,0,0,0,0
5.411023,0,0,0,0,0
5.412662,0,0,0,0,0
5.414213,0,0,0,0,0
5.415758,0,0,0,0,0
5.417323,0,0,0,0,0
5.418889,0,0,0,0,0
5.420641,0,0,0,0,0
5.422146,0,0,0,0,0
5.423739,0,0,0,0,0
5.425264,0,0,0,0,0
5.426768,0,0,0,0,0
5.428282,0,0,0,0,0
5.430088,0,0,0,0,0
5.431696,0,0,0,0,0
5.433474,0,0,0,0,0
5.435283,0,0,0,0,0
5.437168,0,0,0,0,0
5.438789,0,0,0,0,0
5.440351,0,0,0,0,0
5.442113,0,0,0,0,0
5.443921,0,0,0,0,0
5.445732,0,0,0,0,0
5.447539,0,0,0,0,0
5.449365,0,0,0,0,0
5.451316,0,0,0,0,0
5.453200,0,0,0,0,0
5.455085,0,0,0,0,0
5.456890,0,0,0,0,0
5.458848,0,0,0,0,0
5.460476,0,0,0,0,0
5.462325,0,0,0,0,0
5.464136,0,0,0,0,0
5.465945,0,0,0,0,0
5.467754,0,0,0,0,0
5.469567,0,0,0,0,0
5.471395,0,0,0,0,0
5.473201,0,0,0,0,0
5.475015,0,0,0,0,0
5.476898,0,0,0,0,0
5.478628,0,0,0,0,0
5.480381,0,0,0,0,0
5.482652,0,0,0,0,0
5.484409,0,0,0,0,0
5.486084,0,0,0,0,0
5.487630,0,0,0,0,0
5.489175,0,0,0,0,0
5.490809,0,0,0,0,0
5.492433,0,0,0,0,0
5.494055,0,0,0,0,0
5.495607,0,0,0,0,0
5.497157,0,0,0,0,0
5.498708,0,0,0,0,0
5.500256,0,0,0,0,0
5.502080,0,0,0,0,0
5.503709,0,0,0,0,0
5.505476,0,0,0,0,0
5.507284,0,0,0,0,0
5.509164,0,0,0,0,0
5.510803,0,0,0,0,0
5.512360,0,0,0,0,0
5.514136,0,0,0,0,0
5.515942,0,0,0,0,0
5.517752,0,0,0,0,0
5.519556,0,0,0,0,0
5.521360,0,0,0,0,0
5.524158,0,0,0,0,0
5.525894,0,0,0,0,0
5.527451,0,0,0,0,0
5.528997,0,0,0,0,0
5.530788,0,0,0,0,0
5.532344,0,0,0,0,0
5.533916,0,0,0,0,0
5.535470,0,0,0,0,0
5.537037,0,0,0,0,0
5.538703,0,0,0,0,0
5.540445,0,0,0,0,0
5.542337,0,0,0,0,0
5.543974,0,0,0,0,0
5.545825,0,0,0,0,0
5.547554,0,0,0,0,0
5.549208,0,0,0,0,0
5.550805,0,0,0,0,0
5.552353,0,0,0,0,0
5.553907,0,0,0,0,0
5.555668,0,0,0,0,0
5.557480,0,0,0,0,0
5.559308,0,0,0,0,0
5.561112,0,0,0,0,0
5.562925,0,0,0,0,0
5.564808,0,0,0,0,0
5.566491,0,0,0,0,0
5.568257,0,0,0,0,0
5.569883,0,0,0,0,0
5.571648,0,0,0,0,0
5.573458,0,0,0,0,0
5.575354,0,0,0,0,0
5.577160,0,0,0,0,0
5.578968,0,0,0,0,0
5.580872,0,0,0,0,0
5.582473,0,0,0,0,0
5.584238,0,0,0,0,0
5.586047,0,0,0,0,0
5.587676,0,0,0,0,0
5.589693,0,0,0,0,0
5.591303,0,0,0,0,0
5.593056,0,0,0,0,0
5.595041,0,0,0,0,0
5.596912,0,0,0,0,0
5.598971,0,0,0,0,0
5.600760,0,0,0,0,0
5.602400,0,0,0,0,0
5.603983,0,0,0,0,0
5.605763,0,0,0,0,0
5.607604,0,0,0,0,0
5.609564,0,0,0,0,0
5.611240,0,0,0,0,0
5.613099,0,0,0,0,0
5.614914,0,0,0,0,0
5.616778,0,0,0,0,0
5.618588,0,0,0,0,0
5.620396,0,0,0,0,0
5.622289,0,0,0,0,0
5.624120,0,0,0,0,0
5.625933,0,0,0,0,0
5.627727,0,0,0,0,0
5.629659,0,0,0,0,0
5.631269,0,0,0,0,0
5.633081,0,0,0,0,0
5.634716,0,0,0,0,0
5.636492,0,0,0,0,0
5.638112,0,0,0,0,0
5.639877,0,0,0,0,0
5.641687,0,0,0,0,0
5.643497,0,0,0,0,0
5.645203,0,0,0,0,0
5.646758,0,0,0,0,0
5.648382,0,0,0,0,0
5.649941,0,0,0,0,0
5.651496,0,0,0,0,0
5.653119,0,0,0,0,0
5.654676,0,0,0,0,0
5.656244,0,0,0,0,0
5.658006,0,0,0,0,0
5.659800,0,0,0,0,0
5.661739,0,0,0,0,0
5.663410,0,0,0,0,0
5.665488,0,0,0,0,0
5.667440,0,0,0,0,0
5.669235,0,0,0,0,0
5.671961,0,0,0,0,0
5.673565,0,0,0,0,0
5.675130,0,0,0,0,0
5.676751,0,0,0,0,0
5.678326,0,0,0,0,0
5.679869,0,0,0,0,0
5.681505,0,0,0,0,0
5.683064,0,0,0,0,0
5.684672,0,0,0,0,0
5.686222,0,0,0,0,0
5.687770,0,0,0,0,0
5.689328,0,0,0,0,0
5.690951,0,0,0,0,0
5.692780,0,0,0,0,0
5.694385,0,0,0,0,0
5.696151,0,0,0,0,0
5.697960,0,0,0,0,0
5.699618,0,0,0,0,0
5.701476,0,0,0,0,0
5.703286,0,0,0,0,0
5.705093,0,0,0,0,0
5.706910,0,0,0,0,0
5.708795,0,0,0,0,0
5.710422,0,0,0,0,0
5.712189,0,0,0,0,0
5.713999,0,0,0,0,0
5.715795,0,0,0,0,0
5.717721,0,0,0,0,0
5.719510,0,0,0,0,0
5.721125,0,0,0,0,0
5.722984,0,0,0,0,0
5.724802,0,0,0,0,0
5.726360,0,0,0,0,0
5.728119,0,0,0,0,0
5.729928,0,0,0,0,0
5.731751,0,0,0,0,0
5.733561,0,0,0,0,0
5.735169,0,0,0,0,0
5.736732,0,0,0,0,0
5.738292,0,0,0,0,0
5.739857,0,0,0,0,0
5.741421,0,0,0,0,0
5.743096,0,0,0,0,0
5.745812,0,0,0,0,0
5.748521,0,0,0,0,0
5.750319,0,0,0,0,0
5.751908,0,0,0,0,0
5.753447,0,0,0,0,0
5.754954,0,0,0,0,0
5.756459,0,0,0,0,0
5.758062,0,0,0,0,0
5.759622,0,0,0,0,0
5.761537,0,0,0,0,0
5.763172,0,0,0,0,0
5.764833,0,0,0,0,0
5.766599,0,0,0,0,0
5.768407,0,0,0,0,0
5.770220,0,0,0,0,0
5.772028,0,0,0,0,0
5.773839,0,0,0,0,0
5.775668,0,0,0,0,0
5.777481,0,0,0,0,0
5.779278,0,0,0,0,0
5.781148,0,0,0,0,0
5.782938,0,0,0,0,0
5.784714,0,0,0,0,0
5.786334,0,0,0,0,0
5.788099,0,0,0,0,0
5.789909,0,0,0,0,0
5.791718,0,0,0,0,0
5.793532,0,0,0,0,0
5.795344,0,0,0,0,0
5.797251,0,0,0,0,0
5.799069,0,0,0,0,0
5.800875,0,0,0,0,0
5.802483,0,0,0,0,0
5.804248,0,0,0,0,0
5.806140,0,0,0,0,0
5.807770,0,0,0,0,0
5.809541,0,0,0,0,0
5.811351,0,0,0,0,0
5.813235,0,0,0,0,0
5.815052,0,0,0,0,0
5.816859,0,0,0,0,0
5.818808,0,0,0,0,0
5.820680,0,0,0,0,0
5.822379,0,0,0,0,0
5.824148,0,0,0,0,0
5.825957,0,0,0,0,0
5.827767,0,0,0,0,0
5.829478,0,0,0,0,0
5.831243,0,0,0,0,0
5.832873,0,0,0,0,0
5.834471,0,0,0,0,0
5.836276,0,0,0,0,0
5.838164,0,0,0,0,0
5.839946,0,0,0,0,0
5.841754,0,0,0,0,0
5.843600,0,0,0,0,0
5.845332,0,0,0,0,0
5.846870,0,0,0,0,0
5.848318,0,0,0,0,0
5.849787,0,0,0,0,0
5.851534,0,0,0,0,0
5.853637,0,0,0,0,0
5.855439,0,0,0,0,0
5.857241,0,0,0,0,0
5.859056,0,0,0,0,0
5.860959,0,0,0,0,0
5.862914,0,0,0,0,0
5.864716,0,0,0,0,0
5.866524,0,0,0,0,0
5.868332,0,0,0,0,0
5.870224,0,0,0,0,0
5.871855,0,0,0,0,0
5.873626,0,0,0,0,0
5.875436,0,0,0,0,0
5.877321,0,0,0,0,0
5.879151,0,0,0,0,0
5.880727,0,0,0,0,0
5.882468,0,0,0,0,0
5.884056,0,0,0,0,0
5.885618,0,0,0,0,0
5.887174,0,0,0,0,0
5.888728,0,0,0,0,0
5.890285,0,0,0,0,0
5.891836,0,0,0,0,0
5.893699,0,0,0,0,0
5.895507,0,0,0,0,0
5.897312,0,0,0,0,0
5.898971,0,0,0,0,0
5.900796,0,0,0,0,0
5.902390,0,0,0,0,0
5.903996,0,0,0,0,0
5.905764,0,0,0,0,0
5.907591,0,0,0,0,0
5.909193,0,0,0,0,0
5.910983,0,0,0,0,0
5.912583,0,0,0,0,0
5.914167,0,0,0,0,0
5.915924,0,0,0,0,0
5.917732,0,0,0,0,0
5.919536,0,0,0,0,0
5.921337,0,0,0,0,0
5.923143,0,0,0,0,0
5.924788,0,0,0,0,0
5.926484,0,0,0,0,0
5.928175,0,0,0,0,0
5.929771,0,0,0,0,0
5.931322,0,0,0,0,0
5.932941,0,0,0,0,0
5.934629,0,0,0,0,0
5.936194,0,0,0,0,0
5.937955,0,0,0,0,0
5.939762,0,0,0,0,0
5.941572,0,0,0,0,0
5.943378,0,0,0,0,0
5.945180,0,0,0,0,0
5.946793,0,0,0,0,0
5.948364,0,0,0,0,0
5.950218,0,0,0,0,0
5.952026,0,0,0,0,0
5.953838,0,0,0,0,0
5.955645,0,0,0,0,0
5.957350,0,0,0,0,0
5.958959,0,0,0,0,0
5.960703,0,0,0,0,0
5.962531,0,0,0,0,0
5.964177,0,0,0,0,0
5.966049,0,0,0,0,0
5.967887,0,0,0,0,0
5.969699,0,0,0,0,0
5.971508,0,0,0,0,0
5.973548,0,0,0,0,0
5.975370,0,0,0,0,0
5.977176,0,0,0,0,0
5.978897,0,0,0,0,0
5.980741,0,0,0,0,0
5.982549,0,0,0,0,0
5.984358,0,0,0,0,0
5.986168,0,0,0,0,0
5.987977,0,0,0,0,0
5.989609,0,0,0,0,0
5.991374,0,0,0,0,0
5.993179,0,0,0,0,0
5.994849,0,0,0,0,0
5.996410,0,0,0,0,0
5.998253,0,0,0,0,0
5.999885,0,0,0,0,0
6.001656,0,0,0,0,0
6.003463,0,0,0,0,0
6.005345,0,0,0,0,0
6.007054,0,0,0,0,0
6.008616,0,0,0,0,0
6.010523,0,0,0,0,0
6.012082,0,0,0,0,0
6.013704,0,0,0,0,0
6.015250,0,0,0,0,0
6.016795,0,0,0,0,0
6.018337,0,0,0,0,0
6.019879,0,0,0,0,0
6.021488,0,0,0,0,0
6.023085,0,0,0,0,0
6.024667,0,0,0,0,0
6.026356,0,0,0,0,0
6.028158,0,0,0,0,0
6.029964,0,0,0,0,0
6.032647,0,0,0,0,0
6.034394,0,0,0,0,0
6.035996,0,0,0,0,0
6.037616,0,0,0,0,0
6.039610,0,0,0,0,0
6.041057,0,0,0,0,0
6.042769,0,0,0,0,0
6.044215,0,0,0,0,0
6.045914,0,0,0,0,0
6.048709,0,0,0,0,0
6.050265,0,0,0,0,0
6.051817,0,0,0,0,0
6.053465,0,0,0,0,0
6.055014,0,0,0,0,0
6.056565,0,0,0,0,0
6.058328,0,0,0,0,0
6.060135,0,0,0,0,0
6.061942,0,0,0,0,0
6.063564,0,0,0,0,0
6.065763,0,0,0,0,0
6.067323,0,0,0,0,0
6.068964,0,0,0,0,0
6.070594,0,0,0,0,0
6.072139,0,0,0,0,0
6.073724,0,0,0,0,0
6.075484,0,0,0,0,0
6.077372,0,0,0,0,0
6.079238,0,0,0,0,0
6.081030,0,0,0,0,0
6.082788,0,0,0,0,0
6.084760,0,0,0,0,0
6.086359,0,0,0,0,0
6.088126,0,0,0,0,0
6.089937,0,0,0,0,0
6.091748,0,0,0,0,0
6.093561,0,0,0,0,0
6.095391,0,0,0,0,0
6.097197,0,0,0,0,0
6.098826,0,0,0,0,0
6.100671,0,0,0,0,0
6.102477,0,0,0,0,0
6.104287,0,0,0,0,0
6.105923,0,0,0,0,0
6.107692,0,0,0,0,0
6.109506,0,0,0,0,0
6.111316,0,0,0,0,0
6.113122,0,0,0,0,0
6.114934,0,0,0,0,0
6.116838,0,0,0,0,0
6.118649,0,0,0,0,0
6.120457,0,0,0,0,0
6.122269,0,0,0,0,0
6.124073,0,0,0,0,0
6.125886,0,0,0,0,0
6.127515,0,0,0,0,0
6.129281,0,0,0,0,0
6.131096,0,0,0,0,0
6.132981,0,0,0,0,0
6.134944,0,0,0,0,0
6.136750,0,0,0,0,0
6.138577,0,0,0,0,0
6.140372,0,0,0,0,0
6.142339,0,0,0,0,0
6.143895,0,0,0,0,0
6.145662,0,0,0,0,0
6.147584,0,0,0,0,0
6.149211,0,0,0,0,0
6.150802,0,0,0,0,0
6.152361,0,0,0,0,0
6.153918,0,0,0,0,0
6.155475,0,0,0,0,0
6.157097,0,0,0,0,0
6.158656,0,0,0,0,0
6.160427,0,0,0,0,0
6.162240,0,0,0,0,0
6.164049,0,0,0,0,0
6.165861,0,0,0,0,0
6.167669,0,0,0,0,0
6.169482,0,0,0,0,0
6.171113,0,0,0,0,0
6.172958,0,0,0,0,0
6.174915,0,0,0,0,0
6.176722,0,0,0,0,0
6.178532,0,0,0,0,0
6.180341,0,0,0,0,0
6.182254,0,0,0,0,0
6.184062,0,0,0,0,0
6.185874,0,0,0,0,0
6.187683,0,0,0,0,0
6.189498,0,0,0,0,0
6.191307,0,0,0,0,0
6.192935,0,0,0,0,0
6.194633,0,0,0,0,0
6.196394,0,0,0,0,0
6.198285,0,0,0,0,0
6.200081,0,0,0,0,0
6.201710,0,0,0,0,0
6.203430,0,0,0,0,0
6.205127,0,0,0,0,0
6.206685,0,0,0,0,0
6.208240,0,0,0,0,0
6.209796,0,0,0,0,0
6.211348,0,0,0,0,0
6.213184,0,0,0,0,0
6.215314,0,0,0,0,0
6.216918,0,0,0,0,0
6.218681,0,0,0,0,0
6.220489,0,0,0,0,0
6.222110,0,0,0,0,0
6.223672,0,0,0,0,0
6.225457,0,0,0,0,0
6.227267,0,0,0,0,0
6.229152,0,0,0,0,0
6.230959,0,0,0,0,0
6.232749,0,0,0,0,0
6.234348,0,0,0,0,0
6.236131,0,0,0,0,0
6.237941,0,0,0,0,0
6.239750,0,0,0,0,0
6.241561,0,0,0,0,0
6.243356,0,0,0,0,0
6.245229,0,0,0,0,0
6.246875,0,0,0,0,0
6.248438,0,0,0,0,0
6.250202,0,0,0,0,0
6.252012,0,0,0,0,0
6.253824,0,0,0,0,0
6.255632,0,0,0,0,0
6.257260,0,0,0,0,0
6.259026,0,0,0,0,0
6.260895,0,0,0,0,0
6.262698,0,0,0,0,0
6.264463,0,0,0,0,0
6.266176,0,0,0,0,0
6.267993,0,0,0,0,0
6.269808,0,0,0,0,0
6.271620,0,0,0,0,0
6.273430,0,0,0,0,0
6.275239,0,0,0,0,0
6.277124,0,0,0,0,0
6.278762,0,0,0,0,0
6.280528,0,0,0,0,0
6.282341,0,0,0,0,0
6.284149,0,0,0,0,0
6.285960,0,0,0,0,0
6.287767,0,0,0,0,0
6.289598,0,0,0,0,0
6.291408,0,0,0,0,0
6.293292,0,0,0,0,0
6.294922,0,0,0,0,0
6.296513,0,0,0,0,0
6.298101,0,0,0,0,0
6.299695,0,0,0,0,0
6.301263,0,0,0,0,0
6.302817,0,0,0,0,0
6.304369,0,0,0,0,0
6.305925,0,0,0,0,0
6.307479,0,0,0,0,0
6.309097,0,0,0,0,0
6.310846,0,0,0,0,0
6.312484,0,0,0,0,0
6.314142,0,0,0,0,0
6.315704,0,0,0,0,0
6.317331,0,0,0,0,0
6.318877,0,0,0,0,0
6.320417,0,0,0,0,0
6.321983,0,0,0,0,0
6.323672,0,0,0,0,0
6.325344,0,0,0,0,0
6.326894,0,0,0,0,0
6.328446,0,0,0,0,0
6.330005,0,0,0,0,0
6.331555,0,0,0,0,0
6.333118,0,0,0,0,0
6.334954,0,0,0,0,0
6.336754,0,0,0,0,0
6.338529,0,0,0,0,0
6.340093,0,0,0,0,0
6.341668,0,0,0,0,0
6.343240,0,0,0,0,0
6.344790,0,0,0,0,0
6.346344,0,0,0,0,0
6.347888,0,0,0,0,0
6.349682,0,0,0,0,0
6.351449,0,0,0,0,0
6.353255,0,0,0,0,0
6.355104,0,0,0,0,0
6.356832,0,0,0,0,0
6.358430,0,0,0,0,0
6.359981,0,0,0,0,0
6.361753,0,0,0,0,0
6.363301,0,0,0,0,0
6.364917,0,0,0,0,0
6.366774,0,0,0,0,0
6.368534,0,0,0,0,0
6.370345,0,0,0,0,0
6.372153,0,0,0,0,0
6.373965,0,0,0,0,0
6.375776,0,0,0,0,0
6.377607,0,0,0,0,0
6.379404,0,0,0,0,0
6.381271,0,0,0,0,0
6.382887,0,0,0,0,0
6.384454,0,0,0,0,0
6.386330,0,0,0,0,0
6.387982,0,0,0,0,0
6.389755,0,0,0,0,0
6.391562,0,0,0,0,0
6.393365,0,0,0,0,0
6.395326,0,0,0,0,0
6.397207,0,0,0,0,0
6.399039,0,0,0,0,0
6.400844,0,0,0,0,0
6.402648,0,0,0,0,0
6.404454,0,0,0,0,0
6.406385,0,0,0,0,0
6.408240,0,0,0,0,0
6.409866,0,0,0,0,0
6.411431,0,0,0,0,0
6.413268,0,0,0,0,0
6.415061,0,0,0,0,0
6.416776,0,0,0,0,0
6.418495,0,0,0,0,0
6.420233,0,0,0,0,0
6.422021,0,0,0,0,0
6.423556,0,0,0,0,0
6.425232,0,0,0,0,0
6.426957,0,0,0,0,0
6.428737,0,0,0,0,0
6.430288,0,0,0,0,0
6.432065,0,0,0,0,0
6.433777,0,0,0,0,0
6.435270,0,0,0,0,0
6.436807,0,0,0,0,0
6.438279,0,0,0,0,0
6.439756,0,0,0,0,0
6.441312,0,0,0,0,0
6.442923,0,0,0,0,0
6.444721,0,0,0,0,0
6.446328,0,0,0,0,0
6.448128,0,0,0,0,0
6.449938,0,0,0,0,0
6.451556,0,0,0,0,0
6.453618,0,0,0,0,0
6.455421,0,0,0,0,0
6.457228,0,0,0,0,0
6.459043,0,0,0,0,0
6.460927,0,0,0,0,0
6.462678,0,0,0,0,0
6.464443,0,0,0,0,0
6.466250,0,0,0,0,0
6.468058,0,0,0,0,0
6.469868,0,0,0,0,0
6.471677,0,0,0,0,0
6.473303,0,0,0,0,0
6.475078,0,0,0,0,0
6.476962,0,0,0,0,0
6.478705,0,0,0,0,0
6.480539,0,0,0,0,0
6.482355,0,0,0,0,0
6.484181,0,0,0,0,0
6.486073,0,0,0,0,0
6.487882,0,0,0,0,0
6.489691,0,0,0,0,0
6.491501,0,0,0,0,0
6.493540,0,0,0,0,0
6.495176,0,0,0,0,0
6.496942,0,0,0,0,0
6.498834,0,0,0,0,0
6.500706,0,0,0,0,0
6.502405,0,0,0,0,0
6.504055,0,0,0,0,0
6.505851,0,0,0,0,0
6.507686,0,0,0,0,0
6.509495,0,0,0,0,0
6.511301,0,0,0,0,0
6.513101,0,0,0,0,0
6.514912,0,0,0,0,0
6.516616,0,0,0,0,0
6.518381,0,0,0,0,0
6.520186,0,0,0,0,0
6.521994,0,0,0,0,0
6.523798,0,0,0,0,0
6.525606,0,0,0,0,0
6.527431,0,0,0,0,0
6.529232,0,0,0,0,0
6.531044,0,0,0,0,0
6.532924,0,0,0,0,0
6.534676,0,0,0,0,0
6.536439,0,0,0,0,0
6.538066,0,0,0,0,0
6.539829,0,0,0,0,0
6.541637,0,0,0,0,0
6.543524,0,0,0,0,0
6.545331,0,0,0,0,0
6.546968,0,0,0,0,0
6.548823,0,0,0,0,0
6.550433,0,0,0,0,0
6.552207,0,0,0,0,0
6.553812,0,0,0,0,0
6.555567,0,0,0,0,0
6.557171,0,0,0,0,0
6.559109,0,0,0,0,0
6.560902,0,0,0,0,0
6.562702,0,0,0,0,0
6.564252,0,0,0,0,0
6.565906,0,0,0,0,0
6.567674,0,0,0,0,0
6.569512,0,0,0,0,0
6.571117,0,0,0,0,0
6.572958,0,0,0,0,0
6.574699,0,0,0,0,0
6.576473,0,0,0,0,0
6.578088,0,0,0,0,0
6.579671,0,0,0,0,0
6.581511,0,0,0,0,0
6.583312,0,0,0,0,0
6.585113,0,0,0,0,0
6.586918,0,0,0,0,0
6.588734,0,0,0,0,0
6.590319,0,0,0,0,0
6.592070,0,0,0,0,0
6.593668,0,0,0,0,0
6.595435,0,0,0,0,0
6.597322,0,0,0,0,0
6.598981,0,0,0,0,0
6.600761,0,0,0,0,0
6.602568,0,0,0,0,0
6.604377,0,0,0,0,0
6.606266,0,0,0,0,0
6.608076,0,0,0,0,0
6.609886,0,0,0,0,0
6.611715,0,0,0,0,0
6.613525,0,0,0,0,0
6.615334,0,0,0,0,0
6.617137,0,0,0,0,0
6.618944,0,0,0,0,0
6.620811,0,0,0,0,0
6.622661,0,0,0,0,0
6.624309,0,0,0,0,0
6.626180,0,0,0,0,0
6.628021,0,0,0,0,0
6.629629,0,0,0,0,0
6.631394,0,0,0,0,0
6.633220,0,0,0,0,0
6.635171,0,0,0,0,0
6.636823,0,0,0,0,0
6.638381,0,0,0,0,0
6.639926,0,0,0,0,0
6.641545,0,0,0,0,0
6.643120,0,0,0,0,0
6.644959,0,0,0,0,0
6.646917,0,0,0,0,0
6.648722,0,0,0,0,0
6.650528,0,0,0,0,0
6.652323,0,0,0,0,0
6.653938,0,0,0,0,0
6.655754,0,0,0,0,0
6.657563,0,0,0,0,0
6.659360,0,0,0,0,0
6.661229,0,0,0,0,0
6.662873,0,0,0,0,0
6.664452,0,0,0,0,0
6.666218,0,0,0,0,0
6.668026,0,0,0,0,0
6.669836,0,0,0,0,0
6.671645,0,0,0,0,0
6.673458,0,0,0,0,0
6.675288,0,0,0,0,0
6.677172,0,0,0,0,0
6.678787,0,0,0,0,0
6.680337,0,0,0,0,0
6.681885,0,0,0,0,0
6.683426,0,0,0,0,0
6.685313,0,0,0,0,0
6.687068,0,0,0,0,0
6.688839,0,0,0,0,0
6.690643,0,0,0,0,0
6.692251,0,0,0,0,0
6.694102,0,0,0,0,0
6.695906,0,0,0,0,0
6.697732,0,0,0,0,0
6.699345,0,0,0,0,0
6.701189,0,0,0,0,0
6.702787,0,0,0,0,0
6.704345,0,0,0,0,0
6.706104,0,0,0,0,0
6.707729,0,0,0,0,0
6.709500,0,0,0,0,0
6.711307,0,0,0,0,0
6.713109,0,0,0,0,0
6.714921,0,0,0,0,0
6.716805,0,0,0,0,0
6.718426,0,0,0,0,0
6.720191,0,0,0,0,0
6.722000,0,0,0,0,0
6.723807,0,0,0,0,0
6.725618,0,0,0,0,0
6.727425,0,0,0,0,0
6.729049,0,0,0,0,0
6.730951,0,0,0,0,0
6.732831,0,0,0,0,0
6.734632,0,0,0,0,0
6.736549,0,0,0,0,0
6.738169,0,0,0,0,0
6.739770,0,0,0,0,0
6.741671,0,0,0,0,0
6.743425,0,0,0,0,0
6.744979,0,0,0,0,0
6.746754,0,0,0,0,0
6.748338,0,0,0,0,0
6.750003,0,0,0,0,0
6.751532,0,0,0,0,0
6.753294,0,0,0,0,0
6.755108,0,0,0,0,0
6.756988,0,0,0,0,0
6.758949,0,0,0,0,0
6.760766,0,0,0,0,0
6.762589,0,0,0,0,0
6.764228,0,0,0,0,0
6.765875,0,0,0,0,0
6.767675,0,0,0,0,0
6.769482,0,0,0,0,0
6.771112,0,0,0,0,0
6.772867,0,0,0,0,0
6.774817,0,0,0,0,0
6.776424,0,0,0,0,0
6.777982,0,0,0,0,0
6.779536,0,0,0,0,0
6.781098,0,0,0,0,0
6.782579,0,0,0,0,0
6.784245,0,0,0,0,0
6.785967,0,0,0,0,0
6.787773,0,0,0,0,0
6.789504,0,0,0,0,0
6.791165,0,0,0,0,0
6.792991,0,0,0,0,0
6.794715,0,0,0,0,0
6.796248,0,0,0,0,0
6.797886,0,0,0,0,0
6.799396,0,0,0,0,0
6.800925,0,0,0,0,0
6.802947,0,0,0,0,0
6.804698,0,0,0,0,0
6.806245,0,0,0,0,0
6.807787,0,0,0,0,0
6.809331,0,0,0,0,0
6.810849,0,0,0,0,0
6.812670,0,0,0,0,0
6.814285,0,0,0,0,0
6.816039,0,0,0,0,0
6.817714,0,0,0,0,0
6.819716,0,0,0,0,0
6.821608,0,0,0,0,0
6.823378,0,0,0,0,0
6.825202,0,0,0,0,0
6.827015,0,0,0,0,0
6.828896,0,0,0,0,0
6.830845,0,0,0,0,0
6.832666,0,0,0,0,0
6.834332,0,0,0,0,0
6.836120,0,0,0,0,0
6.837728,0,0,0,0,0
6.839479,0,0,0,0,0
6.841269,0,0,0,0,0
6.843069,0,0,0,0,0
6.844699,0,0,0,0,0
6.846497,0,0,0,0,0
6.848223,0,0,0,0,0
6.849942,0,0,0,0,0
6.851442,0,0,0,0,0
6.852960,0,0,0,0,0
6.854413,0,0,0,0,0
6.855858,0,0,0,0,0
6.857317,0,0,0,0,0
6.860479,0,0,0,0,0
6.862317,0,0,0,0,0
6.863959,0,0,0,0,0
6.865511,0,0,0,0,0
6.867095,0,0,0,0,0
6.868720,0,0,0,0,0
6.870247,0,0,0,0,0
6.872003,0,0,0,0,0
6.873815,0,0,0,0,0
6.875610,0,0,0,0,0
6.877682,0,0,0,0,0
6.879302,0,0,0,0,0
6.881065,0,0,0,0,0
6.882875,0,0,0,0,0
6.884721,0,0,0,0,0
6.886443,0,0,0,0,0
6.888162,0,0,0,0,0
6.889904,0,0,0,0,0
6.891623,0,0,0,0,0
6.893539,0,0,0,0,0
6.895030,0,0,0,0,0
6.896518,0,0,0,0,0
6.898194,0,0,0,0,0
6.899749,0,0,0,0,0
6.901433,0,0,0,0,0
6.903154,0,0,0,0,0
6.904871,0,0,0,0,0
6.906592,0,0,0,0,0
6.908312,0,0,0,0,0
6.910081,0,0,0,0,0
6.911888,0,0,0,0,0
6.913696,0,0,0,0,0
6.915492,0,0,0,0,0
6.917368,0,0,0,0,0
6.919311,0,0,0,0,0
6.920927,0,0,0,0,0
6.922841,0,0,0,0,0
6.924655,0,0,0,0,0
6.926215,0,0,0,0,0
6.927970,0,0,0,0,0
6.929776,0,0,0,0,0
6.931599,0,0,0,0,0
6.933481,0,0,0,0,0
6.935287,0,0,0,0,0
6.937090,0,0,0,0,0
6.938902,0,0,0,0,0
6.940781,0,0,0,0,0
6.942405,0,0,0,0,0
6.944168,0,0,0,0,0
6.945975,0,0,0,0,0
6.947779,0,0,0,0,0
6.949588,0,0,0,0,0
6.951409,0,0,0,0,0
6.953220,0,0,0,0,0
6.955031,0,0,0,0,0
6.956912,0,0,0,0,0
6.958863,0,0,0,0,0
6.960665,0,0,0,0,0
6.962470,0,0,0,0,0
6.964095,0,0,0,0,0
6.965861,0,0,0,0,0
6.967665,0,0,0,0,0
6.969471,0,0,0,0,0
6.971263,0,0,0,0,0
6.973153,0,0,0,0,0
6.975069,0,0,0,0,0
6.976874,0,0,0,0,0
6.978678,0,0,0,0,0
6.980470,0,0,0,0,0
6.982085,0,0,0,0,0
6.983833,0,0,0,0,0
6.985615,0,0,0,0,0
6.987365,0,0,0,0,0
6.989248,0,0,0,0,0
6.991062,0,0,0,0,0
6.992867,0,0,0,0,0
6.994467,0,0,0,0,0
6.996248,0,0,0,0,0
6.998138,0,0,0,0,0
6.999946,0,0,0,0,0
7.001755,0,0,0,0,0
7.003576,0,0,0,0,0
7.005507,0,0,0,0,0
7.007115,0,0,0,0,0
7.008675,0,0,0,0,0
7.010233,0,0,0,0,0
7.011806,0,0,0,0,0
7.013602,0,0,0,0,0
7.015144,0,0,0,0,0
7.016888,0,0,0,0,0
7.018934,0,0,0,0,0
7.020804,0,0,0,0,0
7.022405,0,0,0,0,0
7.024171,0,0,0,0,0
7.025981,0,0,0,0,0
7.027790,0,0,0,0,0
7.029502,0,0,0,0,0
7.031274,0,0,0,0,0
7.033078,0,0,0,0,0
7.034891,0,0,0,0,0
7.036775,0,0,0,0,0
7.038583,0,0,0,0,0
7.040399,0,0,0,0,0
7.041996,0,0,0,0,0
7.043544,0,0,0,0,0
7.045441,0,0,0,0,0
7.047145,0,0,0,0,0
7.048905,0,0,0,0,0
7.050743,0,0,0,0,0
7.052507,0,0,0,0,0
7.054122,0,0,0,0,0
7.055883,0,0,0,0,0
7.057690,0,0,0,0,0
7.059495,0,0,0,0,0
7.061548,0,0,0,0,0
7.063150,0,0,0,0,0
7.064912,0,0,0,0,0
7.066602,0,0,0,0,0
7.068371,0,0,0,0,0
7.070262,0,0,0,0,0
7.071893,0,0,0,0,0
7.073663,0,0,0,0,0
7.075457,0,0,0,0,0
7.077328,0,0,0,0,0
7.078882,0,0,0,0,0
7.080443,0,0,0,0,0
7.082220,0,0,0,0,0
7.084026,0,0,0,0,0
7.085833,0,0,0,0,0
7.087637,0,0,0,0,0
7.089443,0,0,0,0,0
7.091249,0,0,0,0,0
7.092950,0,0,0,0,0
7.094862,0,0,0,0,0
7.096619,0,0,0,0,0
7.098430,0,0,0,0,0
7.100226,0,0,0,0,0
7.101931,0,0,0,0,0
7.103652,0,0,0,0,0
7.105472,0,0,0,0,0
7.107373,0,0,0,0,0
7.109258,0,0,0,0,0
7.111072,0,0,0,0,0
7.112877,0,0,0,0,0
7.114634,0,0,0,0,0
7.116403,0,0,0,0,0
7.118292,0,0,0,0,0
7.120098,0,0,0,0,0
7.121908,0,0,0,0,0
7.123714,0,0,0,0,0
7.125404,0,0,0,0,0
7.127169,0,0,0,0,0
7.128974,0,0,0,0,0
7.130931,0,0,0,0,0
7.132814,0,0,0,0,0
7.134619,0,0,0,0,0
7.136249,0,0,0,0,0
7.138018,0,0,0,0,0
7.139826,0,0,0,0,0
7.141637,0,0,0,0,0
7.143444,0,0,0,0,0
7.145249,0,0,0,0,0
7.147084,0,0,0,0,0
7.148966,0,0,0,0,0
7.150709,0,0,0,0,0
7.152274,0,0,0,0,0
7.154046,0,0,0,0,0
7.155854,0,0,0,0,0
7.157488,0,0,0,0,0
7.159245,0,0,0,0,0
7.161038,0,0,0,0,0
7.162841,0,0,0,0,0
7.164389,0,0,0,0,0
7.166078,0,0,0,0,0
7.167648,0,0,0,0,0
7.169202,0,0,0,0,0
7.170760,0,0,0,0,0
7.172515,0,0,0,0,0
7.174330,0,0,0,0,0
7.175938,0,0,0,0,0
7.177706,0,0,0,0,0
7.179325,0,0,0,0,0
7.181156,0,0,0,0,0
7.183100,0,0,0,0,0
7.185565,0,0,0,0,0
7.187133,0,0,0,0,0
7.188754,0,0,0,0,0
7.190318,0,0,0,0,0
7.191864,0,0,0,0,0
7.193569,0,0,0,0,0
7.195338,0,0,0,0,0
7.197209,0,0,0,0,0
7.198918,0,0,0,0,0
7.200499,0,0,0,0,0
7.202267,0,0,0,0,0
7.204077,0,0,0,0,0
7.205887,0,0,0,0,0
7.207696,0,0,0,0,0
7.209510,0,0,0,0,0
7.211340,0,0,0,0,0
7.213225,0,0,0,0,0
7.215042,0,0,0,0,0
7.216851,0,0,0,0,0
7.218658,0,0,0,0,0
7.220453,0,0,0,0,0
7.222391,0,0,0,0,0
7.224040,0,0,0,0,0
7.225910,0,0,0,0,0
7.227765,0,0,0,0,0
7.229453,0,0,0,0,0
7.231223,0,0,0,0,0
7.233051,0,0,0,0,0
7.234867,0,0,0,0,0
7.236752,0,0,0,0,0
7.238561,0,0,0,0,0
7.240369,0,0,0,0,0
7.242181,0,0,0,0,0
7.243809,0,0,0,0,0
7.245584,0,0,0,0,0
7.247394,0,0,0,0,0
7.249199,0,0,0,0,0
7.250799,0,0,0,0,0
7.252639,0,0,0,0,0
7.254467,0,0,0,0,0
7.256274,0,0,0,0,0
7.258083,0,0,0,0,0
7.259893,0,0,0,0,0
7.261702,0,0,0,0,0
7.263512,0,0,0,0,0
7.265139,0,0,0,0,0
7.266914,0,0,0,0,0
7.268794,0,0,0,0,0
7.270598,0,0,0,0,0
7.272407,0,0,0,0,0
7.274215,0,0,0,0,0
7.276047,0,0,0,0,0
7.277856,0,0,0,0,0
7.279650,0,0,0,0,0
7.281586,0,0,0,0,0
7.283249,0,0,0,0,0
7.285013,0,0,0,0,0
7.286862,0,0,0,0,0
7.288666,0,0,0,0,0
7.290474,0,0,0,0,0
7.292279,0,0,0,0,0
7.294169,0,0,0,0,0
7.295975,0,0,0,0,0
7.297802,0,0,0,0,0
7.299609,0,0,0,0,0
7.301496,0,0,0,0,0
7.303302,0,0,0,0,0
7.305103,0,0,0,0,0
7.306915,0,0,0,0,0
7.308616,0,0,0,0,0
7.310383,0,0,0,0,0
7.312187,0,0,0,0,0
7.313996,0,0,0,0,0
7.315802,0,0,0,0,0
7.317610,0,0,0,0,0
7.319434,0,0,0,0,0
7.321239,0,0,0,0,0
7.323051,0,0,0,0,0
7.324932,0,0,0,0,0
7.326673,0,0,0,0,0
7.328436,0,0,0,0,0
7.330065,0,0,0,0,0
7.331830,0,0,0,0,0
7.333765,0,0,0,0,0
7.335579,0,0,0,0,0
7.337541,0,0,0,0,0
7.339158,0,0,0,0,0
7.341005,0,0,0,0,0
7.342980,0,0,0,0,0
7.344579,0,0,0,0,0
7.346299,0,0,0,0,0
7.348066,0,0,0,0,0
7.349873,0,0,0,0,0
7.351499,0,0,0,0,0
7.353094,0,0,0,0,0
7.354857,0,0,0,0,0
7.356882,0,0,0,0,0
7.358460,0,0,0,0,0
7.360026,0,0,0,0,0
7.361628,0,0,0,0,0
7.363114,0,0,0,0,0
7.364638,0,0,0,0,0
7.366112,0,0,0,0,0
7.367780,0,0,0,0,0
7.369499,0,0,0,0,0
7.371218,0,0,0,0,0
7.372830,0,0,0,0,0
7.374508,0,0,0,0,0
7.376226,0,0,0,0,0
7.377946,0,0,0,0,0
7.379665,0,0,0,0,0
7.381450,0,0,0,0,0
7.383013,0,0,0,0,0
7.384696,0,0,0,0,0
7.386419,0,0,0,0,0
7.388123,0,0,0,0,0
7.389705,0,0,0,0,0
7.391477,0,0,0,0,0
7.393100,0,0,0,0,0
7.394876,0,0,0,0,0
7.396756,0,0,0,0,0
7.398557,0,0,0,0,0
7.400347,0,0,0,0,0
7.401946,0,0,0,0,0
7.403960,0,0,0,0,0
7.405823,0,0,0,0,0
7.407532,0,0,0,0,0
7.409297,0,0,0,0,0
7.411071,0,0,0,0,0
7.412958,0,0,0,0,0
7.414708,0,0,0,0,0
7.416472,0,0,0,0,0
7.418281,0,0,0,0,0
7.420012,0,0,0,0,0
7.421692,0,0,0,0,0
7.423387,0,0,0,0,0
7.425187,0,0,0,0,0
7.426745,0,0,0,0,0
7.428293,0,0,0,0,0
7.429914,0,0,0,0,0
7.431462,0,0,0,0,0
7.433023,0,0,0,0,0
7.434947,0,0,0,0,0
7.436653,0,0,0,0,0
7.438222,0,0,0,0,0
7.439985,0,0,0,0,0
7.441794,0,0,0,0,0
7.443604,0,0,0,0,0
7.445493,0,0,0,0,0
7.447322,0,0,0,0,0
7.449128,0,0,0,0,0
7.450752,0,0,0,0,0
7.452536,0,0,0,0,0
7.454352,0,0,0,0,0
7.455959,0,0,0,0,0
7.457545,0,0,0,0,0
7.459293,0,0,0,0,0
7.461164,0,0,0,0,0
7.462852,0,0,0,0,0
7.464434,0,0,0,0,0
7.466303,0,0,0,0,0
7.468133,0,0,0,0,0
7.469743,0,0,0,0,0
7.471507,0,0,0,0,0
7.473308,0,0,0,0,0
7.474998,0,0,0,0,0
7.476650,0,0,0,0,0
7.478224,0,0,0,0,0
7.479986,0,0,0,0,0
7.481798,0,0,0,0,0
7.483608,0,0,0,0,0
7.485498,0,0,0,0,0
7.487306,0,0,0,0,0
7.489130,0,0,0,0,0
7.490945,0,0,0,0,0
7.492831,0,0,0,0,0
7.494641,0,0,0,0,0
7.496449,0,0,0,0,0
7.498259,0,0,0,0,0
7.499891,0,0,0,0,0
7.501664,0,0,0,0,0
7.503533,0,0,0,0,0
7.505339,0,0,0,0,0
7.507023,0,0,0,0,0
7.508662,0,0,0,0,0
7.510439,0,0,0,0,0
7.512247,0,0,0,0,0
7.514270,0,0,0,0,0
7.516080,0,0,0,0,0
7.517889,0,0,0,0,0
7.519685,0,0,0,0,0
7.521302,0,0,0,0,0
7.522959,0,0,0,0,0
7.524743,0,0,0,0,0
7.526366,0,0,0,0,0
7.528163,0,0,0,0,0
7.529971,0,0,0,0,0
7.531795,0,0,0,0,0
7.533606,0,0,0,0,0
7.535411,0,0,0,0,0
7.537212,0,0,0,0,0
7.539025,0,0,0,0,0
7.540906,0,0,0,0,0
7.542657,0,0,0,0,0
7.544224,0,0,0,0,0
7.545991,0,0,0,0,0
7.547798,0,0,0,0,0
7.549609,0,0,0,0,0
7.551412,0,0,0,0,0
7.553033,0,0,0,0,0
7.554970,0,0,0,0,0
7.556857,0,0,0,0,0
7.558736,0,0,0,0,0
7.560545,0,0,0,0,0
7.562350,0,0,0,0,0
7.563977,0,0,0,0,0
7.565669,0,0,0,0,0
7.567478,0,0,0,0,0
7.569301,0,0,0,0,0
7.571117,0,0,0,0,0
7.573000,0,0,0,0,0
7.574965,0,0,0,0,0
7.576858,0,0,0,0,0
7.578658,0,0,0,0,0
7.580452,0,0,0,0,0
7.582371,0,0,0,0,0
7.584009,0,0,0,0,0
7.585564,0,0,0,0,0
7.587402,0,0,0,0,0
7.589118,0,0,0,0,0
7.591119,0,0,0,0,0
7.592911,0,0,0,0,0
7.594735,0,0,0,0,0
7.596515,0,0,0,0,0
7.598131,0,0,0,0,0
7.599897,0,0,0,0,0
7.601708,0,0,0,0,0
7.603517,0,0,0,0,0
7.605567,0,0,0,0,0
7.607193,0,0,0,0,0
7.608960,0,0,0,0,0
7.610857,0,0,0,0,0
7.612741,0,0,0,0,0
7.614350,0,0,0,0,0
7.615969,0,0,0,0,0
7.617595,0,0,0,0,0
7.619092,0,0,0,0,0
7.620600,0,0,0,0,0
7.622045,0,0,0,0,0
7.623490,0,0,0,0,0
7.624931,0,0,0,0,0
7.626526,0,0,0,0,0
7.629708,0,0,0,0,0
7.631263,0,0,0,0,0
7.632817,0,0,0,0,0
7.634372,0,0,0,0,0
7.635925,0,0,0,0,0
7.637485,0,0,0,0,0
7.639227,0,0,0,0,0
7.641040,0,0,0,0,0
7.642803,0,0,0,0,0
7.644386,0,0,0,0,0
7.646242,0,0,0,0,0
7.647873,0,0,0,0,0
7.649438,0,0,0,0,0
7.651013,0,0,0,0,0
7.652646,0,0,0,0,0
7.654203,0,0,0,0,0
7.655756,0,0,0,0,0
7.657518,0,0,0,0,0
7.659327,0,0,0,0,0
7.661209,0,0,0,0,0
7.663045,0,0,0,0,0
7.664853,0,0,0,0,0
7.666458,0,0,0,0,0
7.668224,0,0,0,0,0
7.670117,0,0,0,0,0
7.671928,0,0,0,0,0
7.673562,0,0,0,0,0
7.675317,0,0,0,0,0
7.677186,0,0,0,0,0
7.679194,0,0,0,0,0
7.681077,0,0,0,0,0
7.682888,0,0,0,0,0
7.684788,0,0,0,0,0
7.686395,0,0,0,0,0
7.688162,0,0,0,0,0
7.689968,0,0,0,0,0
7.691769,0,0,0,0,0
7.693609,0,0,0,0,0
7.695235,0,0,0,0,0
7.696997,0,0,0,0,0
7.698743,0,0,0,0,0
7.700497,0,0,0,0,0
7.702335,0,0,0,0,0
7.703977,0,0,0,0,0
7.706015,0,0,0,0,0
7.707817,0,0,0,0,0
7.709629,0,0,0,0,0
7.711438,0,0,0,0,0
7.713244,0,0,0,0,0
7.715058,0,0,0,0,0
7.716762,0,0,0,0,0
7.718528,0,0,0,0,0
7.720327,0,0,0,0,0
7.722130,0,0,0,0,0
7.723909,0,0,0,0,0
7.725622,0,0,0,0,0
7.727323,0,0,0,0,0
7.729009,0,0,0,0,0
7.730860,0,0,0,0,0
7.732631,0,0,0,0,0
7.734369,0,0,0,0,0
7.736170,0,0,0,0,0
7.737799,0,0,0,0,0
7.739564,0,0,0,0,0
7.741451,0,0,0,0,0
7.743259,0,0,0,0,0
7.745062,0,0,0,0,0
7.746870,0,0,0,0,0
7.748750,0,0,0,0,0
7.750523,0,0,0,0,0
7.752327,0,0,0,0,0
7.753932,0,0,0,0,0
7.755712,0,0,0,0,0
7.757524,0,0,0,0,0
7.759143,0,0,0,0,0
7.760895,0,0,0,0,0
7.762709,0,0,0,0,0
7.764440,0,0,0,0,0
7.766076,0,0,0,0,0
7.767837,0,0,0,0,0
7.769668,0,0,0,0,0
7.771478,0,0,0,0,0
7.773362,0,0,0,0,0
7.775316,0,0,0,0,0
7.777119,0,0,0,0,0
7.778932,0,0,0,0,0
7.780638,0,0,0,0,0
7.782409,0,0,0,0,0
7.784217,0,0,0,0,0
7.786028,0,0,0,0,0
7.787837,0,0,0,0,0
7.789651,0,0,0,0,0
7.791480,0,0,0,0,0
7.793286,0,0,0,0,0
7.795101,0,0,0,0,0
7.796984,0,0,0,0,0
7.798741,0,0,0,0,0
7.800505,0,0,0,0,0
7.802139,0,0,0,0,0
7.803908,0,0,0,0,0
7.805723,0,0,0,0,0
7.807532,0,0,0,0,0
7.809336,0,0,0,0,0
7.810959,0,0,0,0,0
7.812815,0,0,0,0,0
7.814623,0,0,0,0,0
7.816431,0,0,0,0,0
7.818066,0,0,0,0,0
7.819857,0,0,0,0,0
7.821682,0,0,0,0,0
7.823334,0,0,0,0,0
7.824923,0,0,0,0,0
7.826473,0,0,0,0,0
7.828228,0,0,0,0,0
7.830116,0,0,0,0,0
7.831921,0,0,0,0,0
7.833553,0,0,0,0,0
7.835124,0,0,0,0,0
7.836967,0,0,0,0,0
7.838709,0,0,0,0,0
7.840473,0,0,0,0,0
7.842284,0,0,0,0,0
7.843927,0,0,0,0,0
7.845649,0,0,0,0,0
7.847212,0,0,0,0,0
7.848757,0,0,0,0,0
7.850307,0,0,0,0,0
7.851860,0,0,0,0,0
7.853487,0,0,0,0,0
7.855058,0,0,0,0,0
7.856809,0,0,0,0,0
7.858617,0,0,0,0,0
7.860426,0,0,0,0,0
7.862320,0,0,0,0,0
7.864126,0,0,0,0,0
7.865760,0,0,0,0,0
7.867529,0,0,0,0,0
7.869568,0,0,0,0,0
7.871391,0,0,0,0,0
7.873197,0,0,0,0,0
7.875098,0,0,0,0,0
7.877000,0,0,0,0,0
7.878736,0,0,0,0,0
7.880489,0,0,0,0,0
7.882328,0,0,0,0,0
7.884025,0,0,0,0,0
7.885802,0,0,0,0,0
7.887501,0,0,0,0,0
7.889064,0,0,0,0,0
7.890708,0,0,0,0,0
7.892262,0,0,0,0,0
7.893897,0,0,0,0,0
7.895449,0,0,0,0,0
7.897204,0,0,0,0,0
7.899030,0,0,0,0,0
7.900898,0,0,0,0,0
7.902868,0,0,0,0,0
7.904664,0,0,0,0,0
7.906516,0,0,0,0,0
7.908584,0,0,0,0,0
7.910171,0,0,0,0,0
7.911731,0,0,0,0,0
7.913283,0,0,0,0,0
7.914839,0,0,0,0,0
7.916389,0,0,0,0,0
7.918224,0,0,0,0,0
7.920032,0,0,0,0,0
7.921864,0,0,0,0,0
7.923673,0,0,0,0,0
7.925347,0,0,0,0,0
7.927216,0,0,0,0,0
7.929605,0,0,0,0,0
7.931173,0,0,0,0,0
7.932814,0,0,0,0,0
7.934361,0,0,0,0,0
7.935991,0,0,0,0,0
7.937661,0,0,0,0,0
7.939207,0,0,0,0,0
7.941029,0,0,0,0,0
7.942945,0,0,0,0,0
7.944537,0,0,0,0,0
7.946156,0,0,0,0,0
7.947914,0,0,0,0,0
7.949693,0,0,0,0,0
7.951446,0,0,0,0,0
7.953061,0,0,0,0,0
7.954859,0,0,0,0,0
7.956709,0,0,0,0,0
7.958520,0,0,0,0,0
7.960327,0,0,0,0,0
7.962139,0,0,0,0,0
7.963969,0,0,0,0,0
7.965782,0,0,0,0,0
7.967589,0,0,0,0,0
7.969549,0,0,0,0,0
7.971101,0,0,0,0,0
7.972731,0,0,0,0,0
7.974497,0,0,0,0,0
7.976306,0,0,0,0,0
7.978116,0,0,0,0,0
7.979922,0,0,0,0,0
7.981734,0,0,0,0,0
7.983542,0,0,0,0,0
7.985369,0,0,0,0,0
7.987358,0,0,0,0,0
7.989242,0,0,0,0,0
7.991059,0,0,0,0,0
7.992865,0,0,0,0,0
7.994468,0,0,0,0,0
7.996049,0,0,0,0,0
7.997814,0,0,0,0,0
7.999609,0,0,0,0,0
8.001571,0,0,0,0,0
8.003260,0,0,0,0,0
8.004974,0,0,0,0,0
8.006678,0,0,0,0,0
8.008435,0,0,0,0,0
8.010242,0,0,0,0,0
8.012240,0,0,0,0,0
8.014174,0,0,0,0,0
8.015743,0,0,0,0,0
8.017308,0,0,0,0,0
8.018966,0,0,0,0,0
8.020582,0,0,0,0,0
8.022130,0,0,0,0,0
8.023889,0,0,0,0,0
8.025698,0,0,0,0,0
8.027508,0,0,0,0,0
8.029568,0,0,0,0,0
8.031385,0,0,0,0,0
8.033188,0,0,0,0,0
8.035092,0,0,0,0,0
8.036975,0,0,0,0,0
8.038927,0,0,0,0,0
8.040552,0,0,0,0,0
8.042320,0,0,0,0,0
8.044129,0,0,0,0,0
8.045938,0,0,0,0,0
8.047746,0,0,0,0,0
8.049556,0,0,0,0,0
8.051385,0,0,0,0,0
8.053270,0,0,0,0,0
8.055086,0,0,0,0,0
8.056892,0,0,0,0,0
8.058636,0,0,0,0,0
8.060389,0,0,0,0,0
8.062324,0,0,0,0,0
8.063968,0,0,0,0,0
8.065839,0,0,0,0,0
8.067657,0,0,0,0,0
8.069340,0,0,0,0,0
8.071102,0,0,0,0,0
8.072924,0,0,0,0,0
8.074875,0,0,0,0,0
8.076754,0,0,0,0,0
8.078559,0,0,0,0,0
8.080364,0,0,0,0,0
8.082168,0,0,0,0,0
8.083796,0,0,0,0,0
8.085565,0,0,0,0,0
8.087369,0,0,0,0,0
8.089170,0,0,0,0,0
8.090783,0,0,0,0,0
8.092337,0,0,0,0,0
8.094134,0,0,0,0,0
8.095939,0,0,0,0,0
8.097745,0,0,0,0,0
8.099548,0,0,0,0,0
8.101433,0,0,0,0,0
8.103237,0,0,0,0,0
8.104866,0,0,0,0,0
8.106640,0,0,0,0,0
8.108450,0,0,0,0,0
8.110341,0,0,0,0,0
8.112150,0,0,0,0,0
8.113962,0,0,0,0,0
8.115791,0,0,0,0,0
8.117605,0,0,0,0,0
8.119401,0,0,0,0,0
8.121193,0,0,0,0,0
8.122905,0,0,0,0,0
8.124744,0,0,0,0,0
8.126362,0,0,0,0,0
8.127990,0,0,0,0,0
8.129798,0,0,0,0,0
8.131398,0,0,0,0,0
8.133244,0,0,0,0,0
8.135058,0,0,0,0,0
8.136882,0,0,0,0,0
8.139966,0,0,0,0,0
8.141605,0,0,0,0,0
8.143204,0,0,0,0,0
8.144764,0,0,0,0,0
8.146321,0,0,0,0,0
8.147893,0,0,0,0,0
8.149524,0,0,0,0,0
8.151076,0,0,0,0,0
8.152626,0,0,0,0,0
8.154178,0,0,0,0,0
8.155738,0,0,0,0,0
8.157586,0,0,0,0,0
8.159414,0,0,0,0,0
8.161217,0,0,0,0,0
8.163030,0,0,0,0,0
8.164911,0,0,0,0,0
8.166653,0,0,0,0,0
8.168416,0,0,0,0,0
8.170046,0,0,0,0,0
8.171619,0,0,0,0,0
8.173470,0,0,0,0,0
8.175281,0,0,0,0,0
8.177087,0,0,0,0,0
8.178894,0,0,0,0,0
8.180784,0,0,0,0,0
8.182472,0,0,0,0,0
8.184037,0,0,0,0,0
8.185740,0,0,0,0,0
8.187530,0,0,0,0,0
8.189591,0,0,0,0,0
8.191205,0,0,0,0,0
8.192808,0,0,0,0,0
8.194290,0,0,0,0,0
8.195778,0,0,0,0,0
8.197402,0,0,0,0,0
8.198953,0,0,0,0,0
8.200699,0,0,0,0,0
8.202527,0,0,0,0,0
8.204334,0,0,0,0,0
8.206225,0,0,0,0,0
8.208034,0,0,0,0,0
8.209846,0,0,0,0,0
8.211654,0,0,0,0,0
8.213361,0,0,0,0,0
8.215066,0,0,0,0,0
8.216829,0,0,0,0,0
8.218637,0,0,0,0,0
8.220448,0,0,0,0,0
8.222343,0,0,0,0,0
8.224174,0,0,0,0,0
8.225986,0,0,0,0,0
8.227795,0,0,0,0,0
8.229607,0,0,0,0,0
8.231417,0,0,0,0,0
8.233226,0,0,0,0,0
8.234866,0,0,0,0,0
8.236713,0,0,0,0,0
8.238524,0,0,0,0,0
8.240319,0,0,0,0,0
8.241919,0,0,0,0,0
8.243916,0,0,0,0,0
8.245869,0,0,0,0,0
8.247713,0,0,0,0,0
8.249527,0,0,0,0,0
8.251339,0,0,0,0,0
8.253223,0,0,0,0,0
8.255038,0,0,0,0,0
8.256664,0,0,0,0,0
8.258433,0,0,0,0,0
8.260243,0,0,0,0,0
8.262136,0,0,0,0,0
8.264004,0,0,0,0,0
8.265816,0,0,0,0,0
8.267646,0,0,0,0,0
8.269534,0,0,0,0,0
8.271342,0,0,0,0,0
8.273148,0,0,0,0,0
8.274963,0,0,0,0,0
8.276846,0,0,0,0,0
8.278474,0,0,0,0,0
8.280244,0,0,0,0,0
8.282058,0,0,0,0,0
8.283868,0,0,0,0,0
8.285683,0,0,0,0,0
8.287492,0,0,0,0,0
8.289318,0,0,0,0,0
8.290939,0,0,0,0,0
8.292782,0,0,0,0,0
8.294591,0,0,0,0,0
8.296400,0,0,0,0,0
8.298210,0,0,0,0,0
8.299830,0,0,0,0,0
8.301726,0,0,0,0,0
8.303387,0,0,0,0,0
8.304922,0,0,0,0,0
8.306473,0,0,0,0,0
8.308228,0,0,0,0,0
8.310140,0,0,0,0,0
8.311948,0,0,0,0,0
8.313757,0,0,0,0,0
8.315562,0,0,0,0,0
8.317450,0,0,0,0,0
8.319256,0,0,0,0,0
8.320879,0,0,0,0,0
8.322647,0,0,0,0,0
8.324450,0,0,0,0,0
8.326339,0,0,0,0,0
8.328144,0,0,0,0,0
8.330012,0,0,0,0,0
8.331841,0,0,0,0,0
8.333651,0,0,0,0,0
8.335263,0,0,0,0,0
8.337031,0,0,0,0,0
8.338784,0,0,0,0,0
8.340349,0,0,0,0,0
8.342004,0,0,0,0,0
8.343568,0,0,0,0,0
8.345357,0,0,0,0,0
8.347119,0,0,0,0,0
8.348963,0,0,0,0,0
8.350860,0,0,0,0,0
8.352683,0,0,0,0,0
8.354487,0,0,0,0,0
8.356342,0,0,0,0,0
8.358649,0,0,0,0,0
8.360405,0,0,0,0,0
8.362003,0,0,0,0,0
8.363824,0,0,0,0,0
8.365741,0,0,0,0,0
8.367597,0,0,0,0,0
8.369202,0,0,0,0,0
8.370995,0,0,0,0,0
8.372681,0,0,0,0,0
8.374469,0,0,0,0,0
8.376280,0,0,0,0,0
8.378089,0,0,0,0,0
8.379883,0,0,0,0,0
8.381829,0,0,0,0,0
8.383596,0,0,0,0,0
8.385206,0,0,0,0,0
8.386813,0,0,0,0,0
8.388366,0,0,0,0,0
8.389998,0,0,0,0,0
8.391550,0,0,0,0,0
8.393304,0,0,0,0,0
8.395111,0,0,0,0,0
8.397012,0,0,0,0,0
8.398966,0,0,0,0,0
8.400770,0,0,0,0,0
8.402576,0,0,0,0,0
8.404382,0,0,0,0,0
8.406270,0,0,0,0,0
8.407931,0,0,0,0,0
8.409633,0,0,0,0,0
8.411396,0,0,0,0,0
8.413269,0,0,0,0,0
8.415183,0,0,0,0,0
8.416990,0,0,0,0,0
8.418960,0,0,0,0,0
8.420828,0,0,0,0,0
8.422431,0,0,0,0,0
8.424048,0,0,0,0,0
8.425594,0,0,0,0,0
8.427186,0,0,0,0,0
8.428818,0,0,0,0,0
8.430365,0,0,0,0,0
8.431911,0,0,0,0,0
8.433633,0,0,0,0,0
8.435192,0,0,0,0,0
8.436809,0,0,0,0,0
8.438362,0,0,0,0,0
8.439929,0,0,0,0,0
8.441791,0,0,0,0,0
8.443595,0,0,0,0,0
8.445479,0,0,0,0,0
8.447285,0,0,0,0,0
8.449088,0,0,0,0,0
8.450724,0,0,0,0,0
8.452488,0,0,0,0,0
8.454109,0,0,0,0,0
8.455667,0,0,0,0,0
8.457427,0,0,0,0,0
8.459233,0,0,0,0,0
8.461134,0,0,0,0,0
8.462947,0,0,0,0,0
8.464749,0,0,0,0,0
8.466552,0,0,0,0,0
8.468357,0,0,0,0,0
8.470247,0,0,0,0,0
8.471876,0,0,0,0,0
8.473643,0,0,0,0,0
8.475492,0,0,0,0,0
8.477251,0,0,0,0,0
8.478821,0,0,0,0,0
8.480367,0,0,0,0,0
8.482169,0,0,0,0,0
8.483980,0,0,0,0,0
8.485948,0,0,0,0,0
8.487569,0,0,0,0,0
8.489130,0,0,0,0,0
8.490691,0,0,0,0,0
8.492263,0,0,0,0,0
8.493901,0,0,0,0,0
8.495454,0,0,0,0,0
8.497211,0,0,0,0,0
8.499026,0,0,0,0,0
8.500910,0,0,0,0,0
8.502663,0,0,0,0,0
8.504428,0,0,0,0,0
8.506238,0,0,0,0,0
8.508047,0,0,0,0,0
8.509857,0,0,0,0,0
8.511667,0,0,0,0,0
8.513295,0,0,0,0,0
8.515069,0,0,0,0,0
8.516955,0,0,0,0,0
8.518911,0,0,0,0,0
8.520717,0,0,0,0,0
8.522526,0,0,0,0,0
8.524354,0,0,0,0,0
8.526245,0,0,0,0,0
8.528056,0,0,0,0,0
8.529868,0,0,0,0,0
8.531679,0,0,0,0,0
8.533494,0,0,0,0,0
8.535126,0,0,0,0,0
8.536892,0,0,0,0,0
8.538636,0,0,0,0,0
8.540390,0,0,0,0,0
8.542313,0,0,0,0,0
8.543960,0,0,0,0,0
8.546000,0,0,0,0,0
8.547799,0,0,0,0,0
8.549608,0,0,0,0,0
8.551415,0,0,0,0,0
8.553217,0,0,0,0,0
8.554831,0,0,0,0,0
8.556419,0,0,0,0,0
8.558273,0,0,0,0,0
8.560078,0,0,0,0,0
8.561888,0,0,0,0,0
8.563692,0,0,0,0,0
8.565527,0,0,0,0,0
8.567386,0,0,0,0,0
8.569242,0,0,0,0,0
8.570807,0,0,0,0,0
8.572359,0,0,0,0,0
8.573981,0,0,0,0,0
8.575532,0,0,0,0,0
8.577301,0,0,0,0,0
8.578902,0,0,0,0,0
8.580751,0,0,0,0,0
8.582510,0,0,0,0,0
8.584120,0,0,0,0,0
8.585682,0,0,0,0,0
8.587233,0,0,0,0,0
8.589168,0,0,0,0,0
8.590902,0,0,0,0,0
8.592646,0,0,0,0,0
8.594245,0,0,0,0,0
8.596010,0,0,0,0,0
8.597822,0,0,0,0,0
8.599618,0,0,0,0,0
8.601235,0,0,0,0,0
8.602815,0,0,0,0,0
8.604361,0,0,0,0,0
8.605978,0,0,0,0,0
8.607733,0,0,0,0,0
8.609541,0,0,0,0,0
8.611349,0,0,0,0,0
8.613248,0,0,0,0,0
8.615061,0,0,0,0,0
8.616866,0,0,0,0,0
8.618465,0,0,0,0,0
8.620225,0,0,0,0,0
8.622112,0,0,0,0,0
8.623737,0,0,0,0,0
8.625504,0,0,0,0,0
8.627309,0,0,0,0,0
8.629190,0,0,0,0,0
8.630815,0,0,0,0,0
8.632464,0,0,0,0,0
8.634082,0,0,0,0,0
8.635650,0,0,0,0,0
8.637278,0,0,0,0,0
8.638854,0,0,0,0,0
8.640405,0,0,0,0,0
8.642010,0,0,0,0,0
8.643560,0,0,0,0,0
8.645164,0,0,0,0,0
8.646832,0,0,0,0,0
8.648568,0,0,0,0,0
8.650371,0,0,0,0,0
8.652174,0,0,0,0,0
8.653792,0,0,0,0,0
8.655405,0,0,0,0,0
8.657164,0,0,0,0,0
8.658831,0,0,0,0,0
8.660658,0,0,0,0,0
8.662335,0,0,0,0,0
8.663971,0,0,0,0,0
8.665759,0,0,0,0,0
8.667507,0,0,0,0,0
8.669102,0,0,0,0,0
8.670783,0,0,0,0,0
8.672351,0,0,0,0,0
8.673914,0,0,0,0,0
8.675677,0,0,0,0,0
8.677631,0,0,0,0,0
8.679443,0,0,0,0,0
8.681248,0,0,0,0,0
8.683063,0,0,0,0,0
8.684946,0,0,0,0,0
8.686703,0,0,0,0,0
8.688469,0,0,0,0,0
8.690274,0,0,0,0,0
8.692114,0,0,0,0,0
8.693964,0,0,0,0,0
8.695772,0,0,0,0,0
8.697599,0,0,0,0,0
8.699205,0,0,0,0,0
8.701036,0,0,0,0,0
8.702802,0,0,0,0,0
8.704619,0,0,0,0,0
8.706428,0,0,0,0,0
8.708057,0,0,0,0,0
8.709828,0,0,0,0,0
8.711637,0,0,0,0,0
8.713445,0,0,0,0,0
8.715251,0,0,0,0,0
8.717134,0,0,0,0,0
8.718963,0,0,0,0,0
8.720754,0,0,0,0,0
8.722407,0,0,0,0,0
8.724055,0,0,0,0,0
8.725928,0,0,0,0,0
8.727750,0,0,0,0,0
8.729486,0,0,0,0,0
8.731275,0,0,0,0,0
8.733145,0,0,0,0,0
8.734943,0,0,0,0,0
8.736747,0,0,0,0,0
8.738554,0,0,0,0,0
8.740382,0,0,0,0,0
8.742272,0,0,0,0,0
8.744076,0,0,0,0,0
8.745884,0,0,0,0,0
8.747691,0,0,0,0,0
8.749303,0,0,0,0,0
8.751100,0,0,0,0,0
8.752902,0,0,0,0,0
8.754644,0,0,0,0,0
8.756508,0,0,0,0,0
8.758149,0,0,0,0,0
8.759726,0,0,0,0,0
8.761509,0,0,0,0,0
8.763461,0,0,0,0,0
8.765348,0,0,0,0,0
8.766980,0,0,0,0,0
8.768743,0,0,0,0,0
8.770551,0,0,0,0,0
8.772179,0,0,0,0,0
8.773952,0,0,0,0,0
8.775761,0,0,0,0,0
8.777572,0,0,0,0,0
8.779368,0,0,0,0,0
8.781236,0,0,0,0,0
8.782869,0,0,0,0,0
8.784429,0,0,0,0,0
8.786300,0,0,0,0,0
8.788136,0,0,0,0,0
8.789944,0,0,0,0,0
8.791749,0,0,0,0,0
8.793373,0,0,0,0,0
8.795107,0,0,0,0,0
8.796942,0,0,0,0,0
8.798836,0,0,0,0,0
8.800638,0,0,0,0,0
8.802442,0,0,0,0,0
8.804269,0,0,0,0,0
8.806162,0,0,0,0,0
8.807967,0,0,0,0,0
8.809774,0,0,0,0,0
8.811581,0,0,0,0,0
8.813468,0,0,0,0,0
8.815094,0,0,0,0,0
8.816857,0,0,0,0,0
8.818457,0,0,0,0,0
8.820220,0,0,0,0,0
8.822109,0,0,0,0,0
8.823916,0,0,0,0,0
8.825744,0,0,0,0,0
8.827549,0,0,0,0,0
8.829435,0,0,0,0,0
8.831241,0,0,0,0,0
8.833045,0,0,0,0,0
8.834854,0,0,0,0,0
8.836507,0,0,0,0,0
8.838277,0,0,0,0,0
8.839871,0,0,0,0,0
8.841768,0,0,0,0,0
8.843430,0,0,0,0,0
8.845216,0,0,0,0,0
8.846872,0,0,0,0,0
8.848425,0,0,0,0,0
8.849981,0,0,0,0,0
8.851739,0,0,0,0,0
8.853552,0,0,0,0,0
8.855361,0,0,0,0,0
8.856985,0,0,0,0,0
8.858890,0,0,0,0,0
8.860773,0,0,0,0,0
8.862582,0,0,0,0,0
8.864388,0,0,0,0,0
8.866198,0,0,0,0,0
8.868026,0,0,0,0,0
8.869837,0,0,0,0,0
8.871645,0,0,0,0,0
8.873454,0,0,0,0,0
8.875262,0,0,0,0,0
8.877147,0,0,0,0,0
8.878782,0,0,0,0,0
8.880547,0,0,0,0,0
8.882354,0,0,0,0,0
8.884158,0,0,0,0,0
8.885966,0,0,0,0,0
8.888847,0,0,0,0,0
8.891077,0,0,0,0,0
8.892898,0,0,0,0,0
8.894544,0,0,0,0,0
8.896054,0,0,0,0,0
8.897559,0,0,0,0,0
8.899064,0,0,0,0,0
8.900622,0,0,0,0,0
8.902318,0,0,0,0,0
8.903963,0,0,0,0,0
8.905521,0,0,0,0,0
8.907281,0,0,0,0,0
8.909169,0,0,0,0,0
8.910788,0,0,0,0,0
8.912347,0,0,0,0,0
8.914111,0,0,0,0,0
8.915923,0,0,0,0,0
8.917737,0,0,0,0,0
8.919546,0,0,0,0,0
8.921176,0,0,0,0,0
8.922943,0,0,0,0,0
8.924810,0,0,0,0,0
8.926409,0,0,0,0,0
8.928172,0,0,0,0,0
8.929980,0,0,0,0,0
8.931805,0,0,0,0,0
8.933613,0,0,0,0,0
8.935420,0,0,0,0,0
8.937224,0,0,0,0,0
8.939038,0,0,0,0,0
8.940920,0,0,0,0,0
8.942662,0,0,0,0,0
8.944426,0,0,0,0,0
8.946231,0,0,0,0,0
8.948036,0,0,0,0,0
8.949844,0,0,0,0,0
8.951650,0,0,0,0,0
8.953478,0,0,0,0,0
8.955274,0,0,0,0,0
8.957143,0,0,0,0,0
8.958919,0,0,0,0,0
8.960492,0,0,0,0,0
8.962070,0,0,0,0,0
8.963646,0,0,0,0,0
8.965270,0,0,0,0,0
8.966826,0,0,0,0,0
8.968580,0,0,0,0,0
8.970387,0,0,0,0,0
8.972194,0,0,0,0,0
8.974102,0,0,0,0,0
8.975909,0,0,0,0,0
8.977709,0,0,0,0,0
8.979549,0,0,0,0,0
8.981435,0,0,0,0,0
8.983243,0,0,0,0,0
8.984867,0,0,0,0,0
8.986635,0,0,0,0,0
8.988441,0,0,0,0,0
8.990329,0,0,0,0,0
8.992134,0,0,0,0,0
8.993940,0,0,0,0,0
8.995766,0,0,0,0,0
8.997579,0,0,0,0,0
8.999386,0,0,0,0,0
9.001189,0,0,0,0,0
9.002790,0,0,0,0,0
9.004632,0,0,0,0,0
9.006263,0,0,0,0,0
9.008031,0,0,0,0,0
9.009839,0,0,0,0,0
9.011645,0,0,0,0,0
9.013456,0,0,0,0,0
9.015098,0,0,0,0,0
9.016878,0,0,0,0,0
9.018556,0,0,0,0,0
9.020193,0,0,0,0,0
9.021919,0,0,0,0,0
9.023691,0,0,0,0,0
9.025502,0,0,0,0,0
9.027132,0,0,0,0,0
9.028979,0,0,0,0,0
9.030940,0,0,0,0,0
9.032746,0,0,0,0,0
9.034556,0,0,0,0,0
9.036365,0,0,0,0,0
9.038278,0,0,0,0,0
9.040087,0,0,0,0,0
9.041898,0,0,0,0,0
9.043708,0,0,0,0,0
9.045523,0,0,0,0,0
9.047332,0,0,0,0,0
9.048960,0,0,0,0,0
9.050662,0,0,0,0,0
9.052427,0,0,0,0,0
9.054319,0,0,0,0,0
9.056127,0,0,0,0,0
9.057943,0,0,0,0,0
9.059772,0,0,0,0,0
9.061584,0,0,0,0,0
9.063393,0,0,0,0,0
9.065198,0,0,0,0,0
9.066825,0,0,0,0,0
9.068386,0,0,0,0,0
9.070041,0,0,0,0,0
9.071803,0,0,0,0,0
9.073615,0,0,0,0,0
9.075409,0,0,0,0,0
9.077277,0,0,0,0,0
9.078871,0,0,0,0,0
9.080447,0,0,0,0,0
9.082372,0,0,0,0,0
9.084210,0,0,0,0,0
9.086100,0,0,0,0,0
9.087909,0,0,0,0,0
9.089722,0,0,0,0,0
9.091353,0,0,0,0,0
9.093198,0,0,0,0,0
9.094802,0,0,0,0,0
9.096363,0,0,0,0,0
9.098127,0,0,0,0,0
9.099937,0,0,0,0,0
9.101568,0,0,0,0,0
9.103334,0,0,0,0,0
9.105142,0,0,0,0,0
9.106955,0,0,0,0,0
9.108841,0,0,0,0,0
9.110650,0,0,0,0,0
9.112280,0,0,0,0,0
9.114051,0,0,0,0,0
9.115863,0,0,0,0,0
9.117675,0,0,0,0,0
9.119484,0,0,0,0,0
9.121289,0,0,0,0,0
9.123127,0,0,0,0,0
9.125013,0,0,0,0,0
9.126983,0,0,0,0,0
9.128613,0,0,0,0,0
9.130457,0,0,0,0,0
9.132268,0,0,0,0,0
9.133976,0,0,0,0,0
9.135648,0,0,0,0,0
9.137368,0,0,0,0,0
9.139186,0,0,0,0,0
9.140795,0,0,0,0,0
9.142349,0,0,0,0,0
9.143900,0,0,0,0,0
9.145468,0,0,0,0,0
9.147011,0,0,0,0,0
9.148775,0,0,0,0,0
9.150478,0,0,0,0,0
9.152147,0,0,0,0,0
9.153755,0,0,0,0,0
9.155234,0,0,0,0,0
9.156795,0,0,0,0,0
9.158490,0,0,0,0,0
9.160004,0,0,0,0,0
9.161491,0,0,0,0,0
9.163020,0,0,0,0,0
9.164495,0,0,0,0,0
9.165978,0,0,0,0,0
9.167467,0,0,0,0,0
9.169119,0,0,0,0,0
9.170938,0,0,0,0,0
9.172732,0,0,0,0,0
9.174316,0,0,0,0,0
9.176649,0,0,0,0,0
9.178582,0,0,0,0,0
9.180082,0,0,0,0,0
9.181692,0,0,0,0,0
9.183226,0,0,0,0,0
9.184692,0,0,0,0,0
9.186270,0,0,0,0,0
9.188149,0,0,0,0,0
9.189864,0,0,0,0,0
9.191299,0,0,0,0,0
9.192759,0,0,0,0,0
9.194326,0,0,0,0,0
9.195759,0,0,0,0,0
9.197238,0,0,0,0,0
9.198719,0,0,0,0,0
9.200318,0,0,0,0,0
9.201886,0,0,0,0,0
9.203412,0,0,0,0,0
9.205010,0,0,0,0,0
9.206665,0,0,0,0,0
9.208174,0,0,0,0,0
9.209684,0,0,0,0,0
9.211293,0,0,0,0,0
9.212837,0,0,0,0,0
9.214333,0,0,0,0,0
9.215848,0,0,0,0,0
9.217417,0,0,0,0,0
9.218915,0,0,0,0,0
9.220417,0,0,0,0,0
9.221977,0,0,0,0,0
9.223586,0,0,0,0,0
9.225122,0,0,0,0,0
9.226696,0,0,0,0,0
9.228267,0,0,0,0,0
9.229924,0,0,0,0,0
9.231390,0,0,0,0,0
9.232841,0,0,0,0,0
9.234275,0,0,0,0,0
9.235704,0,0,0,0,0
9.237160,0,0,0,0,0
9.238709,0,0,0,0,0
9.240380,0,0,0,0,0
9.242101,0,0,0,0,0
9.243659,0,0,0,0,0
9.245212,0,0,0,0,0
9.246734,0,0,0,0,0
9.248216,0,0,0,0,0
9.249699,0,0,0,0,0
9.251180,0,0,0,0,0
9.252716,0,0,0,0,0
9.254191,0,0,0,0,0
9.255862,0,0,0,0,0
9.257589,0,0,0,0,0
9.259310,0,0,0,0,0
9.261094,0,0,0,0,0
9.262824,0,0,0,0,0
9.264378,0,0,0,0,0
9.266061,0,0,0,0,0
9.267786,0,0,0,0,0
9.269514,0,0,0,0,0
9.271238,0,0,0,0,0
9.272954,0,0,0,0,0
9.274639,0,0,0,0,0
9.276303,0,0,0,0,0
9.277896,0,0,0,0,0
9.279362,0,0,0,0,0
9.281032,0,0,0,0,0
9.282787,0,0,0,0,0
9.284274,0,0,0,0,0
9.285839,0,0,0,0,0
9.287320,0,0,0,0,0
9.288800,0,0,0,0,0
9.290240,0,0,0,0,0
9.291907,0,0,0,0,0
9.293627,0,0,0,0,0
9.295346,0,0,0,0,0
9.297081,0,0,0,0,0
9.298806,0,0,0,0,0
9.300524,0,0,0,0,0
9.302057,0,0,0,0,0
9.303545,0,0,0,0,0
9.305212,0,0,0,0,0
9.306938,0,0,0,0,0
9.308489,0,0,0,0,0
9.310169,0,0,0,0,0
9.311890,0,0,0,0,0
9.313613,0,0,0,0,0
9.315333,0,0,0,0,0
9.317113,0,0,0,0,0
9.318859,0,0,0,0,0
9.320576,0,0,0,0,0
9.322297,0,0,0,0,0
9.324018,0,0,0,0,0
9.325739,0,0,0,0,0
9.327457,0,0,0,0,0
9.329006,0,0,0,0,0
9.330815,0,0,0,0,0
9.332536,0,0,0,0,0
9.334284,0,0,0,0,0
9.336007,0,0,0,0,0
9.337659,0,0,0,0,0
9.339297,0,0,0,0,0
9.341033,0,0,0,0,0
9.342929,0,0,0,0,0
9.344647,0,0,0,0,0
9.346366,0,0,0,0,0
9.348084,0,0,0,0,0
9.349639,0,0,0,0,0
9.351321,0,0,0,0,0
9.353037,0,0,0,0,0
9.354891,0,0,0,0,0
9.356672,0,0,0,0,0
9.358375,0,0,0,0,0
9.359989,0,0,0,0,0
9.361467,0,0,0,0,0
9.362925,0,0,0,0,0
9.364397,0,0,0,0,0
9.365925,0,0,0,0,0
9.367396,0,0,0,0,0
9.368867,0,0,0,0,0
9.370361,0,0,0,0,0
9.372018,0,0,0,0,0
9.373569,0,0,0,0,0
9.375252,0,0,0,0,0
9.376970,0,0,0,0,0
9.378826,0,0,0,0,0
9.380608,0,0,0,0,0
9.382545,0,0,0,0,0
9.384268,0,0,0,0,0
9.385991,0,0,0,0,0
9.387710,0,0,0,0,0
9.389435,0,0,0,0,0
9.391156,0,0,0,0,0
9.392709,0,0,0,0,0
9.394391,0,0,0,0,0
9.396097,0,0,0,0,0
9.397671,0,0,0,0,0
9.399286,0,0,0,0,0
9.400957,0,0,0,0,0
9.402832,0,0,0,0,0
9.404622,0,0,0,0,0
9.406149,0,0,0,0,0
9.407640,0,0,0,0,0
9.409312,0,0,0,0,0
9.411032,0,0,0,0,0
9.412938,0,0,0,0,0
9.414685,0,0,0,0,0
9.416448,0,0,0,0,0
9.418253,0,0,0,0,0
9.420055,0,0,0,0,0
9.421864,0,0,0,0,0
9.423670,0,0,0,0,0
9.425497,0,0,0,0,0
9.427302,0,0,0,0,0
9.429183,0,0,0,0,0
9.430811,0,0,0,0,0
9.432540,0,0,0,0,0
9.434438,0,0,0,0,0
9.436056,0,0,0,0,0
9.437614,0,0,0,0,0
9.439374,0,0,0,0,0
9.441177,0,0,0,0,0
9.443076,0,0,0,0,0
9.444958,0,0,0,0,0
9.446739,0,0,0,0,0
9.448509,0,0,0,0,0
9.450320,0,0,0,0,0
9.452131,0,0,0,0,0
9.453942,0,0,0,0,0
9.455738,0,0,0,0,0
9.457354,0,0,0,0,0
9.459087,0,0,0,0,0
9.460729,0,0,0,0,0
9.462599,0,0,0,0,0
9.464434,0,0,0,0,0
9.466241,0,0,0,0,0
9.468065,0,0,0,0,0
9.469873,0,0,0,0,0
9.471679,0,0,0,0,0
9.473485,0,0,0,0,0
9.475289,0,0,0,0,0
9.477170,0,0,0,0,0
9.478812,0,0,0,0,0
9.480369,0,0,0,0,0
9.482152,0,0,0,0,0
9.483961,0,0,0,0,0
9.485776,0,0,0,0,0
9.487585,0,0,0,0,0
9.489576,0,0,0,0,0
9.491390,0,0,0,0,0
9.493275,0,0,0,0,0
9.495093,0,0,0,0,0
9.496900,0,0,0,0,0
9.498644,0,0,0,0,0
9.500223,0,0,0,0,0
9.502068,0,0,0,0,0
9.503877,0,0,0,0,0
9.505688,0,0,0,0,0
9.507502,0,0,0,0,0
9.509544,0,0,0,0,0
9.511380,0,0,0,0,0
9.513188,0,0,0,0,0
9.515076,0,0,0,0,0
9.516943,0,0,0,0,0
9.518732,0,0,0,0,0
9.520498,0,0,0,0,0
9.522117,0,0,0,0,0
9.523883,0,0,0,0,0
9.525695,0,0,0,0,0
9.527503,0,0,0,0,0
9.529308,0,0,0,0,0
9.531116,0,0,0,0,0
9.533018,0,0,0,0,0
9.534980,0,0,0,0,0
9.536783,0,0,0,0,0
9.538588,0,0,0,0,0
9.540394,0,0,0,0,0
9.542284,0,0,0,0,0
9.543908,0,0,0,0,0
9.545678,0,0,0,0,0
9.547482,0,0,0,0,0
9.549366,0,0,0,0,0
9.551124,0,0,0,0,0
9.552684,0,0,0,0,0
9.554354,0,0,0,0,0
9.556165,0,0,0,0,0
9.557975,0,0,0,0,0
9.559781,0,0,0,0,0
9.561477,0,0,0,0,0
9.563253,0,0,0,0,0
9.564954,0,0,0,0,0
9.566866,0,0,0,0,0
9.568669,0,0,0,0,0
9.570477,0,0,0,0,0
9.572291,0,0,0,0,0
9.574185,0,0,0,0,0
9.576000,0,0,0,0,0
9.577695,0,0,0,0,0
9.579810,0,0,0,0,0
9.581679,0,0,0,0,0
9.583584,0,0,0,0,0
9.585595,0,0,0,0,0
9.587202,0,0,0,0,0
9.589040,0,0,0,0,0
9.590716,0,0,0,0,0
9.592472,0,0,0,0,0
9.594068,0,0,0,0,0
9.595820,0,0,0,0,0
9.597570,0,0,0,0,0
9.599343,0,0,0,0,0
9.601152,0,0,0,0,0
9.602967,0,0,0,0,0
9.604845,0,0,0,0,0
9.606652,0,0,0,0,0
9.608210,0,0,0,0,0
9.609676,0,0,0,0,0
9.611159,0,0,0,0,0
9.612701,0,0,0,0,0
9.614186,0,0,0,0,0
9.615638,0,0,0,0,0
9.617551,0,0,0,0,0
9.619368,0,0,0,0,0
9.621246,0,0,0,0,0
9.623061,0,0,0,0,0
9.624862,0,0,0,0,0
9.626467,0,0,0,0,0
9.628234,0,0,0,0,0
9.629950,0,0,0,0,0
9.631721,0,0,0,0,0
9.633532,0,0,0,0,0
9.635327,0,0,0,0,0
9.637195,0,0,0,0,0
9.638898,0,0,0,0,0
9.640460,0,0,0,0,0
9.642126,0,0,0,0,0
9.643899,0,0,0,0,0
9.645709,0,0,0,0,0
9.647514,0,0,0,0,0
9.649315,0,0,0,0,0
9.650970,0,0,0,0,0
9.652607,0,0,0,0,0
9.654368,0,0,0,0,0
9.656174,0,0,0,0,0
9.657979,0,0,0,0,0
9.659786,0,0,0,0,0
9.661417,0,0,0,0,0
9.663183,0,0,0,0,0
9.664983,0,0,0,0,0
9.666964,0,0,0,0,0
9.668845,0,0,0,0,0
9.670652,0,0,0,0,0
9.672281,0,0,0,0,0
9.674048,0,0,0,0,0
9.675853,0,0,0,0,0
9.677664,0,0,0,0,0
9.679470,0,0,0,0,0
9.681271,0,0,0,0,0
9.683106,0,0,0,0,0
9.684987,0,0,0,0,0
9.686731,0,0,0,0,0
9.688496,0,0,0,0,0
9.690371,0,0,0,0,0
9.691969,0,0,0,0,0
9.693777,0,0,0,0,0
9.695578,0,0,0,0,0
9.697370,0,0,0,0,0
9.699545,0,0,0,0,0
9.701477,0,0,0,0,0
9.703181,0,0,0,0,0
9.704961,0,0,0,0,0
9.706708,0,0,0,0,0
9.708471,0,0,0,0,0
9.710090,0,0,0,0,0
9.711655,0,0,0,0,0
9.713570,0,0,0,0,0
9.715205,0,0,0,0,0
9.717051,0,0,0,0,0
9.718869,0,0,0,0,0
9.720675,0,0,0,0,0
9.722484,0,0,0,0,0
9.724275,0,0,0,0,0
9.725973,0,0,0,0,0
9.727841,0,0,0,0,0
9.729652,0,0,0,0,0
9.731458,0,0,0,0,0
9.733341,0,0,0,0,0
9.734963,0,0,0,0,0
9.736742,0,0,0,0,0
9.738549,0,0,0,0,0
9.740355,0,0,0,0,0
9.742243,0,0,0,0,0
9.744049,0,0,0,0,0
9.745857,0,0,0,0,0
9.747683,0,0,0,0,0
9.749294,0,0,0,0,0
9.751073,0,0,0,0,0
9.752880,0,0,0,0,0
9.754835,0,0,0,0,0
9.756707,0,0,0,0,0
9.758381,0,0,0,0,0
9.760025,0,0,0,0,0
9.761586,0,0,0,0,0
9.763403,0,0,0,0,0
9.765541,0,0,0,0,0
9.767192,0,0,0,0,0
9.768972,0,0,0,0,0
9.770868,0,0,0,0,0
9.772753,0,0,0,0,0
9.774562,0,0,0,0,0
9.776182,0,0,0,0,0
9.777841,0,0,0,0,0
9.779517,0,0,0,0,0
9.781254,0,0,0,0,0
9.782813,0,0,0,0,0
9.784366,0,0,0,0,0
9.786128,0,0,0,0,0
9.787938,0,0,0,0,0
9.789571,0,0,0,0,0
9.791339,0,0,0,0,0
9.793145,0,0,0,0,0
9.794891,0,0,0,0,0
9.796455,0,0,0,0,0
9.798297,0,0,0,0,0
9.799926,0,0,0,0,0
9.801698,0,0,0,0,0
9.803508,0,0,0,0,0
9.805424,0,0,0,0,0
9.807108,0,0,0,0,0
9.808670,0,0,0,0,0
9.810248,0,0,0,0,0
9.811807,0,0,0,0,0
9.813434,0,0,0,0,0
9.814979,0,0,0,0,0
9.816723,0,0,0,0,0
9.818560,0,0,0,0,0
9.820204,0,0,0,0,0
9.822147,0,0,0,0,0
9.824101,0,0,0,0,0
9.825690,0,0,0,0,0
9.827245,0,0,0,0,0
9.828873,0,0,0,0,0
9.830426,0,0,0,0,0
9.831995,0,0,0,0,0
9.833754,0,0,0,0,0
9.835557,0,0,0,0,0
9.837165,0,0,0,0,0
9.838941,0,0,0,0,0
9.840742,0,0,0,0,0
9.843923,0,0,0,0,0
9.846866,0,0,0,0,0
9.848465,0,0,0,0,0
9.850084,0,0,0,0,0
9.851637,0,0,0,0,0
9.853238,0,0,0,0,0
9.854854,0,0,0,0,0
9.856446,0,0,0,0,0
9.858267,0,0,0,0,0
9.859814,0,0,0,0,0
9.861597,0,0,0,0,0
9.863142,0,0,0,0,0
9.864701,0,0,0,0,0
9.866249,0,0,0,0,0
9.867804,0,0,0,0,0
9.869427,0,0,0,0,0
9.870980,0,0,0,0,0
9.872531,0,0,0,0,0
9.874294,0,0,0,0,0
9.876110,0,0,0,0,0
9.877717,0,0,0,0,0
9.879422,0,0,0,0,0
9.881179,0,0,0,0,0
9.883179,0,0,0,0,0
9.885062,0,0,0,0,0
9.886700,0,0,0,0,0
9.888467,0,0,0,0,0
9.890279,0,0,0,0,0
9.892087,0,0,0,0,0
9.893897,0,0,0,0,0
9.895706,0,0,0,0,0
9.897538,0,0,0,0,0
9.899348,0,0,0,0,0
9.901233,0,0,0,0,0
9.903048,0,0,0,0,0
9.904853,0,0,0,0,0
9.906456,0,0,0,0,0
9.908238,0,0,0,0,0
9.910131,0,0,0,0,0
9.911942,0,0,0,0,0
9.913754,0,0,0,0,0
9.915547,0,0,0,0,0
9.918475,0,0,0,0,0
9.920403,0,0,0,0,0
9.922028,0,0,0,0,0
9.923554,0,0,0,0,0
9.925125,0,0,0,0,0
9.926606,0,0,0,0,0
9.928009,0,0,0,0,0
9.929406,0,0,0,0,0
9.931006,0,0,0,0,0
9.933067,0,0,0,0,0
9.934755,0,0,0,0,0
9.936302,0,0,0,0,0
9.937850,0,0,0,0,0
9.939541,0,0,0,0,0
9.941247,0,0,0,0,0
9.942799,0,0,0,0,0
9.944558,0,0,0,0,0
9.946368,0,0,0,0,0
9.948163,0,0,0,0,0
9.949867,0,0,0,0,0
9.951546,0,0,0,0,0
9.953305,0,0,0,0,0
9.955111,0,0,0,0,0
9.956990,0,0,0,0,0
9.958950,0,0,0,0,0
9.960750,0,0,0,0,0
9.962378,0,0,0,0,0
9.964157,0,0,0,0,0
9.965969,0,0,0,0,0
9.967778,0,0,0,0,0
9.969589,0,0,0,0,0
9.971398,0,0,0,0,0
9.973103,0,0,0,0,0
9.974878,0,0,0,0,0
9.976683,0,0,0,0,0
9.978493,0,0,0,0,0
9.980305,0,0,0,0,0
9.982142,0,0,0,0,0
9.983971,0,0,0,0,0
9.985782,0,0,0,0,0
9.987591,0,0,0,0,0
9.989479,0,0,0,0,0
9.991289,0,0,0,0,0
9.993096,0,0,0,0,0
9.994731,0,0,0,0,0
9.996482,0,0,0,0,0
9.998177,0,0,0,0,0
9.999996,0,0,0,0,0
