elapsed_s,HLSQ_BV_INS_BUF_FULL_BLOCK_CPI,HLSQ_VS_DES_BUF_FULL_BLOCK_CPI,HLSQ_FS_DES_BUF_FULL_BLOCK_CPI,HLSQ_BV_DES_BUF_FULL_BLOCK_CPI,HLSQ_PRIMITIVE_COUNT,HLSQ_LPAC2BV_SWITCH_CNT
0.001303,0,0,0,0,0,0
0.002717,0,0,0,0,0,0
0.004073,0,0,0,0,0,0
0.005325,0,0,0,0,0,0
0.006665,0,0,0,0,0,0
0.007882,0,0,0,0,0,0
0.009093,0,0,0,0,0,0
0.010302,0,0,0,0,0,0
0.011559,0,0,0,0,0,0
0.012815,0,0,0,0,0,0
0.014144,0,0,0,0,0,0
0.015308,0,0,0,0,0,0
0.016514,0,0,0,0,0,0
0.017671,0,0,0,0,0,0
0.018878,0,0,0,0,0,0
0.020086,0,0,0,0,0,0
0.021245,0,0,0,0,0,0
0.022451,0,0,0,0,0,0
0.023642,0,0,0,0,0,0
0.024799,0,0,0,0,0,0
0.026005,0,0,0,0,0,0
0.027293,0,0,0,0,0,0
0.028455,0,0,0,0,0,0
0.029694,0,0,0,0,0,0
0.030903,0,0,0,0,0,0
0.032138,0,0,0,0,0,0
0.033413,0,0,0,0,0,0
0.034679,0,0,0,0,0,0
0.035844,0,0,0,0,0,0
0.037004,0,0,0,0,0,0
0.038213,0,0,0,0,0,0
0.039421,0,0,0,0,0,0
0.040579,0,0,0,0,0,0
0.041736,0,0,0,0,0,0
0.042894,0,0,0,0,0,0
0.044058,0,0,0,0,0,0
0.045216,0,0,0,0,0,0
0.046375,0,0,0,0,0,0
0.047630,0,0,0,0,0,0
0.048837,0,0,0,0,0,0
0.049998,0,0,0,0,0,0
0.051166,0,0,0,0,0,0
0.052266,0,0,0,0,0,0
0.053435,0,0,0,0,0,0
0.054668,0,0,0,0,0,0
0.055893,0,0,0,0,0,0
0.057103,0,0,0,0,0,0
0.058311,0,0,0,0,0,0
0.059520,0,0,0,0,0,0
0.060727,0,0,0,0,0,0
0.061958,0,0,0,0,0,0
0.063185,0,0,0,0,0,0
0.064415,0,0,0,0,0,0
0.065643,0,0,0,0,0,0
0.066876,0,0,0,0,0,0
0.068053,0,0,0,0,0,0
0.069263,0,0,0,0,0,0
0.070423,0,0,0,0,0,0
0.071639,0,0,0,0,0,0
0.072798,0,0,0,0,0,0
0.074005,0,0,0,0,0,0
0.075224,0,0,0,0,0,0
0.076348,0,0,0,0,0,0
0.077507,0,0,0,0,0,0
0.078721,0,0,0,0,0,0
0.079879,0,0,0,0,0,0
0.081087,0,0,0,0,0,0
0.082295,0,0,0,0,0,0
0.083697,0,0,0,0,0,0
0.085282,0,0,0,0,0,0
0.086807,0,0,0,0,0,0
0.088031,0,0,0,0,0,0
0.089189,0,0,0,0,0,0
0.090395,0,0,0,0,0,0
0.091583,0,0,0,0,0,0
0.092788,0,0,0,0,0,0
0.094000,0,0,0,0,0,0
0.095255,0,0,0,0,0,0
0.096474,0,0,0,0,0,0
0.097633,0,0,0,0,0,0
0.098840,0,0,0,0,0,0
0.100047,0,0,0,0,0,0
0.101202,0,0,0,0,0,0
0.102420,0,0,0,0,0,0
0.103602,0,0,0,0,0,0
0.104764,0,0,0,0,0,0
0.105920,0,0,0,0,0,0
0.107076,0,0,0,0,0,0
0.108231,0,0,0,0,0,0
0.109387,0,0,0,0,0,0
0.110542,0,0,0,0,0,0
0.111703,0,0,0,0,0,0
0.112865,0,0,0,0,0,0
0.114068,0,0,0,0,0,0
0.115277,0,0,0,0,0,0
0.116484,0,0,0,0,0,0
0.117746,0,0,0,0,0,0
0.119073,0,0,0,0,0,0
0.120463,0,0,0,0,0,0
0.123216,0,0,0,0,0,0
0.124566,0,0,0,0,0,0
0.125970,0,0,0,0,0,0
0.127296,0,0,0,0,0,0
0.128627,0,0,0,0,0,0
0.129973,0,0,0,0,0,0
0.131623,0,0,0,0,0,0
0.133125,0,0,0,0,0,0
0.134654,0,0,0,0,0,0
0.136150,0,0,0,0,0,0
0.137477,0,0,0,0,0,0
0.138737,0,0,0,0,0,0
0.139985,0,0,0,0,0,0
0.141228,0,0,0,0,0,0
0.142631,0,0,0,0,0,0
0.144025,0,0,0,0,0,0
0.145256,0,0,0,0,0,0
0.146486,0,0,0,0,0,0
0.147741,0,0,0,0,0,0
0.149016,0,0,0,0,0,0
0.150373,0,0,0,0,0,0
0.151709,0,0,0,0,0,0
0.152931,0,0,0,0,0,0
0.154151,0,0,0,0,0,0
0.155370,0,0,0,0,0,0
0.156591,0,0,0,0,0,0
0.157847,0,0,0,0,0,0
0.159062,0,0,0,0,0,0
0.160276,0,0,0,0,0,0
0.161489,0,0,0,0,0,0
0.162702,0,0,0,0,0,0
0.163937,0,0,0,0,0,0
0.165136,0,0,0,0,0,0
0.166352,0,0,0,0,0,0
0.167635,0,0,0,0,0,0
0.168922,0,0,0,0,0,0
0.170208,0,0,0,0,0,0
0.171444,0,0,0,0,0,0
0.172659,0,0,0,0,0,0
0.173907,0,0,0,0,0,0
0.175184,0,0,0,0,0,0
0.176443,0,0,0,0,0,0
0.177736,0,0,0,0,0,0
0.179038,0,0,0,0,0,0
0.180304,0,0,0,0,0,0
0.181564,0,0,0,0,0,0
0.182916,0,0,0,0,0,0
0.184209,0,0,0,0,0,0
0.185701,0,0,0,0,0,0
0.187105,0,0,0,0,0,0
0.188392,0,0,0,0,0,0
0.189731,0,0,0,0,0,0
0.191156,0,0,0,0,0,0
0.192655,0,0,0,0,0,0
0.193949,0,0,0,0,0,0
0.195240,0,0,0,0,0,0
0.196612,0,0,0,0,0,0
0.198379,0,0,0,0,0,0
0.199903,0,0,0,0,0,0
0.201196,0,0,0,0,0,0
0.202482,0,0,0,0,0,0
0.203796,0,0,0,0,0,0
0.205081,0,0,0,0,0,0
0.206415,0,0,0,0,0,0
0.207693,0,0,0,0,0,0
0.208977,0,0,0,0,0,0
0.210262,0,0,0,0,0,0
0.211549,0,0,0,0,0,0
0.212833,0,0,0,0,0,0
0.214163,0,0,0,0,0,0
0.215450,0,0,0,0,0,0
0.216742,0,0,0,0,0,0
0.218029,0,0,0,0,0,0
0.219317,0,0,0,0,0,0
0.220603,0,0,0,0,0,0
0.225407,0,0,0,0,0,0
0.228259,0,0,0,0,0,0
0.229769,0,0,0,0,0,0
0.231050,0,0,0,0,0,0
0.232314,0,0,0,0,0,0
0.233529,0,0,0,0,0,0
0.234752,0,0,0,0,0,0
0.236043,0,0,0,0,0,0
0.237294,0,0,0,0,0,0
0.238619,0,0,0,0,0,0
0.239906,0,0,0,0,0,0
0.241178,0,0,0,0,0,0
0.242477,0,0,0,0,0,0
0.243772,0,0,0,0,0,0
0.245035,0,0,0,0,0,0
0.246356,0,0,0,0,0,0
0.247651,0,0,0,0,0,0
0.248961,0,0,0,0,0,0
0.250225,0,0,0,0,0,0
0.251548,0,0,0,0,0,0
0.252847,0,0,0,0,0,0
0.254111,0,0,0,0,0,0
0.255474,0,0,0,0,0,0
0.256920,0,0,0,0,0,0
0.258216,0,0,0,0,0,0
0.259514,0,0,0,0,0,0
0.260810,0,0,0,0,0,0
0.262206,0,0,0,0,0,0
0.263845,0,0,0,0,0,0
0.265198,0,0,0,0,0,0
0.266609,0,0,0,0,0,0
0.268103,0,0,0,0,0,0
0.269710,0,0,0,0,0,0
0.271175,0,0,0,0,0,0
0.272514,0,0,0,0,0,0
0.273871,0,0,0,0,0,0
0.275170,0,0,0,0,0,0
0.276465,0,0,0,0,0,0
0.277758,0,0,0,0,0,0
0.279057,0,0,0,0,0,0
0.280353,0,0,0,0,0,0
0.281646,0,0,0,0,0,0
0.282945,0,0,0,0,0,0
0.284550,0,0,0,0,0,0
0.285901,0,0,0,0,0,0
0.287195,0,0,0,0,0,0
0.288645,0,0,0,0,0,0
0.289947,0,0,0,0,0,0
0.291247,0,0,0,0,0,0
0.292541,0,0,0,0,0,0
0.293887,0,0,0,0,0,0
0.295184,0,0,0,0,0,0
0.296488,0,0,0,0,0,0
0.297783,0,0,0,0,0,0
0.299078,0,0,0,0,0,0
0.300370,0,0,0,0,0,0
0.301706,0,0,0,0,0,0
0.302997,0,0,0,0,0,0
0.304283,0,0,0,0,0,0
0.305569,0,0,0,0,0,0
0.306859,0,0,0,0,0,0
0.308139,0,0,0,0,0,0
0.309418,0,0,0,0,0,0
0.310752,0,0,0,0,0,0
0.312101,0,0,0,0,0,0
0.313434,0,0,0,0,0,0
0.315128,0,0,0,0,0,0
0.316635,0,0,0,0,0,0
0.318030,0,0,0,0,0,0
0.319325,0,0,0,0,0,0
0.324714,0,0,0,0,0,0
0.326056,0,0,0,0,0,0
0.327431,0,0,0,0,0,0
0.328685,0,0,0,0,0,0
0.329933,0,0,0,0,0,0
0.331172,0,0,0,0,0,0
0.332432,0,0,0,0,0,0
0.333740,0,0,0,0,0,0
0.334985,0,0,0,0,0,0
0.336299,0,0,0,0,0,0
0.337589,0,0,0,0,0,0
0.338920,0,0,0,0,0,0
0.340317,0,0,0,0,0,0
0.341635,0,0,0,0,0,0
0.342857,0,0,0,0,0,0
0.344116,0,0,0,0,0,0
0.345333,0,0,0,0,0,0
0.346587,0,0,0,0,0,0
0.347884,0,0,0,0,0,0
0.349127,0,0,0,0,0,0
0.350399,0,0,0,0,0,0
0.351665,0,0,0,0,0,0
0.352926,0,0,0,0,0,0
0.354301,0,0,0,0,0,0
0.355564,0,0,0,0,0,0
0.356823,0,0,0,0,0,0
0.358099,0,0,0,0,0,0
0.359395,0,0,0,0,0,0
0.360901,0,0,0,0,0,0
0.362245,0,0,0,0,0,0
0.363538,0,0,0,0,0,0
0.364834,0,0,0,0,0,0
0.366364,0,0,0,0,0,0
0.367862,0,0,0,0,0,0
0.369157,0,0,0,0,0,0
0.370446,0,0,0,0,0,0
0.371959,0,0,0,0,0,0
0.373276,0,0,0,0,0,0
0.374743,0,0,0,0,0,0
0.376424,0,0,0,0,0,0
0.377935,0,0,0,0,0,0
0.379230,0,0,0,0,0,0
0.380521,0,0,0,0,0,0
0.381969,0,0,0,0,0,0
0.383270,0,0,0,0,0,0
0.384562,0,0,0,0,0,0
0.385858,0,0,0,0,0,0
0.387304,0,0,0,0,0,0
0.389019,0,0,0,0,0,0
0.390318,0,0,0,0,0,0
0.391821,0,0,0,0,0,0
0.393126,0,0,0,0,0,0
0.394421,0,0,0,0,0,0
0.395948,0,0,0,0,0,0
0.397280,0,0,0,0,0,0
0.398619,0,0,0,0,0,0
0.399903,0,0,0,0,0,0
0.401187,0,0,0,0,0,0
0.402478,0,0,0,0,0,0
0.403874,0,0,0,0,0,0
0.405159,0,0,0,0,0,0
0.406445,0,0,0,0,0,0
0.407732,0,0,0,0,0,0
0.409015,0,0,0,0,0,0
0.410299,0,0,0,0,0,0
0.411583,0,0,0,0,0,0
0.412866,0,0,0,0,0,0
0.414195,0,0,0,0,0,0
0.415482,0,0,0,0,0,0
0.416777,0,0,0,0,0,0
0.418072,0,0,0,0,0,0
0.419363,0,0,0,0,0,0
0.422961,0,0,0,0,0,0
0.424325,0,0,0,0,0,0
0.426750,0,0,0,0,0,0
0.428964,0,0,0,0,0,0
0.430989,0,0,0,0,0,0
0.432433,0,0,0,0,0,0
0.433701,0,0,0,0,0,0
0.434962,0,0,0,0,0,0
0.436218,0,0,0,0,0,0
0.437473,0,0,0,0,0,0
0.438777,0,0,0,0,0,0
0.440042,0,0,0,0,0,0
0.441296,0,0,0,0,0,0
0.442641,0,0,0,0,0,0
0.443940,0,0,0,0,0,0
0.445312,0,0,0,0,0,0
0.446614,0,0,0,0,0,0
0.447876,0,0,0,0,0,0
0.449135,0,0,0,0,0,0
0.450396,0,0,0,0,0,0
0.451656,0,0,0,0,0,0
0.453189,0,0,0,0,0,0
0.454659,0,0,0,0,0,0
0.456070,0,0,0,0,0,0
0.457399,0,0,0,0,0,0
0.458695,0,0,0,0,0,0
0.459990,0,0,0,0,0,0
0.461284,0,0,0,0,0,0
0.462583,0,0,0,0,0,0
0.464037,0,0,0,0,0,0
0.465599,0,0,0,0,0,0
0.466901,0,0,0,0,0,0
0.468196,0,0,0,0,0,0
0.469692,0,0,0,0,0,0
0.471029,0,0,0,0,0,0
0.472385,0,0,0,0,0,0
0.473682,0,0,0,0,0,0
0.474981,0,0,0,0,0,0
0.476282,0,0,0,0,0,0
0.477576,0,0,0,0,0,0
0.478918,0,0,0,0,0,0
0.480212,0,0,0,0,0,0
0.481507,0,0,0,0,0,0
0.482986,0,0,0,0,0,0
0.484348,0,0,0,0,0,0
0.485694,0,0,0,0,0,0
0.487170,0,0,0,0,0,0
0.488497,0,0,0,0,0,0
0.489790,0,0,0,0,0,0
0.491082,0,0,0,0,0,0
0.492390,0,0,0,0,0,0
0.493915,0,0,0,0,0,0
0.495255,0,0,0,0,0,0
0.496797,0,0,0,0,0,0
0.498467,0,0,0,0,0,0
0.499756,0,0,0,0,0,0
0.501042,0,0,0,0,0,0
0.502373,0,0,0,0,0,0
0.503663,0,0,0,0,0,0
0.504949,0,0,0,0,0,0
0.506233,0,0,0,0,0,0
0.507521,0,0,0,0,0,0
0.508804,0,0,0,0,0,0
0.510135,0,0,0,0,0,0
0.511422,0,0,0,0,0,0
0.512706,0,0,0,0,0,0
0.513990,0,0,0,0,0,0
0.515275,0,0,0,0,0,0
0.516559,0,0,0,0,0,0
0.517888,0,0,0,0,0,0
0.519317,0,0,0,0,0,0
0.522917,0,0,0,0,0,0
0.524217,0,0,0,0,0,0
0.525509,0,0,0,0,0,0
0.527035,0,0,0,0,0,0
0.528488,0,0,0,0,0,0
0.529813,0,0,0,0,0,0
0.531148,0,0,0,0,0,0
0.532415,0,0,0,0,0,0
0.533685,0,0,0,0,0,0
0.535019,0,0,0,0,0,0
0.536331,0,0,0,0,0,0
0.537712,0,0,0,0,0,0
0.539045,0,0,0,0,0,0
0.540395,0,0,0,0,0,0
0.542023,0,0,0,0,0,0
0.543286,0,0,0,0,0,0
0.544554,0,0,0,0,0,0
0.545821,0,0,0,0,0,0
0.547096,0,0,0,0,0,0
0.548351,0,0,0,0,0,0
0.549607,0,0,0,0,0,0
0.550902,0,0,0,0,0,0
0.552384,0,0,0,0,0,0
0.553662,0,0,0,0,0,0
0.554922,0,0,0,0,0,0
0.556286,0,0,0,0,0,0
0.557656,0,0,0,0,0,0
0.558853,0,0,0,0,0,0
0.560345,0,0,0,0,0,0
0.561641,0,0,0,0,0,0
0.563064,0,0,0,0,0,0
0.564527,0,0,0,0,0,0
0.565842,0,0,0,0,0,0
0.567132,0,0,0,0,0,0
0.568421,0,0,0,0,0,0
0.569707,0,0,0,0,0,0
0.571103,0,0,0,0,0,0
0.572496,0,0,0,0,0,0
0.573845,0,0,0,0,0,0
0.575473,0,0,0,0,0,0
0.576761,0,0,0,0,0,0
0.578049,0,0,0,0,0,0
0.579340,0,0,0,0,0,0
0.580636,0,0,0,0,0,0
0.582051,0,0,0,0,0,0
0.583723,0,0,0,0,0,0
0.585018,0,0,0,0,0,0
0.586467,0,0,0,0,0,0
0.587810,0,0,0,0,0,0
0.589110,0,0,0,0,0,0
0.590452,0,0,0,0,0,0
0.591751,0,0,0,0,0,0
0.593043,0,0,0,0,0,0
0.594338,0,0,0,0,0,0
0.595768,0,0,0,0,0,0
0.597277,0,0,0,0,0,0
0.598618,0,0,0,0,0,0
0.599904,0,0,0,0,0,0
0.601189,0,0,0,0,0,0
0.602474,0,0,0,0,0,0
0.603768,0,0,0,0,0,0
0.605059,0,0,0,0,0,0
0.606392,0,0,0,0,0,0
0.607680,0,0,0,0,0,0
0.609003,0,0,0,0,0,0
0.610283,0,0,0,0,0,0
0.611567,0,0,0,0,0,0
0.612905,0,0,0,0,0,0
0.614433,0,0,0,0,0,0
0.615839,0,0,0,0,0,0
0.617133,0,0,0,0,0,0
0.618746,0,0,0,0,0,0
0.623834,0,0,0,0,0,0
0.626044,0,0,0,0,0,0
0.627419,0,0,0,0,0,0
0.629019,0,0,0,0,0,0
0.630354,0,0,0,0,0,0
0.631683,0,0,0,0,0,0
0.632902,0,0,0,0,0,0
0.634115,0,0,0,0,0,0
0.635322,0,0,0,0,0,0
0.636535,0,0,0,0,0,0
0.637767,0,0,0,0,0,0
0.639024,0,0,0,0,0,0
0.640282,0,0,0,0,0,0
0.641546,0,0,0,0,0,0
0.642805,0,0,0,0,0,0
0.644049,0,0,0,0,0,0
0.645292,0,0,0,0,0,0
0.646535,0,0,0,0,0,0
0.647776,0,0,0,0,0,0
0.649096,0,0,0,0,0,0
0.650372,0,0,0,0,0,0
0.651670,0,0,0,0,0,0
0.652910,0,0,0,0,0,0
0.654176,0,0,0,0,0,0
0.655477,0,0,0,0,0,0
0.656805,0,0,0,0,0,0
0.658164,0,0,0,0,0,0
0.659464,0,0,0,0,0,0
0.660808,0,0,0,0,0,0
0.662112,0,0,0,0,0,0
0.663440,0,0,0,0,0,0
0.664935,0,0,0,0,0,0
0.666237,0,0,0,0,0,0
0.667532,0,0,0,0,0,0
0.669020,0,0,0,0,0,0
0.670370,0,0,0,0,0,0
0.671828,0,0,0,0,0,0
0.673179,0,0,0,0,0,0
0.674471,0,0,0,0,0,0
0.675768,0,0,0,0,0,0
0.677059,0,0,0,0,0,0
0.678353,0,0,0,0,0,0
0.679962,0,0,0,0,0,0
0.681316,0,0,0,0,0,0
0.682615,0,0,0,0,0,0
0.684248,0,0,0,0,0,0
0.685616,0,0,0,0,0,0
0.687122,0,0,0,0,0,0
0.688417,0,0,0,0,0,0
0.689707,0,0,0,0,0,0
0.691250,0,0,0,0,0,0
0.692546,0,0,0,0,0,0
0.693891,0,0,0,0,0,0
0.695394,0,0,0,0,0,0
0.697117,0,0,0,0,0,0
0.698407,0,0,0,0,0,0
0.699695,0,0,0,0,0,0
0.700981,0,0,0,0,0,0
0.702315,0,0,0,0,0,0
0.703665,0,0,0,0,0,0
0.704949,0,0,0,0,0,0
0.706234,0,0,0,0,0,0
0.707519,0,0,0,0,0,0
0.708804,0,0,0,0,0,0
0.710134,0,0,0,0,0,0
0.711421,0,0,0,0,0,0
0.712703,0,0,0,0,0,0
0.713986,0,0,0,0,0,0
0.715272,0,0,0,0,0,0
0.716555,0,0,0,0,0,0
0.717992,0,0,0,0,0,0
0.722633,0,0,0,0,0,0
0.724402,0,0,0,0,0,0
0.726060,0,0,0,0,0,0
0.727528,0,0,0,0,0,0
0.728667,0,0,0,0,0,0
0.729925,0,0,0,0,0,0
0.731190,0,0,0,0,0,0
0.732481,0,0,0,0,0,0
0.733724,0,0,0,0,0,0
0.734976,0,0,0,0,0,0
0.736229,0,0,0,0,0,0
0.737561,0,0,0,0,0,0
0.738763,0,0,0,0,0,0
0.740083,0,0,0,0,0,0
0.741331,0,0,0,0,0,0
0.742609,0,0,0,0,0,0
0.743852,0,0,0,0,0,0
0.745092,0,0,0,0,0,0
0.746333,0,0,0,0,0,0
0.747614,0,0,0,0,0,0
0.748966,0,0,0,0,0,0
0.750407,0,0,0,0,0,0
0.751769,0,0,0,0,0,0
0.753062,0,0,0,0,0,0
0.754356,0,0,0,0,0,0
0.755742,0,0,0,0,0,0
0.757036,0,0,0,0,0,0
0.758331,0,0,0,0,0,0
0.759677,0,0,0,0,0,0
0.761159,0,0,0,0,0,0
0.762496,0,0,0,0,0,0
0.763816,0,0,0,0,0,0
0.766111,0,0,0,0,0,0
0.767485,0,0,0,0,0,0
0.769089,0,0,0,0,0,0
0.770446,0,0,0,0,0,0
0.771748,0,0,0,0,0,0
0.773042,0,0,0,0,0,0
0.774374,0,0,0,0,0,0
0.775673,0,0,0,0,0,0
0.776968,0,0,0,0,0,0
0.778260,0,0,0,0,0,0
0.779556,0,0,0,0,0,0
0.780906,0,0,0,0,0,0
0.782431,0,0,0,0,0,0
0.783734,0,0,0,0,0,0
0.785030,0,0,0,0,0,0
0.786537,0,0,0,0,0,0
0.788050,0,0,0,0,0,0
0.789337,0,0,0,0,0,0
0.790738,0,0,0,0,0,0
0.792031,0,0,0,0,0,0
0.793513,0,0,0,0,0,0
0.795075,0,0,0,0,0,0
0.796642,0,0,0,0,0,0
0.797976,0,0,0,0,0,0
0.799670,0,0,0,0,0,0
0.801009,0,0,0,0,0,0
0.802407,0,0,0,0,0,0
0.803701,0,0,0,0,0,0
0.804984,0,0,0,0,0,0
0.806317,0,0,0,0,0,0
0.807769,0,0,0,0,0,0
0.809449,0,0,0,0,0,0
0.810923,0,0,0,0,0,0
0.812444,0,0,0,0,0,0
0.813845,0,0,0,0,0,0
0.815142,0,0,0,0,0,0
0.816430,0,0,0,0,0,0
0.817915,0,0,0,0,0,0
0.822382,0,0,0,0,0,0
0.823906,0,0,0,0,0,0
0.825225,0,0,0,0,0,0
0.826480,0,0,0,0,0,0
0.827842,0,0,0,0,0,0
0.829157,0,0,0,0,0,0
0.830517,0,0,0,0,0,0
0.831873,0,0,0,0,0,0
0.833158,0,0,0,0,0,0
0.834570,0,0,0,0,0,0
0.835848,0,0,0,0,0,0
0.837106,0,0,0,0,0,0
0.838422,0,0,0,0,0,0
0.839677,0,0,0,0,0,0
0.840914,0,0,0,0,0,0
0.842271,0,0,0,0,0,0
0.843523,0,0,0,0,0,0
0.844766,0,0,0,0,0,0
0.846050,0,0,0,0,0,0
0.847314,0,0,0,0,0,0
0.848572,0,0,0,0,0,0
0.849908,0,0,0,0,0,0
0.851368,0,0,0,0,0,0
0.852714,0,0,0,0,0,0
0.854036,0,0,0,0,0,0
0.855397,0,0,0,0,0,0
0.856754,0,0,0,0,0,0
0.858052,0,0,0,0,0,0
0.859349,0,0,0,0,0,0
0.860647,0,0,0,0,0,0
0.862416,0,0,0,0,0,0
0.863713,0,0,0,0,0,0
0.865008,0,0,0,0,0,0
0.866467,0,0,0,0,0,0
0.868061,0,0,0,0,0,0
0.869363,0,0,0,0,0,0
0.870660,0,0,0,0,0,0
0.872100,0,0,0,0,0,0
0.873393,0,0,0,0,0,0
0.874693,0,0,0,0,0,0
0.875986,0,0,0,0,0,0
0.877476,0,0,0,0,0,0
0.879060,0,0,0,0,0,0
0.880362,0,0,0,0,0,0
0.881660,0,0,0,0,0,0
0.883235,0,0,0,0,0,0
0.884535,0,0,0,0,0,0
0.885882,0,0,0,0,0,0
0.887182,0,0,0,0,0,0
0.888608,0,0,0,0,0,0
0.890073,0,0,0,0,0,0
0.891367,0,0,0,0,0,0
0.892694,0,0,0,0,0,0
0.894038,0,0,0,0,0,0
0.895335,0,0,0,0,0,0
0.896627,0,0,0,0,0,0
0.897914,0,0,0,0,0,0
0.899201,0,0,0,0,0,0
0.900486,0,0,0,0,0,0
0.901818,0,0,0,0,0,0
0.903107,0,0,0,0,0,0
0.904392,0,0,0,0,0,0
0.905677,0,0,0,0,0,0
0.906966,0,0,0,0,0,0
0.908245,0,0,0,0,0,0
0.909524,0,0,0,0,0,0
0.911017,0,0,0,0,0,0
0.912304,0,0,0,0,0,0
0.913904,0,0,0,0,0,0
0.915265,0,0,0,0,0,0
0.916777,0,0,0,0,0,0
0.918419,0,0,0,0,0,0
0.922659,0,0,0,0,0,0
0.924642,0,0,0,0,0,0
0.926092,0,0,0,0,0,0
0.927414,0,0,0,0,0,0
0.928637,0,0,0,0,0,0
0.929896,0,0,0,0,0,0
0.931141,0,0,0,0,0,0
0.932354,0,0,0,0,0,0
0.933613,0,0,0,0,0,0
0.934817,0,0,0,0,0,0
0.936092,0,0,0,0,0,0
0.937490,0,0,0,0,0,0
0.938735,0,0,0,0,0,0
0.940022,0,0,0,0,0,0
0.941286,0,0,0,0,0,0
0.942557,0,0,0,0,0,0
0.943802,0,0,0,0,0,0
0.945043,0,0,0,0,0,0
0.946285,0,0,0,0,0,0
0.947527,0,0,0,0,0,0
0.948971,0,0,0,0,0,0
0.950291,0,0,0,0,0,0
0.951860,0,0,0,0,0,0
0.953239,0,0,0,0,0,0
0.954628,0,0,0,0,0,0
0.955956,0,0,0,0,0,0
0.957266,0,0,0,0,0,0
0.958568,0,0,0,0,0,0
0.960021,0,0,0,0,0,0
0.961646,0,0,0,0,0,0
0.962937,0,0,0,0,0,0
0.964326,0,0,0,0,0,0
0.965842,0,0,0,0,0,0
0.967181,0,0,0,0,0,0
0.968469,0,0,0,0,0,0
0.969931,0,0,0,0,0,0
0.971330,0,0,0,0,0,0
0.972768,0,0,0,0,0,0
0.974492,0,0,0,0,0,0
0.976028,0,0,0,0,0,0
0.977321,0,0,0,0,0,0
0.978732,0,0,0,0,0,0
0.980343,0,0,0,0,0,0
0.981686,0,0,0,0,0,0
0.983028,0,0,0,0,0,0
0.984515,0,0,0,0,0,0
0.985810,0,0,0,0,0,0
0.987107,0,0,0,0,0,0
0.988404,0,0,0,0,0,0
0.989884,0,0,0,0,0,0
0.991192,0,0,0,0,0,0
0.992486,0,0,0,0,0,0
0.993912,0,0,0,0,0,0
0.995252,0,0,0,0,0,0
0.996541,0,0,0,0,0,0
0.997873,0,0,0,0,0,0
0.999159,0,0,0,0,0,0
1.000444,0,0,0,0,0,0
1.001732,0,0,0,0,0,0
1.003021,0,0,0,0,0,0
1.004304,0,0,0,0,0,0
1.005589,0,0,0,0,0,0
1.006921,0,0,0,0,0,0
1.008204,0,0,0,0,0,0
1.009487,0,0,0,0,0,0
1.010773,0,0,0,0,0,0
1.012057,0,0,0,0,0,0
1.013340,0,0,0,0,0,0
1.014699,0,0,0,0,0,0
1.016248,0,0,0,0,0,0
1.017694,0,0,0,0,0,0
1.018981,0,0,0,0,0,0
1.020407,0,0,0,0,0,0
1.021778,0,0,0,0,0,0
1.023156,0,0,0,0,0,0
1.024679,0,0,0,0,0,0
1.025969,0,0,0,0,0,0
1.027278,0,0,0,0,0,0
1.028578,0,0,0,0,0,0
1.029866,0,0,0,0,0,0
1.031502,0,0,0,0,0,0
1.033063,0,0,0,0,0,0
1.034353,0,0,0,0,0,0
1.035764,0,0,0,0,0,0
1.037058,0,0,0,0,0,0
1.038335,0,0,0,0,0,0
1.039662,0,0,0,0,0,0
1.041065,0,0,0,0,0,0
1.042366,0,0,0,0,0,0
1.043683,0,0,0,0,0,0
1.044952,0,0,0,0,0,0
1.046212,0,0,0,0,0,0
1.047472,0,0,0,0,0,0
1.048839,0,0,0,0,0,0
1.050103,0,0,0,0,0,0
1.051361,0,0,0,0,0,0
1.052621,0,0,0,0,0,0
1.053931,0,0,0,0,0,0
1.055424,0,0,0,0,0,0
1.056873,0,0,0,0,0,0
1.058225,0,0,0,0,0,0
1.059520,0,0,0,0,0,0
1.060882,0,0,0,0,0,0
1.062386,0,0,0,0,0,0
1.063759,0,0,0,0,0,0
1.065305,0,0,0,0,0,0
1.066688,0,0,0,0,0,0
1.067982,0,0,0,0,0,0
1.069276,0,0,0,0,0,0
1.070876,0,0,0,0,0,0
1.072309,0,0,0,0,0,0
1.073603,0,0,0,0,0,0
1.074899,0,0,0,0,0,0
1.076191,0,0,0,0,0,0
1.077798,0,0,0,0,0,0
1.079169,0,0,0,0,0,0
1.080467,0,0,0,0,0,0
1.082749,0,0,0,0,0,0
1.084321,0,0,0,0,0,0
1.085748,0,0,0,0,0,0
1.087043,0,0,0,0,0,0
1.088334,0,0,0,0,0,0
1.089642,0,0,0,0,0,0
1.090930,0,0,0,0,0,0
1.092225,0,0,0,0,0,0
1.093516,0,0,0,0,0,0
1.094955,0,0,0,0,0,0
1.096240,0,0,0,0,0,0
1.097526,0,0,0,0,0,0
1.098815,0,0,0,0,0,0
1.100100,0,0,0,0,0,0
1.101384,0,0,0,0,0,0
1.102719,0,0,0,0,0,0
1.104004,0,0,0,0,0,0
1.105287,0,0,0,0,0,0
1.106574,0,0,0,0,0,0
1.107857,0,0,0,0,0,0
1.109140,0,0,0,0,0,0
1.110470,0,0,0,0,0,0
1.111757,0,0,0,0,0,0
1.113041,0,0,0,0,0,0
1.115008,0,0,0,0,0,0
1.116498,0,0,0,0,0,0
1.117908,0,0,0,0,0,0
1.119347,0,0,0,0,0,0
1.120885,0,0,0,0,0,0
1.122201,0,0,0,0,0,0
1.123518,0,0,0,0,0,0
1.124969,0,0,0,0,0,0
1.126303,0,0,0,0,0,0
1.127669,0,0,0,0,0,0
1.128973,0,0,0,0,0,0
1.130529,0,0,0,0,0,0
1.131870,0,0,0,0,0,0
1.133330,0,0,0,0,0,0
1.134796,0,0,0,0,0,0
1.136196,0,0,0,0,0,0
1.137577,0,0,0,0,0,0
1.138912,0,0,0,0,0,0
1.140105,0,0,0,0,0,0
1.141527,0,0,0,0,0,0
1.142887,0,0,0,0,0,0
1.144159,0,0,0,0,0,0
1.145419,0,0,0,0,0,0
1.146773,0,0,0,0,0,0
1.148080,0,0,0,0,0,0
1.149360,0,0,0,0,0,0
1.150687,0,0,0,0,0,0
1.152272,0,0,0,0,0,0
1.153726,0,0,0,0,0,0
1.155077,0,0,0,0,0,0
1.156375,0,0,0,0,0,0
1.157871,0,0,0,0,0,0
1.159372,0,0,0,0,0,0
1.160671,0,0,0,0,0,0
1.161965,0,0,0,0,0,0
1.163452,0,0,0,0,0,0
1.164759,0,0,0,0,0,0
1.166054,0,0,0,0,0,0
1.167350,0,0,0,0,0,0
1.168646,0,0,0,0,0,0
1.169949,0,0,0,0,0,0
1.171245,0,0,0,0,0,0
1.172539,0,0,0,0,0,0
1.173882,0,0,0,0,0,0
1.175179,0,0,0,0,0,0
1.176621,0,0,0,0,0,0
1.178120,0,0,0,0,0,0
1.179419,0,0,0,0,0,0
1.180715,0,0,0,0,0,0
1.182254,0,0,0,0,0,0
1.183731,0,0,0,0,0,0
1.185091,0,0,0,0,0,0
1.186388,0,0,0,0,0,0
1.187686,0,0,0,0,0,0
1.188983,0,0,0,0,0,0
1.190324,0,0,0,0,0,0
1.191941,0,0,0,0,0,0
1.193235,0,0,0,0,0,0
1.194526,0,0,0,0,0,0
1.195812,0,0,0,0,0,0
1.197099,0,0,0,0,0,0
1.200232,0,0,0,0,0,0
1.201576,0,0,0,0,0,0
1.202875,0,0,0,0,0,0
1.204162,0,0,0,0,0,0
1.205449,0,0,0,0,0,0
1.206738,0,0,0,0,0,0
1.208019,0,0,0,0,0,0
1.209300,0,0,0,0,0,0
1.210743,0,0,0,0,0,0
1.212031,0,0,0,0,0,0
1.213516,0,0,0,0,0,0
1.216457,0,0,0,0,0,0
1.217883,0,0,0,0,0,0
1.220632,0,0,0,0,0,0
1.222115,0,0,0,0,0,0
1.223483,0,0,0,0,0,0
1.224745,0,0,0,0,0,0
1.226039,0,0,0,0,0,0
1.227306,0,0,0,0,0,0
1.228609,0,0,0,0,0,0
1.229862,0,0,0,0,0,0
1.231135,0,0,0,0,0,0
1.232410,0,0,0,0,0,0
1.233678,0,0,0,0,0,0
1.235007,0,0,0,0,0,0
1.236293,0,0,0,0,0,0
1.237592,0,0,0,0,0,0
1.238887,0,0,0,0,0,0
1.240123,0,0,0,0,0,0
1.241456,0,0,0,0,0,0
1.242720,0,0,0,0,0,0
1.243962,0,0,0,0,0,0
1.245201,0,0,0,0,0,0
1.246605,0,0,0,0,0,0
1.247965,0,0,0,0,0,0
1.249416,0,0,0,0,0,0
1.250711,0,0,0,0,0,0
1.252005,0,0,0,0,0,0
1.253297,0,0,0,0,0,0
1.254829,0,0,0,0,0,0
1.256293,0,0,0,0,0,0
1.257732,0,0,0,0,0,0
1.259158,0,0,0,0,0,0
1.260509,0,0,0,0,0,0
1.261862,0,0,0,0,0,0
1.263017,0,0,0,0,0,0
1.264314,0,0,0,0,0,0
1.265812,0,0,0,0,0,0
1.267211,0,0,0,0,0,0
1.268561,0,0,0,0,0,0
1.269902,0,0,0,0,0,0
1.271468,0,0,0,0,0,0
1.272816,0,0,0,0,0,0
1.274130,0,0,0,0,0,0
1.275422,0,0,0,0,0,0
1.276799,0,0,0,0,0,0
1.278314,0,0,0,0,0,0
1.279694,0,0,0,0,0,0
1.280991,0,0,0,0,0,0
1.282391,0,0,0,0,0,0
1.283865,0,0,0,0,0,0
1.285225,0,0,0,0,0,0
1.286527,0,0,0,0,0,0
1.287821,0,0,0,0,0,0
1.289118,0,0,0,0,0,0
1.290412,0,0,0,0,0,0
1.291903,0,0,0,0,0,0
1.293194,0,0,0,0,0,0
1.294531,0,0,0,0,0,0
1.295819,0,0,0,0,0,0
1.297105,0,0,0,0,0,0
1.298391,0,0,0,0,0,0
1.299680,0,0,0,0,0,0
1.300965,0,0,0,0,0,0
1.302297,0,0,0,0,0,0
1.303583,0,0,0,0,0,0
1.304869,0,0,0,0,0,0
1.306153,0,0,0,0,0,0
1.307439,0,0,0,0,0,0
1.308719,0,0,0,0,0,0
1.310045,0,0,0,0,0,0
1.311327,0,0,0,0,0,0
1.312613,0,0,0,0,0,0
1.314129,0,0,0,0,0,0
1.315587,0,0,0,0,0,0
1.316878,0,0,0,0,0,0
1.318821,0,0,0,0,0,0
1.320267,0,0,0,0,0,0
1.321636,0,0,0,0,0,0
1.322976,0,0,0,0,0,0
1.324447,0,0,0,0,0,0
1.325793,0,0,0,0,0,0
1.327110,0,0,0,0,0,0
1.328417,0,0,0,0,0,0
1.329757,0,0,0,0,0,0
1.331134,0,0,0,0,0,0
1.332646,0,0,0,0,0,0
1.333942,0,0,0,0,0,0
1.335353,0,0,0,0,0,0
1.336609,0,0,0,0,0,0
1.337871,0,0,0,0,0,0
1.339128,0,0,0,0,0,0
1.340433,0,0,0,0,0,0
1.341735,0,0,0,0,0,0
1.343040,0,0,0,0,0,0
1.344349,0,0,0,0,0,0
1.345591,0,0,0,0,0,0
1.346834,0,0,0,0,0,0
1.348075,0,0,0,0,0,0
1.349316,0,0,0,0,0,0
1.350782,0,0,0,0,0,0
1.352138,0,0,0,0,0,0
1.353432,0,0,0,0,0,0
1.354731,0,0,0,0,0,0
1.356025,0,0,0,0,0,0
1.357394,0,0,0,0,0,0
1.358970,0,0,0,0,0,0
1.360267,0,0,0,0,0,0
1.361561,0,0,0,0,0,0
1.363005,0,0,0,0,0,0
1.364328,0,0,0,0,0,0
1.365729,0,0,0,0,0,0
1.367127,0,0,0,0,0,0
1.368423,0,0,0,0,0,0
1.369719,0,0,0,0,0,0
1.371018,0,0,0,0,0,0
1.372314,0,0,0,0,0,0
1.373608,0,0,0,0,0,0
1.375147,0,0,0,0,0,0
1.376452,0,0,0,0,0,0
1.377744,0,0,0,0,0,0
1.379037,0,0,0,0,0,0
1.380327,0,0,0,0,0,0
1.381771,0,0,0,0,0,0
1.383092,0,0,0,0,0,0
1.384378,0,0,0,0,0,0
1.385667,0,0,0,0,0,0
1.386955,0,0,0,0,0,0
1.388434,0,0,0,0,0,0
1.389836,0,0,0,0,0,0
1.391337,0,0,0,0,0,0
1.392631,0,0,0,0,0,0
1.393918,0,0,0,0,0,0
1.395206,0,0,0,0,0,0
1.396491,0,0,0,0,0,0
1.397829,0,0,0,0,0,0
1.399122,0,0,0,0,0,0
1.400405,0,0,0,0,0,0
1.401688,0,0,0,0,0,0
1.403008,0,0,0,0,0,0
1.404296,0,0,0,0,0,0
1.405581,0,0,0,0,0,0
1.406915,0,0,0,0,0,0
1.408200,0,0,0,0,0,0
1.409484,0,0,0,0,0,0
1.410770,0,0,0,0,0,0
1.412053,0,0,0,0,0,0
1.413336,0,0,0,0,0,0
1.414967,0,0,0,0,0,0
1.417952,0,0,0,0,0,0
1.419247,0,0,0,0,0,0
1.420696,0,0,0,0,0,0
1.423975,0,0,0,0,0,0
1.425245,0,0,0,0,0,0
1.426553,0,0,0,0,0,0
1.427816,0,0,0,0,0,0
1.429079,0,0,0,0,0,0
1.430339,0,0,0,0,0,0
1.431654,0,0,0,0,0,0
1.432924,0,0,0,0,0,0
1.434196,0,0,0,0,0,0
1.435451,0,0,0,0,0,0
1.436716,0,0,0,0,0,0
1.437978,0,0,0,0,0,0
1.439242,0,0,0,0,0,0
1.440483,0,0,0,0,0,0
1.441724,0,0,0,0,0,0
1.443072,0,0,0,0,0,0
1.444367,0,0,0,0,0,0
1.445688,0,0,0,0,0,0
1.447008,0,0,0,0,0,0
1.448361,0,0,0,0,0,0
1.449905,0,0,0,0,0,0
1.451233,0,0,0,0,0,0
1.452743,0,0,0,0,0,0
1.454157,0,0,0,0,0,0
1.455805,0,0,0,0,0,0
1.457107,0,0,0,0,0,0
1.458629,0,0,0,0,0,0
1.460004,0,0,0,0,0,0
1.461303,0,0,0,0,0,0
1.462602,0,0,0,0,0,0
1.464089,0,0,0,0,0,0
1.465497,0,0,0,0,0,0
1.466851,0,0,0,0,0,0
1.468145,0,0,0,0,0,0
1.469438,0,0,0,0,0,0
1.470770,0,0,0,0,0,0
1.472129,0,0,0,0,0,0
1.473426,0,0,0,0,0,0
1.474720,0,0,0,0,0,0
1.476218,0,0,0,0,0,0
1.477581,0,0,0,0,0,0
1.478935,0,0,0,0,0,0
1.480233,0,0,0,0,0,0
1.481669,0,0,0,0,0,0
1.482996,0,0,0,0,0,0
1.484296,0,0,0,0,0,0
1.485589,0,0,0,0,0,0
1.486936,0,0,0,0,0,0
1.488231,0,0,0,0,0,0
1.489528,0,0,0,0,0,0
1.490826,0,0,0,0,0,0
1.492119,0,0,0,0,0,0
1.493409,0,0,0,0,0,0
1.494745,0,0,0,0,0,0
1.496032,0,0,0,0,0,0
1.497318,0,0,0,0,0,0
1.498607,0,0,0,0,0,0
1.499895,0,0,0,0,0,0
1.501182,0,0,0,0,0,0
1.502514,0,0,0,0,0,0
1.503793,0,0,0,0,0,0
1.505071,0,0,0,0,0,0
1.506350,0,0,0,0,0,0
1.507751,0,0,0,0,0,0
1.509037,0,0,0,0,0,0
1.510568,0,0,0,0,0,0
1.511925,0,0,0,0,0,0
1.514997,0,0,0,0,0,0
1.516715,0,0,0,0,0,0
1.518198,0,0,0,0,0,0
1.519731,0,0,0,0,0,0
1.521045,0,0,0,0,0,0
1.522336,0,0,0,0,0,0
1.523773,0,0,0,0,0,0
1.525079,0,0,0,0,0,0
1.526346,0,0,0,0,0,0
1.527683,0,0,0,0,0,0
1.528972,0,0,0,0,0,0
1.530234,0,0,0,0,0,0
1.531525,0,0,0,0,0,0
1.532786,0,0,0,0,0,0
1.534115,0,0,0,0,0,0
1.535380,0,0,0,0,0,0
1.536642,0,0,0,0,0,0
1.537887,0,0,0,0,0,0
1.539139,0,0,0,0,0,0
1.540428,0,0,0,0,0,0
1.541718,0,0,0,0,0,0
1.542983,0,0,0,0,0,0
1.544246,0,0,0,0,0,0
1.545505,0,0,0,0,0,0
1.546764,0,0,0,0,0,0
1.548024,0,0,0,0,0,0
1.549281,0,0,0,0,0,0
1.550561,0,0,0,0,0,0
1.551856,0,0,0,0,0,0
1.553150,0,0,0,0,0,0
1.554445,0,0,0,0,0,0
1.555743,0,0,0,0,0,0
1.557429,0,0,0,0,0,0
1.558790,0,0,0,0,0,0
1.560250,0,0,0,0,0,0
1.561717,0,0,0,0,0,0
1.563071,0,0,0,0,0,0
1.564360,0,0,0,0,0,0
1.565526,0,0,0,0,0,0
1.567213,0,0,0,0,0,0
1.568876,0,0,0,0,0,0
1.570211,0,0,0,0,0,0
1.571643,0,0,0,0,0,0
1.572996,0,0,0,0,0,0
1.574290,0,0,0,0,0,0
1.575724,0,0,0,0,0,0
1.577389,0,0,0,0,0,0
1.578685,0,0,0,0,0,0
1.580258,0,0,0,0,0,0
1.581582,0,0,0,0,0,0
1.582928,0,0,0,0,0,0
1.584226,0,0,0,0,0,0
1.585522,0,0,0,0,0,0
1.586821,0,0,0,0,0,0
1.588117,0,0,0,0,0,0
1.589410,0,0,0,0,0,0
1.590973,0,0,0,0,0,0
1.592263,0,0,0,0,0,0
1.593637,0,0,0,0,0,0
1.594976,0,0,0,0,0,0
1.596120,0,0,0,0,0,0
1.597407,0,0,0,0,0,0
1.598743,0,0,0,0,0,0
1.600029,0,0,0,0,0,0
1.601314,0,0,0,0,0,0
1.602600,0,0,0,0,0,0
1.603908,0,0,0,0,0,0
1.605199,0,0,0,0,0,0
1.606592,0,0,0,0,0,0
1.607878,0,0,0,0,0,0
1.609162,0,0,0,0,0,0
1.610448,0,0,0,0,0,0
1.611737,0,0,0,0,0,0
1.613022,0,0,0,0,0,0
1.618218,0,0,0,0,0,0
1.620324,0,0,0,0,0,0
1.621624,0,0,0,0,0,0
1.623055,0,0,0,0,0,0
1.624290,0,0,0,0,0,0
1.625551,0,0,0,0,0,0
1.626949,0,0,0,0,0,0
1.628421,0,0,0,0,0,0
1.629746,0,0,0,0,0,0
1.630979,0,0,0,0,0,0
1.632286,0,0,0,0,0,0
1.633549,0,0,0,0,0,0
1.634809,0,0,0,0,0,0
1.636052,0,0,0,0,0,0
1.637295,0,0,0,0,0,0
1.638538,0,0,0,0,0,0
1.639779,0,0,0,0,0,0
1.641018,0,0,0,0,0,0
1.642494,0,0,0,0,0,0
1.643769,0,0,0,0,0,0
1.645011,0,0,0,0,0,0
1.646271,0,0,0,0,0,0
1.647564,0,0,0,0,0,0
1.649069,0,0,0,0,0,0
1.650360,0,0,0,0,0,0
1.651925,0,0,0,0,0,0
1.653329,0,0,0,0,0,0
1.654884,0,0,0,0,0,0
1.656182,0,0,0,0,0,0
1.657687,0,0,0,0,0,0
1.659056,0,0,0,0,0,0
1.660413,0,0,0,0,0,0
1.661764,0,0,0,0,0,0
1.663062,0,0,0,0,0,0
1.664586,0,0,0,0,0,0
1.665878,0,0,0,0,0,0
1.667174,0,0,0,0,0,0
1.668469,0,0,0,0,0,0
1.669936,0,0,0,0,0,0
1.671531,0,0,0,0,0,0
1.672827,0,0,0,0,0,0
1.674122,0,0,0,0,0,0
1.675526,0,0,0,0,0,0
1.676831,0,0,0,0,0,0
1.678173,0,0,0,0,0,0
1.679467,0,0,0,0,0,0
1.680919,0,0,0,0,0,0
1.682714,0,0,0,0,0,0
1.684014,0,0,0,0,0,0
1.685434,0,0,0,0,0,0
1.687164,0,0,0,0,0,0
1.688687,0,0,0,0,0,0
1.689977,0,0,0,0,0,0
1.691271,0,0,0,0,0,0
1.692562,0,0,0,0,0,0
1.693895,0,0,0,0,0,0
1.695184,0,0,0,0,0,0
1.696469,0,0,0,0,0,0
1.697751,0,0,0,0,0,0
1.699038,0,0,0,0,0,0
1.700323,0,0,0,0,0,0
1.701607,0,0,0,0,0,0
1.702940,0,0,0,0,0,0
1.704224,0,0,0,0,0,0
1.705509,0,0,0,0,0,0
1.706797,0,0,0,0,0,0
1.708081,0,0,0,0,0,0
1.709366,0,0,0,0,0,0
1.710700,0,0,0,0,0,0
1.711986,0,0,0,0,0,0
1.713269,0,0,0,0,0,0
1.714749,0,0,0,0,0,0
1.718706,0,0,0,0,0,0
1.720328,0,0,0,0,0,0
1.721701,0,0,0,0,0,0
1.723079,0,0,0,0,0,0
1.724395,0,0,0,0,0,0
1.725832,0,0,0,0,0,0
1.727188,0,0,0,0,0,0
1.728484,0,0,0,0,0,0
1.729778,0,0,0,0,0,0
1.731068,0,0,0,0,0,0
1.732359,0,0,0,0,0,0
1.733708,0,0,0,0,0,0
1.734962,0,0,0,0,0,0
1.736221,0,0,0,0,0,0
1.737480,0,0,0,0,0,0
1.738750,0,0,0,0,0,0
1.740063,0,0,0,0,0,0
1.741341,0,0,0,0,0,0
1.742750,0,0,0,0,0,0
1.744032,0,0,0,0,0,0
1.745361,0,0,0,0,0,0
1.746829,0,0,0,0,0,0
1.748067,0,0,0,0,0,0
1.749309,0,0,0,0,0,0
1.750574,0,0,0,0,0,0
1.752119,0,0,0,0,0,0
1.753411,0,0,0,0,0,0
1.754742,0,0,0,0,0,0
1.756097,0,0,0,0,0,0
1.757395,0,0,0,0,0,0
1.758833,0,0,0,0,0,0
1.760382,0,0,0,0,0,0
1.761681,0,0,0,0,0,0
1.762981,0,0,0,0,0,0
1.764427,0,0,0,0,0,0
1.765825,0,0,0,0,0,0
1.767178,0,0,0,0,0,0
1.768471,0,0,0,0,0,0
1.769758,0,0,0,0,0,0
1.771111,0,0,0,0,0,0
1.772529,0,0,0,0,0,0
1.773879,0,0,0,0,0,0
1.775181,0,0,0,0,0,0
1.776710,0,0,0,0,0,0
1.778010,0,0,0,0,0,0
1.779307,0,0,0,0,0,0
1.780803,0,0,0,0,0,0
1.782446,0,0,0,0,0,0
1.783796,0,0,0,0,0,0
1.785311,0,0,0,0,0,0
1.786814,0,0,0,0,0,0
1.788108,0,0,0,0,0,0
1.789415,0,0,0,0,0,0
1.790720,0,0,0,0,0,0
1.792019,0,0,0,0,0,0
1.793312,0,0,0,0,0,0
1.794602,0,0,0,0,0,0
1.795884,0,0,0,0,0,0
1.797165,0,0,0,0,0,0
1.798447,0,0,0,0,0,0
1.799747,0,0,0,0,0,0
1.801033,0,0,0,0,0,0
1.802682,0,0,0,0,0,0
1.804220,0,0,0,0,0,0
1.805559,0,0,0,0,0,0
1.807103,0,0,0,0,0,0
1.808443,0,0,0,0,0,0
1.809737,0,0,0,0,0,0
1.811030,0,0,0,0,0,0
1.812318,0,0,0,0,0,0
1.813606,0,0,0,0,0,0
1.814957,0,0,0,0,0,0
1.818987,0,0,0,0,0,0
1.822077,0,0,0,0,0,0
1.823507,0,0,0,0,0,0
1.824848,0,0,0,0,0,0
1.826003,0,0,0,0,0,0
1.827296,0,0,0,0,0,0
1.828538,0,0,0,0,0,0
1.829992,0,0,0,0,0,0
1.831338,0,0,0,0,0,0
1.832614,0,0,0,0,0,0
1.833899,0,0,0,0,0,0
1.835173,0,0,0,0,0,0
1.836580,0,0,0,0,0,0
1.837754,0,0,0,0,0,0
1.839041,0,0,0,0,0,0
1.840304,0,0,0,0,0,0
1.841547,0,0,0,0,0,0
1.842787,0,0,0,0,0,0
1.844065,0,0,0,0,0,0
1.845352,0,0,0,0,0,0
1.846652,0,0,0,0,0,0
1.847950,0,0,0,0,0,0
1.849247,0,0,0,0,0,0
1.850547,0,0,0,0,0,0
1.851835,0,0,0,0,0,0
1.853125,0,0,0,0,0,0
1.854414,0,0,0,0,0,0
1.855759,0,0,0,0,0,0
1.857047,0,0,0,0,0,0
1.858598,0,0,0,0,0,0
1.860070,0,0,0,0,0,0
1.861430,0,0,0,0,0,0
1.863086,0,0,0,0,0,0
1.864385,0,0,0,0,0,0
1.865679,0,0,0,0,0,0
1.866979,0,0,0,0,0,0
1.868810,0,0,0,0,0,0
1.870167,0,0,0,0,0,0
1.871662,0,0,0,0,0,0
1.873016,0,0,0,0,0,0
1.874314,0,0,0,0,0,0
1.875680,0,0,0,0,0,0
1.876977,0,0,0,0,0,0
1.878576,0,0,0,0,0,0
1.879876,0,0,0,0,0,0
1.881232,0,0,0,0,0,0
1.882685,0,0,0,0,0,0
1.884355,0,0,0,0,0,0
1.885705,0,0,0,0,0,0
1.887004,0,0,0,0,0,0
1.888414,0,0,0,0,0,0
1.889706,0,0,0,0,0,0
1.891006,0,0,0,0,0,0
1.892410,0,0,0,0,0,0
1.893947,0,0,0,0,0,0
1.895241,0,0,0,0,0,0
1.896529,0,0,0,0,0,0
1.897816,0,0,0,0,0,0
1.899105,0,0,0,0,0,0
1.900392,0,0,0,0,0,0
1.901725,0,0,0,0,0,0
1.903015,0,0,0,0,0,0
1.904301,0,0,0,0,0,0
1.905587,0,0,0,0,0,0
1.906875,0,0,0,0,0,0
1.908159,0,0,0,0,0,0
1.909445,0,0,0,0,0,0
1.910733,0,0,0,0,0,0
1.912020,0,0,0,0,0,0
1.913306,0,0,0,0,0,0
1.914594,0,0,0,0,0,0
1.918924,0,0,0,0,0,0
1.920387,0,0,0,0,0,0
1.921900,0,0,0,0,0,0
1.923259,0,0,0,0,0,0
1.925806,0,0,0,0,0,0
1.927077,0,0,0,0,0,0
1.928360,0,0,0,0,0,0
1.929570,0,0,0,0,0,0
1.930836,0,0,0,0,0,0
1.932055,0,0,0,0,0,0
1.933261,0,0,0,0,0,0
1.934674,0,0,0,0,0,0
1.935902,0,0,0,0,0,0
1.937117,0,0,0,0,0,0
1.938326,0,0,0,0,0,0
1.939655,0,0,0,0,0,0
1.940934,0,0,0,0,0,0
1.942198,0,0,0,0,0,0
1.943461,0,0,0,0,0,0
1.944723,0,0,0,0,0,0
1.946025,0,0,0,0,0,0
1.947345,0,0,0,0,0,0
1.948688,0,0,0,0,0,0
1.950011,0,0,0,0,0,0
1.951307,0,0,0,0,0,0
1.952610,0,0,0,0,0,0
1.953903,0,0,0,0,0,0
1.955198,0,0,0,0,0,0
1.956490,0,0,0,0,0,0
1.957833,0,0,0,0,0,0
1.959219,0,0,0,0,0,0
1.960780,0,0,0,0,0,0
1.962076,0,0,0,0,0,0
1.963370,0,0,0,0,0,0
1.964803,0,0,0,0,0,0
1.966198,0,0,0,0,0,0
1.967734,0,0,0,0,0,0
1.969213,0,0,0,0,0,0
1.970634,0,0,0,0,0,0
1.972051,0,0,0,0,0,0
1.973575,0,0,0,0,0,0
1.975054,0,0,0,0,0,0
1.976699,0,0,0,0,0,0
1.978160,0,0,0,0,0,0
1.979538,0,0,0,0,0,0
1.980850,0,0,0,0,0,0
1.982653,0,0,0,0,0,0
1.984005,0,0,0,0,0,0
1.985318,0,0,0,0,0,0
1.986813,0,0,0,0,0,0
1.988094,0,0,0,0,0,0
1.989526,0,0,0,0,0,0
1.990877,0,0,0,0,0,0
1.992189,0,0,0,0,0,0
1.993421,0,0,0,0,0,0
1.994701,0,0,0,0,0,0
1.995930,0,0,0,0,0,0
1.997106,0,0,0,0,0,0
1.998352,0,0,0,0,0,0
2.000578,0,0,0,0,0,0
2.002086,0,0,0,0,0,0
2.003351,0,0,0,0,0,0
2.004592,0,0,0,0,0,0
2.005815,0,0,0,0,0,0
2.007045,0,0,0,0,0,0
2.008212,0,0,0,0,0,0
2.009374,0,0,0,0,0,0
2.010536,0,0,0,0,0,0
2.011724,0,0,0,0,0,0
2.012885,0,0,0,0,0,0
2.014044,0,0,0,0,0,0
2.015252,0,0,0,0,0,0
2.016534,0,0,0,0,0,0
2.017712,0,0,0,0,0,0
2.018927,0,0,0,0,0,0
2.020102,0,0,0,0,0,0
2.021271,0,0,0,0,0,0
2.022494,0,0,0,0,0,0
2.023733,0,0,0,0,0,0
2.024908,0,0,0,0,0,0
2.026149,0,0,0,0,0,0
2.027384,0,0,0,0,0,0
2.028594,0,0,0,0,0,0
2.029816,0,0,0,0,0,0
2.031073,0,0,0,0,0,0
2.032235,0,0,0,0,0,0
2.033443,0,0,0,0,0,0
2.034665,0,0,0,0,0,0
2.035882,0,0,0,0,0,0
2.037044,0,0,0,0,0,0
2.038304,0,0,0,0,0,0
2.039593,0,0,0,0,0,0
2.040715,0,0,0,0,0,0
2.041944,0,0,0,0,0,0
2.043169,0,0,0,0,0,0
2.044395,0,0,0,0,0,0
2.045619,0,0,0,0,0,0
2.047090,0,0,0,0,0,0
2.048604,0,0,0,0,0,0
2.049982,0,0,0,0,0,0
2.051294,0,0,0,0,0,0
2.052590,0,0,0,0,0,0
2.053884,0,0,0,0,0,0
2.055177,0,0,0,0,0,0
2.056467,0,0,0,0,0,0
2.057970,0,0,0,0,0,0
2.059833,0,0,0,0,0,0
2.061243,0,0,0,0,0,0
2.062550,0,0,0,0,0,0
2.063843,0,0,0,0,0,0
2.065139,0,0,0,0,0,0
2.066602,0,0,0,0,0,0
2.067856,0,0,0,0,0,0
2.069148,0,0,0,0,0,0
2.070634,0,0,0,0,0,0
2.071953,0,0,0,0,0,0
2.073625,0,0,0,0,0,0
2.074917,0,0,0,0,0,0
2.077701,0,0,0,0,0,0
2.079120,0,0,0,0,0,0
2.080472,0,0,0,0,0,0
2.081773,0,0,0,0,0,0
2.083125,0,0,0,0,0,0
2.084731,0,0,0,0,0,0
2.086120,0,0,0,0,0,0
2.087395,0,0,0,0,0,0
2.088831,0,0,0,0,0,0
2.090128,0,0,0,0,0,0
2.091424,0,0,0,0,0,0
2.092712,0,0,0,0,0,0
2.094046,0,0,0,0,0,0
2.095615,0,0,0,0,0,0
2.096915,0,0,0,0,0,0
2.098339,0,0,0,0,0,0
2.099938,0,0,0,0,0,0
2.101320,0,0,0,0,0,0
2.102726,0,0,0,0,0,0
2.104009,0,0,0,0,0,0
2.105289,0,0,0,0,0,0
2.106686,0,0,0,0,0,0
2.107969,0,0,0,0,0,0
2.109251,0,0,0,0,0,0
2.110619,0,0,0,0,0,0
2.115027,0,0,0,0,0,0
2.117593,0,0,0,0,0,0
2.119092,0,0,0,0,0,0
2.120416,0,0,0,0,0,0
2.121665,0,0,0,0,0,0
2.122979,0,0,0,0,0,0
2.124226,0,0,0,0,0,0
2.125606,0,0,0,0,0,0
2.126912,0,0,0,0,0,0
2.128132,0,0,0,0,0,0
2.129340,0,0,0,0,0,0
2.130795,0,0,0,0,0,0
2.132073,0,0,0,0,0,0
2.133318,0,0,0,0,0,0
2.134572,0,0,0,0,0,0
2.135770,0,0,0,0,0,0
2.137006,0,0,0,0,0,0
2.138209,0,0,0,0,0,0
2.139461,0,0,0,0,0,0
2.140702,0,0,0,0,0,0
2.142103,0,0,0,0,0,0
2.143458,0,0,0,0,0,0
2.144768,0,0,0,0,0,0
2.146031,0,0,0,0,0,0
2.147293,0,0,0,0,0,0
2.148555,0,0,0,0,0,0
2.149911,0,0,0,0,0,0
2.151212,0,0,0,0,0,0
2.152508,0,0,0,0,0,0
2.153806,0,0,0,0,0,0
2.155103,0,0,0,0,0,0
2.156489,0,0,0,0,0,0
2.157805,0,0,0,0,0,0
2.159097,0,0,0,0,0,0
2.160581,0,0,0,0,0,0
2.161906,0,0,0,0,0,0
2.163401,0,0,0,0,0,0
2.164704,0,0,0,0,0,0
2.166045,0,0,0,0,0,0
2.167516,0,0,0,0,0,0
2.168868,0,0,0,0,0,0
2.170165,0,0,0,0,0,0
2.171459,0,0,0,0,0,0
2.172755,0,0,0,0,0,0
2.174106,0,0,0,0,0,0
2.175942,0,0,0,0,0,0
2.177418,0,0,0,0,0,0
2.178757,0,0,0,0,0,0
2.180459,0,0,0,0,0,0
2.181851,0,0,0,0,0,0
2.183211,0,0,0,0,0,0
2.184559,0,0,0,0,0,0
2.185973,0,0,0,0,0,0
2.187299,0,0,0,0,0,0
2.188596,0,0,0,0,0,0
2.189932,0,0,0,0,0,0
2.191592,0,0,0,0,0,0
2.193553,0,0,0,0,0,0
2.194836,0,0,0,0,0,0
2.196116,0,0,0,0,0,0
2.197395,0,0,0,0,0,0
2.198685,0,0,0,0,0,0
2.200156,0,0,0,0,0,0
2.201497,0,0,0,0,0,0
2.202797,0,0,0,0,0,0
2.204087,0,0,0,0,0,0
2.205374,0,0,0,0,0,0
2.206723,0,0,0,0,0,0
2.208011,0,0,0,0,0,0
2.209298,0,0,0,0,0,0
2.214576,0,0,0,0,0,0
2.215964,0,0,0,0,0,0
2.217280,0,0,0,0,0,0
2.218545,0,0,0,0,0,0
2.219917,0,0,0,0,0,0
2.221209,0,0,0,0,0,0
2.222495,0,0,0,0,0,0
2.223821,0,0,0,0,0,0
2.225034,0,0,0,0,0,0
2.226298,0,0,0,0,0,0
2.227678,0,0,0,0,0,0
2.228962,0,0,0,0,0,0
2.230165,0,0,0,0,0,0
2.231439,0,0,0,0,0,0
2.232689,0,0,0,0,0,0
2.233927,0,0,0,0,0,0
2.235174,0,0,0,0,0,0
2.236531,0,0,0,0,0,0
2.237783,0,0,0,0,0,0
2.239042,0,0,0,0,0,0
2.240304,0,0,0,0,0,0
2.241563,0,0,0,0,0,0
2.242827,0,0,0,0,0,0
2.244086,0,0,0,0,0,0
2.245419,0,0,0,0,0,0
2.246691,0,0,0,0,0,0
2.247982,0,0,0,0,0,0
2.249289,0,0,0,0,0,0
2.250800,0,0,0,0,0,0
2.252299,0,0,0,0,0,0
2.253698,0,0,0,0,0,0
2.254990,0,0,0,0,0,0
2.256401,0,0,0,0,0,0
2.257788,0,0,0,0,0,0
2.259900,0,0,0,0,0,0
2.261207,0,0,0,0,0,0
2.262706,0,0,0,0,0,0
2.264233,0,0,0,0,0,0
2.265523,0,0,0,0,0,0
2.266883,0,0,0,0,0,0
2.268173,0,0,0,0,0,0
2.269631,0,0,0,0,0,0
2.271095,0,0,0,0,0,0
2.272450,0,0,0,0,0,0
2.273749,0,0,0,0,0,0
2.275353,0,0,0,0,0,0
2.276724,0,0,0,0,0,0
2.278023,0,0,0,0,0,0
2.279319,0,0,0,0,0,0
2.280992,0,0,0,0,0,0
2.282292,0,0,0,0,0,0
2.283588,0,0,0,0,0,0
2.284992,0,0,0,0,0,0
2.286388,0,0,0,0,0,0
2.287695,0,0,0,0,0,0
2.288987,0,0,0,0,0,0
2.290273,0,0,0,0,0,0
2.291563,0,0,0,0,0,0
2.292844,0,0,0,0,0,0
2.294173,0,0,0,0,0,0
2.295389,0,0,0,0,0,0
2.296861,0,0,0,0,0,0
2.298382,0,0,0,0,0,0
2.299729,0,0,0,0,0,0
2.301024,0,0,0,0,0,0
2.302372,0,0,0,0,0,0
2.303662,0,0,0,0,0,0
2.304947,0,0,0,0,0,0
2.306232,0,0,0,0,0,0
2.307521,0,0,0,0,0,0
2.308807,0,0,0,0,0,0
2.310382,0,0,0,0,0,0
2.314681,0,0,0,0,0,0
2.317508,0,0,0,0,0,0
2.318919,0,0,0,0,0,0
2.320198,0,0,0,0,0,0
2.321457,0,0,0,0,0,0
2.322773,0,0,0,0,0,0
2.324029,0,0,0,0,0,0
2.325291,0,0,0,0,0,0
2.326567,0,0,0,0,0,0
2.327841,0,0,0,0,0,0
2.329117,0,0,0,0,0,0
2.330372,0,0,0,0,0,0
2.331775,0,0,0,0,0,0
2.333064,0,0,0,0,0,0
2.334354,0,0,0,0,0,0
2.335652,0,0,0,0,0,0
2.336893,0,0,0,0,0,0
2.338185,0,0,0,0,0,0
2.339512,0,0,0,0,0,0
2.340758,0,0,0,0,0,0
2.342017,0,0,0,0,0,0
2.343313,0,0,0,0,0,0
2.344609,0,0,0,0,0,0
2.346010,0,0,0,0,0,0
2.347310,0,0,0,0,0,0
2.348605,0,0,0,0,0,0
2.349900,0,0,0,0,0,0
2.351201,0,0,0,0,0,0
2.352947,0,0,0,0,0,0
2.354301,0,0,0,0,0,0
2.355653,0,0,0,0,0,0
2.357251,0,0,0,0,0,0
2.358612,0,0,0,0,0,0
2.359909,0,0,0,0,0,0
2.361362,0,0,0,0,0,0
2.362860,0,0,0,0,0,0
2.364153,0,0,0,0,0,0
2.365439,0,0,0,0,0,0
2.367020,0,0,0,0,0,0
2.368471,0,0,0,0,0,0
2.369771,0,0,0,0,0,0
2.371068,0,0,0,0,0,0
2.372547,0,0,0,0,0,0
2.373844,0,0,0,0,0,0
2.375140,0,0,0,0,0,0
2.376437,0,0,0,0,0,0
2.377892,0,0,0,0,0,0
2.379404,0,0,0,0,0,0
2.380704,0,0,0,0,0,0
2.382054,0,0,0,0,0,0
2.383567,0,0,0,0,0,0
2.384861,0,0,0,0,0,0
2.386156,0,0,0,0,0,0
2.387526,0,0,0,0,0,0
2.389028,0,0,0,0,0,0
2.390368,0,0,0,0,0,0
2.391657,0,0,0,0,0,0
2.392939,0,0,0,0,0,0
2.394220,0,0,0,0,0,0
2.395589,0,0,0,0,0,0
2.396869,0,0,0,0,0,0
2.398387,0,0,0,0,0,0
2.400151,0,0,0,0,0,0
2.401489,0,0,0,0,0,0
2.402796,0,0,0,0,0,0
2.404090,0,0,0,0,0,0
2.405377,0,0,0,0,0,0
2.406726,0,0,0,0,0,0
2.408011,0,0,0,0,0,0
2.409296,0,0,0,0,0,0
2.410746,0,0,0,0,0,0
2.414748,0,0,0,0,0,0
2.416124,0,0,0,0,0,0
2.417451,0,0,0,0,0,0
2.419051,0,0,0,0,0,0
2.420510,0,0,0,0,0,0
2.422067,0,0,0,0,0,0
2.423328,0,0,0,0,0,0
2.424603,0,0,0,0,0,0
2.425920,0,0,0,0,0,0
2.427176,0,0,0,0,0,0
2.428439,0,0,0,0,0,0
2.429696,0,0,0,0,0,0
2.430975,0,0,0,0,0,0
2.432296,0,0,0,0,0,0
2.433583,0,0,0,0,0,0
2.434864,0,0,0,0,0,0
2.436153,0,0,0,0,0,0
2.437533,0,0,0,0,0,0
2.438872,0,0,0,0,0,0
2.440146,0,0,0,0,0,0
2.441388,0,0,0,0,0,0
2.442675,0,0,0,0,0,0
2.444038,0,0,0,0,0,0
2.445375,0,0,0,0,0,0
2.446722,0,0,0,0,0,0
2.448195,0,0,0,0,0,0
2.449487,0,0,0,0,0,0
2.450772,0,0,0,0,0,0
2.452056,0,0,0,0,0,0
2.453338,0,0,0,0,0,0
2.454672,0,0,0,0,0,0
2.455979,0,0,0,0,0,0
2.457345,0,0,0,0,0,0
2.458791,0,0,0,0,0,0
2.460089,0,0,0,0,0,0
2.461391,0,0,0,0,0,0
2.462931,0,0,0,0,0,0
2.464254,0,0,0,0,0,0
2.465547,0,0,0,0,0,0
2.466965,0,0,0,0,0,0
2.469077,0,0,0,0,0,0
2.470610,0,0,0,0,0,0
2.472089,0,0,0,0,0,0
2.473450,0,0,0,0,0,0
2.474752,0,0,0,0,0,0
2.476069,0,0,0,0,0,0
2.477744,0,0,0,0,0,0
2.479129,0,0,0,0,0,0
2.480573,0,0,0,0,0,0
2.481876,0,0,0,0,0,0
2.483214,0,0,0,0,0,0
2.484507,0,0,0,0,0,0
2.485888,0,0,0,0,0,0
2.487187,0,0,0,0,0,0
2.488486,0,0,0,0,0,0
2.489776,0,0,0,0,0,0
2.491068,0,0,0,0,0,0
2.492354,0,0,0,0,0,0
2.493690,0,0,0,0,0,0
2.494979,0,0,0,0,0,0
2.496266,0,0,0,0,0,0
2.497550,0,0,0,0,0,0
2.498839,0,0,0,0,0,0
2.500119,0,0,0,0,0,0
2.501397,0,0,0,0,0,0
2.502707,0,0,0,0,0,0
2.503991,0,0,0,0,0,0
2.505276,0,0,0,0,0,0
2.506564,0,0,0,0,0,0
2.507849,0,0,0,0,0,0
2.509135,0,0,0,0,0,0
2.510466,0,0,0,0,0,0
2.511752,0,0,0,0,0,0
2.513183,0,0,0,0,0,0
2.514656,0,0,0,0,0,0
2.516687,0,0,0,0,0,0
2.518284,0,0,0,0,0,0
2.519650,0,0,0,0,0,0
2.521087,0,0,0,0,0,0
2.522439,0,0,0,0,0,0
2.523774,0,0,0,0,0,0
2.525081,0,0,0,0,0,0
2.526363,0,0,0,0,0,0
2.527720,0,0,0,0,0,0
2.528982,0,0,0,0,0,0
2.530240,0,0,0,0,0,0
2.531497,0,0,0,0,0,0
2.532755,0,0,0,0,0,0
2.534018,0,0,0,0,0,0
2.535281,0,0,0,0,0,0
2.536535,0,0,0,0,0,0
2.537776,0,0,0,0,0,0
2.539017,0,0,0,0,0,0
2.540257,0,0,0,0,0,0
2.541549,0,0,0,0,0,0
2.542874,0,0,0,0,0,0
2.544232,0,0,0,0,0,0
2.545532,0,0,0,0,0,0
2.546952,0,0,0,0,0,0
2.548246,0,0,0,0,0,0
2.549624,0,0,0,0,0,0
2.550917,0,0,0,0,0,0
2.552227,0,0,0,0,0,0
2.553522,0,0,0,0,0,0
2.554822,0,0,0,0,0,0
2.556299,0,0,0,0,0,0
2.557860,0,0,0,0,0,0
2.559185,0,0,0,0,0,0
2.560481,0,0,0,0,0,0
2.561932,0,0,0,0,0,0
2.563293,0,0,0,0,0,0
2.564586,0,0,0,0,0,0
2.565930,0,0,0,0,0,0
2.567286,0,0,0,0,0,0
2.568584,0,0,0,0,0,0
2.569881,0,0,0,0,0,0
2.571173,0,0,0,0,0,0
2.572462,0,0,0,0,0,0
2.573800,0,0,0,0,0,0
2.575269,0,0,0,0,0,0
2.576745,0,0,0,0,0,0
2.578040,0,0,0,0,0,0
2.579423,0,0,0,0,0,0
2.581131,0,0,0,0,0,0
2.582428,0,0,0,0,0,0
2.583724,0,0,0,0,0,0
2.585154,0,0,0,0,0,0
2.586447,0,0,0,0,0,0
2.587746,0,0,0,0,0,0
2.589329,0,0,0,0,0,0
2.590676,0,0,0,0,0,0
2.591963,0,0,0,0,0,0
2.593248,0,0,0,0,0,0
2.594536,0,0,0,0,0,0
2.595820,0,0,0,0,0,0
2.597105,0,0,0,0,0,0
2.598390,0,0,0,0,0,0
2.599677,0,0,0,0,0,0
2.600960,0,0,0,0,0,0
2.602244,0,0,0,0,0,0
2.603534,0,0,0,0,0,0
2.604817,0,0,0,0,0,0
2.606142,0,0,0,0,0,0
2.607427,0,0,0,0,0,0
2.608897,0,0,0,0,0,0
2.610419,0,0,0,0,0,0
2.611766,0,0,0,0,0,0
2.615049,0,0,0,0,0,0
2.616510,0,0,0,0,0,0
2.619456,0,0,0,0,0,0
2.621550,0,0,0,0,0,0
2.622966,0,0,0,0,0,0
2.624290,0,0,0,0,0,0
2.625555,0,0,0,0,0,0
2.626818,0,0,0,0,0,0
2.628221,0,0,0,0,0,0
2.629489,0,0,0,0,0,0
2.630775,0,0,0,0,0,0
2.632175,0,0,0,0,0,0
2.633442,0,0,0,0,0,0
2.634717,0,0,0,0,0,0
2.636018,0,0,0,0,0,0
2.637317,0,0,0,0,0,0
2.638589,0,0,0,0,0,0
2.639829,0,0,0,0,0,0
2.641069,0,0,0,0,0,0
2.642312,0,0,0,0,0,0
2.643630,0,0,0,0,0,0
2.644873,0,0,0,0,0,0
2.646134,0,0,0,0,0,0
2.647428,0,0,0,0,0,0
2.648718,0,0,0,0,0,0
2.650114,0,0,0,0,0,0
2.651466,0,0,0,0,0,0
2.652763,0,0,0,0,0,0
2.654107,0,0,0,0,0,0
2.655451,0,0,0,0,0,0
2.656910,0,0,0,0,0,0
2.658361,0,0,0,0,0,0
2.659665,0,0,0,0,0,0
2.661441,0,0,0,0,0,0
2.662925,0,0,0,0,0,0
2.664225,0,0,0,0,0,0
2.665647,0,0,0,0,0,0
2.667142,0,0,0,0,0,0
2.668556,0,0,0,0,0,0
2.670081,0,0,0,0,0,0
2.671403,0,0,0,0,0,0
2.672759,0,0,0,0,0,0
2.674057,0,0,0,0,0,0
2.675497,0,0,0,0,0,0
2.677163,0,0,0,0,0,0
2.678461,0,0,0,0,0,0
2.679912,0,0,0,0,0,0
2.681220,0,0,0,0,0,0
2.682598,0,0,0,0,0,0
2.683893,0,0,0,0,0,0
2.685189,0,0,0,0,0,0
2.686535,0,0,0,0,0,0
2.687832,0,0,0,0,0,0
2.689126,0,0,0,0,0,0
2.690421,0,0,0,0,0,0
2.691891,0,0,0,0,0,0
2.693464,0,0,0,0,0,0
2.695347,0,0,0,0,0,0
2.696783,0,0,0,0,0,0
2.698083,0,0,0,0,0,0
2.699376,0,0,0,0,0,0
2.700664,0,0,0,0,0,0
2.702000,0,0,0,0,0,0
2.703292,0,0,0,0,0,0
2.704576,0,0,0,0,0,0
2.705863,0,0,0,0,0,0
2.707150,0,0,0,0,0,0
2.708429,0,0,0,0,0,0
2.709754,0,0,0,0,0,0
2.711065,0,0,0,0,0,0
2.715802,0,0,0,0,0,0
2.717886,0,0,0,0,0,0
2.719323,0,0,0,0,0,0
2.720595,0,0,0,0,0,0
2.721897,0,0,0,0,0,0
2.723161,0,0,0,0,0,0
2.724420,0,0,0,0,0,0
2.725728,0,0,0,0,0,0
2.727019,0,0,0,0,0,0
2.728264,0,0,0,0,0,0
2.729567,0,0,0,0,0,0
2.730889,0,0,0,0,0,0
2.732295,0,0,0,0,0,0
2.733624,0,0,0,0,0,0
2.734926,0,0,0,0,0,0
2.736265,0,0,0,0,0,0
2.737529,0,0,0,0,0,0
2.738830,0,0,0,0,0,0
2.740110,0,0,0,0,0,0
2.741396,0,0,0,0,0,0
2.742687,0,0,0,0,0,0
2.743949,0,0,0,0,0,0
2.745204,0,0,0,0,0,0
2.746623,0,0,0,0,0,0
2.747881,0,0,0,0,0,0
2.749139,0,0,0,0,0,0
2.750409,0,0,0,0,0,0
2.751699,0,0,0,0,0,0
2.752983,0,0,0,0,0,0
2.754401,0,0,0,0,0,0
2.755780,0,0,0,0,0,0
2.757077,0,0,0,0,0,0
2.758368,0,0,0,0,0,0
2.759779,0,0,0,0,0,0
2.761292,0,0,0,0,0,0
2.762596,0,0,0,0,0,0
2.763891,0,0,0,0,0,0
2.765370,0,0,0,0,0,0
2.766673,0,0,0,0,0,0
2.767968,0,0,0,0,0,0
2.769262,0,0,0,0,0,0
2.770758,0,0,0,0,0,0
2.772195,0,0,0,0,0,0
2.773547,0,0,0,0,0,0
2.774896,0,0,0,0,0,0
2.776329,0,0,0,0,0,0
2.778198,0,0,0,0,0,0
2.779768,0,0,0,0,0,0
2.781069,0,0,0,0,0,0
2.782410,0,0,0,0,0,0
2.783710,0,0,0,0,0,0
2.785005,0,0,0,0,0,0
2.786304,0,0,0,0,0,0
2.787661,0,0,0,0,0,0
2.788957,0,0,0,0,0,0
2.790296,0,0,0,0,0,0
2.791584,0,0,0,0,0,0
2.792871,0,0,0,0,0,0
2.794158,0,0,0,0,0,0
2.795448,0,0,0,0,0,0
2.796735,0,0,0,0,0,0
2.798067,0,0,0,0,0,0
2.799356,0,0,0,0,0,0
2.800642,0,0,0,0,0,0
2.801927,0,0,0,0,0,0
2.803215,0,0,0,0,0,0
2.804499,0,0,0,0,0,0
2.805829,0,0,0,0,0,0
2.807116,0,0,0,0,0,0
2.808401,0,0,0,0,0,0
2.809685,0,0,0,0,0,0
2.810967,0,0,0,0,0,0
2.814989,0,0,0,0,0,0
2.816437,0,0,0,0,0,0
2.817734,0,0,0,0,0,0
2.819587,0,0,0,0,0,0
2.821057,0,0,0,0,0,0
2.822727,0,0,0,0,0,0
2.824052,0,0,0,0,0,0
2.825357,0,0,0,0,0,0
2.826610,0,0,0,0,0,0
2.827953,0,0,0,0,0,0
2.829203,0,0,0,0,0,0
2.830487,0,0,0,0,0,0
2.831665,0,0,0,0,0,0
2.832939,0,0,0,0,0,0
2.834193,0,0,0,0,0,0
2.835449,0,0,0,0,0,0
2.836766,0,0,0,0,0,0
2.838070,0,0,0,0,0,0
2.839328,0,0,0,0,0,0
2.840584,0,0,0,0,0,0
2.841842,0,0,0,0,0,0
2.843097,0,0,0,0,0,0
2.844486,0,0,0,0,0,0
2.845811,0,0,0,0,0,0
2.847098,0,0,0,0,0,0
2.848543,0,0,0,0,0,0
2.850061,0,0,0,0,0,0
2.851356,0,0,0,0,0,0
2.852649,0,0,0,0,0,0
2.853993,0,0,0,0,0,0
2.855288,0,0,0,0,0,0
2.856671,0,0,0,0,0,0
2.857974,0,0,0,0,0,0
2.859266,0,0,0,0,0,0
2.860556,0,0,0,0,0,0
2.862056,0,0,0,0,0,0
2.863554,0,0,0,0,0,0
2.864854,0,0,0,0,0,0
2.866148,0,0,0,0,0,0
2.867679,0,0,0,0,0,0
2.869038,0,0,0,0,0,0
2.870337,0,0,0,0,0,0
2.871730,0,0,0,0,0,0
2.873226,0,0,0,0,0,0
2.874566,0,0,0,0,0,0
2.875861,0,0,0,0,0,0
2.877149,0,0,0,0,0,0
2.878439,0,0,0,0,0,0
2.880132,0,0,0,0,0,0
2.881433,0,0,0,0,0,0
2.882732,0,0,0,0,0,0
2.884029,0,0,0,0,0,0
2.885324,0,0,0,0,0,0
2.886624,0,0,0,0,0,0
2.887919,0,0,0,0,0,0
2.889436,0,0,0,0,0,0
2.890731,0,0,0,0,0,0
2.892017,0,0,0,0,0,0
2.893305,0,0,0,0,0,0
2.894643,0,0,0,0,0,0
2.895930,0,0,0,0,0,0
2.897216,0,0,0,0,0,0
2.898567,0,0,0,0,0,0
2.900009,0,0,0,0,0,0
2.901620,0,0,0,0,0,0
2.903174,0,0,0,0,0,0
2.904474,0,0,0,0,0,0
2.906068,0,0,0,0,0,0
2.907410,0,0,0,0,0,0
2.908702,0,0,0,0,0,0
2.910224,0,0,0,0,0,0
2.914587,0,0,0,0,0,0
2.915962,0,0,0,0,0,0
2.918825,0,0,0,0,0,0
2.920104,0,0,0,0,0,0
2.921360,0,0,0,0,0,0
2.922629,0,0,0,0,0,0
2.923925,0,0,0,0,0,0
2.925272,0,0,0,0,0,0
2.926533,0,0,0,0,0,0
2.927796,0,0,0,0,0,0
2.929116,0,0,0,0,0,0
2.930378,0,0,0,0,0,0
2.931656,0,0,0,0,0,0
2.932909,0,0,0,0,0,0
2.934181,0,0,0,0,0,0
2.935516,0,0,0,0,0,0
2.936760,0,0,0,0,0,0
2.937999,0,0,0,0,0,0
2.939316,0,0,0,0,0,0
2.940620,0,0,0,0,0,0
2.941916,0,0,0,0,0,0
2.943212,0,0,0,0,0,0
2.944505,0,0,0,0,0,0
2.945798,0,0,0,0,0,0
2.947094,0,0,0,0,0,0
2.948390,0,0,0,0,0,0
2.949733,0,0,0,0,0,0
2.951082,0,0,0,0,0,0
2.952372,0,0,0,0,0,0
2.953828,0,0,0,0,0,0
2.955130,0,0,0,0,0,0
2.956420,0,0,0,0,0,0
2.957763,0,0,0,0,0,0
2.959207,0,0,0,0,0,0
2.960690,0,0,0,0,0,0
2.961986,0,0,0,0,0,0
2.963278,0,0,0,0,0,0
2.964765,0,0,0,0,0,0
2.966170,0,0,0,0,0,0
2.967808,0,0,0,0,0,0
2.969322,0,0,0,0,0,0
2.970672,0,0,0,0,0,0
2.971963,0,0,0,0,0,0
2.973258,0,0,0,0,0,0
2.974679,0,0,0,0,0,0
2.976024,0,0,0,0,0,0
2.977338,0,0,0,0,0,0
2.978642,0,0,0,0,0,0
2.980094,0,0,0,0,0,0
2.981396,0,0,0,0,0,0
2.982740,0,0,0,0,0,0
2.984147,0,0,0,0,0,0
2.985617,0,0,0,0,0,0
2.986975,0,0,0,0,0,0
2.988267,0,0,0,0,0,0
2.989551,0,0,0,0,0,0
2.991033,0,0,0,0,0,0
2.992451,0,0,0,0,0,0
2.993737,0,0,0,0,0,0
2.995023,0,0,0,0,0,0
2.996306,0,0,0,0,0,0
2.997590,0,0,0,0,0,0
2.998924,0,0,0,0,0,0
3.000207,0,0,0,0,0,0
3.001489,0,0,0,0,0,0
3.002776,0,0,0,0,0,0
3.004059,0,0,0,0,0,0
3.005341,0,0,0,0,0,0
3.006673,0,0,0,0,0,0
3.007965,0,0,0,0,0,0
3.009253,0,0,0,0,0,0
3.010924,0,0,0,0,0,0
3.014737,0,0,0,0,0,0
3.016097,0,0,0,0,0,0
3.017388,0,0,0,0,0,0
3.018724,0,0,0,0,0,0
3.020101,0,0,0,0,0,0
3.021386,0,0,0,0,0,0
3.022695,0,0,0,0,0,0
3.023950,0,0,0,0,0,0
3.025213,0,0,0,0,0,0
3.026467,0,0,0,0,0,0
3.027741,0,0,0,0,0,0
3.028999,0,0,0,0,0,0
3.030308,0,0,0,0,0,0
3.031547,0,0,0,0,0,0
3.032795,0,0,0,0,0,0
3.034033,0,0,0,0,0,0
3.035280,0,0,0,0,0,0
3.036519,0,0,0,0,0,0
3.037853,0,0,0,0,0,0
3.039182,0,0,0,0,0,0
3.040553,0,0,0,0,0,0
3.041812,0,0,0,0,0,0
3.043072,0,0,0,0,0,0
3.044334,0,0,0,0,0,0
3.045723,0,0,0,0,0,0
3.047022,0,0,0,0,0,0
3.048312,0,0,0,0,0,0
3.049598,0,0,0,0,0,0
3.050885,0,0,0,0,0,0
3.052419,0,0,0,0,0,0
3.053830,0,0,0,0,0,0
3.055137,0,0,0,0,0,0
3.056592,0,0,0,0,0,0
3.058103,0,0,0,0,0,0
3.059402,0,0,0,0,0,0
3.060695,0,0,0,0,0,0
3.062235,0,0,0,0,0,0
3.063704,0,0,0,0,0,0
3.065063,0,0,0,0,0,0
3.066647,0,0,0,0,0,0
3.068047,0,0,0,0,0,0
3.069340,0,0,0,0,0,0
3.070636,0,0,0,0,0,0
3.071930,0,0,0,0,0,0
3.073512,0,0,0,0,0,0
3.074812,0,0,0,0,0,0
3.076109,0,0,0,0,0,0
3.077403,0,0,0,0,0,0
3.078922,0,0,0,0,0,0
3.080217,0,0,0,0,0,0
3.081509,0,0,0,0,0,0
3.082963,0,0,0,0,0,0
3.084261,0,0,0,0,0,0
3.085579,0,0,0,0,0,0
3.086921,0,0,0,0,0,0
3.088449,0,0,0,0,0,0
3.089740,0,0,0,0,0,0
3.091030,0,0,0,0,0,0
3.092317,0,0,0,0,0,0
3.093603,0,0,0,0,0,0
3.094939,0,0,0,0,0,0
3.096221,0,0,0,0,0,0
3.097500,0,0,0,0,0,0
3.098780,0,0,0,0,0,0
3.100240,0,0,0,0,0,0
3.101807,0,0,0,0,0,0
3.103323,0,0,0,0,0,0
3.104665,0,0,0,0,0,0
3.106212,0,0,0,0,0,0
3.107500,0,0,0,0,0,0
3.108783,0,0,0,0,0,0
3.110118,0,0,0,0,0,0
3.111435,0,0,0,0,0,0
3.112901,0,0,0,0,0,0
3.114490,0,0,0,0,0,0
3.115797,0,0,0,0,0,0
3.119645,0,0,0,0,0,0
3.121031,0,0,0,0,0,0
3.122337,0,0,0,0,0,0
3.123743,0,0,0,0,0,0
3.125041,0,0,0,0,0,0
3.126330,0,0,0,0,0,0
3.128573,0,0,0,0,0,0
3.130246,0,0,0,0,0,0
3.131782,0,0,0,0,0,0
3.133366,0,0,0,0,0,0
3.134705,0,0,0,0,0,0
3.136091,0,0,0,0,0,0
3.137375,0,0,0,0,0,0
3.138804,0,0,0,0,0,0
3.139960,0,0,0,0,0,0
3.141219,0,0,0,0,0,0
3.142487,0,0,0,0,0,0
3.143910,0,0,0,0,0,0
3.145216,0,0,0,0,0,0
3.146479,0,0,0,0,0,0
3.147740,0,0,0,0,0,0
3.149168,0,0,0,0,0,0
3.150463,0,0,0,0,0,0
3.151726,0,0,0,0,0,0
3.152961,0,0,0,0,0,0
3.154198,0,0,0,0,0,0
3.155434,0,0,0,0,0,0
3.156671,0,0,0,0,0,0
3.158020,0,0,0,0,0,0
3.159255,0,0,0,0,0,0
3.160483,0,0,0,0,0,0
3.161707,0,0,0,0,0,0
3.162932,0,0,0,0,0,0
3.164157,0,0,0,0,0,0
3.165383,0,0,0,0,0,0
3.166656,0,0,0,0,0,0
3.167958,0,0,0,0,0,0
3.169312,0,0,0,0,0,0
3.170576,0,0,0,0,0,0
3.171832,0,0,0,0,0,0
3.173132,0,0,0,0,0,0
3.174736,0,0,0,0,0,0
3.176275,0,0,0,0,0,0
3.177575,0,0,0,0,0,0
3.178882,0,0,0,0,0,0
3.180508,0,0,0,0,0,0
3.182085,0,0,0,0,0,0
3.183635,0,0,0,0,0,0
3.185076,0,0,0,0,0,0
3.186821,0,0,0,0,0,0
3.188372,0,0,0,0,0,0
3.190014,0,0,0,0,0,0
3.191277,0,0,0,0,0,0
3.192566,0,0,0,0,0,0
3.193825,0,0,0,0,0,0
3.195078,0,0,0,0,0,0
3.196333,0,0,0,0,0,0
3.197583,0,0,0,0,0,0
3.198909,0,0,0,0,0,0
3.200186,0,0,0,0,0,0
3.201645,0,0,0,0,0,0
3.202992,0,0,0,0,0,0
3.204918,0,0,0,0,0,0
3.207919,0,0,0,0,0,0
3.210396,0,0,0,0,0,0
3.212848,0,0,0,0,0,0
3.214217,0,0,0,0,0,0
3.215562,0,0,0,0,0,0
3.216856,0,0,0,0,0,0
3.218208,0,0,0,0,0,0
3.219537,0,0,0,0,0,0
3.220785,0,0,0,0,0,0
3.222016,0,0,0,0,0,0
3.223272,0,0,0,0,0,0
3.224478,0,0,0,0,0,0
3.225683,0,0,0,0,0,0
3.226936,0,0,0,0,0,0
3.228143,0,0,0,0,0,0
3.229428,0,0,0,0,0,0
3.230796,0,0,0,0,0,0
3.232050,0,0,0,0,0,0
3.233289,0,0,0,0,0,0
3.234583,0,0,0,0,0,0
3.235944,0,0,0,0,0,0
3.237216,0,0,0,0,0,0
3.238757,0,0,0,0,0,0
3.240047,0,0,0,0,0,0
3.241480,0,0,0,0,0,0
3.243013,0,0,0,0,0,0
3.244378,0,0,0,0,0,0
3.245807,0,0,0,0,0,0
3.247098,0,0,0,0,0,0
3.248396,0,0,0,0,0,0
3.249687,0,0,0,0,0,0
3.250985,0,0,0,0,0,0
3.252425,0,0,0,0,0,0
3.253778,0,0,0,0,0,0
3.255127,0,0,0,0,0,0
3.256474,0,0,0,0,0,0
3.258054,0,0,0,0,0,0
3.259379,0,0,0,0,0,0
3.260677,0,0,0,0,0,0
3.262028,0,0,0,0,0,0
3.263324,0,0,0,0,0,0
3.264763,0,0,0,0,0,0
3.266112,0,0,0,0,0,0
3.267408,0,0,0,0,0,0
3.268701,0,0,0,0,0,0
3.270224,0,0,0,0,0,0
3.271526,0,0,0,0,0,0
3.272822,0,0,0,0,0,0
3.274117,0,0,0,0,0,0
3.275576,0,0,0,0,0,0
3.277287,0,0,0,0,0,0
3.278592,0,0,0,0,0,0
3.279886,0,0,0,0,0,0
3.281293,0,0,0,0,0,0
3.282590,0,0,0,0,0,0
3.283886,0,0,0,0,0,0
3.285191,0,0,0,0,0,0
3.286493,0,0,0,0,0,0
3.287926,0,0,0,0,0,0
3.289282,0,0,0,0,0,0
3.290575,0,0,0,0,0,0
3.291862,0,0,0,0,0,0
3.293148,0,0,0,0,0,0
3.294435,0,0,0,0,0,0
3.295726,0,0,0,0,0,0
3.297012,0,0,0,0,0,0
3.298297,0,0,0,0,0,0
3.299580,0,0,0,0,0,0
3.300858,0,0,0,0,0,0
3.302181,0,0,0,0,0,0
3.303564,0,0,0,0,0,0
3.304884,0,0,0,0,0,0
3.306353,0,0,0,0,0,0
3.307907,0,0,0,0,0,0
3.311026,0,0,0,0,0,0
3.312417,0,0,0,0,0,0
3.315159,0,0,0,0,0,0
3.317389,0,0,0,0,0,0
3.318844,0,0,0,0,0,0
3.320127,0,0,0,0,0,0
3.321343,0,0,0,0,0,0
3.322604,0,0,0,0,0,0
3.323814,0,0,0,0,0,0
3.325026,0,0,0,0,0,0
3.326227,0,0,0,0,0,0
3.327502,0,0,0,0,0,0
3.328745,0,0,0,0,0,0
3.329986,0,0,0,0,0,0
3.331230,0,0,0,0,0,0
3.332472,0,0,0,0,0,0
3.333768,0,0,0,0,0,0
3.335064,0,0,0,0,0,0
3.336308,0,0,0,0,0,0
3.337548,0,0,0,0,0,0
3.338792,0,0,0,0,0,0
3.340033,0,0,0,0,0,0
3.341396,0,0,0,0,0,0
3.342673,0,0,0,0,0,0
3.344178,0,0,0,0,0,0
3.345539,0,0,0,0,0,0
3.347050,0,0,0,0,0,0
3.348345,0,0,0,0,0,0
3.349688,0,0,0,0,0,0
3.350984,0,0,0,0,0,0
3.352278,0,0,0,0,0,0
3.353664,0,0,0,0,0,0
3.354994,0,0,0,0,0,0
3.356337,0,0,0,0,0,0
3.357629,0,0,0,0,0,0
3.359075,0,0,0,0,0,0
3.360580,0,0,0,0,0,0
3.361873,0,0,0,0,0,0
3.363385,0,0,0,0,0,0
3.364880,0,0,0,0,0,0
3.366451,0,0,0,0,0,0
3.367915,0,0,0,0,0,0
3.369384,0,0,0,0,0,0
3.370744,0,0,0,0,0,0
3.372038,0,0,0,0,0,0
3.373359,0,0,0,0,0,0
3.375095,0,0,0,0,0,0
3.376393,0,0,0,0,0,0
3.377834,0,0,0,0,0,0
3.379139,0,0,0,0,0,0
3.380537,0,0,0,0,0,0
3.381885,0,0,0,0,0,0
3.383199,0,0,0,0,0,0
3.384507,0,0,0,0,0,0
3.385809,0,0,0,0,0,0
3.387105,0,0,0,0,0,0
3.388387,0,0,0,0,0,0
3.389714,0,0,0,0,0,0
3.391004,0,0,0,0,0,0
3.392288,0,0,0,0,0,0
3.393755,0,0,0,0,0,0
3.395099,0,0,0,0,0,0
3.396393,0,0,0,0,0,0
3.397739,0,0,0,0,0,0
3.399028,0,0,0,0,0,0
3.400311,0,0,0,0,0,0
3.401593,0,0,0,0,0,0
3.402891,0,0,0,0,0,0
3.404182,0,0,0,0,0,0
3.405468,0,0,0,0,0,0
3.406758,0,0,0,0,0,0
3.411022,0,0,0,0,0,0
3.414373,0,0,0,0,0,0
3.415745,0,0,0,0,0,0
3.417073,0,0,0,0,0,0
3.418397,0,0,0,0,0,0
3.419848,0,0,0,0,0,0
3.421133,0,0,0,0,0,0
3.422411,0,0,0,0,0,0
3.423684,0,0,0,0,0,0
3.424948,0,0,0,0,0,0
3.426203,0,0,0,0,0,0
3.427466,0,0,0,0,0,0
3.428724,0,0,0,0,0,0
3.430033,0,0,0,0,0,0
3.431283,0,0,0,0,0,0
3.432532,0,0,0,0,0,0
3.433786,0,0,0,0,0,0
3.435046,0,0,0,0,0,0
3.436302,0,0,0,0,0,0
3.437546,0,0,0,0,0,0
3.438867,0,0,0,0,0,0
3.440160,0,0,0,0,0,0
3.441455,0,0,0,0,0,0
3.442955,0,0,0,0,0,0
3.444249,0,0,0,0,0,0
3.445545,0,0,0,0,0,0
3.446892,0,0,0,0,0,0
3.448376,0,0,0,0,0,0
3.449774,0,0,0,0,0,0
3.451127,0,0,0,0,0,0
3.452421,0,0,0,0,0,0
3.453835,0,0,0,0,0,0
3.455345,0,0,0,0,0,0
3.456643,0,0,0,0,0,0
3.457937,0,0,0,0,0,0
3.459389,0,0,0,0,0,0
3.460760,0,0,0,0,0,0
3.462111,0,0,0,0,0,0
3.463507,0,0,0,0,0,0
3.465044,0,0,0,0,0,0
3.466435,0,0,0,0,0,0
3.467736,0,0,0,0,0,0
3.469033,0,0,0,0,0,0
3.470377,0,0,0,0,0,0
3.471882,0,0,0,0,0,0
3.473181,0,0,0,0,0,0
3.474476,0,0,0,0,0,0
3.475960,0,0,0,0,0,0
3.477258,0,0,0,0,0,0
3.478603,0,0,0,0,0,0
3.479896,0,0,0,0,0,0
3.481184,0,0,0,0,0,0
3.482485,0,0,0,0,0,0
3.483875,0,0,0,0,0,0
3.485171,0,0,0,0,0,0
3.486463,0,0,0,0,0,0
3.487750,0,0,0,0,0,0
3.489034,0,0,0,0,0,0
3.490316,0,0,0,0,0,0
3.491666,0,0,0,0,0,0
3.492951,0,0,0,0,0,0
3.494280,0,0,0,0,0,0
3.495568,0,0,0,0,0,0
3.496853,0,0,0,0,0,0
3.498135,0,0,0,0,0,0
3.499421,0,0,0,0,0,0
3.500704,0,0,0,0,0,0
3.502035,0,0,0,0,0,0
3.503321,0,0,0,0,0,0
3.504604,0,0,0,0,0,0
3.505888,0,0,0,0,0,0
3.510685,0,0,0,0,0,0
3.512350,0,0,0,0,0,0
3.513659,0,0,0,0,0,0
3.514935,0,0,0,0,0,0
3.516237,0,0,0,0,0,0
3.517491,0,0,0,0,0,0
3.518811,0,0,0,0,0,0
3.520021,0,0,0,0,0,0
3.521248,0,0,0,0,0,0
3.522456,0,0,0,0,0,0
3.523671,0,0,0,0,0,0
3.524878,0,0,0,0,0,0
3.526087,0,0,0,0,0,0
3.527279,0,0,0,0,0,0
3.528572,0,0,0,0,0,0
3.529857,0,0,0,0,0,0
3.531117,0,0,0,0,0,0
3.532363,0,0,0,0,0,0
3.533605,0,0,0,0,0,0
3.534902,0,0,0,0,0,0
3.536161,0,0,0,0,0,0
3.537463,0,0,0,0,0,0
3.538751,0,0,0,0,0,0
3.540049,0,0,0,0,0,0
3.541310,0,0,0,0,0,0
3.542673,0,0,0,0,0,0
3.544059,0,0,0,0,0,0
3.545522,0,0,0,0,0,0
3.546874,0,0,0,0,0,0
3.548166,0,0,0,0,0,0
3.549625,0,0,0,0,0,0
3.551167,0,0,0,0,0,0
3.552719,0,0,0,0,0,0
3.554019,0,0,0,0,0,0
3.555390,0,0,0,0,0,0
3.556738,0,0,0,0,0,0
3.558085,0,0,0,0,0,0
3.559444,0,0,0,0,0,0
3.560996,0,0,0,0,0,0
3.562339,0,0,0,0,0,0
3.563859,0,0,0,0,0,0
3.565155,0,0,0,0,0,0
3.566447,0,0,0,0,0,0
3.567813,0,0,0,0,0,0
3.569271,0,0,0,0,0,0
3.570937,0,0,0,0,0,0
3.572229,0,0,0,0,0,0
3.573715,0,0,0,0,0,0
3.575016,0,0,0,0,0,0
3.576315,0,0,0,0,0,0
3.577609,0,0,0,0,0,0
3.578902,0,0,0,0,0,0
3.580197,0,0,0,0,0,0
3.581493,0,0,0,0,0,0
3.582837,0,0,0,0,0,0
3.584131,0,0,0,0,0,0
3.585421,0,0,0,0,0,0
3.586712,0,0,0,0,0,0
3.587998,0,0,0,0,0,0
3.589285,0,0,0,0,0,0
3.590620,0,0,0,0,0,0
3.591907,0,0,0,0,0,0
3.593192,0,0,0,0,0,0
3.594478,0,0,0,0,0,0
3.595872,0,0,0,0,0,0
3.597157,0,0,0,0,0,0
3.598692,0,0,0,0,0,0
3.600024,0,0,0,0,0,0
3.601313,0,0,0,0,0,0
3.602787,0,0,0,0,0,0
3.604187,0,0,0,0,0,0
3.605791,0,0,0,0,0,0
3.610676,0,0,0,0,0,0
3.612098,0,0,0,0,0,0
3.613401,0,0,0,0,0,0
3.614773,0,0,0,0,0,0
3.616078,0,0,0,0,0,0
3.617292,0,0,0,0,0,0
3.618563,0,0,0,0,0,0
3.619791,0,0,0,0,0,0
3.621039,0,0,0,0,0,0
3.622293,0,0,0,0,0,0
3.623487,0,0,0,0,0,0
3.624675,0,0,0,0,0,0
3.625863,0,0,0,0,0,0
3.627102,0,0,0,0,0,0
3.628415,0,0,0,0,0,0
3.629771,0,0,0,0,0,0
3.631050,0,0,0,0,0,0
3.632294,0,0,0,0,0,0
3.633534,0,0,0,0,0,0
3.634777,0,0,0,0,0,0
3.636017,0,0,0,0,0,0
3.637372,0,0,0,0,0,0
3.638748,0,0,0,0,0,0
3.640651,0,0,0,0,0,0
3.642021,0,0,0,0,0,0
3.643502,0,0,0,0,0,0
3.645018,0,0,0,0,0,0
3.646319,0,0,0,0,0,0
3.647685,0,0,0,0,0,0
3.648983,0,0,0,0,0,0
3.650439,0,0,0,0,0,0
3.651996,0,0,0,0,0,0
3.653290,0,0,0,0,0,0
3.654589,0,0,0,0,0,0
3.656082,0,0,0,0,0,0
3.657382,0,0,0,0,0,0
3.658679,0,0,0,0,0,0
3.659976,0,0,0,0,0,0
3.661269,0,0,0,0,0,0
3.662771,0,0,0,0,0,0
3.664128,0,0,0,0,0,0
3.665426,0,0,0,0,0,0
3.666839,0,0,0,0,0,0
3.668431,0,0,0,0,0,0
3.669953,0,0,0,0,0,0
3.671300,0,0,0,0,0,0
3.672605,0,0,0,0,0,0
3.673948,0,0,0,0,0,0
3.675243,0,0,0,0,0,0
3.676535,0,0,0,0,0,0
3.677871,0,0,0,0,0,0
3.679304,0,0,0,0,0,0
3.680652,0,0,0,0,0,0
3.682184,0,0,0,0,0,0
3.683487,0,0,0,0,0,0
3.684947,0,0,0,0,0,0
3.686891,0,0,0,0,0,0
3.688259,0,0,0,0,0,0
3.689550,0,0,0,0,0,0
3.690876,0,0,0,0,0,0
3.692164,0,0,0,0,0,0
3.693452,0,0,0,0,0,0
3.694745,0,0,0,0,0,0
3.696032,0,0,0,0,0,0
3.697319,0,0,0,0,0,0
3.698608,0,0,0,0,0,0
3.699894,0,0,0,0,0,0
3.701179,0,0,0,0,0,0
3.702514,0,0,0,0,0,0
3.703802,0,0,0,0,0,0
3.705086,0,0,0,0,0,0
3.706440,0,0,0,0,0,0
3.710790,0,0,0,0,0,0
3.712176,0,0,0,0,0,0
3.713466,0,0,0,0,0,0
3.714761,0,0,0,0,0,0
3.716082,0,0,0,0,0,0
3.717369,0,0,0,0,0,0
3.718611,0,0,0,0,0,0
3.719825,0,0,0,0,0,0
3.721097,0,0,0,0,0,0
3.722363,0,0,0,0,0,0
3.723769,0,0,0,0,0,0
3.725138,0,0,0,0,0,0
3.726407,0,0,0,0,0,0
3.727688,0,0,0,0,0,0
3.728938,0,0,0,0,0,0
3.730189,0,0,0,0,0,0
3.731437,0,0,0,0,0,0
3.732676,0,0,0,0,0,0
3.733922,0,0,0,0,0,0
3.735340,0,0,0,0,0,0
3.736605,0,0,0,0,0,0
3.737863,0,0,0,0,0,0
3.739124,0,0,0,0,0,0
3.740385,0,0,0,0,0,0
3.741706,0,0,0,0,0,0
3.743001,0,0,0,0,0,0
3.744299,0,0,0,0,0,0
3.745593,0,0,0,0,0,0
3.746892,0,0,0,0,0,0
3.748187,0,0,0,0,0,0
3.749814,0,0,0,0,0,0
3.751256,0,0,0,0,0,0
3.752548,0,0,0,0,0,0
3.753990,0,0,0,0,0,0
3.755368,0,0,0,0,0,0
3.756722,0,0,0,0,0,0
3.758070,0,0,0,0,0,0
3.759534,0,0,0,0,0,0
3.761038,0,0,0,0,0,0
3.762420,0,0,0,0,0,0
3.763912,0,0,0,0,0,0
3.765210,0,0,0,0,0,0
3.766564,0,0,0,0,0,0
3.767864,0,0,0,0,0,0
3.769159,0,0,0,0,0,0
3.770547,0,0,0,0,0,0
3.771847,0,0,0,0,0,0
3.773136,0,0,0,0,0,0
3.774426,0,0,0,0,0,0
3.775773,0,0,0,0,0,0
3.777196,0,0,0,0,0,0
3.778695,0,0,0,0,0,0
3.780051,0,0,0,0,0,0
3.781356,0,0,0,0,0,0
3.782662,0,0,0,0,0,0
3.783956,0,0,0,0,0,0
3.785242,0,0,0,0,0,0
3.786581,0,0,0,0,0,0
3.787808,0,0,0,0,0,0
3.789096,0,0,0,0,0,0
3.790715,0,0,0,0,0,0
3.792258,0,0,0,0,0,0
3.793596,0,0,0,0,0,0
3.795077,0,0,0,0,0,0
3.796415,0,0,0,0,0,0
3.797769,0,0,0,0,0,0
3.799062,0,0,0,0,0,0
3.800350,0,0,0,0,0,0
3.801636,0,0,0,0,0,0
3.802927,0,0,0,0,0,0
3.804212,0,0,0,0,0,0
3.805498,0,0,0,0,0,0
3.807052,0,0,0,0,0,0
3.811979,0,0,0,0,0,0
3.813281,0,0,0,0,0,0
3.814585,0,0,0,0,0,0
3.815880,0,0,0,0,0,0
3.817222,0,0,0,0,0,0
3.818828,0,0,0,0,0,0
3.820119,0,0,0,0,0,0
3.821407,0,0,0,0,0,0
3.822693,0,0,0,0,0,0
3.824041,0,0,0,0,0,0
3.825313,0,0,0,0,0,0
3.826588,0,0,0,0,0,0
3.827849,0,0,0,0,0,0
3.829158,0,0,0,0,0,0
3.830671,0,0,0,0,0,0
3.831984,0,0,0,0,0,0
3.833293,0,0,0,0,0,0
3.834626,0,0,0,0,0,0
3.836032,0,0,0,0,0,0
3.837396,0,0,0,0,0,0
3.838693,0,0,0,0,0,0
3.839987,0,0,0,0,0,0
3.841276,0,0,0,0,0,0
3.842684,0,0,0,0,0,0
3.843972,0,0,0,0,0,0
3.845262,0,0,0,0,0,0
3.847143,0,0,0,0,0,0
3.848467,0,0,0,0,0,0
3.849892,0,0,0,0,0,0
3.851212,0,0,0,0,0,0
3.852675,0,0,0,0,0,0
3.854011,0,0,0,0,0,0
3.855305,0,0,0,0,0,0
3.856601,0,0,0,0,0,0
3.858046,0,0,0,0,0,0
3.859538,0,0,0,0,0,0
3.860839,0,0,0,0,0,0
3.862135,0,0,0,0,0,0
3.863727,0,0,0,0,0,0
3.865080,0,0,0,0,0,0
3.866374,0,0,0,0,0,0
3.868164,0,0,0,0,0,0
3.869704,0,0,0,0,0,0
3.871170,0,0,0,0,0,0
3.872644,0,0,0,0,0,0
3.874005,0,0,0,0,0,0
3.875300,0,0,0,0,0,0
3.876733,0,0,0,0,0,0
3.878395,0,0,0,0,0,0
3.879698,0,0,0,0,0,0
3.880993,0,0,0,0,0,0
3.882313,0,0,0,0,0,0
3.883673,0,0,0,0,0,0
3.884970,0,0,0,0,0,0
3.886313,0,0,0,0,0,0
3.887665,0,0,0,0,0,0
3.888952,0,0,0,0,0,0
3.890239,0,0,0,0,0,0
3.891526,0,0,0,0,0,0
3.892812,0,0,0,0,0,0
3.894143,0,0,0,0,0,0
3.895432,0,0,0,0,0,0
3.896718,0,0,0,0,0,0
3.898002,0,0,0,0,0,0
3.899291,0,0,0,0,0,0
3.900570,0,0,0,0,0,0
3.901895,0,0,0,0,0,0
3.903175,0,0,0,0,0,0
3.904636,0,0,0,0,0,0
3.906145,0,0,0,0,0,0
3.908366,0,0,0,0,0,0
3.910921,0,0,0,0,0,0
3.913696,0,0,0,0,0,0
3.915937,0,0,0,0,0,0
3.917335,0,0,0,0,0,0
3.918676,0,0,0,0,0,0
3.919910,0,0,0,0,0,0
3.921148,0,0,0,0,0,0
3.922357,0,0,0,0,0,0
3.923699,0,0,0,0,0,0
3.924910,0,0,0,0,0,0
3.926135,0,0,0,0,0,0
3.927521,0,0,0,0,0,0
3.928763,0,0,0,0,0,0
3.930003,0,0,0,0,0,0
3.931272,0,0,0,0,0,0
3.932515,0,0,0,0,0,0
3.933800,0,0,0,0,0,0
3.935059,0,0,0,0,0,0
3.936317,0,0,0,0,0,0
3.937576,0,0,0,0,0,0
3.938874,0,0,0,0,0,0
3.940264,0,0,0,0,0,0
3.941525,0,0,0,0,0,0
3.942856,0,0,0,0,0,0
3.944371,0,0,0,0,0,0
3.945724,0,0,0,0,0,0
3.947023,0,0,0,0,0,0
3.948319,0,0,0,0,0,0
3.949617,0,0,0,0,0,0
3.951039,0,0,0,0,0,0
3.952600,0,0,0,0,0,0
3.953900,0,0,0,0,0,0
3.955200,0,0,0,0,0,0
3.956643,0,0,0,0,0,0
3.957982,0,0,0,0,0,0
3.959274,0,0,0,0,0,0
3.960572,0,0,0,0,0,0
3.961864,0,0,0,0,0,0
3.963237,0,0,0,0,0,0
3.964580,0,0,0,0,0,0
3.965921,0,0,0,0,0,0
3.967215,0,0,0,0,0,0
3.968903,0,0,0,0,0,0
3.970202,0,0,0,0,0,0
3.971496,0,0,0,0,0,0
3.973053,0,0,0,0,0,0
3.974737,0,0,0,0,0,0
3.976035,0,0,0,0,0,0
3.977526,0,0,0,0,0,0
3.979023,0,0,0,0,0,0
3.980315,0,0,0,0,0,0
3.981906,0,0,0,0,0,0
3.983210,0,0,0,0,0,0
3.984507,0,0,0,0,0,0
3.985799,0,0,0,0,0,0
3.987090,0,0,0,0,0,0
3.988376,0,0,0,0,0,0
3.989712,0,0,0,0,0,0
3.991001,0,0,0,0,0,0
3.992288,0,0,0,0,0,0
3.993573,0,0,0,0,0,0
3.994862,0,0,0,0,0,0
3.996148,0,0,0,0,0,0
3.997434,0,0,0,0,0,0
3.998724,0,0,0,0,0,0
4.000009,0,0,0,0,0,0
4.001294,0,0,0,0,0,0
4.002583,0,0,0,0,0,0
4.003868,0,0,0,0,0,0
4.005153,0,0,0,0,0,0
4.008170,0,0,0,0,0,0
4.010189,0,0,0,0,0,0
4.011540,0,0,0,0,0,0
4.013204,0,0,0,0,0,0
4.014571,0,0,0,0,0,0
4.015834,0,0,0,0,0,0
4.017106,0,0,0,0,0,0
4.018364,0,0,0,0,0,0
4.019670,0,0,0,0,0,0
4.020888,0,0,0,0,0,0
4.022144,0,0,0,0,0,0
4.023413,0,0,0,0,0,0
4.025065,0,0,0,0,0,0
4.026402,0,0,0,0,0,0
4.027760,0,0,0,0,0,0
4.029044,0,0,0,0,0,0
4.030296,0,0,0,0,0,0
4.031535,0,0,0,0,0,0
4.032866,0,0,0,0,0,0
4.034106,0,0,0,0,0,0
4.035348,0,0,0,0,0,0
4.036587,0,0,0,0,0,0
4.037875,0,0,0,0,0,0
4.039170,0,0,0,0,0,0
4.040540,0,0,0,0,0,0
4.042073,0,0,0,0,0,0
4.043375,0,0,0,0,0,0
4.044669,0,0,0,0,0,0
4.046016,0,0,0,0,0,0
4.047370,0,0,0,0,0,0
4.048668,0,0,0,0,0,0
4.049963,0,0,0,0,0,0
4.051271,0,0,0,0,0,0
4.052683,0,0,0,0,0,0
4.053834,0,0,0,0,0,0
4.055091,0,0,0,0,0,0
4.056437,0,0,0,0,0,0
4.057738,0,0,0,0,0,0
4.059203,0,0,0,0,0,0
4.060702,0,0,0,0,0,0
4.062005,0,0,0,0,0,0
4.063298,0,0,0,0,0,0
4.064770,0,0,0,0,0,0
4.065955,0,0,0,0,0,0
4.067256,0,0,0,0,0,0
4.068548,0,0,0,0,0,0
4.069842,0,0,0,0,0,0
4.071149,0,0,0,0,0,0
4.072561,0,0,0,0,0,0
4.073859,0,0,0,0,0,0
4.075157,0,0,0,0,0,0
4.076452,0,0,0,0,0,0
4.077959,0,0,0,0,0,0
4.079264,0,0,0,0,0,0
4.080646,0,0,0,0,0,0
4.081937,0,0,0,0,0,0
4.083313,0,0,0,0,0,0
4.084619,0,0,0,0,0,0
4.085910,0,0,0,0,0,0
4.087403,0,0,0,0,0,0
4.088764,0,0,0,0,0,0
4.090043,0,0,0,0,0,0
4.091393,0,0,0,0,0,0
4.092682,0,0,0,0,0,0
4.094016,0,0,0,0,0,0
4.095252,0,0,0,0,0,0
4.096538,0,0,0,0,0,0
4.097824,0,0,0,0,0,0
4.099113,0,0,0,0,0,0
4.100399,0,0,0,0,0,0
4.101730,0,0,0,0,0,0
4.103017,0,0,0,0,0,0
4.104301,0,0,0,0,0,0
4.105586,0,0,0,0,0,0
4.106875,0,0,0,0,0,0
4.110716,0,0,0,0,0,0
4.112042,0,0,0,0,0,0
4.113971,0,0,0,0,0,0
4.115328,0,0,0,0,0,0
4.116685,0,0,0,0,0,0
4.118067,0,0,0,0,0,0
4.119507,0,0,0,0,0,0
4.120773,0,0,0,0,0,0
4.122036,0,0,0,0,0,0
4.123292,0,0,0,0,0,0
4.124553,0,0,0,0,0,0
4.125821,0,0,0,0,0,0
4.127083,0,0,0,0,0,0
4.128339,0,0,0,0,0,0
4.129601,0,0,0,0,0,0
4.130867,0,0,0,0,0,0
4.132128,0,0,0,0,0,0
4.133385,0,0,0,0,0,0
4.134656,0,0,0,0,0,0
4.136015,0,0,0,0,0,0
4.137279,0,0,0,0,0,0
4.138541,0,0,0,0,0,0
4.139800,0,0,0,0,0,0
4.141057,0,0,0,0,0,0
4.142586,0,0,0,0,0,0
4.143904,0,0,0,0,0,0
4.145533,0,0,0,0,0,0
4.146889,0,0,0,0,0,0
4.148330,0,0,0,0,0,0
4.149630,0,0,0,0,0,0
4.150929,0,0,0,0,0,0
4.152395,0,0,0,0,0,0
4.153699,0,0,0,0,0,0
4.154994,0,0,0,0,0,0
4.156290,0,0,0,0,0,0
4.157585,0,0,0,0,0,0
4.159064,0,0,0,0,0,0
4.160424,0,0,0,0,0,0
4.161776,0,0,0,0,0,0
4.163444,0,0,0,0,0,0
4.164797,0,0,0,0,0,0
4.166096,0,0,0,0,0,0
4.167395,0,0,0,0,0,0
4.168689,0,0,0,0,0,0
4.170281,0,0,0,0,0,0
4.171758,0,0,0,0,0,0
4.173238,0,0,0,0,0,0
4.175004,0,0,0,0,0,0
4.176572,0,0,0,0,0,0
4.178063,0,0,0,0,0,0
4.179365,0,0,0,0,0,0
4.180660,0,0,0,0,0,0
4.182217,0,0,0,0,0,0
4.183512,0,0,0,0,0,0
4.184808,0,0,0,0,0,0
4.186098,0,0,0,0,0,0
4.187389,0,0,0,0,0,0
4.188670,0,0,0,0,0,0
4.189997,0,0,0,0,0,0
4.191281,0,0,0,0,0,0
4.192609,0,0,0,0,0,0
4.193893,0,0,0,0,0,0
4.195179,0,0,0,0,0,0
4.196464,0,0,0,0,0,0
4.197793,0,0,0,0,0,0
4.199080,0,0,0,0,0,0
4.200363,0,0,0,0,0,0
4.201647,0,0,0,0,0,0
4.202954,0,0,0,0,0,0
4.204635,0,0,0,0,0,0
4.205998,0,0,0,0,0,0
4.207467,0,0,0,0,0,0
4.210998,0,0,0,0,0,0
4.214720,0,0,0,0,0,0
4.216028,0,0,0,0,0,0
4.217341,0,0,0,0,0,0
4.218598,0,0,0,0,0,0
4.219926,0,0,0,0,0,0
4.221230,0,0,0,0,0,0
4.222533,0,0,0,0,0,0
4.223887,0,0,0,0,0,0
4.225187,0,0,0,0,0,0
4.226334,0,0,0,0,0,0
4.227744,0,0,0,0,0,0
4.229049,0,0,0,0,0,0
4.230590,0,0,0,0,0,0
4.232156,0,0,0,0,0,0
4.233452,0,0,0,0,0,0
4.234782,0,0,0,0,0,0
4.236111,0,0,0,0,0,0
4.237374,0,0,0,0,0,0
4.238806,0,0,0,0,0,0
4.240044,0,0,0,0,0,0
4.241279,0,0,0,0,0,0
4.242579,0,0,0,0,0,0
4.243751,0,0,0,0,0,0
4.244988,0,0,0,0,0,0
4.246245,0,0,0,0,0,0
4.247490,0,0,0,0,0,0
4.248779,0,0,0,0,0,0
4.250067,0,0,0,0,0,0
4.251363,0,0,0,0,0,0
4.252651,0,0,0,0,0,0
4.254142,0,0,0,0,0,0
4.255570,0,0,0,0,0,0
4.256890,0,0,0,0,0,0
4.258183,0,0,0,0,0,0
4.259739,0,0,0,0,0,0
4.261143,0,0,0,0,0,0
4.262435,0,0,0,0,0,0
4.263833,0,0,0,0,0,0
4.265190,0,0,0,0,0,0
4.266491,0,0,0,0,0,0
4.267782,0,0,0,0,0,0
4.269079,0,0,0,0,0,0
4.270747,0,0,0,0,0,0
4.272422,0,0,0,0,0,0
4.273579,0,0,0,0,0,0
4.274878,0,0,0,0,0,0
4.276269,0,0,0,0,0,0
4.277764,0,0,0,0,0,0
4.279126,0,0,0,0,0,0
4.280425,0,0,0,0,0,0
4.281720,0,0,0,0,0,0
4.283014,0,0,0,0,0,0
4.284310,0,0,0,0,0,0
4.285869,0,0,0,0,0,0
4.287166,0,0,0,0,0,0
4.288453,0,0,0,0,0,0
4.289739,0,0,0,0,0,0
4.291030,0,0,0,0,0,0
4.292318,0,0,0,0,0,0
4.293604,0,0,0,0,0,0
4.294941,0,0,0,0,0,0
4.296227,0,0,0,0,0,0
4.297513,0,0,0,0,0,0
4.298801,0,0,0,0,0,0
4.300086,0,0,0,0,0,0
4.301372,0,0,0,0,0,0
4.302705,0,0,0,0,0,0
4.303990,0,0,0,0,0,0
4.305275,0,0,0,0,0,0
4.306562,0,0,0,0,0,0
4.307849,0,0,0,0,0,0
4.309155,0,0,0,0,0,0
4.312036,0,0,0,0,0,0
4.313587,0,0,0,0,0,0
4.315790,0,0,0,0,0,0
4.317088,0,0,0,0,0,0
4.319038,0,0,0,0,0,0
4.320310,0,0,0,0,0,0
4.321557,0,0,0,0,0,0
4.322831,0,0,0,0,0,0
4.324298,0,0,0,0,0,0
4.325559,0,0,0,0,0,0
4.327418,0,0,0,0,0,0
4.328774,0,0,0,0,0,0
4.330138,0,0,0,0,0,0
4.331453,0,0,0,0,0,0
4.332617,0,0,0,0,0,0
4.333937,0,0,0,0,0,0
4.335228,0,0,0,0,0,0
4.336468,0,0,0,0,0,0
4.337707,0,0,0,0,0,0
4.338942,0,0,0,0,0,0
4.340284,0,0,0,0,0,0
4.341526,0,0,0,0,0,0
4.342897,0,0,0,0,0,0
4.344232,0,0,0,0,0,0
4.345518,0,0,0,0,0,0
4.346851,0,0,0,0,0,0
4.348197,0,0,0,0,0,0
4.349486,0,0,0,0,0,0
4.350982,0,0,0,0,0,0
4.352435,0,0,0,0,0,0
4.353742,0,0,0,0,0,0
4.355028,0,0,0,0,0,0
4.356317,0,0,0,0,0,0
4.357604,0,0,0,0,0,0
4.359056,0,0,0,0,0,0
4.360446,0,0,0,0,0,0
4.361798,0,0,0,0,0,0
4.363094,0,0,0,0,0,0
4.364388,0,0,0,0,0,0
4.365734,0,0,0,0,0,0
4.367034,0,0,0,0,0,0
4.368330,0,0,0,0,0,0
4.369624,0,0,0,0,0,0
4.371106,0,0,0,0,0,0
4.372440,0,0,0,0,0,0
4.373794,0,0,0,0,0,0
4.375088,0,0,0,0,0,0
4.376529,0,0,0,0,0,0
4.377828,0,0,0,0,0,0
4.379121,0,0,0,0,0,0
4.380410,0,0,0,0,0,0
4.381750,0,0,0,0,0,0
4.383041,0,0,0,0,0,0
4.384622,0,0,0,0,0,0
4.386166,0,0,0,0,0,0
4.387968,0,0,0,0,0,0
4.389260,0,0,0,0,0,0
4.390598,0,0,0,0,0,0
4.391883,0,0,0,0,0,0
4.393168,0,0,0,0,0,0
4.394452,0,0,0,0,0,0
4.395738,0,0,0,0,0,0
4.397022,0,0,0,0,0,0
4.398353,0,0,0,0,0,0
4.399735,0,0,0,0,0,0
4.401017,0,0,0,0,0,0
4.402319,0,0,0,0,0,0
4.403657,0,0,0,0,0,0
4.404941,0,0,0,0,0,0
4.406273,0,0,0,0,0,0
4.407562,0,0,0,0,0,0
4.408847,0,0,0,0,0,0
4.411003,0,0,0,0,0,0
4.412595,0,0,0,0,0,0
4.414005,0,0,0,0,0,0
4.415551,0,0,0,0,0,0
4.416910,0,0,0,0,0,0
4.418215,0,0,0,0,0,0
4.419808,0,0,0,0,0,0
4.421193,0,0,0,0,0,0
4.422613,0,0,0,0,0,0
4.424210,0,0,0,0,0,0
4.425596,0,0,0,0,0,0
4.426910,0,0,0,0,0,0
4.428278,0,0,0,0,0,0
4.429573,0,0,0,0,0,0
4.430972,0,0,0,0,0,0
4.432263,0,0,0,0,0,0
4.433531,0,0,0,0,0,0
4.434794,0,0,0,0,0,0
4.436135,0,0,0,0,0,0
4.437440,0,0,0,0,0,0
4.438737,0,0,0,0,0,0
4.439981,0,0,0,0,0,0
4.441218,0,0,0,0,0,0
4.442457,0,0,0,0,0,0
4.443663,0,0,0,0,0,0
4.444951,0,0,0,0,0,0
4.446236,0,0,0,0,0,0
4.447592,0,0,0,0,0,0
4.448885,0,0,0,0,0,0
4.450180,0,0,0,0,0,0
4.451611,0,0,0,0,0,0
4.453108,0,0,0,0,0,0
4.454406,0,0,0,0,0,0
4.455862,0,0,0,0,0,0
4.457384,0,0,0,0,0,0
4.458685,0,0,0,0,0,0
4.459978,0,0,0,0,0,0
4.461464,0,0,0,0,0,0
4.462970,0,0,0,0,0,0
4.464440,0,0,0,0,0,0
4.465791,0,0,0,0,0,0
4.467144,0,0,0,0,0,0
4.468440,0,0,0,0,0,0
4.469780,0,0,0,0,0,0
4.471089,0,0,0,0,0,0
4.472446,0,0,0,0,0,0
4.473936,0,0,0,0,0,0
4.475234,0,0,0,0,0,0
4.476527,0,0,0,0,0,0
4.478053,0,0,0,0,0,0
4.479439,0,0,0,0,0,0
4.480729,0,0,0,0,0,0
4.482024,0,0,0,0,0,0
4.483659,0,0,0,0,0,0
4.484958,0,0,0,0,0,0
4.486489,0,0,0,0,0,0
4.487831,0,0,0,0,0,0
4.489121,0,0,0,0,0,0
4.490417,0,0,0,0,0,0
4.491714,0,0,0,0,0,0
4.493000,0,0,0,0,0,0
4.494333,0,0,0,0,0,0
4.495683,0,0,0,0,0,0
4.496969,0,0,0,0,0,0
4.498253,0,0,0,0,0,0
4.499541,0,0,0,0,0,0
4.500821,0,0,0,0,0,0
4.502145,0,0,0,0,0,0
4.503427,0,0,0,0,0,0
4.504765,0,0,0,0,0,0
4.506233,0,0,0,0,0,0
4.507691,0,0,0,0,0,0
4.508986,0,0,0,0,0,0
4.514286,0,0,0,0,0,0
4.516375,0,0,0,0,0,0
4.517823,0,0,0,0,0,0
4.519132,0,0,0,0,0,0
4.520396,0,0,0,0,0,0
4.521668,0,0,0,0,0,0
4.522925,0,0,0,0,0,0
4.524163,0,0,0,0,0,0
4.525420,0,0,0,0,0,0
4.526633,0,0,0,0,0,0
4.527839,0,0,0,0,0,0
4.529032,0,0,0,0,0,0
4.530381,0,0,0,0,0,0
4.531683,0,0,0,0,0,0
4.533068,0,0,0,0,0,0
4.534309,0,0,0,0,0,0
4.535554,0,0,0,0,0,0
4.536824,0,0,0,0,0,0
4.538090,0,0,0,0,0,0
4.539332,0,0,0,0,0,0
4.540614,0,0,0,0,0,0
4.542053,0,0,0,0,0,0
4.543412,0,0,0,0,0,0
4.544711,0,0,0,0,0,0
4.546004,0,0,0,0,0,0
4.547303,0,0,0,0,0,0
4.548602,0,0,0,0,0,0
4.549899,0,0,0,0,0,0
4.551196,0,0,0,0,0,0
4.552494,0,0,0,0,0,0
4.553806,0,0,0,0,0,0
4.555332,0,0,0,0,0,0
4.556632,0,0,0,0,0,0
4.557976,0,0,0,0,0,0
4.559447,0,0,0,0,0,0
4.560799,0,0,0,0,0,0
4.562143,0,0,0,0,0,0
4.563555,0,0,0,0,0,0
4.564936,0,0,0,0,0,0
4.566231,0,0,0,0,0,0
4.567537,0,0,0,0,0,0
4.569176,0,0,0,0,0,0
4.570612,0,0,0,0,0,0
4.571953,0,0,0,0,0,0
4.573246,0,0,0,0,0,0
4.574926,0,0,0,0,0,0
4.576249,0,0,0,0,0,0
4.577547,0,0,0,0,0,0
4.578839,0,0,0,0,0,0
4.580350,0,0,0,0,0,0
4.581844,0,0,0,0,0,0
4.583133,0,0,0,0,0,0
4.584486,0,0,0,0,0,0
4.585962,0,0,0,0,0,0
4.587258,0,0,0,0,0,0
4.588551,0,0,0,0,0,0
4.589884,0,0,0,0,0,0
4.591173,0,0,0,0,0,0
4.592514,0,0,0,0,0,0
4.593799,0,0,0,0,0,0
4.595086,0,0,0,0,0,0
4.596370,0,0,0,0,0,0
4.597699,0,0,0,0,0,0
4.598985,0,0,0,0,0,0
4.600268,0,0,0,0,0,0
4.601551,0,0,0,0,0,0
4.602938,0,0,0,0,0,0
4.604227,0,0,0,0,0,0
4.605513,0,0,0,0,0,0
4.606850,0,0,0,0,0,0
4.608136,0,0,0,0,0,0
4.609422,0,0,0,0,0,0
4.614739,0,0,0,0,0,0
4.616034,0,0,0,0,0,0
4.617318,0,0,0,0,0,0
4.618637,0,0,0,0,0,0
4.619997,0,0,0,0,0,0
4.621158,0,0,0,0,0,0
4.622459,0,0,0,0,0,0
4.623718,0,0,0,0,0,0
4.624981,0,0,0,0,0,0
4.626235,0,0,0,0,0,0
4.627489,0,0,0,0,0,0
4.628744,0,0,0,0,0,0
4.630051,0,0,0,0,0,0
4.631329,0,0,0,0,0,0
4.632628,0,0,0,0,0,0
4.633879,0,0,0,0,0,0
4.635127,0,0,0,0,0,0
4.636369,0,0,0,0,0,0
4.637622,0,0,0,0,0,0
4.638984,0,0,0,0,0,0
4.640242,0,0,0,0,0,0
4.641500,0,0,0,0,0,0
4.642763,0,0,0,0,0,0
4.644023,0,0,0,0,0,0
4.645446,0,0,0,0,0,0
4.646727,0,0,0,0,0,0
4.648022,0,0,0,0,0,0
4.649316,0,0,0,0,0,0
4.650613,0,0,0,0,0,0
4.652277,0,0,0,0,0,0
4.653697,0,0,0,0,0,0
4.655072,0,0,0,0,0,0
4.656417,0,0,0,0,0,0
4.657711,0,0,0,0,0,0
4.659019,0,0,0,0,0,0
4.660465,0,0,0,0,0,0
4.662479,0,0,0,0,0,0
4.664136,0,0,0,0,0,0
4.665463,0,0,0,0,0,0
4.666935,0,0,0,0,0,0
4.669470,0,0,0,0,0,0
4.671129,0,0,0,0,0,0
4.672788,0,0,0,0,0,0
4.674020,0,0,0,0,0,0
4.675285,0,0,0,0,0,0
4.676550,0,0,0,0,0,0
4.677779,0,0,0,0,0,0
4.679407,0,0,0,0,0,0
4.680622,0,0,0,0,0,0
4.681897,0,0,0,0,0,0
4.683143,0,0,0,0,0,0
4.684399,0,0,0,0,0,0
4.685510,0,0,0,0,0,0
4.686901,0,0,0,0,0,0
4.688090,0,0,0,0,0,0
4.689451,0,0,0,0,0,0
4.690746,0,0,0,0,0,0
4.692093,0,0,0,0,0,0
4.693793,0,0,0,0,0,0
4.695062,0,0,0,0,0,0
4.696291,0,0,0,0,0,0
4.697626,0,0,0,0,0,0
4.700952,0,0,0,0,0,0
4.702212,0,0,0,0,0,0
4.703604,0,0,0,0,0,0
4.705079,0,0,0,0,0,0
4.706445,0,0,0,0,0,0
4.707628,0,0,0,0,0,0
4.708845,0,0,0,0,0,0
4.710064,0,0,0,0,0,0
4.711290,0,0,0,0,0,0
4.712510,0,0,0,0,0,0
4.713727,0,0,0,0,0,0
4.715116,0,0,0,0,0,0
4.716435,0,0,0,0,0,0
4.717932,0,0,0,0,0,0
4.719165,0,0,0,0,0,0
4.720438,0,0,0,0,0,0
4.721674,0,0,0,0,0,0
4.722946,0,0,0,0,0,0
4.724142,0,0,0,0,0,0
4.725391,0,0,0,0,0,0
4.726662,0,0,0,0,0,0
4.727859,0,0,0,0,0,0
4.729099,0,0,0,0,0,0
4.730328,0,0,0,0,36,0
4.731548,0,0,0,0,0,0
4.732786,0,0,0,0,0,0
4.734036,0,0,0,0,0,0
4.735390,0,0,0,0,0,0
4.736811,0,0,0,0,12,0
4.738284,0,0,0,0,0,0
4.739596,0,0,0,0,0,0
4.740968,0,0,0,0,0,0
4.742215,0,0,0,0,0,0
4.743421,0,0,0,0,0,0
4.744648,0,0,0,0,0,0
4.745849,0,0,0,0,0,0
4.747049,0,0,0,0,0,0
4.748248,0,0,0,0,0,0
4.749499,0,0,0,0,12,0
4.750727,0,0,0,0,0,0
4.751941,0,0,0,0,0,0
4.753154,0,0,0,0,0,0
4.754310,0,0,0,0,0,0
4.755523,0,0,0,0,0,0
4.756742,0,0,0,0,0,0
4.757948,0,0,0,0,0,0
4.759105,0,0,0,0,0,0
4.760304,0,0,0,0,0,0
4.761464,0,0,0,0,0,0
4.762692,0,0,0,0,0,0
4.763866,0,0,0,0,0,0
4.765076,0,0,0,0,0,0
4.766232,0,0,0,0,0,0
4.767446,0,0,0,0,0,0
4.768643,0,0,0,0,0,0
4.769800,0,0,0,0,0,0
4.770954,0,0,0,0,0,0
4.772108,0,0,0,0,0,0
4.773261,0,0,0,0,0,0
4.774435,0,0,0,0,0,0
4.775583,0,0,0,0,0,0
4.776741,0,0,0,0,0,0
4.777959,0,0,0,0,0,0
4.779188,0,0,0,0,0,0
4.780417,0,0,0,0,0,0
4.781683,0,0,0,0,0,0
4.782891,0,0,0,0,0,0
4.784067,0,0,0,0,0,0
4.785271,0,0,0,0,0,0
4.786474,0,0,0,0,0,0
4.787678,0,0,0,0,0,0
4.788880,0,0,0,0,0,0
4.790086,0,0,0,0,0,0
4.791290,0,0,0,0,0,0
4.792502,0,0,0,0,0,0
4.793662,0,0,0,0,0,0
4.794871,0,0,0,0,0,0
4.796087,0,0,0,0,0,0
4.797260,0,0,0,0,0,0
4.798466,0,0,0,0,0,0
4.799633,0,0,0,0,0,0
4.800839,0,0,0,0,0,0
4.802045,0,0,0,0,0,0
4.803257,0,0,0,0,0,0
4.804474,0,0,0,0,0,0
4.805720,0,0,0,0,0,0
4.806944,0,0,0,0,0,0
4.808151,0,0,0,0,0,0
4.809355,0,0,0,0,0,0
4.810564,0,0,0,0,0,0
4.811747,0,0,0,0,0,0
4.812963,0,0,0,0,0,0
4.814166,0,0,0,0,0,0
4.815371,0,0,0,0,0,0
4.816533,0,0,0,0,0,0
4.817692,0,0,0,0,0,0
4.818900,0,0,0,0,0,0
4.820135,0,0,0,0,0,0
4.821343,0,0,0,0,0,0
4.822548,0,0,0,0,0,0
4.823759,0,0,0,0,0,0
4.824970,0,0,0,0,0,0
4.826174,0,0,0,0,0,0
4.827377,0,0,0,0,0,0
4.828590,0,0,0,0,0,0
4.829811,0,0,0,0,0,0
4.831024,0,0,0,0,0,0
4.832228,0,0,0,0,0,0
4.833431,0,0,0,0,0,0
4.834698,0,0,0,0,0,0
4.835860,0,0,0,0,0,0
4.837074,0,0,0,0,0,0
4.838299,0,0,0,0,0,0
4.839519,0,0,0,0,0,0
4.840748,0,0,0,0,0,0
4.841959,0,0,0,0,0,0
4.843131,0,0,0,0,0,0
4.844342,0,0,0,0,0,0
4.845519,0,0,0,0,0,0
4.846777,0,0,0,0,0,0
4.847985,0,0,0,0,0,0
4.849194,0,0,0,0,0,0
4.850351,0,0,0,0,0,0
4.851605,0,0,0,0,0,0
4.852819,0,0,0,0,0,0
4.854043,0,0,0,0,0,0
4.855282,0,0,0,0,0,0
4.856488,0,0,0,0,0,0
4.857693,0,0,0,0,0,0
4.858907,0,0,0,0,0,0
4.860125,0,0,0,0,0,0
4.861329,0,0,0,0,0,0
4.862545,0,0,0,0,0,0
4.863767,0,0,0,0,0,0
4.864963,0,0,0,0,0,0
4.866193,0,0,0,0,0,0
4.867397,0,0,0,0,0,0
4.868649,0,0,0,0,0,0
4.869831,0,0,0,0,0,0
4.871038,0,0,0,0,0,0
4.872243,0,0,0,0,0,0
4.873448,0,0,0,0,0,0
4.874622,0,0,0,0,0,0
4.875862,0,0,0,0,0,0
4.877089,0,0,0,0,0,0
4.878340,0,0,0,0,0,0
4.880083,0,0,0,0,0,0
4.881452,0,0,0,0,0,0
4.882981,4,0,0,0,24,0
4.884275,0,0,0,0,12,0
4.885551,4,0,0,0,36,0
4.886864,0,0,0,0,0,0
4.888082,0,0,0,0,0,0
4.889461,0,0,0,0,0,0
4.891317,0,0,0,0,0,0
4.892937,0,0,0,0,0,0
4.894169,0,0,0,0,0,0
4.895376,0,0,0,0,0,0
4.896804,0,0,0,0,0,0
4.898760,0,0,0,0,0,0
4.899997,0,0,0,0,0,0
4.901210,0,0,0,0,0,0
4.902364,0,0,0,0,0,0
4.903589,0,0,0,0,0,0
4.904829,4,0,0,0,36,0
4.906589,4,0,0,0,24,0
4.907884,0,0,0,0,0,0
4.909114,66,0,0,0,1816,0
4.910383,0,0,0,0,1776,0
4.911641,36,0,0,0,1872,0
4.913501,0,0,0,0,12,0
4.914913,6,0,0,0,60,0
4.916666,0,0,0,0,0,0
4.918131,0,0,0,0,0,0
4.919368,0,0,0,0,1961,0
4.920634,0,0,0,0,0,0
4.921934,0,0,0,0,0,0
4.923143,0,0,0,0,0,0
4.924276,6,0,0,0,36,0
4.925499,0,0,0,0,12,0
4.926702,0,0,0,0,1895,0
4.927864,0,0,0,0,0,0
4.929076,0,0,0,0,0,0
4.930234,0,0,0,0,0,0
4.931443,0,0,0,0,0,0
4.932702,10,0,0,0,48,0
4.933922,0,0,0,0,24,0
4.935162,0,0,0,0,0,0
4.936413,50,0,0,0,454,0
4.937630,0,0,0,0,1939,0
4.938884,10,0,0,0,6,0
4.940116,0,0,0,0,66,0
4.941286,0,0,0,0,0,0
4.942495,0,0,0,0,0,0
4.943728,52,0,0,0,893,0
4.944890,0,0,0,0,1500,0
4.946060,0,0,0,0,0,0
4.947285,0,0,0,0,0,0
4.948569,10,0,0,0,72,0
4.949814,0,0,0,0,24,0
4.951061,0,0,0,0,12,0
4.952296,0,0,0,0,0,0
4.953529,46,0,0,0,2381,0
4.954752,0,0,0,0,0,0
4.955978,0,0,0,0,0,0
4.957200,10,0,0,0,48,0
4.958435,0,0,0,0,108,0
4.959706,0,0,0,0,0,0
4.961094,36,0,0,0,448,0
4.962331,10,0,0,0,1932,0
4.963577,0,0,0,0,0,0
4.964919,10,0,0,0,0,0
4.966201,0,0,0,0,72,0
4.967599,0,0,0,0,0,0
4.968929,50,0,0,0,2369,0
4.970239,0,0,0,0,0,0
4.971634,0,0,0,0,0,0
4.972854,0,0,0,0,0,0
4.973982,10,0,0,0,72,0
4.975201,0,0,0,0,12,0
4.976420,0,0,0,0,0,0
4.977632,0,0,0,0,0,0
4.978845,0,0,0,0,0,0
4.980157,0,0,0,0,0,0
4.981542,14,0,0,0,303,0
4.982843,342,0,0,0,2171,0
4.984085,0,0,0,0,0,0
4.985303,50,0,0,0,2384,0
4.986566,0,0,0,0,0,0
4.987780,0,0,0,0,0,0
4.988996,0,0,0,0,0,0
4.990245,0,0,0,0,0,0
4.991492,0,0,0,0,0,0
4.992644,0,0,0,0,0,0
4.993792,0,0,0,0,0,0
4.994991,0,0,0,0,0,0
4.996192,0,0,0,0,0,0
4.997343,0,0,0,0,0,0
4.999132,0,0,0,0,0,0
5.000381,0,0,0,0,0,0
5.001578,0,0,0,0,0,0
5.002815,20,0,0,0,6,0
5.004260,52,0,0,0,2596,0
5.005729,0,0,0,0,18,0
5.007431,56,0,0,0,2388,0
5.009018,0,0,0,0,72,0
5.010317,0,0,0,0,0,0
5.011651,50,0,0,0,2371,0
5.012897,0,0,0,0,35,0
5.014134,0,0,0,0,0,0
5.015679,0,0,0,0,0,0
5.017036,10,0,0,0,72,0
5.018315,0,0,0,0,0,0
5.019544,48,0,0,0,917,0
5.020784,0,0,0,0,1505,0
5.021948,0,0,0,0,0,0
5.023097,0,0,0,0,0,0
5.024531,10,0,0,0,84,0
5.025758,0,0,0,0,84,0
5.026981,50,0,0,0,2416,0
5.028201,0,0,0,0,0,0
5.029553,0,0,0,0,0,0
5.030793,0,0,0,0,0,0
5.032085,0,0,0,0,0,0
5.033377,10,0,0,0,6,0
5.034621,50,0,0,0,2393,0
5.035848,0,0,0,0,101,0
5.037053,0,0,0,0,0,0
5.038275,0,0,0,0,0,0
5.039543,0,0,0,0,0,0
5.040764,10,0,0,0,72,0
5.041995,0,0,0,0,0,0
5.043162,0,0,0,0,0,0
5.044414,50,0,0,0,923,0
5.045668,0,0,0,0,1525,0
5.046916,0,0,0,0,0,0
5.048328,0,0,0,0,0,0
5.049665,10,0,0,0,84,0
5.050957,0,0,0,0,0,0
5.052214,0,0,0,0,0,0
5.053534,46,0,0,0,2421,0
5.055153,0,0,0,0,9,0
5.056510,0,0,0,0,0,0
5.057763,10,0,0,0,45,0
5.059039,0,0,0,0,111,0
5.060284,0,0,0,0,0,0
5.061505,46,0,0,0,2469,0
5.062745,0,0,0,0,0,0
5.063985,0,0,0,0,0,0
5.065325,10,0,0,0,0,0
5.066652,0,0,0,0,72,0
5.067919,0,0,0,0,0,0
5.069158,50,0,0,0,464,0
5.070388,0,0,0,0,2020,0
5.071617,0,0,0,0,0,0
5.072876,0,0,0,0,0,0
5.074118,10,0,0,0,84,0
5.075356,0,0,0,0,0,0
5.076523,0,0,0,0,0,0
5.077734,50,0,0,0,939,0
5.078996,0,0,0,0,1572,0
5.080208,0,0,0,0,0,0
5.081447,10,0,0,0,6,0
5.082641,0,0,0,0,66,0
5.083874,0,0,0,0,0,0
5.085126,0,0,0,0,0,0
5.086377,0,0,0,0,0,0
5.087748,28,0,0,0,1879,0
5.089128,0,0,0,0,483,0
5.090563,10,0,0,0,281,0
5.091799,0,0,0,0,0,0
5.093024,28,0,0,0,1893,0
5.094230,24,0,0,0,594,0
5.095472,0,0,0,0,0,0
5.096690,0,0,0,0,0,0
5.098184,10,0,0,0,72,0
5.099442,0,0,0,0,0,0
5.100663,48,0,0,0,2342,0
5.101884,0,0,0,0,143,0
5.103121,0,0,0,0,0,0
5.104343,0,0,0,0,0,0
5.105548,0,0,0,0,0,0
5.106835,10,0,0,0,72,0
5.108092,24,0,0,0,1917,0
5.109374,0,0,0,0,0,0
5.110674,0,0,0,0,591,0
5.112132,0,0,0,0,0,0
5.113341,0,0,0,0,0,0
5.114561,0,0,0,0,0,0
5.115804,0,0,0,0,0,0
5.117014,10,0,0,0,72,0
5.118249,0,0,0,0,0,0
5.119503,0,0,0,0,0,0
5.120762,0,0,0,0,0,0
5.121963,0,0,0,0,0,0
5.123213,58,0,0,0,2722,0
5.124388,0,0,0,0,114,0
5.125614,4,0,0,0,238,0
5.126853,44,0,0,0,2256,0
5.128070,0,0,0,0,0,0
5.129238,0,0,0,0,0,0
5.130780,0,0,0,0,0,0
5.132019,0,0,0,0,0,0
5.133250,6,0,0,0,36,0
5.134469,0,0,0,0,0,0
5.135689,48,0,0,0,2495,0
5.136903,0,0,0,0,0,0
5.138111,0,0,0,0,0,0
5.139345,6,0,0,0,6,0
5.140583,0,0,0,0,54,0
5.141793,50,0,0,0,1935,0
5.143025,0,0,0,0,561,0
5.144255,0,0,0,0,0,0
5.145535,0,0,0,0,0,0
5.146754,0,0,0,0,0,0
5.148005,6,0,0,0,36,0
5.149256,0,0,0,0,0,0
5.150513,28,0,0,0,1893,0
5.151835,0,0,0,0,0,0
5.153094,0,0,0,0,6,0
5.154264,0,0,0,0,595,0
5.155478,0,0,0,0,0,0
5.156776,0,0,0,0,0,0
5.158005,6,0,0,0,48,0
5.159291,24,0,0,0,1965,0
5.160477,24,0,0,0,600,0
5.161709,0,0,0,0,0,0
5.162921,0,0,0,0,0,0
5.164243,0,0,0,0,0,0
5.165488,6,0,0,0,36,0
5.166719,0,0,0,0,0,0
5.168022,0,0,0,0,0,0
5.169267,0,0,0,0,0,0
5.170546,48,0,0,0,2492,0
5.171827,0,0,0,0,0,0
5.173083,6,0,0,0,6,0
5.174414,0,0,0,0,54,0
5.175759,0,0,0,0,0,0
5.176978,0,0,0,0,0,0
5.178203,52,0,0,0,2415,0
5.179423,0,0,0,0,0,0
5.180657,6,0,0,0,24,0
5.181877,0,0,0,0,12,0
5.183905,0,0,0,0,0,0
5.185203,50,0,0,0,2410,0
5.186463,0,0,0,0,0,0
5.187707,0,0,0,0,0,0
5.189105,0,0,0,0,0,0
5.190383,10,0,0,0,84,0
5.191604,50,0,0,0,556,0
5.192779,0,0,0,0,1952,0
5.193979,0,0,0,0,0,0
5.195181,0,0,0,0,0,0
5.196421,0,0,0,0,0,0
5.197683,0,0,0,0,0,0
5.198928,10,0,0,0,72,0
5.200176,46,0,0,0,2410,0
5.201417,0,0,0,0,0,0
5.202697,0,0,0,0,0,0
5.203877,0,0,0,0,0,0
5.205118,0,0,0,0,0,0
5.206435,0,0,0,0,0,0
5.207687,10,0,0,0,96,0
5.208871,50,0,0,0,2317,0
5.210040,0,0,0,0,107,0
5.211257,0,0,0,0,0,0
5.212478,0,0,0,0,0,0
5.213775,0,0,0,0,0,0
5.215162,10,0,0,0,84,0
5.216408,0,0,0,0,0,0
5.217647,50,0,0,0,2426,0
5.218891,0,0,0,0,0,0
5.220137,0,0,0,0,0,0
5.221329,0,0,0,0,0,0
5.222593,0,0,0,0,0,0
5.223869,10,0,0,0,72,0
5.225093,0,0,0,0,84,0
5.226268,0,0,0,0,217,0
5.227501,46,0,0,0,2205,0
5.228724,0,0,0,0,0,0
5.230095,0,0,0,0,0,0
5.231549,10,0,0,0,72,0
5.232869,0,0,0,0,0,0
5.234102,0,0,0,0,0,0
5.235339,0,0,0,0,0,0
5.236553,0,0,0,0,0,0
5.237795,0,0,0,0,0,0
5.239063,0,0,0,0,0,0
5.240388,0,0,0,0,0,0
5.241598,10,0,0,0,108,0
5.242812,0,0,0,0,0,0
5.244035,0,0,0,0,0,0
5.245243,4,0,0,0,103,0
5.246494,46,0,0,0,2335,0
5.247932,10,0,0,0,72,0
5.249172,0,0,0,0,0,0
5.250425,50,0,0,0,2456,0
5.251631,0,0,0,0,0,0
5.252887,0,0,0,0,0,0
5.254112,0,0,0,0,0,0
5.255357,0,0,0,0,0,0
5.256571,10,0,0,0,156,0
5.257779,0,0,0,0,0,0
5.259014,46,0,0,0,902,0
5.260219,0,0,0,0,1547,0
5.261439,0,0,0,0,0,0
5.262646,0,0,0,0,0,0
5.263973,0,0,0,0,0,0
5.265240,10,0,0,0,96,0
5.266597,50,0,0,0,467,0
5.267864,0,0,0,0,1997,0
5.269104,0,0,0,0,0,0
5.270408,0,0,0,0,24,0
5.271674,0,0,0,0,0,0
5.273096,0,0,0,0,0,0
5.274318,10,0,0,0,42,0
5.275540,50,0,0,0,963,0
5.276761,0,0,0,0,1510,0
5.278111,0,0,0,0,0,0
5.279382,0,0,0,0,0,0
5.280879,0,0,0,0,0,0
5.282112,10,0,0,0,84,0
5.283348,0,0,0,0,0,0
5.284612,0,0,0,0,0,0
5.285839,46,0,0,0,469,0
5.287052,0,0,0,0,1969,0
5.288313,0,0,0,0,0,0
5.289518,10,0,0,0,42,0
5.290731,50,0,0,0,2575,0
5.291883,0,0,0,0,0,0
5.293169,0,0,0,0,0,0
5.294392,0,0,0,0,0,0
5.295644,0,0,0,0,0,0
5.296904,0,0,0,0,0,0
5.298177,10,0,0,0,72,0
5.299450,0,0,0,0,0,0
5.300669,46,0,0,0,2432,0
5.301985,0,0,0,0,24,0
5.303272,0,0,0,0,0,0
5.304512,0,0,0,0,0,0
5.305768,0,0,0,0,0,0
5.306999,10,0,0,0,3,0
5.308252,46,0,0,0,2499,0
5.309495,0,0,0,0,0,0
5.310716,0,0,0,0,0,0
5.311991,0,0,0,0,0,0
5.313470,0,0,0,0,0,0
5.314857,10,0,0,0,84,0
5.316116,0,0,0,0,0,0
5.317451,0,0,0,0,0,0
5.318761,46,0,0,0,2438,0
5.320013,0,0,0,0,0,0
5.321275,0,0,0,0,0,0
5.322652,0,0,0,0,84,0
5.323979,0,0,0,0,0,0
5.325283,52,0,0,0,1817,0
5.326605,0,0,0,0,670,0
5.327929,0,0,0,0,0,0
5.329154,0,0,0,0,0,0
5.330445,0,0,0,0,0,0
5.331759,6,0,0,0,48,0
5.333013,22,0,0,0,463,0
5.334304,24,0,0,0,2007,0
5.335548,0,0,0,0,0,0
5.336774,0,0,0,0,0,0
5.338027,0,0,0,0,0,0
5.339303,6,0,0,0,60,0
5.340483,0,0,0,0,0,0
5.341744,2,0,0,0,227,0
5.343002,44,0,0,0,2214,0
5.344141,0,0,0,0,0,0
5.345423,0,0,0,0,0,0
5.346768,0,0,0,0,0,0
5.348073,6,0,0,0,48,0
5.349502,50,0,0,0,2440,0
5.350775,0,0,0,0,0,0
5.352021,0,0,0,0,0,0
5.353192,0,0,0,0,0,0
5.354419,0,0,0,0,0,0
5.355791,6,0,0,0,60,0
5.357018,46,0,0,0,1001,0
5.358235,0,0,0,0,1517,0
5.359531,0,0,0,0,0,0
5.360842,0,0,0,0,0,0
5.362121,0,0,0,0,0,0
5.363820,0,0,0,0,0,0
5.365114,6,0,0,0,84,0
5.366402,46,0,0,0,2437,0
5.367703,0,0,0,0,0,0
5.368943,0,0,0,0,0,0
5.370167,0,0,0,0,0,0
5.371448,0,0,0,0,0,0
5.372660,0,0,0,0,0,0
5.373885,52,0,0,0,2380,0
5.375110,0,0,0,0,107,0
5.376332,0,0,0,0,0,0
5.377588,0,0,0,0,0,0
5.378818,0,0,0,0,0,0
5.380100,0,0,0,0,0,0
5.381375,52,0,0,0,955,0
5.382672,0,0,0,0,1530,0
5.383872,0,0,0,0,0,0
5.385126,0,0,0,0,0,0
5.386441,0,0,0,0,0,0
5.387725,0,0,0,0,0,0
5.389487,0,0,0,0,12,0
5.390819,56,0,0,0,2563,0
5.391994,0,0,0,0,11,0
5.393163,0,0,0,0,0,0
5.394242,0,0,0,0,0,0
5.395480,0,0,0,0,0,0
5.396985,0,0,0,0,0,0
5.398236,6,0,0,0,72,0
5.399457,0,0,0,0,0,0
5.400716,48,0,0,0,2446,0
5.401952,0,0,0,0,0,0
5.403128,0,0,0,0,0,0
5.404407,0,0,0,0,0,0
5.405730,0,0,0,0,0,0
5.406971,6,0,0,0,48,0
5.408199,46,0,0,0,2443,0
5.409498,0,0,0,0,0,0
5.410880,0,0,0,0,0,0
5.412175,0,0,0,0,0,0
5.413504,6,0,0,0,60,0
5.414851,0,0,0,0,0,0
5.416180,50,0,0,0,2458,0
5.417498,0,0,0,0,0,0
5.418903,0,0,0,0,0,0
5.420134,0,0,0,0,0,0
5.421383,0,0,0,0,36,0
5.422694,6,0,0,0,96,0
5.423931,0,0,0,0,0,0
5.425105,46,0,0,0,2455,0
5.426274,0,0,0,0,0,0
5.427453,0,0,0,0,0,0
5.428673,0,0,0,0,0,0
5.429967,6,0,0,0,48,0
5.431320,0,0,0,0,24,0
5.432664,50,0,0,0,2455,0
5.434147,0,0,0,0,5,0
5.435442,0,0,0,0,0,0
5.436875,0,0,0,0,0,0
5.438327,6,0,0,0,60,0
5.439592,0,0,0,0,0,0
5.440815,46,0,0,0,2456,0
5.442018,0,0,0,0,0,0
5.443239,0,0,0,0,0,0
5.444479,0,0,0,0,0,0
5.445750,0,0,0,0,0,0
5.447114,6,0,0,0,48,0
5.448461,46,0,0,0,930,0
5.449718,0,0,0,0,1528,0
5.450990,0,0,0,0,0,0
5.452486,0,0,0,0,0,0
5.453664,0,0,0,0,0,0
5.454984,6,0,0,0,132,0
5.456203,0,0,0,0,0,0
5.457447,46,0,0,0,474,0
5.458603,0,0,0,0,1984,0
5.459810,0,0,0,0,0,0
5.461034,0,0,0,0,0,0
5.462221,0,0,0,0,0,0
5.463754,6,0,0,0,72,0
5.465008,0,0,0,0,0,0
5.466218,46,0,0,0,2362,0
5.467708,0,0,0,0,107,0
5.469085,0,0,0,0,0,0
5.470402,0,0,0,0,0,0
5.471656,0,0,0,0,0,0
5.472865,52,0,0,0,516,0
5.474069,0,0,0,0,2002,0
5.475237,0,0,0,0,0,0
5.476465,0,0,0,0,0,0
5.477713,0,0,0,0,0,0
5.478988,0,0,0,0,0,0
5.480239,6,0,0,0,48,0
5.481567,0,0,0,0,0,0
5.482816,46,0,0,0,2472,0
5.484065,0,0,0,0,0,0
5.485513,0,0,0,0,0,0
5.486816,0,0,0,0,0,0
5.488168,0,0,0,0,0,0
5.489460,6,0,0,0,60,0
5.490892,0,0,0,0,84,0
5.492108,46,0,0,0,2473,0
5.493323,0,0,0,0,0,0
5.494539,0,0,0,0,0,0
5.495895,6,0,0,0,18,0
5.497141,0,0,0,0,30,0
5.498380,46,0,0,0,958,0
5.499765,0,0,0,0,1536,0
5.501053,0,0,0,0,0,0
5.502296,0,0,0,0,0,0
5.503564,0,0,0,0,0,0
5.504816,6,0,0,0,48,0
5.506047,0,0,0,0,0,0
5.507218,50,0,0,0,2469,0
5.508376,0,0,0,0,0,0
5.509586,0,0,0,0,0,0
5.510990,0,0,0,0,0,0
5.512411,0,0,0,0,0,0
5.513762,6,0,0,0,60,0
5.515108,0,0,0,0,0,0
5.516332,50,0,0,0,2472,0
5.517588,0,0,0,0,0,0
5.518703,0,0,0,0,0,0
5.519872,0,0,0,0,0,0
5.521323,6,0,0,0,132,0
5.522537,0,0,0,0,0,0
5.523770,46,0,0,0,2471,0
5.524985,0,0,0,0,0,0
5.526215,0,0,0,0,24,0
5.527449,0,0,0,0,0,0
5.528617,0,0,0,0,0,0
5.529931,6,0,0,0,48,0
5.531147,50,0,0,0,476,0
5.532400,0,0,0,0,1996,0
5.533624,0,0,0,0,0,0
5.534908,0,0,0,0,0,0
5.536115,0,0,0,0,0,0
5.537371,6,0,0,0,48,0
5.538598,0,0,0,0,0,0
5.539847,0,0,0,0,0,0
5.541083,8,0,0,0,224,0
5.542311,42,0,0,0,2247,0
5.543468,0,0,0,0,0,0
5.544690,0,0,0,0,0,0
5.546143,6,0,0,0,60,0
5.547359,0,0,0,0,0,0
5.548596,0,0,0,0,0,0
5.549758,0,0,0,0,0,0
5.550997,52,0,0,0,2506,0
5.552213,0,0,0,0,0,0
5.553498,0,0,0,0,0,0
5.554773,6,0,0,0,18,0
5.556011,48,0,0,0,1005,0
5.557168,0,0,0,0,1646,0
5.558333,0,0,0,0,0,0
5.559661,0,0,0,0,0,0
5.560883,0,0,0,0,0,0
5.562255,0,0,0,0,0,0
5.563524,6,0,0,0,60,0
5.564756,0,0,0,0,0,0
5.566022,48,0,0,0,931,0
5.567257,0,0,0,0,1590,0
5.568495,0,0,0,0,0,0
5.569764,0,0,0,0,0,0
5.571031,6,0,0,0,48,0
5.572265,0,0,0,0,0,0
5.573488,0,0,0,0,0,0
5.574718,52,0,0,0,2525,0
5.576053,0,0,0,0,0,0
5.577394,0,0,0,0,0,0
5.578642,0,0,0,0,0,0
5.579895,0,0,0,0,0,0
5.581113,54,0,0,0,2419,0
5.582377,0,0,0,0,161,0
5.583656,0,0,0,0,0,0
5.584929,0,0,0,0,0,0
5.586238,0,0,0,0,0,0
5.587572,6,0,0,0,144,0
5.588845,0,0,0,0,0,0
5.590079,46,0,0,0,261,0
5.591371,6,0,0,0,2297,0
5.592658,0,0,0,0,0,0
5.593881,0,0,0,0,0,0
5.595139,0,0,0,0,0,0
5.596411,6,0,0,0,48,0
5.597666,52,0,0,0,936,0
5.598884,0,0,0,0,1600,0
5.600170,0,0,0,0,0,0
5.601429,0,0,0,0,0,0
5.602695,0,0,0,0,0,0
5.603900,6,0,0,0,48,0
5.605191,0,0,0,0,0,0
5.606444,48,0,0,0,2526,0
5.607589,0,0,0,0,0,0
5.608839,0,0,0,0,0,0
5.610173,0,0,0,0,0,0
5.611683,0,0,0,0,0,0
5.613117,6,0,0,0,60,0
5.614353,0,0,0,0,0,0
5.615682,52,0,0,0,2526,0
5.616896,0,0,0,0,0,0
5.618079,0,0,0,0,0,0
5.619302,0,0,0,0,0,0
5.620711,6,0,0,0,132,0
5.622047,0,0,0,0,0,0
5.623284,48,0,0,0,960,0
5.624462,0,0,0,0,1590,0
5.625703,0,0,0,0,0,0
5.626941,0,0,0,0,0,0
5.628226,0,0,0,0,0,0
5.629476,6,0,0,0,48,0
5.630653,0,0,0,0,0,0
5.631946,48,0,0,0,2518,0
5.633272,0,0,0,0,0,0
5.634591,0,0,0,0,0,0
5.635919,0,0,0,0,0,0
5.637235,6,0,0,0,60,0
5.638561,0,0,0,0,0,0
5.639864,52,0,0,0,2519,0
5.641167,0,0,0,0,0,0
5.642553,0,0,0,0,0,0
5.643791,0,0,0,0,0,0
5.645154,0,0,0,0,0,0
5.646433,6,0,0,0,48,0
5.647672,48,0,0,0,929,0
5.648846,0,0,0,0,1590,0
5.650074,0,0,0,0,0,0
5.651298,0,0,0,0,0,0
5.652575,0,0,0,0,0,0
5.653818,6,0,0,0,60,0
5.655073,0,0,0,0,96,0
5.656316,0,0,0,0,0,0
5.657557,46,0,0,0,2483,0
5.658780,0,0,0,0,0,0
5.660192,0,0,0,0,0,0
5.662328,6,0,0,0,60,0
5.663624,0,0,0,0,0,0
5.664840,0,0,0,0,0,0
5.666058,50,0,0,0,2488,0
5.667265,0,0,0,0,0,0
5.668480,0,0,0,0,0,0
5.669721,0,0,0,0,0,0
5.670950,6,0,0,0,48,0
5.672174,0,0,0,0,0,0
5.673416,50,0,0,0,2487,0
5.674635,0,0,0,0,0,0
5.675851,0,0,0,0,0,0
5.677066,0,0,0,0,0,0
5.678311,6,0,0,0,48,0
5.679530,0,0,0,0,0,0
5.680738,50,0,0,0,2488,0
5.681898,0,0,0,0,0,0
5.683108,0,0,0,0,0,0
5.684215,0,0,0,0,0,0
5.685420,0,0,0,0,0,0
5.686796,6,0,0,0,108,0
5.688042,0,0,0,0,48,0
5.689499,50,0,0,0,933,0
5.690729,0,0,0,0,1567,0
5.691955,0,0,0,0,0,0
5.693186,0,0,0,0,0,0
5.694438,0,0,0,0,0,0
5.695639,6,0,0,0,48,0
5.696792,0,0,0,0,0,0
5.697993,44,0,0,0,2476,0
5.699201,0,0,0,0,0,0
5.700422,0,0,0,0,0,0
5.701664,0,0,0,0,0,0
5.702905,6,0,0,0,48,0
5.704169,0,0,0,0,0,0
5.705437,0,0,0,0,0,0
5.706668,44,0,0,0,2477,0
5.707886,0,0,0,0,0,0
5.709143,0,0,0,0,0,0
5.710357,0,0,0,0,0,0
5.711654,6,0,0,0,25,0
5.712872,0,0,0,0,23,0
5.714032,48,0,0,0,914,0
5.715192,0,0,0,0,1563,0
5.716399,0,0,0,0,0,0
5.717566,0,0,0,0,0,0
5.718864,0,0,0,0,0,0
5.720195,6,0,0,0,84,0
5.721415,48,0,0,0,2432,0
5.722672,0,0,0,0,129,0
5.723837,0,0,0,0,0,0
5.725061,0,0,0,0,0,0
5.726268,0,0,0,0,0,0
5.727523,0,0,0,0,0,0
5.728754,6,0,0,0,48,0
5.729964,0,0,0,0,0,0
5.731180,44,0,0,0,478,0
5.732401,0,0,0,0,1999,0
5.733618,0,0,0,0,0,0
5.734834,0,0,0,0,0,0
5.736065,0,0,0,0,0,0
5.737255,0,0,0,0,0,0
5.738510,50,0,0,0,2525,0
5.739744,0,0,0,0,0,0
5.740960,0,0,0,0,0,0
5.742196,0,0,0,0,0,0
5.743442,0,0,0,0,0,0
5.744747,6,0,0,0,48,0
5.745961,0,0,0,0,0,0
5.747211,0,0,0,0,12,0
5.748426,44,0,0,0,2438,0
5.749669,0,0,0,0,39,0
5.750885,0,0,0,0,0,0
5.752395,0,0,0,0,0,0
5.753624,6,0,0,0,156,0
5.754836,0,0,0,0,0,0
5.756059,0,0,0,0,0,0
5.757275,0,0,0,0,0,0
5.758477,0,0,0,0,0,0
5.759733,0,0,0,0,0,0
5.760969,6,0,0,0,48,0
5.762139,48,0,0,0,472,0
5.763297,0,0,0,0,2005,0
5.764460,0,0,0,0,0,0
5.765681,0,0,0,0,0,0
5.766898,0,0,0,0,0,0
5.767999,0,0,0,0,0,0
5.769247,6,0,0,0,48,0
5.770442,0,0,0,0,0,0
5.771689,0,0,0,0,0,0
5.772928,0,0,0,0,12,0
5.774153,0,0,0,0,0,0
5.775396,0,0,0,0,0,0
5.776610,0,0,0,0,0,0
5.777883,6,0,0,0,48,0
5.779093,0,0,0,0,0,0
5.780257,0,0,0,0,0,0
5.781479,0,0,0,0,0,0
5.782717,0,0,0,0,0,0
5.783909,0,0,0,0,24,0
5.785126,0,0,0,0,0,0
5.786362,0,0,0,0,0,0
5.787622,6,0,0,0,132,0
5.788837,0,0,0,0,0,0
5.790093,0,0,0,0,0,0
5.791304,0,0,0,0,0,0
5.792527,0,0,0,0,0,0
5.793750,0,0,0,0,0,0
5.795004,0,0,0,0,0,0
5.796174,44,0,0,0,2477,0
5.797338,0,0,0,0,0,0
5.798543,0,0,0,0,0,0
5.799754,0,0,0,0,0,0
5.800984,6,0,0,0,48,0
5.802161,0,0,0,0,0,0
5.803372,0,0,0,0,12,0
5.804614,0,0,0,0,0,0
5.805806,0,0,0,0,0,0
5.807024,0,0,0,0,0,0
5.808190,0,0,0,0,0,0
5.809426,6,0,0,0,48,0
5.810662,0,0,0,0,0,0
5.811870,0,0,0,0,0,0
5.813075,0,0,0,0,0,0
5.814288,0,0,0,0,0,0
5.815531,0,0,0,0,0,0
5.816769,0,0,0,0,0,0
5.818025,6,0,0,0,72,0
5.819288,0,0,0,0,84,0
5.820542,0,0,0,0,0,0
5.821758,0,0,0,0,0,0
5.822972,0,0,0,0,0,0
5.824176,0,0,0,0,0,0
5.825338,0,0,0,0,0,0
5.826558,0,0,0,0,0,0
5.827714,0,0,0,0,0,0
5.828919,0,0,0,0,12,0
5.830132,44,0,0,0,478,0
5.831350,0,0,0,0,1999,0
5.832574,0,0,0,0,0,0
5.833816,6,0,0,0,48,0
5.834996,0,0,0,0,0,0
5.836202,0,0,0,0,0,0
5.837412,0,0,0,0,0,0
5.838590,0,0,0,0,0,0
5.839850,0,0,0,0,0,0
5.841076,0,0,0,0,0,0
5.842173,6,0,0,0,48,0
5.843407,0,0,0,0,0,0
5.844636,0,0,0,0,0,0
5.845854,0,0,0,0,0,0
5.847088,0,0,0,0,0,0
5.848324,0,0,0,0,0,0
5.849529,0,0,0,0,24,0
5.850736,6,0,0,0,48,0
5.851981,0,0,0,0,0,0
5.853226,0,0,0,0,96,0
5.854452,0,0,0,0,0,0
5.855674,0,0,0,0,0,0
5.856884,0,0,0,0,0,0
5.858089,0,0,0,0,0,0
5.859294,0,0,0,0,0,0
5.860499,0,0,0,0,0,0
5.861788,44,0,0,0,2348,0
5.862944,0,0,0,0,129,0
5.864163,0,0,0,0,0,0
5.865381,0,0,0,0,0,0
5.866653,0,0,0,0,0,0
5.867860,6,0,0,0,48,0
5.869084,0,0,0,0,0,0
5.870296,0,0,0,0,0,0
5.871512,0,0,0,0,0,0
5.872653,0,0,0,0,0,0
5.873888,0,0,0,0,0,0
5.875100,0,0,0,0,0,0
5.876379,6,0,0,0,48,0
5.877563,0,0,0,0,12,0
5.878799,0,0,0,0,0,0
5.880005,0,0,0,0,24,0
5.881213,0,0,0,0,0,0
5.882446,0,0,0,0,0,0
5.883672,6,0,0,0,48,0
5.884942,0,0,0,0,0,0
5.886149,0,0,0,0,84,0
5.887356,0,0,0,0,0,0
5.888571,0,0,0,0,0,0
5.889828,0,0,0,0,0,0
5.891054,0,0,0,0,0,0
5.892268,6,0,0,0,48,0
5.893507,0,0,0,0,0,0
5.894737,0,0,0,0,0,0
5.895944,44,0,0,0,2477,0
5.897152,0,0,0,0,0,0
5.898361,0,0,0,0,0,0
5.899629,0,0,0,0,0,0
5.900851,6,0,0,0,48,0
5.902090,0,0,0,0,12,0
5.903266,0,0,0,0,0,0
5.904487,0,0,0,0,0,0
5.905655,0,0,0,0,0,0
5.906915,0,0,0,0,0,0
5.908127,6,0,0,0,18,0
5.909338,0,0,0,0,30,0
5.910585,0,0,0,0,0,0
5.911804,0,0,0,0,24,0
5.913011,0,0,0,0,0,0
5.914265,0,0,0,0,0,0
5.915495,0,0,0,0,0,0
5.916706,6,0,0,0,48,0
5.917984,0,0,0,0,0,0
5.919208,0,0,0,0,0,0
5.920455,0,0,0,0,84,0
5.921637,0,0,0,0,0,0
5.922848,0,0,0,0,0,0
5.924053,0,0,0,0,0,0
5.925265,0,0,0,0,0,0
5.926481,0,0,0,0,0,0
5.927734,0,0,0,0,0,0
5.928959,48,0,0,0,2489,0
5.930223,0,0,0,0,0,0
5.931446,0,0,0,0,0,0
5.932702,0,0,0,0,0,0
5.933921,0,0,0,0,0,0
5.935139,6,0,0,0,48,0
5.936364,0,0,0,0,0,0
5.937574,0,0,0,0,0,0
5.938781,0,0,0,0,0,0
5.939995,0,0,0,0,0,0
5.941211,0,0,0,0,0,0
5.942459,6,0,0,0,48,0
5.943630,0,0,0,0,24,0
5.944791,0,0,0,0,0,0
5.946047,0,0,0,0,0,0
5.947263,0,0,0,0,0,0
5.948471,0,0,0,0,0,0
5.949697,6,0,0,0,48,0
5.951000,0,0,0,0,0,0
5.952250,0,0,0,0,96,0
5.953472,0,0,0,0,0,0
5.954647,0,0,0,0,0,0
5.955860,0,0,0,0,0,0
5.957067,0,0,0,0,0,0
5.958281,0,0,0,0,0,0
5.959401,0,0,0,0,0,0
5.960632,0,0,0,0,0,0
5.961877,0,0,0,0,0,0
5.963089,44,0,0,0,2477,0
5.964294,0,0,0,0,0,0
5.965504,0,0,0,0,0,0
5.966711,6,0,0,0,48,0
5.967977,0,0,0,0,0,0
5.969212,0,0,0,0,0,0
5.970428,0,0,0,0,0,0
5.971598,0,0,0,0,0,0
5.972824,0,0,0,0,0,0
5.974037,0,0,0,0,0,0
5.975269,0,0,0,0,0,0
5.976518,6,0,0,0,84,0
5.977767,0,0,0,0,0,0
5.978940,0,0,0,0,0,0
5.980147,0,0,0,0,0,0
5.981325,0,0,0,0,0,0
5.982635,6,0,0,0,18,0
5.983851,0,0,0,0,30,0
5.985098,0,0,0,0,84,0
5.986312,0,0,0,0,0,0
5.987569,0,0,0,0,0,0
5.988833,0,0,0,0,0,0
5.990252,0,0,0,0,0,0
5.991483,6,0,0,0,48,0
5.992714,0,0,0,0,0,0
5.993924,0,0,0,0,0,0
5.995146,44,0,0,0,2477,0
5.996359,0,0,0,0,0,0
5.997572,0,0,0,0,0,0
5.998793,0,0,0,0,0,0
6.000027,6,0,0,0,48,0
6.001276,0,0,0,0,0,0
6.002491,0,0,0,0,12,0
6.003742,0,0,0,0,0,0
6.004971,0,0,0,0,0,0
6.006179,0,0,0,0,0,0
6.007493,0,0,0,0,0,0
6.008663,0,0,0,0,0,0
6.009885,6,0,0,0,72,0
6.011090,0,0,0,0,0,0
6.012344,0,0,0,0,0,0
6.013543,0,0,0,0,0,0
6.014783,0,0,0,0,0,0
6.016017,6,0,0,0,48,0
6.017290,0,0,0,0,0,0
6.018520,0,0,0,0,84,0
6.019756,0,0,0,0,0,0
6.020868,0,0,0,0,0,0
6.022074,0,0,0,0,0,0
6.023286,0,0,0,0,0,0
6.024494,0,0,0,0,0,0
6.025708,0,0,0,0,0,0
6.026913,0,0,0,0,0,0
6.028117,0,0,0,0,12,0
6.029371,44,0,0,0,2477,0
6.030561,0,0,0,0,0,0
6.031784,0,0,0,0,0,0
6.032991,0,0,0,0,0,0
6.034200,6,0,0,0,48,0
6.035407,0,0,0,0,0,0
6.036612,0,0,0,0,0,0
6.037842,0,0,0,0,0,0
6.039047,0,0,0,0,0,0
6.040253,0,0,0,0,24,0
6.041458,6,0,0,0,48,0
6.042687,0,0,0,0,0,0
6.043892,0,0,0,0,0,0
6.045121,0,0,0,0,0,0
6.046324,0,0,0,0,0,0
6.047623,0,0,0,0,0,0
6.048963,0,0,0,0,0,0
6.050188,6,0,0,0,48,0
6.051654,0,0,0,0,84,0
6.052932,0,0,0,0,12,0
6.054191,0,0,0,0,0,0
6.055402,0,0,0,0,0,0
6.056612,0,0,0,0,0,0
6.057816,0,0,0,0,0,0
6.059027,0,0,0,0,0,0
6.060195,0,0,0,0,0,0
6.061353,48,0,0,0,2477,0
6.062530,0,0,0,0,0,0
6.063740,0,0,0,0,0,0
6.064983,0,0,0,0,0,0
6.066215,0,0,0,0,0,0
6.067429,6,0,0,0,48,0
6.068647,0,0,0,0,0,0
6.069873,0,0,0,0,0,0
6.071060,0,0,0,0,18,0
6.072277,0,0,0,0,6,0
6.073487,0,0,0,0,0,0
6.074711,6,0,0,0,48,0
6.075965,0,0,0,0,0,0
6.077176,0,0,0,0,12,0
6.078388,0,0,0,0,0,0
6.079645,0,0,0,0,0,0
6.080864,0,0,0,0,0,0
6.082131,0,0,0,0,0,0
6.083367,6,0,0,0,48,0
6.084632,0,0,0,0,84,0
6.085887,0,0,0,0,0,0
6.087065,0,0,0,0,0,0
6.088280,0,0,0,0,0,0
6.089495,0,0,0,0,0,0
6.090702,6,0,0,0,48,0
6.091943,0,0,0,0,0,0
6.093152,0,0,0,0,0,0
6.094322,44,0,0,0,2477,0
6.095533,0,0,0,0,0,0
6.096797,0,0,0,0,0,0
6.098155,0,0,0,0,0,0
6.099431,0,0,0,0,0,0
6.100703,6,0,0,0,48,0
6.101951,0,0,0,0,0,0
6.103194,0,0,0,0,36,0
6.104461,0,0,0,0,0,0
6.105704,0,0,0,0,0,0
6.106940,0,0,0,0,0,0
6.108145,0,0,0,0,0,0
6.109350,6,0,0,0,48,0
6.110589,0,0,0,0,0,0
6.111778,0,0,0,0,0,0
6.112985,0,0,0,0,0,0
6.114192,0,0,0,0,0,0
6.115410,6,0,0,0,48,0
6.116683,0,0,0,0,0,0
6.117898,0,0,0,0,84,0
6.119130,0,0,0,0,0,0
6.120339,0,0,0,0,0,0
6.121545,0,0,0,0,0,0
6.122751,0,0,0,0,0,0
6.123963,0,0,0,0,0,0
6.125189,0,0,0,0,0,0
6.126355,0,0,0,0,0,0
6.127550,44,0,0,0,2489,0
6.128805,0,0,0,0,0,0
6.130068,0,0,0,0,0,0
6.131307,0,0,0,0,0,0
6.132687,6,0,0,0,48,0
6.133904,0,0,0,0,0,0
6.135167,0,0,0,0,36,0
6.136389,0,0,0,0,0,0
6.137667,0,0,0,0,0,0
6.138882,0,0,0,0,0,0
6.140121,0,0,0,0,0,0
6.141355,6,0,0,0,48,0
6.142581,0,0,0,0,0,0
6.143750,0,0,0,0,0,0
6.144942,0,0,0,0,0,0
6.146152,0,0,0,0,0,0
6.147359,0,0,0,0,0,0
6.148602,6,0,0,0,48,0
6.149924,0,0,0,0,0,0
6.151196,0,0,0,0,84,0
6.152421,0,0,0,0,0,0
6.153627,0,0,0,0,0,0
6.154833,0,0,0,0,0,0
6.156050,0,0,0,0,0,0
6.157265,0,0,0,0,0,0
6.158471,0,0,0,0,0,0
6.159688,0,0,0,0,0,0
6.160911,44,0,0,0,2477,0
6.162134,0,0,0,0,0,0
6.163347,0,0,0,0,0,0
6.164615,0,0,0,0,0,0
6.165896,0,0,0,0,0,0
6.167104,6,0,0,0,48,0
6.168264,0,0,0,0,0,0
6.169467,0,0,0,0,24,0
6.170675,0,0,0,0,0,0
6.171881,0,0,0,0,0,0
6.173101,0,0,0,0,0,0
6.174346,6,0,0,0,48,0
6.175623,0,0,0,0,0,0
6.176827,0,0,0,0,0,0
6.177994,0,0,0,0,0,0
6.179197,0,0,0,0,0,0
6.180422,0,0,0,0,0,0
6.181560,0,0,0,0,0,0
6.182780,6,0,0,0,45,0
6.183914,0,0,0,0,87,0
6.185167,0,0,0,0,0,0
6.186276,0,0,0,0,0,0
6.187484,0,0,0,0,0,0
6.188689,0,0,0,0,0,0
6.189894,0,0,0,0,0,0
6.191106,0,0,0,0,0,0
6.192328,0,0,0,0,0,0
6.193488,0,0,0,0,0,0
6.194692,44,0,0,0,2477,0
6.195947,0,0,0,0,0,0
6.197163,0,0,0,0,0,0
6.198372,6,0,0,0,48,0
6.199728,0,0,0,0,24,0
6.200962,0,0,0,0,0,0
6.202176,0,0,0,0,0,0
6.203387,0,0,0,0,0,0
6.204644,0,0,0,0,0,0
6.205813,0,0,0,0,0,0
6.207025,6,0,0,0,48,0
6.208246,0,0,0,0,0,0
6.209640,0,0,0,0,0,0
6.210860,0,0,0,0,0,0
6.212032,0,0,0,0,0,0
6.213205,0,0,0,0,0,0
6.214446,0,0,0,0,0,0
6.215687,6,0,0,0,48,0
6.216932,0,0,0,0,84,0
6.218198,0,0,0,0,0,0
6.219418,0,0,0,0,0,0
6.220626,0,0,0,0,0,0
6.221844,0,0,0,0,0,0
6.223058,0,0,0,0,0,0
6.224269,0,0,0,0,0,0
6.225442,0,0,0,0,0,0
6.226656,44,0,0,0,2477,0
6.227837,0,0,0,0,0,0
6.229044,0,0,0,0,0,0
6.230206,0,0,0,0,0,0
6.231432,6,0,0,0,48,0
6.232725,0,0,0,0,0,0
6.233942,0,0,0,0,24,0
6.235178,0,0,0,0,0,0
6.236393,0,0,0,0,0,0
6.237606,0,0,0,0,0,0
6.238851,0,0,0,0,0,0
6.240084,0,0,0,0,0,0
6.241320,6,0,0,0,48,0
6.242531,0,0,0,0,0,0
6.243757,0,0,0,0,0,0
6.244963,0,0,0,0,0,0
6.246191,0,0,0,0,0,0
6.247412,0,0,0,0,0,0
6.248638,6,0,0,0,48,0
6.249868,0,0,0,0,0,0
6.251089,0,0,0,0,0,0
6.252308,0,0,0,0,84,0
6.253513,0,0,0,0,0,0
6.254739,0,0,0,0,0,0
6.255951,0,0,0,0,0,0
6.257166,0,0,0,0,0,0
6.258380,0,0,0,0,0,0
6.259646,0,0,0,0,0,0
6.260855,44,0,0,0,2477,0
6.262118,0,0,0,0,0,0
6.263324,0,0,0,0,24,0
6.264549,0,0,0,0,0,0
6.265896,6,0,0,0,48,0
6.267161,0,0,0,0,0,0
6.268426,44,0,0,0,2477,0
6.269656,0,0,0,0,0,0
6.270916,0,0,0,0,0,0
6.272133,0,0,0,0,0,0
6.273363,6,0,0,0,48,0
6.274591,0,0,0,0,0,0
6.275747,48,0,0,0,914,0
6.276951,0,0,0,0,1563,0
6.278175,0,0,0,0,0,0
6.279394,0,0,0,0,0,0
6.280631,0,0,0,0,0,0
6.281857,6,0,0,0,48,0
6.283353,0,0,0,0,84,0
6.284730,44,0,0,0,2477,0
6.285967,0,0,0,0,0,0
6.287194,0,0,0,0,0,0
6.288443,0,0,0,0,0,0
6.289663,6,0,0,0,48,0
6.290854,0,0,0,0,0,0
6.292071,0,0,0,0,0,0
6.293251,44,0,0,0,2477,0
6.294419,0,0,0,0,0,0
6.295659,0,0,0,0,24,0
6.296867,0,0,0,0,0,0
6.298101,6,0,0,0,48,0
6.299351,0,0,0,0,0,0
6.300572,0,0,0,0,120,0
6.301791,44,0,0,0,2355,0
6.303008,0,0,0,0,0,0
6.304236,0,0,0,0,0,0
6.305470,0,0,0,0,0,0
6.306690,6,0,0,0,48,0
6.307869,0,0,0,0,0,0
6.309061,44,0,0,0,2475,0
6.310224,0,0,0,0,0,0
6.311432,0,0,0,0,0,0
6.312643,0,0,0,0,0,0
6.313860,0,0,0,0,0,0
6.315071,6,0,0,0,48,0
6.316304,0,0,0,0,84,0
6.317585,44,0,0,0,2342,0
6.318803,0,0,0,0,133,0
6.320021,0,0,0,0,0,0
6.321235,0,0,0,0,0,0
6.322520,0,0,0,0,0,0
6.323756,6,0,0,0,48,0
6.324967,0,0,0,0,0,0
6.326186,44,0,0,0,2473,0
6.327400,0,0,0,0,12,0
6.328581,0,0,0,0,12,0
6.329792,0,0,0,0,0,0
6.331012,0,0,0,0,0,0
6.332255,6,0,0,0,48,0
6.333476,0,0,0,0,0,0
6.334719,44,0,0,0,2473,0
6.336006,0,0,0,0,0,0
6.337269,0,0,0,0,0,0
6.338486,0,0,0,0,0,0
6.339700,6,0,0,0,48,0
6.340928,0,0,0,0,0,0
6.342134,44,0,0,0,914,0
6.343342,0,0,0,0,1553,0
6.344556,0,0,0,0,0,0
6.345823,0,0,0,0,0,0
6.347059,0,0,0,0,0,0
6.348290,6,0,0,0,48,0
6.349547,0,0,0,0,0,0
6.350776,48,0,0,0,2426,0
6.351948,0,0,0,0,161,0
6.353218,0,0,0,0,0,0
6.354442,0,0,0,0,0,0
6.355667,6,0,0,0,48,0
6.356909,0,0,0,0,0,0
6.358068,0,0,0,0,0,0
6.359284,52,0,0,0,2527,0
6.360459,0,0,0,0,0,0
6.361712,0,0,0,0,0,0
6.362935,0,0,0,0,0,0
6.364158,0,0,0,0,0,0
6.365381,6,0,0,0,48,0
6.366615,0,0,0,0,0,0
6.367862,48,0,0,0,2503,0
6.369076,0,0,0,0,0,0
6.370288,0,0,0,0,0,0
6.371496,0,0,0,0,0,0
6.372657,0,0,0,0,0,0
6.373891,6,0,0,0,48,0
6.375096,48,0,0,0,478,0
6.376302,0,0,0,0,2025,0
6.377559,0,0,0,0,0,0
6.378777,0,0,0,0,0,0
6.379986,0,0,0,0,0,0
6.381212,0,0,0,0,0,0
6.382448,6,0,0,0,132,0
6.383728,0,0,0,0,0,0
6.384898,48,0,0,0,2503,0
6.386159,0,0,0,0,0,0
6.387374,0,0,0,0,0,0
6.388695,0,0,0,0,0,0
6.389914,6,0,0,0,48,0
6.391142,0,0,0,0,0,0
6.392359,48,0,0,0,938,0
6.393567,0,0,0,0,1589,0
6.394779,0,0,0,0,0,0
6.396003,0,0,0,0,0,0
6.397237,6,0,0,0,48,0
6.398555,0,0,0,0,0,0
6.399779,0,0,0,0,0,0
6.401023,48,0,0,0,2503,0
6.402233,0,0,0,0,0,0
6.403451,0,0,0,0,0,0
6.404708,0,0,0,0,0,0
6.405954,6,0,0,0,48,0
6.407187,0,0,0,0,0,0
6.408345,0,0,0,0,0,0
6.409514,48,0,0,0,2503,0
6.410720,0,0,0,0,0,0
6.411975,0,0,0,0,0,0
6.413215,0,0,0,0,0,0
6.414462,0,0,0,0,0,0
6.415687,6,0,0,0,48,0
6.416904,48,0,0,0,2503,0
6.418208,0,0,0,0,84,0
6.419424,0,0,0,0,0,0
6.420706,0,0,0,0,0,0
6.421844,0,0,0,0,0,0
6.423059,0,0,0,0,0,0
6.424282,6,0,0,0,72,0
6.425444,0,0,0,0,0,0
6.426610,48,0,0,0,2503,0
6.427768,0,0,0,0,0,0
6.428993,0,0,0,0,0,0
6.430231,6,0,0,0,48,0
6.431476,0,0,0,0,0,0
6.432659,0,0,0,0,0,0
6.433887,48,0,0,0,2503,0
6.435097,0,0,0,0,0,0
6.436303,0,0,0,0,0,0
6.437508,0,0,0,0,0,0
6.438739,6,0,0,0,48,0
6.439942,0,0,0,0,0,0
6.441101,0,0,0,0,0,0
6.442308,52,0,0,0,2501,0
6.443524,0,0,0,0,0,0
6.444727,0,0,0,0,0,0
6.445969,0,0,0,0,0,0
6.447204,0,0,0,0,0,0
6.448468,6,0,0,0,132,0
6.449725,18,0,0,0,422,0
6.450955,30,0,0,0,2079,0
6.452182,0,0,0,0,0,0
6.453425,0,0,0,0,0,0
6.454597,0,0,0,0,0,0
6.455813,0,0,0,0,0,0
6.457046,6,0,0,0,36,0
6.458253,0,0,0,0,36,0
6.459422,48,0,0,0,478,0
6.460627,0,0,0,0,2022,0
6.461831,0,0,0,0,0,0
6.463090,0,0,0,0,0,0
6.464328,0,0,0,0,0,0
6.465578,6,0,0,0,48,0
6.466811,48,0,0,0,2499,0
6.468040,0,0,0,0,0,0
6.469284,0,0,0,0,0,0
6.470527,0,0,0,0,0,0
6.471734,6,0,0,0,48,0
6.472956,0,0,0,0,0,0
6.474170,0,0,0,0,0,0
6.475327,0,0,0,0,0,0
6.476532,48,0,0,0,2497,0
6.477811,0,0,0,0,0,0
6.479028,0,0,0,0,0,0
6.480282,6,0,0,0,48,0
6.481533,0,0,0,0,0,0
6.482744,0,0,0,0,84,0
6.483953,0,0,0,0,0,0
6.485138,44,0,0,0,2497,0
6.486363,0,0,0,0,0,0
6.487642,0,0,0,0,0,0
6.488886,6,0,0,0,72,0
6.490119,0,0,0,0,0,0
6.491325,0,0,0,0,0,0
6.492558,0,0,0,0,0,0
6.493756,44,0,0,0,2490,0
6.494960,0,0,0,0,0,0
6.496193,0,0,0,0,0,0
6.497445,6,0,0,0,48,0
6.498684,0,0,0,0,0,0
6.499923,0,0,0,0,0,0
6.501131,44,0,0,0,2348,0
6.502338,0,0,0,0,142,0
6.503547,0,0,0,0,0,0
6.504758,6,0,0,0,37,0
6.505965,0,0,0,0,11,0
6.507156,0,0,0,0,0,0
6.508315,48,0,0,0,2490,0
6.509526,0,0,0,0,0,0
6.510753,0,0,0,0,0,0
6.511969,0,0,0,0,0,0
6.513174,6,0,0,0,48,0
6.514397,0,0,0,0,0,0
6.515704,0,0,0,0,84,0
6.516956,48,0,0,0,2485,0
6.518167,0,0,0,0,0,0
6.519400,0,0,0,0,0,0
6.520632,0,0,0,0,24,0
6.521854,6,0,0,0,48,0
6.523094,0,0,0,0,0,0
6.524303,0,0,0,0,0,0
6.525464,48,0,0,0,2485,0
6.526677,0,0,0,0,0,0
6.527833,0,0,0,0,0,0
6.529059,0,0,0,0,0,0
6.530280,6,0,0,0,48,0
6.531527,0,0,0,0,0,0
6.532759,44,0,0,0,703,0
6.533977,0,0,0,0,1780,0
6.535184,0,0,0,0,0,0
6.536389,0,0,0,0,0,0
6.537600,0,0,0,0,0,0
6.538808,6,0,0,0,48,0
6.540074,0,0,0,0,0,0
6.541285,44,0,0,0,2483,0
6.542448,0,0,0,0,0,0
6.543659,0,0,0,0,0,0
6.544865,0,0,0,0,0,0
6.546123,0,0,0,0,0,0
6.547234,6,0,0,0,48,0
6.548487,0,0,0,0,84,0
6.549731,44,0,0,0,2477,0
6.550954,0,0,0,0,0,0
6.552176,0,0,0,0,0,0
6.553383,0,0,0,0,0,0
6.554625,0,0,0,0,24,0
6.555911,6,0,0,0,48,0
6.557139,0,0,0,0,0,0
6.558369,44,0,0,0,2471,0
6.559653,0,0,0,0,0,0
6.560858,0,0,0,0,0,0
6.562067,0,0,0,0,0,0
6.563309,0,0,0,0,0,0
6.564451,6,0,0,0,48,0
6.565684,44,0,0,0,484,0
6.566870,0,0,0,0,1987,0
6.568154,0,0,0,0,0,0
6.569369,0,0,0,0,0,0
6.570626,0,0,0,0,0,0
6.571852,0,0,0,0,0,0
6.573105,6,0,0,0,48,0
6.574320,44,0,0,0,908,0
6.575526,0,0,0,0,1559,0
6.576735,0,0,0,0,0,0
6.577950,0,0,0,0,0,0
6.579232,0,0,0,0,0,0
6.580454,6,0,0,0,48,0
6.581700,0,0,0,0,0,0
6.582930,0,0,0,0,84,0
6.584155,0,0,0,0,0,0
6.585263,44,0,0,0,932,0
6.586574,0,0,0,0,1553,0
6.587798,0,0,0,0,0,0
6.589019,6,0,0,0,48,0
6.590226,0,0,0,0,0,0
6.591431,44,0,0,0,2451,0
6.592702,0,0,0,0,0,0
6.593965,0,0,0,0,0,0
6.595181,0,0,0,0,0,0
6.596391,6,0,0,0,48,0
6.597623,0,0,0,0,0,0
6.598838,48,0,0,0,926,0
6.600090,0,0,0,0,1519,0
6.601314,0,0,0,0,0,0
6.602545,0,0,0,0,0,0
6.603808,0,0,0,0,0,0
6.605029,6,0,0,0,48,0
6.606265,0,0,0,0,0,0
6.607476,40,0,0,0,908,0
6.608685,0,0,0,0,1529,0
6.609888,0,0,0,0,0,0
6.611093,0,0,0,0,0,0
6.612303,0,0,0,0,0,0
6.613513,6,0,0,0,48,0
6.614737,0,0,0,0,84,0
6.615982,0,0,0,0,24,0
6.617249,0,0,0,0,0,0
6.618412,0,0,0,0,0,0
6.619654,0,0,0,0,0,0
6.620813,6,0,0,0,48,0
6.622039,0,0,0,0,0,0
6.623263,0,0,0,0,0,0
6.624487,40,0,0,0,2437,0
6.625653,0,0,0,0,0,0
6.626857,0,0,0,0,0,0
6.628061,0,0,0,0,0,0
6.629266,6,0,0,0,48,0
6.630531,0,0,0,0,0,0
6.631665,0,0,0,0,0,0
6.632884,0,0,0,0,0,0
6.634097,0,0,0,0,0,0
6.635312,0,0,0,0,0,0
6.636521,0,0,0,0,0,0
6.637739,0,0,0,0,0,0
6.638972,6,0,0,0,48,0
6.640175,0,0,0,0,0,0
6.641385,0,0,0,0,0,0
6.642631,0,0,0,0,0,0
6.643899,0,0,0,0,0,0
6.645132,0,0,0,0,0,0
6.646378,6,0,0,0,48,0
6.647643,0,0,0,0,102,0
6.648866,0,0,0,0,6,0
6.650027,0,0,0,0,0,0
6.651262,0,0,0,0,0,0
6.652470,0,0,0,0,0,0
6.653678,0,0,0,0,0,0
6.654884,0,0,0,0,0,0
6.656102,0,0,0,0,0,0
6.657308,40,0,0,0,2348,0
6.658513,0,0,0,0,89,0
6.659774,0,0,0,0,0,0
6.661011,0,0,0,0,0,0
6.662163,0,0,0,0,0,0
6.663411,6,0,0,0,48,0
6.664646,0,0,0,0,0,0
6.665856,0,0,0,0,0,0
6.667064,0,0,0,0,0,0
6.668268,0,0,0,0,0,0
6.669494,0,0,0,0,0,0
6.670669,6,0,0,0,48,0
6.671843,0,0,0,0,0,0
6.673048,0,0,0,0,0,0
6.674252,0,0,0,0,0,0
6.675456,0,0,0,0,0,0
6.676661,0,0,0,0,0,0
6.677822,0,0,0,0,0,0
6.679347,0,0,0,0,0,0
6.680587,6,0,0,0,156,0
6.681845,0,0,0,0,0,0
6.683092,0,0,0,0,0,0
6.684347,0,0,0,0,0,0
6.685569,0,0,0,0,0,0
6.686786,0,0,0,0,0,0
6.687992,0,0,0,0,0,0
6.689213,0,0,0,0,0,0
6.690467,0,0,0,0,0,0
6.691701,40,0,0,0,2426,0
6.692910,0,0,0,0,11,0
6.694122,0,0,0,0,0,0
6.695347,0,0,0,0,0,0
6.696658,6,0,0,0,48,0
6.697869,0,0,0,0,0,0
6.699108,0,0,0,0,0,0
6.700347,0,0,0,0,0,0
6.701554,0,0,0,0,0,0
6.702794,0,0,0,0,0,0
6.703964,6,0,0,0,48,0
6.705189,0,0,0,0,0,0
6.706287,0,0,0,0,0,0
6.707509,0,0,0,0,0,0
6.708729,0,0,0,0,0,0
6.709934,0,0,0,0,0,0
6.711197,0,0,0,0,0,0
6.712429,0,0,0,0,0,0
6.713666,6,0,0,0,72,0
6.714894,0,0,0,0,0,0
6.716117,0,0,0,0,84,0
6.717331,0,0,0,0,0,0
6.718546,0,0,0,0,0,0
6.719674,0,0,0,0,0,0
6.720885,0,0,0,0,0,0
6.722122,0,0,0,0,0,0
6.723384,4,0,0,0,238,0
6.724592,36,0,0,0,2199,0
6.725819,0,0,0,0,0,0
6.727024,0,0,0,0,0,0
6.728283,0,0,0,0,0,0
6.729584,6,0,0,0,48,0
6.730803,0,0,0,0,0,0
6.732024,0,0,0,0,0,0
6.733254,0,0,0,0,0,0
6.734433,0,0,0,0,0,0
6.735721,0,0,0,0,0,0
6.736904,0,0,0,0,0,0
6.738113,6,0,0,0,48,0
6.739321,0,0,0,0,0,0
6.740575,0,0,0,0,0,0
6.741859,0,0,0,0,0,0
6.743073,0,0,0,0,0,0
6.744288,0,0,0,0,24,0
6.745569,6,0,0,0,48,0
6.746809,0,0,0,0,0,0
6.748039,0,0,0,0,84,0
6.749276,0,0,0,0,0,0
6.750497,0,0,0,0,0,0
6.751784,0,0,0,0,0,0
6.752948,0,0,0,0,0,0
6.754107,0,0,0,0,0,0
6.755314,0,0,0,0,0,0
6.756595,0,0,0,0,0,0
6.757788,0,0,0,0,0,0
6.758991,40,0,0,0,2437,0
6.760198,0,0,0,0,0,0
6.761416,0,0,0,0,0,0
6.762687,6,0,0,0,48,0
6.763897,0,0,0,0,0,0
6.765104,0,0,0,0,0,0
6.766310,0,0,0,0,0,0
6.767517,0,0,0,0,0,0
6.768724,0,0,0,0,0,0
6.769931,6,0,0,0,48,0
6.771143,0,0,0,0,0,0
6.772378,0,0,0,0,0,0
6.773663,0,0,0,0,0,0
6.774887,0,0,0,0,0,0
6.776113,0,0,0,0,0,0
6.777272,0,0,0,0,24,0
6.778544,0,0,0,0,0,0
6.779690,6,0,0,0,48,0
6.780861,0,0,0,0,0,0
6.782070,0,0,0,0,84,0
6.783276,0,0,0,0,0,0
6.784443,0,0,0,0,0,0
6.785669,0,0,0,0,0,0
6.786884,6,0,0,0,48,0
6.788119,0,0,0,0,0,0
6.789371,0,0,0,0,0,0
6.790614,0,0,0,0,0,0
6.791775,0,0,0,0,0,0
6.792981,40,0,0,0,2437,0
6.794137,0,0,0,0,0,0
6.795354,6,0,0,0,48,0
6.796549,0,0,0,0,0,0
6.797767,0,0,0,0,0,0
6.798948,0,0,0,0,0,0
6.800174,0,0,0,0,0,0
6.801395,0,0,0,0,0,0
6.802602,0,0,0,0,0,0
6.803818,6,0,0,0,48,0
6.805004,0,0,0,0,0,0
6.806225,0,0,0,0,0,0
6.807445,0,0,0,0,0,0
6.808706,0,0,0,0,0,0
6.809913,0,0,0,0,24,0
6.811121,6,0,0,0,3,0
6.812335,0,0,0,0,45,0
6.813578,0,0,0,0,84,0
6.814816,0,0,0,0,0,0
6.816024,0,0,0,0,0,0
6.817229,0,0,0,0,0,0
6.818435,0,0,0,0,0,0
6.819674,6,0,0,0,48,0
6.820909,0,0,0,0,0,0
6.822367,0,0,0,0,0,0
6.823669,40,0,0,0,2342,0
6.824833,0,0,0,0,95,0
6.825987,0,0,0,0,0,0
6.827198,0,0,0,0,0,0
6.828422,6,0,0,0,48,0
6.829670,0,0,0,0,0,0
6.830903,0,0,0,0,0,0
6.832115,0,0,0,0,0,0
6.833324,0,0,0,0,0,0
6.834536,0,0,0,0,0,0
6.835747,0,0,0,0,0,0
6.836961,6,0,0,0,48,0
6.838194,0,0,0,0,0,0
6.839406,0,0,0,0,0,0
6.840634,0,0,0,0,24,0
6.841802,0,0,0,0,0,0
6.843020,0,0,0,0,0,0
6.844264,0,0,0,0,0,0
6.845473,6,0,0,0,48,0
6.846703,0,0,0,0,84,0
6.847908,0,0,0,0,0,0
6.849099,0,0,0,0,0,0
6.850355,0,0,0,0,0,0
6.851741,0,0,0,0,0,0
6.852959,6,0,0,0,48,0
6.854194,0,0,0,0,0,0
6.855417,0,0,0,0,0,0
6.856666,40,0,0,0,2437,0
6.857848,0,0,0,0,0,0
6.859054,0,0,0,0,0,0
6.860259,0,0,0,0,0,0
6.861490,0,0,0,0,0,0
6.862757,6,0,0,0,48,0
6.863974,0,0,0,0,0,0
6.865156,0,0,0,0,0,0
6.866379,0,0,0,0,0,0
6.867651,0,0,0,0,0,0
6.868885,0,0,0,0,0,0
6.870119,6,0,0,0,48,0
6.871351,0,0,0,0,0,0
6.872566,0,0,0,0,24,0
6.873778,0,0,0,0,0,0
6.875000,0,0,0,0,0,0
6.876215,0,0,0,0,0,0
6.877438,0,0,0,0,0,0
6.878660,6,0,0,0,48,0
6.879903,0,0,0,0,0,0
6.881100,0,0,0,0,84,0
6.882331,0,0,0,0,0,0
6.883540,0,0,0,0,0,0
6.884772,0,0,0,0,0,0
6.886018,6,0,0,0,48,0
6.887235,0,0,0,0,0,0
6.888359,0,0,0,0,0,0
6.889519,40,0,0,0,2437,0
6.890726,0,0,0,0,0,0
6.891890,0,0,0,0,0,0
6.893119,0,0,0,0,0,0
6.894334,6,0,0,0,48,0
6.895559,0,0,0,0,0,0
6.896806,0,0,0,0,0,0
6.897988,0,0,0,0,0,0
6.899214,0,0,0,0,0,0
6.900425,0,0,0,0,0,0
6.901667,0,0,0,0,0,0
6.902915,6,0,0,0,36,0
6.904194,0,0,0,0,12,0
6.905374,0,0,0,0,24,0
6.906647,0,0,0,0,0,0
6.907857,0,0,0,0,0,0
6.909120,0,0,0,0,0,0
6.910349,0,0,0,0,0,0
6.911648,6,0,0,0,48,0
6.912880,0,0,0,0,0,0
6.914110,0,0,0,0,84,0
6.915321,0,0,0,0,0,0
6.916579,0,0,0,0,0,0
6.917812,0,0,0,0,0,0
6.919054,0,0,0,0,0,0
6.920274,6,0,0,0,48,0
6.921573,0,0,0,0,0,0
6.922738,40,0,0,0,2348,0
6.923995,0,0,0,0,89,0
6.925227,0,0,0,0,0,0
6.926443,0,0,0,0,0,0
6.927656,0,0,0,0,0,0
6.928872,6,0,0,0,48,0
6.930079,0,0,0,0,0,0
6.931293,0,0,0,0,0,0
6.932517,0,0,0,0,0,0
6.933753,0,0,0,0,0,0
6.934982,0,0,0,0,0,0
6.936227,0,0,0,0,0,0
6.937470,6,0,0,0,72,0
6.938700,0,0,0,0,0,0
6.939912,0,0,0,0,0,0
6.941132,0,0,0,0,0,0
6.942390,0,0,0,0,0,0
6.943644,0,0,0,0,0,0
6.944852,6,0,0,0,48,0
6.946083,0,0,0,0,0,0
6.947291,0,0,0,0,84,0
6.948504,0,0,0,0,0,0
6.949742,0,0,0,0,0,0
6.950949,0,0,0,0,0,0
6.952204,6,0,0,0,48,0
6.953452,0,0,0,0,0,0
6.954701,0,0,0,0,0,0
6.955862,40,0,0,0,478,0
6.957096,0,0,0,0,1959,0
6.958376,0,0,0,0,0,0
6.959672,0,0,0,0,0,0
6.960914,6,0,0,0,48,0
6.962166,0,0,0,0,0,0
6.963402,0,0,0,0,0,0
6.964662,0,0,0,0,0,0
6.965855,0,0,0,0,0,0
6.967062,0,0,0,0,0,0
6.968530,0,0,0,0,0,0
6.969675,6,0,0,0,72,0
6.970913,0,0,0,0,0,0
6.972090,0,0,0,0,0,0
6.973253,0,0,0,0,0,0
6.974490,0,0,0,0,0,0
6.975692,0,0,0,0,0,0
6.976905,6,0,0,0,18,0
6.978091,0,0,0,0,30,0
6.979322,0,0,0,0,0,0
6.980528,0,0,0,0,0,0
6.981757,0,0,0,0,84,0
6.982913,0,0,0,0,0,0
6.984136,0,0,0,0,0,0
6.985362,6,0,0,0,0,0
6.986573,0,0,0,0,48,0
6.987821,0,0,0,0,0,0
6.989029,40,0,0,0,2348,0
6.990236,0,0,0,0,89,0
6.991449,0,0,0,0,0,0
6.992653,0,0,0,0,0,0
6.993863,6,0,0,0,48,0
6.995040,0,0,0,0,0,0
6.996267,0,0,0,0,0,0
6.997485,0,0,0,0,0,0
6.998692,0,0,0,0,0,0
6.999885,0,0,0,0,0,0
7.000997,0,0,0,0,0,0
7.002212,6,0,0,0,72,0
7.003452,0,0,0,0,0,0
7.004721,0,0,0,0,0,0
7.005942,0,0,0,0,0,0
7.007149,0,0,0,0,0,0
7.008319,0,0,0,0,0,0
7.009534,0,0,0,0,0,0
7.010769,0,0,0,0,0,0
7.011897,6,0,0,0,48,0
7.013117,0,0,0,0,0,0
7.014365,0,0,0,0,84,0
7.015651,0,0,0,0,0,0
7.016879,0,0,0,0,0,0
7.018108,0,0,0,0,0,0
7.019345,6,0,0,0,48,0
7.020584,0,0,0,0,0,0
7.021819,0,0,0,0,0,0
7.023026,40,0,0,0,2437,0
7.024238,0,0,0,0,0,0
7.025443,0,0,0,0,0,0
7.026720,6,0,0,0,30,0
7.027925,0,0,0,0,18,0
7.029161,0,0,0,0,0,0
7.030380,0,0,0,0,0,0
7.031611,0,0,0,0,0,0
7.032868,0,0,0,0,0,0
7.034095,0,0,0,0,24,0
7.035326,6,0,0,0,48,0
7.036549,0,0,0,0,0,0
7.037819,0,0,0,0,0,0
7.038987,0,0,0,0,0,0
7.040254,0,0,0,0,0,0
7.041431,0,0,0,0,0,0
7.042660,0,0,0,0,0,0
7.043883,0,0,0,0,0,0
7.045006,6,0,0,0,48,0
7.046210,0,0,0,0,0,0
7.047435,0,0,0,0,84,0
7.048643,0,0,0,0,0,0
7.049860,0,0,0,0,0,0
7.051048,0,0,0,0,0,0
7.052257,6,0,0,0,48,0
7.053434,0,0,0,0,0,0
7.054653,0,0,0,0,0,0
7.055831,0,0,0,0,0,0
7.057044,40,0,0,0,2437,0
7.058272,0,0,0,0,0,0
7.059488,0,0,0,0,0,0
7.060698,6,0,0,0,48,0
7.061926,0,0,0,0,0,0
7.063131,0,0,0,0,0,0
7.064365,0,0,0,0,0,0
7.065591,0,0,0,0,24,0
7.066805,0,0,0,0,0,0
7.068034,0,0,0,0,0,0
7.069257,0,0,0,0,0,0
7.070451,6,0,0,0,48,0
7.071631,0,0,0,0,0,0
7.072820,0,0,0,0,0,0
7.074031,0,0,0,0,0,0
7.075238,0,0,0,0,0,0
7.076473,6,0,0,0,48,0
7.077704,0,0,0,0,0,0
7.078939,0,0,0,0,84,0
7.080183,0,0,0,0,0,0
7.081399,0,0,0,0,0,0
7.082620,0,0,0,0,0,0
7.083827,0,0,0,0,0,0
7.085034,0,0,0,0,0,0
7.086264,6,0,0,0,48,0
7.087445,0,0,0,0,0,0
7.088660,40,0,0,0,1777,0
7.089868,0,0,0,0,660,0
7.091073,0,0,0,0,0,0
7.092292,0,0,0,0,0,0
7.093524,6,0,0,0,48,0
7.094801,0,0,0,0,0,0
7.095971,0,0,0,0,0,0
7.097166,0,0,0,0,24,0
7.098386,0,0,0,0,0,0
7.099636,0,0,0,0,0,0
7.100850,0,0,0,0,0,0
7.102069,6,0,0,0,48,0
7.103301,0,0,0,0,0,0
7.104528,0,0,0,0,0,0
7.105734,0,0,0,0,0,0
7.106938,0,0,0,0,0,0
7.108141,0,0,0,0,0,0
7.109345,6,0,0,0,0,0
7.110523,0,0,0,0,48,0
7.111764,0,0,0,0,84,0
7.113026,0,0,0,0,0,0
7.114241,0,0,0,0,0,0
7.115354,0,0,0,0,0,0
7.116566,0,0,0,0,0,0
7.117915,0,0,0,0,0,0
7.119127,6,0,0,0,48,0
7.120373,0,0,0,0,0,0
7.121593,40,0,0,0,908,0
7.122756,0,0,0,0,1529,0
7.124013,0,0,0,0,0,0
7.125230,0,0,0,0,0,0
7.126462,6,0,0,0,48,0
7.127676,0,0,0,0,0,0
7.128896,0,0,0,0,0,0
7.130102,0,0,0,0,24,0
7.131308,0,0,0,0,0,0
7.132542,0,0,0,0,0,0
7.133751,0,0,0,0,0,0
7.134962,6,0,0,0,48,0
7.136196,0,0,0,0,0,0
7.137443,0,0,0,0,0,0
7.138662,0,0,0,0,0,0
7.139895,0,0,0,0,0,0
7.141080,0,0,0,0,0,0
7.142246,0,0,0,0,0,0
7.143459,6,0,0,0,36,0
7.144705,0,0,0,0,12,0
7.145865,0,0,0,0,84,0
7.147072,0,0,0,0,0,0
7.148226,0,0,0,0,0,0
7.149442,0,0,0,0,0,0
7.150603,0,0,0,0,0,0
7.151832,6,0,0,0,48,0
7.153062,0,0,0,0,0,0
7.154290,0,0,0,0,0,0
7.155503,40,0,0,0,2437,0
7.156664,0,0,0,0,0,0
7.157869,0,0,0,0,0,0
7.159074,0,0,0,0,0,0
7.160275,0,0,0,0,0,0
7.161509,0,0,0,0,24,0
7.162674,0,0,0,0,0,0
7.163883,0,0,0,0,0,0
7.164983,0,0,0,0,0,0
7.166189,0,0,0,0,0,0
7.167404,0,0,0,0,0,0
7.168675,6,0,0,0,48,0
7.169929,0,0,0,0,0,0
7.171122,0,0,0,0,0,0
7.172352,0,0,0,0,0,0
7.173561,0,0,0,0,0,0
7.174775,0,0,0,0,0,0
7.175980,0,0,0,0,0,0
7.177211,0,0,0,0,0,0
7.178385,0,0,0,0,84,0
7.179554,0,0,0,0,0,0
7.180808,0,0,0,0,0,0
7.182025,0,0,0,0,0,0
7.183241,0,0,0,0,0,0
7.184465,6,0,0,0,48,0
7.185739,0,0,0,0,0,0
7.186989,0,0,0,0,0,0
7.188228,0,0,0,0,0,0
7.189449,40,0,0,0,2437,0
7.190709,0,0,0,0,0,0
7.191923,0,0,0,0,0,0
7.193136,0,0,0,0,0,0
7.194353,0,0,0,0,0,0
7.195597,0,0,0,0,24,0
7.196748,0,0,0,0,0,0
7.197970,0,0,0,0,0,0
7.199177,0,0,0,0,0,0
7.200424,0,0,0,0,0,0
7.201642,0,0,0,0,0,0
7.202854,6,0,0,0,48,0
7.204128,0,0,0,0,0,0
7.205341,0,0,0,0,0,0
7.206568,0,0,0,0,0,0
7.207741,0,0,0,0,0,0
7.208998,0,0,0,0,0,0
7.210215,0,0,0,0,0,0
7.211423,0,0,0,0,0,0
7.212648,0,0,0,0,84,0
7.213883,0,0,0,0,0,0
7.215092,0,0,0,0,0,0
7.216306,0,0,0,0,0,0
7.217528,0,0,0,0,0,0
7.218865,6,0,0,0,48,0
7.220088,0,0,0,0,0,0
7.221297,40,0,0,0,2437,0
7.222550,0,0,0,0,0,0
7.223727,0,0,0,0,0,0
7.224948,0,0,0,0,0,0
7.226156,0,0,0,0,24,0
7.227362,0,0,0,0,0,0
7.228535,0,0,0,0,0,0
7.229746,0,0,0,0,0,0
7.230960,0,0,0,0,0,0
7.232181,0,0,0,0,0,0
7.233421,0,0,0,0,0,0
7.234648,6,0,0,0,48,0
7.235808,0,0,0,0,0,0
7.237044,0,0,0,0,0,0
7.238261,0,0,0,0,0,0
7.239478,0,0,0,0,0,0
7.240686,0,0,0,0,0,0
7.241899,0,0,0,0,0,0
7.243106,0,0,0,0,0,0
7.244361,0,0,0,0,0,0
7.245576,0,0,0,0,84,0
7.246732,0,0,0,0,0,0
7.248011,0,0,0,0,0,0
7.249177,0,0,0,0,0,0
7.250395,6,0,0,0,48,0
7.251684,0,0,0,0,0,0
7.252849,0,0,0,0,0,0
7.254056,40,0,0,0,2437,0
7.255223,0,0,0,0,0,0
7.256443,0,0,0,0,0,0
7.257675,0,0,0,0,24,0
7.258914,0,0,0,0,0,0
7.260127,0,0,0,0,0,0
7.261354,0,0,0,0,0,0
7.262519,0,0,0,0,0,0
7.263803,0,0,0,0,0,0
7.265024,0,0,0,0,0,0
7.266231,0,0,0,0,0,0
7.267449,0,0,0,0,0,0
7.268744,6,0,0,0,48,0
7.269989,0,0,0,0,0,0
7.271216,0,0,0,0,0,0
7.272423,0,0,0,0,0,0
7.273686,0,0,0,0,0,0
7.274866,0,0,0,0,0,0
7.276080,0,0,0,0,0,0
7.277298,0,0,0,0,0,0
7.278508,0,0,0,0,84,0
7.279673,0,0,0,0,0,0
7.280884,0,0,0,0,0,0
7.282101,0,0,0,0,0,0
7.283314,0,0,0,0,0,0
7.284576,6,0,0,0,48,0
7.285806,0,0,0,0,0,0
7.287034,0,0,0,0,0,0
7.288226,40,0,0,0,478,0
7.289441,0,0,0,0,1959,0
7.290678,0,0,0,0,24,0
7.291888,0,0,0,0,0,0
7.293094,0,0,0,0,0,0
7.294302,0,0,0,0,0,0
7.295508,0,0,0,0,0,0
7.296730,0,0,0,0,0,0
7.297939,0,0,0,0,0,0
7.299146,0,0,0,0,0,0
7.300385,6,0,0,0,36,0
7.301626,0,0,0,0,12,0
7.302865,0,0,0,0,0,0
7.304074,0,0,0,0,0,0
7.305281,0,0,0,0,0,0
7.306497,0,0,0,0,0,0
7.307751,0,0,0,0,0,0
7.308963,0,0,0,0,0,0
7.310076,0,0,0,0,0,0
7.311251,0,0,0,0,84,0
7.312483,0,0,0,0,0,0
7.313649,0,0,0,0,0,0
7.314868,0,0,0,0,0,0
7.316077,0,0,0,0,0,0
7.317291,6,0,0,0,48,0
7.318471,0,0,0,0,0,0
7.319778,0,0,0,0,0,0
7.321047,40,0,0,0,2437,0
7.322222,0,0,0,0,24,0
7.323436,0,0,0,0,0,0
7.324597,0,0,0,0,0,0
7.325821,0,0,0,0,0,0
7.327032,0,0,0,0,0,0
7.328254,0,0,0,0,0,0
7.329467,0,0,0,0,0,0
7.330681,0,0,0,0,0,0
7.331910,0,0,0,0,0,0
7.333152,0,0,0,0,0,0
7.334386,6,0,0,0,48,0
7.335600,0,0,0,0,0,0
7.336817,0,0,0,0,0,0
7.338022,0,0,0,0,0,0
7.339243,0,0,0,0,0,0
7.340447,0,0,0,0,0,0
7.341689,0,0,0,0,0,0
7.342895,0,0,0,0,0,0
7.344093,0,0,0,0,0,0
7.345304,0,0,0,0,84,0
7.346511,0,0,0,0,0,0
7.347732,0,0,0,0,0,0
7.348916,0,0,0,0,0,0
7.350190,6,0,0,0,48,0
7.351386,0,0,0,0,0,0
7.352604,0,0,0,0,0,0
7.353828,40,0,0,0,2455,0
7.355004,0,0,0,0,6,0
7.356222,0,0,0,0,0,0
7.357430,0,0,0,0,0,0
7.358681,0,0,0,0,0,0
7.359893,0,0,0,0,0,0
7.361159,0,0,0,0,0,0
7.362423,0,0,0,0,0,0
7.363646,0,0,0,0,0,0
7.364857,0,0,0,0,0,0
7.366105,0,0,0,0,0,0
7.367354,6,0,0,0,48,0
7.368568,0,0,0,0,0,0
7.369791,0,0,0,0,0,0
7.371006,0,0,0,0,0,0
7.372220,0,0,0,0,0,0
7.373394,0,0,0,0,0,0
7.374629,0,0,0,0,0,0
7.375851,0,0,0,0,0,0
7.377090,0,0,0,0,84,0
7.378264,0,0,0,0,0,0
7.379471,0,0,0,0,0,0
7.380677,0,0,0,0,0,0
7.381883,0,0,0,0,0,0
7.383112,0,0,0,0,0,0
7.384377,6,0,0,0,48,0
7.385669,0,0,0,0,0,0
7.386893,40,0,0,0,2372,0
7.388103,0,0,0,0,89,0
7.389362,0,0,0,0,0,0
7.390589,0,0,0,0,0,0
7.391849,0,0,0,0,0,0
7.393057,0,0,0,0,0,0
7.394345,0,0,0,0,0,0
7.395548,0,0,0,0,0,0
7.396752,0,0,0,0,0,0
7.397968,0,0,0,0,0,0
7.399204,0,0,0,0,0,0
7.400422,6,0,0,0,48,0
7.401660,0,0,0,0,0,0
7.402883,0,0,0,0,0,0
7.404058,0,0,0,0,0,0
7.405232,0,0,0,0,0,0
7.406444,0,0,0,0,0,0
7.407678,0,0,0,0,0,0
7.408885,0,0,0,0,0,0
7.410093,0,0,0,0,84,0
7.411322,0,0,0,0,0,0
7.412526,0,0,0,0,0,0
7.413731,0,0,0,0,0,0
7.414942,0,0,0,0,0,0
7.416225,0,0,0,0,0,0
7.417479,6,0,0,0,48,0
7.418709,0,0,0,0,24,0
7.419920,40,0,0,0,478,0
7.421103,0,0,0,0,1959,0
7.422319,0,0,0,0,0,0
7.423476,0,0,0,0,0,0
7.424700,0,0,0,0,0,0
7.425910,0,0,0,0,0,0
7.427114,0,0,0,0,0,0
7.428319,0,0,0,0,0,0
7.429525,0,0,0,0,0,0
7.430767,0,0,0,0,0,0
7.432003,0,0,0,0,0,0
7.433234,0,0,0,0,0,0
7.434469,6,0,0,0,48,0
7.435631,0,0,0,0,0,0
7.436845,0,0,0,0,0,0
7.438076,0,0,0,0,0,0
7.439283,0,0,0,0,0,0
7.440490,0,0,0,0,0,0
7.441696,0,0,0,0,0,0
7.442902,0,0,0,0,0,0
7.444108,0,0,0,0,0,0
7.445314,0,0,0,0,84,0
7.446520,0,0,0,0,0,0
7.447760,0,0,0,0,0,0
7.449009,0,0,0,0,0,0
7.450300,6,0,0,0,72,0
7.451511,0,0,0,0,0,0
7.452730,0,0,0,0,0,0
7.453937,40,0,0,0,2437,0
7.455100,0,0,0,0,0,0
7.456319,0,0,0,0,0,0
7.457542,0,0,0,0,0,0
7.458759,0,0,0,0,0,0
7.460019,0,0,0,0,0,0
7.461283,0,0,0,0,0,0
7.462530,0,0,0,0,0,0
7.463776,0,0,0,0,0,0
7.464995,0,0,0,0,0,0
7.466218,6,0,0,0,48,0
7.467502,0,0,0,0,0,0
7.468712,0,0,0,0,0,0
7.469988,0,0,0,0,0,0
7.471213,0,0,0,0,0,0
7.472385,0,0,0,0,0,0
7.473593,0,0,0,0,0,0
7.474800,0,0,0,0,0,0
7.476007,0,0,0,0,0,0
7.477169,0,0,0,0,0,0
7.478386,0,0,0,0,84,0
7.479601,0,0,0,0,0,0
7.480806,0,0,0,0,0,0
7.482051,0,0,0,0,0,0
7.483266,6,0,0,0,66,0
7.484536,0,0,0,0,6,0
7.485775,40,0,0,0,914,0
7.486981,0,0,0,0,1523,0
7.488209,0,0,0,0,0,0
7.489441,0,0,0,0,0,0
7.490667,0,0,0,0,0,0
7.491874,0,0,0,0,0,0
7.493080,0,0,0,0,0,0
7.494286,0,0,0,0,0,0
7.495491,0,0,0,0,0,0
7.496701,0,0,0,0,0,0
7.497787,0,0,0,0,0,0
7.499138,0,0,0,0,0,0
7.500398,6,0,0,0,48,0
7.501620,0,0,0,0,0,0
7.502859,0,0,0,0,0,0
7.504028,0,0,0,0,0,0
7.505233,0,0,0,0,0,0
7.506441,0,0,0,0,0,0
7.507615,0,0,0,0,0,0
7.508850,0,0,0,0,0,0
7.510060,0,0,0,0,84,0
7.511266,0,0,0,0,0,0
7.512477,0,0,0,0,0,0
7.513681,0,0,0,0,0,0
7.514897,0,0,0,0,0,0
7.516120,6,0,0,0,72,0
7.517384,0,0,0,0,0,0
7.518549,0,0,0,0,0,0
7.519757,40,0,0,0,2437,0
7.520972,0,0,0,0,0,0
7.522176,0,0,0,0,0,0
7.523384,0,0,0,0,0,0
7.524537,0,0,0,0,0,0
7.525733,0,0,0,0,0,0
7.526938,0,0,0,0,0,0
7.528142,0,0,0,0,0,0
7.529326,0,0,0,0,0,0
7.530532,0,0,0,0,0,0
7.531777,0,0,0,0,0,0
7.532987,6,0,0,0,48,0
7.534195,0,0,0,0,0,0
7.535399,0,0,0,0,0,0
7.536602,0,0,0,0,0,0
7.537806,0,0,0,0,0,0
7.539018,0,0,0,0,0,0
7.540232,0,0,0,0,0,0
7.541466,0,0,0,0,0,0
7.542687,0,0,0,0,84,0
7.543920,0,0,0,0,0,0
7.545127,0,0,0,0,0,0
7.546351,0,0,0,0,24,0
7.547610,0,0,0,0,0,0
7.548868,6,0,0,0,48,0
7.550128,0,0,0,0,0,0
7.551340,0,0,0,0,0,0
7.552549,40,0,0,0,2437,0
7.553759,0,0,0,0,0,0
7.554963,0,0,0,0,0,0
7.556143,0,0,0,0,0,0
7.557303,0,0,0,0,0,0
7.558507,0,0,0,0,0,0
7.559711,0,0,0,0,0,0
7.560914,0,0,0,0,0,0
7.562118,0,0,0,0,0,0
7.563322,0,0,0,0,0,0
7.564586,0,0,0,0,0,0
7.565829,0,0,0,0,0,0
7.566971,6,0,0,0,48,0
7.568238,0,0,0,0,0,0
7.569502,0,0,0,0,0,0
7.570716,0,0,0,0,0,0
7.571908,0,0,0,0,0,0
7.573076,0,0,0,0,0,0
7.574337,0,0,0,0,0,0
7.575607,0,0,0,0,0,0
7.576825,0,0,0,0,84,0
7.578084,0,0,0,0,0,0
7.579265,0,0,0,0,24,0
7.580523,0,0,0,0,0,0
7.581804,0,0,0,0,0,0
7.583070,6,0,0,0,48,0
7.584295,0,0,0,0,0,0
7.585503,40,0,0,0,2348,0
7.586709,0,0,0,0,89,0
7.587964,0,0,0,0,0,0
7.589229,0,0,0,0,0,0
7.590444,0,0,0,0,0,0
7.591667,0,0,0,0,0,0
7.592860,0,0,0,0,0,0
7.594076,0,0,0,0,0,0
7.595283,0,0,0,0,0,0
7.596501,0,0,0,0,0,0
7.597697,0,0,0,0,0,0
7.598925,6,0,0,0,48,0
7.600176,0,0,0,0,0,0
7.601388,0,0,0,0,0,0
7.602614,0,0,0,0,0,0
7.603773,0,0,0,0,0,0
7.604980,0,0,0,0,0,0
7.606232,0,0,0,0,0,0
7.607453,0,0,0,0,0,0
7.608658,0,0,0,0,0,0
7.609862,0,0,0,0,84,0
7.611083,0,0,0,0,24,0
7.612290,0,0,0,0,0,0
7.613611,0,0,0,0,0,0
7.614913,0,0,0,0,0,0
7.616244,6,0,0,0,48,0
7.617477,0,0,0,0,0,0
7.618693,40,0,0,0,2348,0
7.619966,0,0,0,0,89,0
7.621107,0,0,0,0,0,0
7.622323,0,0,0,0,0,0
7.623529,0,0,0,0,0,0
7.624736,0,0,0,0,0,0
7.625988,0,0,0,0,0,0
7.627219,0,0,0,0,0,0
7.628426,0,0,0,0,0,0
7.629655,0,0,0,0,0,0
7.630875,0,0,0,0,0,0
7.632129,6,0,0,0,48,0
7.633259,0,0,0,0,0,0
7.634488,0,0,0,0,0,0
7.635719,0,0,0,0,0,0
7.636928,0,0,0,0,0,0
7.638185,0,0,0,0,0,0
7.639404,0,0,0,0,0,0
7.640619,0,0,0,0,0,0
7.641826,0,0,0,0,0,0
7.643037,0,0,0,0,12,0
7.644250,0,0,0,0,96,0
7.645410,0,0,0,0,0,0
7.646571,0,0,0,0,0,0
7.647826,0,0,0,0,0,0
7.649103,6,0,0,0,48,0
7.650360,0,0,0,0,0,0
7.651471,0,0,0,0,0,0
7.652681,40,0,0,0,914,0
7.653909,0,0,0,0,1523,0
7.655114,0,0,0,0,0,0
7.656324,0,0,0,0,0,0
7.657533,0,0,0,0,0,0
7.658773,0,0,0,0,0,0
7.659983,0,0,0,0,0,0
7.661184,0,0,0,0,0,0
7.662387,0,0,0,0,0,0
7.663651,0,0,0,0,0,0
7.664904,6,0,0,0,12,0
7.666179,0,0,0,0,36,0
7.667397,0,0,0,0,0,0
7.668623,0,0,0,0,0,0
7.669854,0,0,0,0,0,0
7.671068,0,0,0,0,0,0
7.672290,0,0,0,0,0,0
7.673624,0,0,0,0,0,0
7.674961,0,0,0,0,0,0
7.676217,0,0,0,0,108,0
7.677458,0,0,0,0,0,0
7.678745,0,0,0,0,0,0
7.679966,0,0,0,0,0,0
7.681233,0,0,0,0,0,0
7.682472,6,0,0,0,48,0
7.683758,0,0,0,0,0,0
7.684991,40,0,0,0,2348,0
7.686431,0,0,0,0,89,0
7.687810,0,0,0,0,0,0
7.689054,0,0,0,0,0,0
7.690311,0,0,0,0,0,0
7.691574,0,0,0,0,0,0
7.692807,0,0,0,0,0,0
7.693989,0,0,0,0,0,0
7.695202,0,0,0,0,0,0
7.696409,0,0,0,0,0,0
7.697618,0,0,0,0,0,0
7.698848,0,0,0,0,0,0
7.700084,6,0,0,0,18,0
7.701243,0,0,0,0,30,0
7.702457,0,0,0,0,0,0
7.703666,0,0,0,0,0,0
7.704860,0,0,0,0,0,0
7.706171,0,0,0,0,0,0
7.707398,0,0,0,0,0,0
7.708617,0,0,0,0,24,0
7.709840,0,0,0,0,84,0
7.711075,0,0,0,0,0,0
7.712289,0,0,0,0,0,0
7.713513,0,0,0,0,0,0
7.714676,0,0,0,0,0,0
7.715882,0,0,0,0,0,0
7.717092,0,0,0,0,0,0
7.718300,40,0,0,0,491,0
7.719493,0,0,0,0,1946,0
7.720709,0,0,0,0,0,0
7.721911,0,0,0,0,0,0
7.723113,0,0,0,0,0,0
7.724336,0,0,0,0,0,0
7.725538,0,0,0,0,0,0
7.726759,0,0,0,0,0,0
7.727959,0,0,0,0,0,0
7.729111,0,0,0,0,0,0
7.730332,0,0,0,0,0,0
7.731536,0,0,0,0,0,0
7.732767,6,0,0,0,48,0
7.733939,0,0,0,0,0,0
7.735142,0,0,0,0,0,0
7.736361,0,0,0,0,0,0
7.737565,0,0,0,0,0,0
7.738792,0,0,0,0,0,0
7.740022,0,0,0,0,0,0
7.741262,0,0,0,0,0,0
7.742893,0,0,0,0,84,0
7.744135,0,0,0,0,0,0
7.745365,0,0,0,0,0,0
7.746693,0,0,0,0,0,0
7.747932,0,0,0,0,0,0
7.749119,0,0,0,0,0,0
7.750667,0,0,0,0,0,0
7.751958,40,0,0,0,2437,0
7.753215,0,0,0,0,0,0
7.754434,0,0,0,0,0,0
7.755674,0,0,0,0,0,0
7.756888,0,0,0,0,0,0
7.758118,0,0,0,0,0,0
7.759359,0,0,0,0,0,0
7.760550,0,0,0,0,0,0
7.761710,0,0,0,0,0,0
7.762934,0,0,0,0,0,0
7.764151,0,0,0,0,0,0
7.765380,6,0,0,0,18,0
7.766634,0,0,0,0,30,0
7.767842,0,0,0,0,0,0
7.768996,0,0,0,0,0,0
7.770198,0,0,0,0,0,0
7.771413,0,0,0,0,0,0
7.772579,0,0,0,0,0,0
7.773816,0,0,0,0,0,0
7.775019,0,0,0,0,0,0
7.776266,0,0,0,0,0,0
7.777482,0,0,0,0,0,0
7.778694,0,0,0,0,0,0
7.779895,0,0,0,0,0,0
7.781096,0,0,0,0,0,0
7.782317,0,0,0,0,0,0
7.783520,0,0,0,0,0,0
7.784749,0,0,0,0,0,0
7.785983,0,0,0,0,0,0
7.787084,0,0,0,0,0,0
7.788291,0,0,0,0,0,0
7.789555,0,0,0,0,0,0
7.790845,0,0,0,0,0,0
7.792057,0,0,0,0,0,0
7.793263,0,0,0,0,0,0
7.794467,0,0,0,0,0,0
7.795665,0,0,0,0,0,0
7.796872,0,0,0,0,0,0
7.798083,0,0,0,0,0,0
7.799302,0,0,0,0,0,0
7.800508,0,0,0,0,0,0
7.801719,0,0,0,0,0,0
7.802927,0,0,0,0,0,0
7.804080,0,0,0,0,0,0
7.805273,0,0,0,0,0,0
7.806430,0,0,0,0,0,0
7.807647,0,0,0,0,0,0
7.808857,0,0,0,0,0,0
7.810018,0,0,0,0,0,0
7.811219,0,0,0,0,0,0
7.812462,0,0,0,0,0,0
7.813743,0,0,0,0,0,0
7.815073,0,0,0,0,0,0
7.816303,0,0,0,0,0,0
7.817524,0,0,0,0,0,0
7.818745,0,0,0,0,0,0
7.819965,0,0,0,0,0,0
7.821186,0,0,0,0,0,0
7.822446,0,0,0,0,0,0
7.823774,0,0,0,0,0,0
7.825023,0,0,0,0,0,0
7.826275,0,0,0,0,0,0
7.829622,0,0,0,0,0,0
7.831099,0,0,0,0,0,0
7.832438,0,0,0,0,0,0
7.833658,0,0,0,0,0,0
7.834933,0,0,0,0,0,0
7.836221,0,0,0,0,0,0
7.837458,0,0,0,0,0,0
7.838687,0,0,0,0,0,0
7.839938,0,0,0,0,0,0
7.841180,0,0,0,0,0,0
7.842421,0,0,0,0,0,0
7.843758,0,0,0,0,0,0
7.845002,0,0,0,0,0,0
7.846234,0,0,0,0,0,0
7.847457,0,0,0,0,0,0
7.848687,0,0,0,0,0,0
7.849913,0,0,0,0,0,0
7.851136,0,0,0,0,0,0
7.852361,0,0,0,0,0,0
7.853585,0,0,0,0,0,0
7.854871,0,0,0,0,0,0
7.856132,0,0,0,0,0,0
7.857392,0,0,0,0,0,0
7.858716,0,0,0,0,0,0
7.860103,0,0,0,0,0,0
7.861420,0,0,0,0,0,0
7.862840,0,0,0,0,0,0
7.864269,0,0,0,0,0,0
7.865533,0,0,0,0,0,0
7.866894,0,0,0,0,0,0
7.868185,0,0,0,0,0,0
7.869440,0,0,0,0,0,0
7.870687,0,0,0,0,0,0
7.871937,0,0,0,0,0,0
7.873196,0,0,0,0,0,0
7.874576,0,0,0,0,0,0
7.875840,0,0,0,0,0,0
7.877179,0,0,0,0,0,0
7.878414,0,0,0,0,0,0
7.879713,0,0,0,0,0,0
7.881023,0,0,0,0,0,0
7.882253,0,0,0,0,0,0
7.883609,0,0,0,0,0,0
7.884832,0,0,0,0,0,0
7.886144,0,0,0,0,0,0
7.887387,0,0,0,0,0,0
7.888674,0,0,0,0,0,0
7.890030,0,0,0,0,0,0
7.891854,0,0,0,0,0,0
7.893088,0,0,0,0,0,0
7.894361,0,0,0,0,0,0
7.895763,0,0,0,0,0,0
7.897351,0,0,0,0,0,0
7.898685,0,0,0,0,0,0
7.900354,0,0,0,0,0,0
7.901628,0,0,0,0,0,0
7.902892,0,0,0,0,0,0
7.904188,0,0,0,0,0,0
7.905438,0,0,0,0,0,0
7.906845,0,0,0,0,0,0
7.908120,0,0,0,0,0,0
7.909366,0,0,0,0,0,0
7.910607,0,0,0,0,0,0
7.911678,0,0,0,0,0,0
7.912882,0,0,0,0,0,0
7.914036,0,0,0,0,0,0
7.915296,0,0,0,0,0,0
7.916507,0,0,0,0,0,0
7.917741,0,0,0,0,0,0
7.918991,0,0,0,0,0,0
7.920254,0,0,0,0,0,0
7.921481,0,0,0,0,0,0
7.922729,0,0,0,0,0,0
7.924024,0,0,0,0,0,0
7.925271,0,0,0,0,0,0
7.926608,0,0,0,0,0,0
7.928187,0,0,0,0,0,0
7.929455,0,0,0,0,0,0
7.931570,0,0,0,0,0,0
7.932903,0,0,0,0,0,0
7.934164,0,0,0,0,0,0
7.935418,0,0,0,0,0,0
7.936676,0,0,0,0,0,0
7.937927,0,0,0,0,0,0
7.939216,0,0,0,0,0,0
7.940468,0,0,0,0,0,0
7.941719,0,0,0,0,0,0
7.943024,0,0,0,0,0,0
7.944311,0,0,0,0,0,0
7.945726,0,0,0,0,0,0
7.946979,0,0,0,0,0,0
7.948232,0,0,0,0,0,0
7.949499,0,0,0,0,0,0
7.950790,0,0,0,0,0,0
7.952231,0,0,0,0,0,0
7.953482,0,0,0,0,0,0
7.954737,0,0,0,0,0,0
7.955990,0,0,0,0,0,0
7.957240,0,0,0,0,0,0
7.958527,0,0,0,0,0,0
7.959782,0,0,0,0,0,0
7.961035,0,0,0,0,0,0
7.962284,0,0,0,0,0,0
7.963535,0,0,0,0,0,0
7.964942,0,0,0,0,0,0
7.966593,0,0,0,0,0,0
7.967888,0,0,0,0,0,0
7.969171,0,0,0,0,0,0
7.970918,0,0,0,0,0,0
7.973435,0,0,0,0,0,0
7.974797,0,0,0,0,0,0
7.976100,0,0,0,0,0,0
7.977302,0,0,0,0,0,0
7.978497,0,0,0,0,0,0
7.979807,0,0,0,0,0,0
7.981048,0,0,0,0,0,0
7.982293,0,0,0,0,0,0
7.983531,0,0,0,0,0,0
7.984868,0,0,0,0,0,0
7.986108,0,0,0,0,0,0
7.987450,0,0,0,0,0,0
7.988676,0,0,0,0,0,0
7.989962,0,0,0,0,0,0
7.991223,0,0,0,0,0,0
7.992479,0,0,0,0,0,0
7.993732,0,0,0,0,0,0
7.994984,0,0,0,0,0,0
7.996260,0,0,0,0,0,0
7.997522,0,0,0,0,0,0
7.998943,0,0,0,0,0,0
8.000352,0,0,0,0,0,0
8.002863,0,0,0,0,0,0
8.004572,0,0,0,0,0,0
8.005782,0,0,0,0,0,0
8.007055,0,0,0,0,0,0
8.008391,0,0,0,0,0,0
8.009661,0,0,0,0,0,0
8.010920,0,0,0,0,0,0
8.012197,0,0,0,0,0,0
8.013462,0,0,0,0,0,0
8.014686,0,0,0,0,0,0
8.016024,0,0,0,0,0,0
8.017310,0,0,0,0,0,0
8.018625,0,0,0,0,0,0
8.019822,0,0,0,0,0,0
8.021009,0,0,0,0,0,0
8.022246,0,0,0,0,0,0
8.023500,0,0,0,0,0,0
8.024748,0,0,0,0,0,0
8.026008,0,0,0,0,0,0
8.027274,0,0,0,0,0,0
8.028466,0,0,0,0,0,0
8.030589,0,0,0,0,0,0
8.033058,0,0,0,0,0,0
8.034330,0,0,0,0,0,0
8.035647,0,0,0,0,0,0
8.036881,0,0,0,0,0,0
8.038107,0,0,0,0,0,0
8.039345,0,0,0,0,0,0
8.040598,0,0,0,0,0,0
8.041822,0,0,0,0,0,0
8.043049,0,0,0,0,0,0
8.044227,0,0,0,0,0,0
8.045395,0,0,0,0,0,0
8.046602,0,0,0,0,0,0
8.047874,0,0,0,0,0,0
8.049062,0,0,0,0,0,0
8.050291,0,0,0,0,0,0
8.051529,0,0,0,0,0,0
8.052813,0,0,0,0,0,0
8.054054,0,0,0,0,0,0
8.055309,0,0,0,0,0,0
8.056511,0,0,0,0,0,0
8.057713,0,0,0,0,0,0
8.058932,0,0,0,0,0,0
8.060157,0,0,0,0,0,0
8.061361,0,0,0,0,0,0
8.062582,0,0,0,0,0,0
8.063798,0,0,0,0,0,0
8.065005,0,0,0,0,0,0
8.066207,0,0,0,0,0,0
8.067370,0,0,0,0,0,0
8.068549,0,0,0,0,0,0
8.069779,0,0,0,0,0,0
8.070988,0,0,0,0,0,0
8.072164,0,0,0,0,0,0
8.073372,0,0,0,0,0,0
8.074578,0,0,0,0,0,0
8.075753,0,0,0,0,0,0
8.077001,0,0,0,0,0,0
8.078220,0,0,0,0,0,0
8.079434,0,0,0,0,0,0
8.080715,0,0,0,0,0,0
8.081949,0,0,0,0,0,0
8.083199,0,0,0,0,0,0
8.084425,0,0,0,0,0,0
8.085612,0,0,0,0,0,0
8.086876,0,0,0,0,0,0
8.088040,0,0,0,0,0,0
8.089257,0,0,0,0,0,0
8.090419,0,0,0,0,0,0
8.091631,0,0,0,0,0,0
8.092789,0,0,0,0,0,0
8.093979,0,0,0,0,0,0
8.095178,0,0,0,0,0,0
8.096327,0,0,0,0,0,0
8.097477,0,0,0,0,0,0
8.098680,0,0,0,0,0,0
8.099881,0,0,0,0,0,0
8.101082,0,0,0,0,0,0
8.102518,0,0,0,0,0,0
8.103733,0,0,0,0,0,0
8.104939,0,0,0,0,0,0
8.106096,0,0,0,0,0,0
8.107302,0,0,0,0,0,0
8.108454,0,0,0,0,0,0
8.109679,0,0,0,0,0,0
8.111036,0,0,0,0,0,0
8.112261,0,0,0,0,0,0
8.113470,0,0,0,0,0,0
8.114691,0,0,0,0,0,0
8.115880,0,0,0,0,0,0
8.117091,0,0,0,0,0,0
8.118322,0,0,0,0,0,0
8.119652,0,0,0,0,0,0
8.120951,0,0,0,0,0,0
8.122313,0,0,0,0,0,0
8.123781,0,0,0,0,0,0
8.125063,0,0,0,0,0,0
8.126322,0,0,0,0,0,0
8.127704,0,0,0,0,0,0
8.129010,0,0,0,0,0,0
8.130323,0,0,0,0,0,0
8.131745,0,0,0,0,0,0
8.133007,0,0,0,0,0,0
8.134292,0,0,0,0,0,0
8.135642,0,0,0,0,0,0
8.136972,0,0,0,0,0,0
8.138250,0,0,0,0,0,0
8.139508,0,0,0,0,0,0
8.140769,0,0,0,0,0,0
8.142054,0,0,0,0,0,0
8.143361,0,0,0,0,0,0
8.144681,0,0,0,0,0,0
8.146083,0,0,0,0,0,0
8.147344,0,0,0,0,0,0
8.148605,0,0,0,0,0,0
8.150033,0,0,0,0,0,0
8.151318,0,0,0,0,0,0
8.152646,0,0,0,0,0,0
8.153986,0,0,0,0,0,0
8.155242,0,0,0,0,0,0
8.156520,0,0,0,0,0,0
8.157807,0,0,0,0,0,0
8.159055,0,0,0,0,0,0
8.160330,0,0,0,0,0,0
8.161584,0,0,0,0,0,0
8.162835,0,0,0,0,0,0
8.164088,0,0,0,0,0,0
8.165340,0,0,0,0,0,0
8.166631,0,0,0,0,0,0
8.167942,0,0,0,0,0,0
8.169491,0,0,0,0,0,0
8.170825,0,0,0,0,0,0
8.172198,0,0,0,0,0,0
8.173597,0,0,0,0,0,0
8.175051,0,0,0,0,0,0
8.176330,0,0,0,0,0,0
8.177628,0,0,0,0,0,0
8.178883,0,0,0,0,0,0
8.180139,0,0,0,0,0,0
8.181395,0,0,0,0,0,0
8.182660,0,0,0,0,0,0
8.184000,0,0,0,0,0,0
8.185340,0,0,0,0,0,0
8.186596,0,0,0,0,0,0
8.187832,0,0,0,0,0,0
8.189078,0,0,0,0,0,0
8.190318,0,0,0,0,0,0
8.191540,0,0,0,0,0,0
8.192763,0,0,0,0,0,0
8.193987,0,0,0,0,0,0
8.195262,0,0,0,0,0,0
8.196485,0,0,0,0,0,0
8.197747,0,0,0,0,0,0
8.199005,0,0,0,0,0,0
8.200263,0,0,0,0,0,0
8.201541,0,0,0,0,0,0
8.202799,0,0,0,0,0,0
8.204189,0,0,0,0,0,0
8.205444,0,0,0,0,0,0
8.206713,0,0,0,0,0,0
8.207970,0,0,0,0,0,0
8.209231,0,0,0,0,0,0
8.210487,0,0,0,0,0,0
8.211762,0,0,0,0,0,0
8.213081,0,0,0,0,0,0
8.214343,0,0,0,0,0,0
8.215730,0,0,0,0,0,0
8.217117,0,0,0,0,0,0
8.218373,0,0,0,0,0,0
8.219628,0,0,0,0,0,0
8.221090,0,0,0,0,0,0
8.222436,0,0,0,0,0,0
8.223731,0,0,0,0,0,0
8.224988,0,0,0,0,0,0
8.226254,0,0,0,0,0,0
8.227509,0,0,0,0,0,0
8.228762,0,0,0,0,0,0
8.230051,0,0,0,0,0,0
8.231302,0,0,0,0,0,0
8.232562,0,0,0,0,0,0
8.233818,0,0,0,0,0,0
8.235078,0,0,0,0,0,0
8.236452,0,0,0,0,0,0
8.238789,0,0,0,0,0,0
8.241633,0,0,0,0,0,0
8.243380,0,0,0,0,0,0
8.244850,0,0,0,0,0,0
8.246199,0,0,0,0,0,0
8.247487,0,0,0,0,0,0
8.248748,0,0,0,0,0,0
8.249940,0,0,0,0,0,0
8.251132,0,0,0,0,0,0
8.252391,0,0,0,0,0,0
8.253600,0,0,0,0,0,0
8.254885,0,0,0,0,0,0
8.256127,0,0,0,0,0,0
8.257360,0,0,0,0,0,0
8.258707,0,0,0,0,0,0
8.259975,0,0,0,0,0,0
8.261200,0,0,0,0,0,0
8.262489,0,0,0,0,0,0
8.263858,0,0,0,0,0,0
8.265186,0,0,0,0,0,0
8.266470,0,0,0,0,0,0
8.267745,0,0,0,0,0,0
8.268981,0,0,0,0,0,0
8.270203,0,0,0,0,0,0
8.271414,0,0,0,0,0,0
8.272627,0,0,0,0,0,0
8.273846,0,0,0,0,0,0
8.275009,0,0,0,0,0,0
8.276169,0,0,0,0,0,0
8.277329,0,0,0,0,0,0
8.278561,0,0,0,0,0,0
8.279811,0,0,0,0,0,0
8.281049,0,0,0,0,0,0
8.282284,0,0,0,0,0,0
8.283523,0,0,0,0,0,0
8.284890,0,0,0,0,0,0
8.286223,0,0,0,0,0,0
8.287479,0,0,0,0,0,0
8.288791,0,0,0,0,0,0
8.290348,0,0,0,0,0,0
8.291778,0,0,0,0,0,0
8.293027,0,0,0,0,0,0
8.294278,0,0,0,0,0,0
8.295763,0,0,0,0,0,0
8.297020,0,0,0,0,0,0
8.298274,0,0,0,0,0,0
8.299529,0,0,0,0,0,0
8.300782,0,0,0,0,0,0
8.302070,0,0,0,0,0,0
8.303492,0,0,0,0,0,0
8.304852,0,0,0,0,0,0
8.306234,0,0,0,0,0,0
8.309372,0,0,0,0,0,0
8.310717,0,0,0,0,0,0
8.312095,0,0,0,0,0,0
8.313344,0,0,0,0,0,0
8.314555,0,0,0,0,0,0
8.315762,0,0,0,0,0,0
8.317147,0,0,0,0,0,0
8.318421,0,0,0,0,0,0
8.319681,0,0,0,0,0,0
8.320918,0,0,0,0,0,0
8.322220,0,0,0,0,0,0
8.323534,0,0,0,0,0,0
8.324842,0,0,0,0,0,0
8.326125,0,0,0,0,0,0
8.327350,0,0,0,0,0,0
8.328574,0,0,0,0,0,0
8.329797,0,0,0,0,0,0
8.331023,0,0,0,0,0,0
8.332246,0,0,0,0,0,0
8.333481,0,0,0,0,0,0
8.334720,0,0,0,0,0,0
8.335980,0,0,0,0,0,0
8.337241,0,0,0,0,0,0
8.338540,0,0,0,0,0,0
8.339947,0,0,0,0,0,0
8.341294,0,0,0,0,0,0
8.342671,0,0,0,0,0,0
8.343802,0,0,0,0,0,0
8.345072,0,0,0,0,0,0
8.346444,0,0,0,0,0,0
8.347808,0,0,0,0,0,0
8.349200,0,0,0,0,0,0
8.350588,0,0,0,0,0,0
8.351859,0,0,0,0,0,0
8.353116,0,0,0,0,0,0
8.354370,0,0,0,0,0,0
8.355683,0,0,0,0,0,0
8.356941,0,0,0,0,0,0
8.358199,0,0,0,0,0,0
8.359484,0,0,0,0,0,0
8.360785,0,0,0,0,0,0
8.362038,0,0,0,0,0,0
8.363292,0,0,0,0,0,0
8.364637,0,0,0,0,0,0
8.365926,0,0,0,0,0,0
8.367181,0,0,0,0,0,0
8.368434,0,0,0,0,0,0
8.369817,0,0,0,0,0,0
8.371108,0,0,0,0,0,0
8.372366,0,0,0,0,0,0
8.373619,0,0,0,0,0,0
8.375006,0,0,0,0,0,0
8.376543,0,0,0,0,0,0
8.378305,0,0,0,0,0,0
8.379673,0,0,0,0,0,0
8.380971,0,0,0,0,0,0
8.383933,0,0,0,0,0,0
8.385164,0,0,0,0,0,0
8.386380,0,0,0,0,0,0
8.387755,0,0,0,0,0,0
8.389080,0,0,0,0,0,0
8.390329,0,0,0,0,0,0
8.391564,0,0,0,0,0,0
8.392802,0,0,0,0,0,0
8.394046,0,0,0,0,0,0
8.395287,0,0,0,0,0,0
8.396524,0,0,0,0,0,0
8.397791,0,0,0,0,0,0
8.399026,0,0,0,0,0,0
8.400263,0,0,0,0,0,0
8.401498,0,0,0,0,0,0
8.402800,0,0,0,0,0,0
8.404060,0,0,0,0,0,0
8.405300,0,0,0,0,0,0
8.406612,0,0,0,0,0,0
8.407867,0,0,0,0,0,0
8.409122,0,0,0,0,0,0
8.410383,0,0,0,0,0,0
8.411692,0,0,0,0,0,0
8.412947,0,0,0,0,0,0
8.414247,0,0,0,0,0,0
8.415501,0,0,0,0,0,0
8.416765,0,0,0,0,0,0
8.418057,0,0,0,0,0,0
8.419322,0,0,0,0,0,0
8.420574,0,0,0,0,0,0
8.421825,0,0,0,0,0,0
8.423077,0,0,0,0,0,0
8.424591,0,0,0,0,0,0
8.425847,0,0,0,0,0,0
8.427108,0,0,0,0,0,0
8.428398,0,0,0,0,0,0
8.429761,0,0,0,0,0,0
8.431015,0,0,0,0,0,0
8.432267,0,0,0,0,0,0
8.433519,0,0,0,0,0,0
8.434772,0,0,0,0,0,0
8.436067,0,0,0,0,0,0
8.437319,0,0,0,0,0,0
8.438708,0,0,0,0,0,0
8.440125,0,0,0,0,0,0
8.441411,0,0,0,0,0,0
8.442802,0,0,0,0,0,0
8.444101,0,0,0,0,0,0
8.445514,0,0,0,0,0,0
8.446965,0,0,0,0,0,0
8.448401,0,0,0,0,0,0
8.449917,0,0,0,0,0,0
8.451459,0,0,0,0,0,0
8.453067,0,0,0,0,0,0
8.454529,0,0,0,0,0,0
8.455776,0,0,0,0,0,0
8.457042,0,0,0,0,0,0
8.458291,0,0,0,0,0,0
8.459486,0,0,0,0,0,0
8.460720,0,0,0,0,0,0
8.461956,0,0,0,0,0,0
8.463209,0,0,0,0,0,0
8.464535,0,0,0,0,0,0
8.465813,0,0,0,0,0,0
8.467091,0,0,0,0,0,0
8.468420,0,0,0,0,0,0
8.469688,0,0,0,0,0,0
8.470949,0,0,0,0,0,0
8.472275,0,0,0,0,0,0
8.473536,0,0,0,0,0,0
8.474798,0,0,0,0,0,0
8.476055,0,0,0,0,0,0
8.477363,0,0,0,0,0,0
8.478718,0,0,0,0,0,0
8.480085,0,0,0,0,0,0
8.481499,0,0,0,0,0,0
8.482767,0,0,0,0,0,0
8.484107,0,0,0,0,0,0
8.485411,0,0,0,0,0,0
8.486775,0,0,0,0,0,0
8.488169,0,0,0,0,0,0
8.489425,0,0,0,0,0,0
8.490894,0,0,0,0,0,0
8.492150,0,0,0,0,0,0
8.493437,0,0,0,0,0,0
8.494736,0,0,0,0,0,0
8.495995,0,0,0,0,0,0
8.497251,0,0,0,0,0,0
8.498561,0,0,0,0,0,0
8.499769,0,0,0,0,0,0
8.501022,0,0,0,0,0,0
8.502308,0,0,0,0,0,0
8.503564,0,0,0,0,0,0
8.504816,0,0,0,0,0,0
8.506067,0,0,0,0,0,0
8.507321,0,0,0,0,0,0
8.508568,0,0,0,0,0,0
8.509849,0,0,0,0,0,0
8.511098,0,0,0,0,0,0
8.515003,0,0,0,0,0,0
8.516370,0,0,0,0,0,0
8.517715,0,0,0,0,0,0
8.519027,0,0,0,0,0,0
8.520294,0,0,0,0,0,0
8.521553,0,0,0,0,0,0
8.522809,0,0,0,0,0,0
8.524066,0,0,0,0,0,0
8.525317,0,0,0,0,0,0
8.526566,0,0,0,0,0,0
8.527828,0,0,0,0,0,0
8.529067,0,0,0,0,0,0
8.530429,0,0,0,0,0,0
8.531677,0,0,0,0,0,0
8.532914,0,0,0,0,0,0
8.534149,0,0,0,0,0,0
8.535384,0,0,0,0,0,0
8.536621,0,0,0,0,0,0
8.537855,0,0,0,0,0,0
8.539088,0,0,0,0,0,0
8.540328,0,0,0,0,0,0
8.541566,0,0,0,0,0,0
8.542851,0,0,0,0,0,0
8.544104,0,0,0,0,0,0
8.545357,0,0,0,0,0,0
8.546790,0,0,0,0,0,0
8.548050,0,0,0,0,0,0
8.549369,0,0,0,0,0,0
8.550653,0,0,0,0,0,0
8.551788,0,0,0,0,0,0
8.553137,0,0,0,0,0,0
8.554392,0,0,0,0,0,0
8.555694,0,0,0,0,0,0
8.556951,0,0,0,0,0,0
8.558204,0,0,0,0,0,0
8.559582,0,0,0,0,0,0
8.560843,0,0,0,0,0,0
8.562097,0,0,0,0,0,0
8.563351,0,0,0,0,0,0
8.564750,0,0,0,0,0,0
8.566044,0,0,0,0,0,0
8.567297,0,0,0,0,0,0
8.568548,0,0,0,0,0,0
8.569799,0,0,0,0,0,0
8.571053,0,0,0,0,0,0
8.572310,0,0,0,0,0,0
8.573568,0,0,0,0,0,0
8.574852,0,0,0,0,0,0
8.576101,0,0,0,0,0,0
8.577348,0,0,0,0,0,0
8.578630,0,0,0,0,0,0
8.580177,0,0,0,0,0,0
8.581924,0,0,0,0,0,0
8.583204,0,0,0,0,0,0
8.584518,0,0,0,0,0,0
8.586083,0,0,0,0,0,0
8.587376,0,0,0,0,0,0
8.588694,0,0,0,0,0,0
8.590001,0,0,0,0,0,0
8.591263,0,0,0,0,0,0
8.592501,0,0,0,0,0,0
8.593695,0,0,0,0,0,0
8.595089,0,0,0,0,0,0
8.596324,0,0,0,0,0,0
8.597557,0,0,0,0,0,0
8.598839,0,0,0,0,0,0
8.600135,0,0,0,0,0,0
8.601363,0,0,0,0,0,0
8.602654,0,0,0,0,0,0
8.603861,0,0,0,0,0,0
8.605092,0,0,0,0,0,0
8.606334,0,0,0,0,0,0
8.607644,0,0,0,0,0,0
8.608899,0,0,0,0,0,0
8.610180,0,0,0,0,0,0
8.611534,0,0,0,0,0,0
8.612916,0,0,0,0,0,0
8.614485,0,0,0,0,0,0
8.615949,0,0,0,0,0,0
8.617256,0,0,0,0,0,0
8.618521,0,0,0,0,0,0
8.619811,0,0,0,0,0,0
8.621115,0,0,0,0,0,0
8.622486,0,0,0,0,0,0
8.623932,0,0,0,0,0,0
8.625338,0,0,0,0,0,0
8.626596,0,0,0,0,0,0
8.627851,0,0,0,0,0,0
8.629104,0,0,0,0,0,0
8.630401,0,0,0,0,0,0
8.631664,0,0,0,0,0,0
8.632923,0,0,0,0,0,0
8.634178,0,0,0,0,0,0
8.635431,0,0,0,0,0,0
8.636682,0,0,0,0,0,0
8.637967,0,0,0,0,0,0
8.639220,0,0,0,0,0,0
8.640471,0,0,0,0,0,0
8.641720,0,0,0,0,0,0
8.642977,0,0,0,0,0,0
8.644360,0,0,0,0,0,0
8.645690,0,0,0,0,0,0
8.646951,0,0,0,0,0,0
8.648374,0,0,0,0,0,0
8.649835,0,0,0,0,0,0
8.651495,0,0,0,0,0,0
8.652856,0,0,0,0,0,0
8.654227,0,0,0,0,0,0
8.655500,0,0,0,0,0,0
8.656756,0,0,0,0,0,0
8.658055,0,0,0,0,0,0
8.659314,0,0,0,0,0,0
8.660575,0,0,0,0,0,0
8.661880,0,0,0,0,0,0
8.663115,0,0,0,0,0,0
8.664441,0,0,0,0,0,0
8.665682,0,0,0,0,0,0
8.667083,0,0,0,0,0,0
8.668319,0,0,0,0,0,0
8.669556,0,0,0,0,0,0
8.670860,0,0,0,0,0,0
8.672262,0,0,0,0,0,0
8.673498,0,0,0,0,0,0
8.674733,0,0,0,0,0,0
8.675968,0,0,0,0,0,0
8.677202,0,0,0,0,0,0
8.678446,0,0,0,0,0,0
8.679704,0,0,0,0,0,0
8.680957,0,0,0,0,0,0
8.682210,0,0,0,0,0,0
8.683551,0,0,0,0,0,0
8.684835,0,0,0,0,0,0
8.686282,0,0,0,0,0,0
8.687535,0,0,0,0,0,0
8.688887,0,0,0,0,0,0
8.690164,0,0,0,0,0,0
8.691419,0,0,0,0,0,0
8.692679,0,0,0,0,0,0
8.693934,0,0,0,0,0,0
8.695188,0,0,0,0,0,0
8.696488,0,0,0,0,0,0
8.697796,0,0,0,0,0,0
8.699056,0,0,0,0,0,0
8.700305,0,0,0,0,0,0
8.701555,0,0,0,0,0,0
8.703024,0,0,0,0,0,0
8.704279,0,0,0,0,0,0
8.705530,0,0,0,0,0,0
8.706785,0,0,0,0,0,0
8.708036,0,0,0,0,0,0
8.709287,0,0,0,0,0,0
8.710597,0,0,0,0,0,0
8.711849,0,0,0,0,0,0
8.713101,0,0,0,0,0,0
8.714352,0,0,0,0,0,0
8.715655,0,0,0,0,0,0
8.716906,0,0,0,0,0,0
8.720745,0,0,0,0,0,0
8.722234,0,0,0,0,0,0
8.723676,0,0,0,0,0,0
8.726869,0,0,0,0,0,0
8.728142,0,0,0,0,0,0
8.729415,0,0,0,0,0,0
8.730664,0,0,0,0,0,0
8.731854,0,0,0,0,0,0
8.733099,0,0,0,0,0,0
8.734331,0,0,0,0,0,0
8.735573,0,0,0,0,0,0
8.736820,0,0,0,0,0,0
8.738021,0,0,0,0,0,0
8.739199,0,0,0,0,0,0
8.740375,0,0,0,0,0,0
8.741550,0,0,0,0,0,0
8.742810,0,0,0,0,0,0
8.744069,0,0,0,0,0,0
8.745323,0,0,0,0,0,0
8.746664,0,0,0,0,0,0
8.747960,0,0,0,0,0,0
8.749338,0,0,0,0,0,0
8.750724,0,0,0,0,0,0
8.752012,0,0,0,0,0,0
8.753272,0,0,0,0,0,0
8.754661,0,0,0,0,0,0
8.755963,0,0,0,0,0,0
8.757222,0,0,0,0,0,0
8.758614,0,0,0,0,0,0
8.760044,0,0,0,0,0,0
8.761471,0,0,0,0,0,0
8.762794,0,0,0,0,0,0
8.764203,0,0,0,0,0,0
8.765639,0,0,0,0,0,0
8.766912,0,0,0,0,0,0
8.768175,0,0,0,0,0,0
8.769430,0,0,0,0,0,0
8.770799,0,0,0,0,0,0
8.772057,0,0,0,0,0,0
8.773310,0,0,0,0,0,0
8.774602,0,0,0,0,0,0
8.775854,0,0,0,0,0,0
8.777106,0,0,0,0,0,0
8.778358,0,0,0,0,0,0
8.779662,0,0,0,0,0,0
8.781045,0,0,0,0,0,0
8.782375,0,0,0,0,0,0
8.783638,0,0,0,0,0,0
8.784891,0,0,0,0,0,0
8.786323,0,0,0,0,0,0
8.787930,0,0,0,0,0,0
8.789744,0,0,0,0,0,0
8.791166,0,0,0,0,0,0
8.792422,0,0,0,0,0,0
8.793731,0,0,0,0,0,0
8.795044,0,0,0,0,0,0
8.796394,0,0,0,0,0,0
8.797713,0,0,0,0,0,0
8.798965,0,0,0,0,0,0
8.800207,0,0,0,0,0,0
8.801442,0,0,0,0,0,0
8.802750,0,0,0,0,0,0
8.803994,0,0,0,0,0,0
8.805341,0,0,0,0,0,0
8.806586,0,0,0,0,0,0
8.807811,0,0,0,0,0,0
8.809035,0,0,0,0,0,0
8.810258,0,0,0,0,0,0
8.811490,0,0,0,0,0,0
8.812714,0,0,0,0,0,0
8.814048,0,0,0,0,0,0
8.815303,0,0,0,0,0,0
8.816715,0,0,0,0,0,0
8.818115,0,0,0,0,0,0
8.819375,0,0,0,0,0,0
8.820635,0,0,0,0,0,0
8.821895,0,0,0,0,0,0
8.823283,0,0,0,0,0,0
8.824588,0,0,0,0,0,0
8.825847,0,0,0,0,0,0
8.827244,0,0,0,0,0,0
8.828545,0,0,0,0,0,0
8.829940,0,0,0,0,0,0
8.831512,0,0,0,0,0,0
8.833181,0,0,0,0,0,0
8.834779,0,0,0,0,0,0
8.836204,0,0,0,0,0,0
8.837467,0,0,0,0,0,0
8.838719,0,0,0,0,0,0
8.840106,0,0,0,0,0,0
8.841526,0,0,0,0,0,0
8.842786,0,0,0,0,0,0
8.844035,0,0,0,0,0,0
8.845282,0,0,0,0,0,0
8.846629,0,0,0,0,0,0
8.847925,0,0,0,0,0,0
8.849173,0,0,0,0,0,0
8.850732,0,0,0,0,0,0
8.852160,0,0,0,0,0,0
8.853443,0,0,0,0,0,0
8.854861,0,0,0,0,0,0
8.856264,0,0,0,0,0,0
8.858096,0,0,0,0,0,0
8.859452,0,0,0,0,0,0
8.860799,0,0,0,0,0,0
8.862731,0,0,0,0,0,0
8.863952,0,0,0,0,0,0
8.865190,0,0,0,0,0,0
8.866427,0,0,0,0,0,0
8.867788,0,0,0,0,0,0
8.869085,0,0,0,0,0,0
8.870318,0,0,0,0,0,0
8.871542,0,0,0,0,0,0
8.872765,0,0,0,0,0,0
8.874026,0,0,0,0,0,0
8.875283,0,0,0,0,0,0
8.876507,0,0,0,0,0,0
8.877770,0,0,0,0,0,0
8.879025,0,0,0,0,0,0
8.880278,0,0,0,0,0,0
8.881538,0,0,0,0,0,0
8.882837,0,0,0,0,0,0
8.884100,0,0,0,0,0,0
8.885449,0,0,0,0,0,0
8.886712,0,0,0,0,0,0
8.888109,0,0,0,0,0,0
8.889369,0,0,0,0,0,0
8.890629,0,0,0,0,0,0
8.892022,0,0,0,0,0,0
8.893321,0,0,0,0,0,0
8.894720,0,0,0,0,0,0
8.895979,0,0,0,0,0,0
8.897369,0,0,0,0,0,0
8.898674,0,0,0,0,0,0
8.899937,0,0,0,0,0,0
8.901192,0,0,0,0,0,0
8.902550,0,0,0,0,0,0
8.903803,0,0,0,0,0,0
8.905055,0,0,0,0,0,0
8.906304,0,0,0,0,0,0
8.907750,0,0,0,0,0,0
8.909177,0,0,0,0,0,0
8.910473,0,0,0,0,0,0
8.911711,0,0,0,0,0,0
8.912970,0,0,0,0,0,0
8.914224,0,0,0,0,0,0
8.915479,0,0,0,0,0,0
8.916730,0,0,0,0,0,0
8.918017,0,0,0,0,0,0
8.919270,0,0,0,0,0,0
8.920522,0,0,0,0,0,0
8.921773,0,0,0,0,0,0
8.923320,0,0,0,0,0,0
8.924722,0,0,0,0,0,0
8.926382,0,0,0,0,0,0
8.927697,0,0,0,0,0,0
8.928938,0,0,0,0,0,0
8.930146,0,0,0,0,0,0
8.931537,0,0,0,0,0,0
8.932855,0,0,0,0,0,0
8.934132,0,0,0,0,0,0
8.935374,0,0,0,0,0,0
8.936761,0,0,0,0,0,0
8.937999,0,0,0,0,0,0
8.939251,0,0,0,0,0,0
8.940586,0,0,0,0,0,0
8.941874,0,0,0,0,0,0
8.943115,0,0,0,0,0,0
8.944344,0,0,0,0,0,0
8.945573,0,0,0,0,0,0
8.946875,0,0,0,0,0,0
8.948127,0,0,0,0,0,0
8.949352,0,0,0,0,0,0
8.950749,0,0,0,0,0,0
8.952118,0,0,0,0,0,0
8.953565,0,0,0,0,0,0
8.954861,0,0,0,0,0,0
8.956194,0,0,0,0,0,0
8.957456,0,0,0,0,0,0
8.958717,0,0,0,0,0,0
8.959976,0,0,0,0,0,0
8.961234,0,0,0,0,0,0
8.962490,0,0,0,0,0,0
8.963913,0,0,0,0,0,0
8.965245,0,0,0,0,0,0
8.966707,0,0,0,0,0,0
8.968046,0,0,0,0,0,0
8.969307,0,0,0,0,0,0
8.970678,0,0,0,0,0,0
8.971938,0,0,0,0,0,0
8.973195,0,0,0,0,0,0
8.974450,0,0,0,0,0,0
8.975805,0,0,0,0,0,0
8.977063,0,0,0,0,0,0
8.978319,0,0,0,0,0,0
8.979572,0,0,0,0,0,0
8.980824,0,0,0,0,0,0
8.982112,0,0,0,0,0,0
8.983367,0,0,0,0,0,0
8.984619,0,0,0,0,0,0
8.985869,0,0,0,0,0,0
8.987122,0,0,0,0,0,0
8.988372,0,0,0,0,0,0
8.989623,0,0,0,0,0,0
8.993541,0,0,0,0,0,0
8.994855,0,0,0,0,0,0
8.996210,0,0,0,0,0,0
8.997462,0,0,0,0,0,0
8.998738,0,0,0,0,0,0
9.000009,0,0,0,0,0,0
9.001245,0,0,0,0,0,0
9.002439,0,0,0,0,0,0
9.003687,0,0,0,0,0,0
9.004920,0,0,0,0,0,0
9.006108,0,0,0,0,0,0
9.007330,0,0,0,0,0,0
9.008585,0,0,0,0,0,0
9.009813,0,0,0,0,0,0
9.011071,0,0,0,0,0,0
9.012341,0,0,0,0,0,0
9.013571,0,0,0,0,0,0
9.014822,0,0,0,0,0,0
9.016078,0,0,0,0,0,0
9.017331,0,0,0,0,0,0
9.018590,0,0,0,0,0,0
9.019841,0,0,0,0,0,0
9.021092,0,0,0,0,0,0
9.022350,0,0,0,0,0,0
9.023772,0,0,0,0,0,0
9.025024,0,0,0,0,0,0
9.026384,0,0,0,0,0,0
9.027720,0,0,0,0,0,0
9.028974,0,0,0,0,0,0
9.030376,0,0,0,0,0,0
9.031780,0,0,0,0,0,0
9.033034,0,0,0,0,0,0
9.034288,0,0,0,0,0,0
9.035543,0,0,0,0,0,0
9.036795,0,0,0,0,0,0
9.038084,0,0,0,0,0,0
9.039413,0,0,0,0,0,0
9.040668,0,0,0,0,0,0
9.042329,0,0,0,0,0,0
9.043696,0,0,0,0,0,0
9.044952,0,0,0,0,0,0
9.046244,0,0,0,0,0,0
9.047502,0,0,0,0,0,0
9.048756,0,0,0,0,0,0
9.050008,0,0,0,0,0,0
9.051260,0,0,0,0,0,0
9.052511,0,0,0,0,0,0
9.053796,0,0,0,0,0,0
9.055048,0,0,0,0,0,0
9.056297,0,0,0,0,0,0
9.057548,0,0,0,0,0,0
9.058830,0,0,0,0,0,0
9.061887,0,0,0,0,0,0
9.063187,0,0,0,0,0,0
9.064434,0,0,0,0,0,0
9.065692,0,0,0,0,0,0
9.066947,0,0,0,0,0,0
9.068201,0,0,0,0,0,0
9.069454,0,0,0,0,0,0
9.070704,0,0,0,0,0,0
9.071936,0,0,0,0,0,0
9.073205,0,0,0,0,0,0
9.074447,0,0,0,0,0,0
9.075689,0,0,0,0,0,0
9.076938,0,0,0,0,0,0
9.078171,0,0,0,0,0,0
9.079421,0,0,0,0,0,0
9.080666,0,0,0,0,0,0
9.081897,0,0,0,0,0,0
9.083120,0,0,0,0,0,0
9.084476,0,0,0,0,0,0
9.085747,0,0,0,0,0,0
9.087128,0,0,0,0,0,0
9.088389,0,0,0,0,0,0
9.089651,0,0,0,0,0,0
9.090923,0,0,0,0,0,0
9.092271,0,0,0,0,0,0
9.093588,0,0,0,0,0,0
9.094901,0,0,0,0,0,0
9.096243,0,0,0,0,0,0
9.097504,0,0,0,0,0,0
9.098841,0,0,0,0,0,0
9.100166,0,0,0,0,0,0
9.101564,0,0,0,0,0,0
9.102840,0,0,0,0,0,0
9.104102,0,0,0,0,0,0
9.105363,0,0,0,0,0,0
9.106750,0,0,0,0,0,0
9.108100,0,0,0,0,0,0
9.109362,0,0,0,0,0,0
9.110624,0,0,0,0,0,0
9.111920,0,0,0,0,0,0
9.113219,0,0,0,0,0,0
9.114472,0,0,0,0,0,0
9.115725,0,0,0,0,0,0
9.116973,0,0,0,0,0,0
9.118257,0,0,0,0,0,0
9.119509,0,0,0,0,0,0
9.120761,0,0,0,0,0,0
9.122012,0,0,0,0,0,0
9.123266,0,0,0,0,0,0
9.124517,0,0,0,0,0,0
9.125804,0,0,0,0,0,0
9.127058,0,0,0,0,0,0
9.128524,0,0,0,0,0,0
9.130438,0,0,0,0,0,0
9.131982,0,0,0,0,0,0
9.133384,0,0,0,0,0,0
9.134799,0,0,0,0,0,0
9.136133,0,0,0,0,0,0
9.137388,0,0,0,0,0,0
9.138645,0,0,0,0,0,0
9.139895,0,0,0,0,0,0
9.141192,0,0,0,0,0,0
9.142436,0,0,0,0,0,0
9.143652,0,0,0,0,0,0
9.144894,0,0,0,0,0,0
9.146132,0,0,0,0,0,0
9.147490,0,0,0,0,0,0
9.148729,0,0,0,0,0,0
9.149996,0,0,0,0,0,0
9.151232,0,0,0,0,0,0
9.152467,0,0,0,0,0,0
9.153702,0,0,0,0,0,0
9.154939,0,0,0,0,0,0
9.156202,0,0,0,0,0,0
9.157439,0,0,0,0,0,0
9.158853,0,0,0,0,0,0
9.160246,0,0,0,0,0,0
9.161507,0,0,0,0,0,0
9.162770,0,0,0,0,0,0
9.164035,0,0,0,0,0,0
9.165292,0,0,0,0,0,0
9.166550,0,0,0,0,0,0
9.167806,0,0,0,0,0,0
9.169073,0,0,0,0,0,0
9.170329,0,0,0,0,0,0
9.171777,0,0,0,0,0,0
9.173131,0,0,0,0,0,0
9.174395,0,0,0,0,0,0
9.175657,0,0,0,0,0,0
9.176948,0,0,0,0,0,0
9.178249,0,0,0,0,0,0
9.179506,0,0,0,0,0,0
9.180767,0,0,0,0,0,0
9.182025,0,0,0,0,0,0
9.183562,0,0,0,0,0,0
9.184866,0,0,0,0,0,0
9.186145,0,0,0,0,0,0
9.187435,0,0,0,0,0,0
9.188687,0,0,0,0,0,0
9.189973,0,0,0,0,0,0
9.191226,0,0,0,0,0,0
9.192477,0,0,0,0,0,0
9.193727,0,0,0,0,0,0
9.194980,0,0,0,0,0,0
9.196230,0,0,0,0,0,0
9.197485,0,0,0,0,0,0
9.198929,0,0,0,0,0,0
9.200326,0,0,0,0,0,0
9.201665,0,0,0,0,0,0
9.202978,0,0,0,0,0,0
9.204353,0,0,0,0,0,0
9.205802,0,0,0,0,0,0
9.207004,0,0,0,0,0,0
9.208352,0,0,0,0,0,0
9.209589,0,0,0,0,0,0
9.210778,0,0,0,0,0,0
9.212006,0,0,0,0,0,0
9.213200,0,0,0,0,0,0
9.214384,0,0,0,0,0,0
9.215477,0,0,0,0,0,0
9.216687,0,0,0,0,0,0
9.217919,0,0,0,0,0,0
9.219146,0,0,0,0,0,0
9.220371,0,0,0,0,0,0
9.221595,0,0,0,0,0,0
9.222873,0,0,0,0,0,0
9.224135,0,0,0,0,0,0
9.225411,0,0,0,0,0,0
9.226730,0,0,0,0,0,0
9.228033,0,0,0,0,0,0
9.229424,0,0,0,0,0,0
9.230687,0,0,0,0,0,0
9.231946,0,0,0,0,0,0
9.233242,0,0,0,0,0,0
9.234655,0,0,0,0,0,0
9.236064,0,0,0,0,0,0
9.237325,0,0,0,0,0,0
9.238625,0,0,0,0,0,0
9.239883,0,0,0,0,0,0
9.241190,0,0,0,0,0,0
9.242443,0,0,0,0,0,0
9.243905,0,0,0,0,0,0
9.245159,0,0,0,0,0,0
9.246412,0,0,0,0,0,0
9.247666,0,0,0,0,0,0
9.249078,0,0,0,0,0,0
9.250332,0,0,0,0,0,0
9.251631,0,0,0,0,0,0
9.252882,0,0,0,0,0,0
9.254167,0,0,0,0,0,0
9.255421,0,0,0,0,0,0
9.256672,0,0,0,0,0,0
9.257897,0,0,0,0,0,0
9.259149,0,0,0,0,0,0
9.260398,0,0,0,0,0,0
9.261681,0,0,0,0,0,0
9.263186,0,0,0,0,0,0
9.264747,0,0,0,0,0,0
9.266002,0,0,0,0,0,0
9.267395,0,0,0,0,0,0
9.269277,0,0,0,0,0,0
9.270678,0,0,0,0,0,0
9.272075,0,0,0,0,0,0
9.273408,0,0,0,0,0,0
9.274667,0,0,0,0,0,0
9.275967,0,0,0,0,0,0
9.277224,0,0,0,0,0,0
9.278474,0,0,0,0,0,0
9.279801,0,0,0,0,0,0
9.281043,0,0,0,0,0,0
9.282277,0,0,0,0,0,0
9.283517,0,0,0,0,0,0
9.284865,0,0,0,0,0,0
9.286295,0,0,0,0,0,0
9.287537,0,0,0,0,0,0
9.288903,0,0,0,0,0,0
9.290177,0,0,0,0,0,0
9.291536,0,0,0,0,0,0
9.292782,0,0,0,0,0,0
9.294029,0,0,0,0,0,0
9.295318,0,0,0,0,0,0
9.296558,0,0,0,0,0,0
9.297831,0,0,0,0,0,0
9.299173,0,0,0,0,0,0
9.300433,0,0,0,0,0,0
9.301830,0,0,0,0,0,0
9.303131,0,0,0,0,0,0
9.304480,0,0,0,0,0,0
9.305740,0,0,0,0,0,0
9.306999,0,0,0,0,0,0
9.308257,0,0,0,0,0,0
9.309546,0,0,0,0,0,0
9.310946,0,0,0,0,0,0
9.312352,0,0,0,0,0,0
9.313706,0,0,0,0,0,0
9.314982,0,0,0,0,0,0
9.316350,0,0,0,0,0,0
9.317683,0,0,0,0,0,0
9.318939,0,0,0,0,0,0
9.320187,0,0,0,0,0,0
9.321435,0,0,0,0,0,0
9.322826,0,0,0,0,0,0
9.324075,0,0,0,0,0,0
9.325495,0,0,0,0,0,0
9.326745,0,0,0,0,0,0
9.327998,0,0,0,0,0,0
9.329250,0,0,0,0,0,0
9.330550,0,0,0,0,0,0
9.331897,0,0,0,0,0,0
9.333344,0,0,0,0,0,0
9.335063,0,0,0,0,0,0
9.336461,0,0,0,0,0,0
9.338004,0,0,0,0,0,0
9.339306,0,0,0,0,0,0
9.340641,0,0,0,0,0,0
9.341915,0,0,0,0,0,0
9.343158,0,0,0,0,0,0
9.344394,0,0,0,0,0,0
9.345689,0,0,0,0,0,0
9.346923,0,0,0,0,0,0
9.348168,0,0,0,0,0,0
9.349421,0,0,0,0,0,0
9.350659,0,0,0,0,0,0
9.351966,0,0,0,0,0,0
9.353192,0,0,0,0,0,0
9.354417,0,0,0,0,0,0
9.355642,0,0,0,0,0,0
9.356865,0,0,0,0,0,0
9.358101,0,0,0,0,0,0
9.359385,0,0,0,0,0,0
9.360639,0,0,0,0,0,0
9.361952,0,0,0,0,0,0
9.363351,0,0,0,0,0,0
9.364612,0,0,0,0,0,0
9.365909,0,0,0,0,0,0
9.367169,0,0,0,0,0,0
9.368488,0,0,0,0,0,0
9.369781,0,0,0,0,0,0
9.371037,0,0,0,0,0,0
9.372296,0,0,0,0,0,0
9.373703,0,0,0,0,0,0
9.375150,0,0,0,0,0,0
9.376452,0,0,0,0,0,0
9.377750,0,0,0,0,0,0
9.379028,0,0,0,0,0,0
9.380550,0,0,0,0,0,0
9.381825,0,0,0,0,0,0
9.383083,0,0,0,0,0,0
9.384435,0,0,0,0,0,0
9.385689,0,0,0,0,0,0
9.386942,0,0,0,0,0,0
9.388193,0,0,0,0,0,0
9.389445,0,0,0,0,0,0
9.390700,0,0,0,0,0,0
9.391952,0,0,0,0,0,0
9.393204,0,0,0,0,0,0
9.394454,0,0,0,0,0,0
9.395708,0,0,0,0,0,0
9.396959,0,0,0,0,0,0
9.398244,0,0,0,0,0,0
9.399497,0,0,0,0,0,0
9.402817,0,0,0,0,0,0
9.404198,0,0,0,0,0,0
9.405507,0,0,0,0,0,0
9.406827,0,0,0,0,0,0
9.408087,0,0,0,0,0,0
9.409391,0,0,0,0,0,0
9.410655,0,0,0,0,0,0
9.411927,0,0,0,0,0,0
9.413182,0,0,0,0,0,0
9.414431,0,0,0,0,0,0
9.415675,0,0,0,0,0,0
9.416910,0,0,0,0,0,0
9.418152,0,0,0,0,0,0
9.419387,0,0,0,0,0,0
9.420631,0,0,0,0,0,0
9.421966,0,0,0,0,0,0
9.423206,0,0,0,0,0,0
9.424446,0,0,0,0,0,0
9.425684,0,0,0,0,0,0
9.427051,0,0,0,0,0,0
9.428290,0,0,0,0,0,0
9.429628,0,0,0,0,0,0
9.431061,0,0,0,0,0,0
9.432363,0,0,0,0,0,0
9.433735,0,0,0,0,0,0
9.434994,0,0,0,0,0,0
9.436371,0,0,0,0,0,0
9.437622,0,0,0,0,0,0
9.438873,0,0,0,0,0,0
9.440125,0,0,0,0,0,0
9.441649,0,0,0,0,0,0
9.442938,0,0,0,0,0,0
9.444193,0,0,0,0,0,0
9.445445,0,0,0,0,0,0
9.446699,0,0,0,0,0,0
9.447953,0,0,0,0,0,0
9.449310,0,0,0,0,0,0
9.450566,0,0,0,0,0,0
9.451824,0,0,0,0,0,0
9.453080,0,0,0,0,0,0
9.454462,0,0,0,0,0,0
9.455715,0,0,0,0,0,0
9.456966,0,0,0,0,0,0
9.458215,0,0,0,0,0,0
9.459471,0,0,0,0,0,0
9.460732,0,0,0,0,0,0
9.462022,0,0,0,0,0,0
9.463276,0,0,0,0,0,0
9.464527,0,0,0,0,0,0
9.465779,0,0,0,0,0,0
9.467031,0,0,0,0,0,0
9.470784,0,0,0,0,0,0
9.472231,0,0,0,0,0,0
9.473511,0,0,0,0,0,0
9.474758,0,0,0,0,0,0
9.476036,0,0,0,0,0,0
9.477340,0,0,0,0,0,0
9.478675,0,0,0,0,0,0
9.479919,0,0,0,0,0,0
9.481158,0,0,0,0,0,0
9.482429,0,0,0,0,0,0
9.483702,0,0,0,0,0,0
9.484977,0,0,0,0,0,0
9.486271,0,0,0,0,0,0
9.487506,0,0,0,0,0,0
9.488738,0,0,0,0,0,0
9.489979,0,0,0,0,0,0
9.491207,0,0,0,0,0,0
9.492550,0,0,0,0,0,0
9.493785,0,0,0,0,0,0
9.495040,0,0,0,0,0,0
9.496377,0,0,0,0,0,0
9.497629,0,0,0,0,0,0
9.498879,0,0,0,0,0,0
9.500133,0,0,0,0,0,0
9.501483,0,0,0,0,0,0
9.502874,0,0,0,0,0,0
9.504132,0,0,0,0,0,0
9.505510,0,0,0,0,0,0
9.506769,0,0,0,0,0,0
9.508023,0,0,0,0,0,0
9.509347,0,0,0,0,0,0
9.510606,0,0,0,0,0,0
9.511861,0,0,0,0,0,0
9.513117,0,0,0,0,0,0
9.514370,0,0,0,0,0,0
9.515704,0,0,0,0,0,0
9.517093,0,0,0,0,0,0
9.518347,0,0,0,0,0,0
9.519638,0,0,0,0,0,0
9.521018,0,0,0,0,0,0
9.522276,0,0,0,0,0,0
9.523529,0,0,0,0,0,0
9.524781,0,0,0,0,0,0
9.526067,0,0,0,0,0,0
9.527320,0,0,0,0,0,0
9.528572,0,0,0,0,0,0
9.529822,0,0,0,0,0,0
9.531075,0,0,0,0,0,0
9.532323,0,0,0,0,0,0
9.533570,0,0,0,0,0,0
9.534851,0,0,0,0,0,0
9.536098,0,0,0,0,0,0
9.540369,0,0,0,0,0,0
9.541728,0,0,0,0,0,0
9.542953,0,0,0,0,0,0
9.544161,0,0,0,0,0,0
9.545366,0,0,0,0,0,0
9.546574,0,0,0,0,0,0
9.547781,0,0,0,0,0,0
9.549066,0,0,0,0,0,0
9.550284,0,0,0,0,0,0
9.551599,0,0,0,0,0,0
9.552850,0,0,0,0,0,0
9.554090,0,0,0,0,0,0
9.555325,0,0,0,0,0,0
9.556568,0,0,0,0,0,0
9.557802,0,0,0,0,0,0
9.559234,0,0,0,0,0,0
9.560482,0,0,0,0,0,0
9.561842,0,0,0,0,0,0
9.563077,0,0,0,0,0,0
9.564408,0,0,0,0,0,0
9.565694,0,0,0,0,0,0
9.566951,0,0,0,0,0,0
9.568205,0,0,0,0,0,0
9.569458,0,0,0,0,0,0
9.570711,0,0,0,0,0,0
9.571992,0,0,0,0,0,0
9.573225,0,0,0,0,0,0
9.574486,0,0,0,0,0,0
9.575760,0,0,0,0,0,0
9.577012,0,0,0,0,0,0
9.578421,0,0,0,0,0,0
9.579740,0,0,0,0,0,0
9.580996,0,0,0,0,0,0
9.582253,0,0,0,0,0,0
9.583579,0,0,0,0,0,0
9.584928,0,0,0,0,0,0
9.586285,0,0,0,0,0,0
9.587762,0,0,0,0,0,0
9.589021,0,0,0,0,0,0
9.590337,0,0,0,0,0,0
9.591691,0,0,0,0,0,0
9.592943,0,0,0,0,0,0
9.594193,0,0,0,0,0,0
9.595447,0,0,0,0,0,0
9.596699,0,0,0,0,0,0
9.597985,0,0,0,0,0,0
9.599236,0,0,0,0,0,0
9.600487,0,0,0,0,0,0
9.601738,0,0,0,0,0,0
9.602994,0,0,0,0,0,0
9.604248,0,0,0,0,0,0
9.605631,0,0,0,0,0,0
9.607081,0,0,0,0,0,0
9.608717,0,0,0,0,0,0
9.609977,0,0,0,0,0,0
9.611556,0,0,0,0,0,0
9.612958,0,0,0,0,0,0
9.614310,0,0,0,0,0,0
9.615758,0,0,0,0,0,0
9.616995,0,0,0,0,0,0
9.618238,0,0,0,0,0,0
9.619479,0,0,0,0,0,0
9.620713,0,0,0,0,0,0
9.621951,0,0,0,0,0,0
9.623181,0,0,0,0,0,0
9.624435,0,0,0,0,0,0
9.625660,0,0,0,0,0,0
9.626884,0,0,0,0,0,0
9.628108,0,0,0,0,0,0
9.629421,0,0,0,0,0,0
9.630661,0,0,0,0,0,0
9.631919,0,0,0,0,0,0
9.633245,0,0,0,0,0,0
9.634553,0,0,0,0,0,0
9.635766,0,0,0,0,0,0
9.637020,0,0,0,0,0,0
9.638278,0,0,0,0,0,0
9.639596,0,0,0,0,0,0
9.640953,0,0,0,0,0,0
9.642259,0,0,0,0,0,0
9.643561,0,0,0,0,0,0
9.644822,0,0,0,0,0,0
9.646167,0,0,0,0,0,0
9.647472,0,0,0,0,0,0
9.648868,0,0,0,0,0,0
9.650126,0,0,0,0,0,0
9.651388,0,0,0,0,0,0
9.652649,0,0,0,0,0,0
9.653925,0,0,0,0,0,0
9.655351,0,0,0,0,0,0
9.656714,0,0,0,0,0,0
9.657976,0,0,0,0,0,0
9.659401,0,0,0,0,0,0
9.660698,0,0,0,0,0,0
9.661988,0,0,0,0,0,0
9.663243,0,0,0,0,0,0
9.664495,0,0,0,0,0,0
9.665810,0,0,0,0,0,0
9.667065,0,0,0,0,0,0
9.668316,0,0,0,0,0,0
9.669566,0,0,0,0,0,0
9.670854,0,0,0,0,0,0
9.672101,0,0,0,0,0,0
9.673348,0,0,0,0,0,0
9.674803,0,0,0,0,0,0
9.676176,0,0,0,0,0,0
9.677859,0,0,0,0,0,0
9.679189,0,0,0,0,0,0
9.680497,0,0,0,0,0,0
9.681846,0,0,0,0,0,0
9.683244,0,0,0,0,0,0
9.684501,0,0,0,0,0,0
9.686162,0,0,0,0,0,0
9.687436,0,0,0,0,0,0
9.688689,0,0,0,0,0,0
9.690085,0,0,0,0,0,0
9.691327,0,0,0,0,0,0
9.692586,0,0,0,0,0,0
9.693867,0,0,0,0,0,0
9.695099,0,0,0,0,0,0
9.696327,0,0,0,0,0,0
9.697590,0,0,0,0,0,0
9.698817,0,0,0,0,0,0
9.700075,0,0,0,0,0,0
9.701302,0,0,0,0,0,0
9.702574,0,0,0,0,0,0
9.703789,0,0,0,0,0,0
9.705008,0,0,0,0,0,0
9.706239,0,0,0,0,0,0
9.707463,0,0,0,0,0,0
9.708767,0,0,0,0,0,0
9.709982,0,0,0,0,0,0
9.711199,0,0,0,0,0,0
9.712436,0,0,0,0,0,0
9.713647,0,0,0,0,0,0
9.714854,0,0,0,0,0,0
9.716061,0,0,0,0,0,0
9.717273,0,0,0,0,0,0
9.718496,0,0,0,0,0,0
9.720015,0,0,0,0,0,0
9.721274,0,0,0,0,0,0
9.722579,0,0,0,0,0,0
9.723819,0,0,0,0,0,0
9.725238,0,0,0,0,0,0
9.726790,0,0,0,0,0,0
9.728025,0,0,0,0,0,0
9.729258,0,0,0,0,0,0
9.730616,0,0,0,0,0,0
9.731888,0,0,0,0,0,0
9.733129,0,0,0,0,0,0
9.734394,0,0,0,0,0,0
9.735679,0,0,0,0,0,0
9.736911,0,0,0,0,0,0
9.738143,0,0,0,0,0,0
9.739377,0,0,0,0,0,0
9.740607,0,0,0,0,0,0
9.741989,0,0,0,0,0,0
9.743276,0,0,0,0,0,0
9.744843,0,0,0,0,0,0
9.746353,0,0,0,0,0,0
9.747844,0,0,0,0,0,0
9.749183,0,0,0,0,0,0
9.750526,0,0,0,0,0,0
9.751828,0,0,0,0,0,0
9.753047,0,0,0,0,0,0
9.754334,0,0,0,0,0,0
9.755676,0,0,0,0,0,0
9.756976,0,0,0,0,0,0
9.758284,0,0,0,0,0,0
9.759555,0,0,0,0,0,0
9.760806,0,0,0,0,0,0
9.762050,0,0,0,0,0,0
9.763293,0,0,0,0,0,0
9.764636,0,0,0,0,0,0
9.765936,0,0,0,0,0,0
9.767205,0,0,0,0,0,0
9.768431,0,0,0,0,0,0
9.769659,0,0,0,0,0,0
9.770884,0,0,0,0,0,0
9.772108,0,0,0,0,0,0
9.773332,0,0,0,0,0,0
9.774593,0,0,0,0,0,0
9.776089,0,0,0,0,0,0
9.777343,0,0,0,0,0,0
9.778704,0,0,0,0,0,0
9.780111,0,0,0,0,0,0
9.781367,0,0,0,0,0,0
9.782659,0,0,0,0,0,0
9.783914,0,0,0,0,0,0
9.785177,0,0,0,0,0,0
9.786432,0,0,0,0,0,0
9.787689,0,0,0,0,0,0
9.788944,0,0,0,0,0,0
9.790361,0,0,0,0,0,0
9.791670,0,0,0,0,0,0
9.793048,0,0,0,0,0,0
9.794306,0,0,0,0,0,0
9.795613,0,0,0,0,0,0
9.796866,0,0,0,0,0,0
9.798248,0,0,0,0,0,0
9.799539,0,0,0,0,0,0
9.800790,0,0,0,0,0,0
9.802042,0,0,0,0,0,0
9.803295,0,0,0,0,0,0
9.804547,0,0,0,0,0,0
9.805799,0,0,0,0,0,0
9.807186,0,0,0,0,0,0
9.808475,0,0,0,0,0,0
9.809733,0,0,0,0,0,0
9.810990,0,0,0,0,0,0
9.812247,0,0,0,0,0,0
9.813690,0,0,0,0,0,0
9.815287,0,0,0,0,0,0
9.816575,0,0,0,0,0,0
9.818350,0,0,0,0,0,0
9.819859,0,0,0,0,0,0
9.821245,0,0,0,0,0,0
9.822657,0,0,0,0,0,0
9.824104,0,0,0,0,0,0
9.825335,0,0,0,0,0,0
9.826531,0,0,0,0,0,0
9.827825,0,0,0,0,0,0
9.829077,0,0,0,0,0,0
9.830318,0,0,0,0,0,0
9.831541,0,0,0,0,0,0
9.832773,0,0,0,0,0,0
9.834177,0,0,0,0,0,0
9.835408,0,0,0,0,0,0
9.836631,0,0,0,0,0,0
9.838020,0,0,0,0,0,0
9.839319,0,0,0,0,0,0
9.840639,0,0,0,0,0,0
9.841897,0,0,0,0,0,0
9.843156,0,0,0,0,0,0
9.844417,0,0,0,0,0,0
9.845719,0,0,0,0,0,0
9.847068,0,0,0,0,0,0
9.848426,0,0,0,0,0,0
9.849759,0,0,0,0,0,0
9.851018,0,0,0,0,0,0
9.852380,0,0,0,0,0,0
9.853681,0,0,0,0,0,0
9.854811,0,0,0,0,0,0
9.856065,0,0,0,0,0,0
9.857321,0,0,0,0,0,0
9.858631,0,0,0,0,0,0
9.859967,0,0,0,0,0,0
9.861251,0,0,0,0,0,0
9.862512,0,0,0,0,0,0
9.863894,0,0,0,0,0,0
9.865270,0,0,0,0,0,0
9.866626,0,0,0,0,0,0
9.867882,0,0,0,0,0,0
9.869133,0,0,0,0,0,0
9.870419,0,0,0,0,0,0
9.871674,0,0,0,0,0,0
9.872925,0,0,0,0,0,0
9.874174,0,0,0,0,0,0
9.875426,0,0,0,0,0,0
9.876676,0,0,0,0,0,0
9.877960,0,0,0,0,0,0
9.879212,0,0,0,0,0,0
9.880521,0,0,0,0,0,0
9.881933,0,0,0,0,0,0
9.883571,0,0,0,0,0,0
9.885067,0,0,0,0,0,0
9.886371,0,0,0,0,0,0
9.887819,0,0,0,0,0,0
9.889044,0,0,0,0,0,0
9.890353,0,0,0,0,0,0
9.891695,0,0,0,0,0,0
9.893008,0,0,0,0,0,0
9.894392,0,0,0,0,0,0
9.895632,0,0,0,0,0,0
9.896865,0,0,0,0,0,0
9.898107,0,0,0,0,0,0
9.899345,0,0,0,0,0,0
9.900594,0,0,0,0,0,0
9.901867,0,0,0,0,0,0
9.903092,0,0,0,0,0,0
9.904316,0,0,0,0,0,0
9.905540,0,0,0,0,0,0
9.906765,0,0,0,0,0,0
9.907987,0,0,0,0,0,0
9.909211,0,0,0,0,0,0
9.910525,0,0,0,0,0,0
9.911788,0,0,0,0,0,0
9.913045,0,0,0,0,0,0
9.914301,0,0,0,0,0,0
9.915572,0,0,0,0,0,0
9.917067,0,0,0,0,0,0
9.918397,0,0,0,0,0,0
9.919658,0,0,0,0,0,0
9.920913,0,0,0,0,0,0
9.922174,0,0,0,0,0,0
9.923508,0,0,0,0,0,0
9.924927,0,0,0,0,0,0
9.926184,0,0,0,0,0,0
9.927440,0,0,0,0,0,0
9.928695,0,0,0,0,0,0
9.929956,0,0,0,0,0,0
9.931215,0,0,0,0,0,0
9.932475,0,0,0,0,0,0
9.933732,0,0,0,0,0,0
9.934992,0,0,0,0,0,0
9.936245,0,0,0,0,0,0
9.937499,0,0,0,0,0,0
9.938753,0,0,0,0,0,0
9.940005,0,0,0,0,0,0
9.941257,0,0,0,0,0,0
9.942513,0,0,0,0,0,0
9.943897,0,0,0,0,0,0
9.945185,0,0,0,0,0,0
9.946442,0,0,0,0,0,0
9.947701,0,0,0,0,0,0
9.948954,0,0,0,0,0,0
9.950782,0,0,0,0,0,0
9.952481,0,0,0,0,0,0
9.954266,0,0,0,0,0,0
9.955635,0,0,0,0,0,0
9.956983,0,0,0,0,0,0
9.958402,0,0,0,0,0,0
9.959710,0,0,0,0,0,0
9.960957,0,0,0,0,0,0
9.962203,0,0,0,0,0,0
9.963448,0,0,0,0,0,0
9.964684,0,0,0,0,0,0
9.965920,0,0,0,0,0,0
9.967151,0,0,0,0,0,0
9.968479,0,0,0,0,0,0
9.969709,0,0,0,0,0,0
9.970933,0,0,0,0,0,0
9.972179,0,0,0,0,0,0
9.973407,0,0,0,0,0,0
9.974670,0,0,0,0,0,0
9.975921,0,0,0,0,0,0
9.977215,0,0,0,0,0,0
9.978468,0,0,0,0,0,0
9.979705,0,0,0,0,0,0
9.980956,0,0,0,0,0,0
9.982209,0,0,0,0,0,0
9.983467,0,0,0,0,0,0
9.984842,0,0,0,0,0,0
9.986096,0,0,0,0,0,0
9.987509,0,0,0,0,0,0
9.988760,0,0,0,0,0,0
9.989914,0,0,0,0,0,0
9.991307,0,0,0,0,0,0
9.992563,0,0,0,0,0,0
9.993817,0,0,0,0,0,0
9.995072,0,0,0,0,0,0
9.996327,0,0,0,0,0,0
9.997582,0,0,0,0,0,0
9.998976,0,0,0,0,0,0
10.000082,0,0,0,0,0,0
