group,counter,label,total_all_widths,total_width_first,total_width_last,scaling_ratio_last_over_first,corr_total_vs_width,slope_total_vs_width,total_w128,total_w256,total_w512,total_w1024,total_w2048
RAS,RAS_STALL_CYCLES_LRZ,active_mixed,8005853.0,0.0,0.0,inf,-0.31367864075168955,-1100.9863596270159,0.0,1678475.0,6327378.0,0.0,0.0
RAS,RAS_SUPERTILE_ACTIVE_CYCLES,active_mixed,109832.0,0.0,0.0,inf,-0.29530815202268124,-14.761025705645155,0.0,19757.0,90075.0,0.0,0.0
PC,PC_US_BR2BV_SWITCH,active_mixed,6.0,0.0,0.0,inf,0.16497800439902238,0.0005670362903225808,0.0,0.0,0.0,6.0,0.0
PC,PC_US_BV2BR_SWITCH,active_mixed,6.0,0.0,0.0,inf,0.16497800439902238,0.0005670362903225808,0.0,0.0,0.0,6.0,0.0
VPC,VPC_BE_STARVE_CYCLES_CCHE,flat_or_saturated,15992177454.0,14082424332.0,193160784.0,0.013716443947870097,-0.47746198849655314,-3728811.0917968783,14082424332.0,41820924.0,630934350.0,1043837064.0,193160784.0
HLSQ,HLSQ_VS_BATCH_COUNT_ZERO,flat_or_saturated,3808397751.0,3476483001.0,29756868.0,0.008559474615995684,-0.47879620453969335,-931708.2784778234,3476483001.0,7199358.0,115070574.0,179887950.0,29756868.0
HLSQ,HLSQ_FS_BATCH_COUNT_ZERO,flat_or_saturated,3806155218.0,3474250830.0,29757048.0,0.008565025801548129,-0.4787958020967838,-931096.6071068556,3474250830.0,7199016.0,115056072.0,179892252.0,29757048.0
LRZ,LRZ_STARVE_CYCLES_RAS,flat_or_saturated,2499164990.0,2344586802.0,15077020.0,0.006430565926217305,-0.4775022155084083,-631052.3795572922,2344586802.0,3393041.0,51480831.0,84627296.0,15077020.0
VPC,VPC_US_STARVE_CYCLES_REORDER,flat_or_saturated,1855206276.0,1701678753.0,13460496.0,0.007910127558606239,-0.47885611694075275,-456675.85833543376,1701678753.0,3655527.0,52850475.0,83561025.0,13460496.0
CP,CP_ALWAYS_COUNT,flat_or_saturated,733795674.0,665936637.0,6163220.0,0.009254964598080824,-0.4812128207295491,-179069.6438067038,665936637.0,2745149.0,25685671.0,33264997.0,6163220.0
CP,CP_SQE_EXEC_PROFILED,flat_or_saturated,697932469.0,636028507.0,5829455.0,0.009165398933919168,-0.47833707095925765,-170217.58152721784,636028507.0,1394838.0,21094413.0,33585256.0,5829455.0
CP,CP_MEMORY_POOL_EMPTY,flat_or_saturated,697773491.0,635911434.0,5825101.0,0.009160239443029105,-0.4783388178398162,-170188.76534148198,635911434.0,1394135.0,21082886.0,33559935.0,5825101.0
CP,CP_CLUSTER_VPC_VS_EMPTY,flat_or_saturated,685360519.0,625738198.0,5427583.0,0.00867388792525017,-0.47898902252689607,-167768.91558509754,625738198.0,1518089.0,20796888.0,31879761.0,5427583.0
CP,CP_CLUSTER_VPC_PS_EMPTY,flat_or_saturated,685359395.0,625750078.0,5418243.0,0.00865879716278677,-0.47899987371306807,-167776.89111853173,625750078.0,1518098.0,20794875.0,31878101.0,5418243.0
CP,CP_CLUSTER_FE_S_EMPTY,flat_or_saturated,685351487.0,625726300.0,5426805.0,0.008672809501534456,-0.47899087720988015,-167766.13425109212,625726300.0,1518064.0,20798883.0,31881435.0,5426805.0
CP,CP_CLUSTER_GRAS_EMPTY,flat_or_saturated,685350878.0,625742200.0,5415150.0,0.008653963245566625,-0.4790043688778429,-167776.3814474127,625742200.0,1518088.0,20796231.0,31879209.0,5415150.0
CP,CP_CLUSTER_SP_VS_EMPTY,flat_or_saturated,684858390.0,625230546.0,5430690.0,0.008685900000797466,-0.47898726025399585,-167628.76512096782,625230546.0,1518080.0,20798208.0,31880866.0,5430690.0
CP,CP_CLUSTER_VPC_US_EMPTY,flat_or_saturated,684856150.0,625232408.0,5427807.0,0.008681263048028054,-0.47899059433527147,-167630.73137180787,625232408.0,1518074.0,20797547.0,31880314.0,5427807.0
CP,CP_CLUSTER_FE_U_EMPTY,flat_or_saturated,684852930.0,625226386.0,5427015.0,0.008680079922282742,-0.4789924406930072,-167629.56128192216,625226386.0,1518068.0,20799490.0,31881971.0,5427015.0
CP,CP_CLUSTER_SP_PS_EMPTY,flat_or_saturated,684465476.0,624856814.0,5416335.0,0.008668121845911406,-0.4790053939973719,-167534.02444556466,624856814.0,1518099.0,20795572.0,31878656.0,5416335.0
CP,CP_CLUSTER_PS_EMPTY,flat_or_saturated,684359056.0,624750479.0,5418697.0,0.008673377903884729,-0.47900217194163863,-167503.72732904914,624750479.0,1518096.0,20794235.0,31877549.0,5418697.0
CP,CP_SQE_IDLE,flat_or_saturated,683900880.0,624496738.0,5289474.0,0.00846997858938376,-0.47935298956460126,-167569.5237945229,624496738.0,1457406.0,21177988.0,31479274.0,5289474.0
RBBM,RBBM_US_ALWAYS_COUNT,flat_or_saturated,648925535.0,588444439.0,5953209.0,0.01011685828846791,-0.47868261574495957,-157385.79070060496,588444439.0,1386443.0,21473657.0,31667787.0,5953209.0
SP,SP_PGPR_ALLOC_CONTEXTS,flat_or_saturated,273773010.0,273773010.0,0.0,0.0,-0.47660312381939823,-74744.81539818551,273773010.0,0.0,0.0,0.0,0.0
SP,SP_FS_STAGE_WAVE_CYCLES,flat_or_saturated,139133181.0,139133181.0,0.0,0.0,-0.47660312381939823,-37985.789503528256,139133181.0,0.0,0.0,0.0,0.0
SP,SP_WAVE_CONTEXTS,flat_or_saturated,139133181.0,139133181.0,0.0,0.0,-0.47660312381939823,-37985.789503528256,139133181.0,0.0,0.0,0.0,0.0
SP,SP_WAVE_HWAVE_WAIT_CYCLES,flat_or_saturated,99821295.0,99821295.0,0.0,0.0,-0.4766031238193982,-27252.95772429437,99821295.0,0.0,0.0,0.0,0.0
SP,SP_CCHE_UAV_TOTAL_ATOM_REQ,flat_or_saturated,56455764.0,56455764.0,0.0,0.0,-0.4766031238193981,-15413.41003024195,56455764.0,0.0,0.0,0.0,0.0
ALWAYSON,ALWAYSON,flat_or_saturated,47203161.0,41623847.0,541951.0,0.01302020449959851,-0.4781857576932394,-11041.963583669363,41623847.0,140020.0,1850976.0,3046367.0,541951.0
SP,SP_CS_INSTRUCTIONS,flat_or_saturated,46176256.0,46176256.0,0.0,0.0,-0.4766031238193982,-12606.924731182806,46176256.0,0.0,0.0,0.0,0.0
SP,SP_FS_STAGE_FULL_ALU_INSTRUCTIONS,flat_or_saturated,24698880.0,24698880.0,0.0,0.0,-0.47660312381939807,-6743.225806451617,24698880.0,0.0,0.0,0.0,0.0
RAS,RAS_STARVE_CYCLES_TSE,flat_or_saturated,22451268.0,19677636.0,270369.0,0.013739912660240284,-0.4784583627720283,-5214.756993447584,19677636.0,64383.0,941958.0,1496922.0,270369.0
PC,PC_S_TESS_STARVE_CYCLES_PC,flat_or_saturated,21706281.0,18959208.0,267054.0,0.014085714972903932,-0.47878251661913324,-5023.1721585181485,18959208.0,64140.0,945447.0,1470432.0,267054.0
CP,CP_BUSY_CYCLES,flat_or_saturated,20789535.0,18066257.0,138161.0,0.007647461231178102,-0.5005406912807103,-5006.507476478499,18066257.0,8314.0,1842178.0,734625.0,138161.0
SP,SP_TTU_GPR_WR_CYCLES,flat_or_saturated,18336668.0,18336668.0,0.0,0.0,-0.4766031238193982,-5006.23076276882,18336668.0,0.0,0.0,0.0,0.0
SP,SP_EWAVE_CONTEXTS,flat_or_saturated,18175174.0,18175174.0,0.0,0.0,-0.47660312381939823,-4962.140078965057,18175174.0,0.0,0.0,0.0,0.0
SP,SP_EXECUTABLE_WAVES,flat_or_saturated,18175174.0,18175174.0,0.0,0.0,-0.47660312381939823,-4962.140078965057,18175174.0,0.0,0.0,0.0,0.0
SP,SP_GPR_READ_BANK,flat_or_saturated,15369600.0,15369600.0,0.0,0.0,-0.4766031238193982,-4196.169354838711,15369600.0,0.0,0.0,0.0,0.0
SP,SP_FS_STAGE_CFLOW_INSTRUCTIONS,flat_or_saturated,13161472.0,13161472.0,0.0,0.0,-0.47660312381939823,-3593.311827956991,13161472.0,0.0,0.0,0.0,0.0
SP,SP_GPR_WRITE_BANK,flat_or_saturated,10543677.0,10543677.0,0.0,0.0,-0.4766031238193982,-2878.6080519153247,10543677.0,0.0,0.0,0.0,0.0
UCHE,UCHE_VBIF_LATENCY_CYCLES,flat_or_saturated,10358067.0,10358067.0,0.0,0.0,-0.47660312381939807,-2827.9332787298404,10358067.0,0.0,0.0,0.0,0.0
SP,SP_BUSY_CYCLES,flat_or_saturated,9768465.0,9768465.0,0.0,0.0,-0.4766031238193982,-2666.9616305443574,9768465.0,0.0,0.0,0.0,0.0
SP,SP_WAVE_CONTEXT_CYCLES,flat_or_saturated,9768465.0,9768465.0,0.0,0.0,-0.4766031238193982,-2666.9616305443574,9768465.0,0.0,0.0,0.0,0.0
SP,SP_FS_STAGE_DURATION_CYCLES,flat_or_saturated,9728634.0,9728634.0,0.0,0.0,-0.4766031238193982,-2656.087071572582,9728634.0,0.0,0.0,0.0,0.0
SP,SP_EWAVE_CONTEXT_CYCLES,flat_or_saturated,9642727.0,9642727.0,0.0,0.0,-0.4766031238193982,-2632.6329595094107,9642727.0,0.0,0.0,0.0,0.0
CP,CP_BUSY_GFX_CORE_IDLE,flat_or_saturated,9107876.0,7576402.0,138179.0,0.018238076596252418,-0.484230908339922,-2004.9005166330658,7576402.0,8318.0,650256.0,734721.0,138179.0
RAS,RAS_BUSY_CYCLES,flat_or_saturated,8170399.0,11181.0,0.0,0.0,-0.31431049241330006,-1124.5790700604832,11181.0,1705381.0,6453837.0,0.0,0.0
SP,SP_TTU_INSTRUCTIONS,flat_or_saturated,6496011.0,6496011.0,0.0,0.0,-0.4766031238193982,-1773.5245085685497,6496011.0,0.0,0.0,0.0,0.0
RBBM,RBBM_US_ALWAYS_ON,flat_or_saturated,6192602.0,5452472.0,75249.0,0.013800896180668145,-0.47753946451539986,-1443.9022807459694,5452472.0,15624.0,247192.0,402065.0,75249.0
RBBM,RBBM_US_STATUS_MASKED,flat_or_saturated,6090713.0,5088650.0,145724.0,0.02863706484038006,-0.46160988843242173,-1286.1041771673392,5088650.0,9866.0,236246.0,610227.0,145724.0
SP,SP_SCH_MEM_CTRL_WORKING_CYCLES,flat_or_saturated,5961590.0,5961590.0,0.0,0.0,-0.47660312381939807,-1627.6182375672056,5961590.0,0.0,0.0,0.0,0.0
SP,SP_TTU_GPR_RD_REQ,flat_or_saturated,5890727.0,5890727.0,0.0,0.0,-0.4766031238193981,-1608.2714003696249,5890727.0,0.0,0.0,0.0,0.0
SP,SP_WORKING_EU_CS_STAGE,flat_or_saturated,5822752.0,5822752.0,0.0,0.0,-0.4766031238193982,-1589.7130376344098,5822752.0,0.0,0.0,0.0,0.0
SP,SP_WORKING_EU_FS_STAGE,flat_or_saturated,5822752.0,5822752.0,0.0,0.0,-0.4766031238193982,-1589.7130376344098,5822752.0,0.0,0.0,0.0,0.0
SP,SP_WORKING_EU,flat_or_saturated,5821937.0,5821937.0,0.0,0.0,-0.4766031238193982,-1589.4905283938183,5821937.0,0.0,0.0,0.0,0.0
SP,SP_GPR_CACHE_SRC2_RDCNT,flat_or_saturated,5818720.0,5818720.0,0.0,0.0,-0.4766031238193981,-1588.612231182797,5818720.0,0.0,0.0,0.0,0.0
SP,SP_GPR_CACHE_SRC2_GPR_CACHE_HINT_RDCNT,flat_or_saturated,5818600.0,5818600.0,0.0,0.0,-0.4766031238193981,-1588.5794690860228,5818600.0,0.0,0.0,0.0,0.0
SP,SP_FS_WAVE_REQ_PENDING,flat_or_saturated,5808437.0,5808437.0,0.0,0.0,-0.4766031238193981,-1585.8047925067215,5808437.0,0.0,0.0,0.0,0.0
SP,SP_WAVE_SHORT_SYNC_CYCLES,flat_or_saturated,5441454.0,5441454.0,0.0,0.0,-0.47660312381939823,-1485.6120211693556,5441454.0,0.0,0.0,0.0,0.0
SP,SP_SEQUENCER_WORKING_CYCLES,flat_or_saturated,4996680.0,4996680.0,0.0,0.0,-0.4766031238193983,-1364.1809475806463,4996680.0,0.0,0.0,0.0,0.0
SP,SP_GPR_CACHE_SRC0_GPR_CACHE_HINT_RDCNT,flat_or_saturated,4990160.0,4990160.0,0.0,0.0,-0.4766031238193981,-1362.4008736559147,4990160.0,0.0,0.0,0.0,0.0
SP,SP_NON_EXECUTION_CYCLES,flat_or_saturated,4890763.0,4890763.0,0.0,0.0,-0.4766031238193983,-1335.2637558803779,4890763.0,0.0,0.0,0.0,0.0
SP,SP_ANY_EU_WORKING,flat_or_saturated,4879996.0,4879996.0,0.0,0.0,-0.47660312381939807,-1332.3241767473123,4879996.0,0.0,0.0,0.0,0.0
SP,SP_ANY_EU_WORKING_CS_STAGE,flat_or_saturated,4879984.0,4879984.0,0.0,0.0,-0.4766031238193981,-1332.320900537635,4879984.0,0.0,0.0,0.0,0.0
SP,SP_ANY_EU_WORKING_FS_STAGE,flat_or_saturated,4879984.0,4879984.0,0.0,0.0,-0.4766031238193981,-1332.320900537635,4879984.0,0.0,0.0,0.0,0.0
SP,SP_GPR_CACHE_SRC2_GPR_CACHE_HIT_RDCNT,flat_or_saturated,4876866.0,4876866.0,0.0,0.0,-0.47660312381939823,-1331.4696320564524,4876866.0,0.0,0.0,0.0,0.0
SP,SP_UCHE_READ_BURST,flat_or_saturated,4876854.0,4876854.0,0.0,0.0,-0.4766031238193981,-1331.4663558467753,4876854.0,0.0,0.0,0.0,0.0
TP,TP_L1_5_MISS_LATENCY_CYCLES,flat_or_saturated,4825037.0,4825037.0,0.0,0.0,-0.4766031238193981,-1317.3194094422054,4825037.0,0.0,0.0,0.0,0.0
SP,SP_WAVE_LONG_SYNC_CYCLES,flat_or_saturated,4686870.0,4686870.0,0.0,0.0,-0.4766031238193981,-1279.5974042338714,4686870.0,0.0,0.0,0.0,0.0
RBBM,RBBM_US_VBIF_BUSY,flat_or_saturated,4380575.0,3373123.0,126857.0,0.037608174976127465,-0.43989357426810527,-802.8620631720438,3373123.0,7943.0,133001.0,739651.0,126857.0
SP,SP_TTU_ACTIVE_FIBERS,flat_or_saturated,3981074.0,3981074.0,0.0,0.0,-0.47660312381939823,-1086.9027637768822,3981074.0,0.0,0.0,0.0,0.0
SP,SP_STARVE_CYCLES_HLSQ,flat_or_saturated,3965309.0,3965309.0,0.0,0.0,-0.4766031238193981,-1082.598643313173,3965309.0,0.0,0.0,0.0,0.0
SP,SP_GPR_CACHE_SRC1_GPR_CACHE_HIT_RDCNT,flat_or_saturated,3952910.0,3952910.0,0.0,0.0,-0.4766031238193982,-1079.2134996639788,3952910.0,0.0,0.0,0.0,0.0
SP,SP_LB_LDST_RW_LM,flat_or_saturated,3554360.0,3554360.0,0.0,0.0,-0.4766031238193982,-970.4023857526888,3554360.0,0.0,0.0,0.0,0.0
CP,CP_SQE_I_CACHE_STARVE,flat_or_saturated,3121395.0,2413128.0,45933.0,0.019034630570777845,-0.5072503531954182,-656.8557312668017,2413128.0,20388.0,370622.0,271324.0,45933.0
SP,SP_WAVE_NOP_CYCLES,flat_or_saturated,3078656.0,3078656.0,0.0,0.0,-0.4766031238193982,-840.5268817204308,3078656.0,0.0,0.0,0.0,0.0
CP,CP_ICACHE_STALL,flat_or_saturated,3041962.0,2431999.0,43836.0,0.018024678464094765,-0.49749902977040933,-654.0163705477154,2431999.0,24466.0,278022.0,263639.0,43836.0
SP,SP_LOAD_CONTROL_WORKING_CYCLES,flat_or_saturated,2967201.0,2967201.0,0.0,0.0,-0.47660312381939823,-810.0977192540329,2967201.0,0.0,0.0,0.0,0.0
SP,SP_NON_EXECUTION_LS_CYCLES,flat_or_saturated,2719877.0,2719877.0,0.0,0.0,-0.47660312381939823,-742.5739457325275,2719877.0,0.0,0.0,0.0,0.0
SP,SP_GPR_CACHE_SRC1_GPR_CACHE_HINT_RDCNT,flat_or_saturated,2705398.0,2705398.0,0.0,0.0,-0.476603123819398,-738.6209257392478,2705398.0,0.0,0.0,0.0,0.0
SP,SP_WAVE_HWAVE_SYNC,flat_or_saturated,2352039.0,2352039.0,0.0,0.0,-0.4766031238193982,-642.1477444556457,2352039.0,0.0,0.0,0.0,0.0
RB,RB_CPROC_WORKING_CYCLES,flat_or_saturated,2238559.0,2238559.0,0.0,0.0,-0.47660312381939823,-611.1657216061832,2238559.0,0.0,0.0,0.0,0.0
RB,RB_BUSY_CYCLES,flat_or_saturated,2237807.0,2237807.0,0.0,0.0,-0.47660312381939823,-610.9604124663982,2237807.0,0.0,0.0,0.0,0.0
SP,SP_CCHE_NONUAV_TOTAL_AOM_REQ,flat_or_saturated,2142803.0,2142803.0,0.0,0.0,-0.47660312381939823,-585.0226604502692,2142803.0,0.0,0.0,0.0,0.0
VFD,VFDP_STARVE_CYCLES_PC,flat_or_saturated,2079393.0,2079393.0,0.0,0.0,-0.47660312381939807,-567.7106224798391,2079393.0,0.0,0.0,0.0,0.0
TP,TP_FILTER_POINT_FP32,flat_or_saturated,2031616.0,2031616.0,0.0,0.0,-0.47660312381939807,-554.6666666666671,2031616.0,0.0,0.0,0.0,0.0
TP,TP_FILTER_WORKLOAD_32BIT,flat_or_saturated,2031616.0,2031616.0,0.0,0.0,-0.47660312381939807,-554.6666666666671,2031616.0,0.0,0.0,0.0,0.0
TP,TP_OUTPUT_PIXELS,flat_or_saturated,2031616.0,2031616.0,0.0,0.0,-0.47660312381939807,-554.6666666666671,2031616.0,0.0,0.0,0.0,0.0
TP,TP_OUTPUT_PIXELS_POINT,flat_or_saturated,2031616.0,2031616.0,0.0,0.0,-0.47660312381939807,-554.6666666666671,2031616.0,0.0,0.0,0.0,0.0
TP,TP_OUTPUT_PIXELS_ZERO_LOD,flat_or_saturated,2031616.0,2031616.0,0.0,0.0,-0.47660312381939807,-554.6666666666671,2031616.0,0.0,0.0,0.0,0.0
SP,SP_LM_LOAD_INSTRUCTIONS,flat_or_saturated,2009088.0,2009088.0,0.0,0.0,-0.47660312381939823,-548.5161290322585,2009088.0,0.0,0.0,0.0,0.0
SP,SP_GPR_READ,flat_or_saturated,1975018.0,1975018.0,0.0,0.0,-0.4766031238193982,-539.2144237231188,1975018.0,0.0,0.0,0.0,0.0
SP,SP_TEXTURE_FETCH_LATENCY_CYCLES,flat_or_saturated,1943120.0,1943120.0,0.0,0.0,-0.4766031238193981,-530.5057123655916,1943120.0,0.0,0.0,0.0,0.0
SP,SP_GPR_CACHE_SRC0_GPR_RDCNT,flat_or_saturated,1880644.0,1880644.0,0.0,0.0,-0.47660312381939823,-513.4486727150539,1880644.0,0.0,0.0,0.0,0.0
SP,SP_LM_WORKING_CYCLES,flat_or_saturated,1880599.0,1880599.0,0.0,0.0,-0.47660312381939807,-513.4363869287638,1880599.0,0.0,0.0,0.0,0.0
SP,SP_LB_NONUAV_TOTAL_DUALQUAD,flat_or_saturated,1865728.0,1865728.0,0.0,0.0,-0.47660312381939823,-509.37634408602185,1865728.0,0.0,0.0,0.0,0.0
SP,SP_LB_NONUAV_TOTAL_REQ,flat_or_saturated,1865728.0,1865728.0,0.0,0.0,-0.47660312381939823,-509.37634408602185,1865728.0,0.0,0.0,0.0,0.0
TP,TP_BUSY_CYCLES,flat_or_saturated,1842528.0,1842528.0,0.0,0.0,-0.47660312381939823,-503.0423387096777,1842528.0,0.0,0.0,0.0,0.0
SP,SP_WAVE_ALU_CYCLES,flat_or_saturated,1711984.0,1711984.0,0.0,0.0,-0.47660312381939823,-467.4015456989252,1711984.0,0.0,0.0,0.0,0.0
TP,TP_STARVE_CYCLES_SP,flat_or_saturated,1702071.0,1702071.0,0.0,0.0,-0.4766031238193983,-464.6951234879035,1702071.0,0.0,0.0,0.0,0.0
TP,TP_TPA2TPC_TRANS,flat_or_saturated,1700910.0,1700910.0,0.0,0.0,-0.4766031238193982,-464.37815020161315,1700910.0,0.0,0.0,0.0,0.0
SP,SP_LM_STORE_INSTRUCTIONS,flat_or_saturated,1676288.0,1676288.0,0.0,0.0,-0.4766031238193982,-457.6559139784949,1676288.0,0.0,0.0,0.0,0.0
SP,SP_LOW_EFFICIENCY_STARVED_BY_TP,flat_or_saturated,1673098.0,1673098.0,0.0,0.0,-0.4766031238193982,-456.7849882392477,1673098.0,0.0,0.0,0.0,0.0
SP,SP_GPR_CACHE_SRC1_RDCNT,flat_or_saturated,1659718.0,1659718.0,0.0,0.0,-0.4766031238193982,-453.13201444892496,1659718.0,0.0,0.0,0.0,0.0
SP,SP_ALU_WORKING_CYCLES,flat_or_saturated,1643520.0,1643520.0,0.0,0.0,-0.4766031238193982,-448.7096774193552,1643520.0,0.0,0.0,0.0,0.0
TP,TP_STARVE_CYCLES_UCHE,flat_or_saturated,1461598.0,1461598.0,0.0,0.0,-0.4766031238193982,-399.0417926747315,1461598.0,0.0,0.0,0.0,0.0
SP,SP_WAVE_FETCH_CYCLES,flat_or_saturated,1409167.0,1409167.0,0.0,0.0,-0.4766031238193981,-384.72721354166714,1409167.0,0.0,0.0,0.0,0.0
SP,SP_GPR_WRITE,flat_or_saturated,1366378.0,1366378.0,0.0,0.0,-0.47660312381939823,-373.045068884409,1366378.0,0.0,0.0,0.0,0.0
TP,TP_LATENCY_CYCLES,flat_or_saturated,1256641.0,1256641.0,0.0,0.0,-0.47660312381939823,-343.0849504368282,1256641.0,0.0,0.0,0.0,0.0
CP,CP_PREEMPTION_SWITCH_OUT_TIME,flat_or_saturated,1237574.0,1198334.0,0.0,0.0,-0.48694551772604844,-331.6986307123658,1198334.0,0.0,39240.0,0.0,0.0
SP,SP_FULL_ALU_ADD_INSTRUCTIONS,flat_or_saturated,1182208.0,1182208.0,0.0,0.0,-0.4766031238193981,-322.7634408602152,1182208.0,0.0,0.0,0.0,0.0
SP,SP_ALU_GPR_READ_CYCLES,flat_or_saturated,1111239.0,1111239.0,0.0,0.0,-0.47660312381939823,-303.387663810484,1111239.0,0.0,0.0,0.0,0.0
HLSQ,HLSQ_VS_DATA_WAIT_PROGRAMMING,flat_or_saturated,1099944.0,1099944.0,0.0,0.0,-0.4766031238193982,-300.30393145161315,1099944.0,0.0,0.0,0.0,0.0
SP,SP_WAVE_WAIT_CYCLES,flat_or_saturated,1079808.0,1079808.0,0.0,0.0,-0.47660312381939807,-294.8064516129035,1079808.0,0.0,0.0,0.0,0.0
SP,SP_FULL_ALU_MUL_INSTRUCTIONS,flat_or_saturated,1015808.0,1015808.0,0.0,0.0,-0.47660312381939807,-277.33333333333354,1015808.0,0.0,0.0,0.0,0.0
TP,TP_TP_SP_TRANS,flat_or_saturated,1015808.0,1015808.0,0.0,0.0,-0.47660312381939807,-277.33333333333354,1015808.0,0.0,0.0,0.0,0.0
TP,TP_L1_5_COMPRESS_REQS,flat_or_saturated,954249.0,954249.0,0.0,0.0,-0.4766031238193982,-260.52665070564535,954249.0,0.0,0.0,0.0,0.0
CP,CP_SQE_INSTR_COUNTER,flat_or_saturated,941689.0,892963.0,4777.0,0.005349605750742192,-0.47735616498957756,-240.9268313172045,892963.0,1140.0,16116.0,26693.0,4777.0
CP,CP_SQE_SYS_WFI_STALL,flat_or_saturated,934718.0,934718.0,0.0,0.0,-0.47660312381939823,-255.1943464381722,934718.0,0.0,0.0,0.0,0.0
CP,CP_PREEMPTION_SWITCH_IN_TIME,flat_or_saturated,905526.0,875214.0,0.0,0.0,-0.48753151026249614,-242.44997479838722,875214.0,0.0,30312.0,0.0,0.0
SP,SP_FLOW_CONTROL_WORKING_CYCLES,flat_or_saturated,891797.0,891797.0,0.0,0.0,-0.47660312381939823,-243.4761634744625,891797.0,0.0,0.0,0.0,0.0
SP,SP_TTU_GPR_WR_REQ,flat_or_saturated,891731.0,891731.0,0.0,0.0,-0.4766031238193982,-243.4581443212367,891731.0,0.0,0.0,0.0,0.0
CP,CP_ICACHE_HITS,flat_or_saturated,890155.0,843056.0,5350.0,0.006345960410696324,-0.47665429641295093,-227.05062373991947,843056.0,1072.0,15438.0,25239.0,5350.0
SP,SP_LM_BANK_CONFLICTS,flat_or_saturated,884739.0,884739.0,0.0,0.0,-0.47660312381939823,-241.54920614919368,884739.0,0.0,0.0,0.0,0.0
SP,SP_TTU_GPR_RD_CYCLES,flat_or_saturated,884656.0,884656.0,0.0,0.0,-0.4766031238193983,-241.52654569892485,884656.0,0.0,0.0,0.0,0.0
CP,CP_MEMORY_POOL_ABOVE_THRESH,flat_or_saturated,855668.0,855668.0,0.0,0.0,-0.47660312381939823,-233.6123151881722,855668.0,0.0,0.0,0.0,0.0
CP,CP_MEMORY_POOL_SYNC_STALL,flat_or_saturated,855573.0,855573.0,0.0,0.0,-0.4766031238193983,-233.58637852822596,855573.0,0.0,0.0,0.0,0.0
UCHE,UCHE_BUSY_CYCLES,flat_or_saturated,768540.0,768540.0,0.0,0.0,-0.4766031238193982,-209.82484879032276,768540.0,0.0,0.0,0.0,0.0
SP,SP_ICL1_REQUESTS,flat_or_saturated,711744.0,711744.0,0.0,0.0,-0.4766031238193982,-194.3185483870969,711744.0,0.0,0.0,0.0,0.0
RBBM,RBBM_US_UCHE_BUSY,flat_or_saturated,675508.0,675508.0,0.0,0.0,-0.4766031238193981,-184.42548723118296,675508.0,0.0,0.0,0.0,0.0
SP,SP_WAVE_CTRL_CYCLES,flat_or_saturated,674845.0,674845.0,0.0,0.0,-0.4766031238193983,-184.24447664650546,674845.0,0.0,0.0,0.0,0.0
HLSQ,HLSQ_BUSY_CYCLES,flat_or_saturated,664600.0,645880.0,1768.0,0.0027373505914411347,-0.4771240539842175,-175.26629704301092,645880.0,416.0,6240.0,10296.0,1768.0
RBBM,RBBM_US_HLSQ_BUSY,flat_or_saturated,661101.0,641757.0,1768.0,0.002754936837463401,-0.4773499015314303,-174.1799605174733,641757.0,520.0,6552.0,10504.0,1768.0
SP,SP_CS_INVOCATIONS,flat_or_saturated,655360.0,655360.0,0.0,0.0,-0.47660312381939823,-178.92473118279577,655360.0,0.0,0.0,0.0,0.0
SP,SP_FS_STAGE_EFU_INSTRUCTIONS,flat_or_saturated,655360.0,655360.0,0.0,0.0,-0.47660312381939823,-178.92473118279577,655360.0,0.0,0.0,0.0,0.0
SP,SP_PIXELS,flat_or_saturated,655360.0,655360.0,0.0,0.0,-0.47660312381939823,-178.92473118279577,655360.0,0.0,0.0,0.0,0.0
SP,SP_WAVE_LOAD_CYCLES,flat_or_saturated,572010.0,572010.0,0.0,0.0,-0.47660312381939823,-156.16872479838716,572010.0,0.0,0.0,0.0,0.0
SP,SP_WAVE_JOIN_CYCLES,flat_or_saturated,563777.0,563777.0,0.0,0.0,-0.4766031238193982,-153.9209719422044,563777.0,0.0,0.0,0.0,0.0
TP,TP_L1_5_L2_COMPRESS_MISS,flat_or_saturated,541730.0,541730.0,0.0,0.0,-0.47660312381939823,-147.90175571236566,541730.0,0.0,0.0,0.0,0.0
SP,SP_FS_STAGE_TEX_INSTRUCTIONS,flat_or_saturated,507904.0,507904.0,0.0,0.0,-0.47660312381939807,-138.66666666666677,507904.0,0.0,0.0,0.0,0.0
SP,SP_GM_STORE_INSTRUCTIONS,flat_or_saturated,507904.0,507904.0,0.0,0.0,-0.47660312381939807,-138.66666666666677,507904.0,0.0,0.0,0.0,0.0
SP,SP_TEXTURE_FETCH_LATENCY_SAMPLES,flat_or_saturated,507904.0,507904.0,0.0,0.0,-0.47660312381939807,-138.66666666666677,507904.0,0.0,0.0,0.0,0.0
TP,TP_QUADS_BUFFER,flat_or_saturated,507904.0,507904.0,0.0,0.0,-0.47660312381939807,-138.66666666666677,507904.0,0.0,0.0,0.0,0.0
TP,TP_QUADS_RECEIVED,flat_or_saturated,507904.0,507904.0,0.0,0.0,-0.47660312381939807,-138.66666666666677,507904.0,0.0,0.0,0.0,0.0
UCHE,UCHE_WRITE_REQUESTS_SP,flat_or_saturated,507904.0,507904.0,0.0,0.0,-0.47660312381939807,-138.66666666666677,507904.0,0.0,0.0,0.0,0.0
UCHE,UCHE_RAM_READ_REQ,flat_or_saturated,505980.0,505980.0,0.0,0.0,-0.4766031238193983,-138.14138104838716,505980.0,0.0,0.0,0.0,0.0
UCHE,UCHE_READ_REQUESTS_TP,flat_or_saturated,503368.0,503368.0,0.0,0.0,-0.4766031238193982,-137.42825940860223,503368.0,0.0,0.0,0.0,0.0
UCHE,UCHE_READ_REQUESTS_TP_GBIF,flat_or_saturated,503368.0,503368.0,0.0,0.0,-0.4766031238193982,-137.42825940860223,503368.0,0.0,0.0,0.0,0.0
RBBM,RBBM_US_PC_BUSY,flat_or_saturated,473045.0,473045.0,0.0,0.0,-0.4766031238193982,-129.14955057123663,473045.0,0.0,0.0,0.0,0.0
PC,PC_US_BUSY_CYCLES,flat_or_saturated,472712.0,472712.0,0.0,0.0,-0.4766031238193982,-129.05863575268825,472712.0,0.0,0.0,0.0,0.0
SP,SP_BRANCH_INS_COUNT,flat_or_saturated,463872.0,463872.0,0.0,0.0,-0.47660312381939823,-126.64516129032265,463872.0,0.0,0.0,0.0,0.0
PC,PC_US_STALL_CYCLES_COMPUTE_GFX,flat_or_saturated,462888.0,462888.0,0.0,0.0,-0.4766031238193982,-126.37651209677425,462888.0,0.0,0.0,0.0,0.0
SP,SP_ALU_DATA_FORWARDING_CYCLES,flat_or_saturated,427090.0,427090.0,0.0,0.0,-0.4766031238193981,-116.6030325940861,427090.0,0.0,0.0,0.0,0.0
UCHE,UCHE_RAM_WRITE_REQ,flat_or_saturated,418808.0,418808.0,0.0,0.0,-0.4766031238193983,-114.3419018817205,418808.0,0.0,0.0,0.0,0.0
SP,SP_WAVE_INPUT_CYCLES,flat_or_saturated,380664.0,380664.0,0.0,0.0,-0.4766031238193983,-103.92792338709687,380664.0,0.0,0.0,0.0,0.0
SP,SP_LDST_EXECUTION_CYCLES,flat_or_saturated,335373.0,335373.0,0.0,0.0,-0.4766031238193982,-91.56268901209685,335373.0,0.0,0.0,0.0,0.0
SP,SP_BRANCH_TAKEN,flat_or_saturated,326656.0,326656.0,0.0,0.0,-0.476603123819398,-89.1827956989248,326656.0,0.0,0.0,0.0,0.0
UCHE,UCHE_STARVED_CYCLES_VBIF_DECMP,flat_or_saturated,313258.0,313258.0,0.0,0.0,-0.47660312381939823,-85.52490759408609,313258.0,0.0,0.0,0.0,0.0
SP,SP_WAVE_CSP_CYCLES,flat_or_saturated,270070.0,270070.0,0.0,0.0,-0.4766031238193981,-73.7338289650538,270070.0,0.0,0.0,0.0,0.0
SP,SP_LB_READ_XFER_ALU,flat_or_saturated,257555.0,257555.0,0.0,0.0,-0.47660312381939823,-70.31701528897855,257555.0,0.0,0.0,0.0,0.0
SP,SP_CCHE_NONUAV_TOTAL_DUALQUAD,flat_or_saturated,253952.0,253952.0,0.0,0.0,-0.47660312381939807,-69.33333333333339,253952.0,0.0,0.0,0.0,0.0
SP,SP_CCHE_UAV_TOTAL_DUALQUAD,flat_or_saturated,253952.0,253952.0,0.0,0.0,-0.47660312381939807,-69.33333333333339,253952.0,0.0,0.0,0.0,0.0
SP,SP_CCHE_UAV_TOTAL_REQ,flat_or_saturated,253952.0,253952.0,0.0,0.0,-0.47660312381939807,-69.33333333333339,253952.0,0.0,0.0,0.0,0.0
SP,SP_UCHE_WRITE_TRANS,flat_or_saturated,253952.0,253952.0,0.0,0.0,-0.47660312381939807,-69.33333333333339,253952.0,0.0,0.0,0.0,0.0
TP,TP_BACKEND_WORKING_CYCLES,flat_or_saturated,253952.0,253952.0,0.0,0.0,-0.47660312381939807,-69.33333333333339,253952.0,0.0,0.0,0.0,0.0
TP,TP_FRONTEND_WORKING_CYCLES,flat_or_saturated,253952.0,253952.0,0.0,0.0,-0.47660312381939807,-69.33333333333339,253952.0,0.0,0.0,0.0,0.0
TP,TP_L1_5_CACHE_WORKING_CYCLES,flat_or_saturated,253952.0,253952.0,0.0,0.0,-0.47660312381939807,-69.33333333333339,253952.0,0.0,0.0,0.0,0.0
TP,TP_L1_5_L2_REQUESTS,flat_or_saturated,253952.0,253952.0,0.0,0.0,-0.47660312381939807,-69.33333333333339,253952.0,0.0,0.0,0.0,0.0
TP,TP_L1_CACHELINE_MISSES,flat_or_saturated,253952.0,253952.0,0.0,0.0,-0.47660312381939807,-69.33333333333339,253952.0,0.0,0.0,0.0,0.0
TP,TP_L1_CACHELINE_REQUESTS,flat_or_saturated,253952.0,253952.0,0.0,0.0,-0.47660312381939807,-69.33333333333339,253952.0,0.0,0.0,0.0,0.0
TP,TP_L1_DATA_WRITE_WORKING_CYCLES,flat_or_saturated,253952.0,253952.0,0.0,0.0,-0.47660312381939807,-69.33333333333339,253952.0,0.0,0.0,0.0,0.0
TP,TP_L1_TAG_WORKING_CYCLES,flat_or_saturated,253952.0,253952.0,0.0,0.0,-0.47660312381939807,-69.33333333333339,253952.0,0.0,0.0,0.0,0.0
TP,TP_PRE_L1_DECOM_WORKING_CYCLES,flat_or_saturated,253952.0,253952.0,0.0,0.0,-0.47660312381939807,-69.33333333333339,253952.0,0.0,0.0,0.0,0.0
UCHE,UCHE_VBIF_STALL_WRITE_DATA,flat_or_saturated,249658.0,249658.0,0.0,0.0,-0.47660312381939823,-68.16099630376348,249658.0,0.0,0.0,0.0,0.0
CP,CP_SQE_PM4_STARVE_RB,flat_or_saturated,211715.0,187909.0,2146.0,0.011420421587044793,-0.47995736734583516,-50.11561239919359,187909.0,597.0,8458.0,12605.0,2146.0
SP,SP_CCHE_NONUAV_TOTAL_REQ,flat_or_saturated,184320.0,184320.0,0.0,0.0,-0.4766031238193982,-50.32258064516133,184320.0,0.0,0.0,0.0,0.0
SP,SP_LB_ALU_READ_CONS,flat_or_saturated,171539.0,171539.0,0.0,0.0,-0.4766031238193982,-46.83314432123659,171539.0,0.0,0.0,0.0,0.0
SP,SP_BRANCH_NOT_TAKEN,flat_or_saturated,167936.0,167936.0,0.0,0.0,-0.4766031238193981,-45.84946236559144,167936.0,0.0,0.0,0.0,0.0
SP,SP_WAVE_IDLE_CYCLES,flat_or_saturated,167520.0,167520.0,0.0,0.0,-0.47660312381939807,-45.73588709677423,167520.0,0.0,0.0,0.0,0.0
UCHE,UCHE_VBIF_READ_BEATS_TP,flat_or_saturated,164848.0,164848.0,0.0,0.0,-0.47660312381939823,-45.00638440860219,164848.0,0.0,0.0,0.0,0.0
SP,SP_EFU_WORKING_CYCLES,flat_or_saturated,163840.0,163840.0,0.0,0.0,-0.47660312381939823,-44.73118279569894,163840.0,0.0,0.0,0.0,0.0
SP,SP_QUADS,flat_or_saturated,163840.0,163840.0,0.0,0.0,-0.47660312381939823,-44.73118279569894,163840.0,0.0,0.0,0.0,0.0
CP,CP_PREEMPTION_REACTION_DELAY,flat_or_saturated,151668.0,150131.0,0.0,0.0,-0.4798720200373881,-41.16592111895164,150131.0,0.0,1537.0,0.0,0.0
SP,SP_TEX_CONTROL_WORKING_CYCLES,flat_or_saturated,145339.0,145339.0,0.0,0.0,-0.4766031238193982,-39.680086525537654,145339.0,0.0,0.0,0.0,0.0
CP,CP_SQE_RRB_STARVE,flat_or_saturated,143892.0,131610.0,1135.0,0.008623964744320341,-0.47851880194082175,-35.268628192204325,131610.0,298.0,4192.0,6657.0,1135.0
UCHE,UCHE_VBIF_WRITE_BEATS_CH0,flat_or_saturated,126976.0,126976.0,0.0,0.0,-0.47660312381939807,-34.66666666666669,126976.0,0.0,0.0,0.0,0.0
UCHE,UCHE_VBIF_WRITE_BEATS_CH1,flat_or_saturated,126976.0,126976.0,0.0,0.0,-0.47660312381939807,-34.66666666666669,126976.0,0.0,0.0,0.0,0.0
LRZ,LRZ_NEVER_COUNT,flat_or_saturated,118590.0,118590.0,0.0,0.0,-0.47660312381939823,-32.37714213709679,118590.0,0.0,0.0,0.0,0.0
LRZ,LRZ_BUSY_CYCLES,flat_or_saturated,118442.0,118442.0,0.0,0.0,-0.4766031238193981,-32.33673555107531,118442.0,0.0,0.0,0.0,0.0
UCHE,UCHE_VBIF_LATENCY_SAMPLES,flat_or_saturated,82424.0,82424.0,0.0,0.0,-0.47660312381939823,-22.503192204301094,82424.0,0.0,0.0,0.0,0.0
UCHE,UCHE_VBIF_READ_BEATS_CH0,flat_or_saturated,82424.0,82424.0,0.0,0.0,-0.47660312381939823,-22.503192204301094,82424.0,0.0,0.0,0.0,0.0
UCHE,UCHE_VBIF_READ_BEATS_CH1,flat_or_saturated,82424.0,82424.0,0.0,0.0,-0.47660312381939823,-22.503192204301094,82424.0,0.0,0.0,0.0,0.0
UCHE,UCHE_TPH_CONFLICT_CL_CCHE,flat_or_saturated,80135.0,80135.0,0.0,0.0,-0.4766031238193982,-21.878255208333346,80135.0,0.0,0.0,0.0,0.0
HLSQ,HLSQ_FS_WAIT_SAME_VS_S2W,flat_or_saturated,66937.0,66937.0,0.0,0.0,-0.47660312381939823,-18.27497059811829,66937.0,0.0,0.0,0.0,0.0
TP,TP_SP_TP_TRANS,flat_or_saturated,63488.0,63488.0,0.0,0.0,-0.47660312381939807,-17.333333333333346,63488.0,0.0,0.0,0.0,0.0
CP,CP_VBIF_READ_BEATS,flat_or_saturated,61013.0,55079.0,578.0,0.010494017683690699,-0.4780205629656948,-14.694934475806457,55079.0,142.0,1982.0,3232.0,578.0
UCHE,UCHE_CCHE_TPH_QUEUE_FULL,flat_or_saturated,60704.0,60704.0,0.0,0.0,-0.4766031238193982,-16.573252688172058,60704.0,0.0,0.0,0.0,0.0
SP,SP_WAVE_EMIT_CYCLES,flat_or_saturated,56320.0,56320.0,0.0,0.0,-0.47660312381939823,-15.376344086021517,56320.0,0.0,0.0,0.0,0.0
SP,SP_WAVE_OUTPUT_CYCLES,flat_or_saturated,56320.0,56320.0,0.0,0.0,-0.47660312381939823,-15.376344086021517,56320.0,0.0,0.0,0.0,0.0
HLSQ,HLSQ_BV_DATA_WAIT_PROGRAMMING,flat_or_saturated,50241.0,50241.0,0.0,0.0,-0.4766031238193982,-13.716670866935493,50241.0,0.0,0.0,0.0,0.0
UCHE,UCHE_BANK_REQ0,flat_or_saturated,47549.0,47549.0,0.0,0.0,-0.47660312381939823,-12.981707829301087,47549.0,0.0,0.0,0.0,0.0
UCHE,UCHE_BANK_REQ4,flat_or_saturated,47546.0,47546.0,0.0,0.0,-0.4766031238193982,-12.980888776881732,47546.0,0.0,0.0,0.0,0.0
UCHE,UCHE_BANK_REQ1,flat_or_saturated,47536.0,47536.0,0.0,0.0,-0.4766031238193981,-12.978158602150547,47536.0,0.0,0.0,0.0,0.0
UCHE,UCHE_BANK_REQ5,flat_or_saturated,47536.0,47536.0,0.0,0.0,-0.4766031238193981,-12.978158602150547,47536.0,0.0,0.0,0.0,0.0
UCHE,UCHE_BANK_REQ3,flat_or_saturated,47520.0,47520.0,0.0,0.0,-0.4766031238193982,-12.973790322580655,47520.0,0.0,0.0,0.0,0.0
UCHE,UCHE_BANK_REQ2,flat_or_saturated,47472.0,47472.0,0.0,0.0,-0.47660312381939807,-12.960685483870977,47472.0,0.0,0.0,0.0,0.0
UCHE,UCHE_BANK_REQ6,flat_or_saturated,47454.0,47454.0,0.0,0.0,-0.4766031238193982,-12.955771169354845,47454.0,0.0,0.0,0.0,0.0
UCHE,UCHE_BANK_REQ7,flat_or_saturated,47446.0,47446.0,0.0,0.0,-0.4766031238193981,-12.953587029569897,47446.0,0.0,0.0,0.0,0.0
VPC,VPC_FE_BUSY_CYCLES,flat_or_saturated,44958.0,44958.0,0.0,0.0,-0.47660312381939823,-12.274319556451621,44958.0,0.0,0.0,0.0,0.0
VPC,VPC_FE_VS_BUSY_CYCLES,flat_or_saturated,43746.0,43746.0,0.0,0.0,-0.4766031238193981,-11.943422379032267,43746.0,0.0,0.0,0.0,0.0
SP,SP_LB_READ_ALU_BLOCK_OTHER,flat_or_saturated,38450.0,38450.0,0.0,0.0,-0.4766031238193981,-10.497521841397859,38450.0,0.0,0.0,0.0,0.0
TP,TP_L1_5_MISS_LATENCY_TRANS,flat_or_saturated,37749.0,37749.0,0.0,0.0,-0.4766031238193982,-10.30613659274194,37749.0,0.0,0.0,0.0,0.0
VPC,VPC_BE_BUSY_CYCLES,flat_or_saturated,33036.0,33036.0,0.0,0.0,-0.4766031238193982,-9.019405241935488,33036.0,0.0,0.0,0.0,0.0
SP,SP_LB_LDST_RW_LM_BLOCKED,flat_or_saturated,32824.0,32824.0,0.0,0.0,-0.4766031238193982,-8.961525537634415,32824.0,0.0,0.0,0.0,0.0
SP,SP_TTU_BUSY_CYCLES,flat_or_saturated,32824.0,32824.0,0.0,0.0,-0.4766031238193982,-8.961525537634415,32824.0,0.0,0.0,0.0,0.0
UCHE,UCHE_EVICTS,flat_or_saturated,31744.0,31744.0,0.0,0.0,-0.47660312381939807,-8.666666666666673,31744.0,0.0,0.0,0.0,0.0
UCHE,UCHE_ARBITER_STALL_CYCLES_VBIF,flat_or_saturated,31545.0,31545.0,0.0,0.0,-0.4766031238193982,-8.612336189516135,31545.0,0.0,0.0,0.0,0.0
SP,SP_BRANCH_INS_DIVERGENCY_COUNT,flat_or_saturated,30720.0,30720.0,0.0,0.0,-0.4766031238193981,-8.387096774193553,30720.0,0.0,0.0,0.0,0.0
CP,CP_ICACHE_MISSES,flat_or_saturated,29231.0,26256.0,289.0,0.011007007921998782,-0.4778950760168415,-6.994298135080653,26256.0,68.0,986.0,1632.0,289.0
TSE,TSE_LRZ_BARY_INTF_WORKING_CYCLE_L1,flat_or_saturated,28577.0,28577.0,0.0,0.0,-0.4766031238193982,-7.80202032930108,28577.0,0.0,0.0,0.0,0.0
UCHE,UCHE_STALL_CYCLES_ARBITER,flat_or_saturated,27981.0,27981.0,0.0,0.0,-0.47660312381939823,-7.639301915322587,27981.0,0.0,0.0,0.0,0.0
VPC,VPC_BE_STARVE_CYCLES_LRZ,flat_or_saturated,26925.0,26925.0,0.0,0.0,-0.4766031238193981,-7.350995463709682,26925.0,0.0,0.0,0.0,0.0
TSE,TSE_VPC_STARVE_TSE,flat_or_saturated,26181.0,26181.0,0.0,0.0,-0.47660312381939823,-7.147870463709682,26181.0,0.0,0.0,0.0,0.0
UCHE,UCHE_DBANK_CONFLICT_CL_CCHE,flat_or_saturated,23884.0,23884.0,0.0,0.0,-0.47660312381939823,-6.520749327956993,23884.0,0.0,0.0,0.0,0.0
RB,RB_ZPROC_WORKING_CYCLES,flat_or_saturated,23088.0,23088.0,0.0,0.0,-0.47660312381939823,-6.303427419354843,23088.0,0.0,0.0,0.0,0.0
SP,SP_GPR_WRITE_CONFLICT,flat_or_saturated,21034.0,21034.0,0.0,0.0,-0.4766031238193981,-5.742649529569898,21034.0,0.0,0.0,0.0,0.0
SP,SP_WAVE_EFU_CYCLES,flat_or_saturated,20480.0,20480.0,0.0,0.0,-0.47660312381939823,-5.591397849462368,20480.0,0.0,0.0,0.0,0.0
RB,RB_STARVE_CYCLES_LRZ_TILE,flat_or_saturated,20172.0,20172.0,0.0,0.0,-0.4766031238193981,-5.507308467741942,20172.0,0.0,0.0,0.0,0.0
VPC,VPC_FE_WORKING_CYCLES,flat_or_saturated,20165.0,20165.0,0.0,0.0,-0.4766031238193982,-5.505397345430112,20165.0,0.0,0.0,0.0,0.0
SP,SP_STALL_CYCLES_TP,flat_or_saturated,19661.0,19661.0,0.0,0.0,-0.47660312381939807,-5.367796538978498,19661.0,0.0,0.0,0.0,0.0
TSE,TSE_BE_BUSY_CYCLES,flat_or_saturated,18807.0,18807.0,0.0,0.0,-0.47660312381939823,-5.134639616935488,18807.0,0.0,0.0,0.0,0.0
TSE,TSE_MVC_STALL_VPC,flat_or_saturated,15761.0,15761.0,0.0,0.0,-0.4766031238193982,-4.303028393817207,15761.0,0.0,0.0,0.0,0.0
VPC,VPC_BE_WORKING_CYCLES,flat_or_saturated,15405.0,15405.0,0.0,0.0,-0.4766031238193983,-4.205834173387098,15405.0,0.0,0.0,0.0,0.0
UCHE,UCHE_EVICTS_SP,flat_or_saturated,13432.0,13432.0,0.0,0.0,-0.47660312381939823,-3.667170698924735,13432.0,0.0,0.0,0.0,0.0
PC,PC_S_WORKING_CYCLES,flat_or_saturated,12945.0,12945.0,0.0,0.0,-0.4766031238193981,-3.5342111895161312,12945.0,0.0,0.0,0.0,0.0
VFD,VFD_BUSY_CYCLES,flat_or_saturated,11742.0,11742.0,0.0,0.0,-0.47660312381939823,-3.2057711693548416,11742.0,0.0,0.0,0.0,0.0
RB,RB_SAMPLER_WORKING_CYCLES,flat_or_saturated,11688.0,11688.0,0.0,0.0,-0.4766031238193982,-3.1910282258064546,11688.0,0.0,0.0,0.0,0.0
VPC,VPC_FE_VS_WORKING_CYCLES,flat_or_saturated,11454.0,11454.0,0.0,0.0,-0.47660312381939823,-3.1271421370967754,11454.0,0.0,0.0,0.0,0.0
TSE,TSE_BE_STARVE_CYCLES_PC,flat_or_saturated,10662.0,10662.0,0.0,0.0,-0.4766031238193981,-2.9109122983870988,10662.0,0.0,0.0,0.0,0.0
PC,PC_S_BUSY_CYCLES,flat_or_saturated,10384.0,10384.0,0.0,0.0,-0.4766031238193982,-2.835013440860218,10384.0,0.0,0.0,0.0,0.0
SP,SP_FS_STAGE_WAVE_SAMPLES,flat_or_saturated,10240.0,10240.0,0.0,0.0,-0.47660312381939823,-2.795698924731184,10240.0,0.0,0.0,0.0,0.0
SP,SP_WAVE_END_CYCLES,flat_or_saturated,10240.0,10240.0,0.0,0.0,-0.47660312381939823,-2.795698924731184,10240.0,0.0,0.0,0.0,0.0
HLSQ,HLSQ_FS_S2W_CYCLES_SP,flat_or_saturated,8040.0,8040.0,0.0,0.0,-0.4766031238193983,-2.195060483870969,8040.0,0.0,0.0,0.0,0.0
TSE,TSE_CULLING_WORKING_CYCLE_L1,flat_or_saturated,7848.0,7848.0,0.0,0.0,-0.47660312381939823,-2.14264112903226,7848.0,0.0,0.0,0.0,0.0
TSE,TSE_SETUP_WORKING_CYCLE_L1,flat_or_saturated,7848.0,7848.0,0.0,0.0,-0.47660312381939823,-2.14264112903226,7848.0,0.0,0.0,0.0,0.0
TSE,TSE_FE_EARLY_BFCULL_GBCLIPPED_PRIM,flat_or_saturated,7755.0,7755.0,0.0,0.0,-0.4766031238193981,-2.1172505040322602,7755.0,0.0,0.0,0.0,0.0
TSE,TSE_FE_BUSY_CYCLES,flat_or_saturated,7752.0,7752.0,0.0,0.0,-0.47660312381939823,-2.116431451612905,7752.0,0.0,0.0,0.0,0.0
CP,CP_SQE_SYNC_STALL,flat_or_saturated,7555.0,7555.0,0.0,0.0,-0.4766031238193981,-2.062647009408604,7555.0,0.0,0.0,0.0,0.0
TP,TP_LATENCY_TRANS,flat_or_saturated,7463.0,7463.0,0.0,0.0,-0.4766031238193982,-2.0375294018817223,7463.0,0.0,0.0,0.0,0.0
TSE,TSE_REG_PROGRAMMING_WORKING_CYCLE_L1,flat_or_saturated,7305.0,7305.0,0.0,0.0,-0.4766031238193982,-1.994392641129034,7305.0,0.0,0.0,0.0,0.0
TSE,TSE_FE_STARVE_CYCLES_PC,flat_or_saturated,7068.0,7068.0,0.0,0.0,-0.4766031238193982,-1.929687500000001,7068.0,0.0,0.0,0.0,0.0
HLSQ,HLSQ_L2STC_LATENCY_CYCLES,flat_or_saturated,6031.0,6031.0,0.0,0.0,-0.47660312381939823,-1.6465683803763451,6031.0,0.0,0.0,0.0,0.0
VPC,VPC_US_WORKING_CYCLES,flat_or_saturated,5877.0,5877.0,0.0,0.0,-0.47660312381939823,-1.60452368951613,5877.0,0.0,0.0,0.0,0.0
VPC,VPC_US_BUSY_CYCLES,flat_or_saturated,5788.0,5788.0,0.0,0.0,-0.4766031238193981,-1.5802251344086031,5788.0,0.0,0.0,0.0,0.0
VPC,VPC_BE_PS_WORKING_CYCLES,flat_or_saturated,5655.0,5655.0,0.0,0.0,-0.4766031238193982,-1.5439138104838717,5655.0,0.0,0.0,0.0,0.0
HLSQ,HLSQ_FS_S2W_CYCLES,flat_or_saturated,5640.0,5640.0,0.0,0.0,-0.47660312381939823,-1.5398185483870983,5640.0,0.0,0.0,0.0,0.0
SP,SP_FS_STAGE_2X_WAVES,flat_or_saturated,5120.0,5120.0,0.0,0.0,-0.47660312381939823,-1.397849462365592,5120.0,0.0,0.0,0.0,0.0
PC,PC_US_WORKING_CYCLES,flat_or_saturated,5044.0,5044.0,0.0,0.0,-0.4766031238193982,-1.3771001344086027,5044.0,0.0,0.0,0.0,0.0
UCHE,UCHE_TPH_EXT_FULL,flat_or_saturated,5003.0,5003.0,0.0,0.0,-0.4766031238193981,-1.3659064180107539,5003.0,0.0,0.0,0.0,0.0
HLSQ,HLSQ_UCHE_LATENCY_CYCLES,flat_or_saturated,4803.0,4803.0,0.0,0.0,-0.4766031238193982,-1.3113029233870974,4803.0,0.0,0.0,0.0,0.0
SP,SP_STALL_CYCLES_UCHE,flat_or_saturated,4730.0,4730.0,0.0,0.0,-0.4766031238193982,-1.291372647849463,4730.0,0.0,0.0,0.0,0.0
TSE,TSE_SETUP_FMUL_5_WORKING_CYCLE_L3,flat_or_saturated,4554.0,4554.0,0.0,0.0,-0.47660312381939807,-1.2433215725806461,4554.0,0.0,0.0,0.0,0.0
RAS,RAS_SUPERTILE_GEN_ACTIVE_CYCLES,flat_or_saturated,4476.0,4476.0,0.0,0.0,-0.4766031238193981,-1.2220262096774204,4476.0,0.0,0.0,0.0,0.0
TSE,TSE_SETUP_CTRL_WORKING_CYCLE_L2,flat_or_saturated,4398.0,4398.0,0.0,0.0,-0.4766031238193982,-1.2007308467741946,4398.0,0.0,0.0,0.0,0.0
TSE,TSE_SETUP_FDP3_0_WORKING_CYCLE_L3,flat_or_saturated,4398.0,4398.0,0.0,0.0,-0.4766031238193982,-1.2007308467741946,4398.0,0.0,0.0,0.0,0.0
TSE,TSE_SETUP_FDP3_1_WORKING_CYCLE_L3,flat_or_saturated,4398.0,4398.0,0.0,0.0,-0.4766031238193982,-1.2007308467741946,4398.0,0.0,0.0,0.0,0.0
TSE,TSE_SETUP_FDP3_WORKING_CYCLE_L2,flat_or_saturated,4398.0,4398.0,0.0,0.0,-0.4766031238193982,-1.2007308467741946,4398.0,0.0,0.0,0.0,0.0
TSE,TSE_SETUP_FMUL_0_WORKING_CYCLE_L3,flat_or_saturated,4368.0,4368.0,0.0,0.0,-0.47660312381939807,-1.1925403225806457,4368.0,0.0,0.0,0.0,0.0
TSE,TSE_SETUP_FMUL_1_WORKING_CYCLE_L3,flat_or_saturated,4368.0,4368.0,0.0,0.0,-0.47660312381939807,-1.1925403225806457,4368.0,0.0,0.0,0.0,0.0
TSE,TSE_SETUP_FMUL_2_WORKING_CYCLE_L3,flat_or_saturated,4368.0,4368.0,0.0,0.0,-0.47660312381939807,-1.1925403225806457,4368.0,0.0,0.0,0.0,0.0
TSE,TSE_SETUP_FMUL_WORKING_CYCLE_L2,flat_or_saturated,4368.0,4368.0,0.0,0.0,-0.47660312381939807,-1.1925403225806457,4368.0,0.0,0.0,0.0,0.0
VPC,VPC_BE_PS_BUSY_CYCLES,flat_or_saturated,4341.0,4341.0,0.0,0.0,-0.4766031238193981,-1.1851688508064524,4341.0,0.0,0.0,0.0,0.0
TSE,TSE_SETUP_FDP3_2_WORKING_CYCLE_L3,flat_or_saturated,4191.0,4191.0,0.0,0.0,-0.4766031238193981,-1.1442162298387104,4191.0,0.0,0.0,0.0,0.0
TSE,TSE_SETUP_FDP3_3_WORKING_CYCLE_L3,flat_or_saturated,4191.0,4191.0,0.0,0.0,-0.4766031238193981,-1.1442162298387104,4191.0,0.0,0.0,0.0,0.0
TSE,TSE_SETUP_FDP3_4_WORKING_CYCLE_L3,flat_or_saturated,4191.0,4191.0,0.0,0.0,-0.4766031238193981,-1.1442162298387104,4191.0,0.0,0.0,0.0,0.0
TSE,TSE_SETUP_FDP3_5_WORKING_CYCLE_L3,flat_or_saturated,4191.0,4191.0,0.0,0.0,-0.4766031238193981,-1.1442162298387104,4191.0,0.0,0.0,0.0,0.0
TSE,TSE_SETUP_FMUL_3_WORKING_CYCLE_L3,flat_or_saturated,4182.0,4182.0,0.0,0.0,-0.47660312381939823,-1.1417590725806461,4182.0,0.0,0.0,0.0,0.0
TSE,TSE_SETUP_FMUL_4_WORKING_CYCLE_L3,flat_or_saturated,4182.0,4182.0,0.0,0.0,-0.47660312381939823,-1.1417590725806461,4182.0,0.0,0.0,0.0,0.0
HLSQ,HLSQ_FS_STARVING_SP,flat_or_saturated,3958.0,3958.0,0.0,0.0,-0.4766031238193982,-1.0806031586021514,3958.0,0.0,0.0,0.0,0.0
HLSQ,HLSQ_FS_DATA_WAIT_PROGRAMMING,flat_or_saturated,3600.0,3600.0,0.0,0.0,-0.4766031238193982,-0.9828629032258074,3600.0,0.0,0.0,0.0,0.0
CP,CP_CONTEXT_DONE,flat_or_saturated,3273.0,2983.0,0.0,0.0,-0.5062161093115518,-0.8479082661290328,2983.0,0.0,290.0,0.0,0.0
CP,CP_AHB_STALL_SQE_GMU,flat_or_saturated,3010.0,3010.0,0.0,0.0,-0.47660312381939823,-0.8217825940860221,3010.0,0.0,0.0,0.0,0.0
RBBM,RBBM_US_COM_BUSY,flat_or_saturated,2395.0,2395.0,0.0,0.0,-0.4766031238193982,-0.65387684811828,2395.0,0.0,0.0,0.0,0.0
RBBM,RBBM_US_VSC_BUSY,flat_or_saturated,2078.0,2078.0,0.0,0.0,-0.4766031238193983,-0.5673303091397853,2078.0,0.0,0.0,0.0,0.0
CP,CP_VBIF_WRITE_BEATS,flat_or_saturated,2051.0,1877.0,17.0,0.009057005860415556,-0.4777977141104268,-0.5023101478494625,1877.0,4.0,58.0,95.0,17.0
CP,CP_SQE_MRB_STARVE,flat_or_saturated,2044.0,2044.0,0.0,0.0,-0.47660312381939823,-0.558047715053764,2044.0,0.0,0.0,0.0,0.0
HLSQ,HLSQ_STPROC_WAVE_CONTEXTS_FS,flat_or_saturated,2025.0,2025.0,0.0,0.0,-0.4766031238193982,-0.5528603830645166,2025.0,0.0,0.0,0.0,0.0
HLSQ,HLSQ_STPROC_WAVE_CONTEXT_CYCLES_FS,flat_or_saturated,2025.0,2025.0,0.0,0.0,-0.4766031238193982,-0.5528603830645166,2025.0,0.0,0.0,0.0,0.0
RB,RB_HLSQ_ACTIVE,flat_or_saturated,2004.0,2004.0,0.0,0.0,-0.4766031238193982,-0.5471270161290324,2004.0,0.0,0.0,0.0,0.0
RB,RB_STARVE_CYCLES_Z_PLANE,flat_or_saturated,2004.0,2004.0,0.0,0.0,-0.4766031238193982,-0.5471270161290324,2004.0,0.0,0.0,0.0,0.0
HLSQ,HLSQ_FS_DEREF_CYCLES,flat_or_saturated,1986.0,1986.0,0.0,0.0,-0.4766031238193982,-0.5422127016129035,1986.0,0.0,0.0,0.0,0.0
HLSQ,HLSQ_FS_STALL_CYCLES,flat_or_saturated,1893.0,1893.0,0.0,0.0,-0.47660312381939823,-0.5168220766129037,1893.0,0.0,0.0,0.0,0.0
CP,CP_SQE_PM4_STARVE_IB2,flat_or_saturated,1765.0,1765.0,0.0,0.0,-0.4766031238193981,-0.48187584005376377,1765.0,0.0,0.0,0.0,0.0
HLSQ,HLSQ_VSBR_STALL_CYCLES,flat_or_saturated,1541.0,1541.0,0.0,0.0,-0.47660312381939823,-0.4207199260752691,1541.0,0.0,0.0,0.0,0.0
TSE,TSE_EDGE_SETUP_IMUL_WORKING_CYCLE_L2,flat_or_saturated,1086.0,1086.0,0.0,0.0,-0.4766031238193983,-0.2964969758064518,1086.0,0.0,0.0,0.0,0.0
VPC,VPC_US_STARVE_CYCLES_TSE_FE,flat_or_saturated,1083.0,1083.0,0.0,0.0,-0.47660312381939823,-0.295677923387097,1083.0,0.0,0.0,0.0,0.0
HLSQ,HLSQ_DUAL_FS_PROG_ACTIVE,flat_or_saturated,1080.0,1080.0,0.0,0.0,-0.47660312381939823,-0.29485887096774216,1080.0,0.0,0.0,0.0,0.0
RAS,RAS_LRZ_INTF_WORKING_CYCLES,flat_or_saturated,1044.0,1044.0,0.0,0.0,-0.4766031238193982,-0.28503024193548404,1044.0,0.0,0.0,0.0,0.0
VFD,VFDP_STALL_CYCLES_VFD,flat_or_saturated,946.0,946.0,0.0,0.0,-0.4766031238193981,-0.25827452956989266,946.0,0.0,0.0,0.0,0.0
CP,CP_PM4_HEADERS,flat_or_saturated,905.0,905.0,0.0,0.0,-0.47660312381939823,-0.24708081317204325,905.0,0.0,0.0,0.0,0.0
RAS,RAS_STGEN_BOTTLENECK_CYCLES,flat_or_saturated,894.0,894.0,0.0,0.0,-0.4766031238193982,-0.2440776209677422,894.0,0.0,0.0,0.0,0.0
CP,CP_PM4_DATA,flat_or_saturated,827.0,827.0,0.0,0.0,-0.47660312381939823,-0.22578545026881736,827.0,0.0,0.0,0.0,0.0
VFD,VFDP_STALL_CYCLES_VFD_INDEX,flat_or_saturated,822.0,822.0,0.0,0.0,-0.47660312381939823,-0.224420362903226,822.0,0.0,0.0,0.0,0.0
CP,CP_SQE_T4_EXEC,flat_or_saturated,785.0,785.0,0.0,0.0,-0.4766031238193982,-0.2143187163978496,785.0,0.0,0.0,0.0,0.0
TSE,TSE_BE_STALL_CYCLES_RAS,flat_or_saturated,768.0,768.0,0.0,0.0,-0.47660312381939823,-0.20967741935483888,768.0,0.0,0.0,0.0,0.0
HLSQ,HLSQ_L2STC_REQ_SP,flat_or_saturated,720.0,720.0,0.0,0.0,-0.4766031238193982,-0.19657258064516145,720.0,0.0,0.0,0.0,0.0
HLSQ,HLSQ_L2STC_REQ_SP_HIT,flat_or_saturated,690.0,690.0,0.0,0.0,-0.47660312381939823,-0.18838205645161296,690.0,0.0,0.0,0.0,0.0
CP,CP_SQE_PM4_STARVE_IB1,flat_or_saturated,679.0,679.0,0.0,0.0,-0.47660312381939807,-0.18537886424731195,679.0,0.0,0.0,0.0,0.0
HLSQ,HLSQ_VSBR_DEREF_CYCLES,flat_or_saturated,671.0,671.0,0.0,0.0,-0.4766031238193981,-0.1831947244623657,671.0,0.0,0.0,0.0,0.0
HLSQ,HLSQ_L2STC_REQ_UCHE,flat_or_saturated,560.0,560.0,0.0,0.0,-0.4766031238193982,-0.15288978494623665,560.0,0.0,0.0,0.0,0.0
VFD,VFDP_STALL_CYCLES_VFD_PROG,flat_or_saturated,441.0,441.0,0.0,0.0,-0.4766031238193982,-0.12040070564516138,441.0,0.0,0.0,0.0,0.0
HLSQ,HLSQ_L2STC_REQ_HLSQ,flat_or_saturated,400.0,400.0,0.0,0.0,-0.4766031238193981,-0.10920698924731193,400.0,0.0,0.0,0.0,0.0
HLSQ,HLSQ_L2STC_REQ_INS_HLSQ,flat_or_saturated,360.0,360.0,0.0,0.0,-0.4766031238193982,-0.09828629032258072,360.0,0.0,0.0,0.0,0.0
CP,CP_SQE_PM4_STARVE_IB3,flat_or_saturated,320.0,320.0,0.0,0.0,-0.47660312381939823,-0.0873655913978495,320.0,0.0,0.0,0.0,0.0
PC,PC_US_NON_DRAWCALL_GLOBAL_EVENTS,flat_or_saturated,294.0,294.0,0.0,0.0,-0.476603123819398,-0.08026713709677426,294.0,0.0,0.0,0.0,0.0
SP,SP_GPR_READ_CONFLICT,flat_or_saturated,260.0,260.0,0.0,0.0,-0.4766031238193982,-0.07098454301075272,260.0,0.0,0.0,0.0,0.0
SP,SP_STCHE_MISS_INC_FS,flat_or_saturated,240.0,240.0,0.0,0.0,-0.4766031238193981,-0.06552419354838714,240.0,0.0,0.0,0.0,0.0
VPC,VPC_FE_BOTTLENECK,flat_or_saturated,234.0,234.0,0.0,0.0,-0.4766031238193982,-0.06388608870967745,234.0,0.0,0.0,0.0,0.0
HLSQ,HLSQ_BV_DEREF_CYCLES,flat_or_saturated,208.0,208.0,0.0,0.0,-0.4766031238193982,-0.0567876344086022,208.0,0.0,0.0,0.0,0.0
HLSQ,HLSQ_L2STC_REQ_HLSQ_HIT,flat_or_saturated,200.0,200.0,0.0,0.0,-0.4766031238193981,-0.05460349462365596,200.0,0.0,0.0,0.0,0.0
HLSQ,HLSQ_L2STC_REQ_INS_HLSQ_HIT,flat_or_saturated,160.0,160.0,0.0,0.0,-0.47660312381939823,-0.04368279569892475,160.0,0.0,0.0,0.0,0.0
CP,CP_CACHE_FLUSH,flat_or_saturated,143.0,137.0,0.0,0.0,-0.4903573889785067,-0.03809643817204304,137.0,0.0,6.0,0.0,0.0
CP,CP_SQE_PM4_WFI_STALL,flat_or_saturated,140.0,140.0,0.0,0.0,-0.4766031238193982,-0.03822244623655916,140.0,0.0,0.0,0.0,0.0
PC,PC_S_STALL_CYCLES_VFD,flat_or_saturated,120.0,120.0,0.0,0.0,-0.4766031238193981,-0.03276209677419357,120.0,0.0,0.0,0.0,0.0
SP,SP_ANY_EU_WORKING_VS_STAGE,flat_or_saturated,120.0,120.0,0.0,0.0,-0.4766031238193981,-0.03276209677419357,120.0,0.0,0.0,0.0,0.0
SP,SP_LDST_GMEM_REQ_NUM,flat_or_saturated,120.0,120.0,0.0,0.0,-0.4766031238193981,-0.03276209677419357,120.0,0.0,0.0,0.0,0.0
SP,SP_UCHE_WRITE_BURST,flat_or_saturated,120.0,120.0,0.0,0.0,-0.4766031238193981,-0.03276209677419357,120.0,0.0,0.0,0.0,0.0
SP,SP_WORKING_EU_VS_STAGE,flat_or_saturated,120.0,120.0,0.0,0.0,-0.4766031238193981,-0.03276209677419357,120.0,0.0,0.0,0.0,0.0
HLSQ,HLSQ_FS_WAIT_VS_S2W,flat_or_saturated,115.0,115.0,0.0,0.0,-0.4766031238193982,-0.03139700940860217,115.0,0.0,0.0,0.0,0.0
CP,CP_SQE_CTXT_REG_BUNCH_EXEC,flat_or_saturated,90.0,90.0,0.0,0.0,-0.4766031238193982,-0.02457157258064518,90.0,0.0,0.0,0.0,0.0
HLSQ,HLSQ_STPROC_L0_INS_LATENCY_CYCLE,flat_or_saturated,80.0,80.0,0.0,0.0,-0.47660312381939823,-0.021841397849462374,80.0,0.0,0.0,0.0,0.0
CP,CP_SQE_SAVE_SDS_STATE,flat_or_saturated,75.0,75.0,0.0,0.0,-0.4766031238193982,-0.020476310483870986,75.0,0.0,0.0,0.0,0.0
HLSQ,HLSQ_STPROC_L0_INS_HIT,flat_or_saturated,75.0,75.0,0.0,0.0,-0.4766031238193982,-0.020476310483870986,75.0,0.0,0.0,0.0,0.0
TP,TP_L1_BANK_CONFLICT,flat_or_saturated,74.0,74.0,0.0,0.0,-0.4766031238193982,-0.0202032930107527,74.0,0.0,0.0,0.0,0.0
HLSQ,HLSQ_BV_STALL_CYCLES,flat_or_saturated,67.0,67.0,0.0,0.0,-0.47660312381939823,-0.01829217069892474,67.0,0.0,0.0,0.0,0.0
HLSQ,HLSQ_FS_CONST_BUF_FULL_BLOCK_CPI,flat_or_saturated,60.0,60.0,0.0,0.0,-0.4766031238193981,-0.016381048387096784,60.0,0.0,0.0,0.0,0.0
PC,PC_S_STALL_CYCLES_VFD_ONLY,flat_or_saturated,60.0,60.0,0.0,0.0,-0.4766031238193981,-0.016381048387096784,60.0,0.0,0.0,0.0,0.0
VFD,VFD_TOTAL_VERTICES,flat_or_saturated,60.0,60.0,0.0,0.0,-0.4766031238193981,-0.016381048387096784,60.0,0.0,0.0,0.0,0.0
HLSQ,HLSQ_BV_WAIT_FS_S2W,flat_or_saturated,45.0,45.0,0.0,0.0,-0.4766031238193982,-0.01228578629032259,45.0,0.0,0.0,0.0,0.0
HLSQ,HLSQ_L2STC_LATENCY_COUNT,flat_or_saturated,35.0,35.0,0.0,0.0,-0.4766031238193982,-0.00955561155913979,35.0,0.0,0.0,0.0,0.0
CP,CP_NUM_PREEMPTIONS,flat_or_saturated,31.0,30.0,0.0,0.0,-0.48712807367681193,-0.008306031586021513,30.0,0.0,1.0,0.0,0.0
HLSQ,HLSQ_UCHE_LATENCY_COUNT,flat_or_saturated,30.0,30.0,0.0,0.0,-0.4766031238193981,-0.008190524193548392,30.0,0.0,0.0,0.0,0.0
HLSQ,HLSQ_COMPUTE_DRAWCALLS,flat_or_saturated,20.0,20.0,0.0,0.0,-0.47660312381939823,-0.0054603494623655935,20.0,0.0,0.0,0.0,0.0
HLSQ,HLSQ_STALL_CYCLES_UCHE,flat_or_saturated,20.0,20.0,0.0,0.0,-0.47660312381939823,-0.0054603494623655935,20.0,0.0,0.0,0.0,0.0
VFD,VFDP_VS_STAGE_WAVES,flat_or_saturated,15.0,15.0,0.0,0.0,-0.4766031238193981,-0.004095262096774196,15.0,0.0,0.0,0.0,0.0
HLSQ,HLSQ_FS_INS_BUF_FULL_BLOCK_CPI,flat_or_saturated,10.0,10.0,0.0,0.0,-0.47660312381939823,-0.0027301747311827967,10.0,0.0,0.0,0.0,0.0
HLSQ,HLSQ_L2STC_BANK0_REPLACEMENT,flat_or_saturated,10.0,10.0,0.0,0.0,-0.47660312381939823,-0.0027301747311827967,10.0,0.0,0.0,0.0,0.0
HLSQ,HLSQ_L2STC_BANK1_REPLACEMENT,flat_or_saturated,10.0,10.0,0.0,0.0,-0.47660312381939823,-0.0027301747311827967,10.0,0.0,0.0,0.0,0.0
HLSQ,HLSQ_L2STC_BANK2_REPLACEMENT,flat_or_saturated,10.0,10.0,0.0,0.0,-0.47660312381939823,-0.0027301747311827967,10.0,0.0,0.0,0.0,0.0
HLSQ,HLSQ_STALL_CYCLES_SP_STATE,flat_or_saturated,6.0,6.0,0.0,0.0,-0.47660312381939823,-0.0016381048387096788,6.0,0.0,0.0,0.0,0.0
TSE,TSE_BE_2D_INPUT_PRIM,flat_or_saturated,6.0,6.0,0.0,0.0,-0.47660312381939823,-0.0016381048387096788,6.0,0.0,0.0,0.0,0.0
HLSQ,HLSQ_L2STC_BANK3_REPLACEMENT,flat_or_saturated,5.0,5.0,0.0,0.0,-0.47660312381939823,-0.0013650873655913984,5.0,0.0,0.0,0.0,0.0
HLSQ,HLSQ_STPROC_L0_INS_LATENCY_COUNT,flat_or_saturated,5.0,5.0,0.0,0.0,-0.47660312381939823,-0.0013650873655913984,5.0,0.0,0.0,0.0,0.0
HLSQ,HLSQ_STPROC_L0_INS_MISS,flat_or_saturated,5.0,5.0,0.0,0.0,-0.47660312381939823,-0.0013650873655913984,5.0,0.0,0.0,0.0,0.0
CP,CP_AHB_STALL_SQE_WR_OTHER,flat_or_saturated,4.0,4.0,0.0,0.0,-0.47660312381939807,-0.0010920698924731188,4.0,0.0,0.0,0.0,0.0
HLSQ,HLSQ_L2STC_STALL_SP_MISS_REQ,flat_or_saturated,2.0,2.0,0.0,0.0,-0.47660312381939807,-0.0005460349462365594,2.0,0.0,0.0,0.0,0.0
CP,CP_LONG_PREEMPTIONS,flat_or_saturated,1.0,1.0,0.0,0.0,-0.47660312381939807,-0.0002730174731182797,1.0,0.0,0.0,0.0,0.0
CP,CP_AHB_STALL_SQE_RD_OTHER,zero_all_widths,0.0,0.0,0.0,,,0.0,0.0,0.0,0.0,0.0,0.0
CP,CP_AHB_WR_STALL_PRE_DRAWS,zero_all_widths,0.0,0.0,0.0,,,0.0,0.0,0.0,0.0,0.0,0.0
CP,CP_AQE_NUM_AS_CHUNKS,zero_all_widths,0.0,0.0,0.0,,,0.0,0.0,0.0,0.0,0.0,0.0
CP,CP_AQE_NUM_MS_CHUNKS,zero_all_widths,0.0,0.0,0.0,,,0.0,0.0,0.0,0.0,0.0,0.0
CP,CP_AQE_SQE_STALL,zero_all_widths,0.0,0.0,0.0,,,0.0,0.0,0.0,0.0,0.0,0.0
CP,CP_CLUSTER_FE_S_FULL,zero_all_widths,0.0,0.0,0.0,,,0.0,0.0,0.0,0.0,0.0,0.0
CP,CP_CLUSTER_FE_US_FULL,zero_all_widths,0.0,0.0,0.0,,,0.0,0.0,0.0,0.0,0.0,0.0
CP,CP_CLUSTER_GRAS_FULL,zero_all_widths,0.0,0.0,0.0,,,0.0,0.0,0.0,0.0,0.0,0.0
CP,CP_CLUSTER_PS_FULL,zero_all_widths,0.0,0.0,0.0,,,0.0,0.0,0.0,0.0,0.0,0.0
CP,CP_CLUSTER_SP_PS_FULL,zero_all_widths,0.0,0.0,0.0,,,0.0,0.0,0.0,0.0,0.0,0.0
CP,CP_CLUSTER_SP_VS_FULL,zero_all_widths,0.0,0.0,0.0,,,0.0,0.0,0.0,0.0,0.0,0.0
CP,CP_CLUSTER_VPC_PS_FULL,zero_all_widths,0.0,0.0,0.0,,,0.0,0.0,0.0,0.0,0.0,0.0
CP,CP_CLUSTER_VPC_US_FULL,zero_all_widths,0.0,0.0,0.0,,,0.0,0.0,0.0,0.0,0.0,0.0
CP,CP_CLUSTER_VPC_VS_FULL,zero_all_widths,0.0,0.0,0.0,,,0.0,0.0,0.0,0.0,0.0,0.0
CP,CP_DCACHE_HITS,zero_all_widths,0.0,0.0,0.0,,,0.0,0.0,0.0,0.0,0.0,0.0
CP,CP_DCACHE_MISSES,zero_all_widths,0.0,0.0,0.0,,,0.0,0.0,0.0,0.0,0.0,0.0
CP,CP_DCACHE_STALLS,zero_all_widths,0.0,0.0,0.0,,,0.0,0.0,0.0,0.0,0.0,0.0
CP,CP_DEAD_DRAWS_IN_BIN_RENDER,zero_all_widths,0.0,0.0,0.0,,,0.0,0.0,0.0,0.0,0.0,0.0
CP,CP_ECACHE_BUSY,zero_all_widths,0.0,0.0,0.0,,,0.0,0.0,0.0,0.0,0.0,0.0
CP,CP_ECACHE_EVEN_REQS,zero_all_widths,0.0,0.0,0.0,,,0.0,0.0,0.0,0.0,0.0,0.0
CP,CP_ECACHE_HITS,zero_all_widths,0.0,0.0,0.0,,,0.0,0.0,0.0,0.0,0.0,0.0
CP,CP_ECACHE_KILLS,zero_all_widths,0.0,0.0,0.0,,,0.0,0.0,0.0,0.0,0.0,0.0
CP,CP_ECACHE_REQS,zero_all_widths,0.0,0.0,0.0,,,0.0,0.0,0.0,0.0,0.0,0.0
CP,CP_ECACHE_STALLS_RAP,zero_all_widths,0.0,0.0,0.0,,,0.0,0.0,0.0,0.0,0.0,0.0
CP,CP_ISR_CYCLES,zero_all_widths,0.0,0.0,0.0,,,0.0,0.0,0.0,0.0,0.0,0.0
CP,CP_MEMORY_POOL_BELOW_THRESH,zero_all_widths,0.0,0.0,0.0,,,0.0,0.0,0.0,0.0,0.0,0.0
CP,CP_MODE_SWITCH,zero_all_widths,0.0,0.0,0.0,,,0.0,0.0,0.0,0.0,0.0,0.0
CP,CP_NEVER_COUNT,zero_all_widths,0.0,0.0,0.0,,,0.0,0.0,0.0,0.0,0.0,0.0
CP,CP_OUTPUT_BLOCKED,zero_all_widths,0.0,0.0,0.0,,,0.0,0.0,0.0,0.0,0.0,0.0
CP,CP_PREDICATED_DRAWS_KILLED,zero_all_widths,0.0,0.0,0.0,,,0.0,0.0,0.0,0.0,0.0,0.0
CP,CP_SQE_AQE_STARVE,zero_all_widths,0.0,0.0,0.0,,,0.0,0.0,0.0,0.0,0.0,0.0
CP,CP_SQE_DRAW_EXEC,zero_all_widths,0.0,0.0,0.0,,,0.0,0.0,0.0,0.0,0.0,0.0
CP,CP_SQE_LOAD_STATE_EXEC,zero_all_widths,0.0,0.0,0.0,,,0.0,0.0,0.0,0.0,0.0,0.0
CP,CP_SQE_MD8_STALL_CYCLES,zero_all_widths,0.0,0.0,0.0,,,0.0,0.0,0.0,0.0,0.0,0.0
CP,CP_SQE_MESH_EXEC_CYCLES,zero_all_widths,0.0,0.0,0.0,,,0.0,0.0,0.0,0.0,0.0,0.0
CP,CP_SQE_PIPE_OUT_STALL,zero_all_widths,0.0,0.0,0.0,,,0.0,0.0,0.0,0.0,0.0,0.0
CP,CP_SQE_PM4_STARVE_FSDT,zero_all_widths,0.0,0.0,0.0,,,0.0,0.0,0.0,0.0,0.0,0.0
CP,CP_SQE_PM4_STARVE_SDS,zero_all_widths,0.0,0.0,0.0,,,0.0,0.0,0.0,0.0,0.0,0.0
CP,CP_SQE_VSD_STARVE,zero_all_widths,0.0,0.0,0.0,,,0.0,0.0,0.0,0.0,0.0,0.0
CP,CP_S_SKEW_BUFFER_ABOVE_THRESH,zero_all_widths,0.0,0.0,0.0,,,0.0,0.0,0.0,0.0,0.0,0.0
CP,CP_S_SKEW_BUFFER_FULL,zero_all_widths,0.0,0.0,0.0,,,0.0,0.0,0.0,0.0,0.0,0.0
CP,CP_VSD_DECODE_STARVE,zero_all_widths,0.0,0.0,0.0,,,0.0,0.0,0.0,0.0,0.0,0.0
CP,CP_WAIT_ON_OTHER_PIPE,zero_all_widths,0.0,0.0,0.0,,,0.0,0.0,0.0,0.0,0.0,0.0
CP,CP_ZPASS_DONE,zero_all_widths,0.0,0.0,0.0,,,0.0,0.0,0.0,0.0,0.0,0.0
HLSQ,HLSQ_BV2LPAC_SWITCH_CNT,zero_all_widths,0.0,0.0,0.0,,,0.0,0.0,0.0,0.0,0.0,0.0
HLSQ,HLSQ_BV2LPAC_SWITCH_CYC,zero_all_widths,0.0,0.0,0.0,,,0.0,0.0,0.0,0.0,0.0,0.0
HLSQ,HLSQ_BV_CONST_BUF_FULL_BLOCK_CPI,zero_all_widths,0.0,0.0,0.0,,,0.0,0.0,0.0,0.0,0.0,0.0
HLSQ,HLSQ_BV_CTXT_BUF_FULL_BLOCK_CPI,zero_all_widths,0.0,0.0,0.0,,,0.0,0.0,0.0,0.0,0.0,0.0
HLSQ,HLSQ_BV_DES_BUF_FULL_BLOCK_CPI,zero_all_widths,0.0,0.0,0.0,,,0.0,0.0,0.0,0.0,0.0,0.0
HLSQ,HLSQ_BV_INS_BUF_FULL_BLOCK_CPI,zero_all_widths,0.0,0.0,0.0,,,0.0,0.0,0.0,0.0,0.0,0.0
HLSQ,HLSQ_BV_S2W_CYCLES,zero_all_widths,0.0,0.0,0.0,,,0.0,0.0,0.0,0.0,0.0,0.0
HLSQ,HLSQ_BV_S2W_CYCLES_SP,zero_all_widths,0.0,0.0,0.0,,,0.0,0.0,0.0,0.0,0.0,0.0
HLSQ,HLSQ_BV_SP_CCTX_ACTIVE_CNT,zero_all_widths,0.0,0.0,0.0,,,0.0,0.0,0.0,0.0,0.0,0.0
HLSQ,HLSQ_BV_SP_CCTX_NUM,zero_all_widths,0.0,0.0,0.0,,,0.0,0.0,0.0,0.0,0.0,0.0
HLSQ,HLSQ_BV_SP_CTX_ALIVE_CYCLE,zero_all_widths,0.0,0.0,0.0,,,0.0,0.0,0.0,0.0,0.0,0.0
HLSQ,HLSQ_BV_SP_HCTX_ACTIVE_CNT,zero_all_widths,0.0,0.0,0.0,,,0.0,0.0,0.0,0.0,0.0,0.0
HLSQ,HLSQ_BV_SP_HCTX_ACTIVE_CYC,zero_all_widths,0.0,0.0,0.0,,,0.0,0.0,0.0,0.0,0.0,0.0
HLSQ,HLSQ_BV_SP_SCTX_ACTIVE_CNT,zero_all_widths,0.0,0.0,0.0,,,0.0,0.0,0.0,0.0,0.0,0.0
HLSQ,HLSQ_BV_SP_SCTX_NUM,zero_all_widths,0.0,0.0,0.0,,,0.0,0.0,0.0,0.0,0.0,0.0
HLSQ,HLSQ_DUAL_VS_PROG_ACTIVE,zero_all_widths,0.0,0.0,0.0,,,0.0,0.0,0.0,0.0,0.0,0.0
HLSQ,HLSQ_FS_CTXT_BUF_FULL_BLOCK_CPI,zero_all_widths,0.0,0.0,0.0,,,0.0,0.0,0.0,0.0,0.0,0.0
HLSQ,HLSQ_FS_DES_BUF_FULL_BLOCK_CPI,zero_all_widths,0.0,0.0,0.0,,,0.0,0.0,0.0,0.0,0.0,0.0
HLSQ,HLSQ_FS_SP_CCTX_ACTIVE_CNT,zero_all_widths,0.0,0.0,0.0,,,0.0,0.0,0.0,0.0,0.0,0.0
HLSQ,HLSQ_FS_SP_CCTX_NUM,zero_all_widths,0.0,0.0,0.0,,,0.0,0.0,0.0,0.0,0.0,0.0
HLSQ,HLSQ_FS_SP_CTX_ALIVE_CYCLE,zero_all_widths,0.0,0.0,0.0,,,0.0,0.0,0.0,0.0,0.0,0.0
HLSQ,HLSQ_FS_SP_HCTX_ACTIVE_CNT,zero_all_widths,0.0,0.0,0.0,,,0.0,0.0,0.0,0.0,0.0,0.0
HLSQ,HLSQ_FS_SP_HCTX_ACTIVE_CYC,zero_all_widths,0.0,0.0,0.0,,,0.0,0.0,0.0,0.0,0.0,0.0
HLSQ,HLSQ_FS_SP_SCTX_ACTIVE_CNT,zero_all_widths,0.0,0.0,0.0,,,0.0,0.0,0.0,0.0,0.0,0.0
HLSQ,HLSQ_FS_SP_SCTX_NUM,zero_all_widths,0.0,0.0,0.0,,,0.0,0.0,0.0,0.0,0.0,0.0
HLSQ,HLSQ_L2STC_REQ_INS_SP,zero_all_widths,0.0,0.0,0.0,,,0.0,0.0,0.0,0.0,0.0,0.0
HLSQ,HLSQ_L2STC_REQ_INS_SP_HIT,zero_all_widths,0.0,0.0,0.0,,,0.0,0.0,0.0,0.0,0.0,0.0
HLSQ,HLSQ_LPAC2BV_SWITCH_CNT,zero_all_widths,0.0,0.0,0.0,,,0.0,0.0,0.0,0.0,0.0,0.0
HLSQ,HLSQ_LPAC2BV_SWITCH_CYC,zero_all_widths,0.0,0.0,0.0,,,0.0,0.0,0.0,0.0,0.0,0.0
HLSQ,HLSQ_LPAC_DEREF_CYCLES,zero_all_widths,0.0,0.0,0.0,,,0.0,0.0,0.0,0.0,0.0,0.0
HLSQ,HLSQ_LPAC_S2W_CYCLES,zero_all_widths,0.0,0.0,0.0,,,0.0,0.0,0.0,0.0,0.0,0.0
HLSQ,HLSQ_LPAC_S2W_CYCLES_SP,zero_all_widths,0.0,0.0,0.0,,,0.0,0.0,0.0,0.0,0.0,0.0
HLSQ,HLSQ_LPAC_STALL_CYCLES,zero_all_widths,0.0,0.0,0.0,,,0.0,0.0,0.0,0.0,0.0,0.0
HLSQ,HLSQ_LPAC_WAIT_VS_S2W,zero_all_widths,0.0,0.0,0.0,,,0.0,0.0,0.0,0.0,0.0,0.0
HLSQ,HLSQ_MISS_RETURN_STALL_BY_S2W,zero_all_widths,0.0,0.0,0.0,,,0.0,0.0,0.0,0.0,0.0,0.0
HLSQ,HLSQ_NEVER_COUNT,zero_all_widths,0.0,0.0,0.0,,,0.0,0.0,0.0,0.0,0.0,0.0
HLSQ,HLSQ_PRIMITIVE_COUNT,zero_all_widths,0.0,0.0,0.0,,,0.0,0.0,0.0,0.0,0.0,0.0
HLSQ,HLSQ_RESERVED_19,zero_all_widths,0.0,0.0,0.0,,,0.0,0.0,0.0,0.0,0.0,0.0
HLSQ,HLSQ_RESERVED_20,zero_all_widths,0.0,0.0,0.0,,,0.0,0.0,0.0,0.0,0.0,0.0
HLSQ,HLSQ_RESERVED_37,zero_all_widths,0.0,0.0,0.0,,,0.0,0.0,0.0,0.0,0.0,0.0
HLSQ,HLSQ_RESERVED_7,zero_all_widths,0.0,0.0,0.0,,,0.0,0.0,0.0,0.0,0.0,0.0
HLSQ,HLSQ_RESERVED_8,zero_all_widths,0.0,0.0,0.0,,,0.0,0.0,0.0,0.0,0.0,0.0
HLSQ,HLSQ_RESERVED_9,zero_all_widths,0.0,0.0,0.0,,,0.0,0.0,0.0,0.0,0.0,0.0
HLSQ,HLSQ_S2W_STALL_BY_MISS_RETURN,zero_all_widths,0.0,0.0,0.0,,,0.0,0.0,0.0,0.0,0.0,0.0
HLSQ,HLSQ_SPTROC_STCHE_MISS_INC_BV,zero_all_widths,0.0,0.0,0.0,,,0.0,0.0,0.0,0.0,0.0,0.0
HLSQ,HLSQ_SPTROC_STCHE_MISS_INC_FS,zero_all_widths,0.0,0.0,0.0,,,0.0,0.0,0.0,0.0,0.0,0.0
HLSQ,HLSQ_SPTROC_STCHE_MISS_INC_LPAC,zero_all_widths,0.0,0.0,0.0,,,0.0,0.0,0.0,0.0,0.0,0.0
HLSQ,HLSQ_SPTROC_STCHE_MISS_INC_VS,zero_all_widths,0.0,0.0,0.0,,,0.0,0.0,0.0,0.0,0.0,0.0
HLSQ,HLSQ_SPTROC_STCHE_WARMUP_INC_BV,zero_all_widths,0.0,0.0,0.0,,,0.0,0.0,0.0,0.0,0.0,0.0
HLSQ,HLSQ_SPTROC_STCHE_WARMUP_INC_FS,zero_all_widths,0.0,0.0,0.0,,,0.0,0.0,0.0,0.0,0.0,0.0
HLSQ,HLSQ_SPTROC_STCHE_WARMUP_INC_LPAC,zero_all_widths,0.0,0.0,0.0,,,0.0,0.0,0.0,0.0,0.0,0.0
HLSQ,HLSQ_SPTROC_STCHE_WARMUP_INC_VS,zero_all_widths,0.0,0.0,0.0,,,0.0,0.0,0.0,0.0,0.0,0.0
HLSQ,HLSQ_STALL_CYCLES_SP_FS_STAGE,zero_all_widths,0.0,0.0,0.0,,,0.0,0.0,0.0,0.0,0.0,0.0
HLSQ,HLSQ_STALL_CYCLES_VPC_BE,zero_all_widths,0.0,0.0,0.0,,,0.0,0.0,0.0,0.0,0.0,0.0
HLSQ,HLSQ_STPROC_DPS_RUN_COUNT,zero_all_widths,0.0,0.0,0.0,,,0.0,0.0,0.0,0.0,0.0,0.0
HLSQ,HLSQ_STPROC_DPS_RUN_CYCLE,zero_all_widths,0.0,0.0,0.0,,,0.0,0.0,0.0,0.0,0.0,0.0
HLSQ,HLSQ_STPROC_L0_STALL_INS_RD,zero_all_widths,0.0,0.0,0.0,,,0.0,0.0,0.0,0.0,0.0,0.0
HLSQ,HLSQ_STPROC_WAVE_CONTEXTS_BV,zero_all_widths,0.0,0.0,0.0,,,0.0,0.0,0.0,0.0,0.0,0.0
HLSQ,HLSQ_STPROC_WAVE_CONTEXTS_LPAC,zero_all_widths,0.0,0.0,0.0,,,0.0,0.0,0.0,0.0,0.0,0.0
HLSQ,HLSQ_STPROC_WAVE_CONTEXTS_VS,zero_all_widths,0.0,0.0,0.0,,,0.0,0.0,0.0,0.0,0.0,0.0
HLSQ,HLSQ_STPROC_WAVE_CONTEXT_CYCLES_BV,zero_all_widths,0.0,0.0,0.0,,,0.0,0.0,0.0,0.0,0.0,0.0
HLSQ,HLSQ_STPROC_WAVE_CONTEXT_CYCLES_LPAC,zero_all_widths,0.0,0.0,0.0,,,0.0,0.0,0.0,0.0,0.0,0.0
HLSQ,HLSQ_STPROC_WAVE_CONTEXT_CYCLES_VS,zero_all_widths,0.0,0.0,0.0,,,0.0,0.0,0.0,0.0,0.0,0.0
HLSQ,HLSQ_STPROC_WAVE_NUM_BV,zero_all_widths,0.0,0.0,0.0,,,0.0,0.0,0.0,0.0,0.0,0.0
HLSQ,HLSQ_STPROC_WAVE_NUM_FS,zero_all_widths,0.0,0.0,0.0,,,0.0,0.0,0.0,0.0,0.0,0.0
HLSQ,HLSQ_STPROC_WAVE_NUM_LPAC,zero_all_widths,0.0,0.0,0.0,,,0.0,0.0,0.0,0.0,0.0,0.0
HLSQ,HLSQ_STPROC_WAVE_NUM_VS,zero_all_widths,0.0,0.0,0.0,,,0.0,0.0,0.0,0.0,0.0,0.0
HLSQ,HLSQ_VSBR_S2W_CYCLES,zero_all_widths,0.0,0.0,0.0,,,0.0,0.0,0.0,0.0,0.0,0.0
HLSQ,HLSQ_VSBR_S2W_CYCLES_SP,zero_all_widths,0.0,0.0,0.0,,,0.0,0.0,0.0,0.0,0.0,0.0
HLSQ,HLSQ_VSBR_WAIT_FS_S2W,zero_all_widths,0.0,0.0,0.0,,,0.0,0.0,0.0,0.0,0.0,0.0
HLSQ,HLSQ_VSDP_BR_QUERY_BUSY,zero_all_widths,0.0,0.0,0.0,,,0.0,0.0,0.0,0.0,0.0,0.0
HLSQ,HLSQ_VSDP_BR_QUERY_FAIL,zero_all_widths,0.0,0.0,0.0,,,0.0,0.0,0.0,0.0,0.0,0.0
HLSQ,HLSQ_VSDP_BR_QUERY_REQ,zero_all_widths,0.0,0.0,0.0,,,0.0,0.0,0.0,0.0,0.0,0.0
HLSQ,HLSQ_VSDP_BR_QUERY_REQ_WHEN_BV_PENDING,zero_all_widths,0.0,0.0,0.0,,,0.0,0.0,0.0,0.0,0.0,0.0
HLSQ,HLSQ_VSDP_BV2BR_SWITCH_CYC,zero_all_widths,0.0,0.0,0.0,,,0.0,0.0,0.0,0.0,0.0,0.0
HLSQ,HLSQ_VSDP_BV_QUERY_BUSY,zero_all_widths,0.0,0.0,0.0,,,0.0,0.0,0.0,0.0,0.0,0.0
HLSQ,HLSQ_VSDP_BV_QUERY_FAIL,zero_all_widths,0.0,0.0,0.0,,,0.0,0.0,0.0,0.0,0.0,0.0
HLSQ,HLSQ_VSDP_BV_QUERY_REQ,zero_all_widths,0.0,0.0,0.0,,,0.0,0.0,0.0,0.0,0.0,0.0
HLSQ,HLSQ_VS_CONST_BUF_FULL_BLOCK_CPI,zero_all_widths,0.0,0.0,0.0,,,0.0,0.0,0.0,0.0,0.0,0.0
HLSQ,HLSQ_VS_CTXT_BUF_FULL_BLOCK_CPI,zero_all_widths,0.0,0.0,0.0,,,0.0,0.0,0.0,0.0,0.0,0.0
HLSQ,HLSQ_VS_DES_BUF_FULL_BLOCK_CPI,zero_all_widths,0.0,0.0,0.0,,,0.0,0.0,0.0,0.0,0.0,0.0
HLSQ,HLSQ_VS_INS_BUF_FULL_BLOCK_CPI,zero_all_widths,0.0,0.0,0.0,,,0.0,0.0,0.0,0.0,0.0,0.0
HLSQ,HLSQ_VS_SP_CCTX_ACTIVE_CNT,zero_all_widths,0.0,0.0,0.0,,,0.0,0.0,0.0,0.0,0.0,0.0
HLSQ,HLSQ_VS_SP_CCTX_NUM,zero_all_widths,0.0,0.0,0.0,,,0.0,0.0,0.0,0.0,0.0,0.0
HLSQ,HLSQ_VS_SP_CTX_ALIVE_CYCLE,zero_all_widths,0.0,0.0,0.0,,,0.0,0.0,0.0,0.0,0.0,0.0
HLSQ,HLSQ_VS_SP_HCTX_ACTIVE_CNT,zero_all_widths,0.0,0.0,0.0,,,0.0,0.0,0.0,0.0,0.0,0.0
HLSQ,HLSQ_VS_SP_HCTX_ACTIVE_CYC,zero_all_widths,0.0,0.0,0.0,,,0.0,0.0,0.0,0.0,0.0,0.0
HLSQ,HLSQ_VS_SP_SCTX_ACTIVE_CNT,zero_all_widths,0.0,0.0,0.0,,,0.0,0.0,0.0,0.0,0.0,0.0
HLSQ,HLSQ_VS_SP_SCTX_NUM,zero_all_widths,0.0,0.0,0.0,,,0.0,0.0,0.0,0.0,0.0,0.0
HLSQ,HLSQ_WAVE_PENDING_NO_PRIM_BASE,zero_all_widths,0.0,0.0,0.0,,,0.0,0.0,0.0,0.0,0.0,0.0
HLSQ,HLSQ_WAVE_PENDING_NO_QUAD,zero_all_widths,0.0,0.0,0.0,,,0.0,0.0,0.0,0.0,0.0,0.0
PC,PC_NEVER_COUNT,zero_all_widths,0.0,0.0,0.0,,,0.0,0.0,0.0,0.0,0.0,0.0
PC,PC_RESERVED_51,zero_all_widths,0.0,0.0,0.0,,,0.0,0.0,0.0,0.0,0.0,0.0
PC,PC_RESERVED_52,zero_all_widths,0.0,0.0,0.0,,,0.0,0.0,0.0,0.0,0.0,0.0
PC,PC_RESERVED_53,zero_all_widths,0.0,0.0,0.0,,,0.0,0.0,0.0,0.0,0.0,0.0
PC,PC_RESERVED_54,zero_all_widths,0.0,0.0,0.0,,,0.0,0.0,0.0,0.0,0.0,0.0
PC,PC_RESERVED_55,zero_all_widths,0.0,0.0,0.0,,,0.0,0.0,0.0,0.0,0.0,0.0
PC,PC_RESERVED_56,zero_all_widths,0.0,0.0,0.0,,,0.0,0.0,0.0,0.0,0.0,0.0
PC,PC_RESERVED_57,zero_all_widths,0.0,0.0,0.0,,,0.0,0.0,0.0,0.0,0.0,0.0
PC,PC_RESERVED_58,zero_all_widths,0.0,0.0,0.0,,,0.0,0.0,0.0,0.0,0.0,0.0
PC,PC_RESERVED_59,zero_all_widths,0.0,0.0,0.0,,,0.0,0.0,0.0,0.0,0.0,0.0
PC,PC_S_DS_INVOCATIONS,zero_all_widths,0.0,0.0,0.0,,,0.0,0.0,0.0,0.0,0.0,0.0
PC,PC_S_DS_PRIMITIVES,zero_all_widths,0.0,0.0,0.0,,,0.0,0.0,0.0,0.0,0.0,0.0
PC,PC_S_GS_INVOCATIONS,zero_all_widths,0.0,0.0,0.0,,,0.0,0.0,0.0,0.0,0.0,0.0
PC,PC_S_HS_INVOCATIONS,zero_all_widths,0.0,0.0,0.0,,,0.0,0.0,0.0,0.0,0.0,0.0
PC,PC_S_IA_PRIMITIVES,zero_all_widths,0.0,0.0,0.0,,,0.0,0.0,0.0,0.0,0.0,0.0
PC,PC_S_IA_VERTICES,zero_all_widths,0.0,0.0,0.0,,,0.0,0.0,0.0,0.0,0.0,0.0
PC,PC_S_MESH_VS_WAVES,zero_all_widths,0.0,0.0,0.0,,,0.0,0.0,0.0,0.0,0.0,0.0
PC,PC_S_STALL_CYCLES_TESS,zero_all_widths,0.0,0.0,0.0,,,0.0,0.0,0.0,0.0,0.0,0.0
PC,PC_S_STALL_CYCLES_VPC_FE,zero_all_widths,0.0,0.0,0.0,,,0.0,0.0,0.0,0.0,0.0,0.0
PC,PC_S_STALL_CYCLES_VPC_ONLY,zero_all_widths,0.0,0.0,0.0,,,0.0,0.0,0.0,0.0,0.0,0.0
PC,PC_S_TESS_BUSY_CYCLES,zero_all_widths,0.0,0.0,0.0,,,0.0,0.0,0.0,0.0,0.0,0.0
PC,PC_S_TESS_FACTOR_TRANS,zero_all_widths,0.0,0.0,0.0,,,0.0,0.0,0.0,0.0,0.0,0.0
PC,PC_S_TESS_PC_UV_PATCHES,zero_all_widths,0.0,0.0,0.0,,,0.0,0.0,0.0,0.0,0.0,0.0
PC,PC_S_TESS_PC_UV_TRANS,zero_all_widths,0.0,0.0,0.0,,,0.0,0.0,0.0,0.0,0.0,0.0
PC,PC_S_TESS_PID_ACTIVE,zero_all_widths,0.0,0.0,0.0,,,0.0,0.0,0.0,0.0,0.0,0.0
PC,PC_S_TESS_PRIM_GEN_ACTIVE,zero_all_widths,0.0,0.0,0.0,,,0.0,0.0,0.0,0.0,0.0,0.0
PC,PC_S_TESS_SETUP_ACTIVE,zero_all_widths,0.0,0.0,0.0,,,0.0,0.0,0.0,0.0,0.0,0.0
PC,PC_S_TESS_STALL_CYCLES_PC,zero_all_widths,0.0,0.0,0.0,,,0.0,0.0,0.0,0.0,0.0,0.0
PC,PC_S_TESS_WORKING_CYCLES,zero_all_widths,0.0,0.0,0.0,,,0.0,0.0,0.0,0.0,0.0,0.0
PC,PC_S_VERTEX_HITS,zero_all_widths,0.0,0.0,0.0,,,0.0,0.0,0.0,0.0,0.0,0.0
PC,PC_S_VPC_PRIMITIVES,zero_all_widths,0.0,0.0,0.0,,,0.0,0.0,0.0,0.0,0.0,0.0
PC,PC_S_VS_INVOCATIONS,zero_all_widths,0.0,0.0,0.0,,,0.0,0.0,0.0,0.0,0.0,0.0
PC,PC_US_2D_DRAWCALLS,zero_all_widths,0.0,0.0,0.0,,,0.0,0.0,0.0,0.0,0.0,0.0
PC,PC_US_3D_DRAWCALLS,zero_all_widths,0.0,0.0,0.0,,,0.0,0.0,0.0,0.0,0.0,0.0
PC,PC_US_BR_STALLS_BV_WORKLOAD,zero_all_widths,0.0,0.0,0.0,,,0.0,0.0,0.0,0.0,0.0,0.0
PC,PC_US_BV_STALLED_BY_ATTR,zero_all_widths,0.0,0.0,0.0,,,0.0,0.0,0.0,0.0,0.0,0.0
PC,PC_US_BV_STALLED_BY_UCHE_FEEDBACK,zero_all_widths,0.0,0.0,0.0,,,0.0,0.0,0.0,0.0,0.0,0.0
PC,PC_US_BV_STALLS_BR_WORKLOAD,zero_all_widths,0.0,0.0,0.0,,,0.0,0.0,0.0,0.0,0.0,0.0
PC,PC_US_BV_STARVED_BY_RARB,zero_all_widths,0.0,0.0,0.0,,,0.0,0.0,0.0,0.0,0.0,0.0
PC,PC_US_DEAD_PRIM,zero_all_widths,0.0,0.0,0.0,,,0.0,0.0,0.0,0.0,0.0,0.0
PC,PC_US_DP0_INPUT_STALLS,zero_all_widths,0.0,0.0,0.0,,,0.0,0.0,0.0,0.0,0.0,0.0
PC,PC_US_DP0_LIVE_PRIM,zero_all_widths,0.0,0.0,0.0,,,0.0,0.0,0.0,0.0,0.0,0.0
PC,PC_US_DP0_RARB_FULL,zero_all_widths,0.0,0.0,0.0,,,0.0,0.0,0.0,0.0,0.0,0.0
PC,PC_US_DP1_INPUT_STALLS,zero_all_widths,0.0,0.0,0.0,,,0.0,0.0,0.0,0.0,0.0,0.0
PC,PC_US_DP1_LIVE_PRIM,zero_all_widths,0.0,0.0,0.0,,,0.0,0.0,0.0,0.0,0.0,0.0
PC,PC_US_DP1_RARB_FULL,zero_all_widths,0.0,0.0,0.0,,,0.0,0.0,0.0,0.0,0.0,0.0
PC,PC_US_INSTANCES,zero_all_widths,0.0,0.0,0.0,,,0.0,0.0,0.0,0.0,0.0,0.0
PC,PC_US_MESH_DEAD_DRAWS,zero_all_widths,0.0,0.0,0.0,,,0.0,0.0,0.0,0.0,0.0,0.0
PC,PC_US_MESH_DEAD_PRIM,zero_all_widths,0.0,0.0,0.0,,,0.0,0.0,0.0,0.0,0.0,0.0
PC,PC_US_MESH_DRAWS,zero_all_widths,0.0,0.0,0.0,,,0.0,0.0,0.0,0.0,0.0,0.0
PC,PC_US_MESH_LIVE_PRIM,zero_all_widths,0.0,0.0,0.0,,,0.0,0.0,0.0,0.0,0.0,0.0
PC,PC_US_MESH_MVIS_EN_DRAWS,zero_all_widths,0.0,0.0,0.0,,,0.0,0.0,0.0,0.0,0.0,0.0
PC,PC_US_MESH_PA_EN_PRIM,zero_all_widths,0.0,0.0,0.0,,,0.0,0.0,0.0,0.0,0.0,0.0
PC,PC_US_PASS1_TF_STALL_CYCLES,zero_all_widths,0.0,0.0,0.0,,,0.0,0.0,0.0,0.0,0.0,0.0
PC,PC_US_PASSPAIR_STALL,zero_all_widths,0.0,0.0,0.0,,,0.0,0.0,0.0,0.0,0.0,0.0
PC,PC_US_PREDRAW_STALLS,zero_all_widths,0.0,0.0,0.0,,,0.0,0.0,0.0,0.0,0.0,0.0
PC,PC_US_SLICE_LIVE_PRIM,zero_all_widths,0.0,0.0,0.0,,,0.0,0.0,0.0,0.0,0.0,0.0
PC,PC_US_STALL_CYCLES_GFX_COMPUTE,zero_all_widths,0.0,0.0,0.0,,,0.0,0.0,0.0,0.0,0.0,0.0
PC,PC_US_STALL_CYCLES_PC_S,zero_all_widths,0.0,0.0,0.0,,,0.0,0.0,0.0,0.0,0.0,0.0
PC,PC_US_STALL_CYCLES_UCHE0,zero_all_widths,0.0,0.0,0.0,,,0.0,0.0,0.0,0.0,0.0,0.0
PC,PC_US_STALL_CYCLES_UCHE1,zero_all_widths,0.0,0.0,0.0,,,0.0,0.0,0.0,0.0,0.0,0.0
PC,PC_US_STARVE_CYCLES_DI,zero_all_widths,0.0,0.0,0.0,,,0.0,0.0,0.0,0.0,0.0,0.0
PC,PC_US_STARVE_CYCLES_FOR_INDEX,zero_all_widths,0.0,0.0,0.0,,,0.0,0.0,0.0,0.0,0.0,0.0
PC,PC_US_STARVE_CYCLES_FOR_MVIS_STREAM,zero_all_widths,0.0,0.0,0.0,,,0.0,0.0,0.0,0.0,0.0,0.0
PC,PC_US_STARVE_CYCLES_FOR_TF,zero_all_widths,0.0,0.0,0.0,,,0.0,0.0,0.0,0.0,0.0,0.0
PC,PC_US_STARVE_CYCLES_FOR_VIZ_STREAM,zero_all_widths,0.0,0.0,0.0,,,0.0,0.0,0.0,0.0,0.0,0.0
PC,PC_US_STARVE_CYCLES_PREDRAW,zero_all_widths,0.0,0.0,0.0,,,0.0,0.0,0.0,0.0,0.0,0.0
PC,PC_US_UCHE_0_TRANS,zero_all_widths,0.0,0.0,0.0,,,0.0,0.0,0.0,0.0,0.0,0.0
PC,PC_US_UCHE_1_TRANS,zero_all_widths,0.0,0.0,0.0,,,0.0,0.0,0.0,0.0,0.0,0.0
PC,PC_US_UCHE_OUTSTANDING_TRANS,zero_all_widths,0.0,0.0,0.0,,,0.0,0.0,0.0,0.0,0.0,0.0
PC,PC_US_VIS_STREAMS_LOADED,zero_all_widths,0.0,0.0,0.0,,,0.0,0.0,0.0,0.0,0.0,0.0
PC,PC_US_VPC_PRIM_COUNT_STALLS_BR,zero_all_widths,0.0,0.0,0.0,,,0.0,0.0,0.0,0.0,0.0,0.0
PC,PC_US_VPC_PRIM_COUNT_STALLS_BV,zero_all_widths,0.0,0.0,0.0,,,0.0,0.0,0.0,0.0,0.0,0.0
PC,PC_US_VSD_RARB_DVIZ_FULL,zero_all_widths,0.0,0.0,0.0,,,0.0,0.0,0.0,0.0,0.0,0.0
PC,PC_US_VSD_RARB_PVIZ_FULL,zero_all_widths,0.0,0.0,0.0,,,0.0,0.0,0.0,0.0,0.0,0.0
PC,PC_US_VSD_RARB_TVIZ_FULL,zero_all_widths,0.0,0.0,0.0,,,0.0,0.0,0.0,0.0,0.0,0.0
RAS,RAS_8X4_TILES,zero_all_widths,0.0,0.0,0.0,,,0.0,0.0,0.0,0.0,0.0,0.0
RAS,RAS_BLOCKS,zero_all_widths,0.0,0.0,0.0,,,0.0,0.0,0.0,0.0,0.0,0.0
RAS,RAS_EMPTY_SBLOCK_SCAN_CYCLE_PERFCOUNTER,zero_all_widths,0.0,0.0,0.0,,,0.0,0.0,0.0,0.0,0.0,0.0
RAS,RAS_FALSE_PARTIAL_STILE,zero_all_widths,0.0,0.0,0.0,,,0.0,0.0,0.0,0.0,0.0,0.0
RAS,RAS_FULLY_COVERED_8X4_TILES,zero_all_widths,0.0,0.0,0.0,,,0.0,0.0,0.0,0.0,0.0,0.0
RAS,RAS_FULLY_COVERED_SUPER_TILES,zero_all_widths,0.0,0.0,0.0,,,0.0,0.0,0.0,0.0,0.0,0.0
RAS,RAS_MASKGEN_ACTIVE,zero_all_widths,0.0,0.0,0.0,,,0.0,0.0,0.0,0.0,0.0,0.0
RAS,RAS_MTGEN_BOTTLENECK_CYCLES,zero_all_widths,0.0,0.0,0.0,,,0.0,0.0,0.0,0.0,0.0,0.0
RAS,RAS_NEVER_COUNT,zero_all_widths,0.0,0.0,0.0,,,0.0,0.0,0.0,0.0,0.0,0.0
RAS,RAS_PRIM_KILLED_INVISILBE,zero_all_widths,0.0,0.0,0.0,,,0.0,0.0,0.0,0.0,0.0,0.0
RAS,RAS_SAMPLE_MASK_GEN_LANE_0_WORKING_CC_L2,zero_all_widths,0.0,0.0,0.0,,,0.0,0.0,0.0,0.0,0.0,0.0
RAS,RAS_SAMPLE_MASK_GEN_LANE_10_WORKING_CC_L2,zero_all_widths,0.0,0.0,0.0,,,0.0,0.0,0.0,0.0,0.0,0.0
RAS,RAS_SAMPLE_MASK_GEN_LANE_11_WORKING_CC_L2,zero_all_widths,0.0,0.0,0.0,,,0.0,0.0,0.0,0.0,0.0,0.0
RAS,RAS_SAMPLE_MASK_GEN_LANE_12_WORKING_CC_L2,zero_all_widths,0.0,0.0,0.0,,,0.0,0.0,0.0,0.0,0.0,0.0
RAS,RAS_SAMPLE_MASK_GEN_LANE_13_WORKING_CC_L2,zero_all_widths,0.0,0.0,0.0,,,0.0,0.0,0.0,0.0,0.0,0.0
RAS,RAS_SAMPLE_MASK_GEN_LANE_14_WORKING_CC_L2,zero_all_widths,0.0,0.0,0.0,,,0.0,0.0,0.0,0.0,0.0,0.0
RAS,RAS_SAMPLE_MASK_GEN_LANE_15_WORKING_CC_L2,zero_all_widths,0.0,0.0,0.0,,,0.0,0.0,0.0,0.0,0.0,0.0
RAS,RAS_SAMPLE_MASK_GEN_LANE_1_WORKING_CC_L2,zero_all_widths,0.0,0.0,0.0,,,0.0,0.0,0.0,0.0,0.0,0.0
RAS,RAS_SAMPLE_MASK_GEN_LANE_2_WORKING_CC_L2,zero_all_widths,0.0,0.0,0.0,,,0.0,0.0,0.0,0.0,0.0,0.0
RAS,RAS_SAMPLE_MASK_GEN_LANE_3_WORKING_CC_L2,zero_all_widths,0.0,0.0,0.0,,,0.0,0.0,0.0,0.0,0.0,0.0
RAS,RAS_SAMPLE_MASK_GEN_LANE_4_WORKING_CC_L2,zero_all_widths,0.0,0.0,0.0,,,0.0,0.0,0.0,0.0,0.0,0.0
RAS,RAS_SAMPLE_MASK_GEN_LANE_5_WORKING_CC_L2,zero_all_widths,0.0,0.0,0.0,,,0.0,0.0,0.0,0.0,0.0,0.0
RAS,RAS_SAMPLE_MASK_GEN_LANE_6_WORKING_CC_L2,zero_all_widths,0.0,0.0,0.0,,,0.0,0.0,0.0,0.0,0.0,0.0
RAS,RAS_SAMPLE_MASK_GEN_LANE_7_WORKING_CC_L2,zero_all_widths,0.0,0.0,0.0,,,0.0,0.0,0.0,0.0,0.0,0.0
RAS,RAS_SAMPLE_MASK_GEN_LANE_8_WORKING_CC_L2,zero_all_widths,0.0,0.0,0.0,,,0.0,0.0,0.0,0.0,0.0,0.0
RAS,RAS_SAMPLE_MASK_GEN_LANE_9_WORKING_CC_L2,zero_all_widths,0.0,0.0,0.0,,,0.0,0.0,0.0,0.0,0.0,0.0
RAS,RAS_SLICE_BLOCK_EMPTY,zero_all_widths,0.0,0.0,0.0,,,0.0,0.0,0.0,0.0,0.0,0.0
RAS,RAS_SLICE_BLOCK_NONEMTPY,zero_all_widths,0.0,0.0,0.0,,,0.0,0.0,0.0,0.0,0.0,0.0
RAS,RAS_STALL_CYCLES_LRZ_PREFETCH,zero_all_widths,0.0,0.0,0.0,,,0.0,0.0,0.0,0.0,0.0,0.0
RAS,RAS_STEGN_STALL_BY_LATENCY_FIFO,zero_all_widths,0.0,0.0,0.0,,,0.0,0.0,0.0,0.0,0.0,0.0
RAS,RAS_SUPER_TILES,zero_all_widths,0.0,0.0,0.0,,,0.0,0.0,0.0,0.0,0.0,0.0
RAS,RAS_TGEN_BOTTLENECK_CYCLES,zero_all_widths,0.0,0.0,0.0,,,0.0,0.0,0.0,0.0,0.0,0.0
RB,RB_2D_ALIVE_CYCLES,zero_all_widths,0.0,0.0,0.0,,,0.0,0.0,0.0,0.0,0.0,0.0
RB,RB_2D_STARVE_CYCLES_SP,zero_all_widths,0.0,0.0,0.0,,,0.0,0.0,0.0,0.0,0.0,0.0
RB,RB_2D_VALID_PIXELS,zero_all_widths,0.0,0.0,0.0,,,0.0,0.0,0.0,0.0,0.0,0.0
RB,RB_3D_PIXELS,zero_all_widths,0.0,0.0,0.0,,,0.0,0.0,0.0,0.0,0.0,0.0
RB,RB_BLENDED_FP16_COMPONENTS,zero_all_widths,0.0,0.0,0.0,,,0.0,0.0,0.0,0.0,0.0,0.0
RB,RB_BLENDED_FP32_COMPONENTS,zero_all_widths,0.0,0.0,0.0,,,0.0,0.0,0.0,0.0,0.0,0.0
RB,RB_BLENDED_FXP_COMPONENTS,zero_all_widths,0.0,0.0,0.0,,,0.0,0.0,0.0,0.0,0.0,0.0
RB,RB_BLENDER_WORKING_CYCLES,zero_all_widths,0.0,0.0,0.0,,,0.0,0.0,0.0,0.0,0.0,0.0
RB,RB_COLOR_PIX_TILES,zero_all_widths,0.0,0.0,0.0,,,0.0,0.0,0.0,0.0,0.0,0.0
RB,RB_C_READ,zero_all_widths,0.0,0.0,0.0,,,0.0,0.0,0.0,0.0,0.0,0.0
RB,RB_C_WRITE,zero_all_widths,0.0,0.0,0.0,,,0.0,0.0,0.0,0.0,0.0,0.0
RB,RB_EARLY_Z_ARB3_GRANT,zero_all_widths,0.0,0.0,0.0,,,0.0,0.0,0.0,0.0,0.0,0.0
RB,RB_EARLY_Z_SKIP_GRANT,zero_all_widths,0.0,0.0,0.0,,,0.0,0.0,0.0,0.0,0.0,0.0
RB,RB_HLSQ_ACTIVE_ATTR,zero_all_widths,0.0,0.0,0.0,,,0.0,0.0,0.0,0.0,0.0,0.0
RB,RB_HLSQ_ACTIVE_INFO,zero_all_widths,0.0,0.0,0.0,,,0.0,0.0,0.0,0.0,0.0,0.0
RB,RB_LATE_Z_ARB3_GRANT,zero_all_widths,0.0,0.0,0.0,,,0.0,0.0,0.0,0.0,0.0,0.0
RB,RB_NEVER_COUNT,zero_all_widths,0.0,0.0,0.0,,,0.0,0.0,0.0,0.0,0.0,0.0
RB,RB_PS_INVOCATIONS,zero_all_widths,0.0,0.0,0.0,,,0.0,0.0,0.0,0.0,0.0,0.0
RB,RB_STALL_CYCLES_CCU,zero_all_widths,0.0,0.0,0.0,,,0.0,0.0,0.0,0.0,0.0,0.0
RB,RB_STALL_CYCLES_CCU_COLOR_READ,zero_all_widths,0.0,0.0,0.0,,,0.0,0.0,0.0,0.0,0.0,0.0
RB,RB_STALL_CYCLES_CCU_COLOR_WRITE,zero_all_widths,0.0,0.0,0.0,,,0.0,0.0,0.0,0.0,0.0,0.0
RB,RB_STALL_CYCLES_CCU_DEPTH_READ,zero_all_widths,0.0,0.0,0.0,,,0.0,0.0,0.0,0.0,0.0,0.0
RB,RB_STALL_CYCLES_CCU_DEPTH_WRITE,zero_all_widths,0.0,0.0,0.0,,,0.0,0.0,0.0,0.0,0.0,0.0
RB,RB_STALL_CYCLES_FIFO0_FULL,zero_all_widths,0.0,0.0,0.0,,,0.0,0.0,0.0,0.0,0.0,0.0
RB,RB_STALL_CYCLES_FIFO1_FULL,zero_all_widths,0.0,0.0,0.0,,,0.0,0.0,0.0,0.0,0.0,0.0
RB,RB_STALL_CYCLES_FIFO2_FULL,zero_all_widths,0.0,0.0,0.0,,,0.0,0.0,0.0,0.0,0.0,0.0
RB,RB_STALL_CYCLES_HLSQ,zero_all_widths,0.0,0.0,0.0,,,0.0,0.0,0.0,0.0,0.0,0.0
RB,RB_STALL_CYCLES_HLSQ_ATTR,zero_all_widths,0.0,0.0,0.0,,,0.0,0.0,0.0,0.0,0.0,0.0
RB,RB_STALL_CYCLES_HLSQ_INFO,zero_all_widths,0.0,0.0,0.0,,,0.0,0.0,0.0,0.0,0.0,0.0
RB,RB_STALL_CYCLES_VPC_BE,zero_all_widths,0.0,0.0,0.0,,,0.0,0.0,0.0,0.0,0.0,0.0
RB,RB_STALL_CYCLES_ZMODE_SWITCH,zero_all_widths,0.0,0.0,0.0,,,0.0,0.0,0.0,0.0,0.0,0.0
RB,RB_STARVE_CYCLES_BARY_PLANE,zero_all_widths,0.0,0.0,0.0,,,0.0,0.0,0.0,0.0,0.0,0.0
RB,RB_STARVE_CYCLES_CCU,zero_all_widths,0.0,0.0,0.0,,,0.0,0.0,0.0,0.0,0.0,0.0
RB,RB_STARVE_CYCLES_SP,zero_all_widths,0.0,0.0,0.0,,,0.0,0.0,0.0,0.0,0.0,0.0
RB,RB_S_FAIL,zero_all_widths,0.0,0.0,0.0,,,0.0,0.0,0.0,0.0,0.0,0.0
RB,RB_TOTAL_PASS,zero_all_widths,0.0,0.0,0.0,,,0.0,0.0,0.0,0.0,0.0,0.0
RB,RB_TOTAL_PASS_PIXELS,zero_all_widths,0.0,0.0,0.0,,,0.0,0.0,0.0,0.0,0.0,0.0
RB,RB_VRS_1X1_QUADS,zero_all_widths,0.0,0.0,0.0,,,0.0,0.0,0.0,0.0,0.0,0.0
RB,RB_VRS_1X2_QUADS,zero_all_widths,0.0,0.0,0.0,,,0.0,0.0,0.0,0.0,0.0,0.0
RB,RB_VRS_2X1_QUADS,zero_all_widths,0.0,0.0,0.0,,,0.0,0.0,0.0,0.0,0.0,0.0
RB,RB_VRS_2X2_QUADS,zero_all_widths,0.0,0.0,0.0,,,0.0,0.0,0.0,0.0,0.0,0.0
RB,RB_VRS_2X4_QUADS,zero_all_widths,0.0,0.0,0.0,,,0.0,0.0,0.0,0.0,0.0,0.0
RB,RB_VRS_4X2_QUADS,zero_all_widths,0.0,0.0,0.0,,,0.0,0.0,0.0,0.0,0.0,0.0
RB,RB_VRS_4X4_QUADS,zero_all_widths,0.0,0.0,0.0,,,0.0,0.0,0.0,0.0,0.0,0.0
RB,RB_Z_FAIL,zero_all_widths,0.0,0.0,0.0,,,0.0,0.0,0.0,0.0,0.0,0.0
RB,RB_Z_PASS,zero_all_widths,0.0,0.0,0.0,,,0.0,0.0,0.0,0.0,0.0,0.0
RB,RB_Z_READ,zero_all_widths,0.0,0.0,0.0,,,0.0,0.0,0.0,0.0,0.0,0.0
RB,RB_Z_WORKLOAD,zero_all_widths,0.0,0.0,0.0,,,0.0,0.0,0.0,0.0,0.0,0.0
RB,RB_Z_WRITE,zero_all_widths,0.0,0.0,0.0,,,0.0,0.0,0.0,0.0,0.0,0.0
RBBM,RBBM_NEVER_COUNT,zero_all_widths,0.0,0.0,0.0,,,0.0,0.0,0.0,0.0,0.0,0.0
RBBM,RBBM_S_HLSQ_BUSY,zero_all_widths,0.0,0.0,0.0,,,0.0,0.0,0.0,0.0,0.0,0.0
RBBM,RBBM_S_PC_BUSY,zero_all_widths,0.0,0.0,0.0,,,0.0,0.0,0.0,0.0,0.0,0.0
RBBM,RBBM_S_RAS_BUSY,zero_all_widths,0.0,0.0,0.0,,,0.0,0.0,0.0,0.0,0.0,0.0
RBBM,RBBM_S_TESS_BUSY,zero_all_widths,0.0,0.0,0.0,,,0.0,0.0,0.0,0.0,0.0,0.0
RBBM,RBBM_S_TSEBE_BUSY,zero_all_widths,0.0,0.0,0.0,,,0.0,0.0,0.0,0.0,0.0,0.0
RBBM,RBBM_S_TSEFE_BUSY,zero_all_widths,0.0,0.0,0.0,,,0.0,0.0,0.0,0.0,0.0,0.0
RBBM,RBBM_US_DCOM_BUSY,zero_all_widths,0.0,0.0,0.0,,,0.0,0.0,0.0,0.0,0.0,0.0
SP,SP_ADDR_LOCK_COUNT,zero_all_widths,0.0,0.0,0.0,,,0.0,0.0,0.0,0.0,0.0,0.0
SP,SP_ANY_EU_WORKING_LPAC,zero_all_widths,0.0,0.0,0.0,,,0.0,0.0,0.0,0.0,0.0,0.0
SP,SP_BARY_FP32_INSTRUCTIONS,zero_all_widths,0.0,0.0,0.0,,,0.0,0.0,0.0,0.0,0.0,0.0
SP,SP_BYPASS_BUSY_CYCLES,zero_all_widths,0.0,0.0,0.0,,,0.0,0.0,0.0,0.0,0.0,0.0
SP,SP_DISPATCHER_WORKING_CYCLES,zero_all_widths,0.0,0.0,0.0,,,0.0,0.0,0.0,0.0,0.0,0.0
SP,SP_DS_INSTRUCTIONS,zero_all_widths,0.0,0.0,0.0,,,0.0,0.0,0.0,0.0,0.0,0.0
SP,SP_EXPORT_RB_TRANS,zero_all_widths,0.0,0.0,0.0,,,0.0,0.0,0.0,0.0,0.0,0.0
SP,SP_EXPORT_VPC_TRANS,zero_all_widths,0.0,0.0,0.0,,,0.0,0.0,0.0,0.0,0.0,0.0
SP,SP_FS_INSTRUCTIONS,zero_all_widths,0.0,0.0,0.0,,,0.0,0.0,0.0,0.0,0.0,0.0
SP,SP_FS_OOO_WAVE_ACC,zero_all_widths,0.0,0.0,0.0,,,0.0,0.0,0.0,0.0,0.0,0.0
SP,SP_FS_STAGE_1X_WAVES,zero_all_widths,0.0,0.0,0.0,,,0.0,0.0,0.0,0.0,0.0,0.0
SP,SP_FS_STAGE_BARY_INSTRUCTIONS,zero_all_widths,0.0,0.0,0.0,,,0.0,0.0,0.0,0.0,0.0,0.0
SP,SP_FS_STAGE_HALF_ALU_INSTRUCTIONS,zero_all_widths,0.0,0.0,0.0,,,0.0,0.0,0.0,0.0,0.0,0.0
SP,SP_FS_STAGE_HALF_EFU_INSTRUCTIONS,zero_all_widths,0.0,0.0,0.0,,,0.0,0.0,0.0,0.0,0.0,0.0
SP,SP_FS_STAGE_PI_TEX_INSTRUCTION,zero_all_widths,0.0,0.0,0.0,,,0.0,0.0,0.0,0.0,0.0,0.0
SP,SP_FULL_ALU_MAD_INSTRUCTIONS,zero_all_widths,0.0,0.0,0.0,,,0.0,0.0,0.0,0.0,0.0,0.0
SP,SP_GM_ATOMICS,zero_all_widths,0.0,0.0,0.0,,,0.0,0.0,0.0,0.0,0.0,0.0
SP,SP_GM_LOAD_INSTRUCTIONS,zero_all_widths,0.0,0.0,0.0,,,0.0,0.0,0.0,0.0,0.0,0.0
SP,SP_GM_LOAD_LATENCY_CYCLES,zero_all_widths,0.0,0.0,0.0,,,0.0,0.0,0.0,0.0,0.0,0.0
SP,SP_GM_LOAD_LATENCY_SAMPLES,zero_all_widths,0.0,0.0,0.0,,,0.0,0.0,0.0,0.0,0.0,0.0
SP,SP_GPR_CACHE_SRC0_GPR_CACHE_HIT_RDCNT,zero_all_widths,0.0,0.0,0.0,,,0.0,0.0,0.0,0.0,0.0,0.0
SP,SP_GPR_READ_PREFETCH,zero_all_widths,0.0,0.0,0.0,,,0.0,0.0,0.0,0.0,0.0,0.0
SP,SP_GS_INSTRUCTIONS,zero_all_widths,0.0,0.0,0.0,,,0.0,0.0,0.0,0.0,0.0,0.0
SP,SP_HALF_ALU_ADD_INSTRUCTIONS,zero_all_widths,0.0,0.0,0.0,,,0.0,0.0,0.0,0.0,0.0,0.0
SP,SP_HALF_ALU_MAD_INSTRUCTIONS,zero_all_widths,0.0,0.0,0.0,,,0.0,0.0,0.0,0.0,0.0,0.0
SP,SP_HALF_ALU_MUL_INSTRUCTIONS,zero_all_widths,0.0,0.0,0.0,,,0.0,0.0,0.0,0.0,0.0,0.0
SP,SP_HS_INSTRUCTIONS,zero_all_widths,0.0,0.0,0.0,,,0.0,0.0,0.0,0.0,0.0,0.0
SP,SP_ICL1_MISSES,zero_all_widths,0.0,0.0,0.0,,,0.0,0.0,0.0,0.0,0.0,0.0
SP,SP_ICL1_MISS_FETCH_CYCLES,zero_all_widths,0.0,0.0,0.0,,,0.0,0.0,0.0,0.0,0.0,0.0
SP,SP_LB_LDST_WRITE_CONS,zero_all_widths,0.0,0.0,0.0,,,0.0,0.0,0.0,0.0,0.0,0.0
SP,SP_LB_LDST_WRITE_CONS_BLOCKED,zero_all_widths,0.0,0.0,0.0,,,0.0,0.0,0.0,0.0,0.0,0.0
SP,SP_LB_WRITE_VPC_BLOCK_OTHER,zero_all_widths,0.0,0.0,0.0,,,0.0,0.0,0.0,0.0,0.0,0.0
SP,SP_LB_WRITE_XFER_VPC,zero_all_widths,0.0,0.0,0.0,,,0.0,0.0,0.0,0.0,0.0,0.0
SP,SP_LM_ATOMICS,zero_all_widths,0.0,0.0,0.0,,,0.0,0.0,0.0,0.0,0.0,0.0
SP,SP_LM_FULL_CYCLES,zero_all_widths,0.0,0.0,0.0,,,0.0,0.0,0.0,0.0,0.0,0.0
SP,SP_LPAC_BUSY_CYCLES,zero_all_widths,0.0,0.0,0.0,,,0.0,0.0,0.0,0.0,0.0,0.0
SP,SP_LPAC_DRAWCALLS,zero_all_widths,0.0,0.0,0.0,,,0.0,0.0,0.0,0.0,0.0,0.0
SP,SP_LPAC_INSTRUCTIONS,zero_all_widths,0.0,0.0,0.0,,,0.0,0.0,0.0,0.0,0.0,0.0
SP,SP_LPAC_WAVE_REQ_PENDING,zero_all_widths,0.0,0.0,0.0,,,0.0,0.0,0.0,0.0,0.0,0.0
SP,SP_NEVER_COUNT,zero_all_widths,0.0,0.0,0.0,,,0.0,0.0,0.0,0.0,0.0,0.0
SP,SP_OUTPUT_3D_PIXELS,zero_all_widths,0.0,0.0,0.0,,,0.0,0.0,0.0,0.0,0.0,0.0
SP,SP_PIXELS_KILLED,zero_all_widths,0.0,0.0,0.0,,,0.0,0.0,0.0,0.0,0.0,0.0
SP,SP_PI_WORKING_CYCLES,zero_all_widths,0.0,0.0,0.0,,,0.0,0.0,0.0,0.0,0.0,0.0
SP,SP_PREDICT_INS_COUNT,zero_all_widths,0.0,0.0,0.0,,,0.0,0.0,0.0,0.0,0.0,0.0
SP,SP_PREDICT_INS_DIVERGENCY_COUNT,zero_all_widths,0.0,0.0,0.0,,,0.0,0.0,0.0,0.0,0.0,0.0
SP,SP_PREDICT_NOT_TAKEN,zero_all_widths,0.0,0.0,0.0,,,0.0,0.0,0.0,0.0,0.0,0.0
SP,SP_PREDICT_TAKEN,zero_all_widths,0.0,0.0,0.0,,,0.0,0.0,0.0,0.0,0.0,0.0
SP,SP_RAY_QUERY_INSTRUCTIONS,zero_all_widths,0.0,0.0,0.0,,,0.0,0.0,0.0,0.0,0.0,0.0
SP,SP_RBRT_KICKOFF_DQUADS,zero_all_widths,0.0,0.0,0.0,,,0.0,0.0,0.0,0.0,0.0,0.0
SP,SP_RBRT_KICKOFF_FIBERS,zero_all_widths,0.0,0.0,0.0,,,0.0,0.0,0.0,0.0,0.0,0.0
SP,SP_RESERVED_86,zero_all_widths,0.0,0.0,0.0,,,0.0,0.0,0.0,0.0,0.0,0.0
SP,SP_RTU_BUSY_CYCLES,zero_all_widths,0.0,0.0,0.0,,,0.0,0.0,0.0,0.0,0.0,0.0
SP,SP_RTU_BVH_FETCH_LATENCY_CYCLES,zero_all_widths,0.0,0.0,0.0,,,0.0,0.0,0.0,0.0,0.0,0.0
SP,SP_RTU_BVH_FETCH_LATENCY_SAMPLES,zero_all_widths,0.0,0.0,0.0,,,0.0,0.0,0.0,0.0,0.0,0.0
SP,SP_RTU_L0_HITS,zero_all_widths,0.0,0.0,0.0,,,0.0,0.0,0.0,0.0,0.0,0.0
SP,SP_RTU_L0_HIT_ON_MISS,zero_all_widths,0.0,0.0,0.0,,,0.0,0.0,0.0,0.0,0.0,0.0
SP,SP_RTU_L0_MISSES,zero_all_widths,0.0,0.0,0.0,,,0.0,0.0,0.0,0.0,0.0,0.0
SP,SP_RTU_OPERAND_FETCH_STALL_CYCLES_INS_FIFO,zero_all_widths,0.0,0.0,0.0,,,0.0,0.0,0.0,0.0,0.0,0.0
SP,SP_RTU_OPERAND_FETCH_STALL_CYCLES_L0,zero_all_widths,0.0,0.0,0.0,,,0.0,0.0,0.0,0.0,0.0,0.0
SP,SP_RTU_RAY_BOX_INTERSECTIONS,zero_all_widths,0.0,0.0,0.0,,,0.0,0.0,0.0,0.0,0.0,0.0
SP,SP_RTU_RAY_TRIANGLE_INTERSECTIONS,zero_all_widths,0.0,0.0,0.0,,,0.0,0.0,0.0,0.0,0.0,0.0
SP,SP_RTU_STALL_CYCLES_L0DATA,zero_all_widths,0.0,0.0,0.0,,,0.0,0.0,0.0,0.0,0.0,0.0
SP,SP_RTU_STALL_CYCLES_L0D_IDX_QUEUE,zero_all_widths,0.0,0.0,0.0,,,0.0,0.0,0.0,0.0,0.0,0.0
SP,SP_RTU_STALL_CYCLES_L0_HIT_QUEUE,zero_all_widths,0.0,0.0,0.0,,,0.0,0.0,0.0,0.0,0.0,0.0
SP,SP_RTU_STALL_CYCLES_L0_MISS_QUEUE,zero_all_widths,0.0,0.0,0.0,,,0.0,0.0,0.0,0.0,0.0,0.0
SP,SP_RTU_STALL_CYCLES_MRG_CNT,zero_all_widths,0.0,0.0,0.0,,,0.0,0.0,0.0,0.0,0.0,0.0
SP,SP_RTU_STALL_CYCLES_REPLACE_CNT,zero_all_widths,0.0,0.0,0.0,,,0.0,0.0,0.0,0.0,0.0,0.0
SP,SP_RTU_STALL_CYCLES_UCHE,zero_all_widths,0.0,0.0,0.0,,,0.0,0.0,0.0,0.0,0.0,0.0
SP,SP_RTU_STALL_CYCLES_WAVE_QUEUE,zero_all_widths,0.0,0.0,0.0,,,0.0,0.0,0.0,0.0,0.0,0.0
SP,SP_SCH_STALL_CYCLES_RTU,zero_all_widths,0.0,0.0,0.0,,,0.0,0.0,0.0,0.0,0.0,0.0
SP,SP_STALL_CYCLES_RB,zero_all_widths,0.0,0.0,0.0,,,0.0,0.0,0.0,0.0,0.0,0.0
SP,SP_STALL_CYCLES_VPC_BE,zero_all_widths,0.0,0.0,0.0,,,0.0,0.0,0.0,0.0,0.0,0.0
SP,SP_STCHE_MISS_INC_BV,zero_all_widths,0.0,0.0,0.0,,,0.0,0.0,0.0,0.0,0.0,0.0
SP,SP_STCHE_MISS_INC_LPAC,zero_all_widths,0.0,0.0,0.0,,,0.0,0.0,0.0,0.0,0.0,0.0
SP,SP_STCHE_MISS_INC_VS,zero_all_widths,0.0,0.0,0.0,,,0.0,0.0,0.0,0.0,0.0,0.0
SP,SP_UCHE_READ_TRANS,zero_all_widths,0.0,0.0,0.0,,,0.0,0.0,0.0,0.0,0.0,0.0
SP,SP_VGPR_ACTIVE_CONTEXTS,zero_all_widths,0.0,0.0,0.0,,,0.0,0.0,0.0,0.0,0.0,0.0
SP,SP_VGPR_ALLOC_CONTEXTS,zero_all_widths,0.0,0.0,0.0,,,0.0,0.0,0.0,0.0,0.0,0.0
SP,SP_VS_INSTRUCTIONS,zero_all_widths,0.0,0.0,0.0,,,0.0,0.0,0.0,0.0,0.0,0.0
SP,SP_VS_STAGE_DURATION_CYCLES,zero_all_widths,0.0,0.0,0.0,,,0.0,0.0,0.0,0.0,0.0,0.0
SP,SP_VS_STAGE_EFU_INSTRUCTIONS,zero_all_widths,0.0,0.0,0.0,,,0.0,0.0,0.0,0.0,0.0,0.0
SP,SP_VS_STAGE_FULL_ALU_INSTRUCTIONS,zero_all_widths,0.0,0.0,0.0,,,0.0,0.0,0.0,0.0,0.0,0.0
SP,SP_VS_STAGE_HALF_ALU_INSTRUCTIONS,zero_all_widths,0.0,0.0,0.0,,,0.0,0.0,0.0,0.0,0.0,0.0
SP,SP_VS_STAGE_HALF_EFU_INSTRUCTIONS,zero_all_widths,0.0,0.0,0.0,,,0.0,0.0,0.0,0.0,0.0,0.0
SP,SP_VS_STAGE_TEX_INSTRUCTIONS,zero_all_widths,0.0,0.0,0.0,,,0.0,0.0,0.0,0.0,0.0,0.0
SP,SP_VS_STAGE_WAVE_CYCLES,zero_all_widths,0.0,0.0,0.0,,,0.0,0.0,0.0,0.0,0.0,0.0
SP,SP_VS_STAGE_WAVE_SAMPLES,zero_all_widths,0.0,0.0,0.0,,,0.0,0.0,0.0,0.0,0.0,0.0
SP,SP_VS_WAVE_REQ_PENDING,zero_all_widths,0.0,0.0,0.0,,,0.0,0.0,0.0,0.0,0.0,0.0
SP,SP_WAVE_INT_CYCLES,zero_all_widths,0.0,0.0,0.0,,,0.0,0.0,0.0,0.0,0.0,0.0
SP,SP_WAVE_SPLIT_CNT,zero_all_widths,0.0,0.0,0.0,,,0.0,0.0,0.0,0.0,0.0,0.0
TP,TP_2D_FILTER_WORKLOAD_16BIT,zero_all_widths,0.0,0.0,0.0,,,0.0,0.0,0.0,0.0,0.0,0.0
TP,TP_2D_FILTER_WORKLOAD_32BIT,zero_all_widths,0.0,0.0,0.0,,,0.0,0.0,0.0,0.0,0.0,0.0
TP,TP_2D_OUTPUT_PIXELS,zero_all_widths,0.0,0.0,0.0,,,0.0,0.0,0.0,0.0,0.0,0.0
TP,TP_2D_OUTPUT_PIXELS_BILINEAR,zero_all_widths,0.0,0.0,0.0,,,0.0,0.0,0.0,0.0,0.0,0.0
TP,TP_2D_OUTPUT_PIXELS_POINT,zero_all_widths,0.0,0.0,0.0,,,0.0,0.0,0.0,0.0,0.0,0.0
TP,TP_DIVERGENT_QUADS_RECEIVED,zero_all_widths,0.0,0.0,0.0,,,0.0,0.0,0.0,0.0,0.0,0.0
TP,TP_FILTER_POINT_FP16,zero_all_widths,0.0,0.0,0.0,,,0.0,0.0,0.0,0.0,0.0,0.0
TP,TP_FILTER_WORKLOAD_16BIT,zero_all_widths,0.0,0.0,0.0,,,0.0,0.0,0.0,0.0,0.0,0.0
TP,TP_FLAG_CACHE_MISSES,zero_all_widths,0.0,0.0,0.0,,,0.0,0.0,0.0,0.0,0.0,0.0
TP,TP_FLAG_CACHE_REQUESTS,zero_all_widths,0.0,0.0,0.0,,,0.0,0.0,0.0,0.0,0.0,0.0
TP,TP_FLAG_FIFO_DELAY_CYCLES,zero_all_widths,0.0,0.0,0.0,,,0.0,0.0,0.0,0.0,0.0,0.0
TP,TP_FLAG_FIFO_DELAY_SAMPLES,zero_all_widths,0.0,0.0,0.0,,,0.0,0.0,0.0,0.0,0.0,0.0
TP,TP_FORMAT_DECOMP_BILINEAR,zero_all_widths,0.0,0.0,0.0,,,0.0,0.0,0.0,0.0,0.0,0.0
TP,TP_FORMAT_DECOMP_POINT,zero_all_widths,0.0,0.0,0.0,,,0.0,0.0,0.0,0.0,0.0,0.0
TP,TP_L1POINT5_ASTC_DECODER_0_WORKLOAD_R,zero_all_widths,0.0,0.0,0.0,,,0.0,0.0,0.0,0.0,0.0,0.0
TP,TP_L1POINT5_ASTC_DECODER_1_WORKLOAD_R,zero_all_widths,0.0,0.0,0.0,,,0.0,0.0,0.0,0.0,0.0,0.0
TP,TP_L1POINT5_PRE_L1_DECOMP_0_WORKLOAD_R,zero_all_widths,0.0,0.0,0.0,,,0.0,0.0,0.0,0.0,0.0,0.0
TP,TP_L1POINT5_PRE_L1_DECOMP_1_WORKLOAD_R,zero_all_widths,0.0,0.0,0.0,,,0.0,0.0,0.0,0.0,0.0,0.0
TP,TP_L1_MISSES_ASTC_1TILE,zero_all_widths,0.0,0.0,0.0,,,0.0,0.0,0.0,0.0,0.0,0.0
TP,TP_L1_MISSES_ASTC_2TILE,zero_all_widths,0.0,0.0,0.0,,,0.0,0.0,0.0,0.0,0.0,0.0
TP,TP_L1_MISSES_ASTC_4TILE,zero_all_widths,0.0,0.0,0.0,,,0.0,0.0,0.0,0.0,0.0,0.0
TP,TP_LATENCY_FIFO_FULL,zero_all_widths,0.0,0.0,0.0,,,0.0,0.0,0.0,0.0,0.0,0.0
TP,TP_NEVER_COUNT,zero_all_widths,0.0,0.0,0.0,,,0.0,0.0,0.0,0.0,0.0,0.0
TP,TP_OUTPUT_PIXELS_ANISO,zero_all_widths,0.0,0.0,0.0,,,0.0,0.0,0.0,0.0,0.0,0.0
TP,TP_OUTPUT_PIXELS_BILINEAR,zero_all_widths,0.0,0.0,0.0,,,0.0,0.0,0.0,0.0,0.0,0.0
TP,TP_OUTPUT_PIXELS_MIP,zero_all_widths,0.0,0.0,0.0,,,0.0,0.0,0.0,0.0,0.0,0.0
TP,TP_PACKED_POINT_BOTH_VALID_FP16,zero_all_widths,0.0,0.0,0.0,,,0.0,0.0,0.0,0.0,0.0,0.0
TP,TP_PACKED_POINT_BOTH_VALID_FP32,zero_all_widths,0.0,0.0,0.0,,,0.0,0.0,0.0,0.0,0.0,0.0
TP,TP_PACKED_POINT_SINGLE_VALID_FP16,zero_all_widths,0.0,0.0,0.0,,,0.0,0.0,0.0,0.0,0.0,0.0
TP,TP_PACKED_POINT_SINGLE_VALID_FP32,zero_all_widths,0.0,0.0,0.0,,,0.0,0.0,0.0,0.0,0.0,0.0
TP,TP_PARTIAL_SURFACE_PGMEM_MISS_REQ,zero_all_widths,0.0,0.0,0.0,,,0.0,0.0,0.0,0.0,0.0,0.0
TP,TP_PARTIAL_SURFACE_PGMEM_PIXELS,zero_all_widths,0.0,0.0,0.0,,,0.0,0.0,0.0,0.0,0.0,0.0
TP,TP_PARTIAL_SURFACE_SYSMEM_MISS_REQ,zero_all_widths,0.0,0.0,0.0,,,0.0,0.0,0.0,0.0,0.0,0.0
TP,TP_PARTIAL_SURFACE_SYSMEM_PIXELS,zero_all_widths,0.0,0.0,0.0,,,0.0,0.0,0.0,0.0,0.0,0.0
TP,TP_PRT_NON_RESIDENT_EVENTS,zero_all_widths,0.0,0.0,0.0,,,0.0,0.0,0.0,0.0,0.0,0.0
TP,TP_QUADS_1D,zero_all_widths,0.0,0.0,0.0,,,0.0,0.0,0.0,0.0,0.0,0.0
TP,TP_QUADS_2D,zero_all_widths,0.0,0.0,0.0,,,0.0,0.0,0.0,0.0,0.0,0.0
TP,TP_QUADS_3D,zero_all_widths,0.0,0.0,0.0,,,0.0,0.0,0.0,0.0,0.0,0.0
TP,TP_QUADS_ARRAY,zero_all_widths,0.0,0.0,0.0,,,0.0,0.0,0.0,0.0,0.0,0.0
TP,TP_QUADS_CONSTANT_MULTIPLIED,zero_all_widths,0.0,0.0,0.0,,,0.0,0.0,0.0,0.0,0.0,0.0
TP,TP_QUADS_CUBE,zero_all_widths,0.0,0.0,0.0,,,0.0,0.0,0.0,0.0,0.0,0.0
TP,TP_QUADS_GRADIENT,zero_all_widths,0.0,0.0,0.0,,,0.0,0.0,0.0,0.0,0.0,0.0
TP,TP_QUADS_OFFSET,zero_all_widths,0.0,0.0,0.0,,,0.0,0.0,0.0,0.0,0.0,0.0
TP,TP_QUADS_SHADOW,zero_all_widths,0.0,0.0,0.0,,,0.0,0.0,0.0,0.0,0.0,0.0
TP,TP_RESERVED_100,zero_all_widths,0.0,0.0,0.0,,,0.0,0.0,0.0,0.0,0.0,0.0
TP,TP_RESERVED_101,zero_all_widths,0.0,0.0,0.0,,,0.0,0.0,0.0,0.0,0.0,0.0
TP,TP_RESERVED_102,zero_all_widths,0.0,0.0,0.0,,,0.0,0.0,0.0,0.0,0.0,0.0
TP,TP_RESERVED_103,zero_all_widths,0.0,0.0,0.0,,,0.0,0.0,0.0,0.0,0.0,0.0
TP,TP_RESERVED_104,zero_all_widths,0.0,0.0,0.0,,,0.0,0.0,0.0,0.0,0.0,0.0
TP,TP_RESERVED_105,zero_all_widths,0.0,0.0,0.0,,,0.0,0.0,0.0,0.0,0.0,0.0
TP,TP_RESERVED_106,zero_all_widths,0.0,0.0,0.0,,,0.0,0.0,0.0,0.0,0.0,0.0
TP,TP_RESERVED_107,zero_all_widths,0.0,0.0,0.0,,,0.0,0.0,0.0,0.0,0.0,0.0
TP,TP_RESERVED_108,zero_all_widths,0.0,0.0,0.0,,,0.0,0.0,0.0,0.0,0.0,0.0
TP,TP_RESERVED_109,zero_all_widths,0.0,0.0,0.0,,,0.0,0.0,0.0,0.0,0.0,0.0
TP,TP_RESERVED_110,zero_all_widths,0.0,0.0,0.0,,,0.0,0.0,0.0,0.0,0.0,0.0
TP,TP_RESERVED_111,zero_all_widths,0.0,0.0,0.0,,,0.0,0.0,0.0,0.0,0.0,0.0
TP,TP_RESERVED_112,zero_all_widths,0.0,0.0,0.0,,,0.0,0.0,0.0,0.0,0.0,0.0
TP,TP_RESERVED_113,zero_all_widths,0.0,0.0,0.0,,,0.0,0.0,0.0,0.0,0.0,0.0
TP,TP_RESERVED_114,zero_all_widths,0.0,0.0,0.0,,,0.0,0.0,0.0,0.0,0.0,0.0
TP,TP_RESERVED_115,zero_all_widths,0.0,0.0,0.0,,,0.0,0.0,0.0,0.0,0.0,0.0
TP,TP_RESERVED_116,zero_all_widths,0.0,0.0,0.0,,,0.0,0.0,0.0,0.0,0.0,0.0
TP,TP_RESERVED_117,zero_all_widths,0.0,0.0,0.0,,,0.0,0.0,0.0,0.0,0.0,0.0
TP,TP_RESERVED_118,zero_all_widths,0.0,0.0,0.0,,,0.0,0.0,0.0,0.0,0.0,0.0
TP,TP_RESERVED_119,zero_all_widths,0.0,0.0,0.0,,,0.0,0.0,0.0,0.0,0.0,0.0
TP,TP_RESERVED_120,zero_all_widths,0.0,0.0,0.0,,,0.0,0.0,0.0,0.0,0.0,0.0
TP,TP_RESERVED_121,zero_all_widths,0.0,0.0,0.0,,,0.0,0.0,0.0,0.0,0.0,0.0
TP,TP_RESERVED_122,zero_all_widths,0.0,0.0,0.0,,,0.0,0.0,0.0,0.0,0.0,0.0
TP,TP_RESERVED_123,zero_all_widths,0.0,0.0,0.0,,,0.0,0.0,0.0,0.0,0.0,0.0
TP,TP_RESERVED_124,zero_all_widths,0.0,0.0,0.0,,,0.0,0.0,0.0,0.0,0.0,0.0
TP,TP_RESERVED_125,zero_all_widths,0.0,0.0,0.0,,,0.0,0.0,0.0,0.0,0.0,0.0
TP,TP_RESERVED_126,zero_all_widths,0.0,0.0,0.0,,,0.0,0.0,0.0,0.0,0.0,0.0
TP,TP_RESERVED_127,zero_all_widths,0.0,0.0,0.0,,,0.0,0.0,0.0,0.0,0.0,0.0
TP,TP_RESERVED_62,zero_all_widths,0.0,0.0,0.0,,,0.0,0.0,0.0,0.0,0.0,0.0
TP,TP_RESERVED_63,zero_all_widths,0.0,0.0,0.0,,,0.0,0.0,0.0,0.0,0.0,0.0
TP,TP_RESERVED_64,zero_all_widths,0.0,0.0,0.0,,,0.0,0.0,0.0,0.0,0.0,0.0
TP,TP_RESERVED_65,zero_all_widths,0.0,0.0,0.0,,,0.0,0.0,0.0,0.0,0.0,0.0
TP,TP_RESERVED_66,zero_all_widths,0.0,0.0,0.0,,,0.0,0.0,0.0,0.0,0.0,0.0
TP,TP_RESERVED_67,zero_all_widths,0.0,0.0,0.0,,,0.0,0.0,0.0,0.0,0.0,0.0
TP,TP_RESERVED_68,zero_all_widths,0.0,0.0,0.0,,,0.0,0.0,0.0,0.0,0.0,0.0
TP,TP_RESERVED_69,zero_all_widths,0.0,0.0,0.0,,,0.0,0.0,0.0,0.0,0.0,0.0
TP,TP_RESERVED_70,zero_all_widths,0.0,0.0,0.0,,,0.0,0.0,0.0,0.0,0.0,0.0
TP,TP_RESERVED_71,zero_all_widths,0.0,0.0,0.0,,,0.0,0.0,0.0,0.0,0.0,0.0
TP,TP_RESERVED_72,zero_all_widths,0.0,0.0,0.0,,,0.0,0.0,0.0,0.0,0.0,0.0
TP,TP_RESERVED_73,zero_all_widths,0.0,0.0,0.0,,,0.0,0.0,0.0,0.0,0.0,0.0
TP,TP_RESERVED_74,zero_all_widths,0.0,0.0,0.0,,,0.0,0.0,0.0,0.0,0.0,0.0
TP,TP_RESERVED_75,zero_all_widths,0.0,0.0,0.0,,,0.0,0.0,0.0,0.0,0.0,0.0
TP,TP_RESERVED_76,zero_all_widths,0.0,0.0,0.0,,,0.0,0.0,0.0,0.0,0.0,0.0
TP,TP_RESERVED_77,zero_all_widths,0.0,0.0,0.0,,,0.0,0.0,0.0,0.0,0.0,0.0
TP,TP_RESERVED_78,zero_all_widths,0.0,0.0,0.0,,,0.0,0.0,0.0,0.0,0.0,0.0
TP,TP_RESERVED_79,zero_all_widths,0.0,0.0,0.0,,,0.0,0.0,0.0,0.0,0.0,0.0
TP,TP_RESERVED_80,zero_all_widths,0.0,0.0,0.0,,,0.0,0.0,0.0,0.0,0.0,0.0
TP,TP_RESERVED_81,zero_all_widths,0.0,0.0,0.0,,,0.0,0.0,0.0,0.0,0.0,0.0
TP,TP_RESERVED_82,zero_all_widths,0.0,0.0,0.0,,,0.0,0.0,0.0,0.0,0.0,0.0
TP,TP_RESERVED_83,zero_all_widths,0.0,0.0,0.0,,,0.0,0.0,0.0,0.0,0.0,0.0
TP,TP_RESERVED_84,zero_all_widths,0.0,0.0,0.0,,,0.0,0.0,0.0,0.0,0.0,0.0
TP,TP_RESERVED_85,zero_all_widths,0.0,0.0,0.0,,,0.0,0.0,0.0,0.0,0.0,0.0
TP,TP_RESERVED_86,zero_all_widths,0.0,0.0,0.0,,,0.0,0.0,0.0,0.0,0.0,0.0
TP,TP_RESERVED_87,zero_all_widths,0.0,0.0,0.0,,,0.0,0.0,0.0,0.0,0.0,0.0
TP,TP_RESERVED_88,zero_all_widths,0.0,0.0,0.0,,,0.0,0.0,0.0,0.0,0.0,0.0
TP,TP_RESERVED_89,zero_all_widths,0.0,0.0,0.0,,,0.0,0.0,0.0,0.0,0.0,0.0
TP,TP_RESERVED_90,zero_all_widths,0.0,0.0,0.0,,,0.0,0.0,0.0,0.0,0.0,0.0
TP,TP_RESERVED_91,zero_all_widths,0.0,0.0,0.0,,,0.0,0.0,0.0,0.0,0.0,0.0
TP,TP_RESERVED_92,zero_all_widths,0.0,0.0,0.0,,,0.0,0.0,0.0,0.0,0.0,0.0
TP,TP_RESERVED_93,zero_all_widths,0.0,0.0,0.0,,,0.0,0.0,0.0,0.0,0.0,0.0
TP,TP_RESERVED_94,zero_all_widths,0.0,0.0,0.0,,,0.0,0.0,0.0,0.0,0.0,0.0
TP,TP_RESERVED_95,zero_all_widths,0.0,0.0,0.0,,,0.0,0.0,0.0,0.0,0.0,0.0
TP,TP_RESERVED_96,zero_all_widths,0.0,0.0,0.0,,,0.0,0.0,0.0,0.0,0.0,0.0
TP,TP_RESERVED_97,zero_all_widths,0.0,0.0,0.0,,,0.0,0.0,0.0,0.0,0.0,0.0
TP,TP_RESERVED_98,zero_all_widths,0.0,0.0,0.0,,,0.0,0.0,0.0,0.0,0.0,0.0
TP,TP_RESERVED_99,zero_all_widths,0.0,0.0,0.0,,,0.0,0.0,0.0,0.0,0.0,0.0
TP,TP_STALL_CYCLES_UCHE,zero_all_widths,0.0,0.0,0.0,,,0.0,0.0,0.0,0.0,0.0,0.0
TP,TP_STALL_CYCLES_UFC,zero_all_widths,0.0,0.0,0.0,,,0.0,0.0,0.0,0.0,0.0,0.0
TP,TP_TOTAL_DECOMP_L1_RESP_CH0,zero_all_widths,0.0,0.0,0.0,,,0.0,0.0,0.0,0.0,0.0,0.0
TP,TP_TOTAL_DECOMP_L1_RESP_CH1,zero_all_widths,0.0,0.0,0.0,,,0.0,0.0,0.0,0.0,0.0,0.0
TSE,TSE_BBOX_WORKING_CYCLE_L1,zero_all_widths,0.0,0.0,0.0,,,0.0,0.0,0.0,0.0,0.0,0.0
TSE,TSE_BE_2D_ALIVE_CYCLES,zero_all_widths,0.0,0.0,0.0,,,0.0,0.0,0.0,0.0,0.0,0.0
TSE,TSE_BE_BR_STALLS_DUETO_BV_CLIP,zero_all_widths,0.0,0.0,0.0,,,0.0,0.0,0.0,0.0,0.0,0.0
TSE,TSE_BE_BR_STALLS_DUETO_BV_POLY,zero_all_widths,0.0,0.0,0.0,,,0.0,0.0,0.0,0.0,0.0,0.0
TSE,TSE_BE_BV_STALLS_DUETO_BR,zero_all_widths,0.0,0.0,0.0,,,0.0,0.0,0.0,0.0,0.0,0.0
TSE,TSE_BE_BV_STALLS_DUETO_BR_CLIP,zero_all_widths,0.0,0.0,0.0,,,0.0,0.0,0.0,0.0,0.0,0.0
TSE,TSE_BE_BV_STALLS_DUETO_BR_POLY,zero_all_widths,0.0,0.0,0.0,,,0.0,0.0,0.0,0.0,0.0,0.0
TSE,TSE_BE_CINVOCATION,zero_all_widths,0.0,0.0,0.0,,,0.0,0.0,0.0,0.0,0.0,0.0
TSE,TSE_BE_CLIPPED_PRIM,zero_all_widths,0.0,0.0,0.0,,,0.0,0.0,0.0,0.0,0.0,0.0
TSE,TSE_BE_CLIPPING_CYCLES,zero_all_widths,0.0,0.0,0.0,,,0.0,0.0,0.0,0.0,0.0,0.0
TSE,TSE_BE_CLIP_PLANES,zero_all_widths,0.0,0.0,0.0,,,0.0,0.0,0.0,0.0,0.0,0.0
TSE,TSE_BE_CPRIMITIVES,zero_all_widths,0.0,0.0,0.0,,,0.0,0.0,0.0,0.0,0.0,0.0
TSE,TSE_BE_EARLY_CULL_CLIPPED_PRIM,zero_all_widths,0.0,0.0,0.0,,,0.0,0.0,0.0,0.0,0.0,0.0
TSE,TSE_BE_EMPTY_BBOX_KILLED_PRIM,zero_all_widths,0.0,0.0,0.0,,,0.0,0.0,0.0,0.0,0.0,0.0
TSE,TSE_BE_EXCLUDED_PRIM,zero_all_widths,0.0,0.0,0.0,,,0.0,0.0,0.0,0.0,0.0,0.0
TSE,TSE_BE_FACENESS_CULLED_PRIM,zero_all_widths,0.0,0.0,0.0,,,0.0,0.0,0.0,0.0,0.0,0.0
TSE,TSE_BE_ILLEGAL_BOUNDING_BOX_PRIM,zero_all_widths,0.0,0.0,0.0,,,0.0,0.0,0.0,0.0,0.0,0.0
TSE,TSE_BE_INPUT_NULL_PRIM,zero_all_widths,0.0,0.0,0.0,,,0.0,0.0,0.0,0.0,0.0,0.0
TSE,TSE_BE_INPUT_PRIM,zero_all_widths,0.0,0.0,0.0,,,0.0,0.0,0.0,0.0,0.0,0.0
TSE,TSE_BE_OUTPUT_NULL_PRIM,zero_all_widths,0.0,0.0,0.0,,,0.0,0.0,0.0,0.0,0.0,0.0
TSE,TSE_BE_OUTPUT_VISIBLE_PRIM,zero_all_widths,0.0,0.0,0.0,,,0.0,0.0,0.0,0.0,0.0,0.0
TSE,TSE_BE_ST1_VP_PARAMS_CACHE_MISS,zero_all_widths,0.0,0.0,0.0,,,0.0,0.0,0.0,0.0,0.0,0.0
TSE,TSE_BE_ST2_SCISSOR_VP_PARAMS_CACHE_MISS,zero_all_widths,0.0,0.0,0.0,,,0.0,0.0,0.0,0.0,0.0,0.0
TSE,TSE_BE_ST2_VPORT_VP_PARAMS_CACHE_MISS,zero_all_widths,0.0,0.0,0.0,,,0.0,0.0,0.0,0.0,0.0,0.0
TSE,TSE_BE_STALL_CYCLES_LRZ_BARYPLANE,zero_all_widths,0.0,0.0,0.0,,,0.0,0.0,0.0,0.0,0.0,0.0
TSE,TSE_BE_STALL_CYCLES_LRZ_PRIM,zero_all_widths,0.0,0.0,0.0,,,0.0,0.0,0.0,0.0,0.0,0.0
TSE,TSE_BE_STALL_CYCLES_LRZ_ZPLANE,zero_all_widths,0.0,0.0,0.0,,,0.0,0.0,0.0,0.0,0.0,0.0
TSE,TSE_BE_TRIVAL_REJ_PRIM,zero_all_widths,0.0,0.0,0.0,,,0.0,0.0,0.0,0.0,0.0,0.0
TSE,TSE_BE_VP_OUT_IS_NAN,zero_all_widths,0.0,0.0,0.0,,,0.0,0.0,0.0,0.0,0.0,0.0
TSE,TSE_BE_ZERO_AREA_PRIM,zero_all_widths,0.0,0.0,0.0,,,0.0,0.0,0.0,0.0,0.0,0.0
TSE,TSE_BE_ZERO_PIXEL_PRIM,zero_all_widths,0.0,0.0,0.0,,,0.0,0.0,0.0,0.0,0.0,0.0
TSE,TSE_CLIP_CODE_WORKING_CYCLE_L1,zero_all_widths,0.0,0.0,0.0,,,0.0,0.0,0.0,0.0,0.0,0.0
TSE,TSE_CLIP_CTRL_WORKING_CYCLE_L2,zero_all_widths,0.0,0.0,0.0,,,0.0,0.0,0.0,0.0,0.0,0.0
TSE,TSE_CLIP_VP_FADD_0_WORKING_CYCLE_L3,zero_all_widths,0.0,0.0,0.0,,,0.0,0.0,0.0,0.0,0.0,0.0
TSE,TSE_CLIP_VP_FADD_1_WORKING_CYCLE_L3,zero_all_widths,0.0,0.0,0.0,,,0.0,0.0,0.0,0.0,0.0,0.0
TSE,TSE_CLIP_VP_FADD_2_WORKING_CYCLE_L3,zero_all_widths,0.0,0.0,0.0,,,0.0,0.0,0.0,0.0,0.0,0.0
TSE,TSE_CLIP_VP_FADD_WORKING_CYCLE_L2,zero_all_widths,0.0,0.0,0.0,,,0.0,0.0,0.0,0.0,0.0,0.0
TSE,TSE_CLIP_VP_FMUL_0_WORKING_CYCLE_L3,zero_all_widths,0.0,0.0,0.0,,,0.0,0.0,0.0,0.0,0.0,0.0
TSE,TSE_CLIP_VP_FMUL_1_WORKING_CYCLE_L3,zero_all_widths,0.0,0.0,0.0,,,0.0,0.0,0.0,0.0,0.0,0.0
TSE,TSE_CLIP_VP_FMUL_2_WORKING_CYCLE_L3,zero_all_widths,0.0,0.0,0.0,,,0.0,0.0,0.0,0.0,0.0,0.0
TSE,TSE_CLIP_VP_FMUL_3_WORKING_CYCLE_L3,zero_all_widths,0.0,0.0,0.0,,,0.0,0.0,0.0,0.0,0.0,0.0
TSE,TSE_CLIP_VP_FMUL_4_WORKING_CYCLE_L3,zero_all_widths,0.0,0.0,0.0,,,0.0,0.0,0.0,0.0,0.0,0.0
TSE,TSE_CLIP_VP_FMUL_5_WORKING_CYCLE_L3,zero_all_widths,0.0,0.0,0.0,,,0.0,0.0,0.0,0.0,0.0,0.0
TSE,TSE_CLIP_VP_FMUL_WORKING_CYCLE_L2,zero_all_widths,0.0,0.0,0.0,,,0.0,0.0,0.0,0.0,0.0,0.0
TSE,TSE_CLIP_VP_RCP_WORKING_CYCLE_L2,zero_all_widths,0.0,0.0,0.0,,,0.0,0.0,0.0,0.0,0.0,0.0
TSE,TSE_CLIP_WORKING_CYCLE_L1,zero_all_widths,0.0,0.0,0.0,,,0.0,0.0,0.0,0.0,0.0,0.0
TSE,TSE_COMMON_RAM_RD_WORKING_CYCLE_L3,zero_all_widths,0.0,0.0,0.0,,,0.0,0.0,0.0,0.0,0.0,0.0
TSE,TSE_COMMON_RAM_WORKING_CYCLE_L2,zero_all_widths,0.0,0.0,0.0,,,0.0,0.0,0.0,0.0,0.0,0.0
TSE,TSE_COMMON_RAM_WR_WORKING_CYCLE_L3,zero_all_widths,0.0,0.0,0.0,,,0.0,0.0,0.0,0.0,0.0,0.0
TSE,TSE_DET_WORKING_CYCLE_L1,zero_all_widths,0.0,0.0,0.0,,,0.0,0.0,0.0,0.0,0.0,0.0
TSE,TSE_EDGE_SETUP_WORKING_CYCLE_L1,zero_all_widths,0.0,0.0,0.0,,,0.0,0.0,0.0,0.0,0.0,0.0
TSE,TSE_FE_BR_STALLS_DUETO_BV_CLIP,zero_all_widths,0.0,0.0,0.0,,,0.0,0.0,0.0,0.0,0.0,0.0
TSE,TSE_FE_BR_STALLS_DUETO_BV_POLY,zero_all_widths,0.0,0.0,0.0,,,0.0,0.0,0.0,0.0,0.0,0.0
TSE,TSE_FE_BV_STALLS_DUETO_BR,zero_all_widths,0.0,0.0,0.0,,,0.0,0.0,0.0,0.0,0.0,0.0
TSE,TSE_FE_BV_STALLS_DUETO_BR_CLIP,zero_all_widths,0.0,0.0,0.0,,,0.0,0.0,0.0,0.0,0.0,0.0
TSE,TSE_FE_BV_STALLS_DUETO_BR_POLY,zero_all_widths,0.0,0.0,0.0,,,0.0,0.0,0.0,0.0,0.0,0.0
TSE,TSE_FE_CINVOCATION,zero_all_widths,0.0,0.0,0.0,,,0.0,0.0,0.0,0.0,0.0,0.0
TSE,TSE_FE_CLIP_PLANES,zero_all_widths,0.0,0.0,0.0,,,0.0,0.0,0.0,0.0,0.0,0.0
TSE,TSE_FE_CPRIMITIVES,zero_all_widths,0.0,0.0,0.0,,,0.0,0.0,0.0,0.0,0.0,0.0
TSE,TSE_FE_EARLY_CULL_CLIPPED_PRIM,zero_all_widths,0.0,0.0,0.0,,,0.0,0.0,0.0,0.0,0.0,0.0
TSE,TSE_FE_EMPTY_BBOX_KILLED_PRIM,zero_all_widths,0.0,0.0,0.0,,,0.0,0.0,0.0,0.0,0.0,0.0
TSE,TSE_FE_EXCLUDED_PRIM,zero_all_widths,0.0,0.0,0.0,,,0.0,0.0,0.0,0.0,0.0,0.0
TSE,TSE_FE_FACENESS_CULLED_PRIM,zero_all_widths,0.0,0.0,0.0,,,0.0,0.0,0.0,0.0,0.0,0.0
TSE,TSE_FE_ILLEGAL_BOUNDING_BOX_PRIM,zero_all_widths,0.0,0.0,0.0,,,0.0,0.0,0.0,0.0,0.0,0.0
TSE,TSE_FE_INPUT_NULL_PRIM,zero_all_widths,0.0,0.0,0.0,,,0.0,0.0,0.0,0.0,0.0,0.0
TSE,TSE_FE_INPUT_PRIM,zero_all_widths,0.0,0.0,0.0,,,0.0,0.0,0.0,0.0,0.0,0.0
TSE,TSE_FE_OUTPUT_NULL_PRIM,zero_all_widths,0.0,0.0,0.0,,,0.0,0.0,0.0,0.0,0.0,0.0
TSE,TSE_FE_OUTPUT_VISIBLE_PRIM,zero_all_widths,0.0,0.0,0.0,,,0.0,0.0,0.0,0.0,0.0,0.0
TSE,TSE_FE_ST1_VP_PARAMS_CACHE_MISS,zero_all_widths,0.0,0.0,0.0,,,0.0,0.0,0.0,0.0,0.0,0.0
TSE,TSE_FE_ST2_SCISSOR_VP_PARAMS_CACHE_MISS,zero_all_widths,0.0,0.0,0.0,,,0.0,0.0,0.0,0.0,0.0,0.0
TSE,TSE_FE_ST2_VPORT_VP_PARAMS_CACHE_MISS,zero_all_widths,0.0,0.0,0.0,,,0.0,0.0,0.0,0.0,0.0,0.0
TSE,TSE_FE_STALL_CYCLES_VPC_US,zero_all_widths,0.0,0.0,0.0,,,0.0,0.0,0.0,0.0,0.0,0.0
TSE,TSE_FE_TRIVAL_REJ_PRIM,zero_all_widths,0.0,0.0,0.0,,,0.0,0.0,0.0,0.0,0.0,0.0
TSE,TSE_FE_VP_OUT_IS_NAN,zero_all_widths,0.0,0.0,0.0,,,0.0,0.0,0.0,0.0,0.0,0.0
TSE,TSE_FE_ZERO_AREA_PRIM,zero_all_widths,0.0,0.0,0.0,,,0.0,0.0,0.0,0.0,0.0,0.0
TSE,TSE_FE_ZERO_PIXEL_PRIM,zero_all_widths,0.0,0.0,0.0,,,0.0,0.0,0.0,0.0,0.0,0.0
TSE,TSE_INPUT_VERTEX_WORKING_CYCLES,zero_all_widths,0.0,0.0,0.0,,,0.0,0.0,0.0,0.0,0.0,0.0
TSE,TSE_LRZ_Z_INTF_WORKING_CYCLE_L1,zero_all_widths,0.0,0.0,0.0,,,0.0,0.0,0.0,0.0,0.0,0.0
TSE,TSE_NEVER_COUNT,zero_all_widths,0.0,0.0,0.0,,,0.0,0.0,0.0,0.0,0.0,0.0
TSE,TSE_NON_CLIP_WORKING_CYCLES,zero_all_widths,0.0,0.0,0.0,,,0.0,0.0,0.0,0.0,0.0,0.0
TSE,TSE_NULL_WORKING_CYCLES,zero_all_widths,0.0,0.0,0.0,,,0.0,0.0,0.0,0.0,0.0,0.0
TSE,TSE_OUT_PRIM_WORKING_CYCLES,zero_all_widths,0.0,0.0,0.0,,,0.0,0.0,0.0,0.0,0.0,0.0
TSE,TSE_RAS_INTF_WORKING_CYCLE_L1,zero_all_widths,0.0,0.0,0.0,,,0.0,0.0,0.0,0.0,0.0,0.0
TSE,TSE_REG_PROGRAMMING_ONLY_CYCLE_L0,zero_all_widths,0.0,0.0,0.0,,,0.0,0.0,0.0,0.0,0.0,0.0
TSE,TSE_VERTEX_GEN_WORKING_CYCLE_L1,zero_all_widths,0.0,0.0,0.0,,,0.0,0.0,0.0,0.0,0.0,0.0
TSE,TSE_VP0_TRANSFORM_WORKING_CYCLE_L2,zero_all_widths,0.0,0.0,0.0,,,0.0,0.0,0.0,0.0,0.0,0.0
TSE,TSE_VP1_TRANSFORM_WORKING_CYCLE_L2,zero_all_widths,0.0,0.0,0.0,,,0.0,0.0,0.0,0.0,0.0,0.0
TSE,TSE_VP2_TRANSFORM_WORKING_CYCLE_L2,zero_all_widths,0.0,0.0,0.0,,,0.0,0.0,0.0,0.0,0.0,0.0
TSE,TSE_VP_TRANSFORM_WORKING_CYCLE_L1,zero_all_widths,0.0,0.0,0.0,,,0.0,0.0,0.0,0.0,0.0,0.0
TSE,TSE_WORKING_CYCLE_L0,zero_all_widths,0.0,0.0,0.0,,,0.0,0.0,0.0,0.0,0.0,0.0
UCHE,BYPC_FULL,zero_all_widths,0.0,0.0,0.0,,,0.0,0.0,0.0,0.0,0.0,0.0
UCHE,BYPC_FULL_CCHE_STALL,zero_all_widths,0.0,0.0,0.0,,,0.0,0.0,0.0,0.0,0.0,0.0
UCHE,BYPC_VHUB_STALL,zero_all_widths,0.0,0.0,0.0,,,0.0,0.0,0.0,0.0,0.0,0.0
UCHE,BYPD_FULL,zero_all_widths,0.0,0.0,0.0,,,0.0,0.0,0.0,0.0,0.0,0.0
UCHE,BYPD_FULL_GBIF_STALL,zero_all_widths,0.0,0.0,0.0,,,0.0,0.0,0.0,0.0,0.0,0.0
UCHE,CCHE_ATOMIC_PACKING_BEAT_SP_TOTAL,zero_all_widths,0.0,0.0,0.0,,,0.0,0.0,0.0,0.0,0.0,0.0
UCHE,CCHE_ATOMIC_REQUESTS_SP_TOTAL,zero_all_widths,0.0,0.0,0.0,,,0.0,0.0,0.0,0.0,0.0,0.0
UCHE,CCHE_BANK_REQ0,zero_all_widths,0.0,0.0,0.0,,,0.0,0.0,0.0,0.0,0.0,0.0
UCHE,CCHE_BANK_REQ1,zero_all_widths,0.0,0.0,0.0,,,0.0,0.0,0.0,0.0,0.0,0.0
UCHE,CCHE_BANK_REQ10,zero_all_widths,0.0,0.0,0.0,,,0.0,0.0,0.0,0.0,0.0,0.0
UCHE,CCHE_BANK_REQ11,zero_all_widths,0.0,0.0,0.0,,,0.0,0.0,0.0,0.0,0.0,0.0
UCHE,CCHE_BANK_REQ12,zero_all_widths,0.0,0.0,0.0,,,0.0,0.0,0.0,0.0,0.0,0.0
UCHE,CCHE_BANK_REQ13,zero_all_widths,0.0,0.0,0.0,,,0.0,0.0,0.0,0.0,0.0,0.0
UCHE,CCHE_BANK_REQ14,zero_all_widths,0.0,0.0,0.0,,,0.0,0.0,0.0,0.0,0.0,0.0
UCHE,CCHE_BANK_REQ15,zero_all_widths,0.0,0.0,0.0,,,0.0,0.0,0.0,0.0,0.0,0.0
UCHE,CCHE_BANK_REQ2,zero_all_widths,0.0,0.0,0.0,,,0.0,0.0,0.0,0.0,0.0,0.0
UCHE,CCHE_BANK_REQ3,zero_all_widths,0.0,0.0,0.0,,,0.0,0.0,0.0,0.0,0.0,0.0
UCHE,CCHE_BANK_REQ4,zero_all_widths,0.0,0.0,0.0,,,0.0,0.0,0.0,0.0,0.0,0.0
UCHE,CCHE_BANK_REQ5,zero_all_widths,0.0,0.0,0.0,,,0.0,0.0,0.0,0.0,0.0,0.0
UCHE,CCHE_BANK_REQ6,zero_all_widths,0.0,0.0,0.0,,,0.0,0.0,0.0,0.0,0.0,0.0
UCHE,CCHE_BANK_REQ7,zero_all_widths,0.0,0.0,0.0,,,0.0,0.0,0.0,0.0,0.0,0.0
UCHE,CCHE_BANK_REQ8,zero_all_widths,0.0,0.0,0.0,,,0.0,0.0,0.0,0.0,0.0,0.0
UCHE,CCHE_BANK_REQ9,zero_all_widths,0.0,0.0,0.0,,,0.0,0.0,0.0,0.0,0.0,0.0
UCHE,CCHE_BUSY_CYCLES,zero_all_widths,0.0,0.0,0.0,,,0.0,0.0,0.0,0.0,0.0,0.0
UCHE,CCHE_DBANK_CONFLICT,zero_all_widths,0.0,0.0,0.0,,,0.0,0.0,0.0,0.0,0.0,0.0
UCHE,CCHE_DPH_QUEUE_FULL,zero_all_widths,0.0,0.0,0.0,,,0.0,0.0,0.0,0.0,0.0,0.0
UCHE,CCHE_GBANK_REQ0,zero_all_widths,0.0,0.0,0.0,,,0.0,0.0,0.0,0.0,0.0,0.0
UCHE,CCHE_GBANK_REQ1,zero_all_widths,0.0,0.0,0.0,,,0.0,0.0,0.0,0.0,0.0,0.0
UCHE,CCHE_GBANK_REQ2,zero_all_widths,0.0,0.0,0.0,,,0.0,0.0,0.0,0.0,0.0,0.0
UCHE,CCHE_GBANK_REQ3,zero_all_widths,0.0,0.0,0.0,,,0.0,0.0,0.0,0.0,0.0,0.0
UCHE,CCHE_GMEM0_LOCAL_RD_REQUEST,zero_all_widths,0.0,0.0,0.0,,,0.0,0.0,0.0,0.0,0.0,0.0
UCHE,CCHE_GMEM0_LOCAL_WR_REQUEST,zero_all_widths,0.0,0.0,0.0,,,0.0,0.0,0.0,0.0,0.0,0.0
UCHE,CCHE_GMEM0_REMOTE_RD_REQUEST,zero_all_widths,0.0,0.0,0.0,,,0.0,0.0,0.0,0.0,0.0,0.0
UCHE,CCHE_GMEM0_REMOTE_WR_REQUEST,zero_all_widths,0.0,0.0,0.0,,,0.0,0.0,0.0,0.0,0.0,0.0
UCHE,CCHE_GMEM1_LOCAL_RD_REQUEST,zero_all_widths,0.0,0.0,0.0,,,0.0,0.0,0.0,0.0,0.0,0.0
UCHE,CCHE_GMEM1_LOCAL_WR_REQUEST,zero_all_widths,0.0,0.0,0.0,,,0.0,0.0,0.0,0.0,0.0,0.0
UCHE,CCHE_GMEM1_REMOTE_RD_REQUEST,zero_all_widths,0.0,0.0,0.0,,,0.0,0.0,0.0,0.0,0.0,0.0
UCHE,CCHE_GMEM1_REMOTE_WR_REQUEST,zero_all_widths,0.0,0.0,0.0,,,0.0,0.0,0.0,0.0,0.0,0.0
UCHE,CCHE_GMEM_READ_BEATS_SP,zero_all_widths,0.0,0.0,0.0,,,0.0,0.0,0.0,0.0,0.0,0.0
UCHE,CCHE_GMEM_READ_BEATS_TP,zero_all_widths,0.0,0.0,0.0,,,0.0,0.0,0.0,0.0,0.0,0.0
UCHE,CCHE_GMEM_READ_BEATS_VFD,zero_all_widths,0.0,0.0,0.0,,,0.0,0.0,0.0,0.0,0.0,0.0
UCHE,CCHE_GMEM_READ_BEATS_VPC,zero_all_widths,0.0,0.0,0.0,,,0.0,0.0,0.0,0.0,0.0,0.0
UCHE,CCHE_OPH_QUEUE_FULL,zero_all_widths,0.0,0.0,0.0,,,0.0,0.0,0.0,0.0,0.0,0.0
UCHE,CCHE_RAM_READ_REQ,zero_all_widths,0.0,0.0,0.0,,,0.0,0.0,0.0,0.0,0.0,0.0
UCHE,CCHE_RAM_WRITE_REQ,zero_all_widths,0.0,0.0,0.0,,,0.0,0.0,0.0,0.0,0.0,0.0
UCHE,CCHE_READ_REQUESTS_GMEM,zero_all_widths,0.0,0.0,0.0,,,0.0,0.0,0.0,0.0,0.0,0.0
UCHE,CCHE_READ_REQUESTS_LRZ,zero_all_widths,0.0,0.0,0.0,,,0.0,0.0,0.0,0.0,0.0,0.0
UCHE,CCHE_READ_REQUESTS_SP_GBIF,zero_all_widths,0.0,0.0,0.0,,,0.0,0.0,0.0,0.0,0.0,0.0
UCHE,CCHE_READ_REQUESTS_SP_GMEM,zero_all_widths,0.0,0.0,0.0,,,0.0,0.0,0.0,0.0,0.0,0.0
UCHE,CCHE_READ_REQUESTS_SP_TOTAL,zero_all_widths,0.0,0.0,0.0,,,0.0,0.0,0.0,0.0,0.0,0.0
UCHE,CCHE_READ_REQUESTS_SP_UBWC,zero_all_widths,0.0,0.0,0.0,,,0.0,0.0,0.0,0.0,0.0,0.0
UCHE,CCHE_READ_REQUESTS_TP_GBIF,zero_all_widths,0.0,0.0,0.0,,,0.0,0.0,0.0,0.0,0.0,0.0
UCHE,CCHE_READ_REQUESTS_TP_GMEM,zero_all_widths,0.0,0.0,0.0,,,0.0,0.0,0.0,0.0,0.0,0.0
UCHE,CCHE_READ_REQUESTS_TP_TOTAL,zero_all_widths,0.0,0.0,0.0,,,0.0,0.0,0.0,0.0,0.0,0.0
UCHE,CCHE_READ_REQUESTS_TP_UBWC,zero_all_widths,0.0,0.0,0.0,,,0.0,0.0,0.0,0.0,0.0,0.0
UCHE,CCHE_READ_REQUESTS_VFD_TOTAL,zero_all_widths,0.0,0.0,0.0,,,0.0,0.0,0.0,0.0,0.0,0.0
UCHE,CCHE_READ_REQUESTS_VPC,zero_all_widths,0.0,0.0,0.0,,,0.0,0.0,0.0,0.0,0.0,0.0
UCHE,CCHE_READ_REQUEST_VFD_GBIF,zero_all_widths,0.0,0.0,0.0,,,0.0,0.0,0.0,0.0,0.0,0.0
UCHE,CCHE_READ_REQUEST_VFD_GMEM,zero_all_widths,0.0,0.0,0.0,,,0.0,0.0,0.0,0.0,0.0,0.0
UCHE,CCHE_STALL_CYCLES_TP,zero_all_widths,0.0,0.0,0.0,,,0.0,0.0,0.0,0.0,0.0,0.0
UCHE,CCHE_STALL_CYCLES_UCHE,zero_all_widths,0.0,0.0,0.0,,,0.0,0.0,0.0,0.0,0.0,0.0
UCHE,CCHE_TPH_CONFLICT_CL,zero_all_widths,0.0,0.0,0.0,,,0.0,0.0,0.0,0.0,0.0,0.0
UCHE,CCHE_TPH_EXT_FULL,zero_all_widths,0.0,0.0,0.0,,,0.0,0.0,0.0,0.0,0.0,0.0
UCHE,CCHE_TPH_QUEUE_FULL,zero_all_widths,0.0,0.0,0.0,,,0.0,0.0,0.0,0.0,0.0,0.0
UCHE,CCHE_TPH_REF_FULL,zero_all_widths,0.0,0.0,0.0,,,0.0,0.0,0.0,0.0,0.0,0.0
UCHE,CCHE_TPH_VICTIM_FULL,zero_all_widths,0.0,0.0,0.0,,,0.0,0.0,0.0,0.0,0.0,0.0
UCHE,CCHE_UCHE_LATENCY_CYCLES,zero_all_widths,0.0,0.0,0.0,,,0.0,0.0,0.0,0.0,0.0,0.0
UCHE,CCHE_UCHE_LATENCY_SAMPLES,zero_all_widths,0.0,0.0,0.0,,,0.0,0.0,0.0,0.0,0.0,0.0
UCHE,CCHE_UCHE_READ_BEATS_CH0,zero_all_widths,0.0,0.0,0.0,,,0.0,0.0,0.0,0.0,0.0,0.0
UCHE,CCHE_UCHE_READ_BEATS_CH1,zero_all_widths,0.0,0.0,0.0,,,0.0,0.0,0.0,0.0,0.0,0.0
UCHE,CCHE_UCHE_READ_BEATS_LRZ,zero_all_widths,0.0,0.0,0.0,,,0.0,0.0,0.0,0.0,0.0,0.0
UCHE,CCHE_UCHE_READ_BEATS_SP,zero_all_widths,0.0,0.0,0.0,,,0.0,0.0,0.0,0.0,0.0,0.0
UCHE,CCHE_UCHE_READ_BEATS_TP,zero_all_widths,0.0,0.0,0.0,,,0.0,0.0,0.0,0.0,0.0,0.0
UCHE,CCHE_UCHE_READ_BEATS_VFD,zero_all_widths,0.0,0.0,0.0,,,0.0,0.0,0.0,0.0,0.0,0.0
UCHE,CCHE_UCHE_READ_BEATS_VPC,zero_all_widths,0.0,0.0,0.0,,,0.0,0.0,0.0,0.0,0.0,0.0
UCHE,CCHE_UCHE_STALL_WRITE_DATA,zero_all_widths,0.0,0.0,0.0,,,0.0,0.0,0.0,0.0,0.0,0.0
UCHE,CCHE_WACK_QUEUE_FULL,zero_all_widths,0.0,0.0,0.0,,,0.0,0.0,0.0,0.0,0.0,0.0
UCHE,CCHE_WRITE_REQUESTS_GMEM,zero_all_widths,0.0,0.0,0.0,,,0.0,0.0,0.0,0.0,0.0,0.0
UCHE,CCHE_WRITE_REQUESTS_LRZ,zero_all_widths,0.0,0.0,0.0,,,0.0,0.0,0.0,0.0,0.0,0.0
UCHE,CCHE_WRITE_REQUESTS_SP,zero_all_widths,0.0,0.0,0.0,,,0.0,0.0,0.0,0.0,0.0,0.0
UCHE,DHUB_PTABLE_FULL,zero_all_widths,0.0,0.0,0.0,,,0.0,0.0,0.0,0.0,0.0,0.0
UCHE,UCHE_CCHE_DPH_CMDPOOL_FULL,zero_all_widths,0.0,0.0,0.0,,,0.0,0.0,0.0,0.0,0.0,0.0
UCHE,UCHE_CCHE_DPH_IO_QUEUE_FULL,zero_all_widths,0.0,0.0,0.0,,,0.0,0.0,0.0,0.0,0.0,0.0
UCHE,UCHE_DBANK_CONFLICT_CL_OTHER_CLIENTS,zero_all_widths,0.0,0.0,0.0,,,0.0,0.0,0.0,0.0,0.0,0.0
UCHE,UCHE_DCMP_LATENCY_CYCLES,zero_all_widths,0.0,0.0,0.0,,,0.0,0.0,0.0,0.0,0.0,0.0
UCHE,UCHE_DCMP_LATENCY_SAMPLES,zero_all_widths,0.0,0.0,0.0,,,0.0,0.0,0.0,0.0,0.0,0.0
UCHE,UCHE_EVICTS_LRZ,zero_all_widths,0.0,0.0,0.0,,,0.0,0.0,0.0,0.0,0.0,0.0
UCHE,UCHE_GMEM_READ_BEATS,zero_all_widths,0.0,0.0,0.0,,,0.0,0.0,0.0,0.0,0.0,0.0
UCHE,UCHE_GMEM_WRITE_BEATS,zero_all_widths,0.0,0.0,0.0,,,0.0,0.0,0.0,0.0,0.0,0.0
UCHE,UCHE_LONG_LINE_ALL_EVICTS,zero_all_widths,0.0,0.0,0.0,,,0.0,0.0,0.0,0.0,0.0,0.0
UCHE,UCHE_LONG_LINE_PARTIAL_EVICTS,zero_all_widths,0.0,0.0,0.0,,,0.0,0.0,0.0,0.0,0.0,0.0
UCHE,UCHE_NEVER_COUNT,zero_all_widths,0.0,0.0,0.0,,,0.0,0.0,0.0,0.0,0.0,0.0
UCHE,UCHE_READ_REQUESTS_HLSQ,zero_all_widths,0.0,0.0,0.0,,,0.0,0.0,0.0,0.0,0.0,0.0
UCHE,UCHE_READ_REQUESTS_LRZ,zero_all_widths,0.0,0.0,0.0,,,0.0,0.0,0.0,0.0,0.0,0.0
UCHE,UCHE_READ_REQUESTS_PC,zero_all_widths,0.0,0.0,0.0,,,0.0,0.0,0.0,0.0,0.0,0.0
UCHE,UCHE_READ_REQUESTS_SP,zero_all_widths,0.0,0.0,0.0,,,0.0,0.0,0.0,0.0,0.0,0.0
UCHE,UCHE_READ_REQUESTS_TP_GMEM,zero_all_widths,0.0,0.0,0.0,,,0.0,0.0,0.0,0.0,0.0,0.0
UCHE,UCHE_READ_REQUESTS_TP_UBWC,zero_all_widths,0.0,0.0,0.0,,,0.0,0.0,0.0,0.0,0.0,0.0
UCHE,UCHE_READ_REQUESTS_VFD,zero_all_widths,0.0,0.0,0.0,,,0.0,0.0,0.0,0.0,0.0,0.0
UCHE,UCHE_READ_REQUESTS_VFD_BYPASS_BR,zero_all_widths,0.0,0.0,0.0,,,0.0,0.0,0.0,0.0,0.0,0.0
UCHE,UCHE_READ_REQUESTS_VFD_BYPASS_BV,zero_all_widths,0.0,0.0,0.0,,,0.0,0.0,0.0,0.0,0.0,0.0
UCHE,UCHE_READ_REQUESTS_VPC,zero_all_widths,0.0,0.0,0.0,,,0.0,0.0,0.0,0.0,0.0,0.0
UCHE,UCHE_READ_REQUESTS_VPCUS,zero_all_widths,0.0,0.0,0.0,,,0.0,0.0,0.0,0.0,0.0,0.0
UCHE,UCHE_RESERVED_100,zero_all_widths,0.0,0.0,0.0,,,0.0,0.0,0.0,0.0,0.0,0.0
UCHE,UCHE_RESERVED_101,zero_all_widths,0.0,0.0,0.0,,,0.0,0.0,0.0,0.0,0.0,0.0
UCHE,UCHE_RESERVED_102,zero_all_widths,0.0,0.0,0.0,,,0.0,0.0,0.0,0.0,0.0,0.0
UCHE,UCHE_RESERVED_103,zero_all_widths,0.0,0.0,0.0,,,0.0,0.0,0.0,0.0,0.0,0.0
UCHE,UCHE_RESERVED_104,zero_all_widths,0.0,0.0,0.0,,,0.0,0.0,0.0,0.0,0.0,0.0
UCHE,UCHE_RESERVED_105,zero_all_widths,0.0,0.0,0.0,,,0.0,0.0,0.0,0.0,0.0,0.0
UCHE,UCHE_RESERVED_106,zero_all_widths,0.0,0.0,0.0,,,0.0,0.0,0.0,0.0,0.0,0.0
UCHE,UCHE_RESERVED_107,zero_all_widths,0.0,0.0,0.0,,,0.0,0.0,0.0,0.0,0.0,0.0
UCHE,UCHE_RESERVED_108,zero_all_widths,0.0,0.0,0.0,,,0.0,0.0,0.0,0.0,0.0,0.0
UCHE,UCHE_RESERVED_109,zero_all_widths,0.0,0.0,0.0,,,0.0,0.0,0.0,0.0,0.0,0.0
UCHE,UCHE_RESERVED_110,zero_all_widths,0.0,0.0,0.0,,,0.0,0.0,0.0,0.0,0.0,0.0
UCHE,UCHE_RESERVED_111,zero_all_widths,0.0,0.0,0.0,,,0.0,0.0,0.0,0.0,0.0,0.0
UCHE,UCHE_RESERVED_112,zero_all_widths,0.0,0.0,0.0,,,0.0,0.0,0.0,0.0,0.0,0.0
UCHE,UCHE_RESERVED_113,zero_all_widths,0.0,0.0,0.0,,,0.0,0.0,0.0,0.0,0.0,0.0
UCHE,UCHE_RESERVED_114,zero_all_widths,0.0,0.0,0.0,,,0.0,0.0,0.0,0.0,0.0,0.0
UCHE,UCHE_RESERVED_115,zero_all_widths,0.0,0.0,0.0,,,0.0,0.0,0.0,0.0,0.0,0.0
UCHE,UCHE_RESERVED_116,zero_all_widths,0.0,0.0,0.0,,,0.0,0.0,0.0,0.0,0.0,0.0
UCHE,UCHE_RESERVED_117,zero_all_widths,0.0,0.0,0.0,,,0.0,0.0,0.0,0.0,0.0,0.0
UCHE,UCHE_RESERVED_118,zero_all_widths,0.0,0.0,0.0,,,0.0,0.0,0.0,0.0,0.0,0.0
UCHE,UCHE_RESERVED_119,zero_all_widths,0.0,0.0,0.0,,,0.0,0.0,0.0,0.0,0.0,0.0
UCHE,UCHE_RESERVED_120,zero_all_widths,0.0,0.0,0.0,,,0.0,0.0,0.0,0.0,0.0,0.0
UCHE,UCHE_RESERVED_121,zero_all_widths,0.0,0.0,0.0,,,0.0,0.0,0.0,0.0,0.0,0.0
UCHE,UCHE_RESERVED_122,zero_all_widths,0.0,0.0,0.0,,,0.0,0.0,0.0,0.0,0.0,0.0
UCHE,UCHE_RESERVED_123,zero_all_widths,0.0,0.0,0.0,,,0.0,0.0,0.0,0.0,0.0,0.0
UCHE,UCHE_RESERVED_124,zero_all_widths,0.0,0.0,0.0,,,0.0,0.0,0.0,0.0,0.0,0.0
UCHE,UCHE_RESERVED_125,zero_all_widths,0.0,0.0,0.0,,,0.0,0.0,0.0,0.0,0.0,0.0
UCHE,UCHE_RESERVED_126,zero_all_widths,0.0,0.0,0.0,,,0.0,0.0,0.0,0.0,0.0,0.0
UCHE,UCHE_RESERVED_127,zero_all_widths,0.0,0.0,0.0,,,0.0,0.0,0.0,0.0,0.0,0.0
UCHE,UCHE_RESERVED_75,zero_all_widths,0.0,0.0,0.0,,,0.0,0.0,0.0,0.0,0.0,0.0
UCHE,UCHE_RESERVED_76,zero_all_widths,0.0,0.0,0.0,,,0.0,0.0,0.0,0.0,0.0,0.0
UCHE,UCHE_RESERVED_77,zero_all_widths,0.0,0.0,0.0,,,0.0,0.0,0.0,0.0,0.0,0.0
UCHE,UCHE_RESERVED_78,zero_all_widths,0.0,0.0,0.0,,,0.0,0.0,0.0,0.0,0.0,0.0
UCHE,UCHE_RESERVED_79,zero_all_widths,0.0,0.0,0.0,,,0.0,0.0,0.0,0.0,0.0,0.0
UCHE,UCHE_RESERVED_80,zero_all_widths,0.0,0.0,0.0,,,0.0,0.0,0.0,0.0,0.0,0.0
UCHE,UCHE_RESERVED_81,zero_all_widths,0.0,0.0,0.0,,,0.0,0.0,0.0,0.0,0.0,0.0
UCHE,UCHE_RESERVED_82,zero_all_widths,0.0,0.0,0.0,,,0.0,0.0,0.0,0.0,0.0,0.0
UCHE,UCHE_RESERVED_83,zero_all_widths,0.0,0.0,0.0,,,0.0,0.0,0.0,0.0,0.0,0.0
UCHE,UCHE_RESERVED_84,zero_all_widths,0.0,0.0,0.0,,,0.0,0.0,0.0,0.0,0.0,0.0
UCHE,UCHE_RESERVED_85,zero_all_widths,0.0,0.0,0.0,,,0.0,0.0,0.0,0.0,0.0,0.0
UCHE,UCHE_RESERVED_86,zero_all_widths,0.0,0.0,0.0,,,0.0,0.0,0.0,0.0,0.0,0.0
UCHE,UCHE_RESERVED_87,zero_all_widths,0.0,0.0,0.0,,,0.0,0.0,0.0,0.0,0.0,0.0
UCHE,UCHE_RESERVED_88,zero_all_widths,0.0,0.0,0.0,,,0.0,0.0,0.0,0.0,0.0,0.0
UCHE,UCHE_RESERVED_89,zero_all_widths,0.0,0.0,0.0,,,0.0,0.0,0.0,0.0,0.0,0.0
UCHE,UCHE_RESERVED_90,zero_all_widths,0.0,0.0,0.0,,,0.0,0.0,0.0,0.0,0.0,0.0
UCHE,UCHE_RESERVED_91,zero_all_widths,0.0,0.0,0.0,,,0.0,0.0,0.0,0.0,0.0,0.0
UCHE,UCHE_RESERVED_92,zero_all_widths,0.0,0.0,0.0,,,0.0,0.0,0.0,0.0,0.0,0.0
UCHE,UCHE_RESERVED_93,zero_all_widths,0.0,0.0,0.0,,,0.0,0.0,0.0,0.0,0.0,0.0
UCHE,UCHE_RESERVED_94,zero_all_widths,0.0,0.0,0.0,,,0.0,0.0,0.0,0.0,0.0,0.0
UCHE,UCHE_RESERVED_95,zero_all_widths,0.0,0.0,0.0,,,0.0,0.0,0.0,0.0,0.0,0.0
UCHE,UCHE_RESERVED_96,zero_all_widths,0.0,0.0,0.0,,,0.0,0.0,0.0,0.0,0.0,0.0
UCHE,UCHE_RESERVED_97,zero_all_widths,0.0,0.0,0.0,,,0.0,0.0,0.0,0.0,0.0,0.0
UCHE,UCHE_RESERVED_98,zero_all_widths,0.0,0.0,0.0,,,0.0,0.0,0.0,0.0,0.0,0.0
UCHE,UCHE_RESERVED_99,zero_all_widths,0.0,0.0,0.0,,,0.0,0.0,0.0,0.0,0.0,0.0
UCHE,UCHE_STALL_CYCLES_DECMP,zero_all_widths,0.0,0.0,0.0,,,0.0,0.0,0.0,0.0,0.0,0.0
UCHE,UCHE_TPH_CONFLICT_CL_OTHER,zero_all_widths,0.0,0.0,0.0,,,0.0,0.0,0.0,0.0,0.0,0.0
UCHE,UCHE_TPH_REF_FULL,zero_all_widths,0.0,0.0,0.0,,,0.0,0.0,0.0,0.0,0.0,0.0
UCHE,UCHE_TPH_VICTIM_FULL,zero_all_widths,0.0,0.0,0.0,,,0.0,0.0,0.0,0.0,0.0,0.0
UCHE,UCHE_UBWC_READ_BEATS,zero_all_widths,0.0,0.0,0.0,,,0.0,0.0,0.0,0.0,0.0,0.0
UCHE,UCHE_UBWC_WRITE_BEATS,zero_all_widths,0.0,0.0,0.0,,,0.0,0.0,0.0,0.0,0.0,0.0
UCHE,UCHE_VBIF_READ_BEATS_HLSQ,zero_all_widths,0.0,0.0,0.0,,,0.0,0.0,0.0,0.0,0.0,0.0
UCHE,UCHE_VBIF_READ_BEATS_LRZ,zero_all_widths,0.0,0.0,0.0,,,0.0,0.0,0.0,0.0,0.0,0.0
UCHE,UCHE_VBIF_READ_BEATS_PC,zero_all_widths,0.0,0.0,0.0,,,0.0,0.0,0.0,0.0,0.0,0.0
UCHE,UCHE_VBIF_READ_BEATS_SP,zero_all_widths,0.0,0.0,0.0,,,0.0,0.0,0.0,0.0,0.0,0.0
UCHE,UCHE_VBIF_READ_BEATS_VFD,zero_all_widths,0.0,0.0,0.0,,,0.0,0.0,0.0,0.0,0.0,0.0
UCHE,UCHE_VBIF_READ_BEATS_VPC,zero_all_widths,0.0,0.0,0.0,,,0.0,0.0,0.0,0.0,0.0,0.0
UCHE,UCHE_WRITE_REQUESTS_LRZ,zero_all_widths,0.0,0.0,0.0,,,0.0,0.0,0.0,0.0,0.0,0.0
UCHE,UCHE_WRITE_REQUESTS_VPC,zero_all_widths,0.0,0.0,0.0,,,0.0,0.0,0.0,0.0,0.0,0.0
UCHE,UCHE_WRITE_REQUESTS_VSC,zero_all_widths,0.0,0.0,0.0,,,0.0,0.0,0.0,0.0,0.0,0.0
UCHE,VHUB_PTABLE_FULL,zero_all_widths,0.0,0.0,0.0,,,0.0,0.0,0.0,0.0,0.0,0.0
VFD,VFD_ATTR_INFO_FIFO_FULL,zero_all_widths,0.0,0.0,0.0,,,0.0,0.0,0.0,0.0,0.0,0.0
VFD,VFD_BOTTLENECK_CYCLES,zero_all_widths,0.0,0.0,0.0,,,0.0,0.0,0.0,0.0,0.0,0.0
VFD,VFD_DECODED_ATTRIBUTE_BYTES,zero_all_widths,0.0,0.0,0.0,,,0.0,0.0,0.0,0.0,0.0,0.0
VFD,VFD_LOWER_SHADER_FIBERS,zero_all_widths,0.0,0.0,0.0,,,0.0,0.0,0.0,0.0,0.0,0.0
VFD,VFD_MODE_0_FIBERS,zero_all_widths,0.0,0.0,0.0,,,0.0,0.0,0.0,0.0,0.0,0.0
VFD,VFD_MODE_1_FIBERS,zero_all_widths,0.0,0.0,0.0,,,0.0,0.0,0.0,0.0,0.0,0.0
VFD,VFD_MODE_2_FIBERS,zero_all_widths,0.0,0.0,0.0,,,0.0,0.0,0.0,0.0,0.0,0.0
VFD,VFD_MODE_3_FIBERS,zero_all_widths,0.0,0.0,0.0,,,0.0,0.0,0.0,0.0,0.0,0.0
VFD,VFD_MODE_4_FIBERS,zero_all_widths,0.0,0.0,0.0,,,0.0,0.0,0.0,0.0,0.0,0.0
VFD,VFD_NEVER_COUNT,zero_all_widths,0.0,0.0,0.0,,,0.0,0.0,0.0,0.0,0.0,0.0
VFD,VFD_NUM_ATTRIBUTES,zero_all_widths,0.0,0.0,0.0,,,0.0,0.0,0.0,0.0,0.0,0.0
VFD,VFD_RBUFFER_FULL,zero_all_widths,0.0,0.0,0.0,,,0.0,0.0,0.0,0.0,0.0,0.0
VFD,VFD_STALL_CYCLES_CBSYNC,zero_all_widths,0.0,0.0,0.0,,,0.0,0.0,0.0,0.0,0.0,0.0
VFD,VFD_STALL_CYCLES_PRG_END_FE,zero_all_widths,0.0,0.0,0.0,,,0.0,0.0,0.0,0.0,0.0,0.0
VFD,VFD_STALL_CYCLES_SP_ATTR,zero_all_widths,0.0,0.0,0.0,,,0.0,0.0,0.0,0.0,0.0,0.0
VFD,VFD_STALL_CYCLES_SP_INFO,zero_all_widths,0.0,0.0,0.0,,,0.0,0.0,0.0,0.0,0.0,0.0
VFD,VFD_STALL_CYCLES_UCHE,zero_all_widths,0.0,0.0,0.0,,,0.0,0.0,0.0,0.0,0.0,0.0
VFD,VFD_STALL_CYCLES_VPC_ALLOC,zero_all_widths,0.0,0.0,0.0,,,0.0,0.0,0.0,0.0,0.0,0.0
VFD,VFD_STARVE_CYCLES_UCHE,zero_all_widths,0.0,0.0,0.0,,,0.0,0.0,0.0,0.0,0.0,0.0
VFD,VFD_UPPER_SHADER_FIBERS,zero_all_widths,0.0,0.0,0.0,,,0.0,0.0,0.0,0.0,0.0,0.0
VFD,VFD_WORKING_CYCLES,zero_all_widths,0.0,0.0,0.0,,,0.0,0.0,0.0,0.0,0.0,0.0
VPC,VPC_BE_BOTTLENECK,zero_all_widths,0.0,0.0,0.0,,,0.0,0.0,0.0,0.0,0.0,0.0
VPC,VPC_BE_CCHE_NUM_POS_REQ,zero_all_widths,0.0,0.0,0.0,,,0.0,0.0,0.0,0.0,0.0,0.0
VPC,VPC_BE_CCHE_REQBUF_FULL,zero_all_widths,0.0,0.0,0.0,,,0.0,0.0,0.0,0.0,0.0,0.0
VPC,VPC_BE_LM_FULL_WAIT_FOR_INTP_END,zero_all_widths,0.0,0.0,0.0,,,0.0,0.0,0.0,0.0,0.0,0.0
VPC,VPC_BE_LM_TRANSACTION,zero_all_widths,0.0,0.0,0.0,,,0.0,0.0,0.0,0.0,0.0,0.0
VPC,VPC_BE_LRZ_ASSIGN_PRIMITIVES,zero_all_widths,0.0,0.0,0.0,,,0.0,0.0,0.0,0.0,0.0,0.0
VPC,VPC_BE_NUM_ATTR_REQ_LM,zero_all_widths,0.0,0.0,0.0,,,0.0,0.0,0.0,0.0,0.0,0.0
VPC,VPC_BE_NUM_LM_REQ_HIT,zero_all_widths,0.0,0.0,0.0,,,0.0,0.0,0.0,0.0,0.0,0.0
VPC,VPC_BE_NUM_PA_REQ,zero_all_widths,0.0,0.0,0.0,,,0.0,0.0,0.0,0.0,0.0,0.0
VPC,VPC_BE_POS_OVERFETCH_ATTR,zero_all_widths,0.0,0.0,0.0,,,0.0,0.0,0.0,0.0,0.0,0.0
VPC,VPC_BE_RB_VISIBLE_PRIMITIVES,zero_all_widths,0.0,0.0,0.0,,,0.0,0.0,0.0,0.0,0.0,0.0
VPC,VPC_BE_STALL_CYCLES_CCHE,zero_all_widths,0.0,0.0,0.0,,,0.0,0.0,0.0,0.0,0.0,0.0
VPC,VPC_BE_STALL_CYCLES_HLSQ_PRIM_ALLOC,zero_all_widths,0.0,0.0,0.0,,,0.0,0.0,0.0,0.0,0.0,0.0
VPC,VPC_BE_STALL_CYCLES_LM_ACK,zero_all_widths,0.0,0.0,0.0,,,0.0,0.0,0.0,0.0,0.0,0.0
VPC,VPC_BE_STALL_CYCLES_PRG_END_VPCPS,zero_all_widths,0.0,0.0,0.0,,,0.0,0.0,0.0,0.0,0.0,0.0
VPC,VPC_BE_STALL_CYCLES_SP_LM,zero_all_widths,0.0,0.0,0.0,,,0.0,0.0,0.0,0.0,0.0,0.0
VPC,VPC_BE_STALL_CYCLES_TSE_BE,zero_all_widths,0.0,0.0,0.0,,,0.0,0.0,0.0,0.0,0.0,0.0
VPC,VPC_BE_STARVE_CYCLES_RB,zero_all_widths,0.0,0.0,0.0,,,0.0,0.0,0.0,0.0,0.0,0.0
VPC,VPC_BE_TSE_BE_PRIMITIVES,zero_all_widths,0.0,0.0,0.0,,,0.0,0.0,0.0,0.0,0.0,0.0
VPC,VPC_BE_TSE_BE_TRANSACTIONS,zero_all_widths,0.0,0.0,0.0,,,0.0,0.0,0.0,0.0,0.0,0.0
VPC,VPC_FE_GMEM_NOP_FULL_CYCLES,zero_all_widths,0.0,0.0,0.0,,,0.0,0.0,0.0,0.0,0.0,0.0
VPC,VPC_FE_GMEM_POS_FULL_CYCLES,zero_all_widths,0.0,0.0,0.0,,,0.0,0.0,0.0,0.0,0.0,0.0
VPC,VPC_FE_GS_PRIMITIVES,zero_all_widths,0.0,0.0,0.0,,,0.0,0.0,0.0,0.0,0.0,0.0
VPC,VPC_FE_NUM_VPCRAM_READ_POS,zero_all_widths,0.0,0.0,0.0,,,0.0,0.0,0.0,0.0,0.0,0.0
VPC,VPC_FE_NUM_VPCRAM_WRITE,zero_all_widths,0.0,0.0,0.0,,,0.0,0.0,0.0,0.0,0.0,0.0
VPC,VPC_FE_NUM_WM_HIT,zero_all_widths,0.0,0.0,0.0,,,0.0,0.0,0.0,0.0,0.0,0.0
VPC,VPC_FE_PC_PRIMITIVES,zero_all_widths,0.0,0.0,0.0,,,0.0,0.0,0.0,0.0,0.0,0.0
VPC,VPC_FE_POSRAM_FULL_CYCLES,zero_all_widths,0.0,0.0,0.0,,,0.0,0.0,0.0,0.0,0.0,0.0
VPC,VPC_FE_SP_COMPONENTS,zero_all_widths,0.0,0.0,0.0,,,0.0,0.0,0.0,0.0,0.0,0.0
VPC,VPC_FE_STALL_CYCLES_CCU,zero_all_widths,0.0,0.0,0.0,,,0.0,0.0,0.0,0.0,0.0,0.0
VPC,VPC_FE_STALL_CYCLES_PRG_END_FE,zero_all_widths,0.0,0.0,0.0,,,0.0,0.0,0.0,0.0,0.0,0.0
VPC,VPC_FE_STALL_CYCLES_PRG_END_VPCVS,zero_all_widths,0.0,0.0,0.0,,,0.0,0.0,0.0,0.0,0.0,0.0
VPC,VPC_FE_STALL_CYCLES_TSE_FE,zero_all_widths,0.0,0.0,0.0,,,0.0,0.0,0.0,0.0,0.0,0.0
VPC,VPC_FE_STALL_CYCLES_VFD_WACK,zero_all_widths,0.0,0.0,0.0,,,0.0,0.0,0.0,0.0,0.0,0.0
VPC,VPC_FE_STALL_CYCLES_VPCRAM_POS,zero_all_widths,0.0,0.0,0.0,,,0.0,0.0,0.0,0.0,0.0,0.0
VPC,VPC_FE_STALL_CYCLES_VPC_US,zero_all_widths,0.0,0.0,0.0,,,0.0,0.0,0.0,0.0,0.0,0.0
VPC,VPC_FE_STALL_DQ_WACK,zero_all_widths,0.0,0.0,0.0,,,0.0,0.0,0.0,0.0,0.0,0.0
VPC,VPC_FE_STARVE_CYCLES_SP,zero_all_widths,0.0,0.0,0.0,,,0.0,0.0,0.0,0.0,0.0,0.0
VPC,VPC_FE_TSE_FE_PRIMITIVES,zero_all_widths,0.0,0.0,0.0,,,0.0,0.0,0.0,0.0,0.0,0.0
VPC,VPC_FE_TSE_FE_TRANSACTIONS,zero_all_widths,0.0,0.0,0.0,,,0.0,0.0,0.0,0.0,0.0,0.0
VPC,VPC_FE_VPCRAM_FULL_CYCLES,zero_all_widths,0.0,0.0,0.0,,,0.0,0.0,0.0,0.0,0.0,0.0
VPC,VPC_FE_WIT_FULL_CYCLES,zero_all_widths,0.0,0.0,0.0,,,0.0,0.0,0.0,0.0,0.0,0.0
VPC,VPC_NEVER_COUNT,zero_all_widths,0.0,0.0,0.0,,,0.0,0.0,0.0,0.0,0.0,0.0
VPC,VPC_RESERVED_42,zero_all_widths,0.0,0.0,0.0,,,0.0,0.0,0.0,0.0,0.0,0.0
VPC,VPC_RESERVED_43,zero_all_widths,0.0,0.0,0.0,,,0.0,0.0,0.0,0.0,0.0,0.0
VPC,VPC_RESERVED_44,zero_all_widths,0.0,0.0,0.0,,,0.0,0.0,0.0,0.0,0.0,0.0
VPC,VPC_US_BOTTLENECK,zero_all_widths,0.0,0.0,0.0,,,0.0,0.0,0.0,0.0,0.0,0.0
VPC,VPC_US_COMP_INVIS_PRIM_COUNT,zero_all_widths,0.0,0.0,0.0,,,0.0,0.0,0.0,0.0,0.0,0.0
VPC,VPC_US_NUM_GMEM_READ_SO,zero_all_widths,0.0,0.0,0.0,,,0.0,0.0,0.0,0.0,0.0,0.0
VPC,VPC_US_PTUS_FULL,zero_all_widths,0.0,0.0,0.0,,,0.0,0.0,0.0,0.0,0.0,0.0
VPC,VPC_US_STALL_CYCLES_PRG_END_VPCUS,zero_all_widths,0.0,0.0,0.0,,,0.0,0.0,0.0,0.0,0.0,0.0
VPC,VPC_US_STALL_CYCLES_UCHE,zero_all_widths,0.0,0.0,0.0,,,0.0,0.0,0.0,0.0,0.0,0.0
VPC,VPC_US_STALL_CYCLES_VPC_BE,zero_all_widths,0.0,0.0,0.0,,,0.0,0.0,0.0,0.0,0.0,0.0
VPC,VPC_US_STALL_CYCLES_VSC,zero_all_widths,0.0,0.0,0.0,,,0.0,0.0,0.0,0.0,0.0,0.0
VPC,VPC_US_STARVE_CYCLES_UCHE_RD,zero_all_widths,0.0,0.0,0.0,,,0.0,0.0,0.0,0.0,0.0,0.0
VPC,VPC_US_STREAMOUT_TRANSACTION,zero_all_widths,0.0,0.0,0.0,,,0.0,0.0,0.0,0.0,0.0,0.0
