group,counter,label,total_all_widths,total_width_first,total_width_last,scaling_ratio_last_over_first,corr_total_vs_width,slope_total_vs_width,total_w128,total_w256,total_w512,total_w1024,total_w2048
VPC,VPC_BE_STARVE_CYCLES_CCHE,active_mixed,159782892.0,2226768.0,40699740.0,18.277494557133927,0.4470111234733337,9662.688256048395,2226768.0,41847594.0,40623690.0,34385100.0,40699740.0
HLSQ,HLSQ_VS_BATCH_COUNT_ZERO,active_mixed,54665556.0,7267320.0,13177962.0,1.813317976915837,0.5416157838565601,1700.855846774197,7267320.0,13201578.0,10336452.0,10682244.0,13177962.0
HLSQ,HLSQ_FS_BATCH_COUNT_ZERO,active_mixed,54027300.0,6956839.0,13166979.0,1.892666913809562,0.5757766895732289,1845.6829112063228,6956839.0,12906242.0,10324008.0,10673232.0,13166979.0
SP,SP_CS_INSTRUCTIONS,active_mixed,17330176.0,0.0,0.0,inf,-0.09551410083872311,-596.3870967741922,0.0,7092224.0,0.0,10237952.0,0.0
CP,CP_SQE_IDLE,active_mixed,8699325.0,610474.0,2012067.0,3.29590940809928,0.42574365487023125,348.14731392809205,610474.0,2041473.0,2150553.0,1884758.0,2012067.0
SP,SP_WAVE_NOP_CYCLES,active_mixed,3078656.0,497152.0,832512.0,1.674562306900103,0.9998894617653925,173.39784946236583,497152.0,524288.0,568320.0,656384.0,832512.0
SP,SP_WORKING_EU,active_mixed,2135675.0,0.0,0.0,inf,-0.07038471170725333,-55.126165574596634,0.0,815695.0,0.0,1319980.0,0.0
SP,SP_SEQUENCER_WORKING_CYCLES,active_mixed,1730968.0,0.0,0.0,inf,-0.08012524126430524,-50.46043346774187,0.0,678988.0,726.0,1051254.0,0.0
SP,SP_WAVE_FETCH_CYCLES,active_mixed,1409167.0,242350.0,370369.0,1.528240148545492,0.9968493550852641,69.49337407594088,242350.0,240290.0,259416.0,296742.0,370369.0
SP,SP_STARVE_CYCLES_HLSQ,active_mixed,1378744.0,0.0,0.0,inf,-0.0917660786844919,-45.69298135080631,0.0,558671.0,0.0,820073.0,0.0
SP,SP_LOAD_CONTROL_WORKING_CYCLES,active_mixed,1066126.0,0.0,0.0,inf,-0.04941975360335136,-19.675907258064484,0.0,382297.0,0.0,683829.0,0.0
SP,SP_NON_EXECUTION_LS_CYCLES,active_mixed,755997.0,0.0,0.0,inf,-0.017281517868413906,-5.047851562499923,0.0,242823.0,0.0,513174.0,0.0
SP,SP_GPR_READ,active_mixed,713678.0,0.0,0.0,inf,-0.04808442318202708,-12.83159022177415,0.0,254836.0,0.0,458842.0,0.0
SP,SP_LM_WORKING_CYCLES,active_mixed,673343.0,0.0,0.0,inf,-0.04532228322778699,-11.441248739919347,0.0,238322.0,0.0,435021.0,0.0
SP,SP_WAVE_LOAD_CYCLES,active_mixed,572010.0,92431.0,167712.0,1.8144561889409396,0.9939655108338032,41.4455750168011,92431.0,89016.0,100203.0,122648.0,167712.0
SP,SP_GPR_WRITE,active_mixed,497431.0,0.0,0.0,inf,-0.05480839773678343,-10.130953881048352,0.0,181389.0,0.0,316042.0,0.0
TP,TP_OUTPUT_PIXELS,active_mixed,393216.0,0.0,0.0,inf,-0.394114121619887,-59.182795698924714,0.0,131072.0,262144.0,0.0,0.0
SP,SP_FLOW_CONTROL_WORKING_CYCLES,active_mixed,349416.0,0.0,0.0,inf,-0.15547724737729554,-19.101625504032235,0.0,165461.0,0.0,183955.0,0.0
SP,SP_LOW_EFFICIENCY_STARVED_BY_TP,active_mixed,346124.0,0.0,0.0,inf,0.03399708995222367,4.883190524193568,0.0,88336.0,0.0,257788.0,0.0
SP,SP_LM_BANK_CONFLICTS,active_mixed,314665.0,0.0,0.0,inf,-0.03671563103187996,-4.368857106854831,0.0,108268.0,0.0,206397.0,0.0
SP,SP_ICL1_REQUESTS,active_mixed,269952.0,0.0,0.0,inf,-0.11649268206539254,-11.20161290322579,0.0,116544.0,0.0,153408.0,0.0
TP,TP_FILTER_WORKLOAD_32BIT,active_mixed,262144.0,0.0,0.0,inf,-0.20163978315436074,-30.279569892473095,0.0,0.0,262144.0,0.0,0.0
PC,PC_S_TESS_STARVE_CYCLES_PC,active_mixed,250068.0,26412.0,55305.0,2.093934575193094,0.47772225822633607,8.094569052419372,26412.0,55047.0,55806.0,57498.0,55305.0
TP,TP_TP_SP_TRANS,active_mixed,196608.0,0.0,0.0,inf,-0.394114121619887,-29.591397849462357,0.0,65536.0,131072.0,0.0,0.0
TP,TP_LATENCY_CYCLES,active_mixed,188661.0,0.0,0.0,inf,-0.42415717671069114,-29.352434055779575,0.0,72002.0,116659.0,0.0,0.0
TP,TP_QUADS_BUFFER,active_mixed,65536.0,0.0,0.0,inf,-0.20163978315436074,-7.569892473118274,0.0,0.0,65536.0,0.0,0.0
TP,TP_QUADS_RECEIVED,active_mixed,65536.0,0.0,0.0,inf,-0.20163978315436074,-7.569892473118274,0.0,0.0,65536.0,0.0,0.0
TP,TP_L1_CACHELINE_MISSES,active_mixed,49152.0,0.0,0.0,inf,-0.394114121619887,-7.397849462365589,0.0,16384.0,32768.0,0.0,0.0
TP,TP_L1_CACHELINE_REQUESTS,active_mixed,49152.0,0.0,0.0,inf,-0.394114121619887,-7.397849462365589,0.0,16384.0,32768.0,0.0,0.0
SP,SP_TEX_CONTROL_WORKING_CYCLES,active_mixed,48389.0,0.0,0.0,inf,0.0400664856152446,0.8126575100806498,0.0,11937.0,0.0,36452.0,0.0
TP,TP_SP_TP_TRANS,active_mixed,12288.0,0.0,0.0,inf,-0.394114121619887,-1.8494623655913973,0.0,4096.0,8192.0,0.0,0.0
UCHE,UCHE_CCHE_TPH_QUEUE_FULL,active_mixed,6161.0,0.0,0.0,inf,-0.2016397831543608,-0.7116410450268816,0.0,0.0,6161.0,0.0,0.0
SP,SP_STALL_CYCLES_UCHE,active_mixed,4730.0,0.0,4722.0,inf,0.8988725917991782,2.430380544354839,0.0,0.0,0.0,8.0,4722.0
VPC,VPC_BE_STARVE_CYCLES_LRZ,active_mixed,3915.0,0.0,0.0,inf,-0.38494867693105234,-0.8633127520161288,0.0,3915.0,0.0,0.0,0.0
HLSQ,HLSQ_FS_S2W_CYCLES_SP,active_mixed,3216.0,0.0,0.0,inf,-0.47894747207139965,-0.5403225806451611,0.0,1608.0,1608.0,0.0,0.0
CP,CP_SQE_PM4_STARVE_RB,active_mixed,2876.0,284.0,667.0,2.3485915492957745,0.23234406335141222,0.06336105510752704,284.0,865.0,532.0,528.0,667.0
RAS,RAS_SUPERTILE_GEN_ACTIVE_CYCLES,active_mixed,1440.0,0.0,720.0,inf,0.8680922931294119,0.4385080645161293,0.0,0.0,0.0,720.0,720.0
TP,TP_LATENCY_TRANS,active_mixed,1376.0,0.0,0.0,inf,-0.4035559797795863,-0.2092363911290322,0.0,479.0,897.0,0.0,0.0
TSE,TSE_SETUP_FMUL_0_WORKING_CYCLE_L3,active_mixed,1029.0,0.0,0.0,inf,0.08606087388782965,0.03550277217741942,0.0,0.0,294.0,735.0,0.0
TSE,TSE_SETUP_FMUL_1_WORKING_CYCLE_L3,active_mixed,1029.0,0.0,0.0,inf,0.08606087388782965,0.03550277217741942,0.0,0.0,294.0,735.0,0.0
TSE,TSE_SETUP_FMUL_WORKING_CYCLE_L2,active_mixed,1029.0,0.0,0.0,inf,0.08606087388782965,0.03550277217741942,0.0,0.0,294.0,735.0,0.0
TSE,TSE_SETUP_FMUL_2_WORKING_CYCLE_L3,active_mixed,966.0,0.0,0.0,inf,0.10470718092671337,0.042779737903225847,0.0,0.0,231.0,735.0,0.0
HLSQ,HLSQ_FS_DATA_WAIT_PROGRAMMING,active_mixed,720.0,0.0,0.0,inf,-0.38494867693105234,-0.15877016129032248,0.0,720.0,0.0,0.0,0.0
TSE,TSE_BE_STARVE_CYCLES_PC,active_mixed,351.0,0.0,0.0,inf,-0.34424349555131856,-0.02825730846774191,0.0,117.0,117.0,117.0,0.0
RAS,RAS_STGEN_BOTTLENECK_CYCLES,active_mixed,252.0,0.0,0.0,inf,-0.4261393656939431,-0.027847782258064495,0.0,120.0,66.0,66.0,0.0
HLSQ,HLSQ_FS_STALL_CYCLES,active_mixed,118.0,0.0,118.0,inf,0.898213579505789,0.06071488575268819,0.0,0.0,0.0,0.0,118.0
HLSQ,HLSQ_VSBR_STALL_CYCLES,active_mixed,98.0,0.0,98.0,inf,0.898213579505789,0.05042422715053765,0.0,0.0,0.0,0.0,98.0
TSE,TSE_FE_STARVE_CYCLES_PC,active_mixed,63.0,0.0,0.0,inf,-0.3849486769310524,-0.01389238911290323,0.0,63.0,0.0,0.0,0.0
CP,CP_PM4_HEADERS,active_mixed,33.0,0.0,0.0,inf,-0.20163978315436076,-0.0038117439516129024,0.0,0.0,33.0,0.0,0.0
HLSQ,HLSQ_STPROC_L0_INS_LATENCY_CYCLE,active_mixed,32.0,0.0,16.0,inf,0.5687501230847871,0.0063844086021505415,0.0,0.0,16.0,0.0,16.0
CP,CP_PM4_DATA,active_mixed,27.0,0.0,0.0,inf,-0.20163978315436076,-0.0031186995967741934,0.0,0.0,27.0,0.0,0.0
PC,PC_S_STALL_CYCLES_VFD,active_mixed,18.0,0.0,0.0,inf,-0.20163978315436076,-0.002079133064516129,0.0,0.0,18.0,0.0,0.0
HLSQ,HLSQ_COMPUTE_DRAWCALLS,active_mixed,4.0,0.0,0.0,inf,-0.3849486769310524,-0.000882056451612903,0.0,4.0,0.0,0.0,0.0
HLSQ,HLSQ_STALL_CYCLES_UCHE,active_mixed,4.0,0.0,0.0,inf,-0.3849486769310524,-0.000882056451612903,0.0,4.0,0.0,0.0,0.0
LRZ,LRZ_STARVE_CYCLES_RAS,flat_or_saturated,37450897.0,8037863.0,6663130.0,0.8289678487926455,-0.6946909979457924,-908.2990171370964,8037863.0,9033826.0,6887121.0,6828957.0,6663130.0
SP,SP_PGPR_ALLOC_CONTEXTS,flat_or_saturated,35830270.0,35830270.0,0.0,0.0,-0.47660312381939823,-9782.289776545704,35830270.0,0.0,0.0,0.0,0.0
CP,CP_SQE_EXEC_PROFILED,flat_or_saturated,10514020.0,2748425.0,2018786.0,0.7345246823180549,-0.37653312623632734,-175.40831863239248,2748425.0,1915647.0,1920891.0,1910271.0,2018786.0
CP,CP_MEMORY_POOL_EMPTY,flat_or_saturated,10506020.0,2747212.0,2018036.0,0.7345759992312206,-0.3766812106793261,-175.62142977150523,2747212.0,1914872.0,1920091.0,1905809.0,2018036.0
CP,CP_CLUSTER_VPC_PS_EMPTY,flat_or_saturated,10456962.0,2536916.0,1839858.0,0.7252341031394023,-0.7629267060935829,-320.1446152553759,2536916.0,2323861.0,1984355.0,1771972.0,1839858.0
CP,CP_CLUSTER_GRAS_EMPTY,flat_or_saturated,10447917.0,2527558.0,1839865.0,0.7279219705344051,-0.7643672463963406,-317.6210412466393,2527558.0,2323871.0,1984644.0,1771979.0,1839865.0
CP,CP_CLUSTER_VPC_VS_EMPTY,flat_or_saturated,10438933.0,2518568.0,1839869.0,0.7305218679821232,-0.7655888238466617,-315.17224252352105,2518568.0,2323892.0,1984650.0,1771954.0,1839869.0
CP,CP_CLUSTER_FE_S_EMPTY,flat_or_saturated,10425707.0,2503360.0,1839941.0,0.7349885753547233,-0.7684407562322061,-311.21195606518813,2503360.0,2323920.0,1986557.0,1771929.0,1839941.0
CP,CP_CLUSTER_VPC_US_EMPTY,flat_or_saturated,10368526.0,2448156.0,1839872.0,0.7515338074861243,-0.7739541112445886,-295.9502688172043,2448156.0,2323893.0,1984665.0,1771940.0,1839872.0
CP,CP_CLUSTER_SP_VS_EMPTY,flat_or_saturated,10360373.0,2439597.0,1839905.0,0.754183990224615,-0.774929090376084,-293.64024697580595,2439597.0,2323903.0,1985026.0,1771942.0,1839905.0
CP,CP_CLUSTER_FE_U_EMPTY,flat_or_saturated,10350161.0,2431081.0,1839883.0,0.7568168234624844,-0.7748770580332766,-291.1338205645157,2431081.0,2323899.0,1983361.0,1771937.0,1839883.0
CP,CP_CLUSTER_PS_EMPTY,flat_or_saturated,10338556.0,2418553.0,1839855.0,0.7607255247249078,-0.7764118955080077,-287.82815650201576,2418553.0,2323872.0,1984307.0,1771969.0,1839855.0
CP,CP_CLUSTER_SP_PS_EMPTY,flat_or_saturated,10334469.0,2414137.0,1839851.0,0.7621154060436504,-0.7769150455164441,-286.65778309811816,2414137.0,2323866.0,1984624.0,1771991.0,1839851.0
CP,CP_ALWAYS_COUNT,flat_or_saturated,9681794.0,2343766.0,1444458.0,0.6162978727398555,-0.8884746027433109,-365.69182627688144,2343766.0,1974284.0,1923985.0,1995301.0,1444458.0
RBBM,RBBM_US_ALWAYS_COUNT,flat_or_saturated,9304589.0,2263026.0,2090265.0,0.9236592951207807,0.34133219195680325,182.91237189180148,2263026.0,1188332.0,1753846.0,2009120.0,2090265.0
SP,SP_EWAVE_CONTEXTS,flat_or_saturated,2242285.0,2242285.0,0.0,0.0,-0.4766031238193981,-612.1829847110218,2242285.0,0.0,0.0,0.0,0.0
SP,SP_EXECUTABLE_WAVES,flat_or_saturated,2242285.0,2242285.0,0.0,0.0,-0.4766031238193981,-612.1829847110218,2242285.0,0.0,0.0,0.0,0.0
SP,SP_EWAVE_CONTEXT_CYCLES,flat_or_saturated,1270096.0,1270096.0,0.0,0.0,-0.4766031238193981,-346.7584005376347,1270096.0,0.0,0.0,0.0,0.0
SP,SP_WAVE_WAIT_CYCLES,flat_or_saturated,1079808.0,192000.0,261120.0,1.36,0.9999999999999999,36.00000000000005,192000.0,196608.0,205824.0,224256.0,261120.0
SP,SP_WORKING_EU_CS_STAGE,flat_or_saturated,708390.0,708390.0,0.0,0.0,-0.47660312381939807,-193.4028477822582,708390.0,0.0,0.0,0.0,0.0
SP,SP_WORKING_EU_FS_STAGE,flat_or_saturated,708390.0,708390.0,0.0,0.0,-0.47660312381939807,-193.4028477822582,708390.0,0.0,0.0,0.0,0.0
SP,SP_GPR_CACHE_SRC2_RDCNT,flat_or_saturated,705852.0,705852.0,0.0,0.0,-0.4766031238193981,-192.70992943548404,705852.0,0.0,0.0,0.0,0.0
SP,SP_GPR_CACHE_SRC2_GPR_CACHE_HINT_RDCNT,flat_or_saturated,705828.0,705828.0,0.0,0.0,-0.4766031238193983,-192.7033770161292,705828.0,0.0,0.0,0.0,0.0
SP,SP_WAVE_CTRL_CYCLES,flat_or_saturated,674845.0,116492.0,169989.0,1.4592332520688116,0.9999894444608163,27.87198630712369,116492.0,120066.0,126983.0,141315.0,169989.0
SP,SP_GPR_CACHE_SRC0_GPR_CACHE_HINT_RDCNT,flat_or_saturated,660504.0,660504.0,0.0,0.0,-0.4766031238193983,-180.3291330645163,660504.0,0.0,0.0,0.0,0.0
SP,SP_ANY_EU_WORKING,flat_or_saturated,628256.0,628256.0,0.0,0.0,-0.4766031238193981,-171.52486559139797,628256.0,0.0,0.0,0.0,0.0
SP,SP_ANY_EU_WORKING_CS_STAGE,flat_or_saturated,628244.0,628244.0,0.0,0.0,-0.4766031238193981,-171.5215893817206,628244.0,0.0,0.0,0.0,0.0
SP,SP_ANY_EU_WORKING_FS_STAGE,flat_or_saturated,628244.0,628244.0,0.0,0.0,-0.4766031238193981,-171.5215893817206,628244.0,0.0,0.0,0.0,0.0
SP,SP_GPR_CACHE_SRC2_GPR_CACHE_HIT_RDCNT,flat_or_saturated,626157.0,626157.0,0.0,0.0,-0.4766031238193983,-170.9518019153227,626157.0,0.0,0.0,0.0,0.0
SP,SP_UCHE_READ_BURST,flat_or_saturated,626145.0,626145.0,0.0,0.0,-0.4766031238193981,-170.94852570564524,626145.0,0.0,0.0,0.0,0.0
RAS,RAS_STARVE_CYCLES_TSE,flat_or_saturated,616617.0,332964.0,60507.0,0.1817223483619851,-0.48903730444415094,-73.83911920362905,332964.0,56160.0,83157.0,83829.0,60507.0
ALWAYSON,ALWAYSON,flat_or_saturated,550190.0,132094.0,105141.0,0.7959559101851712,-0.4635755927336661,-7.370001680107537,132094.0,106278.0,102379.0,104298.0,105141.0
SP,SP_GPR_CACHE_SRC1_GPR_CACHE_HIT_RDCNT,flat_or_saturated,540205.0,540205.0,0.0,0.0,-0.47660312381939823,-147.4854040658603,540205.0,0.0,0.0,0.0,0.0
RB,RB_BUSY_CYCLES,flat_or_saturated,466423.0,1860.0,0.0,0.0,0.16206422722188635,42.904769405241964,1860.0,1560.0,0.0,463003.0,0.0
RBBM,RBBM_US_STATUS_MASKED,flat_or_saturated,328904.0,153989.0,27339.0,0.17753865535849964,-0.4891326044401424,-40.6320249495968,153989.0,7463.0,115483.0,24630.0,27339.0
TP,TP_BUSY_CYCLES,flat_or_saturated,284447.0,1584.0,0.0,0.0,-0.4495342360578482,-45.322759156585995,1584.0,117502.0,164785.0,576.0,0.0
SP,SP_GPR_CACHE_SRC1_GPR_CACHE_HINT_RDCNT,flat_or_saturated,256172.0,256172.0,0.0,0.0,-0.47660312381939823,-69.93943212365595,256172.0,0.0,0.0,0.0,0.0
PC,PC_US_BUSY_CYCLES,flat_or_saturated,229737.0,63642.0,0.0,0.0,-0.3953329115389555,-22.44589003696237,63642.0,65857.0,101.0,100137.0,0.0
SP,SP_WAVE_ALU_CYCLES,flat_or_saturated,217391.0,217391.0,0.0,0.0,-0.47660312381939823,-59.35154149865596,217391.0,0.0,0.0,0.0,0.0
SP,SP_GPR_CACHE_SRC0_GPR_RDCNT,flat_or_saturated,205184.0,205184.0,0.0,0.0,-0.47660312381939807,-56.01881720430112,205184.0,0.0,0.0,0.0,0.0
SP,SP_LB_NONUAV_TOTAL_DUALQUAD,flat_or_saturated,202752.0,202752.0,0.0,0.0,-0.4766031238193981,-55.35483870967746,202752.0,0.0,0.0,0.0,0.0
SP,SP_LB_NONUAV_TOTAL_REQ,flat_or_saturated,202752.0,202752.0,0.0,0.0,-0.4766031238193981,-55.35483870967746,202752.0,0.0,0.0,0.0,0.0
SP,SP_WAVE_IDLE_CYCLES,flat_or_saturated,167520.0,33504.0,33504.0,1.0,0.0,9.234731142110193e-15,33504.0,33504.0,33504.0,33504.0,33504.0
SP,SP_TTU_GPR_WR_REQ,flat_or_saturated,162123.0,162123.0,0.0,0.0,-0.4766031238193982,-44.26241179435487,162123.0,0.0,0.0,0.0,0.0
PC,PC_US_STALL_CYCLES_COMPUTE_GFX,flat_or_saturated,103507.0,62040.0,0.0,0.0,-0.5796280058133173,-21.727749075940874,62040.0,0.0,41467.0,0.0,0.0
CP,CP_SQE_I_CACHE_STARVE,flat_or_saturated,91221.0,21808.0,20843.0,0.9557501834189288,-0.2270175815274769,-2.0290553595430083,21808.0,24390.0,17648.0,6532.0,20843.0
SP,SP_GPR_CACHE_SRC1_RDCNT,flat_or_saturated,88505.0,88505.0,0.0,0.0,-0.4766031238193982,-24.163411458333353,88505.0,0.0,0.0,0.0,0.0
RBBM,RBBM_US_ALWAYS_ON,flat_or_saturated,84691.0,22102.0,18817.0,0.8513709166591259,0.22936190177711327,1.2689957157258087,22102.0,10644.0,15058.0,18070.0,18817.0
UCHE,UCHE_RAM_READ_REQ,flat_or_saturated,80550.0,16176.0,0.0,0.0,-0.33194161263794514,-11.85200352822581,16176.0,0.0,64374.0,0.0,0.0
RBBM,RBBM_US_VBIF_BUSY,flat_or_saturated,78042.0,45320.0,8152.0,0.17987643424536628,-0.4805587162345324,-10.224315356182796,45320.0,8348.0,8275.0,7947.0,8152.0
SP,SP_BRANCH_INS_COUNT,flat_or_saturated,76800.0,76800.0,0.0,0.0,-0.4766031238193982,-20.96774193548389,76800.0,0.0,0.0,0.0,0.0
CP,CP_ICACHE_HITS,flat_or_saturated,67886.0,65550.0,470.0,0.007170099160945843,-0.4788660239500893,-17.82148857526883,65550.0,470.0,930.0,466.0,470.0
TP,TP_FILTER_POINT_FP32,flat_or_saturated,65536.0,65536.0,0.0,0.0,-0.47660312381939807,-17.89247311827958,65536.0,0.0,0.0,0.0,0.0
RBBM,RBBM_US_PC_BUSY,flat_or_saturated,63867.0,63867.0,0.0,0.0,-0.47660312381939823,-17.43680695564517,63867.0,0.0,0.0,0.0,0.0
SP,SP_WAVE_CSP_CYCLES,flat_or_saturated,62086.0,62086.0,0.0,0.0,-0.4766031238193982,-16.95056283602152,62086.0,0.0,0.0,0.0,0.0
SP,SP_WAVE_EMIT_CYCLES,flat_or_saturated,56320.0,11264.0,11264.0,1.0,0.0,3.847804642545913e-15,11264.0,11264.0,11264.0,11264.0,11264.0
SP,SP_BRANCH_TAKEN,flat_or_saturated,54272.0,54272.0,0.0,0.0,-0.47660312381939807,-14.81720430107528,54272.0,0.0,0.0,0.0,0.0
UCHE,UCHE_RAM_WRITE_REQ,flat_or_saturated,51200.0,10240.0,0.0,0.0,-0.3313110699774544,-7.526881720430106,10240.0,0.0,40960.0,0.0,0.0
CP,CP_BUSY_GFX_CORE_IDLE,flat_or_saturated,47424.0,11899.0,6985.0,0.5870241196739222,-0.8584462749488528,-1.913211945564517,11899.0,9407.0,9487.0,9646.0,6985.0
CP,CP_BUSY_CYCLES,flat_or_saturated,47404.0,11894.0,6982.0,0.5870186648730452,-0.8584412614969106,-1.9124243951612907,11894.0,9403.0,9483.0,9642.0,6982.0
CP,CP_ICACHE_STALL,flat_or_saturated,43142.0,26712.0,3314.0,0.12406409104522312,-0.5169409966347791,-6.7564684139785,26712.0,3305.0,6510.0,3301.0,3314.0
SP,SP_CCHE_NONUAV_TOTAL_REQ,flat_or_saturated,36864.0,36864.0,0.0,0.0,-0.4766031238193981,-10.064516129032265,36864.0,0.0,0.0,0.0,0.0
SP,SP_LB_READ_XFER_ALU,flat_or_saturated,35331.0,35331.0,0.0,0.0,-0.47660312381939823,-9.645980342741945,35331.0,0.0,0.0,0.0,0.0
SP,SP_BRANCH_NOT_TAKEN,flat_or_saturated,28672.0,28672.0,0.0,0.0,-0.4766031238193981,-7.827956989247317,28672.0,0.0,0.0,0.0,0.0
LRZ,LRZ_BUSY_CYCLES,flat_or_saturated,23243.0,4326.0,0.0,0.0,-0.32074050050595104,-3.366126932123656,4326.0,0.0,18917.0,0.0,0.0
LRZ,LRZ_NEVER_COUNT,flat_or_saturated,23220.0,4338.0,0.0,0.0,-0.32126939796789555,-3.365360383064515,4338.0,0.0,18882.0,0.0,0.0
SP,SP_LB_ALU_READ_CONS,flat_or_saturated,23043.0,23043.0,0.0,0.0,-0.4766031238193981,-6.2911416330645205,23043.0,0.0,0.0,0.0,0.0
VPC,VPC_FE_VS_BUSY_CYCLES,flat_or_saturated,19482.0,6438.0,0.0,0.0,-0.41500071716442755,-1.8908770161290325,6438.0,0.0,6504.0,6540.0,0.0
VPC,VPC_FE_BUSY_CYCLES,flat_or_saturated,16662.0,2652.0,1962.0,0.7398190045248869,-0.557160281237763,-1.383064516129031,2652.0,6633.0,3417.0,1998.0,1962.0
UCHE,UCHE_TPH_CONFLICT_CL_CCHE,flat_or_saturated,14019.0,617.0,0.0,0.0,-0.22595523140198565,-1.7164818548387093,617.0,0.0,13402.0,0.0,0.0
VPC,VPC_BE_BUSY_CYCLES,flat_or_saturated,10635.0,5277.0,0.0,0.0,-0.2504389168243305,-0.9343497983870976,5277.0,0.0,0.0,5358.0,0.0
SP,SP_FS_STAGE_WAVE_SAMPLES,flat_or_saturated,10240.0,2048.0,2048.0,1.0,0.0,1.9239023212729565e-16,2048.0,2048.0,2048.0,2048.0,2048.0
SP,SP_WAVE_END_CYCLES,flat_or_saturated,10240.0,2048.0,2048.0,1.0,0.0,1.9239023212729565e-16,2048.0,2048.0,2048.0,2048.0,2048.0
SP,SP_CCHE_NONUAV_TOTAL_DUALQUAD,flat_or_saturated,8192.0,8192.0,0.0,0.0,-0.47660312381939807,-2.2365591397849474,8192.0,0.0,0.0,0.0,0.0
SP,SP_CCHE_UAV_TOTAL_DUALQUAD,flat_or_saturated,8192.0,8192.0,0.0,0.0,-0.47660312381939807,-2.2365591397849474,8192.0,0.0,0.0,0.0,0.0
SP,SP_CCHE_UAV_TOTAL_REQ,flat_or_saturated,8192.0,8192.0,0.0,0.0,-0.47660312381939807,-2.2365591397849474,8192.0,0.0,0.0,0.0,0.0
SP,SP_EFU_WORKING_CYCLES,flat_or_saturated,8192.0,8192.0,0.0,0.0,-0.47660312381939807,-2.2365591397849474,8192.0,0.0,0.0,0.0,0.0
UCHE,UCHE_BANK_REQ7,flat_or_saturated,7550.0,1512.0,0.0,0.0,-0.3315148462209781,-1.1102360551075272,1512.0,0.0,6038.0,0.0,0.0
CP,CP_SQE_INSTR_COUNTER,flat_or_saturated,7463.0,1298.0,1000.0,0.7704160246533128,-0.27365971370085534,-0.3312226982526881,1298.0,998.0,3167.0,1000.0,1000.0
VPC,VPC_FE_WORKING_CYCLES,flat_or_saturated,6813.0,1293.0,516.0,0.3990719257540603,-0.6366376821875966,-0.8923261088709674,1293.0,3192.0,1296.0,516.0,516.0
RB,RB_CPROC_WORKING_CYCLES,flat_or_saturated,6198.0,3216.0,2982.0,0.9272388059701493,0.3015053323527286,0.6563130040322578,3216.0,0.0,0.0,0.0,2982.0
UCHE,UCHE_DBANK_CONFLICT_CL_CCHE,flat_or_saturated,6158.0,1112.0,0.0,0.0,-0.316579282445388,-0.8864457325268817,1112.0,0.0,5046.0,0.0,0.0
SP,SP_BRANCH_INS_DIVERGENCY_COUNT,flat_or_saturated,6144.0,6144.0,0.0,0.0,-0.47660312381939823,-1.677419354838711,6144.0,0.0,0.0,0.0,0.0
HLSQ,HLSQ_VS_DATA_WAIT_PROGRAMMING,flat_or_saturated,5910.0,5910.0,0.0,0.0,-0.4766031238193982,-1.6135332661290336,5910.0,0.0,0.0,0.0,0.0
VPC,VPC_FE_VS_WORKING_CYCLES,flat_or_saturated,5352.0,1785.0,0.0,0.0,-0.4195401384252864,-0.5251071068548389,1785.0,0.0,1785.0,1782.0,0.0
VPC,VPC_BE_WORKING_CYCLES,flat_or_saturated,5244.0,2619.0,0.0,0.0,-0.2538411982821255,-0.4669543850806452,2619.0,0.0,0.0,2625.0,0.0
HLSQ,HLSQ_BUSY_CYCLES,flat_or_saturated,5152.0,2211.0,1589.0,0.7186793306196291,0.08570300624358634,0.09054729502688175,2211.0,520.0,416.0,416.0,1589.0
TSE,TSE_LRZ_BARY_INTF_WORKING_CYCLE_L1,flat_or_saturated,4392.0,1890.0,0.0,0.0,-0.8327106010546639,-0.9959047379032261,1890.0,1818.0,684.0,0.0,0.0
TSE,TSE_VPC_STARVE_TSE,flat_or_saturated,4248.0,4248.0,0.0,0.0,-0.4766031238193982,-1.1597782258064526,4248.0,0.0,0.0,0.0,0.0
RB,RB_STARVE_CYCLES_LRZ_TILE,flat_or_saturated,2982.0,600.0,0.0,0.0,-0.09006204378425949,-0.08990675403225794,600.0,480.0,0.0,1902.0,0.0
RB,RB_ZPROC_WORKING_CYCLES,flat_or_saturated,2886.0,1500.0,1386.0,0.924,0.29951307271654487,0.3036164314516127,1500.0,0.0,0.0,0.0,1386.0
SP,SP_GPR_WRITE_CONFLICT,flat_or_saturated,2859.0,2859.0,0.0,0.0,-0.4766031238193982,-0.7805569556451618,2859.0,0.0,0.0,0.0,0.0
TSE,TSE_MVC_STALL_VPC,flat_or_saturated,2679.0,2679.0,0.0,0.0,-0.4766031238193982,-0.7314138104838717,2679.0,0.0,0.0,0.0,0.0
PC,PC_US_WORKING_CYCLES,flat_or_saturated,2611.0,822.0,0.0,0.0,-0.64908070641208,-0.344642557123656,822.0,823.0,143.0,823.0,0.0
VFD,VFD_BUSY_CYCLES,flat_or_saturated,2004.0,2004.0,0.0,0.0,-0.4766031238193982,-0.5471270161290324,2004.0,0.0,0.0,0.0,0.0
PC,PC_S_WORKING_CYCLES,flat_or_saturated,1809.0,402.0,0.0,0.0,-0.3486537422394311,-0.2722719254032258,402.0,0.0,1407.0,0.0,0.0
RBBM,RBBM_US_VSC_BUSY,flat_or_saturated,1720.0,344.0,344.0,1.0,0.0,7.214633704773588e-17,344.0,344.0,344.0,344.0,344.0
HLSQ,HLSQ_FS_WAIT_SAME_VS_S2W,flat_or_saturated,1570.0,1570.0,0.0,0.0,-0.4766031238193982,-0.4286374327956992,1570.0,0.0,0.0,0.0,0.0
HLSQ,HLSQ_FS_DEREF_CYCLES,flat_or_saturated,1477.0,359.0,369.0,1.0278551532033426,-0.14217971048059827,-0.028057795698924682,359.0,358.0,371.0,20.0,369.0
RB,RB_SAMPLER_WORKING_CYCLES,flat_or_saturated,1368.0,708.0,660.0,0.9322033898305084,0.3045440789895384,0.14629536290322576,708.0,0.0,0.0,0.0,660.0
TSE,TSE_CULLING_WORKING_CYCLE_L1,flat_or_saturated,1350.0,1350.0,0.0,0.0,-0.4766031238193982,-0.36857358870967777,1350.0,0.0,0.0,0.0,0.0
TSE,TSE_SETUP_WORKING_CYCLE_L1,flat_or_saturated,1350.0,1350.0,0.0,0.0,-0.4766031238193982,-0.36857358870967777,1350.0,0.0,0.0,0.0,0.0
PC,PC_S_BUSY_CYCLES,flat_or_saturated,1344.0,324.0,0.0,0.0,-0.36372260389636957,-0.2062752016129033,324.0,0.0,1020.0,0.0,0.0
UCHE,UCHE_TPH_EXT_FULL,flat_or_saturated,1271.0,108.0,0.0,0.0,-0.25068329803452155,-0.16382098454301075,108.0,0.0,1163.0,0.0,0.0
TSE,TSE_FE_BUSY_CYCLES,flat_or_saturated,1197.0,1197.0,0.0,0.0,-0.4766031238193981,-0.32680191532258096,1197.0,0.0,0.0,0.0,0.0
TSE,TSE_FE_EARLY_BFCULL_GBCLIPPED_PRIM,flat_or_saturated,1098.0,222.0,0.0,0.0,-0.3329947185461236,-0.1617943548387096,222.0,0.0,876.0,0.0,0.0
CP,CP_VBIF_READ_BEATS,flat_or_saturated,1088.0,212.0,144.0,0.6792452830188679,-0.31973279209752353,-0.053217405913978486,212.0,144.0,444.0,144.0,144.0
TSE,TSE_REG_PROGRAMMING_WORKING_CYCLE_L1,flat_or_saturated,1058.0,216.0,0.0,0.0,-0.33451876023048827,-0.15622899865591403,216.0,0.0,842.0,0.0,0.0
SP,SP_WAVE_EFU_CYCLES,flat_or_saturated,1024.0,1024.0,0.0,0.0,-0.47660312381939807,-0.2795698924731184,1024.0,0.0,0.0,0.0,0.0
VFD,VFDP_STARVE_CYCLES_PC,flat_or_saturated,891.0,891.0,0.0,0.0,-0.4766031238193982,-0.2432585685483873,891.0,0.0,0.0,0.0,0.0
HLSQ,HLSQ_BV_DATA_WAIT_PROGRAMMING,flat_or_saturated,870.0,870.0,0.0,0.0,-0.4766031238193981,-0.2375252016129034,870.0,0.0,0.0,0.0,0.0
RB,RB_HLSQ_ACTIVE,flat_or_saturated,618.0,234.0,0.0,0.0,-0.7325923860057957,-0.14352318548387097,234.0,336.0,48.0,0.0,0.0
RB,RB_STARVE_CYCLES_Z_PLANE,flat_or_saturated,582.0,198.0,0.0,0.0,-0.7091168778832264,-0.13369455645161293,198.0,336.0,48.0,0.0,0.0
TSE,TSE_SETUP_CTRL_WORKING_CYCLE_L2,flat_or_saturated,525.0,315.0,0.0,0.0,-0.7362843848272905,-0.12128276209677424,315.0,105.0,105.0,0.0,0.0
TSE,TSE_SETUP_FDP3_0_WORKING_CYCLE_L3,flat_or_saturated,525.0,315.0,0.0,0.0,-0.7362843848272905,-0.12128276209677424,315.0,105.0,105.0,0.0,0.0
TSE,TSE_SETUP_FDP3_1_WORKING_CYCLE_L3,flat_or_saturated,525.0,315.0,0.0,0.0,-0.7362843848272905,-0.12128276209677424,315.0,105.0,105.0,0.0,0.0
TSE,TSE_SETUP_FDP3_WORKING_CYCLE_L2,flat_or_saturated,525.0,315.0,0.0,0.0,-0.7362843848272905,-0.12128276209677424,315.0,105.0,105.0,0.0,0.0
CP,CP_SQE_MRB_STARVE,flat_or_saturated,506.0,135.0,129.0,0.9555555555555556,-0.1390803272690038,-0.010196152553763427,135.0,112.0,130.0,0.0,129.0
HLSQ,HLSQ_VSBR_DEREF_CYCLES,flat_or_saturated,444.0,107.0,107.0,1.0,-0.1649780043990224,-0.008600050403225794,107.0,107.0,107.0,16.0,107.0
CP,CP_ICACHE_MISSES,flat_or_saturated,442.0,262.0,36.0,0.13740458015267176,-0.5231160419894301,-0.06586021505376347,262.0,36.0,72.0,36.0,36.0
HLSQ,HLSQ_DUAL_FS_PROG_ACTIVE,flat_or_saturated,432.0,216.0,0.0,0.0,-0.7034540996048684,-0.1066028225806452,216.0,216.0,0.0,0.0,0.0
HLSQ,HLSQ_L2STC_REQ_SP,flat_or_saturated,432.0,144.0,0.0,0.0,-0.41907903806247476,-0.04233870967741937,144.0,0.0,144.0,144.0,0.0
HLSQ,HLSQ_L2STC_REQ_SP_HIT,flat_or_saturated,414.0,138.0,0.0,0.0,-0.4190790380624747,-0.04057459677419357,138.0,0.0,138.0,138.0,0.0
CP,CP_SQE_PM4_STARVE_IB2,flat_or_saturated,376.0,259.0,0.0,0.0,-0.6577080439647106,-0.09651167674731188,259.0,117.0,0.0,0.0,0.0
VPC,VPC_BE_PS_WORKING_CYCLES,flat_or_saturated,351.0,351.0,0.0,0.0,-0.47660312381939823,-0.09582913306451618,351.0,0.0,0.0,0.0,0.0
RBBM,RBBM_US_COM_BUSY,flat_or_saturated,334.0,334.0,0.0,0.0,-0.4766031238193982,-0.0911878360215054,334.0,0.0,0.0,0.0,0.0
VPC,VPC_BE_PS_BUSY_CYCLES,flat_or_saturated,282.0,282.0,0.0,0.0,-0.4766031238193982,-0.0769909274193549,282.0,0.0,0.0,0.0,0.0
HLSQ,HLSQ_L2STC_REQ_HLSQ,flat_or_saturated,240.0,80.0,0.0,0.0,-0.4190790380624748,-0.023521505376344093,80.0,0.0,80.0,80.0,0.0
CP,CP_SQE_PM4_STARVE_IB3,flat_or_saturated,161.0,86.0,0.0,0.0,-0.7058267232247973,-0.040018061155913984,86.0,75.0,0.0,0.0,0.0
TSE,TSE_EDGE_SETUP_IMUL_WORKING_CYCLE_L2,flat_or_saturated,156.0,66.0,0.0,0.0,-0.8300269772843887,-0.035345262096774195,66.0,66.0,24.0,0.0,0.0
HLSQ,HLSQ_BV_DEREF_CYCLES,flat_or_saturated,148.0,36.0,36.0,1.0,-0.1649780043990224,-0.00302419354838709,36.0,36.0,36.0,4.0,36.0
HLSQ,HLSQ_L2STC_REQ_HLSQ_HIT,flat_or_saturated,120.0,40.0,0.0,0.0,-0.4190790380624748,-0.011760752688172046,40.0,0.0,40.0,40.0,0.0
TSE,TSE_SETUP_FDP3_2_WORKING_CYCLE_L3,flat_or_saturated,105.0,105.0,0.0,0.0,-0.4766031238193982,-0.02866683467741937,105.0,0.0,0.0,0.0,0.0
TSE,TSE_SETUP_FDP3_3_WORKING_CYCLE_L3,flat_or_saturated,105.0,105.0,0.0,0.0,-0.4766031238193982,-0.02866683467741937,105.0,0.0,0.0,0.0,0.0
TSE,TSE_SETUP_FDP3_4_WORKING_CYCLE_L3,flat_or_saturated,105.0,105.0,0.0,0.0,-0.4766031238193982,-0.02866683467741937,105.0,0.0,0.0,0.0,0.0
TSE,TSE_SETUP_FDP3_5_WORKING_CYCLE_L3,flat_or_saturated,105.0,105.0,0.0,0.0,-0.4766031238193982,-0.02866683467741937,105.0,0.0,0.0,0.0,0.0
TSE,TSE_SETUP_FMUL_3_WORKING_CYCLE_L3,flat_or_saturated,105.0,105.0,0.0,0.0,-0.4766031238193982,-0.02866683467741937,105.0,0.0,0.0,0.0,0.0
TSE,TSE_SETUP_FMUL_4_WORKING_CYCLE_L3,flat_or_saturated,105.0,105.0,0.0,0.0,-0.4766031238193982,-0.02866683467741937,105.0,0.0,0.0,0.0,0.0
PC,PC_US_NON_DRAWCALL_GLOBAL_EVENTS,flat_or_saturated,96.0,48.0,0.0,0.0,-0.7034540996048684,-0.02368951612903226,48.0,48.0,0.0,0.0,0.0
TSE,TSE_SETUP_FMUL_5_WORKING_CYCLE_L3,flat_or_saturated,96.0,96.0,0.0,0.0,-0.47660312381939823,-0.02620967741935486,96.0,0.0,0.0,0.0,0.0
VPC,VPC_US_STARVE_CYCLES_TSE_FE,flat_or_saturated,78.0,78.0,0.0,0.0,-0.47660312381939823,-0.021295362903225833,78.0,0.0,0.0,0.0,0.0
HLSQ,HLSQ_L2STC_REQ_INS_HLSQ,flat_or_saturated,72.0,72.0,0.0,0.0,-0.4766031238193981,-0.019657258064516143,72.0,0.0,0.0,0.0,0.0
RAS,RAS_LRZ_INTF_WORKING_CYCLES,flat_or_saturated,66.0,66.0,0.0,0.0,-0.4766031238193982,-0.018019153225806467,66.0,0.0,0.0,0.0,0.0
SP,SP_GPR_READ_CONFLICT,flat_or_saturated,52.0,52.0,0.0,0.0,-0.4766031238193982,-0.01419690860215055,52.0,0.0,0.0,0.0,0.0
HLSQ,HLSQ_BV_STALL_CYCLES,flat_or_saturated,49.0,12.0,12.0,1.0,-0.1649780043990224,-0.0010395665322580614,12.0,12.0,12.0,1.0,12.0
CP,CP_VBIF_WRITE_BEATS,flat_or_saturated,44.0,6.0,4.0,0.6666666666666666,-0.2496536435022915,-0.0030871975806451594,6.0,4.0,26.0,4.0,4.0
VFD,VFDP_STALL_CYCLES_VFD,flat_or_saturated,30.0,30.0,0.0,0.0,-0.4766031238193981,-0.008190524193548392,30.0,0.0,0.0,0.0,0.0
VFD,VFDP_STALL_CYCLES_VFD_INDEX,flat_or_saturated,30.0,30.0,0.0,0.0,-0.4766031238193981,-0.008190524193548392,30.0,0.0,0.0,0.0,0.0
SP,SP_ANY_EU_WORKING_VS_STAGE,flat_or_saturated,24.0,24.0,0.0,0.0,-0.47660312381939823,-0.006552419354838715,24.0,0.0,0.0,0.0,0.0
SP,SP_LDST_GMEM_REQ_NUM,flat_or_saturated,24.0,24.0,0.0,0.0,-0.47660312381939823,-0.006552419354838715,24.0,0.0,0.0,0.0,0.0
SP,SP_UCHE_WRITE_BURST,flat_or_saturated,24.0,24.0,0.0,0.0,-0.47660312381939823,-0.006552419354838715,24.0,0.0,0.0,0.0,0.0
SP,SP_WORKING_EU_VS_STAGE,flat_or_saturated,24.0,24.0,0.0,0.0,-0.47660312381939823,-0.006552419354838715,24.0,0.0,0.0,0.0,0.0
SP,SP_FS_STAGE_WAVE_CYCLES,moderate_width_scaling,139133181.0,18021685.0,50504326.0,2.8024197515382165,0.992842151644007,17092.82619287635,18021685.0,18783073.0,22516824.0,29307273.0,50504326.0
SP,SP_WAVE_CONTEXTS,moderate_width_scaling,139133181.0,18021685.0,50504326.0,2.8024197515382165,0.992842151644007,17092.82619287635,18021685.0,18783073.0,22516824.0,29307273.0,50504326.0
VPC,VPC_US_STARVE_CYCLES_REORDER,moderate_width_scaling,23124027.0,1022130.0,6291429.0,6.155214111707904,0.6121431149310852,1638.400044102823,1022130.0,5742222.0,4785204.0,5283042.0,6291429.0
SP,SP_BUSY_CYCLES,moderate_width_scaling,9768465.0,1277277.0,3532919.0,2.7659771529589903,0.9924117137912687,1188.5397765456996,1277277.0,1323957.0,1581126.0,2053186.0,3532919.0
SP,SP_WAVE_CONTEXT_CYCLES,moderate_width_scaling,9768465.0,1277277.0,3532919.0,2.7659771529589903,0.9924117137912687,1188.5397765456996,1277277.0,1323957.0,1581126.0,2053186.0,3532919.0
SP,SP_FS_STAGE_DURATION_CYCLES,moderate_width_scaling,9728634.0,1269318.0,3524951.0,2.777043262602437,0.9924113898492167,1188.5373193884418,1269318.0,1315989.0,1573158.0,2045218.0,3524951.0
SP,SP_NON_EXECUTION_CYCLES,moderate_width_scaling,4890763.0,650649.0,1904076.0,2.92642576873245,0.9764833866224221,667.8024403561831,650649.0,629823.0,745817.0,960398.0,1904076.0
SP,SP_ALU_WORKING_CYCLES,moderate_width_scaling,1643520.0,197632.0,552960.0,2.7979274611398965,0.9988259275638045,180.75268817204312,197632.0,237568.0,282624.0,372736.0,552960.0
RBBM,RBBM_US_UCHE_BUSY,moderate_width_scaling,668886.0,64549.0,267290.0,4.140885218980929,0.9999030376208725,106.29451234879036,64549.0,76178.0,102219.0,158650.0,267290.0
RBBM,RBBM_US_HLSQ_BUSY,moderate_width_scaling,488298.0,67183.0,165903.0,2.4694193471562746,0.9951444488201239,51.978610131048434,67183.0,69553.0,82139.0,103520.0,165903.0
TSE,TSE_BE_BUSY_CYCLES,moderate_width_scaling,4167.0,543.0,3141.0,5.7845303867403315,0.8380844435666018,1.4121093750000002,543.0,0.0,483.0,0.0,3141.0
CP,CP_SQE_PM4_STARVE_IB1,moderate_width_scaling,286.0,8.0,135.0,16.875,0.548163380138614,0.04992019489247314,8.0,8.0,135.0,0.0,135.0
TSE,TSE_BE_STALL_CYCLES_RAS,moderate_width_scaling,174.0,30.0,120.0,4.0,0.8000946913656628,0.050781250000000014,30.0,0.0,24.0,0.0,120.0
UCHE,UCHE_VBIF_LATENCY_CYCLES,strong_width_scaling,9396744.0,250104.0,7381575.0,29.51402216677862,0.9306628717742103,3702.7438886088717,250104.0,615345.0,0.0,1149720.0,7381575.0
TP,TP_L1_5_MISS_LATENCY_CYCLES,strong_width_scaling,954743.0,50635.0,800883.0,15.816786807544188,0.8777129467660694,386.3331863239249,50635.0,0.0,103225.0,0.0,800883.0
UCHE,UCHE_BUSY_CYCLES,strong_width_scaling,673973.0,24488.0,394345.0,16.10360176412937,0.9642199611698948,206.1532573084678,24488.0,45003.0,0.0,210137.0,394345.0
UCHE,UCHE_WRITE_REQUESTS_SP,strong_width_scaling,442368.0,16384.0,262144.0,16.0,0.9651298433057203,135.5698924731183,16384.0,32768.0,0.0,131072.0,262144.0
UCHE,UCHE_READ_REQUESTS_TP,strong_width_scaling,441260.0,15872.0,262164.0,16.517389112903224,0.9656691431548897,135.86336525537638,15872.0,32128.0,0.0,131096.0,262164.0
UCHE,UCHE_READ_REQUESTS_TP_GBIF,strong_width_scaling,441260.0,15872.0,262164.0,16.517389112903224,0.9656691431548897,135.86336525537638,15872.0,32128.0,0.0,131096.0,262164.0
UCHE,UCHE_STARVED_CYCLES_VBIF_DECMP,strong_width_scaling,299521.0,4900.0,244833.0,49.96591836734694,0.9481895593756121,127.29795656922047,4900.0,6489.0,0.0,43299.0,244833.0
UCHE,UCHE_VBIF_STALL_WRITE_DATA,strong_width_scaling,206165.0,7034.0,92974.0,13.21779926073358,0.8645450741908107,49.89557081653228,7034.0,19220.0,0.0,86937.0,92974.0
TP,TP_TPA2TPC_TRANS,strong_width_scaling,172032.0,8192.0,131072.0,16.0,0.8611439571616419,61.419354838709694,8192.0,0.0,32768.0,0.0,131072.0
UCHE,UCHE_VBIF_LATENCY_SAMPLES,strong_width_scaling,78328.0,1024.0,65536.0,64.0,0.9406849108917188,33.90784610215054,1024.0,2048.0,0.0,9720.0,65536.0
UCHE,UCHE_ARBITER_STALL_CYCLES_VBIF,strong_width_scaling,25916.0,1315.0,16254.0,12.360456273764258,0.8884265570128771,7.348044774865594,1315.0,4587.0,0.0,3760.0,16254.0
UCHE,UCHE_STALL_CYCLES_ARBITER,strong_width_scaling,22720.0,1140.0,13495.0,11.837719298245615,0.8761593207148816,5.973202284946239,1140.0,4518.0,0.0,3567.0,13495.0
SP,SP_STALL_CYCLES_TP,strong_width_scaling,19661.0,644.0,9088.0,14.111801242236025,0.9955427209648722,4.262317288306453,644.0,1740.0,2991.0,5198.0,9088.0
CP,CP_SQE_RRB_STARVE,strong_width_scaling,6070.0,403.0,4514.0,11.200992555831265,0.8918862477635753,2.107747395833334,403.0,410.0,403.0,340.0,4514.0
TP,TP_L1_5_MISS_LATENCY_TRANS,strong_width_scaling,5555.0,476.0,3957.0,8.313025210084033,0.8373898142690432,1.776451192876345,476.0,0.0,1122.0,0.0,3957.0
CP,CP_AHB_STALL_SQE_GMU,zero_all_widths,0.0,0.0,0.0,,,0.0,0.0,0.0,0.0,0.0,0.0
CP,CP_AHB_STALL_SQE_RD_OTHER,zero_all_widths,0.0,0.0,0.0,,,0.0,0.0,0.0,0.0,0.0,0.0
CP,CP_AHB_STALL_SQE_WR_OTHER,zero_all_widths,0.0,0.0,0.0,,,0.0,0.0,0.0,0.0,0.0,0.0
CP,CP_AHB_WR_STALL_PRE_DRAWS,zero_all_widths,0.0,0.0,0.0,,,0.0,0.0,0.0,0.0,0.0,0.0
CP,CP_AQE_NUM_AS_CHUNKS,zero_all_widths,0.0,0.0,0.0,,,0.0,0.0,0.0,0.0,0.0,0.0
CP,CP_AQE_NUM_MS_CHUNKS,zero_all_widths,0.0,0.0,0.0,,,0.0,0.0,0.0,0.0,0.0,0.0
CP,CP_AQE_SQE_STALL,zero_all_widths,0.0,0.0,0.0,,,0.0,0.0,0.0,0.0,0.0,0.0
CP,CP_CACHE_FLUSH,zero_all_widths,0.0,0.0,0.0,,,0.0,0.0,0.0,0.0,0.0,0.0
CP,CP_CLUSTER_FE_S_FULL,zero_all_widths,0.0,0.0,0.0,,,0.0,0.0,0.0,0.0,0.0,0.0
CP,CP_CLUSTER_FE_US_FULL,zero_all_widths,0.0,0.0,0.0,,,0.0,0.0,0.0,0.0,0.0,0.0
CP,CP_CLUSTER_GRAS_FULL,zero_all_widths,0.0,0.0,0.0,,,0.0,0.0,0.0,0.0,0.0,0.0
CP,CP_CLUSTER_PS_FULL,zero_all_widths,0.0,0.0,0.0,,,0.0,0.0,0.0,0.0,0.0,0.0
CP,CP_CLUSTER_SP_PS_FULL,zero_all_widths,0.0,0.0,0.0,,,0.0,0.0,0.0,0.0,0.0,0.0
CP,CP_CLUSTER_SP_VS_FULL,zero_all_widths,0.0,0.0,0.0,,,0.0,0.0,0.0,0.0,0.0,0.0
CP,CP_CLUSTER_VPC_PS_FULL,zero_all_widths,0.0,0.0,0.0,,,0.0,0.0,0.0,0.0,0.0,0.0
CP,CP_CLUSTER_VPC_US_FULL,zero_all_widths,0.0,0.0,0.0,,,0.0,0.0,0.0,0.0,0.0,0.0
CP,CP_CLUSTER_VPC_VS_FULL,zero_all_widths,0.0,0.0,0.0,,,0.0,0.0,0.0,0.0,0.0,0.0
CP,CP_CONTEXT_DONE,zero_all_widths,0.0,0.0,0.0,,,0.0,0.0,0.0,0.0,0.0,0.0
CP,CP_DCACHE_HITS,zero_all_widths,0.0,0.0,0.0,,,0.0,0.0,0.0,0.0,0.0,0.0
CP,CP_DCACHE_MISSES,zero_all_widths,0.0,0.0,0.0,,,0.0,0.0,0.0,0.0,0.0,0.0
CP,CP_DCACHE_STALLS,zero_all_widths,0.0,0.0,0.0,,,0.0,0.0,0.0,0.0,0.0,0.0
CP,CP_DEAD_DRAWS_IN_BIN_RENDER,zero_all_widths,0.0,0.0,0.0,,,0.0,0.0,0.0,0.0,0.0,0.0
CP,CP_ECACHE_BUSY,zero_all_widths,0.0,0.0,0.0,,,0.0,0.0,0.0,0.0,0.0,0.0
CP,CP_ECACHE_EVEN_REQS,zero_all_widths,0.0,0.0,0.0,,,0.0,0.0,0.0,0.0,0.0,0.0
CP,CP_ECACHE_HITS,zero_all_widths,0.0,0.0,0.0,,,0.0,0.0,0.0,0.0,0.0,0.0
CP,CP_ECACHE_KILLS,zero_all_widths,0.0,0.0,0.0,,,0.0,0.0,0.0,0.0,0.0,0.0
CP,CP_ECACHE_REQS,zero_all_widths,0.0,0.0,0.0,,,0.0,0.0,0.0,0.0,0.0,0.0
CP,CP_ECACHE_STALLS_RAP,zero_all_widths,0.0,0.0,0.0,,,0.0,0.0,0.0,0.0,0.0,0.0
CP,CP_ISR_CYCLES,zero_all_widths,0.0,0.0,0.0,,,0.0,0.0,0.0,0.0,0.0,0.0
CP,CP_LONG_PREEMPTIONS,zero_all_widths,0.0,0.0,0.0,,,0.0,0.0,0.0,0.0,0.0,0.0
CP,CP_MEMORY_POOL_ABOVE_THRESH,zero_all_widths,0.0,0.0,0.0,,,0.0,0.0,0.0,0.0,0.0,0.0
CP,CP_MEMORY_POOL_BELOW_THRESH,zero_all_widths,0.0,0.0,0.0,,,0.0,0.0,0.0,0.0,0.0,0.0
CP,CP_MEMORY_POOL_SYNC_STALL,zero_all_widths,0.0,0.0,0.0,,,0.0,0.0,0.0,0.0,0.0,0.0
CP,CP_MODE_SWITCH,zero_all_widths,0.0,0.0,0.0,,,0.0,0.0,0.0,0.0,0.0,0.0
CP,CP_NEVER_COUNT,zero_all_widths,0.0,0.0,0.0,,,0.0,0.0,0.0,0.0,0.0,0.0
CP,CP_NUM_PREEMPTIONS,zero_all_widths,0.0,0.0,0.0,,,0.0,0.0,0.0,0.0,0.0,0.0
CP,CP_OUTPUT_BLOCKED,zero_all_widths,0.0,0.0,0.0,,,0.0,0.0,0.0,0.0,0.0,0.0
CP,CP_PREDICATED_DRAWS_KILLED,zero_all_widths,0.0,0.0,0.0,,,0.0,0.0,0.0,0.0,0.0,0.0
CP,CP_PREEMPTION_REACTION_DELAY,zero_all_widths,0.0,0.0,0.0,,,0.0,0.0,0.0,0.0,0.0,0.0
CP,CP_PREEMPTION_SWITCH_IN_TIME,zero_all_widths,0.0,0.0,0.0,,,0.0,0.0,0.0,0.0,0.0,0.0
CP,CP_PREEMPTION_SWITCH_OUT_TIME,zero_all_widths,0.0,0.0,0.0,,,0.0,0.0,0.0,0.0,0.0,0.0
CP,CP_SQE_AQE_STARVE,zero_all_widths,0.0,0.0,0.0,,,0.0,0.0,0.0,0.0,0.0,0.0
CP,CP_SQE_CTXT_REG_BUNCH_EXEC,zero_all_widths,0.0,0.0,0.0,,,0.0,0.0,0.0,0.0,0.0,0.0
CP,CP_SQE_DRAW_EXEC,zero_all_widths,0.0,0.0,0.0,,,0.0,0.0,0.0,0.0,0.0,0.0
CP,CP_SQE_LOAD_STATE_EXEC,zero_all_widths,0.0,0.0,0.0,,,0.0,0.0,0.0,0.0,0.0,0.0
CP,CP_SQE_MD8_STALL_CYCLES,zero_all_widths,0.0,0.0,0.0,,,0.0,0.0,0.0,0.0,0.0,0.0
CP,CP_SQE_MESH_EXEC_CYCLES,zero_all_widths,0.0,0.0,0.0,,,0.0,0.0,0.0,0.0,0.0,0.0
CP,CP_SQE_PIPE_OUT_STALL,zero_all_widths,0.0,0.0,0.0,,,0.0,0.0,0.0,0.0,0.0,0.0
CP,CP_SQE_PM4_STARVE_FSDT,zero_all_widths,0.0,0.0,0.0,,,0.0,0.0,0.0,0.0,0.0,0.0
CP,CP_SQE_PM4_STARVE_SDS,zero_all_widths,0.0,0.0,0.0,,,0.0,0.0,0.0,0.0,0.0,0.0
CP,CP_SQE_PM4_WFI_STALL,zero_all_widths,0.0,0.0,0.0,,,0.0,0.0,0.0,0.0,0.0,0.0
CP,CP_SQE_SAVE_SDS_STATE,zero_all_widths,0.0,0.0,0.0,,,0.0,0.0,0.0,0.0,0.0,0.0
CP,CP_SQE_SYNC_STALL,zero_all_widths,0.0,0.0,0.0,,,0.0,0.0,0.0,0.0,0.0,0.0
CP,CP_SQE_SYS_WFI_STALL,zero_all_widths,0.0,0.0,0.0,,,0.0,0.0,0.0,0.0,0.0,0.0
CP,CP_SQE_T4_EXEC,zero_all_widths,0.0,0.0,0.0,,,0.0,0.0,0.0,0.0,0.0,0.0
CP,CP_SQE_VSD_STARVE,zero_all_widths,0.0,0.0,0.0,,,0.0,0.0,0.0,0.0,0.0,0.0
CP,CP_S_SKEW_BUFFER_ABOVE_THRESH,zero_all_widths,0.0,0.0,0.0,,,0.0,0.0,0.0,0.0,0.0,0.0
CP,CP_S_SKEW_BUFFER_FULL,zero_all_widths,0.0,0.0,0.0,,,0.0,0.0,0.0,0.0,0.0,0.0
CP,CP_VSD_DECODE_STARVE,zero_all_widths,0.0,0.0,0.0,,,0.0,0.0,0.0,0.0,0.0,0.0
CP,CP_WAIT_ON_OTHER_PIPE,zero_all_widths,0.0,0.0,0.0,,,0.0,0.0,0.0,0.0,0.0,0.0
CP,CP_ZPASS_DONE,zero_all_widths,0.0,0.0,0.0,,,0.0,0.0,0.0,0.0,0.0,0.0
HLSQ,HLSQ_BV2LPAC_SWITCH_CNT,zero_all_widths,0.0,0.0,0.0,,,0.0,0.0,0.0,0.0,0.0,0.0
HLSQ,HLSQ_BV2LPAC_SWITCH_CYC,zero_all_widths,0.0,0.0,0.0,,,0.0,0.0,0.0,0.0,0.0,0.0
HLSQ,HLSQ_BV_CONST_BUF_FULL_BLOCK_CPI,zero_all_widths,0.0,0.0,0.0,,,0.0,0.0,0.0,0.0,0.0,0.0
HLSQ,HLSQ_BV_CTXT_BUF_FULL_BLOCK_CPI,zero_all_widths,0.0,0.0,0.0,,,0.0,0.0,0.0,0.0,0.0,0.0
HLSQ,HLSQ_BV_DES_BUF_FULL_BLOCK_CPI,zero_all_widths,0.0,0.0,0.0,,,0.0,0.0,0.0,0.0,0.0,0.0
HLSQ,HLSQ_BV_INS_BUF_FULL_BLOCK_CPI,zero_all_widths,0.0,0.0,0.0,,,0.0,0.0,0.0,0.0,0.0,0.0
HLSQ,HLSQ_BV_S2W_CYCLES,zero_all_widths,0.0,0.0,0.0,,,0.0,0.0,0.0,0.0,0.0,0.0
HLSQ,HLSQ_BV_S2W_CYCLES_SP,zero_all_widths,0.0,0.0,0.0,,,0.0,0.0,0.0,0.0,0.0,0.0
HLSQ,HLSQ_BV_SP_CCTX_ACTIVE_CNT,zero_all_widths,0.0,0.0,0.0,,,0.0,0.0,0.0,0.0,0.0,0.0
HLSQ,HLSQ_BV_SP_CCTX_NUM,zero_all_widths,0.0,0.0,0.0,,,0.0,0.0,0.0,0.0,0.0,0.0
HLSQ,HLSQ_BV_SP_CTX_ALIVE_CYCLE,zero_all_widths,0.0,0.0,0.0,,,0.0,0.0,0.0,0.0,0.0,0.0
HLSQ,HLSQ_BV_SP_HCTX_ACTIVE_CNT,zero_all_widths,0.0,0.0,0.0,,,0.0,0.0,0.0,0.0,0.0,0.0
HLSQ,HLSQ_BV_SP_HCTX_ACTIVE_CYC,zero_all_widths,0.0,0.0,0.0,,,0.0,0.0,0.0,0.0,0.0,0.0
HLSQ,HLSQ_BV_SP_SCTX_ACTIVE_CNT,zero_all_widths,0.0,0.0,0.0,,,0.0,0.0,0.0,0.0,0.0,0.0
HLSQ,HLSQ_BV_SP_SCTX_NUM,zero_all_widths,0.0,0.0,0.0,,,0.0,0.0,0.0,0.0,0.0,0.0
HLSQ,HLSQ_BV_WAIT_FS_S2W,zero_all_widths,0.0,0.0,0.0,,,0.0,0.0,0.0,0.0,0.0,0.0
HLSQ,HLSQ_DUAL_VS_PROG_ACTIVE,zero_all_widths,0.0,0.0,0.0,,,0.0,0.0,0.0,0.0,0.0,0.0
HLSQ,HLSQ_FS_CONST_BUF_FULL_BLOCK_CPI,zero_all_widths,0.0,0.0,0.0,,,0.0,0.0,0.0,0.0,0.0,0.0
HLSQ,HLSQ_FS_CTXT_BUF_FULL_BLOCK_CPI,zero_all_widths,0.0,0.0,0.0,,,0.0,0.0,0.0,0.0,0.0,0.0
HLSQ,HLSQ_FS_DES_BUF_FULL_BLOCK_CPI,zero_all_widths,0.0,0.0,0.0,,,0.0,0.0,0.0,0.0,0.0,0.0
HLSQ,HLSQ_FS_INS_BUF_FULL_BLOCK_CPI,zero_all_widths,0.0,0.0,0.0,,,0.0,0.0,0.0,0.0,0.0,0.0
HLSQ,HLSQ_FS_S2W_CYCLES,zero_all_widths,0.0,0.0,0.0,,,0.0,0.0,0.0,0.0,0.0,0.0
HLSQ,HLSQ_FS_SP_CCTX_ACTIVE_CNT,zero_all_widths,0.0,0.0,0.0,,,0.0,0.0,0.0,0.0,0.0,0.0
HLSQ,HLSQ_FS_SP_CCTX_NUM,zero_all_widths,0.0,0.0,0.0,,,0.0,0.0,0.0,0.0,0.0,0.0
HLSQ,HLSQ_FS_SP_CTX_ALIVE_CYCLE,zero_all_widths,0.0,0.0,0.0,,,0.0,0.0,0.0,0.0,0.0,0.0
HLSQ,HLSQ_FS_SP_HCTX_ACTIVE_CNT,zero_all_widths,0.0,0.0,0.0,,,0.0,0.0,0.0,0.0,0.0,0.0
HLSQ,HLSQ_FS_SP_HCTX_ACTIVE_CYC,zero_all_widths,0.0,0.0,0.0,,,0.0,0.0,0.0,0.0,0.0,0.0
HLSQ,HLSQ_FS_SP_SCTX_ACTIVE_CNT,zero_all_widths,0.0,0.0,0.0,,,0.0,0.0,0.0,0.0,0.0,0.0
HLSQ,HLSQ_FS_SP_SCTX_NUM,zero_all_widths,0.0,0.0,0.0,,,0.0,0.0,0.0,0.0,0.0,0.0
HLSQ,HLSQ_FS_STARVING_SP,zero_all_widths,0.0,0.0,0.0,,,0.0,0.0,0.0,0.0,0.0,0.0
HLSQ,HLSQ_FS_WAIT_VS_S2W,zero_all_widths,0.0,0.0,0.0,,,0.0,0.0,0.0,0.0,0.0,0.0
HLSQ,HLSQ_L2STC_BANK0_REPLACEMENT,zero_all_widths,0.0,0.0,0.0,,,0.0,0.0,0.0,0.0,0.0,0.0
HLSQ,HLSQ_L2STC_BANK1_REPLACEMENT,zero_all_widths,0.0,0.0,0.0,,,0.0,0.0,0.0,0.0,0.0,0.0
HLSQ,HLSQ_L2STC_BANK2_REPLACEMENT,zero_all_widths,0.0,0.0,0.0,,,0.0,0.0,0.0,0.0,0.0,0.0
HLSQ,HLSQ_L2STC_BANK3_REPLACEMENT,zero_all_widths,0.0,0.0,0.0,,,0.0,0.0,0.0,0.0,0.0,0.0
HLSQ,HLSQ_L2STC_LATENCY_COUNT,zero_all_widths,0.0,0.0,0.0,,,0.0,0.0,0.0,0.0,0.0,0.0
HLSQ,HLSQ_L2STC_LATENCY_CYCLES,zero_all_widths,0.0,0.0,0.0,,,0.0,0.0,0.0,0.0,0.0,0.0
HLSQ,HLSQ_L2STC_REQ_INS_HLSQ_HIT,zero_all_widths,0.0,0.0,0.0,,,0.0,0.0,0.0,0.0,0.0,0.0
HLSQ,HLSQ_L2STC_REQ_INS_SP,zero_all_widths,0.0,0.0,0.0,,,0.0,0.0,0.0,0.0,0.0,0.0
HLSQ,HLSQ_L2STC_REQ_INS_SP_HIT,zero_all_widths,0.0,0.0,0.0,,,0.0,0.0,0.0,0.0,0.0,0.0
HLSQ,HLSQ_L2STC_REQ_UCHE,zero_all_widths,0.0,0.0,0.0,,,0.0,0.0,0.0,0.0,0.0,0.0
HLSQ,HLSQ_L2STC_STALL_SP_MISS_REQ,zero_all_widths,0.0,0.0,0.0,,,0.0,0.0,0.0,0.0,0.0,0.0
HLSQ,HLSQ_LPAC2BV_SWITCH_CNT,zero_all_widths,0.0,0.0,0.0,,,0.0,0.0,0.0,0.0,0.0,0.0
HLSQ,HLSQ_LPAC2BV_SWITCH_CYC,zero_all_widths,0.0,0.0,0.0,,,0.0,0.0,0.0,0.0,0.0,0.0
HLSQ,HLSQ_LPAC_DEREF_CYCLES,zero_all_widths,0.0,0.0,0.0,,,0.0,0.0,0.0,0.0,0.0,0.0
HLSQ,HLSQ_LPAC_S2W_CYCLES,zero_all_widths,0.0,0.0,0.0,,,0.0,0.0,0.0,0.0,0.0,0.0
HLSQ,HLSQ_LPAC_S2W_CYCLES_SP,zero_all_widths,0.0,0.0,0.0,,,0.0,0.0,0.0,0.0,0.0,0.0
HLSQ,HLSQ_LPAC_STALL_CYCLES,zero_all_widths,0.0,0.0,0.0,,,0.0,0.0,0.0,0.0,0.0,0.0
HLSQ,HLSQ_LPAC_WAIT_VS_S2W,zero_all_widths,0.0,0.0,0.0,,,0.0,0.0,0.0,0.0,0.0,0.0
HLSQ,HLSQ_MISS_RETURN_STALL_BY_S2W,zero_all_widths,0.0,0.0,0.0,,,0.0,0.0,0.0,0.0,0.0,0.0
HLSQ,HLSQ_NEVER_COUNT,zero_all_widths,0.0,0.0,0.0,,,0.0,0.0,0.0,0.0,0.0,0.0
HLSQ,HLSQ_PRIMITIVE_COUNT,zero_all_widths,0.0,0.0,0.0,,,0.0,0.0,0.0,0.0,0.0,0.0
HLSQ,HLSQ_RESERVED_19,zero_all_widths,0.0,0.0,0.0,,,0.0,0.0,0.0,0.0,0.0,0.0
HLSQ,HLSQ_RESERVED_20,zero_all_widths,0.0,0.0,0.0,,,0.0,0.0,0.0,0.0,0.0,0.0
HLSQ,HLSQ_RESERVED_37,zero_all_widths,0.0,0.0,0.0,,,0.0,0.0,0.0,0.0,0.0,0.0
HLSQ,HLSQ_RESERVED_7,zero_all_widths,0.0,0.0,0.0,,,0.0,0.0,0.0,0.0,0.0,0.0
HLSQ,HLSQ_RESERVED_8,zero_all_widths,0.0,0.0,0.0,,,0.0,0.0,0.0,0.0,0.0,0.0
HLSQ,HLSQ_RESERVED_9,zero_all_widths,0.0,0.0,0.0,,,0.0,0.0,0.0,0.0,0.0,0.0
HLSQ,HLSQ_S2W_STALL_BY_MISS_RETURN,zero_all_widths,0.0,0.0,0.0,,,0.0,0.0,0.0,0.0,0.0,0.0
HLSQ,HLSQ_SPTROC_STCHE_MISS_INC_BV,zero_all_widths,0.0,0.0,0.0,,,0.0,0.0,0.0,0.0,0.0,0.0
HLSQ,HLSQ_SPTROC_STCHE_MISS_INC_FS,zero_all_widths,0.0,0.0,0.0,,,0.0,0.0,0.0,0.0,0.0,0.0
HLSQ,HLSQ_SPTROC_STCHE_MISS_INC_LPAC,zero_all_widths,0.0,0.0,0.0,,,0.0,0.0,0.0,0.0,0.0,0.0
HLSQ,HLSQ_SPTROC_STCHE_MISS_INC_VS,zero_all_widths,0.0,0.0,0.0,,,0.0,0.0,0.0,0.0,0.0,0.0
HLSQ,HLSQ_SPTROC_STCHE_WARMUP_INC_BV,zero_all_widths,0.0,0.0,0.0,,,0.0,0.0,0.0,0.0,0.0,0.0
HLSQ,HLSQ_SPTROC_STCHE_WARMUP_INC_FS,zero_all_widths,0.0,0.0,0.0,,,0.0,0.0,0.0,0.0,0.0,0.0
HLSQ,HLSQ_SPTROC_STCHE_WARMUP_INC_LPAC,zero_all_widths,0.0,0.0,0.0,,,0.0,0.0,0.0,0.0,0.0,0.0
HLSQ,HLSQ_SPTROC_STCHE_WARMUP_INC_VS,zero_all_widths,0.0,0.0,0.0,,,0.0,0.0,0.0,0.0,0.0,0.0
HLSQ,HLSQ_STALL_CYCLES_SP_FS_STAGE,zero_all_widths,0.0,0.0,0.0,,,0.0,0.0,0.0,0.0,0.0,0.0
HLSQ,HLSQ_STALL_CYCLES_SP_STATE,zero_all_widths,0.0,0.0,0.0,,,0.0,0.0,0.0,0.0,0.0,0.0
HLSQ,HLSQ_STALL_CYCLES_VPC_BE,zero_all_widths,0.0,0.0,0.0,,,0.0,0.0,0.0,0.0,0.0,0.0
HLSQ,HLSQ_STPROC_DPS_RUN_COUNT,zero_all_widths,0.0,0.0,0.0,,,0.0,0.0,0.0,0.0,0.0,0.0
HLSQ,HLSQ_STPROC_DPS_RUN_CYCLE,zero_all_widths,0.0,0.0,0.0,,,0.0,0.0,0.0,0.0,0.0,0.0
HLSQ,HLSQ_STPROC_L0_INS_HIT,zero_all_widths,0.0,0.0,0.0,,,0.0,0.0,0.0,0.0,0.0,0.0
HLSQ,HLSQ_STPROC_L0_INS_LATENCY_COUNT,zero_all_widths,0.0,0.0,0.0,,,0.0,0.0,0.0,0.0,0.0,0.0
HLSQ,HLSQ_STPROC_L0_INS_MISS,zero_all_widths,0.0,0.0,0.0,,,0.0,0.0,0.0,0.0,0.0,0.0
HLSQ,HLSQ_STPROC_L0_STALL_INS_RD,zero_all_widths,0.0,0.0,0.0,,,0.0,0.0,0.0,0.0,0.0,0.0
HLSQ,HLSQ_STPROC_WAVE_CONTEXTS_BV,zero_all_widths,0.0,0.0,0.0,,,0.0,0.0,0.0,0.0,0.0,0.0
HLSQ,HLSQ_STPROC_WAVE_CONTEXTS_FS,zero_all_widths,0.0,0.0,0.0,,,0.0,0.0,0.0,0.0,0.0,0.0
HLSQ,HLSQ_STPROC_WAVE_CONTEXTS_LPAC,zero_all_widths,0.0,0.0,0.0,,,0.0,0.0,0.0,0.0,0.0,0.0
HLSQ,HLSQ_STPROC_WAVE_CONTEXTS_VS,zero_all_widths,0.0,0.0,0.0,,,0.0,0.0,0.0,0.0,0.0,0.0
HLSQ,HLSQ_STPROC_WAVE_CONTEXT_CYCLES_BV,zero_all_widths,0.0,0.0,0.0,,,0.0,0.0,0.0,0.0,0.0,0.0
HLSQ,HLSQ_STPROC_WAVE_CONTEXT_CYCLES_FS,zero_all_widths,0.0,0.0,0.0,,,0.0,0.0,0.0,0.0,0.0,0.0
HLSQ,HLSQ_STPROC_WAVE_CONTEXT_CYCLES_LPAC,zero_all_widths,0.0,0.0,0.0,,,0.0,0.0,0.0,0.0,0.0,0.0
HLSQ,HLSQ_STPROC_WAVE_CONTEXT_CYCLES_VS,zero_all_widths,0.0,0.0,0.0,,,0.0,0.0,0.0,0.0,0.0,0.0
HLSQ,HLSQ_STPROC_WAVE_NUM_BV,zero_all_widths,0.0,0.0,0.0,,,0.0,0.0,0.0,0.0,0.0,0.0
HLSQ,HLSQ_STPROC_WAVE_NUM_FS,zero_all_widths,0.0,0.0,0.0,,,0.0,0.0,0.0,0.0,0.0,0.0
HLSQ,HLSQ_STPROC_WAVE_NUM_LPAC,zero_all_widths,0.0,0.0,0.0,,,0.0,0.0,0.0,0.0,0.0,0.0
HLSQ,HLSQ_STPROC_WAVE_NUM_VS,zero_all_widths,0.0,0.0,0.0,,,0.0,0.0,0.0,0.0,0.0,0.0
HLSQ,HLSQ_UCHE_LATENCY_COUNT,zero_all_widths,0.0,0.0,0.0,,,0.0,0.0,0.0,0.0,0.0,0.0
HLSQ,HLSQ_UCHE_LATENCY_CYCLES,zero_all_widths,0.0,0.0,0.0,,,0.0,0.0,0.0,0.0,0.0,0.0
HLSQ,HLSQ_VSBR_S2W_CYCLES,zero_all_widths,0.0,0.0,0.0,,,0.0,0.0,0.0,0.0,0.0,0.0
HLSQ,HLSQ_VSBR_S2W_CYCLES_SP,zero_all_widths,0.0,0.0,0.0,,,0.0,0.0,0.0,0.0,0.0,0.0
HLSQ,HLSQ_VSBR_WAIT_FS_S2W,zero_all_widths,0.0,0.0,0.0,,,0.0,0.0,0.0,0.0,0.0,0.0
HLSQ,HLSQ_VSDP_BR_QUERY_BUSY,zero_all_widths,0.0,0.0,0.0,,,0.0,0.0,0.0,0.0,0.0,0.0
HLSQ,HLSQ_VSDP_BR_QUERY_FAIL,zero_all_widths,0.0,0.0,0.0,,,0.0,0.0,0.0,0.0,0.0,0.0
HLSQ,HLSQ_VSDP_BR_QUERY_REQ,zero_all_widths,0.0,0.0,0.0,,,0.0,0.0,0.0,0.0,0.0,0.0
HLSQ,HLSQ_VSDP_BR_QUERY_REQ_WHEN_BV_PENDING,zero_all_widths,0.0,0.0,0.0,,,0.0,0.0,0.0,0.0,0.0,0.0
HLSQ,HLSQ_VSDP_BV2BR_SWITCH_CYC,zero_all_widths,0.0,0.0,0.0,,,0.0,0.0,0.0,0.0,0.0,0.0
HLSQ,HLSQ_VSDP_BV_QUERY_BUSY,zero_all_widths,0.0,0.0,0.0,,,0.0,0.0,0.0,0.0,0.0,0.0
HLSQ,HLSQ_VSDP_BV_QUERY_FAIL,zero_all_widths,0.0,0.0,0.0,,,0.0,0.0,0.0,0.0,0.0,0.0
HLSQ,HLSQ_VSDP_BV_QUERY_REQ,zero_all_widths,0.0,0.0,0.0,,,0.0,0.0,0.0,0.0,0.0,0.0
HLSQ,HLSQ_VS_CONST_BUF_FULL_BLOCK_CPI,zero_all_widths,0.0,0.0,0.0,,,0.0,0.0,0.0,0.0,0.0,0.0
HLSQ,HLSQ_VS_CTXT_BUF_FULL_BLOCK_CPI,zero_all_widths,0.0,0.0,0.0,,,0.0,0.0,0.0,0.0,0.0,0.0
HLSQ,HLSQ_VS_DES_BUF_FULL_BLOCK_CPI,zero_all_widths,0.0,0.0,0.0,,,0.0,0.0,0.0,0.0,0.0,0.0
HLSQ,HLSQ_VS_INS_BUF_FULL_BLOCK_CPI,zero_all_widths,0.0,0.0,0.0,,,0.0,0.0,0.0,0.0,0.0,0.0
HLSQ,HLSQ_VS_SP_CCTX_ACTIVE_CNT,zero_all_widths,0.0,0.0,0.0,,,0.0,0.0,0.0,0.0,0.0,0.0
HLSQ,HLSQ_VS_SP_CCTX_NUM,zero_all_widths,0.0,0.0,0.0,,,0.0,0.0,0.0,0.0,0.0,0.0
HLSQ,HLSQ_VS_SP_CTX_ALIVE_CYCLE,zero_all_widths,0.0,0.0,0.0,,,0.0,0.0,0.0,0.0,0.0,0.0
HLSQ,HLSQ_VS_SP_HCTX_ACTIVE_CNT,zero_all_widths,0.0,0.0,0.0,,,0.0,0.0,0.0,0.0,0.0,0.0
HLSQ,HLSQ_VS_SP_HCTX_ACTIVE_CYC,zero_all_widths,0.0,0.0,0.0,,,0.0,0.0,0.0,0.0,0.0,0.0
HLSQ,HLSQ_VS_SP_SCTX_ACTIVE_CNT,zero_all_widths,0.0,0.0,0.0,,,0.0,0.0,0.0,0.0,0.0,0.0
HLSQ,HLSQ_VS_SP_SCTX_NUM,zero_all_widths,0.0,0.0,0.0,,,0.0,0.0,0.0,0.0,0.0,0.0
HLSQ,HLSQ_WAVE_PENDING_NO_PRIM_BASE,zero_all_widths,0.0,0.0,0.0,,,0.0,0.0,0.0,0.0,0.0,0.0
HLSQ,HLSQ_WAVE_PENDING_NO_QUAD,zero_all_widths,0.0,0.0,0.0,,,0.0,0.0,0.0,0.0,0.0,0.0
PC,PC_NEVER_COUNT,zero_all_widths,0.0,0.0,0.0,,,0.0,0.0,0.0,0.0,0.0,0.0
PC,PC_RESERVED_51,zero_all_widths,0.0,0.0,0.0,,,0.0,0.0,0.0,0.0,0.0,0.0
PC,PC_RESERVED_52,zero_all_widths,0.0,0.0,0.0,,,0.0,0.0,0.0,0.0,0.0,0.0
PC,PC_RESERVED_53,zero_all_widths,0.0,0.0,0.0,,,0.0,0.0,0.0,0.0,0.0,0.0
PC,PC_RESERVED_54,zero_all_widths,0.0,0.0,0.0,,,0.0,0.0,0.0,0.0,0.0,0.0
PC,PC_RESERVED_55,zero_all_widths,0.0,0.0,0.0,,,0.0,0.0,0.0,0.0,0.0,0.0
PC,PC_RESERVED_56,zero_all_widths,0.0,0.0,0.0,,,0.0,0.0,0.0,0.0,0.0,0.0
PC,PC_RESERVED_57,zero_all_widths,0.0,0.0,0.0,,,0.0,0.0,0.0,0.0,0.0,0.0
PC,PC_RESERVED_58,zero_all_widths,0.0,0.0,0.0,,,0.0,0.0,0.0,0.0,0.0,0.0
PC,PC_RESERVED_59,zero_all_widths,0.0,0.0,0.0,,,0.0,0.0,0.0,0.0,0.0,0.0
PC,PC_S_DS_INVOCATIONS,zero_all_widths,0.0,0.0,0.0,,,0.0,0.0,0.0,0.0,0.0,0.0
PC,PC_S_DS_PRIMITIVES,zero_all_widths,0.0,0.0,0.0,,,0.0,0.0,0.0,0.0,0.0,0.0
PC,PC_S_GS_INVOCATIONS,zero_all_widths,0.0,0.0,0.0,,,0.0,0.0,0.0,0.0,0.0,0.0
PC,PC_S_HS_INVOCATIONS,zero_all_widths,0.0,0.0,0.0,,,0.0,0.0,0.0,0.0,0.0,0.0
PC,PC_S_IA_PRIMITIVES,zero_all_widths,0.0,0.0,0.0,,,0.0,0.0,0.0,0.0,0.0,0.0
PC,PC_S_IA_VERTICES,zero_all_widths,0.0,0.0,0.0,,,0.0,0.0,0.0,0.0,0.0,0.0
PC,PC_S_MESH_VS_WAVES,zero_all_widths,0.0,0.0,0.0,,,0.0,0.0,0.0,0.0,0.0,0.0
PC,PC_S_STALL_CYCLES_TESS,zero_all_widths,0.0,0.0,0.0,,,0.0,0.0,0.0,0.0,0.0,0.0
PC,PC_S_STALL_CYCLES_VFD_ONLY,zero_all_widths,0.0,0.0,0.0,,,0.0,0.0,0.0,0.0,0.0,0.0
PC,PC_S_STALL_CYCLES_VPC_FE,zero_all_widths,0.0,0.0,0.0,,,0.0,0.0,0.0,0.0,0.0,0.0
PC,PC_S_STALL_CYCLES_VPC_ONLY,zero_all_widths,0.0,0.0,0.0,,,0.0,0.0,0.0,0.0,0.0,0.0
PC,PC_S_TESS_BUSY_CYCLES,zero_all_widths,0.0,0.0,0.0,,,0.0,0.0,0.0,0.0,0.0,0.0
PC,PC_S_TESS_FACTOR_TRANS,zero_all_widths,0.0,0.0,0.0,,,0.0,0.0,0.0,0.0,0.0,0.0
PC,PC_S_TESS_PC_UV_PATCHES,zero_all_widths,0.0,0.0,0.0,,,0.0,0.0,0.0,0.0,0.0,0.0
PC,PC_S_TESS_PC_UV_TRANS,zero_all_widths,0.0,0.0,0.0,,,0.0,0.0,0.0,0.0,0.0,0.0
PC,PC_S_TESS_PID_ACTIVE,zero_all_widths,0.0,0.0,0.0,,,0.0,0.0,0.0,0.0,0.0,0.0
PC,PC_S_TESS_PRIM_GEN_ACTIVE,zero_all_widths,0.0,0.0,0.0,,,0.0,0.0,0.0,0.0,0.0,0.0
PC,PC_S_TESS_SETUP_ACTIVE,zero_all_widths,0.0,0.0,0.0,,,0.0,0.0,0.0,0.0,0.0,0.0
PC,PC_S_TESS_STALL_CYCLES_PC,zero_all_widths,0.0,0.0,0.0,,,0.0,0.0,0.0,0.0,0.0,0.0
PC,PC_S_TESS_WORKING_CYCLES,zero_all_widths,0.0,0.0,0.0,,,0.0,0.0,0.0,0.0,0.0,0.0
PC,PC_S_VERTEX_HITS,zero_all_widths,0.0,0.0,0.0,,,0.0,0.0,0.0,0.0,0.0,0.0
PC,PC_S_VPC_PRIMITIVES,zero_all_widths,0.0,0.0,0.0,,,0.0,0.0,0.0,0.0,0.0,0.0
PC,PC_S_VS_INVOCATIONS,zero_all_widths,0.0,0.0,0.0,,,0.0,0.0,0.0,0.0,0.0,0.0
PC,PC_US_2D_DRAWCALLS,zero_all_widths,0.0,0.0,0.0,,,0.0,0.0,0.0,0.0,0.0,0.0
PC,PC_US_3D_DRAWCALLS,zero_all_widths,0.0,0.0,0.0,,,0.0,0.0,0.0,0.0,0.0,0.0
PC,PC_US_BR2BV_SWITCH,zero_all_widths,0.0,0.0,0.0,,,0.0,0.0,0.0,0.0,0.0,0.0
PC,PC_US_BR_STALLS_BV_WORKLOAD,zero_all_widths,0.0,0.0,0.0,,,0.0,0.0,0.0,0.0,0.0,0.0
PC,PC_US_BV2BR_SWITCH,zero_all_widths,0.0,0.0,0.0,,,0.0,0.0,0.0,0.0,0.0,0.0
PC,PC_US_BV_STALLED_BY_ATTR,zero_all_widths,0.0,0.0,0.0,,,0.0,0.0,0.0,0.0,0.0,0.0
PC,PC_US_BV_STALLED_BY_UCHE_FEEDBACK,zero_all_widths,0.0,0.0,0.0,,,0.0,0.0,0.0,0.0,0.0,0.0
PC,PC_US_BV_STALLS_BR_WORKLOAD,zero_all_widths,0.0,0.0,0.0,,,0.0,0.0,0.0,0.0,0.0,0.0
PC,PC_US_BV_STARVED_BY_RARB,zero_all_widths,0.0,0.0,0.0,,,0.0,0.0,0.0,0.0,0.0,0.0
PC,PC_US_DEAD_PRIM,zero_all_widths,0.0,0.0,0.0,,,0.0,0.0,0.0,0.0,0.0,0.0
PC,PC_US_DP0_INPUT_STALLS,zero_all_widths,0.0,0.0,0.0,,,0.0,0.0,0.0,0.0,0.0,0.0
PC,PC_US_DP0_LIVE_PRIM,zero_all_widths,0.0,0.0,0.0,,,0.0,0.0,0.0,0.0,0.0,0.0
PC,PC_US_DP0_RARB_FULL,zero_all_widths,0.0,0.0,0.0,,,0.0,0.0,0.0,0.0,0.0,0.0
PC,PC_US_DP1_INPUT_STALLS,zero_all_widths,0.0,0.0,0.0,,,0.0,0.0,0.0,0.0,0.0,0.0
PC,PC_US_DP1_LIVE_PRIM,zero_all_widths,0.0,0.0,0.0,,,0.0,0.0,0.0,0.0,0.0,0.0
PC,PC_US_DP1_RARB_FULL,zero_all_widths,0.0,0.0,0.0,,,0.0,0.0,0.0,0.0,0.0,0.0
PC,PC_US_INSTANCES,zero_all_widths,0.0,0.0,0.0,,,0.0,0.0,0.0,0.0,0.0,0.0
PC,PC_US_MESH_DEAD_DRAWS,zero_all_widths,0.0,0.0,0.0,,,0.0,0.0,0.0,0.0,0.0,0.0
PC,PC_US_MESH_DEAD_PRIM,zero_all_widths,0.0,0.0,0.0,,,0.0,0.0,0.0,0.0,0.0,0.0
PC,PC_US_MESH_DRAWS,zero_all_widths,0.0,0.0,0.0,,,0.0,0.0,0.0,0.0,0.0,0.0
PC,PC_US_MESH_LIVE_PRIM,zero_all_widths,0.0,0.0,0.0,,,0.0,0.0,0.0,0.0,0.0,0.0
PC,PC_US_MESH_MVIS_EN_DRAWS,zero_all_widths,0.0,0.0,0.0,,,0.0,0.0,0.0,0.0,0.0,0.0
PC,PC_US_MESH_PA_EN_PRIM,zero_all_widths,0.0,0.0,0.0,,,0.0,0.0,0.0,0.0,0.0,0.0
PC,PC_US_PASS1_TF_STALL_CYCLES,zero_all_widths,0.0,0.0,0.0,,,0.0,0.0,0.0,0.0,0.0,0.0
PC,PC_US_PASSPAIR_STALL,zero_all_widths,0.0,0.0,0.0,,,0.0,0.0,0.0,0.0,0.0,0.0
PC,PC_US_PREDRAW_STALLS,zero_all_widths,0.0,0.0,0.0,,,0.0,0.0,0.0,0.0,0.0,0.0
PC,PC_US_SLICE_LIVE_PRIM,zero_all_widths,0.0,0.0,0.0,,,0.0,0.0,0.0,0.0,0.0,0.0
PC,PC_US_STALL_CYCLES_GFX_COMPUTE,zero_all_widths,0.0,0.0,0.0,,,0.0,0.0,0.0,0.0,0.0,0.0
PC,PC_US_STALL_CYCLES_PC_S,zero_all_widths,0.0,0.0,0.0,,,0.0,0.0,0.0,0.0,0.0,0.0
PC,PC_US_STALL_CYCLES_UCHE0,zero_all_widths,0.0,0.0,0.0,,,0.0,0.0,0.0,0.0,0.0,0.0
PC,PC_US_STALL_CYCLES_UCHE1,zero_all_widths,0.0,0.0,0.0,,,0.0,0.0,0.0,0.0,0.0,0.0
PC,PC_US_STARVE_CYCLES_DI,zero_all_widths,0.0,0.0,0.0,,,0.0,0.0,0.0,0.0,0.0,0.0
PC,PC_US_STARVE_CYCLES_FOR_INDEX,zero_all_widths,0.0,0.0,0.0,,,0.0,0.0,0.0,0.0,0.0,0.0
PC,PC_US_STARVE_CYCLES_FOR_MVIS_STREAM,zero_all_widths,0.0,0.0,0.0,,,0.0,0.0,0.0,0.0,0.0,0.0
PC,PC_US_STARVE_CYCLES_FOR_TF,zero_all_widths,0.0,0.0,0.0,,,0.0,0.0,0.0,0.0,0.0,0.0
PC,PC_US_STARVE_CYCLES_FOR_VIZ_STREAM,zero_all_widths,0.0,0.0,0.0,,,0.0,0.0,0.0,0.0,0.0,0.0
PC,PC_US_STARVE_CYCLES_PREDRAW,zero_all_widths,0.0,0.0,0.0,,,0.0,0.0,0.0,0.0,0.0,0.0
PC,PC_US_UCHE_0_TRANS,zero_all_widths,0.0,0.0,0.0,,,0.0,0.0,0.0,0.0,0.0,0.0
PC,PC_US_UCHE_1_TRANS,zero_all_widths,0.0,0.0,0.0,,,0.0,0.0,0.0,0.0,0.0,0.0
PC,PC_US_UCHE_OUTSTANDING_TRANS,zero_all_widths,0.0,0.0,0.0,,,0.0,0.0,0.0,0.0,0.0,0.0
PC,PC_US_VIS_STREAMS_LOADED,zero_all_widths,0.0,0.0,0.0,,,0.0,0.0,0.0,0.0,0.0,0.0
PC,PC_US_VPC_PRIM_COUNT_STALLS_BR,zero_all_widths,0.0,0.0,0.0,,,0.0,0.0,0.0,0.0,0.0,0.0
PC,PC_US_VPC_PRIM_COUNT_STALLS_BV,zero_all_widths,0.0,0.0,0.0,,,0.0,0.0,0.0,0.0,0.0,0.0
PC,PC_US_VSD_RARB_DVIZ_FULL,zero_all_widths,0.0,0.0,0.0,,,0.0,0.0,0.0,0.0,0.0,0.0
PC,PC_US_VSD_RARB_PVIZ_FULL,zero_all_widths,0.0,0.0,0.0,,,0.0,0.0,0.0,0.0,0.0,0.0
PC,PC_US_VSD_RARB_TVIZ_FULL,zero_all_widths,0.0,0.0,0.0,,,0.0,0.0,0.0,0.0,0.0,0.0
RAS,RAS_8X4_TILES,zero_all_widths,0.0,0.0,0.0,,,0.0,0.0,0.0,0.0,0.0,0.0
RAS,RAS_BLOCKS,zero_all_widths,0.0,0.0,0.0,,,0.0,0.0,0.0,0.0,0.0,0.0
RAS,RAS_BUSY_CYCLES,zero_all_widths,0.0,0.0,0.0,,,0.0,0.0,0.0,0.0,0.0,0.0
RAS,RAS_EMPTY_SBLOCK_SCAN_CYCLE_PERFCOUNTER,zero_all_widths,0.0,0.0,0.0,,,0.0,0.0,0.0,0.0,0.0,0.0
RAS,RAS_FALSE_PARTIAL_STILE,zero_all_widths,0.0,0.0,0.0,,,0.0,0.0,0.0,0.0,0.0,0.0
RAS,RAS_FULLY_COVERED_8X4_TILES,zero_all_widths,0.0,0.0,0.0,,,0.0,0.0,0.0,0.0,0.0,0.0
RAS,RAS_FULLY_COVERED_SUPER_TILES,zero_all_widths,0.0,0.0,0.0,,,0.0,0.0,0.0,0.0,0.0,0.0
RAS,RAS_MASKGEN_ACTIVE,zero_all_widths,0.0,0.0,0.0,,,0.0,0.0,0.0,0.0,0.0,0.0
RAS,RAS_MTGEN_BOTTLENECK_CYCLES,zero_all_widths,0.0,0.0,0.0,,,0.0,0.0,0.0,0.0,0.0,0.0
RAS,RAS_NEVER_COUNT,zero_all_widths,0.0,0.0,0.0,,,0.0,0.0,0.0,0.0,0.0,0.0
RAS,RAS_PRIM_KILLED_INVISILBE,zero_all_widths,0.0,0.0,0.0,,,0.0,0.0,0.0,0.0,0.0,0.0
RAS,RAS_SAMPLE_MASK_GEN_LANE_0_WORKING_CC_L2,zero_all_widths,0.0,0.0,0.0,,,0.0,0.0,0.0,0.0,0.0,0.0
RAS,RAS_SAMPLE_MASK_GEN_LANE_10_WORKING_CC_L2,zero_all_widths,0.0,0.0,0.0,,,0.0,0.0,0.0,0.0,0.0,0.0
RAS,RAS_SAMPLE_MASK_GEN_LANE_11_WORKING_CC_L2,zero_all_widths,0.0,0.0,0.0,,,0.0,0.0,0.0,0.0,0.0,0.0
RAS,RAS_SAMPLE_MASK_GEN_LANE_12_WORKING_CC_L2,zero_all_widths,0.0,0.0,0.0,,,0.0,0.0,0.0,0.0,0.0,0.0
RAS,RAS_SAMPLE_MASK_GEN_LANE_13_WORKING_CC_L2,zero_all_widths,0.0,0.0,0.0,,,0.0,0.0,0.0,0.0,0.0,0.0
RAS,RAS_SAMPLE_MASK_GEN_LANE_14_WORKING_CC_L2,zero_all_widths,0.0,0.0,0.0,,,0.0,0.0,0.0,0.0,0.0,0.0
RAS,RAS_SAMPLE_MASK_GEN_LANE_15_WORKING_CC_L2,zero_all_widths,0.0,0.0,0.0,,,0.0,0.0,0.0,0.0,0.0,0.0
RAS,RAS_SAMPLE_MASK_GEN_LANE_1_WORKING_CC_L2,zero_all_widths,0.0,0.0,0.0,,,0.0,0.0,0.0,0.0,0.0,0.0
RAS,RAS_SAMPLE_MASK_GEN_LANE_2_WORKING_CC_L2,zero_all_widths,0.0,0.0,0.0,,,0.0,0.0,0.0,0.0,0.0,0.0
RAS,RAS_SAMPLE_MASK_GEN_LANE_3_WORKING_CC_L2,zero_all_widths,0.0,0.0,0.0,,,0.0,0.0,0.0,0.0,0.0,0.0
RAS,RAS_SAMPLE_MASK_GEN_LANE_4_WORKING_CC_L2,zero_all_widths,0.0,0.0,0.0,,,0.0,0.0,0.0,0.0,0.0,0.0
RAS,RAS_SAMPLE_MASK_GEN_LANE_5_WORKING_CC_L2,zero_all_widths,0.0,0.0,0.0,,,0.0,0.0,0.0,0.0,0.0,0.0
RAS,RAS_SAMPLE_MASK_GEN_LANE_6_WORKING_CC_L2,zero_all_widths,0.0,0.0,0.0,,,0.0,0.0,0.0,0.0,0.0,0.0
RAS,RAS_SAMPLE_MASK_GEN_LANE_7_WORKING_CC_L2,zero_all_widths,0.0,0.0,0.0,,,0.0,0.0,0.0,0.0,0.0,0.0
RAS,RAS_SAMPLE_MASK_GEN_LANE_8_WORKING_CC_L2,zero_all_widths,0.0,0.0,0.0,,,0.0,0.0,0.0,0.0,0.0,0.0
RAS,RAS_SAMPLE_MASK_GEN_LANE_9_WORKING_CC_L2,zero_all_widths,0.0,0.0,0.0,,,0.0,0.0,0.0,0.0,0.0,0.0
RAS,RAS_SLICE_BLOCK_EMPTY,zero_all_widths,0.0,0.0,0.0,,,0.0,0.0,0.0,0.0,0.0,0.0
RAS,RAS_SLICE_BLOCK_NONEMTPY,zero_all_widths,0.0,0.0,0.0,,,0.0,0.0,0.0,0.0,0.0,0.0
RAS,RAS_STALL_CYCLES_LRZ,zero_all_widths,0.0,0.0,0.0,,,0.0,0.0,0.0,0.0,0.0,0.0
RAS,RAS_STALL_CYCLES_LRZ_PREFETCH,zero_all_widths,0.0,0.0,0.0,,,0.0,0.0,0.0,0.0,0.0,0.0
RAS,RAS_STEGN_STALL_BY_LATENCY_FIFO,zero_all_widths,0.0,0.0,0.0,,,0.0,0.0,0.0,0.0,0.0,0.0
RAS,RAS_SUPERTILE_ACTIVE_CYCLES,zero_all_widths,0.0,0.0,0.0,,,0.0,0.0,0.0,0.0,0.0,0.0
RAS,RAS_SUPER_TILES,zero_all_widths,0.0,0.0,0.0,,,0.0,0.0,0.0,0.0,0.0,0.0
RAS,RAS_TGEN_BOTTLENECK_CYCLES,zero_all_widths,0.0,0.0,0.0,,,0.0,0.0,0.0,0.0,0.0,0.0
RB,RB_2D_ALIVE_CYCLES,zero_all_widths,0.0,0.0,0.0,,,0.0,0.0,0.0,0.0,0.0,0.0
RB,RB_2D_STARVE_CYCLES_SP,zero_all_widths,0.0,0.0,0.0,,,0.0,0.0,0.0,0.0,0.0,0.0
RB,RB_2D_VALID_PIXELS,zero_all_widths,0.0,0.0,0.0,,,0.0,0.0,0.0,0.0,0.0,0.0
RB,RB_3D_PIXELS,zero_all_widths,0.0,0.0,0.0,,,0.0,0.0,0.0,0.0,0.0,0.0
RB,RB_BLENDED_FP16_COMPONENTS,zero_all_widths,0.0,0.0,0.0,,,0.0,0.0,0.0,0.0,0.0,0.0
RB,RB_BLENDED_FP32_COMPONENTS,zero_all_widths,0.0,0.0,0.0,,,0.0,0.0,0.0,0.0,0.0,0.0
RB,RB_BLENDED_FXP_COMPONENTS,zero_all_widths,0.0,0.0,0.0,,,0.0,0.0,0.0,0.0,0.0,0.0
RB,RB_BLENDER_WORKING_CYCLES,zero_all_widths,0.0,0.0,0.0,,,0.0,0.0,0.0,0.0,0.0,0.0
RB,RB_COLOR_PIX_TILES,zero_all_widths,0.0,0.0,0.0,,,0.0,0.0,0.0,0.0,0.0,0.0
RB,RB_C_READ,zero_all_widths,0.0,0.0,0.0,,,0.0,0.0,0.0,0.0,0.0,0.0
RB,RB_C_WRITE,zero_all_widths,0.0,0.0,0.0,,,0.0,0.0,0.0,0.0,0.0,0.0
RB,RB_EARLY_Z_ARB3_GRANT,zero_all_widths,0.0,0.0,0.0,,,0.0,0.0,0.0,0.0,0.0,0.0
RB,RB_EARLY_Z_SKIP_GRANT,zero_all_widths,0.0,0.0,0.0,,,0.0,0.0,0.0,0.0,0.0,0.0
RB,RB_HLSQ_ACTIVE_ATTR,zero_all_widths,0.0,0.0,0.0,,,0.0,0.0,0.0,0.0,0.0,0.0
RB,RB_HLSQ_ACTIVE_INFO,zero_all_widths,0.0,0.0,0.0,,,0.0,0.0,0.0,0.0,0.0,0.0
RB,RB_LATE_Z_ARB3_GRANT,zero_all_widths,0.0,0.0,0.0,,,0.0,0.0,0.0,0.0,0.0,0.0
RB,RB_NEVER_COUNT,zero_all_widths,0.0,0.0,0.0,,,0.0,0.0,0.0,0.0,0.0,0.0
RB,RB_PS_INVOCATIONS,zero_all_widths,0.0,0.0,0.0,,,0.0,0.0,0.0,0.0,0.0,0.0
RB,RB_STALL_CYCLES_CCU,zero_all_widths,0.0,0.0,0.0,,,0.0,0.0,0.0,0.0,0.0,0.0
RB,RB_STALL_CYCLES_CCU_COLOR_READ,zero_all_widths,0.0,0.0,0.0,,,0.0,0.0,0.0,0.0,0.0,0.0
RB,RB_STALL_CYCLES_CCU_COLOR_WRITE,zero_all_widths,0.0,0.0,0.0,,,0.0,0.0,0.0,0.0,0.0,0.0
RB,RB_STALL_CYCLES_CCU_DEPTH_READ,zero_all_widths,0.0,0.0,0.0,,,0.0,0.0,0.0,0.0,0.0,0.0
RB,RB_STALL_CYCLES_CCU_DEPTH_WRITE,zero_all_widths,0.0,0.0,0.0,,,0.0,0.0,0.0,0.0,0.0,0.0
RB,RB_STALL_CYCLES_FIFO0_FULL,zero_all_widths,0.0,0.0,0.0,,,0.0,0.0,0.0,0.0,0.0,0.0
RB,RB_STALL_CYCLES_FIFO1_FULL,zero_all_widths,0.0,0.0,0.0,,,0.0,0.0,0.0,0.0,0.0,0.0
RB,RB_STALL_CYCLES_FIFO2_FULL,zero_all_widths,0.0,0.0,0.0,,,0.0,0.0,0.0,0.0,0.0,0.0
RB,RB_STALL_CYCLES_HLSQ,zero_all_widths,0.0,0.0,0.0,,,0.0,0.0,0.0,0.0,0.0,0.0
RB,RB_STALL_CYCLES_HLSQ_ATTR,zero_all_widths,0.0,0.0,0.0,,,0.0,0.0,0.0,0.0,0.0,0.0
RB,RB_STALL_CYCLES_HLSQ_INFO,zero_all_widths,0.0,0.0,0.0,,,0.0,0.0,0.0,0.0,0.0,0.0
RB,RB_STALL_CYCLES_VPC_BE,zero_all_widths,0.0,0.0,0.0,,,0.0,0.0,0.0,0.0,0.0,0.0
RB,RB_STALL_CYCLES_ZMODE_SWITCH,zero_all_widths,0.0,0.0,0.0,,,0.0,0.0,0.0,0.0,0.0,0.0
RB,RB_STARVE_CYCLES_BARY_PLANE,zero_all_widths,0.0,0.0,0.0,,,0.0,0.0,0.0,0.0,0.0,0.0
RB,RB_STARVE_CYCLES_CCU,zero_all_widths,0.0,0.0,0.0,,,0.0,0.0,0.0,0.0,0.0,0.0
RB,RB_STARVE_CYCLES_SP,zero_all_widths,0.0,0.0,0.0,,,0.0,0.0,0.0,0.0,0.0,0.0
RB,RB_S_FAIL,zero_all_widths,0.0,0.0,0.0,,,0.0,0.0,0.0,0.0,0.0,0.0
RB,RB_TOTAL_PASS,zero_all_widths,0.0,0.0,0.0,,,0.0,0.0,0.0,0.0,0.0,0.0
RB,RB_TOTAL_PASS_PIXELS,zero_all_widths,0.0,0.0,0.0,,,0.0,0.0,0.0,0.0,0.0,0.0
RB,RB_VRS_1X1_QUADS,zero_all_widths,0.0,0.0,0.0,,,0.0,0.0,0.0,0.0,0.0,0.0
RB,RB_VRS_1X2_QUADS,zero_all_widths,0.0,0.0,0.0,,,0.0,0.0,0.0,0.0,0.0,0.0
RB,RB_VRS_2X1_QUADS,zero_all_widths,0.0,0.0,0.0,,,0.0,0.0,0.0,0.0,0.0,0.0
RB,RB_VRS_2X2_QUADS,zero_all_widths,0.0,0.0,0.0,,,0.0,0.0,0.0,0.0,0.0,0.0
RB,RB_VRS_2X4_QUADS,zero_all_widths,0.0,0.0,0.0,,,0.0,0.0,0.0,0.0,0.0,0.0
RB,RB_VRS_4X2_QUADS,zero_all_widths,0.0,0.0,0.0,,,0.0,0.0,0.0,0.0,0.0,0.0
RB,RB_VRS_4X4_QUADS,zero_all_widths,0.0,0.0,0.0,,,0.0,0.0,0.0,0.0,0.0,0.0
RB,RB_Z_FAIL,zero_all_widths,0.0,0.0,0.0,,,0.0,0.0,0.0,0.0,0.0,0.0
RB,RB_Z_PASS,zero_all_widths,0.0,0.0,0.0,,,0.0,0.0,0.0,0.0,0.0,0.0
RB,RB_Z_READ,zero_all_widths,0.0,0.0,0.0,,,0.0,0.0,0.0,0.0,0.0,0.0
RB,RB_Z_WORKLOAD,zero_all_widths,0.0,0.0,0.0,,,0.0,0.0,0.0,0.0,0.0,0.0
RB,RB_Z_WRITE,zero_all_widths,0.0,0.0,0.0,,,0.0,0.0,0.0,0.0,0.0,0.0
RBBM,RBBM_NEVER_COUNT,zero_all_widths,0.0,0.0,0.0,,,0.0,0.0,0.0,0.0,0.0,0.0
RBBM,RBBM_S_HLSQ_BUSY,zero_all_widths,0.0,0.0,0.0,,,0.0,0.0,0.0,0.0,0.0,0.0
RBBM,RBBM_S_PC_BUSY,zero_all_widths,0.0,0.0,0.0,,,0.0,0.0,0.0,0.0,0.0,0.0
RBBM,RBBM_S_RAS_BUSY,zero_all_widths,0.0,0.0,0.0,,,0.0,0.0,0.0,0.0,0.0,0.0
RBBM,RBBM_S_TESS_BUSY,zero_all_widths,0.0,0.0,0.0,,,0.0,0.0,0.0,0.0,0.0,0.0
RBBM,RBBM_S_TSEBE_BUSY,zero_all_widths,0.0,0.0,0.0,,,0.0,0.0,0.0,0.0,0.0,0.0
RBBM,RBBM_S_TSEFE_BUSY,zero_all_widths,0.0,0.0,0.0,,,0.0,0.0,0.0,0.0,0.0,0.0
RBBM,RBBM_US_DCOM_BUSY,zero_all_widths,0.0,0.0,0.0,,,0.0,0.0,0.0,0.0,0.0,0.0
SP,SP_ADDR_LOCK_COUNT,zero_all_widths,0.0,0.0,0.0,,,0.0,0.0,0.0,0.0,0.0,0.0
SP,SP_ALU_DATA_FORWARDING_CYCLES,zero_all_widths,0.0,0.0,0.0,,,0.0,0.0,0.0,0.0,0.0,0.0
SP,SP_ALU_GPR_READ_CYCLES,zero_all_widths,0.0,0.0,0.0,,,0.0,0.0,0.0,0.0,0.0,0.0
SP,SP_ANY_EU_WORKING_LPAC,zero_all_widths,0.0,0.0,0.0,,,0.0,0.0,0.0,0.0,0.0,0.0
SP,SP_BARY_FP32_INSTRUCTIONS,zero_all_widths,0.0,0.0,0.0,,,0.0,0.0,0.0,0.0,0.0,0.0
SP,SP_BYPASS_BUSY_CYCLES,zero_all_widths,0.0,0.0,0.0,,,0.0,0.0,0.0,0.0,0.0,0.0
SP,SP_CCHE_NONUAV_TOTAL_AOM_REQ,zero_all_widths,0.0,0.0,0.0,,,0.0,0.0,0.0,0.0,0.0,0.0
SP,SP_CCHE_UAV_TOTAL_ATOM_REQ,zero_all_widths,0.0,0.0,0.0,,,0.0,0.0,0.0,0.0,0.0,0.0
SP,SP_CS_INVOCATIONS,zero_all_widths,0.0,0.0,0.0,,,0.0,0.0,0.0,0.0,0.0,0.0
SP,SP_DISPATCHER_WORKING_CYCLES,zero_all_widths,0.0,0.0,0.0,,,0.0,0.0,0.0,0.0,0.0,0.0
SP,SP_DS_INSTRUCTIONS,zero_all_widths,0.0,0.0,0.0,,,0.0,0.0,0.0,0.0,0.0,0.0
SP,SP_EXPORT_RB_TRANS,zero_all_widths,0.0,0.0,0.0,,,0.0,0.0,0.0,0.0,0.0,0.0
SP,SP_EXPORT_VPC_TRANS,zero_all_widths,0.0,0.0,0.0,,,0.0,0.0,0.0,0.0,0.0,0.0
SP,SP_FS_INSTRUCTIONS,zero_all_widths,0.0,0.0,0.0,,,0.0,0.0,0.0,0.0,0.0,0.0
SP,SP_FS_OOO_WAVE_ACC,zero_all_widths,0.0,0.0,0.0,,,0.0,0.0,0.0,0.0,0.0,0.0
SP,SP_FS_STAGE_1X_WAVES,zero_all_widths,0.0,0.0,0.0,,,0.0,0.0,0.0,0.0,0.0,0.0
SP,SP_FS_STAGE_2X_WAVES,zero_all_widths,0.0,0.0,0.0,,,0.0,0.0,0.0,0.0,0.0,0.0
SP,SP_FS_STAGE_BARY_INSTRUCTIONS,zero_all_widths,0.0,0.0,0.0,,,0.0,0.0,0.0,0.0,0.0,0.0
SP,SP_FS_STAGE_CFLOW_INSTRUCTIONS,zero_all_widths,0.0,0.0,0.0,,,0.0,0.0,0.0,0.0,0.0,0.0
SP,SP_FS_STAGE_EFU_INSTRUCTIONS,zero_all_widths,0.0,0.0,0.0,,,0.0,0.0,0.0,0.0,0.0,0.0
SP,SP_FS_STAGE_FULL_ALU_INSTRUCTIONS,zero_all_widths,0.0,0.0,0.0,,,0.0,0.0,0.0,0.0,0.0,0.0
SP,SP_FS_STAGE_HALF_ALU_INSTRUCTIONS,zero_all_widths,0.0,0.0,0.0,,,0.0,0.0,0.0,0.0,0.0,0.0
SP,SP_FS_STAGE_HALF_EFU_INSTRUCTIONS,zero_all_widths,0.0,0.0,0.0,,,0.0,0.0,0.0,0.0,0.0,0.0
SP,SP_FS_STAGE_PI_TEX_INSTRUCTION,zero_all_widths,0.0,0.0,0.0,,,0.0,0.0,0.0,0.0,0.0,0.0
SP,SP_FS_STAGE_TEX_INSTRUCTIONS,zero_all_widths,0.0,0.0,0.0,,,0.0,0.0,0.0,0.0,0.0,0.0
SP,SP_FS_WAVE_REQ_PENDING,zero_all_widths,0.0,0.0,0.0,,,0.0,0.0,0.0,0.0,0.0,0.0
SP,SP_FULL_ALU_ADD_INSTRUCTIONS,zero_all_widths,0.0,0.0,0.0,,,0.0,0.0,0.0,0.0,0.0,0.0
SP,SP_FULL_ALU_MAD_INSTRUCTIONS,zero_all_widths,0.0,0.0,0.0,,,0.0,0.0,0.0,0.0,0.0,0.0
SP,SP_FULL_ALU_MUL_INSTRUCTIONS,zero_all_widths,0.0,0.0,0.0,,,0.0,0.0,0.0,0.0,0.0,0.0
SP,SP_GM_ATOMICS,zero_all_widths,0.0,0.0,0.0,,,0.0,0.0,0.0,0.0,0.0,0.0
SP,SP_GM_LOAD_INSTRUCTIONS,zero_all_widths,0.0,0.0,0.0,,,0.0,0.0,0.0,0.0,0.0,0.0
SP,SP_GM_LOAD_LATENCY_CYCLES,zero_all_widths,0.0,0.0,0.0,,,0.0,0.0,0.0,0.0,0.0,0.0
SP,SP_GM_LOAD_LATENCY_SAMPLES,zero_all_widths,0.0,0.0,0.0,,,0.0,0.0,0.0,0.0,0.0,0.0
SP,SP_GM_STORE_INSTRUCTIONS,zero_all_widths,0.0,0.0,0.0,,,0.0,0.0,0.0,0.0,0.0,0.0
SP,SP_GPR_CACHE_SRC0_GPR_CACHE_HIT_RDCNT,zero_all_widths,0.0,0.0,0.0,,,0.0,0.0,0.0,0.0,0.0,0.0
SP,SP_GPR_READ_BANK,zero_all_widths,0.0,0.0,0.0,,,0.0,0.0,0.0,0.0,0.0,0.0
SP,SP_GPR_READ_PREFETCH,zero_all_widths,0.0,0.0,0.0,,,0.0,0.0,0.0,0.0,0.0,0.0
SP,SP_GPR_WRITE_BANK,zero_all_widths,0.0,0.0,0.0,,,0.0,0.0,0.0,0.0,0.0,0.0
SP,SP_GS_INSTRUCTIONS,zero_all_widths,0.0,0.0,0.0,,,0.0,0.0,0.0,0.0,0.0,0.0
SP,SP_HALF_ALU_ADD_INSTRUCTIONS,zero_all_widths,0.0,0.0,0.0,,,0.0,0.0,0.0,0.0,0.0,0.0
SP,SP_HALF_ALU_MAD_INSTRUCTIONS,zero_all_widths,0.0,0.0,0.0,,,0.0,0.0,0.0,0.0,0.0,0.0
SP,SP_HALF_ALU_MUL_INSTRUCTIONS,zero_all_widths,0.0,0.0,0.0,,,0.0,0.0,0.0,0.0,0.0,0.0
SP,SP_HS_INSTRUCTIONS,zero_all_widths,0.0,0.0,0.0,,,0.0,0.0,0.0,0.0,0.0,0.0
SP,SP_ICL1_MISSES,zero_all_widths,0.0,0.0,0.0,,,0.0,0.0,0.0,0.0,0.0,0.0
SP,SP_ICL1_MISS_FETCH_CYCLES,zero_all_widths,0.0,0.0,0.0,,,0.0,0.0,0.0,0.0,0.0,0.0
SP,SP_LB_LDST_RW_LM,zero_all_widths,0.0,0.0,0.0,,,0.0,0.0,0.0,0.0,0.0,0.0
SP,SP_LB_LDST_RW_LM_BLOCKED,zero_all_widths,0.0,0.0,0.0,,,0.0,0.0,0.0,0.0,0.0,0.0
SP,SP_LB_LDST_WRITE_CONS,zero_all_widths,0.0,0.0,0.0,,,0.0,0.0,0.0,0.0,0.0,0.0
SP,SP_LB_LDST_WRITE_CONS_BLOCKED,zero_all_widths,0.0,0.0,0.0,,,0.0,0.0,0.0,0.0,0.0,0.0
SP,SP_LB_READ_ALU_BLOCK_OTHER,zero_all_widths,0.0,0.0,0.0,,,0.0,0.0,0.0,0.0,0.0,0.0
SP,SP_LB_WRITE_VPC_BLOCK_OTHER,zero_all_widths,0.0,0.0,0.0,,,0.0,0.0,0.0,0.0,0.0,0.0
SP,SP_LB_WRITE_XFER_VPC,zero_all_widths,0.0,0.0,0.0,,,0.0,0.0,0.0,0.0,0.0,0.0
SP,SP_LDST_EXECUTION_CYCLES,zero_all_widths,0.0,0.0,0.0,,,0.0,0.0,0.0,0.0,0.0,0.0
SP,SP_LM_ATOMICS,zero_all_widths,0.0,0.0,0.0,,,0.0,0.0,0.0,0.0,0.0,0.0
SP,SP_LM_FULL_CYCLES,zero_all_widths,0.0,0.0,0.0,,,0.0,0.0,0.0,0.0,0.0,0.0
SP,SP_LM_LOAD_INSTRUCTIONS,zero_all_widths,0.0,0.0,0.0,,,0.0,0.0,0.0,0.0,0.0,0.0
SP,SP_LM_STORE_INSTRUCTIONS,zero_all_widths,0.0,0.0,0.0,,,0.0,0.0,0.0,0.0,0.0,0.0
SP,SP_LPAC_BUSY_CYCLES,zero_all_widths,0.0,0.0,0.0,,,0.0,0.0,0.0,0.0,0.0,0.0
SP,SP_LPAC_DRAWCALLS,zero_all_widths,0.0,0.0,0.0,,,0.0,0.0,0.0,0.0,0.0,0.0
SP,SP_LPAC_INSTRUCTIONS,zero_all_widths,0.0,0.0,0.0,,,0.0,0.0,0.0,0.0,0.0,0.0
SP,SP_LPAC_WAVE_REQ_PENDING,zero_all_widths,0.0,0.0,0.0,,,0.0,0.0,0.0,0.0,0.0,0.0
SP,SP_NEVER_COUNT,zero_all_widths,0.0,0.0,0.0,,,0.0,0.0,0.0,0.0,0.0,0.0
SP,SP_OUTPUT_3D_PIXELS,zero_all_widths,0.0,0.0,0.0,,,0.0,0.0,0.0,0.0,0.0,0.0
SP,SP_PIXELS,zero_all_widths,0.0,0.0,0.0,,,0.0,0.0,0.0,0.0,0.0,0.0
SP,SP_PIXELS_KILLED,zero_all_widths,0.0,0.0,0.0,,,0.0,0.0,0.0,0.0,0.0,0.0
SP,SP_PI_WORKING_CYCLES,zero_all_widths,0.0,0.0,0.0,,,0.0,0.0,0.0,0.0,0.0,0.0
SP,SP_PREDICT_INS_COUNT,zero_all_widths,0.0,0.0,0.0,,,0.0,0.0,0.0,0.0,0.0,0.0
SP,SP_PREDICT_INS_DIVERGENCY_COUNT,zero_all_widths,0.0,0.0,0.0,,,0.0,0.0,0.0,0.0,0.0,0.0
SP,SP_PREDICT_NOT_TAKEN,zero_all_widths,0.0,0.0,0.0,,,0.0,0.0,0.0,0.0,0.0,0.0
SP,SP_PREDICT_TAKEN,zero_all_widths,0.0,0.0,0.0,,,0.0,0.0,0.0,0.0,0.0,0.0
SP,SP_QUADS,zero_all_widths,0.0,0.0,0.0,,,0.0,0.0,0.0,0.0,0.0,0.0
SP,SP_RAY_QUERY_INSTRUCTIONS,zero_all_widths,0.0,0.0,0.0,,,0.0,0.0,0.0,0.0,0.0,0.0
SP,SP_RBRT_KICKOFF_DQUADS,zero_all_widths,0.0,0.0,0.0,,,0.0,0.0,0.0,0.0,0.0,0.0
SP,SP_RBRT_KICKOFF_FIBERS,zero_all_widths,0.0,0.0,0.0,,,0.0,0.0,0.0,0.0,0.0,0.0
SP,SP_RESERVED_86,zero_all_widths,0.0,0.0,0.0,,,0.0,0.0,0.0,0.0,0.0,0.0
SP,SP_RTU_BUSY_CYCLES,zero_all_widths,0.0,0.0,0.0,,,0.0,0.0,0.0,0.0,0.0,0.0
SP,SP_RTU_BVH_FETCH_LATENCY_CYCLES,zero_all_widths,0.0,0.0,0.0,,,0.0,0.0,0.0,0.0,0.0,0.0
SP,SP_RTU_BVH_FETCH_LATENCY_SAMPLES,zero_all_widths,0.0,0.0,0.0,,,0.0,0.0,0.0,0.0,0.0,0.0
SP,SP_RTU_L0_HITS,zero_all_widths,0.0,0.0,0.0,,,0.0,0.0,0.0,0.0,0.0,0.0
SP,SP_RTU_L0_HIT_ON_MISS,zero_all_widths,0.0,0.0,0.0,,,0.0,0.0,0.0,0.0,0.0,0.0
SP,SP_RTU_L0_MISSES,zero_all_widths,0.0,0.0,0.0,,,0.0,0.0,0.0,0.0,0.0,0.0
SP,SP_RTU_OPERAND_FETCH_STALL_CYCLES_INS_FIFO,zero_all_widths,0.0,0.0,0.0,,,0.0,0.0,0.0,0.0,0.0,0.0
SP,SP_RTU_OPERAND_FETCH_STALL_CYCLES_L0,zero_all_widths,0.0,0.0,0.0,,,0.0,0.0,0.0,0.0,0.0,0.0
SP,SP_RTU_RAY_BOX_INTERSECTIONS,zero_all_widths,0.0,0.0,0.0,,,0.0,0.0,0.0,0.0,0.0,0.0
SP,SP_RTU_RAY_TRIANGLE_INTERSECTIONS,zero_all_widths,0.0,0.0,0.0,,,0.0,0.0,0.0,0.0,0.0,0.0
SP,SP_RTU_STALL_CYCLES_L0DATA,zero_all_widths,0.0,0.0,0.0,,,0.0,0.0,0.0,0.0,0.0,0.0
SP,SP_RTU_STALL_CYCLES_L0D_IDX_QUEUE,zero_all_widths,0.0,0.0,0.0,,,0.0,0.0,0.0,0.0,0.0,0.0
SP,SP_RTU_STALL_CYCLES_L0_HIT_QUEUE,zero_all_widths,0.0,0.0,0.0,,,0.0,0.0,0.0,0.0,0.0,0.0
SP,SP_RTU_STALL_CYCLES_L0_MISS_QUEUE,zero_all_widths,0.0,0.0,0.0,,,0.0,0.0,0.0,0.0,0.0,0.0
SP,SP_RTU_STALL_CYCLES_MRG_CNT,zero_all_widths,0.0,0.0,0.0,,,0.0,0.0,0.0,0.0,0.0,0.0
SP,SP_RTU_STALL_CYCLES_REPLACE_CNT,zero_all_widths,0.0,0.0,0.0,,,0.0,0.0,0.0,0.0,0.0,0.0
SP,SP_RTU_STALL_CYCLES_UCHE,zero_all_widths,0.0,0.0,0.0,,,0.0,0.0,0.0,0.0,0.0,0.0
SP,SP_RTU_STALL_CYCLES_WAVE_QUEUE,zero_all_widths,0.0,0.0,0.0,,,0.0,0.0,0.0,0.0,0.0,0.0
SP,SP_SCH_MEM_CTRL_WORKING_CYCLES,zero_all_widths,0.0,0.0,0.0,,,0.0,0.0,0.0,0.0,0.0,0.0
SP,SP_SCH_STALL_CYCLES_RTU,zero_all_widths,0.0,0.0,0.0,,,0.0,0.0,0.0,0.0,0.0,0.0
SP,SP_STALL_CYCLES_RB,zero_all_widths,0.0,0.0,0.0,,,0.0,0.0,0.0,0.0,0.0,0.0
SP,SP_STALL_CYCLES_VPC_BE,zero_all_widths,0.0,0.0,0.0,,,0.0,0.0,0.0,0.0,0.0,0.0
SP,SP_STCHE_MISS_INC_BV,zero_all_widths,0.0,0.0,0.0,,,0.0,0.0,0.0,0.0,0.0,0.0
SP,SP_STCHE_MISS_INC_FS,zero_all_widths,0.0,0.0,0.0,,,0.0,0.0,0.0,0.0,0.0,0.0
SP,SP_STCHE_MISS_INC_LPAC,zero_all_widths,0.0,0.0,0.0,,,0.0,0.0,0.0,0.0,0.0,0.0
SP,SP_STCHE_MISS_INC_VS,zero_all_widths,0.0,0.0,0.0,,,0.0,0.0,0.0,0.0,0.0,0.0
SP,SP_TEXTURE_FETCH_LATENCY_CYCLES,zero_all_widths,0.0,0.0,0.0,,,0.0,0.0,0.0,0.0,0.0,0.0
SP,SP_TEXTURE_FETCH_LATENCY_SAMPLES,zero_all_widths,0.0,0.0,0.0,,,0.0,0.0,0.0,0.0,0.0,0.0
SP,SP_TTU_ACTIVE_FIBERS,zero_all_widths,0.0,0.0,0.0,,,0.0,0.0,0.0,0.0,0.0,0.0
SP,SP_TTU_BUSY_CYCLES,zero_all_widths,0.0,0.0,0.0,,,0.0,0.0,0.0,0.0,0.0,0.0
SP,SP_TTU_GPR_RD_CYCLES,zero_all_widths,0.0,0.0,0.0,,,0.0,0.0,0.0,0.0,0.0,0.0
SP,SP_TTU_GPR_RD_REQ,zero_all_widths,0.0,0.0,0.0,,,0.0,0.0,0.0,0.0,0.0,0.0
SP,SP_TTU_GPR_WR_CYCLES,zero_all_widths,0.0,0.0,0.0,,,0.0,0.0,0.0,0.0,0.0,0.0
SP,SP_TTU_INSTRUCTIONS,zero_all_widths,0.0,0.0,0.0,,,0.0,0.0,0.0,0.0,0.0,0.0
SP,SP_UCHE_READ_TRANS,zero_all_widths,0.0,0.0,0.0,,,0.0,0.0,0.0,0.0,0.0,0.0
SP,SP_UCHE_WRITE_TRANS,zero_all_widths,0.0,0.0,0.0,,,0.0,0.0,0.0,0.0,0.0,0.0
SP,SP_VGPR_ACTIVE_CONTEXTS,zero_all_widths,0.0,0.0,0.0,,,0.0,0.0,0.0,0.0,0.0,0.0
SP,SP_VGPR_ALLOC_CONTEXTS,zero_all_widths,0.0,0.0,0.0,,,0.0,0.0,0.0,0.0,0.0,0.0
SP,SP_VS_INSTRUCTIONS,zero_all_widths,0.0,0.0,0.0,,,0.0,0.0,0.0,0.0,0.0,0.0
SP,SP_VS_STAGE_DURATION_CYCLES,zero_all_widths,0.0,0.0,0.0,,,0.0,0.0,0.0,0.0,0.0,0.0
SP,SP_VS_STAGE_EFU_INSTRUCTIONS,zero_all_widths,0.0,0.0,0.0,,,0.0,0.0,0.0,0.0,0.0,0.0
SP,SP_VS_STAGE_FULL_ALU_INSTRUCTIONS,zero_all_widths,0.0,0.0,0.0,,,0.0,0.0,0.0,0.0,0.0,0.0
SP,SP_VS_STAGE_HALF_ALU_INSTRUCTIONS,zero_all_widths,0.0,0.0,0.0,,,0.0,0.0,0.0,0.0,0.0,0.0
SP,SP_VS_STAGE_HALF_EFU_INSTRUCTIONS,zero_all_widths,0.0,0.0,0.0,,,0.0,0.0,0.0,0.0,0.0,0.0
SP,SP_VS_STAGE_TEX_INSTRUCTIONS,zero_all_widths,0.0,0.0,0.0,,,0.0,0.0,0.0,0.0,0.0,0.0
SP,SP_VS_STAGE_WAVE_CYCLES,zero_all_widths,0.0,0.0,0.0,,,0.0,0.0,0.0,0.0,0.0,0.0
SP,SP_VS_STAGE_WAVE_SAMPLES,zero_all_widths,0.0,0.0,0.0,,,0.0,0.0,0.0,0.0,0.0,0.0
SP,SP_VS_WAVE_REQ_PENDING,zero_all_widths,0.0,0.0,0.0,,,0.0,0.0,0.0,0.0,0.0,0.0
SP,SP_WAVE_HWAVE_SYNC,zero_all_widths,0.0,0.0,0.0,,,0.0,0.0,0.0,0.0,0.0,0.0
SP,SP_WAVE_HWAVE_WAIT_CYCLES,zero_all_widths,0.0,0.0,0.0,,,0.0,0.0,0.0,0.0,0.0,0.0
SP,SP_WAVE_INPUT_CYCLES,zero_all_widths,0.0,0.0,0.0,,,0.0,0.0,0.0,0.0,0.0,0.0
SP,SP_WAVE_INT_CYCLES,zero_all_widths,0.0,0.0,0.0,,,0.0,0.0,0.0,0.0,0.0,0.0
SP,SP_WAVE_JOIN_CYCLES,zero_all_widths,0.0,0.0,0.0,,,0.0,0.0,0.0,0.0,0.0,0.0
SP,SP_WAVE_LONG_SYNC_CYCLES,zero_all_widths,0.0,0.0,0.0,,,0.0,0.0,0.0,0.0,0.0,0.0
SP,SP_WAVE_OUTPUT_CYCLES,zero_all_widths,0.0,0.0,0.0,,,0.0,0.0,0.0,0.0,0.0,0.0
SP,SP_WAVE_SHORT_SYNC_CYCLES,zero_all_widths,0.0,0.0,0.0,,,0.0,0.0,0.0,0.0,0.0,0.0
SP,SP_WAVE_SPLIT_CNT,zero_all_widths,0.0,0.0,0.0,,,0.0,0.0,0.0,0.0,0.0,0.0
TP,TP_2D_FILTER_WORKLOAD_16BIT,zero_all_widths,0.0,0.0,0.0,,,0.0,0.0,0.0,0.0,0.0,0.0
TP,TP_2D_FILTER_WORKLOAD_32BIT,zero_all_widths,0.0,0.0,0.0,,,0.0,0.0,0.0,0.0,0.0,0.0
TP,TP_2D_OUTPUT_PIXELS,zero_all_widths,0.0,0.0,0.0,,,0.0,0.0,0.0,0.0,0.0,0.0
TP,TP_2D_OUTPUT_PIXELS_BILINEAR,zero_all_widths,0.0,0.0,0.0,,,0.0,0.0,0.0,0.0,0.0,0.0
TP,TP_2D_OUTPUT_PIXELS_POINT,zero_all_widths,0.0,0.0,0.0,,,0.0,0.0,0.0,0.0,0.0,0.0
TP,TP_BACKEND_WORKING_CYCLES,zero_all_widths,0.0,0.0,0.0,,,0.0,0.0,0.0,0.0,0.0,0.0
TP,TP_DIVERGENT_QUADS_RECEIVED,zero_all_widths,0.0,0.0,0.0,,,0.0,0.0,0.0,0.0,0.0,0.0
TP,TP_FILTER_POINT_FP16,zero_all_widths,0.0,0.0,0.0,,,0.0,0.0,0.0,0.0,0.0,0.0
TP,TP_FILTER_WORKLOAD_16BIT,zero_all_widths,0.0,0.0,0.0,,,0.0,0.0,0.0,0.0,0.0,0.0
TP,TP_FLAG_CACHE_MISSES,zero_all_widths,0.0,0.0,0.0,,,0.0,0.0,0.0,0.0,0.0,0.0
TP,TP_FLAG_CACHE_REQUESTS,zero_all_widths,0.0,0.0,0.0,,,0.0,0.0,0.0,0.0,0.0,0.0
TP,TP_FLAG_FIFO_DELAY_CYCLES,zero_all_widths,0.0,0.0,0.0,,,0.0,0.0,0.0,0.0,0.0,0.0
TP,TP_FLAG_FIFO_DELAY_SAMPLES,zero_all_widths,0.0,0.0,0.0,,,0.0,0.0,0.0,0.0,0.0,0.0
TP,TP_FORMAT_DECOMP_BILINEAR,zero_all_widths,0.0,0.0,0.0,,,0.0,0.0,0.0,0.0,0.0,0.0
TP,TP_FORMAT_DECOMP_POINT,zero_all_widths,0.0,0.0,0.0,,,0.0,0.0,0.0,0.0,0.0,0.0
TP,TP_FRONTEND_WORKING_CYCLES,zero_all_widths,0.0,0.0,0.0,,,0.0,0.0,0.0,0.0,0.0,0.0
TP,TP_L1POINT5_ASTC_DECODER_0_WORKLOAD_R,zero_all_widths,0.0,0.0,0.0,,,0.0,0.0,0.0,0.0,0.0,0.0
TP,TP_L1POINT5_ASTC_DECODER_1_WORKLOAD_R,zero_all_widths,0.0,0.0,0.0,,,0.0,0.0,0.0,0.0,0.0,0.0
TP,TP_L1POINT5_PRE_L1_DECOMP_0_WORKLOAD_R,zero_all_widths,0.0,0.0,0.0,,,0.0,0.0,0.0,0.0,0.0,0.0
TP,TP_L1POINT5_PRE_L1_DECOMP_1_WORKLOAD_R,zero_all_widths,0.0,0.0,0.0,,,0.0,0.0,0.0,0.0,0.0,0.0
TP,TP_L1_5_CACHE_WORKING_CYCLES,zero_all_widths,0.0,0.0,0.0,,,0.0,0.0,0.0,0.0,0.0,0.0
TP,TP_L1_5_COMPRESS_REQS,zero_all_widths,0.0,0.0,0.0,,,0.0,0.0,0.0,0.0,0.0,0.0
TP,TP_L1_5_L2_COMPRESS_MISS,zero_all_widths,0.0,0.0,0.0,,,0.0,0.0,0.0,0.0,0.0,0.0
TP,TP_L1_5_L2_REQUESTS,zero_all_widths,0.0,0.0,0.0,,,0.0,0.0,0.0,0.0,0.0,0.0
TP,TP_L1_BANK_CONFLICT,zero_all_widths,0.0,0.0,0.0,,,0.0,0.0,0.0,0.0,0.0,0.0
TP,TP_L1_DATA_WRITE_WORKING_CYCLES,zero_all_widths,0.0,0.0,0.0,,,0.0,0.0,0.0,0.0,0.0,0.0
TP,TP_L1_MISSES_ASTC_1TILE,zero_all_widths,0.0,0.0,0.0,,,0.0,0.0,0.0,0.0,0.0,0.0
TP,TP_L1_MISSES_ASTC_2TILE,zero_all_widths,0.0,0.0,0.0,,,0.0,0.0,0.0,0.0,0.0,0.0
TP,TP_L1_MISSES_ASTC_4TILE,zero_all_widths,0.0,0.0,0.0,,,0.0,0.0,0.0,0.0,0.0,0.0
TP,TP_L1_TAG_WORKING_CYCLES,zero_all_widths,0.0,0.0,0.0,,,0.0,0.0,0.0,0.0,0.0,0.0
TP,TP_LATENCY_FIFO_FULL,zero_all_widths,0.0,0.0,0.0,,,0.0,0.0,0.0,0.0,0.0,0.0
TP,TP_NEVER_COUNT,zero_all_widths,0.0,0.0,0.0,,,0.0,0.0,0.0,0.0,0.0,0.0
TP,TP_OUTPUT_PIXELS_ANISO,zero_all_widths,0.0,0.0,0.0,,,0.0,0.0,0.0,0.0,0.0,0.0
TP,TP_OUTPUT_PIXELS_BILINEAR,zero_all_widths,0.0,0.0,0.0,,,0.0,0.0,0.0,0.0,0.0,0.0
TP,TP_OUTPUT_PIXELS_MIP,zero_all_widths,0.0,0.0,0.0,,,0.0,0.0,0.0,0.0,0.0,0.0
TP,TP_OUTPUT_PIXELS_POINT,zero_all_widths,0.0,0.0,0.0,,,0.0,0.0,0.0,0.0,0.0,0.0
TP,TP_OUTPUT_PIXELS_ZERO_LOD,zero_all_widths,0.0,0.0,0.0,,,0.0,0.0,0.0,0.0,0.0,0.0
TP,TP_PACKED_POINT_BOTH_VALID_FP16,zero_all_widths,0.0,0.0,0.0,,,0.0,0.0,0.0,0.0,0.0,0.0
TP,TP_PACKED_POINT_BOTH_VALID_FP32,zero_all_widths,0.0,0.0,0.0,,,0.0,0.0,0.0,0.0,0.0,0.0
TP,TP_PACKED_POINT_SINGLE_VALID_FP16,zero_all_widths,0.0,0.0,0.0,,,0.0,0.0,0.0,0.0,0.0,0.0
TP,TP_PACKED_POINT_SINGLE_VALID_FP32,zero_all_widths,0.0,0.0,0.0,,,0.0,0.0,0.0,0.0,0.0,0.0
TP,TP_PARTIAL_SURFACE_PGMEM_MISS_REQ,zero_all_widths,0.0,0.0,0.0,,,0.0,0.0,0.0,0.0,0.0,0.0
TP,TP_PARTIAL_SURFACE_PGMEM_PIXELS,zero_all_widths,0.0,0.0,0.0,,,0.0,0.0,0.0,0.0,0.0,0.0
TP,TP_PARTIAL_SURFACE_SYSMEM_MISS_REQ,zero_all_widths,0.0,0.0,0.0,,,0.0,0.0,0.0,0.0,0.0,0.0
TP,TP_PARTIAL_SURFACE_SYSMEM_PIXELS,zero_all_widths,0.0,0.0,0.0,,,0.0,0.0,0.0,0.0,0.0,0.0
TP,TP_PRE_L1_DECOM_WORKING_CYCLES,zero_all_widths,0.0,0.0,0.0,,,0.0,0.0,0.0,0.0,0.0,0.0
TP,TP_PRT_NON_RESIDENT_EVENTS,zero_all_widths,0.0,0.0,0.0,,,0.0,0.0,0.0,0.0,0.0,0.0
TP,TP_QUADS_1D,zero_all_widths,0.0,0.0,0.0,,,0.0,0.0,0.0,0.0,0.0,0.0
TP,TP_QUADS_2D,zero_all_widths,0.0,0.0,0.0,,,0.0,0.0,0.0,0.0,0.0,0.0
TP,TP_QUADS_3D,zero_all_widths,0.0,0.0,0.0,,,0.0,0.0,0.0,0.0,0.0,0.0
TP,TP_QUADS_ARRAY,zero_all_widths,0.0,0.0,0.0,,,0.0,0.0,0.0,0.0,0.0,0.0
TP,TP_QUADS_CONSTANT_MULTIPLIED,zero_all_widths,0.0,0.0,0.0,,,0.0,0.0,0.0,0.0,0.0,0.0
TP,TP_QUADS_CUBE,zero_all_widths,0.0,0.0,0.0,,,0.0,0.0,0.0,0.0,0.0,0.0
TP,TP_QUADS_GRADIENT,zero_all_widths,0.0,0.0,0.0,,,0.0,0.0,0.0,0.0,0.0,0.0
TP,TP_QUADS_OFFSET,zero_all_widths,0.0,0.0,0.0,,,0.0,0.0,0.0,0.0,0.0,0.0
TP,TP_QUADS_SHADOW,zero_all_widths,0.0,0.0,0.0,,,0.0,0.0,0.0,0.0,0.0,0.0
TP,TP_RESERVED_100,zero_all_widths,0.0,0.0,0.0,,,0.0,0.0,0.0,0.0,0.0,0.0
TP,TP_RESERVED_101,zero_all_widths,0.0,0.0,0.0,,,0.0,0.0,0.0,0.0,0.0,0.0
TP,TP_RESERVED_102,zero_all_widths,0.0,0.0,0.0,,,0.0,0.0,0.0,0.0,0.0,0.0
TP,TP_RESERVED_103,zero_all_widths,0.0,0.0,0.0,,,0.0,0.0,0.0,0.0,0.0,0.0
TP,TP_RESERVED_104,zero_all_widths,0.0,0.0,0.0,,,0.0,0.0,0.0,0.0,0.0,0.0
TP,TP_RESERVED_105,zero_all_widths,0.0,0.0,0.0,,,0.0,0.0,0.0,0.0,0.0,0.0
TP,TP_RESERVED_106,zero_all_widths,0.0,0.0,0.0,,,0.0,0.0,0.0,0.0,0.0,0.0
TP,TP_RESERVED_107,zero_all_widths,0.0,0.0,0.0,,,0.0,0.0,0.0,0.0,0.0,0.0
TP,TP_RESERVED_108,zero_all_widths,0.0,0.0,0.0,,,0.0,0.0,0.0,0.0,0.0,0.0
TP,TP_RESERVED_109,zero_all_widths,0.0,0.0,0.0,,,0.0,0.0,0.0,0.0,0.0,0.0
TP,TP_RESERVED_110,zero_all_widths,0.0,0.0,0.0,,,0.0,0.0,0.0,0.0,0.0,0.0
TP,TP_RESERVED_111,zero_all_widths,0.0,0.0,0.0,,,0.0,0.0,0.0,0.0,0.0,0.0
TP,TP_RESERVED_112,zero_all_widths,0.0,0.0,0.0,,,0.0,0.0,0.0,0.0,0.0,0.0
TP,TP_RESERVED_113,zero_all_widths,0.0,0.0,0.0,,,0.0,0.0,0.0,0.0,0.0,0.0
TP,TP_RESERVED_114,zero_all_widths,0.0,0.0,0.0,,,0.0,0.0,0.0,0.0,0.0,0.0
TP,TP_RESERVED_115,zero_all_widths,0.0,0.0,0.0,,,0.0,0.0,0.0,0.0,0.0,0.0
TP,TP_RESERVED_116,zero_all_widths,0.0,0.0,0.0,,,0.0,0.0,0.0,0.0,0.0,0.0
TP,TP_RESERVED_117,zero_all_widths,0.0,0.0,0.0,,,0.0,0.0,0.0,0.0,0.0,0.0
TP,TP_RESERVED_118,zero_all_widths,0.0,0.0,0.0,,,0.0,0.0,0.0,0.0,0.0,0.0
TP,TP_RESERVED_119,zero_all_widths,0.0,0.0,0.0,,,0.0,0.0,0.0,0.0,0.0,0.0
TP,TP_RESERVED_120,zero_all_widths,0.0,0.0,0.0,,,0.0,0.0,0.0,0.0,0.0,0.0
TP,TP_RESERVED_121,zero_all_widths,0.0,0.0,0.0,,,0.0,0.0,0.0,0.0,0.0,0.0
TP,TP_RESERVED_122,zero_all_widths,0.0,0.0,0.0,,,0.0,0.0,0.0,0.0,0.0,0.0
TP,TP_RESERVED_123,zero_all_widths,0.0,0.0,0.0,,,0.0,0.0,0.0,0.0,0.0,0.0
TP,TP_RESERVED_124,zero_all_widths,0.0,0.0,0.0,,,0.0,0.0,0.0,0.0,0.0,0.0
TP,TP_RESERVED_125,zero_all_widths,0.0,0.0,0.0,,,0.0,0.0,0.0,0.0,0.0,0.0
TP,TP_RESERVED_126,zero_all_widths,0.0,0.0,0.0,,,0.0,0.0,0.0,0.0,0.0,0.0
TP,TP_RESERVED_127,zero_all_widths,0.0,0.0,0.0,,,0.0,0.0,0.0,0.0,0.0,0.0
TP,TP_RESERVED_62,zero_all_widths,0.0,0.0,0.0,,,0.0,0.0,0.0,0.0,0.0,0.0
TP,TP_RESERVED_63,zero_all_widths,0.0,0.0,0.0,,,0.0,0.0,0.0,0.0,0.0,0.0
TP,TP_RESERVED_64,zero_all_widths,0.0,0.0,0.0,,,0.0,0.0,0.0,0.0,0.0,0.0
TP,TP_RESERVED_65,zero_all_widths,0.0,0.0,0.0,,,0.0,0.0,0.0,0.0,0.0,0.0
TP,TP_RESERVED_66,zero_all_widths,0.0,0.0,0.0,,,0.0,0.0,0.0,0.0,0.0,0.0
TP,TP_RESERVED_67,zero_all_widths,0.0,0.0,0.0,,,0.0,0.0,0.0,0.0,0.0,0.0
TP,TP_RESERVED_68,zero_all_widths,0.0,0.0,0.0,,,0.0,0.0,0.0,0.0,0.0,0.0
TP,TP_RESERVED_69,zero_all_widths,0.0,0.0,0.0,,,0.0,0.0,0.0,0.0,0.0,0.0
TP,TP_RESERVED_70,zero_all_widths,0.0,0.0,0.0,,,0.0,0.0,0.0,0.0,0.0,0.0
TP,TP_RESERVED_71,zero_all_widths,0.0,0.0,0.0,,,0.0,0.0,0.0,0.0,0.0,0.0
TP,TP_RESERVED_72,zero_all_widths,0.0,0.0,0.0,,,0.0,0.0,0.0,0.0,0.0,0.0
TP,TP_RESERVED_73,zero_all_widths,0.0,0.0,0.0,,,0.0,0.0,0.0,0.0,0.0,0.0
TP,TP_RESERVED_74,zero_all_widths,0.0,0.0,0.0,,,0.0,0.0,0.0,0.0,0.0,0.0
TP,TP_RESERVED_75,zero_all_widths,0.0,0.0,0.0,,,0.0,0.0,0.0,0.0,0.0,0.0
TP,TP_RESERVED_76,zero_all_widths,0.0,0.0,0.0,,,0.0,0.0,0.0,0.0,0.0,0.0
TP,TP_RESERVED_77,zero_all_widths,0.0,0.0,0.0,,,0.0,0.0,0.0,0.0,0.0,0.0
TP,TP_RESERVED_78,zero_all_widths,0.0,0.0,0.0,,,0.0,0.0,0.0,0.0,0.0,0.0
TP,TP_RESERVED_79,zero_all_widths,0.0,0.0,0.0,,,0.0,0.0,0.0,0.0,0.0,0.0
TP,TP_RESERVED_80,zero_all_widths,0.0,0.0,0.0,,,0.0,0.0,0.0,0.0,0.0,0.0
TP,TP_RESERVED_81,zero_all_widths,0.0,0.0,0.0,,,0.0,0.0,0.0,0.0,0.0,0.0
TP,TP_RESERVED_82,zero_all_widths,0.0,0.0,0.0,,,0.0,0.0,0.0,0.0,0.0,0.0
TP,TP_RESERVED_83,zero_all_widths,0.0,0.0,0.0,,,0.0,0.0,0.0,0.0,0.0,0.0
TP,TP_RESERVED_84,zero_all_widths,0.0,0.0,0.0,,,0.0,0.0,0.0,0.0,0.0,0.0
TP,TP_RESERVED_85,zero_all_widths,0.0,0.0,0.0,,,0.0,0.0,0.0,0.0,0.0,0.0
TP,TP_RESERVED_86,zero_all_widths,0.0,0.0,0.0,,,0.0,0.0,0.0,0.0,0.0,0.0
TP,TP_RESERVED_87,zero_all_widths,0.0,0.0,0.0,,,0.0,0.0,0.0,0.0,0.0,0.0
TP,TP_RESERVED_88,zero_all_widths,0.0,0.0,0.0,,,0.0,0.0,0.0,0.0,0.0,0.0
TP,TP_RESERVED_89,zero_all_widths,0.0,0.0,0.0,,,0.0,0.0,0.0,0.0,0.0,0.0
TP,TP_RESERVED_90,zero_all_widths,0.0,0.0,0.0,,,0.0,0.0,0.0,0.0,0.0,0.0
TP,TP_RESERVED_91,zero_all_widths,0.0,0.0,0.0,,,0.0,0.0,0.0,0.0,0.0,0.0
TP,TP_RESERVED_92,zero_all_widths,0.0,0.0,0.0,,,0.0,0.0,0.0,0.0,0.0,0.0
TP,TP_RESERVED_93,zero_all_widths,0.0,0.0,0.0,,,0.0,0.0,0.0,0.0,0.0,0.0
TP,TP_RESERVED_94,zero_all_widths,0.0,0.0,0.0,,,0.0,0.0,0.0,0.0,0.0,0.0
TP,TP_RESERVED_95,zero_all_widths,0.0,0.0,0.0,,,0.0,0.0,0.0,0.0,0.0,0.0
TP,TP_RESERVED_96,zero_all_widths,0.0,0.0,0.0,,,0.0,0.0,0.0,0.0,0.0,0.0
TP,TP_RESERVED_97,zero_all_widths,0.0,0.0,0.0,,,0.0,0.0,0.0,0.0,0.0,0.0
TP,TP_RESERVED_98,zero_all_widths,0.0,0.0,0.0,,,0.0,0.0,0.0,0.0,0.0,0.0
TP,TP_RESERVED_99,zero_all_widths,0.0,0.0,0.0,,,0.0,0.0,0.0,0.0,0.0,0.0
TP,TP_STALL_CYCLES_UCHE,zero_all_widths,0.0,0.0,0.0,,,0.0,0.0,0.0,0.0,0.0,0.0
TP,TP_STALL_CYCLES_UFC,zero_all_widths,0.0,0.0,0.0,,,0.0,0.0,0.0,0.0,0.0,0.0
TP,TP_STARVE_CYCLES_SP,zero_all_widths,0.0,0.0,0.0,,,0.0,0.0,0.0,0.0,0.0,0.0
TP,TP_STARVE_CYCLES_UCHE,zero_all_widths,0.0,0.0,0.0,,,0.0,0.0,0.0,0.0,0.0,0.0
TP,TP_TOTAL_DECOMP_L1_RESP_CH0,zero_all_widths,0.0,0.0,0.0,,,0.0,0.0,0.0,0.0,0.0,0.0
TP,TP_TOTAL_DECOMP_L1_RESP_CH1,zero_all_widths,0.0,0.0,0.0,,,0.0,0.0,0.0,0.0,0.0,0.0
TSE,TSE_BBOX_WORKING_CYCLE_L1,zero_all_widths,0.0,0.0,0.0,,,0.0,0.0,0.0,0.0,0.0,0.0
TSE,TSE_BE_2D_ALIVE_CYCLES,zero_all_widths,0.0,0.0,0.0,,,0.0,0.0,0.0,0.0,0.0,0.0
TSE,TSE_BE_2D_INPUT_PRIM,zero_all_widths,0.0,0.0,0.0,,,0.0,0.0,0.0,0.0,0.0,0.0
TSE,TSE_BE_BR_STALLS_DUETO_BV_CLIP,zero_all_widths,0.0,0.0,0.0,,,0.0,0.0,0.0,0.0,0.0,0.0
TSE,TSE_BE_BR_STALLS_DUETO_BV_POLY,zero_all_widths,0.0,0.0,0.0,,,0.0,0.0,0.0,0.0,0.0,0.0
TSE,TSE_BE_BV_STALLS_DUETO_BR,zero_all_widths,0.0,0.0,0.0,,,0.0,0.0,0.0,0.0,0.0,0.0
TSE,TSE_BE_BV_STALLS_DUETO_BR_CLIP,zero_all_widths,0.0,0.0,0.0,,,0.0,0.0,0.0,0.0,0.0,0.0
TSE,TSE_BE_BV_STALLS_DUETO_BR_POLY,zero_all_widths,0.0,0.0,0.0,,,0.0,0.0,0.0,0.0,0.0,0.0
TSE,TSE_BE_CINVOCATION,zero_all_widths,0.0,0.0,0.0,,,0.0,0.0,0.0,0.0,0.0,0.0
TSE,TSE_BE_CLIPPED_PRIM,zero_all_widths,0.0,0.0,0.0,,,0.0,0.0,0.0,0.0,0.0,0.0
TSE,TSE_BE_CLIPPING_CYCLES,zero_all_widths,0.0,0.0,0.0,,,0.0,0.0,0.0,0.0,0.0,0.0
TSE,TSE_BE_CLIP_PLANES,zero_all_widths,0.0,0.0,0.0,,,0.0,0.0,0.0,0.0,0.0,0.0
TSE,TSE_BE_CPRIMITIVES,zero_all_widths,0.0,0.0,0.0,,,0.0,0.0,0.0,0.0,0.0,0.0
TSE,TSE_BE_EARLY_CULL_CLIPPED_PRIM,zero_all_widths,0.0,0.0,0.0,,,0.0,0.0,0.0,0.0,0.0,0.0
TSE,TSE_BE_EMPTY_BBOX_KILLED_PRIM,zero_all_widths,0.0,0.0,0.0,,,0.0,0.0,0.0,0.0,0.0,0.0
TSE,TSE_BE_EXCLUDED_PRIM,zero_all_widths,0.0,0.0,0.0,,,0.0,0.0,0.0,0.0,0.0,0.0
TSE,TSE_BE_FACENESS_CULLED_PRIM,zero_all_widths,0.0,0.0,0.0,,,0.0,0.0,0.0,0.0,0.0,0.0
TSE,TSE_BE_ILLEGAL_BOUNDING_BOX_PRIM,zero_all_widths,0.0,0.0,0.0,,,0.0,0.0,0.0,0.0,0.0,0.0
TSE,TSE_BE_INPUT_NULL_PRIM,zero_all_widths,0.0,0.0,0.0,,,0.0,0.0,0.0,0.0,0.0,0.0
TSE,TSE_BE_INPUT_PRIM,zero_all_widths,0.0,0.0,0.0,,,0.0,0.0,0.0,0.0,0.0,0.0
TSE,TSE_BE_OUTPUT_NULL_PRIM,zero_all_widths,0.0,0.0,0.0,,,0.0,0.0,0.0,0.0,0.0,0.0
TSE,TSE_BE_OUTPUT_VISIBLE_PRIM,zero_all_widths,0.0,0.0,0.0,,,0.0,0.0,0.0,0.0,0.0,0.0
TSE,TSE_BE_ST1_VP_PARAMS_CACHE_MISS,zero_all_widths,0.0,0.0,0.0,,,0.0,0.0,0.0,0.0,0.0,0.0
TSE,TSE_BE_ST2_SCISSOR_VP_PARAMS_CACHE_MISS,zero_all_widths,0.0,0.0,0.0,,,0.0,0.0,0.0,0.0,0.0,0.0
TSE,TSE_BE_ST2_VPORT_VP_PARAMS_CACHE_MISS,zero_all_widths,0.0,0.0,0.0,,,0.0,0.0,0.0,0.0,0.0,0.0
TSE,TSE_BE_STALL_CYCLES_LRZ_BARYPLANE,zero_all_widths,0.0,0.0,0.0,,,0.0,0.0,0.0,0.0,0.0,0.0
TSE,TSE_BE_STALL_CYCLES_LRZ_PRIM,zero_all_widths,0.0,0.0,0.0,,,0.0,0.0,0.0,0.0,0.0,0.0
TSE,TSE_BE_STALL_CYCLES_LRZ_ZPLANE,zero_all_widths,0.0,0.0,0.0,,,0.0,0.0,0.0,0.0,0.0,0.0
TSE,TSE_BE_TRIVAL_REJ_PRIM,zero_all_widths,0.0,0.0,0.0,,,0.0,0.0,0.0,0.0,0.0,0.0
TSE,TSE_BE_VP_OUT_IS_NAN,zero_all_widths,0.0,0.0,0.0,,,0.0,0.0,0.0,0.0,0.0,0.0
TSE,TSE_BE_ZERO_AREA_PRIM,zero_all_widths,0.0,0.0,0.0,,,0.0,0.0,0.0,0.0,0.0,0.0
TSE,TSE_BE_ZERO_PIXEL_PRIM,zero_all_widths,0.0,0.0,0.0,,,0.0,0.0,0.0,0.0,0.0,0.0
TSE,TSE_CLIP_CODE_WORKING_CYCLE_L1,zero_all_widths,0.0,0.0,0.0,,,0.0,0.0,0.0,0.0,0.0,0.0
TSE,TSE_CLIP_CTRL_WORKING_CYCLE_L2,zero_all_widths,0.0,0.0,0.0,,,0.0,0.0,0.0,0.0,0.0,0.0
TSE,TSE_CLIP_VP_FADD_0_WORKING_CYCLE_L3,zero_all_widths,0.0,0.0,0.0,,,0.0,0.0,0.0,0.0,0.0,0.0
TSE,TSE_CLIP_VP_FADD_1_WORKING_CYCLE_L3,zero_all_widths,0.0,0.0,0.0,,,0.0,0.0,0.0,0.0,0.0,0.0
TSE,TSE_CLIP_VP_FADD_2_WORKING_CYCLE_L3,zero_all_widths,0.0,0.0,0.0,,,0.0,0.0,0.0,0.0,0.0,0.0
TSE,TSE_CLIP_VP_FADD_WORKING_CYCLE_L2,zero_all_widths,0.0,0.0,0.0,,,0.0,0.0,0.0,0.0,0.0,0.0
TSE,TSE_CLIP_VP_FMUL_0_WORKING_CYCLE_L3,zero_all_widths,0.0,0.0,0.0,,,0.0,0.0,0.0,0.0,0.0,0.0
TSE,TSE_CLIP_VP_FMUL_1_WORKING_CYCLE_L3,zero_all_widths,0.0,0.0,0.0,,,0.0,0.0,0.0,0.0,0.0,0.0
TSE,TSE_CLIP_VP_FMUL_2_WORKING_CYCLE_L3,zero_all_widths,0.0,0.0,0.0,,,0.0,0.0,0.0,0.0,0.0,0.0
TSE,TSE_CLIP_VP_FMUL_3_WORKING_CYCLE_L3,zero_all_widths,0.0,0.0,0.0,,,0.0,0.0,0.0,0.0,0.0,0.0
TSE,TSE_CLIP_VP_FMUL_4_WORKING_CYCLE_L3,zero_all_widths,0.0,0.0,0.0,,,0.0,0.0,0.0,0.0,0.0,0.0
TSE,TSE_CLIP_VP_FMUL_5_WORKING_CYCLE_L3,zero_all_widths,0.0,0.0,0.0,,,0.0,0.0,0.0,0.0,0.0,0.0
TSE,TSE_CLIP_VP_FMUL_WORKING_CYCLE_L2,zero_all_widths,0.0,0.0,0.0,,,0.0,0.0,0.0,0.0,0.0,0.0
TSE,TSE_CLIP_VP_RCP_WORKING_CYCLE_L2,zero_all_widths,0.0,0.0,0.0,,,0.0,0.0,0.0,0.0,0.0,0.0
TSE,TSE_CLIP_WORKING_CYCLE_L1,zero_all_widths,0.0,0.0,0.0,,,0.0,0.0,0.0,0.0,0.0,0.0
TSE,TSE_COMMON_RAM_RD_WORKING_CYCLE_L3,zero_all_widths,0.0,0.0,0.0,,,0.0,0.0,0.0,0.0,0.0,0.0
TSE,TSE_COMMON_RAM_WORKING_CYCLE_L2,zero_all_widths,0.0,0.0,0.0,,,0.0,0.0,0.0,0.0,0.0,0.0
TSE,TSE_COMMON_RAM_WR_WORKING_CYCLE_L3,zero_all_widths,0.0,0.0,0.0,,,0.0,0.0,0.0,0.0,0.0,0.0
TSE,TSE_DET_WORKING_CYCLE_L1,zero_all_widths,0.0,0.0,0.0,,,0.0,0.0,0.0,0.0,0.0,0.0
TSE,TSE_EDGE_SETUP_WORKING_CYCLE_L1,zero_all_widths,0.0,0.0,0.0,,,0.0,0.0,0.0,0.0,0.0,0.0
TSE,TSE_FE_BR_STALLS_DUETO_BV_CLIP,zero_all_widths,0.0,0.0,0.0,,,0.0,0.0,0.0,0.0,0.0,0.0
TSE,TSE_FE_BR_STALLS_DUETO_BV_POLY,zero_all_widths,0.0,0.0,0.0,,,0.0,0.0,0.0,0.0,0.0,0.0
TSE,TSE_FE_BV_STALLS_DUETO_BR,zero_all_widths,0.0,0.0,0.0,,,0.0,0.0,0.0,0.0,0.0,0.0
TSE,TSE_FE_BV_STALLS_DUETO_BR_CLIP,zero_all_widths,0.0,0.0,0.0,,,0.0,0.0,0.0,0.0,0.0,0.0
TSE,TSE_FE_BV_STALLS_DUETO_BR_POLY,zero_all_widths,0.0,0.0,0.0,,,0.0,0.0,0.0,0.0,0.0,0.0
TSE,TSE_FE_CINVOCATION,zero_all_widths,0.0,0.0,0.0,,,0.0,0.0,0.0,0.0,0.0,0.0
TSE,TSE_FE_CLIP_PLANES,zero_all_widths,0.0,0.0,0.0,,,0.0,0.0,0.0,0.0,0.0,0.0
TSE,TSE_FE_CPRIMITIVES,zero_all_widths,0.0,0.0,0.0,,,0.0,0.0,0.0,0.0,0.0,0.0
TSE,TSE_FE_EARLY_CULL_CLIPPED_PRIM,zero_all_widths,0.0,0.0,0.0,,,0.0,0.0,0.0,0.0,0.0,0.0
TSE,TSE_FE_EMPTY_BBOX_KILLED_PRIM,zero_all_widths,0.0,0.0,0.0,,,0.0,0.0,0.0,0.0,0.0,0.0
TSE,TSE_FE_EXCLUDED_PRIM,zero_all_widths,0.0,0.0,0.0,,,0.0,0.0,0.0,0.0,0.0,0.0
TSE,TSE_FE_FACENESS_CULLED_PRIM,zero_all_widths,0.0,0.0,0.0,,,0.0,0.0,0.0,0.0,0.0,0.0
TSE,TSE_FE_ILLEGAL_BOUNDING_BOX_PRIM,zero_all_widths,0.0,0.0,0.0,,,0.0,0.0,0.0,0.0,0.0,0.0
TSE,TSE_FE_INPUT_NULL_PRIM,zero_all_widths,0.0,0.0,0.0,,,0.0,0.0,0.0,0.0,0.0,0.0
TSE,TSE_FE_INPUT_PRIM,zero_all_widths,0.0,0.0,0.0,,,0.0,0.0,0.0,0.0,0.0,0.0
TSE,TSE_FE_OUTPUT_NULL_PRIM,zero_all_widths,0.0,0.0,0.0,,,0.0,0.0,0.0,0.0,0.0,0.0
TSE,TSE_FE_OUTPUT_VISIBLE_PRIM,zero_all_widths,0.0,0.0,0.0,,,0.0,0.0,0.0,0.0,0.0,0.0
TSE,TSE_FE_ST1_VP_PARAMS_CACHE_MISS,zero_all_widths,0.0,0.0,0.0,,,0.0,0.0,0.0,0.0,0.0,0.0
TSE,TSE_FE_ST2_SCISSOR_VP_PARAMS_CACHE_MISS,zero_all_widths,0.0,0.0,0.0,,,0.0,0.0,0.0,0.0,0.0,0.0
TSE,TSE_FE_ST2_VPORT_VP_PARAMS_CACHE_MISS,zero_all_widths,0.0,0.0,0.0,,,0.0,0.0,0.0,0.0,0.0,0.0
TSE,TSE_FE_STALL_CYCLES_VPC_US,zero_all_widths,0.0,0.0,0.0,,,0.0,0.0,0.0,0.0,0.0,0.0
TSE,TSE_FE_TRIVAL_REJ_PRIM,zero_all_widths,0.0,0.0,0.0,,,0.0,0.0,0.0,0.0,0.0,0.0
TSE,TSE_FE_VP_OUT_IS_NAN,zero_all_widths,0.0,0.0,0.0,,,0.0,0.0,0.0,0.0,0.0,0.0
TSE,TSE_FE_ZERO_AREA_PRIM,zero_all_widths,0.0,0.0,0.0,,,0.0,0.0,0.0,0.0,0.0,0.0
TSE,TSE_FE_ZERO_PIXEL_PRIM,zero_all_widths,0.0,0.0,0.0,,,0.0,0.0,0.0,0.0,0.0,0.0
TSE,TSE_INPUT_VERTEX_WORKING_CYCLES,zero_all_widths,0.0,0.0,0.0,,,0.0,0.0,0.0,0.0,0.0,0.0
TSE,TSE_LRZ_Z_INTF_WORKING_CYCLE_L1,zero_all_widths,0.0,0.0,0.0,,,0.0,0.0,0.0,0.0,0.0,0.0
TSE,TSE_NEVER_COUNT,zero_all_widths,0.0,0.0,0.0,,,0.0,0.0,0.0,0.0,0.0,0.0
TSE,TSE_NON_CLIP_WORKING_CYCLES,zero_all_widths,0.0,0.0,0.0,,,0.0,0.0,0.0,0.0,0.0,0.0
TSE,TSE_NULL_WORKING_CYCLES,zero_all_widths,0.0,0.0,0.0,,,0.0,0.0,0.0,0.0,0.0,0.0
TSE,TSE_OUT_PRIM_WORKING_CYCLES,zero_all_widths,0.0,0.0,0.0,,,0.0,0.0,0.0,0.0,0.0,0.0
TSE,TSE_RAS_INTF_WORKING_CYCLE_L1,zero_all_widths,0.0,0.0,0.0,,,0.0,0.0,0.0,0.0,0.0,0.0
TSE,TSE_REG_PROGRAMMING_ONLY_CYCLE_L0,zero_all_widths,0.0,0.0,0.0,,,0.0,0.0,0.0,0.0,0.0,0.0
TSE,TSE_VERTEX_GEN_WORKING_CYCLE_L1,zero_all_widths,0.0,0.0,0.0,,,0.0,0.0,0.0,0.0,0.0,0.0
TSE,TSE_VP0_TRANSFORM_WORKING_CYCLE_L2,zero_all_widths,0.0,0.0,0.0,,,0.0,0.0,0.0,0.0,0.0,0.0
TSE,TSE_VP1_TRANSFORM_WORKING_CYCLE_L2,zero_all_widths,0.0,0.0,0.0,,,0.0,0.0,0.0,0.0,0.0,0.0
TSE,TSE_VP2_TRANSFORM_WORKING_CYCLE_L2,zero_all_widths,0.0,0.0,0.0,,,0.0,0.0,0.0,0.0,0.0,0.0
TSE,TSE_VP_TRANSFORM_WORKING_CYCLE_L1,zero_all_widths,0.0,0.0,0.0,,,0.0,0.0,0.0,0.0,0.0,0.0
TSE,TSE_WORKING_CYCLE_L0,zero_all_widths,0.0,0.0,0.0,,,0.0,0.0,0.0,0.0,0.0,0.0
UCHE,BYPC_FULL,zero_all_widths,0.0,0.0,0.0,,,0.0,0.0,0.0,0.0,0.0,0.0
UCHE,BYPC_FULL_CCHE_STALL,zero_all_widths,0.0,0.0,0.0,,,0.0,0.0,0.0,0.0,0.0,0.0
UCHE,BYPC_VHUB_STALL,zero_all_widths,0.0,0.0,0.0,,,0.0,0.0,0.0,0.0,0.0,0.0
UCHE,BYPD_FULL,zero_all_widths,0.0,0.0,0.0,,,0.0,0.0,0.0,0.0,0.0,0.0
UCHE,BYPD_FULL_GBIF_STALL,zero_all_widths,0.0,0.0,0.0,,,0.0,0.0,0.0,0.0,0.0,0.0
UCHE,CCHE_ATOMIC_PACKING_BEAT_SP_TOTAL,zero_all_widths,0.0,0.0,0.0,,,0.0,0.0,0.0,0.0,0.0,0.0
UCHE,CCHE_ATOMIC_REQUESTS_SP_TOTAL,zero_all_widths,0.0,0.0,0.0,,,0.0,0.0,0.0,0.0,0.0,0.0
UCHE,CCHE_BANK_REQ0,zero_all_widths,0.0,0.0,0.0,,,0.0,0.0,0.0,0.0,0.0,0.0
UCHE,CCHE_BANK_REQ1,zero_all_widths,0.0,0.0,0.0,,,0.0,0.0,0.0,0.0,0.0,0.0
UCHE,CCHE_BANK_REQ10,zero_all_widths,0.0,0.0,0.0,,,0.0,0.0,0.0,0.0,0.0,0.0
UCHE,CCHE_BANK_REQ11,zero_all_widths,0.0,0.0,0.0,,,0.0,0.0,0.0,0.0,0.0,0.0
UCHE,CCHE_BANK_REQ12,zero_all_widths,0.0,0.0,0.0,,,0.0,0.0,0.0,0.0,0.0,0.0
UCHE,CCHE_BANK_REQ13,zero_all_widths,0.0,0.0,0.0,,,0.0,0.0,0.0,0.0,0.0,0.0
UCHE,CCHE_BANK_REQ14,zero_all_widths,0.0,0.0,0.0,,,0.0,0.0,0.0,0.0,0.0,0.0
UCHE,CCHE_BANK_REQ15,zero_all_widths,0.0,0.0,0.0,,,0.0,0.0,0.0,0.0,0.0,0.0
UCHE,CCHE_BANK_REQ2,zero_all_widths,0.0,0.0,0.0,,,0.0,0.0,0.0,0.0,0.0,0.0
UCHE,CCHE_BANK_REQ3,zero_all_widths,0.0,0.0,0.0,,,0.0,0.0,0.0,0.0,0.0,0.0
UCHE,CCHE_BANK_REQ4,zero_all_widths,0.0,0.0,0.0,,,0.0,0.0,0.0,0.0,0.0,0.0
UCHE,CCHE_BANK_REQ5,zero_all_widths,0.0,0.0,0.0,,,0.0,0.0,0.0,0.0,0.0,0.0
UCHE,CCHE_BANK_REQ6,zero_all_widths,0.0,0.0,0.0,,,0.0,0.0,0.0,0.0,0.0,0.0
UCHE,CCHE_BANK_REQ7,zero_all_widths,0.0,0.0,0.0,,,0.0,0.0,0.0,0.0,0.0,0.0
UCHE,CCHE_BANK_REQ8,zero_all_widths,0.0,0.0,0.0,,,0.0,0.0,0.0,0.0,0.0,0.0
UCHE,CCHE_BANK_REQ9,zero_all_widths,0.0,0.0,0.0,,,0.0,0.0,0.0,0.0,0.0,0.0
UCHE,CCHE_BUSY_CYCLES,zero_all_widths,0.0,0.0,0.0,,,0.0,0.0,0.0,0.0,0.0,0.0
UCHE,CCHE_DBANK_CONFLICT,zero_all_widths,0.0,0.0,0.0,,,0.0,0.0,0.0,0.0,0.0,0.0
UCHE,CCHE_DPH_QUEUE_FULL,zero_all_widths,0.0,0.0,0.0,,,0.0,0.0,0.0,0.0,0.0,0.0
UCHE,CCHE_GBANK_REQ0,zero_all_widths,0.0,0.0,0.0,,,0.0,0.0,0.0,0.0,0.0,0.0
UCHE,CCHE_GBANK_REQ1,zero_all_widths,0.0,0.0,0.0,,,0.0,0.0,0.0,0.0,0.0,0.0
UCHE,CCHE_GBANK_REQ2,zero_all_widths,0.0,0.0,0.0,,,0.0,0.0,0.0,0.0,0.0,0.0
UCHE,CCHE_GBANK_REQ3,zero_all_widths,0.0,0.0,0.0,,,0.0,0.0,0.0,0.0,0.0,0.0
UCHE,CCHE_GMEM0_LOCAL_RD_REQUEST,zero_all_widths,0.0,0.0,0.0,,,0.0,0.0,0.0,0.0,0.0,0.0
UCHE,CCHE_GMEM0_LOCAL_WR_REQUEST,zero_all_widths,0.0,0.0,0.0,,,0.0,0.0,0.0,0.0,0.0,0.0
UCHE,CCHE_GMEM0_REMOTE_RD_REQUEST,zero_all_widths,0.0,0.0,0.0,,,0.0,0.0,0.0,0.0,0.0,0.0
UCHE,CCHE_GMEM0_REMOTE_WR_REQUEST,zero_all_widths,0.0,0.0,0.0,,,0.0,0.0,0.0,0.0,0.0,0.0
UCHE,CCHE_GMEM1_LOCAL_RD_REQUEST,zero_all_widths,0.0,0.0,0.0,,,0.0,0.0,0.0,0.0,0.0,0.0
UCHE,CCHE_GMEM1_LOCAL_WR_REQUEST,zero_all_widths,0.0,0.0,0.0,,,0.0,0.0,0.0,0.0,0.0,0.0
UCHE,CCHE_GMEM1_REMOTE_RD_REQUEST,zero_all_widths,0.0,0.0,0.0,,,0.0,0.0,0.0,0.0,0.0,0.0
UCHE,CCHE_GMEM1_REMOTE_WR_REQUEST,zero_all_widths,0.0,0.0,0.0,,,0.0,0.0,0.0,0.0,0.0,0.0
UCHE,CCHE_GMEM_READ_BEATS_SP,zero_all_widths,0.0,0.0,0.0,,,0.0,0.0,0.0,0.0,0.0,0.0
UCHE,CCHE_GMEM_READ_BEATS_TP,zero_all_widths,0.0,0.0,0.0,,,0.0,0.0,0.0,0.0,0.0,0.0
UCHE,CCHE_GMEM_READ_BEATS_VFD,zero_all_widths,0.0,0.0,0.0,,,0.0,0.0,0.0,0.0,0.0,0.0
UCHE,CCHE_GMEM_READ_BEATS_VPC,zero_all_widths,0.0,0.0,0.0,,,0.0,0.0,0.0,0.0,0.0,0.0
UCHE,CCHE_OPH_QUEUE_FULL,zero_all_widths,0.0,0.0,0.0,,,0.0,0.0,0.0,0.0,0.0,0.0
UCHE,CCHE_RAM_READ_REQ,zero_all_widths,0.0,0.0,0.0,,,0.0,0.0,0.0,0.0,0.0,0.0
UCHE,CCHE_RAM_WRITE_REQ,zero_all_widths,0.0,0.0,0.0,,,0.0,0.0,0.0,0.0,0.0,0.0
UCHE,CCHE_READ_REQUESTS_GMEM,zero_all_widths,0.0,0.0,0.0,,,0.0,0.0,0.0,0.0,0.0,0.0
UCHE,CCHE_READ_REQUESTS_LRZ,zero_all_widths,0.0,0.0,0.0,,,0.0,0.0,0.0,0.0,0.0,0.0
UCHE,CCHE_READ_REQUESTS_SP_GBIF,zero_all_widths,0.0,0.0,0.0,,,0.0,0.0,0.0,0.0,0.0,0.0
UCHE,CCHE_READ_REQUESTS_SP_GMEM,zero_all_widths,0.0,0.0,0.0,,,0.0,0.0,0.0,0.0,0.0,0.0
UCHE,CCHE_READ_REQUESTS_SP_TOTAL,zero_all_widths,0.0,0.0,0.0,,,0.0,0.0,0.0,0.0,0.0,0.0
UCHE,CCHE_READ_REQUESTS_SP_UBWC,zero_all_widths,0.0,0.0,0.0,,,0.0,0.0,0.0,0.0,0.0,0.0
UCHE,CCHE_READ_REQUESTS_TP_GBIF,zero_all_widths,0.0,0.0,0.0,,,0.0,0.0,0.0,0.0,0.0,0.0
UCHE,CCHE_READ_REQUESTS_TP_GMEM,zero_all_widths,0.0,0.0,0.0,,,0.0,0.0,0.0,0.0,0.0,0.0
UCHE,CCHE_READ_REQUESTS_TP_TOTAL,zero_all_widths,0.0,0.0,0.0,,,0.0,0.0,0.0,0.0,0.0,0.0
UCHE,CCHE_READ_REQUESTS_TP_UBWC,zero_all_widths,0.0,0.0,0.0,,,0.0,0.0,0.0,0.0,0.0,0.0
UCHE,CCHE_READ_REQUESTS_VFD_TOTAL,zero_all_widths,0.0,0.0,0.0,,,0.0,0.0,0.0,0.0,0.0,0.0
UCHE,CCHE_READ_REQUESTS_VPC,zero_all_widths,0.0,0.0,0.0,,,0.0,0.0,0.0,0.0,0.0,0.0
UCHE,CCHE_READ_REQUEST_VFD_GBIF,zero_all_widths,0.0,0.0,0.0,,,0.0,0.0,0.0,0.0,0.0,0.0
UCHE,CCHE_READ_REQUEST_VFD_GMEM,zero_all_widths,0.0,0.0,0.0,,,0.0,0.0,0.0,0.0,0.0,0.0
UCHE,CCHE_STALL_CYCLES_TP,zero_all_widths,0.0,0.0,0.0,,,0.0,0.0,0.0,0.0,0.0,0.0
UCHE,CCHE_STALL_CYCLES_UCHE,zero_all_widths,0.0,0.0,0.0,,,0.0,0.0,0.0,0.0,0.0,0.0
UCHE,CCHE_TPH_CONFLICT_CL,zero_all_widths,0.0,0.0,0.0,,,0.0,0.0,0.0,0.0,0.0,0.0
UCHE,CCHE_TPH_EXT_FULL,zero_all_widths,0.0,0.0,0.0,,,0.0,0.0,0.0,0.0,0.0,0.0
UCHE,CCHE_TPH_QUEUE_FULL,zero_all_widths,0.0,0.0,0.0,,,0.0,0.0,0.0,0.0,0.0,0.0
UCHE,CCHE_TPH_REF_FULL,zero_all_widths,0.0,0.0,0.0,,,0.0,0.0,0.0,0.0,0.0,0.0
UCHE,CCHE_TPH_VICTIM_FULL,zero_all_widths,0.0,0.0,0.0,,,0.0,0.0,0.0,0.0,0.0,0.0
UCHE,CCHE_UCHE_LATENCY_CYCLES,zero_all_widths,0.0,0.0,0.0,,,0.0,0.0,0.0,0.0,0.0,0.0
UCHE,CCHE_UCHE_LATENCY_SAMPLES,zero_all_widths,0.0,0.0,0.0,,,0.0,0.0,0.0,0.0,0.0,0.0
UCHE,CCHE_UCHE_READ_BEATS_CH0,zero_all_widths,0.0,0.0,0.0,,,0.0,0.0,0.0,0.0,0.0,0.0
UCHE,CCHE_UCHE_READ_BEATS_CH1,zero_all_widths,0.0,0.0,0.0,,,0.0,0.0,0.0,0.0,0.0,0.0
UCHE,CCHE_UCHE_READ_BEATS_LRZ,zero_all_widths,0.0,0.0,0.0,,,0.0,0.0,0.0,0.0,0.0,0.0
UCHE,CCHE_UCHE_READ_BEATS_SP,zero_all_widths,0.0,0.0,0.0,,,0.0,0.0,0.0,0.0,0.0,0.0
UCHE,CCHE_UCHE_READ_BEATS_TP,zero_all_widths,0.0,0.0,0.0,,,0.0,0.0,0.0,0.0,0.0,0.0
UCHE,CCHE_UCHE_READ_BEATS_VFD,zero_all_widths,0.0,0.0,0.0,,,0.0,0.0,0.0,0.0,0.0,0.0
UCHE,CCHE_UCHE_READ_BEATS_VPC,zero_all_widths,0.0,0.0,0.0,,,0.0,0.0,0.0,0.0,0.0,0.0
UCHE,CCHE_UCHE_STALL_WRITE_DATA,zero_all_widths,0.0,0.0,0.0,,,0.0,0.0,0.0,0.0,0.0,0.0
UCHE,CCHE_WACK_QUEUE_FULL,zero_all_widths,0.0,0.0,0.0,,,0.0,0.0,0.0,0.0,0.0,0.0
UCHE,CCHE_WRITE_REQUESTS_GMEM,zero_all_widths,0.0,0.0,0.0,,,0.0,0.0,0.0,0.0,0.0,0.0
UCHE,CCHE_WRITE_REQUESTS_LRZ,zero_all_widths,0.0,0.0,0.0,,,0.0,0.0,0.0,0.0,0.0,0.0
UCHE,CCHE_WRITE_REQUESTS_SP,zero_all_widths,0.0,0.0,0.0,,,0.0,0.0,0.0,0.0,0.0,0.0
UCHE,DHUB_PTABLE_FULL,zero_all_widths,0.0,0.0,0.0,,,0.0,0.0,0.0,0.0,0.0,0.0
UCHE,UCHE_BANK_REQ0,zero_all_widths,0.0,0.0,0.0,,,0.0,0.0,0.0,0.0,0.0,0.0
UCHE,UCHE_BANK_REQ1,zero_all_widths,0.0,0.0,0.0,,,0.0,0.0,0.0,0.0,0.0,0.0
UCHE,UCHE_BANK_REQ2,zero_all_widths,0.0,0.0,0.0,,,0.0,0.0,0.0,0.0,0.0,0.0
UCHE,UCHE_BANK_REQ3,zero_all_widths,0.0,0.0,0.0,,,0.0,0.0,0.0,0.0,0.0,0.0
UCHE,UCHE_BANK_REQ4,zero_all_widths,0.0,0.0,0.0,,,0.0,0.0,0.0,0.0,0.0,0.0
UCHE,UCHE_BANK_REQ5,zero_all_widths,0.0,0.0,0.0,,,0.0,0.0,0.0,0.0,0.0,0.0
UCHE,UCHE_BANK_REQ6,zero_all_widths,0.0,0.0,0.0,,,0.0,0.0,0.0,0.0,0.0,0.0
UCHE,UCHE_CCHE_DPH_CMDPOOL_FULL,zero_all_widths,0.0,0.0,0.0,,,0.0,0.0,0.0,0.0,0.0,0.0
UCHE,UCHE_CCHE_DPH_IO_QUEUE_FULL,zero_all_widths,0.0,0.0,0.0,,,0.0,0.0,0.0,0.0,0.0,0.0
UCHE,UCHE_DBANK_CONFLICT_CL_OTHER_CLIENTS,zero_all_widths,0.0,0.0,0.0,,,0.0,0.0,0.0,0.0,0.0,0.0
UCHE,UCHE_DCMP_LATENCY_CYCLES,zero_all_widths,0.0,0.0,0.0,,,0.0,0.0,0.0,0.0,0.0,0.0
UCHE,UCHE_DCMP_LATENCY_SAMPLES,zero_all_widths,0.0,0.0,0.0,,,0.0,0.0,0.0,0.0,0.0,0.0
UCHE,UCHE_EVICTS,zero_all_widths,0.0,0.0,0.0,,,0.0,0.0,0.0,0.0,0.0,0.0
UCHE,UCHE_EVICTS_LRZ,zero_all_widths,0.0,0.0,0.0,,,0.0,0.0,0.0,0.0,0.0,0.0
UCHE,UCHE_EVICTS_SP,zero_all_widths,0.0,0.0,0.0,,,0.0,0.0,0.0,0.0,0.0,0.0
UCHE,UCHE_GMEM_READ_BEATS,zero_all_widths,0.0,0.0,0.0,,,0.0,0.0,0.0,0.0,0.0,0.0
UCHE,UCHE_GMEM_WRITE_BEATS,zero_all_widths,0.0,0.0,0.0,,,0.0,0.0,0.0,0.0,0.0,0.0
UCHE,UCHE_LONG_LINE_ALL_EVICTS,zero_all_widths,0.0,0.0,0.0,,,0.0,0.0,0.0,0.0,0.0,0.0
UCHE,UCHE_LONG_LINE_PARTIAL_EVICTS,zero_all_widths,0.0,0.0,0.0,,,0.0,0.0,0.0,0.0,0.0,0.0
UCHE,UCHE_NEVER_COUNT,zero_all_widths,0.0,0.0,0.0,,,0.0,0.0,0.0,0.0,0.0,0.0
UCHE,UCHE_READ_REQUESTS_HLSQ,zero_all_widths,0.0,0.0,0.0,,,0.0,0.0,0.0,0.0,0.0,0.0
UCHE,UCHE_READ_REQUESTS_LRZ,zero_all_widths,0.0,0.0,0.0,,,0.0,0.0,0.0,0.0,0.0,0.0
UCHE,UCHE_READ_REQUESTS_PC,zero_all_widths,0.0,0.0,0.0,,,0.0,0.0,0.0,0.0,0.0,0.0
UCHE,UCHE_READ_REQUESTS_SP,zero_all_widths,0.0,0.0,0.0,,,0.0,0.0,0.0,0.0,0.0,0.0
UCHE,UCHE_READ_REQUESTS_TP_GMEM,zero_all_widths,0.0,0.0,0.0,,,0.0,0.0,0.0,0.0,0.0,0.0
UCHE,UCHE_READ_REQUESTS_TP_UBWC,zero_all_widths,0.0,0.0,0.0,,,0.0,0.0,0.0,0.0,0.0,0.0
UCHE,UCHE_READ_REQUESTS_VFD,zero_all_widths,0.0,0.0,0.0,,,0.0,0.0,0.0,0.0,0.0,0.0
UCHE,UCHE_READ_REQUESTS_VFD_BYPASS_BR,zero_all_widths,0.0,0.0,0.0,,,0.0,0.0,0.0,0.0,0.0,0.0
UCHE,UCHE_READ_REQUESTS_VFD_BYPASS_BV,zero_all_widths,0.0,0.0,0.0,,,0.0,0.0,0.0,0.0,0.0,0.0
UCHE,UCHE_READ_REQUESTS_VPC,zero_all_widths,0.0,0.0,0.0,,,0.0,0.0,0.0,0.0,0.0,0.0
UCHE,UCHE_READ_REQUESTS_VPCUS,zero_all_widths,0.0,0.0,0.0,,,0.0,0.0,0.0,0.0,0.0,0.0
UCHE,UCHE_RESERVED_100,zero_all_widths,0.0,0.0,0.0,,,0.0,0.0,0.0,0.0,0.0,0.0
UCHE,UCHE_RESERVED_101,zero_all_widths,0.0,0.0,0.0,,,0.0,0.0,0.0,0.0,0.0,0.0
UCHE,UCHE_RESERVED_102,zero_all_widths,0.0,0.0,0.0,,,0.0,0.0,0.0,0.0,0.0,0.0
UCHE,UCHE_RESERVED_103,zero_all_widths,0.0,0.0,0.0,,,0.0,0.0,0.0,0.0,0.0,0.0
UCHE,UCHE_RESERVED_104,zero_all_widths,0.0,0.0,0.0,,,0.0,0.0,0.0,0.0,0.0,0.0
UCHE,UCHE_RESERVED_105,zero_all_widths,0.0,0.0,0.0,,,0.0,0.0,0.0,0.0,0.0,0.0
UCHE,UCHE_RESERVED_106,zero_all_widths,0.0,0.0,0.0,,,0.0,0.0,0.0,0.0,0.0,0.0
UCHE,UCHE_RESERVED_107,zero_all_widths,0.0,0.0,0.0,,,0.0,0.0,0.0,0.0,0.0,0.0
UCHE,UCHE_RESERVED_108,zero_all_widths,0.0,0.0,0.0,,,0.0,0.0,0.0,0.0,0.0,0.0
UCHE,UCHE_RESERVED_109,zero_all_widths,0.0,0.0,0.0,,,0.0,0.0,0.0,0.0,0.0,0.0
UCHE,UCHE_RESERVED_110,zero_all_widths,0.0,0.0,0.0,,,0.0,0.0,0.0,0.0,0.0,0.0
UCHE,UCHE_RESERVED_111,zero_all_widths,0.0,0.0,0.0,,,0.0,0.0,0.0,0.0,0.0,0.0
UCHE,UCHE_RESERVED_112,zero_all_widths,0.0,0.0,0.0,,,0.0,0.0,0.0,0.0,0.0,0.0
UCHE,UCHE_RESERVED_113,zero_all_widths,0.0,0.0,0.0,,,0.0,0.0,0.0,0.0,0.0,0.0
UCHE,UCHE_RESERVED_114,zero_all_widths,0.0,0.0,0.0,,,0.0,0.0,0.0,0.0,0.0,0.0
UCHE,UCHE_RESERVED_115,zero_all_widths,0.0,0.0,0.0,,,0.0,0.0,0.0,0.0,0.0,0.0
UCHE,UCHE_RESERVED_116,zero_all_widths,0.0,0.0,0.0,,,0.0,0.0,0.0,0.0,0.0,0.0
UCHE,UCHE_RESERVED_117,zero_all_widths,0.0,0.0,0.0,,,0.0,0.0,0.0,0.0,0.0,0.0
UCHE,UCHE_RESERVED_118,zero_all_widths,0.0,0.0,0.0,,,0.0,0.0,0.0,0.0,0.0,0.0
UCHE,UCHE_RESERVED_119,zero_all_widths,0.0,0.0,0.0,,,0.0,0.0,0.0,0.0,0.0,0.0
UCHE,UCHE_RESERVED_120,zero_all_widths,0.0,0.0,0.0,,,0.0,0.0,0.0,0.0,0.0,0.0
UCHE,UCHE_RESERVED_121,zero_all_widths,0.0,0.0,0.0,,,0.0,0.0,0.0,0.0,0.0,0.0
UCHE,UCHE_RESERVED_122,zero_all_widths,0.0,0.0,0.0,,,0.0,0.0,0.0,0.0,0.0,0.0
UCHE,UCHE_RESERVED_123,zero_all_widths,0.0,0.0,0.0,,,0.0,0.0,0.0,0.0,0.0,0.0
UCHE,UCHE_RESERVED_124,zero_all_widths,0.0,0.0,0.0,,,0.0,0.0,0.0,0.0,0.0,0.0
UCHE,UCHE_RESERVED_125,zero_all_widths,0.0,0.0,0.0,,,0.0,0.0,0.0,0.0,0.0,0.0
UCHE,UCHE_RESERVED_126,zero_all_widths,0.0,0.0,0.0,,,0.0,0.0,0.0,0.0,0.0,0.0
UCHE,UCHE_RESERVED_127,zero_all_widths,0.0,0.0,0.0,,,0.0,0.0,0.0,0.0,0.0,0.0
UCHE,UCHE_RESERVED_75,zero_all_widths,0.0,0.0,0.0,,,0.0,0.0,0.0,0.0,0.0,0.0
UCHE,UCHE_RESERVED_76,zero_all_widths,0.0,0.0,0.0,,,0.0,0.0,0.0,0.0,0.0,0.0
UCHE,UCHE_RESERVED_77,zero_all_widths,0.0,0.0,0.0,,,0.0,0.0,0.0,0.0,0.0,0.0
UCHE,UCHE_RESERVED_78,zero_all_widths,0.0,0.0,0.0,,,0.0,0.0,0.0,0.0,0.0,0.0
UCHE,UCHE_RESERVED_79,zero_all_widths,0.0,0.0,0.0,,,0.0,0.0,0.0,0.0,0.0,0.0
UCHE,UCHE_RESERVED_80,zero_all_widths,0.0,0.0,0.0,,,0.0,0.0,0.0,0.0,0.0,0.0
UCHE,UCHE_RESERVED_81,zero_all_widths,0.0,0.0,0.0,,,0.0,0.0,0.0,0.0,0.0,0.0
UCHE,UCHE_RESERVED_82,zero_all_widths,0.0,0.0,0.0,,,0.0,0.0,0.0,0.0,0.0,0.0
UCHE,UCHE_RESERVED_83,zero_all_widths,0.0,0.0,0.0,,,0.0,0.0,0.0,0.0,0.0,0.0
UCHE,UCHE_RESERVED_84,zero_all_widths,0.0,0.0,0.0,,,0.0,0.0,0.0,0.0,0.0,0.0
UCHE,UCHE_RESERVED_85,zero_all_widths,0.0,0.0,0.0,,,0.0,0.0,0.0,0.0,0.0,0.0
UCHE,UCHE_RESERVED_86,zero_all_widths,0.0,0.0,0.0,,,0.0,0.0,0.0,0.0,0.0,0.0
UCHE,UCHE_RESERVED_87,zero_all_widths,0.0,0.0,0.0,,,0.0,0.0,0.0,0.0,0.0,0.0
UCHE,UCHE_RESERVED_88,zero_all_widths,0.0,0.0,0.0,,,0.0,0.0,0.0,0.0,0.0,0.0
UCHE,UCHE_RESERVED_89,zero_all_widths,0.0,0.0,0.0,,,0.0,0.0,0.0,0.0,0.0,0.0
UCHE,UCHE_RESERVED_90,zero_all_widths,0.0,0.0,0.0,,,0.0,0.0,0.0,0.0,0.0,0.0
UCHE,UCHE_RESERVED_91,zero_all_widths,0.0,0.0,0.0,,,0.0,0.0,0.0,0.0,0.0,0.0
UCHE,UCHE_RESERVED_92,zero_all_widths,0.0,0.0,0.0,,,0.0,0.0,0.0,0.0,0.0,0.0
UCHE,UCHE_RESERVED_93,zero_all_widths,0.0,0.0,0.0,,,0.0,0.0,0.0,0.0,0.0,0.0
UCHE,UCHE_RESERVED_94,zero_all_widths,0.0,0.0,0.0,,,0.0,0.0,0.0,0.0,0.0,0.0
UCHE,UCHE_RESERVED_95,zero_all_widths,0.0,0.0,0.0,,,0.0,0.0,0.0,0.0,0.0,0.0
UCHE,UCHE_RESERVED_96,zero_all_widths,0.0,0.0,0.0,,,0.0,0.0,0.0,0.0,0.0,0.0
UCHE,UCHE_RESERVED_97,zero_all_widths,0.0,0.0,0.0,,,0.0,0.0,0.0,0.0,0.0,0.0
UCHE,UCHE_RESERVED_98,zero_all_widths,0.0,0.0,0.0,,,0.0,0.0,0.0,0.0,0.0,0.0
UCHE,UCHE_RESERVED_99,zero_all_widths,0.0,0.0,0.0,,,0.0,0.0,0.0,0.0,0.0,0.0
UCHE,UCHE_STALL_CYCLES_DECMP,zero_all_widths,0.0,0.0,0.0,,,0.0,0.0,0.0,0.0,0.0,0.0
UCHE,UCHE_TPH_CONFLICT_CL_OTHER,zero_all_widths,0.0,0.0,0.0,,,0.0,0.0,0.0,0.0,0.0,0.0
UCHE,UCHE_TPH_REF_FULL,zero_all_widths,0.0,0.0,0.0,,,0.0,0.0,0.0,0.0,0.0,0.0
UCHE,UCHE_TPH_VICTIM_FULL,zero_all_widths,0.0,0.0,0.0,,,0.0,0.0,0.0,0.0,0.0,0.0
UCHE,UCHE_UBWC_READ_BEATS,zero_all_widths,0.0,0.0,0.0,,,0.0,0.0,0.0,0.0,0.0,0.0
UCHE,UCHE_UBWC_WRITE_BEATS,zero_all_widths,0.0,0.0,0.0,,,0.0,0.0,0.0,0.0,0.0,0.0
UCHE,UCHE_VBIF_READ_BEATS_CH0,zero_all_widths,0.0,0.0,0.0,,,0.0,0.0,0.0,0.0,0.0,0.0
UCHE,UCHE_VBIF_READ_BEATS_CH1,zero_all_widths,0.0,0.0,0.0,,,0.0,0.0,0.0,0.0,0.0,0.0
UCHE,UCHE_VBIF_READ_BEATS_HLSQ,zero_all_widths,0.0,0.0,0.0,,,0.0,0.0,0.0,0.0,0.0,0.0
UCHE,UCHE_VBIF_READ_BEATS_LRZ,zero_all_widths,0.0,0.0,0.0,,,0.0,0.0,0.0,0.0,0.0,0.0
UCHE,UCHE_VBIF_READ_BEATS_PC,zero_all_widths,0.0,0.0,0.0,,,0.0,0.0,0.0,0.0,0.0,0.0
UCHE,UCHE_VBIF_READ_BEATS_SP,zero_all_widths,0.0,0.0,0.0,,,0.0,0.0,0.0,0.0,0.0,0.0
UCHE,UCHE_VBIF_READ_BEATS_TP,zero_all_widths,0.0,0.0,0.0,,,0.0,0.0,0.0,0.0,0.0,0.0
UCHE,UCHE_VBIF_READ_BEATS_VFD,zero_all_widths,0.0,0.0,0.0,,,0.0,0.0,0.0,0.0,0.0,0.0
UCHE,UCHE_VBIF_READ_BEATS_VPC,zero_all_widths,0.0,0.0,0.0,,,0.0,0.0,0.0,0.0,0.0,0.0
UCHE,UCHE_VBIF_WRITE_BEATS_CH0,zero_all_widths,0.0,0.0,0.0,,,0.0,0.0,0.0,0.0,0.0,0.0
UCHE,UCHE_VBIF_WRITE_BEATS_CH1,zero_all_widths,0.0,0.0,0.0,,,0.0,0.0,0.0,0.0,0.0,0.0
UCHE,UCHE_WRITE_REQUESTS_LRZ,zero_all_widths,0.0,0.0,0.0,,,0.0,0.0,0.0,0.0,0.0,0.0
UCHE,UCHE_WRITE_REQUESTS_VPC,zero_all_widths,0.0,0.0,0.0,,,0.0,0.0,0.0,0.0,0.0,0.0
UCHE,UCHE_WRITE_REQUESTS_VSC,zero_all_widths,0.0,0.0,0.0,,,0.0,0.0,0.0,0.0,0.0,0.0
UCHE,VHUB_PTABLE_FULL,zero_all_widths,0.0,0.0,0.0,,,0.0,0.0,0.0,0.0,0.0,0.0
VFD,VFDP_STALL_CYCLES_VFD_PROG,zero_all_widths,0.0,0.0,0.0,,,0.0,0.0,0.0,0.0,0.0,0.0
VFD,VFDP_VS_STAGE_WAVES,zero_all_widths,0.0,0.0,0.0,,,0.0,0.0,0.0,0.0,0.0,0.0
VFD,VFD_ATTR_INFO_FIFO_FULL,zero_all_widths,0.0,0.0,0.0,,,0.0,0.0,0.0,0.0,0.0,0.0
VFD,VFD_BOTTLENECK_CYCLES,zero_all_widths,0.0,0.0,0.0,,,0.0,0.0,0.0,0.0,0.0,0.0
VFD,VFD_DECODED_ATTRIBUTE_BYTES,zero_all_widths,0.0,0.0,0.0,,,0.0,0.0,0.0,0.0,0.0,0.0
VFD,VFD_LOWER_SHADER_FIBERS,zero_all_widths,0.0,0.0,0.0,,,0.0,0.0,0.0,0.0,0.0,0.0
VFD,VFD_MODE_0_FIBERS,zero_all_widths,0.0,0.0,0.0,,,0.0,0.0,0.0,0.0,0.0,0.0
VFD,VFD_MODE_1_FIBERS,zero_all_widths,0.0,0.0,0.0,,,0.0,0.0,0.0,0.0,0.0,0.0
VFD,VFD_MODE_2_FIBERS,zero_all_widths,0.0,0.0,0.0,,,0.0,0.0,0.0,0.0,0.0,0.0
VFD,VFD_MODE_3_FIBERS,zero_all_widths,0.0,0.0,0.0,,,0.0,0.0,0.0,0.0,0.0,0.0
VFD,VFD_MODE_4_FIBERS,zero_all_widths,0.0,0.0,0.0,,,0.0,0.0,0.0,0.0,0.0,0.0
VFD,VFD_NEVER_COUNT,zero_all_widths,0.0,0.0,0.0,,,0.0,0.0,0.0,0.0,0.0,0.0
VFD,VFD_NUM_ATTRIBUTES,zero_all_widths,0.0,0.0,0.0,,,0.0,0.0,0.0,0.0,0.0,0.0
VFD,VFD_RBUFFER_FULL,zero_all_widths,0.0,0.0,0.0,,,0.0,0.0,0.0,0.0,0.0,0.0
VFD,VFD_STALL_CYCLES_CBSYNC,zero_all_widths,0.0,0.0,0.0,,,0.0,0.0,0.0,0.0,0.0,0.0
VFD,VFD_STALL_CYCLES_PRG_END_FE,zero_all_widths,0.0,0.0,0.0,,,0.0,0.0,0.0,0.0,0.0,0.0
VFD,VFD_STALL_CYCLES_SP_ATTR,zero_all_widths,0.0,0.0,0.0,,,0.0,0.0,0.0,0.0,0.0,0.0
VFD,VFD_STALL_CYCLES_SP_INFO,zero_all_widths,0.0,0.0,0.0,,,0.0,0.0,0.0,0.0,0.0,0.0
VFD,VFD_STALL_CYCLES_UCHE,zero_all_widths,0.0,0.0,0.0,,,0.0,0.0,0.0,0.0,0.0,0.0
VFD,VFD_STALL_CYCLES_VPC_ALLOC,zero_all_widths,0.0,0.0,0.0,,,0.0,0.0,0.0,0.0,0.0,0.0
VFD,VFD_STARVE_CYCLES_UCHE,zero_all_widths,0.0,0.0,0.0,,,0.0,0.0,0.0,0.0,0.0,0.0
VFD,VFD_TOTAL_VERTICES,zero_all_widths,0.0,0.0,0.0,,,0.0,0.0,0.0,0.0,0.0,0.0
VFD,VFD_UPPER_SHADER_FIBERS,zero_all_widths,0.0,0.0,0.0,,,0.0,0.0,0.0,0.0,0.0,0.0
VFD,VFD_WORKING_CYCLES,zero_all_widths,0.0,0.0,0.0,,,0.0,0.0,0.0,0.0,0.0,0.0
VPC,VPC_BE_BOTTLENECK,zero_all_widths,0.0,0.0,0.0,,,0.0,0.0,0.0,0.0,0.0,0.0
VPC,VPC_BE_CCHE_NUM_POS_REQ,zero_all_widths,0.0,0.0,0.0,,,0.0,0.0,0.0,0.0,0.0,0.0
VPC,VPC_BE_CCHE_REQBUF_FULL,zero_all_widths,0.0,0.0,0.0,,,0.0,0.0,0.0,0.0,0.0,0.0
VPC,VPC_BE_LM_FULL_WAIT_FOR_INTP_END,zero_all_widths,0.0,0.0,0.0,,,0.0,0.0,0.0,0.0,0.0,0.0
VPC,VPC_BE_LM_TRANSACTION,zero_all_widths,0.0,0.0,0.0,,,0.0,0.0,0.0,0.0,0.0,0.0
VPC,VPC_BE_LRZ_ASSIGN_PRIMITIVES,zero_all_widths,0.0,0.0,0.0,,,0.0,0.0,0.0,0.0,0.0,0.0
VPC,VPC_BE_NUM_ATTR_REQ_LM,zero_all_widths,0.0,0.0,0.0,,,0.0,0.0,0.0,0.0,0.0,0.0
VPC,VPC_BE_NUM_LM_REQ_HIT,zero_all_widths,0.0,0.0,0.0,,,0.0,0.0,0.0,0.0,0.0,0.0
VPC,VPC_BE_NUM_PA_REQ,zero_all_widths,0.0,0.0,0.0,,,0.0,0.0,0.0,0.0,0.0,0.0
VPC,VPC_BE_POS_OVERFETCH_ATTR,zero_all_widths,0.0,0.0,0.0,,,0.0,0.0,0.0,0.0,0.0,0.0
VPC,VPC_BE_RB_VISIBLE_PRIMITIVES,zero_all_widths,0.0,0.0,0.0,,,0.0,0.0,0.0,0.0,0.0,0.0
VPC,VPC_BE_STALL_CYCLES_CCHE,zero_all_widths,0.0,0.0,0.0,,,0.0,0.0,0.0,0.0,0.0,0.0
VPC,VPC_BE_STALL_CYCLES_HLSQ_PRIM_ALLOC,zero_all_widths,0.0,0.0,0.0,,,0.0,0.0,0.0,0.0,0.0,0.0
VPC,VPC_BE_STALL_CYCLES_LM_ACK,zero_all_widths,0.0,0.0,0.0,,,0.0,0.0,0.0,0.0,0.0,0.0
VPC,VPC_BE_STALL_CYCLES_PRG_END_VPCPS,zero_all_widths,0.0,0.0,0.0,,,0.0,0.0,0.0,0.0,0.0,0.0
VPC,VPC_BE_STALL_CYCLES_SP_LM,zero_all_widths,0.0,0.0,0.0,,,0.0,0.0,0.0,0.0,0.0,0.0
VPC,VPC_BE_STALL_CYCLES_TSE_BE,zero_all_widths,0.0,0.0,0.0,,,0.0,0.0,0.0,0.0,0.0,0.0
VPC,VPC_BE_STARVE_CYCLES_RB,zero_all_widths,0.0,0.0,0.0,,,0.0,0.0,0.0,0.0,0.0,0.0
VPC,VPC_BE_TSE_BE_PRIMITIVES,zero_all_widths,0.0,0.0,0.0,,,0.0,0.0,0.0,0.0,0.0,0.0
VPC,VPC_BE_TSE_BE_TRANSACTIONS,zero_all_widths,0.0,0.0,0.0,,,0.0,0.0,0.0,0.0,0.0,0.0
VPC,VPC_FE_BOTTLENECK,zero_all_widths,0.0,0.0,0.0,,,0.0,0.0,0.0,0.0,0.0,0.0
VPC,VPC_FE_GMEM_NOP_FULL_CYCLES,zero_all_widths,0.0,0.0,0.0,,,0.0,0.0,0.0,0.0,0.0,0.0
VPC,VPC_FE_GMEM_POS_FULL_CYCLES,zero_all_widths,0.0,0.0,0.0,,,0.0,0.0,0.0,0.0,0.0,0.0
VPC,VPC_FE_GS_PRIMITIVES,zero_all_widths,0.0,0.0,0.0,,,0.0,0.0,0.0,0.0,0.0,0.0
VPC,VPC_FE_NUM_VPCRAM_READ_POS,zero_all_widths,0.0,0.0,0.0,,,0.0,0.0,0.0,0.0,0.0,0.0
VPC,VPC_FE_NUM_VPCRAM_WRITE,zero_all_widths,0.0,0.0,0.0,,,0.0,0.0,0.0,0.0,0.0,0.0
VPC,VPC_FE_NUM_WM_HIT,zero_all_widths,0.0,0.0,0.0,,,0.0,0.0,0.0,0.0,0.0,0.0
VPC,VPC_FE_PC_PRIMITIVES,zero_all_widths,0.0,0.0,0.0,,,0.0,0.0,0.0,0.0,0.0,0.0
VPC,VPC_FE_POSRAM_FULL_CYCLES,zero_all_widths,0.0,0.0,0.0,,,0.0,0.0,0.0,0.0,0.0,0.0
VPC,VPC_FE_SP_COMPONENTS,zero_all_widths,0.0,0.0,0.0,,,0.0,0.0,0.0,0.0,0.0,0.0
VPC,VPC_FE_STALL_CYCLES_CCU,zero_all_widths,0.0,0.0,0.0,,,0.0,0.0,0.0,0.0,0.0,0.0
VPC,VPC_FE_STALL_CYCLES_PRG_END_FE,zero_all_widths,0.0,0.0,0.0,,,0.0,0.0,0.0,0.0,0.0,0.0
VPC,VPC_FE_STALL_CYCLES_PRG_END_VPCVS,zero_all_widths,0.0,0.0,0.0,,,0.0,0.0,0.0,0.0,0.0,0.0
VPC,VPC_FE_STALL_CYCLES_TSE_FE,zero_all_widths,0.0,0.0,0.0,,,0.0,0.0,0.0,0.0,0.0,0.0
VPC,VPC_FE_STALL_CYCLES_VFD_WACK,zero_all_widths,0.0,0.0,0.0,,,0.0,0.0,0.0,0.0,0.0,0.0
VPC,VPC_FE_STALL_CYCLES_VPCRAM_POS,zero_all_widths,0.0,0.0,0.0,,,0.0,0.0,0.0,0.0,0.0,0.0
VPC,VPC_FE_STALL_CYCLES_VPC_US,zero_all_widths,0.0,0.0,0.0,,,0.0,0.0,0.0,0.0,0.0,0.0
VPC,VPC_FE_STALL_DQ_WACK,zero_all_widths,0.0,0.0,0.0,,,0.0,0.0,0.0,0.0,0.0,0.0
VPC,VPC_FE_STARVE_CYCLES_SP,zero_all_widths,0.0,0.0,0.0,,,0.0,0.0,0.0,0.0,0.0,0.0
VPC,VPC_FE_TSE_FE_PRIMITIVES,zero_all_widths,0.0,0.0,0.0,,,0.0,0.0,0.0,0.0,0.0,0.0
VPC,VPC_FE_TSE_FE_TRANSACTIONS,zero_all_widths,0.0,0.0,0.0,,,0.0,0.0,0.0,0.0,0.0,0.0
VPC,VPC_FE_VPCRAM_FULL_CYCLES,zero_all_widths,0.0,0.0,0.0,,,0.0,0.0,0.0,0.0,0.0,0.0
VPC,VPC_FE_WIT_FULL_CYCLES,zero_all_widths,0.0,0.0,0.0,,,0.0,0.0,0.0,0.0,0.0,0.0
VPC,VPC_NEVER_COUNT,zero_all_widths,0.0,0.0,0.0,,,0.0,0.0,0.0,0.0,0.0,0.0
VPC,VPC_RESERVED_42,zero_all_widths,0.0,0.0,0.0,,,0.0,0.0,0.0,0.0,0.0,0.0
VPC,VPC_RESERVED_43,zero_all_widths,0.0,0.0,0.0,,,0.0,0.0,0.0,0.0,0.0,0.0
VPC,VPC_RESERVED_44,zero_all_widths,0.0,0.0,0.0,,,0.0,0.0,0.0,0.0,0.0,0.0
VPC,VPC_US_BOTTLENECK,zero_all_widths,0.0,0.0,0.0,,,0.0,0.0,0.0,0.0,0.0,0.0
VPC,VPC_US_BUSY_CYCLES,zero_all_widths,0.0,0.0,0.0,,,0.0,0.0,0.0,0.0,0.0,0.0
VPC,VPC_US_COMP_INVIS_PRIM_COUNT,zero_all_widths,0.0,0.0,0.0,,,0.0,0.0,0.0,0.0,0.0,0.0
VPC,VPC_US_NUM_GMEM_READ_SO,zero_all_widths,0.0,0.0,0.0,,,0.0,0.0,0.0,0.0,0.0,0.0
VPC,VPC_US_PTUS_FULL,zero_all_widths,0.0,0.0,0.0,,,0.0,0.0,0.0,0.0,0.0,0.0
VPC,VPC_US_STALL_CYCLES_PRG_END_VPCUS,zero_all_widths,0.0,0.0,0.0,,,0.0,0.0,0.0,0.0,0.0,0.0
VPC,VPC_US_STALL_CYCLES_UCHE,zero_all_widths,0.0,0.0,0.0,,,0.0,0.0,0.0,0.0,0.0,0.0
VPC,VPC_US_STALL_CYCLES_VPC_BE,zero_all_widths,0.0,0.0,0.0,,,0.0,0.0,0.0,0.0,0.0,0.0
VPC,VPC_US_STALL_CYCLES_VSC,zero_all_widths,0.0,0.0,0.0,,,0.0,0.0,0.0,0.0,0.0,0.0
VPC,VPC_US_STARVE_CYCLES_UCHE_RD,zero_all_widths,0.0,0.0,0.0,,,0.0,0.0,0.0,0.0,0.0,0.0
VPC,VPC_US_STREAMOUT_TRANSACTION,zero_all_widths,0.0,0.0,0.0,,,0.0,0.0,0.0,0.0,0.0,0.0
VPC,VPC_US_WORKING_CYCLES,zero_all_widths,0.0,0.0,0.0,,,0.0,0.0,0.0,0.0,0.0,0.0
