elapsed_s,CP_SQE_SYNC_STALL,CP_SQE_PM4_WFI_STALL,CP_SQE_SYS_WFI_STALL,CP_WAIT_ON_OTHER_PIPE,CP_OUTPUT_BLOCKED,CP_SQE_T4_EXEC,CP_SQE_LOAD_STATE_EXEC,CP_SQE_SAVE_SDS_STATE,CP_SQE_DRAW_EXEC,CP_SQE_CTXT_REG_BUNCH_EXEC,CP_SQE_EXEC_PROFILED,CP_MEMORY_POOL_EMPTY,CP_MEMORY_POOL_SYNC_STALL,CP_MEMORY_POOL_ABOVE_THRESH
0.001103,0,0,0,0,0,0,0,0,0,0,93752,93619,0,0
0.002892,0,0,0,0,0,0,0,0,0,0,92398,92236,0,0
0.004534,0,0,0,0,0,0,0,0,0,0,78948,77770,0,0
0.006093,0,0,0,0,0,0,0,0,0,0,88516,89411,0,0
0.007748,0,0,0,0,0,0,0,0,0,0,91825,91680,0,0
0.009409,0,0,0,0,0,0,0,0,0,0,91717,91588,0,0
0.011051,0,0,0,0,0,0,0,0,0,0,90571,90434,0,0
0.012688,0,0,0,0,0,0,0,0,0,0,103031,102808,0,0
0.014392,0,0,0,0,0,0,0,0,0,0,88342,88165,0,0
0.016001,0,0,0,0,0,0,0,0,0,0,87916,87787,0,0
0.017615,0,0,0,0,0,0,0,0,0,0,104090,104720,0,0
0.019350,0,0,0,0,0,0,0,0,0,0,89913,88957,0,0
0.021035,0,0,0,0,0,0,0,0,0,0,101340,101024,0,0
0.022711,0,0,0,0,0,0,0,0,0,0,103187,103184,0,0
0.024436,0,0,0,0,0,0,0,0,0,0,105438,105167,0,0
0.026210,0,0,0,0,0,0,0,0,0,0,101608,101471,0,0
0.027844,0,0,0,0,0,0,0,0,0,0,100939,100784,0,0
0.029503,0,0,0,0,0,0,0,0,0,0,114502,116674,0,0
0.031350,0,0,0,0,0,0,0,0,0,0,95455,91757,0,0
0.032849,0,0,0,0,0,0,0,0,0,0,81507,81078,0,0
0.034321,0,0,0,0,0,0,0,0,0,0,80921,80768,0,0
0.035791,0,0,0,0,0,0,0,0,0,0,81104,80996,0,0
0.037309,0,0,0,0,0,0,0,0,0,0,67121,67086,0,0
0.038718,0,0,0,0,0,0,0,0,0,0,67687,67549,0,0
0.040124,0,0,0,0,0,0,0,0,0,0,67472,67302,0,0
0.041537,0,0,0,0,0,0,0,0,0,0,66866,66728,0,0
0.042936,0,0,0,0,0,0,0,0,0,0,67381,67247,0,0
0.044340,0,0,0,0,0,0,0,0,0,0,68416,68278,0,0
0.045750,0,0,0,0,0,0,0,0,0,0,76332,76216,0,0
0.047267,0,0,0,0,0,0,0,0,0,0,68223,68070,0,0
0.048674,0,0,0,0,0,0,0,0,0,0,67320,67173,0,0
0.050074,0,0,0,0,0,0,0,0,0,0,67063,66937,0,0
0.051475,0,0,0,0,0,0,0,0,0,0,67508,67359,0,0
0.052891,0,0,0,0,0,0,0,0,0,0,67996,67858,0,0
0.054373,669,14,101,0,0,0,0,0,0,0,132059,136809,104,76
0.056066,0,0,0,0,0,0,0,0,0,0,68733,68623,0,0
0.057494,0,0,0,0,0,0,0,0,0,0,68668,68540,0,0
0.058911,0,0,0,0,0,0,0,0,0,0,67743,67567,0,0
0.060319,0,0,0,0,0,0,0,0,0,0,67373,67237,0,0
0.061772,0,0,0,0,0,0,0,0,0,0,68619,68505,0,0
0.063208,0,0,0,0,0,0,0,0,0,0,67771,67613,0,0
0.064613,580,0,313,0,0,34,0,9,0,18,82734,135612,34678,40199
0.066017,318,14,119506,0,0,123,0,6,0,0,471385,478154,98599,93151
0.067410,0,0,0,0,0,0,0,0,0,0,476636,476527,0,0
0.068870,0,0,0,0,0,0,0,0,0,0,497668,497448,0,0
0.070337,0,0,0,0,0,0,0,0,0,0,463085,462908,0,0
0.071782,0,0,0,0,0,0,0,0,0,0,464170,464091,0,0
0.073225,0,0,0,0,0,0,0,0,0,0,460260,460029,0,0
0.074678,0,0,0,0,0,0,0,0,0,0,474071,473859,0,0
0.076119,0,0,0,0,0,0,0,0,0,0,458358,458188,0,0
0.077609,0,0,0,0,0,0,0,0,0,0,474371,474098,0,0
0.079047,0,0,0,0,0,0,0,0,0,0,477503,477240,0,0
0.080501,0,0,0,0,0,0,0,0,0,0,470226,469993,0,0
0.081937,0,0,0,0,0,0,0,0,0,0,447302,447138,0,0
0.083367,0,0,0,0,0,0,0,0,0,0,450133,449922,0,0
0.084810,0,0,0,0,0,0,0,0,0,0,505288,505114,0,0
0.086914,0,0,0,0,0,0,0,0,0,0,1716465,1716310,0,0
0.089535,0,0,0,0,0,0,0,0,0,0,894116,893867,0,0
0.092658,0,0,0,0,0,0,0,0,0,0,530170,529572,0,0
0.094161,0,0,0,0,0,0,0,0,0,0,470060,474676,0,0
0.095586,0,0,0,0,0,0,0,0,0,0,464336,460036,0,0
0.096956,0,0,0,0,0,0,0,0,0,0,458348,457462,0,0
0.098379,0,0,0,0,0,0,0,0,0,0,443993,443799,0,0
0.099792,0,0,0,0,0,0,0,0,0,0,445286,445110,0,0
0.101235,0,0,0,0,0,0,0,0,0,0,468052,468239,0,0
0.102671,0,0,0,0,0,0,0,0,0,0,478502,478324,0,0
0.104108,0,0,0,0,0,0,0,0,0,0,451211,451019,0,0
0.105542,0,0,0,0,0,0,0,0,0,0,468680,468471,0,0
0.106988,0,0,0,0,0,0,0,0,0,0,472482,472286,0,0
0.108431,0,0,0,0,0,0,0,0,0,0,458922,458749,0,0
0.109907,0,0,0,0,0,0,0,0,0,0,476505,476292,0,0
0.111351,0,0,0,0,0,0,0,0,0,0,457630,457437,0,0
0.112792,0,0,0,0,0,0,0,0,0,0,455561,455368,0,0
0.114233,0,0,0,0,0,0,0,0,0,0,536212,536019,0,0
0.115873,0,0,0,0,0,0,0,0,0,0,484781,484588,0,0
0.117409,0,0,0,0,0,0,0,0,0,0,475338,475154,0,0
0.118861,0,0,0,0,0,0,0,0,0,0,463832,463641,0,0
0.120305,0,0,0,0,0,0,0,0,0,0,459326,459120,0,0
0.121746,0,0,0,0,0,0,0,0,0,0,475879,475686,0,0
0.123191,0,0,0,0,0,0,0,0,0,0,460561,460384,0,0
0.124631,0,0,0,0,0,0,0,0,0,0,552617,552423,0,0
0.126291,0,0,0,0,0,0,0,0,0,0,485879,485668,0,0
0.127786,0,0,0,0,0,0,0,0,0,0,474761,474569,0,0
0.129233,0,0,0,0,0,0,0,0,0,0,484486,484276,0,0
0.130679,0,0,0,0,0,0,0,0,0,0,458886,458721,0,0
0.132116,0,0,0,0,0,0,0,0,0,0,453284,453108,0,0
0.133592,0,0,0,0,0,0,0,0,0,0,470517,470312,0,0
0.135031,0,0,0,0,0,0,0,0,0,0,472600,472408,0,0
0.136703,0,0,0,0,0,0,0,0,0,0,481174,480962,0,0
0.138322,0,0,0,0,0,0,0,0,0,0,485543,485363,0,0
0.139927,0,0,0,0,0,0,0,0,0,0,483975,483784,0,0
0.141573,0,0,0,0,0,0,0,0,0,0,484914,484724,0,0
0.143051,0,0,0,0,0,0,0,0,0,0,473360,473149,0,0
0.144627,0,0,0,0,0,0,0,0,0,0,483924,483743,0,0
0.146232,0,0,0,0,0,0,0,0,0,0,4469463,4469270,0,0
0.151362,0,0,0,0,0,0,0,0,0,0,470715,470597,0,0
0.152809,0,0,0,0,0,0,0,0,0,0,459470,459201,0,0
0.154248,0,0,0,0,0,0,0,0,0,0,455257,455113,0,0
0.155687,0,0,0,0,0,0,0,0,0,0,451550,451316,0,0
0.157157,0,0,0,0,0,0,0,0,0,0,469728,469532,0,0
0.158595,0,0,0,0,0,0,0,0,0,0,459302,459093,0,0
0.160037,0,0,0,0,0,0,0,0,0,0,458687,458503,0,0
0.161495,0,0,0,0,0,0,0,0,0,0,474298,474112,0,0
0.162938,0,0,0,0,0,0,0,0,0,0,457821,457629,0,0
0.164378,0,0,0,0,0,0,0,0,0,0,483891,483752,0,0
0.165853,0,0,0,0,0,0,0,0,0,0,473484,473263,0,0
0.167293,0,0,0,0,0,0,0,0,0,0,452102,451882,0,0
0.168727,0,0,0,0,0,0,0,0,0,0,470663,470471,0,0
0.170144,0,0,0,0,0,0,0,0,0,0,472459,472259,0,0
0.171596,0,0,0,0,0,0,0,0,0,0,471520,471389,0,0
0.173069,0,0,0,0,0,0,0,0,0,0,544547,544297,0,0
0.174708,0,0,0,0,0,0,0,0,0,0,485545,485352,0,0
0.176314,0,0,0,0,0,0,0,0,0,0,483915,483707,0,0
0.177918,0,0,0,0,0,0,0,0,0,0,490466,490273,0,0
0.179542,0,0,0,0,0,0,0,0,0,0,499248,499068,0,0
0.181039,0,0,0,0,0,0,0,0,0,0,477091,476903,0,0
0.182521,0,0,0,0,0,0,0,0,0,0,505854,505774,0,0
0.183963,0,0,0,0,0,0,0,0,0,0,472212,471931,0,0
0.185355,0,0,0,0,0,0,0,0,0,0,468856,468647,0,0
0.186794,0,0,0,0,0,0,0,0,0,0,461279,461068,0,0
0.188189,0,0,0,0,0,0,0,0,0,0,471857,471666,0,0
0.189635,0,0,0,0,0,0,0,0,0,0,463785,463194,0,0
0.191039,0,0,0,0,0,0,0,0,0,0,451334,451144,0,0
0.192402,0,0,0,0,0,0,0,0,0,0,449496,449291,0,0
0.193772,0,0,0,0,0,0,0,0,0,0,456365,462263,0,0
0.195198,0,0,0,0,0,0,0,0,0,0,460952,454770,0,0
0.196561,0,0,0,0,0,0,0,0,0,0,449614,449334,0,0
0.197918,0,0,0,0,0,0,0,0,0,0,443560,443820,0,0
0.199263,0,0,0,0,0,0,0,0,0,0,439492,438596,0,0
0.200604,0,0,0,0,0,0,0,0,0,0,437746,437551,0,0
0.201944,0,0,0,0,0,0,0,0,0,0,443365,443174,0,0
0.203290,0,0,0,0,0,0,0,0,0,0,437793,437587,0,0
0.204638,0,0,0,0,0,0,0,0,0,0,443307,443115,0,0
0.205967,0,0,0,0,0,0,0,0,0,0,527696,526881,0,0
0.207369,0,0,0,0,0,0,0,0,0,0,525966,525790,0,0
0.208769,0,0,0,0,0,0,0,0,0,0,415647,415426,0,0
0.210061,0,0,0,0,0,0,0,0,0,0,415746,415541,0,0
0.211352,0,0,0,0,0,0,0,0,0,0,523367,524981,0,0
0.212755,0,0,0,0,0,0,0,0,0,0,423467,421506,0,0
0.214084,0,0,0,0,0,0,0,0,0,0,472243,473309,0,0
0.215489,0,0,0,0,0,0,0,0,0,0,471455,471267,0,0
0.216883,0,0,0,0,0,0,0,0,0,0,481206,481190,0,0
0.218285,0,0,0,0,0,0,0,0,0,0,478073,477830,0,0
0.219681,0,0,0,0,0,0,0,0,0,0,473441,473142,0,0
0.221092,0,0,0,0,0,0,0,0,0,0,488019,487795,0,0
0.224057,0,0,0,0,0,0,0,0,0,0,514846,514657,0,0
0.225579,0,0,0,0,0,0,0,0,0,0,507549,507456,0,0
0.227342,0,0,0,0,0,0,0,0,0,0,486087,486015,0,0
0.228823,0,0,0,0,0,0,0,0,0,0,527196,526785,0,0
0.230313,0,0,0,0,0,0,0,0,0,0,454410,454343,0,0
0.231754,0,0,0,0,0,0,0,0,0,0,462729,462404,0,0
0.233194,0,0,0,0,0,0,0,0,0,0,454298,454155,0,0
0.234788,0,0,0,0,0,0,0,0,0,0,580257,582821,0,0
0.236261,767,14,352,0,0,0,0,0,0,0,864639,881884,555,534
0.237668,0,0,0,0,0,0,0,0,0,0,416989,416777,0,0
0.239036,0,0,0,0,0,0,0,0,0,0,474419,481764,0,0
0.240443,0,0,0,0,0,0,0,0,0,0,479923,473528,0,0
0.241839,0,0,0,0,0,0,0,0,0,0,541669,541475,0,0
0.243296,0,0,0,0,0,0,0,0,0,0,473852,473661,0,0
0.244693,0,0,0,0,0,0,0,0,0,0,507456,507599,0,0
0.246109,766,14,120737,0,0,157,0,15,0,18,682978,698074,113064,113112
0.247382,0,0,0,0,0,0,0,0,0,0,475202,477713,0,0
0.248780,0,0,0,0,0,0,0,0,0,0,471169,469481,0,0
0.250178,0,0,0,0,0,0,0,0,0,0,481064,481048,0,0
0.251578,0,0,0,0,0,0,0,0,0,0,479660,479406,0,0
0.252997,0,0,0,0,0,0,0,0,0,0,486853,486820,0,0
0.254480,0,0,0,0,0,0,0,0,0,0,504157,503757,0,0
0.255944,0,0,0,0,0,0,0,0,0,0,474199,474174,0,0
0.257400,0,0,0,0,0,0,0,0,0,0,473771,473526,0,0
0.258846,0,0,0,0,0,0,0,0,0,0,466009,465850,0,0
0.260290,0,0,0,0,0,0,0,0,0,0,452241,451844,0,0
0.261745,0,0,0,0,0,0,0,0,0,0,588551,588282,0,0
0.263294,0,0,0,0,0,0,0,0,0,0,570977,570785,0,0
0.264831,0,0,0,0,0,0,0,0,0,0,450780,450600,0,0
0.270129,0,0,0,0,0,0,0,0,0,0,505920,505712,0,0
0.271624,0,0,0,0,0,0,0,0,0,0,471153,470949,0,0
0.273024,0,0,0,0,0,0,0,0,0,0,468719,468554,0,0
0.274462,0,0,0,0,0,0,0,0,0,0,455918,455694,0,0
0.275854,0,0,0,0,0,0,0,0,0,0,471188,470998,0,0
0.277288,0,0,0,0,0,0,0,0,0,0,471569,471376,0,0
0.278682,0,0,0,0,0,0,0,0,0,0,470299,470131,0,0
0.280073,0,0,0,0,0,0,0,0,0,0,471243,471051,0,0
0.281463,0,0,0,0,0,0,0,0,0,0,471123,470916,0,0
0.282866,0,0,0,0,0,0,0,0,0,0,480458,480264,0,0
0.284257,0,0,0,0,0,0,0,0,0,0,473341,473177,0,0
0.285770,0,0,0,0,0,0,0,0,0,0,531129,530917,0,0
0.287295,0,0,0,0,0,0,0,0,0,0,477328,477123,0,0
0.288742,0,0,0,0,0,0,0,0,0,0,449146,448952,0,0
0.290183,0,0,0,0,0,0,0,0,0,0,473950,473770,0,0
0.291627,0,0,0,0,0,0,0,0,0,0,458612,458407,0,0
0.293118,0,0,0,0,0,0,0,0,0,0,472943,472766,0,0
0.294560,0,0,0,0,0,0,0,0,0,0,483018,482822,0,0
0.296000,0,0,0,0,0,0,0,0,0,0,458161,457955,0,0
0.297441,0,0,0,0,0,0,0,0,0,0,435944,435752,0,0
0.298993,0,0,0,0,0,0,0,0,0,0,496524,496347,0,0
0.300597,0,0,0,0,0,0,0,0,0,0,496487,496288,0,0
0.302203,0,0,0,0,0,0,0,0,0,0,487600,487412,0,0
0.303823,0,0,0,0,0,0,0,0,0,0,486038,485841,0,0
0.305427,0,0,0,0,0,0,0,0,0,0,485786,485600,0,0
0.307032,0,0,0,0,0,0,0,0,0,0,485173,484945,0,0
0.308638,0,0,0,0,0,0,0,0,0,0,533367,533189,0,0
0.310288,0,0,0,0,0,0,0,0,0,0,487007,486901,0,0
0.311894,0,0,0,0,0,0,0,0,0,0,485979,485710,0,0
0.313497,0,0,0,0,0,0,0,0,0,0,483671,483468,0,0
0.315115,0,0,0,0,0,0,0,0,0,0,485414,485237,0,0
0.316721,0,0,0,0,0,0,0,0,0,0,533559,533456,0,0
0.318371,0,0,0,0,0,0,0,0,0,0,485591,485304,0,0
0.319978,0,0,0,0,0,0,0,0,0,0,485873,485668,0,0
0.321582,0,0,0,0,0,0,0,0,0,0,484693,484518,0,0
0.323139,0,0,0,0,0,0,0,0,0,0,472469,472259,0,0
0.324715,0,0,0,0,0,0,0,0,0,0,532695,532518,0,0
0.326256,0,0,0,0,0,0,0,0,0,0,445810,445375,0,0
0.327832,0,0,0,0,0,0,0,0,0,0,463923,463733,0,0
0.329435,0,0,0,0,0,0,0,0,0,0,465408,465223,0,0
0.330914,0,0,0,0,0,0,0,0,0,0,453379,453198,0,0
0.332491,0,0,0,0,0,0,0,0,0,0,464064,463846,0,0
0.334100,0,0,0,0,0,0,0,0,0,0,464499,464410,0,0
0.335707,0,0,0,0,0,0,0,0,0,0,473332,473134,0,0
0.337324,0,0,0,0,0,0,0,0,0,0,465066,464795,0,0
0.338929,0,0,0,0,0,0,0,0,0,0,466598,466434,0,0
0.340535,0,0,0,0,0,0,0,0,0,0,465338,465151,0,0
0.342143,0,0,0,0,0,0,0,0,0,0,465303,465122,0,0
0.343749,0,0,0,0,0,0,0,0,0,0,464406,464204,0,0
0.345353,0,0,0,0,0,0,0,0,0,0,464780,464608,0,0
0.346959,0,0,0,0,0,0,0,0,0,0,465851,465665,0,0
0.348577,0,0,0,0,0,0,0,0,0,0,464606,464421,0,0
0.350185,0,0,0,0,0,0,0,0,0,0,464261,464057,0,0
0.351790,0,0,0,0,0,0,0,0,0,0,466022,465818,0,0
0.353395,0,0,0,0,0,0,0,0,0,0,464106,463947,0,0
0.355000,0,0,0,0,0,0,0,0,0,0,460180,459999,0,0
0.356596,0,0,0,0,0,0,0,0,0,0,459569,459377,0,0
0.358251,0,0,0,0,0,0,0,0,0,0,464465,464260,0,0
0.359866,0,0,0,0,0,0,0,0,0,0,464655,464493,0,0
0.361469,0,0,0,0,0,0,0,0,0,0,466253,466033,0,0
0.362997,0,0,0,0,0,0,0,0,0,0,458675,458489,0,0
0.364453,0,0,0,0,0,0,0,0,0,0,453714,453543,0,0
0.365940,0,0,0,0,0,0,0,0,0,0,464898,464727,0,0
0.367393,0,0,0,0,0,0,0,0,0,0,433233,433014,0,0
0.368826,0,0,0,0,0,0,0,0,0,0,447276,447107,0,0
0.370268,0,0,0,0,0,0,0,0,0,0,445595,445409,0,0
0.371702,0,0,0,0,0,0,0,0,0,0,425684,425539,0,0
0.373184,0,0,0,0,0,0,0,0,0,0,429864,429257,0,0
0.374589,0,0,0,0,0,0,0,0,0,0,427986,427800,0,0
0.375993,0,0,0,0,0,0,0,0,0,0,428680,428495,0,0
0.377395,0,0,0,0,0,0,0,0,0,0,438069,437881,0,0
0.378797,0,0,0,0,0,0,0,0,0,0,428544,428374,0,0
0.380202,0,0,0,0,0,0,0,0,0,0,427116,426914,0,0
0.381644,0,0,0,0,0,0,0,0,0,0,419600,419162,0,0
0.383031,0,0,0,0,0,0,0,0,0,0,416397,416227,0,0
0.384417,0,0,0,0,0,0,0,0,0,0,427167,426976,0,0
0.385802,0,0,0,0,0,0,0,0,0,0,519484,519303,0,0
0.387285,0,0,0,0,0,0,0,0,0,0,416605,416420,0,0
0.388670,0,0,0,0,0,0,0,0,0,0,445324,445162,0,0
0.390122,0,0,0,0,0,0,0,0,0,0,508735,507918,0,0
0.391531,0,0,0,0,0,0,0,0,0,0,502423,502252,0,0
0.392936,0,0,0,0,0,0,0,0,0,0,501724,501510,0,0
0.394336,0,0,0,0,0,0,0,0,0,0,502511,502344,0,0
0.395736,0,0,0,0,0,0,0,0,0,0,501692,501480,0,0
0.397151,0,0,0,0,0,0,0,0,0,0,501988,501834,0,0
0.398576,0,0,0,0,0,0,0,0,0,0,445424,446514,0,0
0.399973,0,0,0,0,0,0,0,0,0,0,470827,470817,0,0
0.401374,0,0,0,0,0,0,0,0,0,0,469990,469789,0,0
0.402819,0,0,0,0,0,0,0,0,0,0,440263,439898,0,0
0.404232,0,0,0,0,0,0,0,0,0,0,453098,452979,0,0
0.405641,0,0,0,0,0,0,0,0,0,0,650843,650533,0,0
0.407515,0,0,0,0,0,0,0,0,0,0,524813,524937,0,0
0.409036,0,0,0,0,0,0,0,0,0,0,460914,460601,0,0
0.410491,0,0,0,0,0,0,0,0,0,0,442519,442139,0,0
0.411932,0,0,0,0,0,0,0,0,0,0,439180,439009,0,0
0.413423,0,0,0,0,0,0,0,0,0,0,448589,448368,0,0
0.414873,0,0,0,0,0,0,0,0,0,0,450345,450159,0,0
0.416330,761,14,172,0,0,0,0,0,0,0,730235,742983,104,76
0.417809,0,0,0,0,0,0,0,0,0,0,557876,557914,0,0
0.419346,0,0,0,0,0,0,0,0,0,0,461062,460624,0,0
0.420783,0,0,0,0,0,0,0,0,0,0,478931,478729,0,0
0.423640,0,0,0,0,0,0,0,0,0,0,484833,484646,0,0
0.425139,0,0,0,0,0,0,0,0,0,0,452117,451988,0,0
0.427744,856,14,147300,0,0,157,0,15,0,18,806828,853621,148060,148115
0.429180,0,0,0,0,0,0,0,0,0,0,454503,454293,0,0
0.430636,0,0,0,0,0,0,0,0,0,0,476700,476745,0,0
0.432077,0,0,0,0,0,0,0,0,0,0,459648,459365,0,0
0.433515,0,0,0,0,0,0,0,0,0,0,456329,456240,0,0
0.434953,0,0,0,0,0,0,0,0,0,0,455160,455032,0,0
0.436412,0,0,0,0,0,0,0,0,0,0,476759,476483,0,0
0.437901,0,0,0,0,0,0,0,0,0,0,568925,568536,0,0
0.439430,0,0,0,0,0,0,0,0,0,0,461714,461619,0,0
0.440870,0,0,0,0,0,0,0,0,0,0,451158,450822,0,0
0.442432,0,0,0,0,0,0,0,0,0,0,460385,460205,0,0
0.443905,0,0,0,0,0,0,0,0,0,0,472269,472048,0,0
0.445387,0,0,0,0,0,0,0,0,0,0,474922,474727,0,0
0.446843,0,0,0,0,0,0,0,0,0,0,467573,467396,0,0
0.448276,0,0,0,0,0,0,0,0,0,0,479260,479080,0,0
0.449709,0,0,0,0,0,0,0,0,0,0,577246,576957,0,0
0.451259,0,0,0,0,0,0,0,0,0,0,452568,452365,0,0
0.452692,0,0,0,0,0,0,0,0,0,0,507981,507816,0,0
0.454301,0,0,0,0,0,0,0,0,0,0,524871,524703,0,0
0.455917,0,0,0,0,0,0,0,0,0,0,563609,563390,0,0
0.457504,0,0,0,0,0,0,0,0,0,0,480633,480412,0,0
0.458997,0,0,0,0,0,0,0,0,0,0,490130,489949,0,0
0.460489,0,0,0,0,0,0,0,0,0,0,473561,473356,0,0
0.461895,0,0,0,0,0,0,0,0,0,0,577738,577132,0,0
0.463416,0,0,0,0,0,0,0,0,0,0,714097,713922,0,0
0.465065,0,0,0,0,0,0,0,0,0,0,459847,459653,0,0
0.466470,0,0,0,0,0,0,0,0,0,0,450440,450247,0,0
0.467890,0,0,0,0,0,0,0,0,0,0,428778,428585,0,0
0.469329,0,0,0,0,0,0,0,0,0,0,465359,465563,0,0
0.470763,0,0,0,0,0,0,0,0,0,0,451996,451802,0,0
0.472198,0,0,0,0,0,0,0,0,0,0,452975,452781,0,0
0.473632,0,0,0,0,0,0,0,0,0,0,467667,467485,0,0
0.475137,0,0,0,0,0,0,0,0,0,0,449012,448837,0,0
0.476546,0,0,0,0,0,0,0,0,0,0,450675,450452,0,0
0.478080,0,0,0,0,0,0,0,0,0,0,466088,465967,0,0
0.479536,0,0,0,0,0,0,0,0,0,0,451614,451349,0,0
0.480969,0,0,0,0,0,0,0,0,0,0,468193,468011,0,0
0.482403,0,0,0,0,0,0,0,0,0,0,438785,438579,0,0
0.483842,0,0,0,0,0,0,0,0,0,0,455200,455026,0,0
0.485314,0,0,0,0,0,0,0,0,0,0,471968,471746,0,0
0.486752,0,0,0,0,0,0,0,0,0,0,454491,454325,0,0
0.488198,0,0,0,0,0,0,0,0,0,0,459752,459543,0,0
0.489731,0,0,0,0,0,0,0,0,0,0,509980,509805,0,0
0.491231,0,0,0,0,0,0,0,0,0,0,481736,481526,0,0
0.492686,0,0,0,0,0,0,0,0,0,0,506000,505809,0,0
0.494171,0,0,0,0,0,0,0,0,0,0,460780,460605,0,0
0.495613,0,0,0,0,0,0,0,0,0,0,456106,455906,0,0
0.497052,0,0,0,0,0,0,0,0,0,0,457055,456868,0,0
0.498483,0,0,0,0,0,0,0,0,0,0,470975,470784,0,0
0.500051,0,0,0,0,0,0,0,0,0,0,483570,483369,0,0
0.501697,0,0,0,0,0,0,0,0,0,0,490051,489859,0,0
0.503306,0,0,0,0,0,0,0,0,0,0,483117,482914,0,0
0.504910,0,0,0,0,0,0,0,0,0,0,483071,482887,0,0
0.506425,0,0,0,0,0,0,0,0,0,0,483285,483083,0,0
0.508027,0,0,0,0,0,0,0,0,0,0,484365,484155,0,0
0.509758,0,0,0,0,0,0,0,0,0,0,488931,488771,0,0
0.511367,0,0,0,0,0,0,0,0,0,0,484380,484171,0,0
0.512970,0,0,0,0,0,0,0,0,0,0,483502,483327,0,0
0.514576,0,0,0,0,0,0,0,0,0,0,484204,483995,0,0
0.516181,0,0,0,0,0,0,0,0,0,0,483291,483115,0,0
0.517786,0,0,0,0,0,0,0,0,0,0,488419,488199,0,0
0.519395,0,0,0,0,0,0,0,0,0,0,484794,484612,0,0
0.521012,0,0,0,0,0,0,0,0,0,0,483549,483417,0,0
0.522620,0,0,0,0,0,0,0,0,0,0,486127,485871,0,0
0.524226,0,0,0,0,0,0,0,0,0,0,483049,482845,0,0
0.525830,0,0,0,0,0,0,0,0,0,0,490747,490567,0,0
0.527440,0,0,0,0,0,0,0,0,0,0,484868,484661,0,0
0.529043,0,0,0,0,0,0,0,0,0,0,484032,483867,0,0
0.530651,0,0,0,0,0,0,0,0,0,0,480498,480294,0,0
0.532269,0,0,0,0,0,0,0,0,0,0,483468,483269,0,0
0.533873,0,0,0,0,0,0,0,0,0,0,490894,490690,0,0
0.535523,0,0,0,0,0,0,0,0,0,0,483008,482905,0,0
0.537127,0,0,0,0,0,0,0,0,0,0,482859,482577,0,0
0.538733,0,0,0,0,0,0,0,0,0,0,483988,483811,0,0
0.540335,0,0,0,0,0,0,0,0,0,0,482206,481997,0,0
0.541947,0,0,0,0,0,0,0,0,0,0,1289876,1289695,0,0
0.544163,0,0,0,0,0,0,0,0,0,0,473229,473039,0,0
0.545609,0,0,0,0,0,0,0,0,0,0,477744,477518,0,0
0.547044,0,0,0,0,0,0,0,0,0,0,476827,476650,0,0
0.548478,0,0,0,0,0,0,0,0,0,0,450577,450400,0,0
0.549952,0,0,0,0,0,0,0,0,0,0,492938,492739,0,0
0.551412,0,0,0,0,0,0,0,0,0,0,483500,483284,0,0
0.552852,0,0,0,0,0,0,0,0,0,0,456661,456541,0,0
0.554298,0,0,0,0,0,0,0,0,0,0,477395,477213,0,0
0.555733,0,0,0,0,0,0,0,0,0,0,454291,454043,0,0
0.557217,0,0,0,0,0,0,0,0,0,0,449008,448403,0,0
0.558622,0,0,0,0,0,0,0,0,0,0,457361,457166,0,0
0.560025,0,0,0,0,0,0,0,0,0,0,446269,446076,0,0
0.561429,0,0,0,0,0,0,0,0,0,0,446124,445931,0,0
0.562832,0,0,0,0,0,0,0,0,0,0,447912,447732,0,0
0.564236,0,0,0,0,0,0,0,0,0,0,445799,445593,0,0
0.565680,0,0,0,0,0,0,0,0,0,0,434647,491543,0,0
0.567118,0,0,0,0,0,0,0,0,0,0,492819,435283,0,0
0.568504,0,0,0,0,0,0,0,0,0,0,435870,435683,0,0
0.569890,0,0,0,0,0,0,0,0,0,0,450327,450117,0,0
0.571289,0,0,0,0,0,0,0,0,0,0,435749,435554,0,0
0.572673,0,0,0,0,0,0,0,0,0,0,468596,468448,0,0
0.574105,0,0,0,0,0,0,0,0,0,0,526969,526145,0,0
0.575554,0,0,0,0,0,0,0,0,0,0,525592,525371,0,0
0.577006,0,0,0,0,0,0,0,0,0,0,522332,522127,0,0
0.578454,0,0,0,0,0,0,0,0,0,0,524137,523939,0,0
0.579904,0,0,0,0,0,0,0,0,0,0,525476,525299,0,0
0.581367,0,0,0,0,0,0,0,0,0,0,525839,525644,0,0
0.582837,0,0,0,0,0,0,0,0,0,0,463036,464118,0,0
0.584274,0,0,0,0,0,0,0,0,0,0,475997,475951,0,0
0.585715,0,0,0,0,0,0,0,0,0,0,546871,546547,0,0
0.587261,0,0,0,0,0,0,0,0,0,0,787503,787294,0,0
0.588987,0,0,0,0,0,0,0,0,0,0,588137,587952,0,0
0.590547,0,0,0,0,0,0,0,0,0,0,482754,482550,0,0
0.592003,0,0,0,0,0,0,0,0,0,0,471548,471559,0,0
0.593456,0,0,0,0,0,0,0,0,0,0,499177,498851,0,0
0.594928,0,0,0,0,0,0,0,0,0,0,451929,451826,0,0
0.596368,0,0,0,0,0,0,0,0,0,0,461797,461460,0,0
0.597819,0,0,0,0,0,0,0,0,0,0,543235,543036,0,0
0.599435,761,14,221,0,0,0,0,0,0,0,655809,676193,555,534
0.601098,0,0,0,0,0,0,0,0,0,0,434608,434393,0,0
0.602554,0,0,0,0,0,0,0,0,0,0,653723,653541,0,0
0.603891,0,0,0,0,0,0,0,0,0,0,553006,552861,0,0
0.605429,0,0,0,0,0,0,0,0,0,0,438443,438245,0,0
0.606865,0,0,0,0,0,0,0,0,0,0,435700,435441,0,0
0.608308,0,0,0,0,0,0,0,0,0,0,461191,461246,0,0
0.609747,0,0,0,0,0,0,0,0,0,0,525644,525206,0,0
0.611247,0,0,0,0,0,0,0,0,0,0,437130,437097,0,0
0.612683,0,0,0,0,0,0,0,0,0,0,486054,485732,0,0
0.614298,767,14,213377,0,0,157,0,15,0,18,761926,783687,192726,192770
0.615679,0,0,0,0,0,0,0,0,0,0,478397,474250,0,0
0.617121,0,0,0,0,0,0,0,0,0,0,460984,460952,0,0
0.618575,0,0,0,0,0,0,0,0,0,0,485862,485580,0,0
0.620018,0,0,0,0,0,0,0,0,0,0,461553,461522,0,0
0.621502,0,0,0,0,0,0,0,0,0,0,475351,475030,0,0
0.622942,0,0,0,0,0,0,0,0,0,0,458394,458222,0,0
0.624382,0,0,0,0,0,0,0,0,0,0,452217,451833,0,0
0.625813,0,0,0,0,0,0,0,0,0,0,511782,511588,0,0
0.627292,0,0,0,0,0,0,0,0,0,0,462178,462003,0,0
0.628741,0,0,0,0,0,0,0,0,0,0,505711,505504,0,0
0.630252,0,0,0,0,0,0,0,0,0,0,468807,468628,0,0
0.631684,0,0,0,0,0,0,0,0,0,0,466721,466513,0,0
0.633114,0,0,0,0,0,0,0,0,0,0,468762,468569,0,0
0.634544,0,0,0,0,0,0,0,0,0,0,466981,466805,0,0
0.635977,0,0,0,0,0,0,0,0,0,0,452437,452211,0,0
0.637456,0,0,0,0,0,0,0,0,0,0,470330,470169,0,0
0.638899,0,0,0,0,0,0,0,0,0,0,456827,456630,0,0
0.640333,0,0,0,0,0,0,0,0,0,0,451507,451316,0,0
0.641767,0,0,0,0,0,0,0,0,0,0,504870,505455,0,0
0.643250,0,0,0,0,0,0,0,0,0,0,502471,501485,0,0
0.644730,0,0,0,0,0,0,0,0,0,0,493066,493884,0,0
0.646207,0,0,0,0,0,0,0,0,0,0,473308,472122,0,0
0.647690,0,0,0,0,0,0,0,0,0,0,460208,460084,0,0
0.649138,0,0,0,0,0,0,0,0,0,0,462498,462234,0,0
0.650575,0,0,0,0,0,0,0,0,0,0,468735,468540,0,0
0.652011,0,0,0,0,0,0,0,0,0,0,451111,450914,0,0
0.653479,0,0,0,0,0,0,0,0,0,0,469493,469303,0,0
0.654915,0,0,0,0,0,0,0,0,0,0,454637,454444,0,0
0.656484,0,0,0,0,0,0,0,0,0,0,485223,485030,0,0
0.658093,0,0,0,0,0,0,0,0,0,0,483691,483500,0,0
0.659709,0,0,0,0,0,0,0,0,0,0,483907,483713,0,0
0.661354,0,0,0,0,0,0,0,0,0,0,485241,485048,0,0
0.662959,0,0,0,0,0,0,0,0,0,0,486004,485777,0,0
0.664602,0,0,0,0,0,0,0,0,0,0,483718,483631,0,0
0.666208,0,0,0,0,0,0,0,0,0,0,494653,494370,0,0
0.667813,0,0,0,0,0,0,0,0,0,0,494819,494627,0,0
0.669458,0,0,0,0,0,0,0,0,0,0,484946,484770,0,0
0.671075,0,0,0,0,0,0,0,0,0,0,483561,483365,0,0
0.672680,0,0,0,0,0,0,0,0,0,0,494197,494007,0,0
0.674285,0,0,0,0,0,0,0,0,0,0,484934,484742,0,0
0.675890,0,0,0,0,0,0,0,0,0,0,483881,483687,0,0
0.677535,0,0,0,0,0,0,0,0,0,0,485767,485575,0,0
0.679140,0,0,0,0,0,0,0,0,0,0,483870,483677,0,0
0.680745,0,0,0,0,0,0,0,0,0,0,494149,493963,0,0
0.682365,0,0,0,0,0,0,0,0,0,0,485460,485241,0,0
0.683969,0,0,0,0,0,0,0,0,0,0,495160,494977,0,0
0.685613,0,0,0,0,0,0,0,0,0,0,484882,484694,0,0
0.687172,0,0,0,0,0,0,0,0,0,0,559511,559304,0,0
0.688745,0,0,0,0,0,0,0,0,0,0,483657,483478,0,0
0.690417,0,0,0,0,0,0,0,0,0,0,461610,461400,0,0
0.691880,0,0,0,0,0,0,0,0,0,0,481799,481606,0,0
0.693391,0,0,0,0,0,0,0,0,0,0,473926,473735,0,0
0.694839,0,0,0,0,0,0,0,0,0,0,462249,462055,0,0
0.696280,0,0,0,0,0,0,0,0,0,0,456234,456051,0,0
0.697719,0,0,0,0,0,0,0,0,0,0,457674,457471,0,0
0.699160,0,0,0,0,0,0,0,0,0,0,457102,456924,0,0
0.700728,0,0,0,0,0,0,0,0,0,0,533023,532830,0,0
0.702379,0,0,0,0,0,0,0,0,0,0,483977,483767,0,0
0.703873,0,0,0,0,0,0,0,0,0,0,476558,476364,0,0
0.705319,0,0,0,0,0,0,0,0,0,0,458984,458802,0,0
0.706762,0,0,0,0,0,0,0,0,0,0,460061,459856,0,0
0.708203,0,0,0,0,0,0,0,0,0,0,457028,456834,0,0
0.709685,0,0,0,0,0,0,0,0,0,0,537847,537654,0,0
0.711211,0,0,0,0,0,0,0,0,0,0,600350,600168,0,0
0.712883,0,0,0,0,0,0,0,0,0,0,482856,482667,0,0
0.714501,0,0,0,0,0,0,0,0,0,0,483568,483358,0,0
0.716104,0,0,0,0,0,0,0,0,0,0,482471,482296,0,0
0.717748,0,0,0,0,0,0,0,0,0,0,489465,489270,0,0
0.719358,0,0,0,0,0,0,0,0,0,0,494654,494444,0,0
0.720960,0,0,0,0,0,0,0,0,0,0,481319,481126,0,0
0.722564,0,0,0,0,0,0,0,0,0,0,484710,484517,0,0
0.724168,0,0,0,0,0,0,0,0,0,0,484106,483914,0,0
0.725784,0,0,0,0,0,0,0,0,0,0,487890,487696,0,0
0.727364,0,0,0,0,0,0,0,0,0,0,482954,482762,0,0
0.728818,0,0,0,0,0,0,0,0,0,0,463332,463299,0,0
0.730390,0,0,0,0,0,0,0,0,0,0,479469,479114,0,0
0.732150,0,0,0,0,0,0,0,0,0,0,469153,468968,0,0
0.733629,0,0,0,0,0,0,0,0,0,0,467679,467475,0,0
0.735150,0,0,0,0,0,0,0,0,0,0,465605,465426,0,0
0.736593,0,0,0,0,0,0,0,0,0,0,476980,476771,0,0
0.738104,0,0,0,0,0,0,0,0,0,0,472270,472087,0,0
0.739566,0,0,0,0,0,0,0,0,0,0,469814,469600,0,0
0.741056,0,0,0,0,0,0,0,0,0,0,452946,452356,0,0
0.742464,0,0,0,0,0,0,0,0,0,0,448698,448610,0,0
0.743870,0,0,0,0,0,0,0,0,0,0,447252,446955,0,0
0.745272,0,0,0,0,0,0,0,0,0,0,447058,446865,0,0
0.746688,0,0,0,0,0,0,0,0,0,0,431568,431376,0,0
0.748094,0,0,0,0,0,0,0,0,0,0,450614,450421,0,0
0.749535,0,0,0,0,0,0,0,0,0,0,532389,531300,0,0
0.750995,0,0,0,0,0,0,0,0,0,0,523969,523782,0,0
0.752443,0,0,0,0,0,0,0,0,0,0,521636,521389,0,0
0.753891,0,0,0,0,0,0,0,0,0,0,529071,528911,0,0
0.755344,0,0,0,0,0,0,0,0,0,0,522816,522596,0,0
0.756799,0,0,0,0,0,0,0,0,0,0,420629,420462,0,0
0.758154,0,0,0,0,0,0,0,0,0,0,524612,524386,0,0
0.759604,0,0,0,0,0,0,0,0,0,0,531794,535753,0,0
0.761074,0,0,0,0,0,0,0,0,0,0,529825,525507,0,0
0.762523,0,0,0,0,0,0,0,0,0,0,523711,523503,0,0
0.763972,0,0,0,0,0,0,0,0,0,0,415148,414943,0,0
0.765327,0,0,0,0,0,0,0,0,0,0,524299,524102,0,0
0.766796,0,0,0,0,0,0,0,0,0,0,451805,452900,0,0
0.768264,0,0,0,0,0,0,0,0,0,0,460269,460311,0,0
0.769706,0,0,0,0,0,0,0,0,0,0,555024,553450,0,0
0.771270,0,0,0,0,0,0,0,0,0,0,478408,480002,0,0
0.772737,0,0,0,0,0,0,0,0,0,0,513543,512788,0,0
0.774229,0,0,0,0,0,0,0,0,0,0,480117,476824,0,0
0.775682,0,0,0,0,0,0,0,0,0,0,458203,461038,0,0
0.777120,0,0,0,0,0,0,0,0,0,0,454948,454741,0,0
0.778576,0,0,0,0,0,0,0,0,0,0,471300,471105,0,0
0.780014,0,0,0,0,0,0,0,0,0,0,457489,457306,0,0
0.781478,0,0,0,0,0,0,0,0,0,0,550524,550329,0,0
0.782989,767,14,177,0,0,0,0,0,0,0,912110,925309,104,76
0.784431,0,0,0,0,0,0,0,0,0,0,458307,458011,0,0
0.785871,0,0,0,0,0,0,0,0,0,0,534081,537956,0,0
0.787384,0,0,0,0,0,0,0,0,0,0,457204,452812,0,0
0.788828,0,0,0,0,0,0,0,0,0,0,481493,481298,0,0
0.790276,0,0,0,0,0,0,0,0,0,0,455908,455803,0,0
0.791713,0,0,0,0,0,0,0,0,0,0,454814,454676,0,0
0.793150,766,14,337544,0,0,157,0,15,0,18,546444,563681,302594,302636
0.794639,0,0,0,0,0,0,0,0,0,0,487653,487604,0,0
0.796080,0,0,0,0,0,0,0,0,0,0,459693,459622,0,0
0.797561,0,0,0,0,0,0,0,0,0,0,475525,475270,0,0
0.799014,0,0,0,0,0,0,0,0,0,0,475282,475090,0,0
0.800455,0,0,0,0,0,0,0,0,0,0,457980,457699,0,0
0.801896,0,0,0,0,0,0,0,0,0,0,521275,521213,0,0
0.803391,0,0,0,0,0,0,0,0,0,0,449803,449435,0,0
0.804959,0,0,0,0,0,0,0,0,0,0,501972,501692,0,0
0.806436,0,0,0,0,0,0,0,0,0,0,452080,451886,0,0
0.807870,0,0,0,0,0,0,0,0,0,0,455767,455953,0,0
0.809321,0,0,0,0,0,0,0,0,0,0,461743,461182,0,0
0.810755,0,0,0,0,0,0,0,0,0,0,469674,469453,0,0
0.812191,0,0,0,0,0,0,0,0,0,0,480660,480486,0,0
0.813667,0,0,0,0,0,0,0,0,0,0,759808,759623,0,0
0.818183,0,0,0,0,0,0,0,0,0,0,503442,503237,0,0
0.819659,0,0,0,0,0,0,0,0,0,0,478032,482482,0,0
0.821172,0,0,0,0,0,0,0,0,0,0,502588,497769,0,0
0.822610,0,0,0,0,0,0,0,0,0,0,450655,450456,0,0
0.824044,0,0,0,0,0,0,0,0,0,0,477823,477619,0,0
0.825477,0,0,0,0,0,0,0,0,0,0,467960,467782,0,0
0.826911,0,0,0,0,0,0,0,0,0,0,468217,468011,0,0
0.828346,0,0,0,0,0,0,0,0,0,0,452150,451938,0,0
0.829834,0,0,0,0,0,0,0,0,0,0,483586,483421,0,0
0.831281,0,0,0,0,0,0,0,0,0,0,451458,451265,0,0
0.832714,0,0,0,0,0,0,0,0,0,0,468684,468481,0,0
0.834145,0,0,0,0,0,0,0,0,0,0,471114,470936,0,0
0.835584,0,0,0,0,0,0,0,0,0,0,453718,453595,0,0
0.837056,0,0,0,0,0,0,0,0,0,0,471668,471398,0,0
0.838496,0,0,0,0,0,0,0,0,0,0,457528,457323,0,0
0.839944,0,0,0,0,0,0,0,0,0,0,469078,468973,0,0
0.841383,0,0,0,0,0,0,0,0,0,0,456608,456339,0,0
0.842823,0,0,0,0,0,0,0,0,0,0,455502,455296,0,0
0.844261,0,0,0,0,0,0,0,0,0,0,457000,456824,0,0
0.845733,0,0,0,0,0,0,0,0,0,0,472946,472746,0,0
0.847173,0,0,0,0,0,0,0,0,0,0,554007,553819,0,0
0.848829,0,0,0,0,0,0,0,0,0,0,484317,484119,0,0
0.850323,0,0,0,0,0,0,0,0,0,0,473435,473248,0,0
0.851769,0,0,0,0,0,0,0,0,0,0,461751,461542,0,0
0.853252,0,0,0,0,0,0,0,0,0,0,472781,472602,0,0
0.854694,0,0,0,0,0,0,0,0,0,0,456740,456531,0,0
0.856132,0,0,0,0,0,0,0,0,0,0,455601,455410,0,0
0.857570,0,0,0,0,0,0,0,0,0,0,523132,522939,0,0
0.859260,0,0,0,0,0,0,0,0,0,0,484031,483854,0,0
0.860751,0,0,0,0,0,0,0,0,0,0,486779,486401,0,0
0.862245,0,0,0,0,0,0,0,0,0,0,450081,449832,0,0
0.863687,0,0,0,0,0,0,0,0,0,0,440305,440192,0,0
0.865127,0,0,0,0,0,0,0,0,0,0,438691,438402,0,0
0.866567,0,0,0,0,0,0,0,0,0,0,437667,437508,0,0
0.868006,0,0,0,0,0,0,0,0,0,0,496194,496015,0,0
0.869673,0,0,0,0,0,0,0,0,0,0,529605,541775,0,0
0.871237,0,0,0,0,0,0,0,0,0,0,464074,451534,0,0
0.872812,0,0,0,0,0,0,0,0,0,0,463040,462837,0,0
0.874416,0,0,0,0,0,0,0,0,0,0,464148,463977,0,0
0.876020,0,0,0,0,0,0,0,0,0,0,462839,462638,0,0
0.877664,0,0,0,0,0,0,0,0,0,0,528782,528596,0,0
0.879359,0,0,0,0,0,0,0,0,0,0,493615,493428,0,0
0.880961,0,0,0,0,0,0,0,0,0,0,463181,462993,0,0
0.882576,0,0,0,0,0,0,0,0,0,0,462408,462240,0,0
0.884180,0,0,0,0,0,0,0,0,0,0,468094,467924,0,0
0.885660,0,0,0,0,0,0,0,0,0,0,519970,519748,0,0
0.887327,0,0,0,0,0,0,0,0,0,0,463354,463179,0,0
0.888928,0,0,0,0,0,0,0,0,0,0,462739,462544,0,0
0.890531,0,0,0,0,0,0,0,0,0,0,462490,462304,0,0
0.892012,0,0,0,0,0,0,0,0,0,0,458482,458295,0,0
0.893521,0,0,0,0,0,0,0,0,0,0,454393,454234,0,0
0.894967,0,0,0,0,0,0,0,0,0,0,438130,437917,0,0
0.896404,0,0,0,0,0,0,0,0,0,0,426952,426767,0,0
0.897838,0,0,0,0,0,0,0,0,0,0,616345,616140,0,0
0.899454,0,0,0,0,0,0,0,0,0,0,440530,440376,0,0
0.901067,0,0,0,0,0,0,0,0,0,0,454996,454795,0,0
0.902568,0,0,0,0,0,0,0,0,0,0,457816,457638,0,0
0.904175,0,0,0,0,0,0,0,0,0,0,460679,460499,0,0
0.905770,0,0,0,0,0,0,0,0,0,0,532919,532734,0,0
0.907440,0,0,0,0,0,0,0,0,0,0,465250,465048,0,0
0.909087,0,0,0,0,0,0,0,0,0,0,464595,464399,0,0
0.910693,0,0,0,0,0,0,0,0,0,0,465908,465732,0,0
0.912298,0,0,0,0,0,0,0,0,0,0,464329,464127,0,0
0.913900,0,0,0,0,0,0,0,0,0,0,480925,480770,0,0
0.915525,0,0,0,0,0,0,0,0,0,0,463844,463724,0,0
0.917170,0,0,0,0,0,0,0,0,0,0,465277,465025,0,0
0.918777,0,0,0,0,0,0,0,0,0,0,465104,464918,0,0
0.920382,0,0,0,0,0,0,0,0,0,0,475238,475051,0,0
0.922070,0,0,0,0,0,0,0,0,0,0,509118,508854,0,0
0.923591,0,0,0,0,0,0,0,0,0,0,454392,454290,0,0
0.925078,0,0,0,0,0,0,0,0,0,0,449552,449297,0,0
0.926662,0,0,0,0,0,0,0,0,0,0,465372,465170,0,0
0.928266,0,0,0,0,0,0,0,0,0,0,464383,464207,0,0
0.929907,0,0,0,0,0,0,0,0,0,0,468523,468323,0,0
0.931516,0,0,0,0,0,0,0,0,0,0,465729,465545,0,0
0.933162,0,0,0,0,0,0,0,0,0,0,465843,465672,0,0
0.934769,0,0,0,0,0,0,0,0,0,0,464209,464018,0,0
0.936374,0,0,0,0,0,0,0,0,0,0,465589,465393,0,0
0.938058,0,0,0,0,0,0,0,0,0,0,543140,543022,0,0
0.939726,0,0,0,0,0,0,0,0,0,0,464309,464071,0,0
0.941372,0,0,0,0,0,0,0,0,0,0,466448,466246,0,0
0.942977,0,0,0,0,0,0,0,0,0,0,462805,462634,0,0
0.944582,0,0,0,0,0,0,0,0,0,0,475595,475404,0,0
0.946186,0,0,0,0,0,0,0,0,0,0,464637,464448,0,0
0.947789,0,0,0,0,0,0,0,0,0,0,474613,474428,0,0
0.949447,0,0,0,0,0,0,0,0,0,0,464669,464483,0,0
0.951051,0,0,0,0,0,0,0,0,0,0,467206,467019,0,0
0.952654,0,0,0,0,0,0,0,0,0,0,464508,464324,0,0
0.954257,0,0,0,0,0,0,0,0,0,0,466471,466273,0,0
0.955862,0,0,0,0,0,0,0,0,0,0,463998,463813,0,0
0.957507,0,0,0,0,0,0,0,0,0,0,466885,466697,0,0
0.959112,0,0,0,0,0,0,0,0,0,0,474869,474695,0,0
0.960731,0,0,0,0,0,0,0,0,0,0,464889,464691,0,0
0.962338,0,0,0,0,0,0,0,0,0,0,465402,465232,0,0
0.963943,0,0,0,0,0,0,0,0,0,0,465741,465554,0,0
0.965589,0,0,0,0,0,0,0,0,0,0,465543,465358,0,0
0.967143,0,0,0,0,0,0,0,0,0,0,454340,454138,0,0
0.968590,0,0,0,0,0,0,0,0,0,0,445395,445223,0,0
0.970166,0,0,0,0,0,0,0,0,0,0,464596,464395,0,0
0.971782,0,0,0,0,0,0,0,0,0,0,463895,463708,0,0
0.973428,0,0,0,0,0,0,0,0,0,0,466499,466330,0,0
0.975033,0,0,0,0,0,0,0,0,0,0,475621,475435,0,0
0.976638,0,0,0,0,0,0,0,0,0,0,464670,464483,0,0
0.978248,0,0,0,0,0,0,0,0,0,0,471708,471505,0,0
0.979850,0,0,0,0,0,0,0,0,0,0,464831,464656,0,0
0.981496,0,0,0,0,0,0,0,0,0,0,464470,464256,0,0
0.983114,0,0,0,0,0,0,0,0,0,0,465162,464913,0,0
0.984719,0,0,0,0,0,0,0,0,0,0,464858,464654,0,0
0.986326,0,0,0,0,0,0,0,0,0,0,466188,466003,0,0
0.987932,0,0,0,0,0,0,0,0,0,0,465764,465577,0,0
0.989577,0,0,0,0,0,0,0,0,0,0,465894,465718,0,0
0.991244,0,0,0,0,0,0,0,0,0,0,464937,464755,0,0
0.992850,0,0,0,0,0,0,0,0,0,0,464103,463901,0,0
0.994469,0,0,0,0,0,0,0,0,0,0,467363,467192,0,0
0.996074,0,0,0,0,0,0,0,0,0,0,465308,465123,0,0
0.997720,0,0,0,0,0,0,0,0,0,0,469929,469734,0,0
0.999325,0,0,0,0,0,0,0,0,0,0,476232,476194,0,0
1.000813,0,0,0,0,0,0,0,0,0,0,435973,435639,0,0
1.002255,0,0,0,0,0,0,0,0,0,0,441675,441495,0,0
1.003826,0,0,0,0,0,0,0,0,0,0,464498,464295,0,0
1.005489,0,0,0,0,0,0,0,0,0,0,464976,464790,0,0
1.007094,0,0,0,0,0,0,0,0,0,0,474958,474772,0,0
1.008699,0,0,0,0,0,0,0,0,0,0,465917,465729,0,0
1.010306,0,0,0,0,0,0,0,0,0,0,475602,475416,0,0
1.011912,0,0,0,0,0,0,0,0,0,0,463593,463408,0,0
1.013558,0,0,0,0,0,0,0,0,0,0,463993,463817,0,0
1.015164,0,0,0,0,0,0,0,0,0,0,465502,465317,0,0
1.016782,0,0,0,0,0,0,0,0,0,0,463057,462868,0,0
1.018392,0,0,0,0,0,0,0,0,0,0,465055,464860,0,0
1.019995,0,0,0,0,0,0,0,0,0,0,463422,463236,0,0
1.021639,0,0,0,0,0,0,0,0,0,0,543218,543047,0,0
1.023207,0,0,0,0,0,0,0,0,0,0,451397,451211,0,0
1.024780,0,0,0,0,0,0,0,0,0,0,463057,462865,0,0
1.026384,0,0,0,0,0,0,0,0,0,0,463863,463679,0,0
1.027999,0,0,0,0,0,0,0,0,0,0,465235,465037,0,0
1.029643,0,0,0,0,0,0,0,0,0,0,530901,530715,0,0
1.031335,0,0,0,0,0,0,0,0,0,0,449239,449069,0,0
1.032937,0,0,0,0,0,0,0,0,0,0,463891,463674,0,0
1.034542,0,0,0,0,0,0,0,0,0,0,464360,464188,0,0
1.036145,0,0,0,0,0,0,0,0,0,0,462322,462136,0,0
1.037748,0,0,0,0,0,0,0,0,0,0,467762,467575,0,0
1.039368,0,0,0,0,0,0,0,0,0,0,464007,463837,0,0
1.040970,0,0,0,0,0,0,0,0,0,0,472837,472661,0,0
1.042575,0,0,0,0,0,0,0,0,0,0,458469,458274,0,0
1.044179,0,0,0,0,0,0,0,0,0,0,473125,472937,0,0
1.045783,0,0,0,0,0,0,0,0,0,0,468706,468505,0,0
1.047394,0,0,0,0,0,0,0,0,0,0,473131,472943,0,0
1.048995,0,0,0,0,0,0,0,0,0,0,463579,463475,0,0
1.050614,0,0,0,0,0,0,0,0,0,0,464866,464613,0,0
1.052219,0,0,0,0,0,0,0,0,0,0,463942,463739,0,0
1.053822,0,0,0,0,0,0,0,0,0,0,512050,511881,0,0
1.055470,0,0,0,0,0,0,0,0,0,0,462095,461892,0,0
1.057071,0,0,0,0,0,0,0,0,0,0,465726,465541,0,0
1.058677,0,0,0,0,0,0,0,0,0,0,473844,473562,0,0
1.060280,0,0,0,0,0,0,0,0,0,0,463771,463574,0,0
1.061894,0,0,0,0,0,0,0,0,0,0,469740,469570,0,0
1.063502,0,0,0,0,0,0,0,0,0,0,463680,463478,0,0
1.065103,0,0,0,0,0,0,0,0,0,0,462456,462286,0,0
1.066708,0,0,0,0,0,0,0,0,0,0,464048,463861,0,0
1.068311,0,0,0,0,0,0,0,0,0,0,462377,462176,0,0
1.069913,0,0,0,0,0,0,0,0,0,0,479472,479311,0,0
1.071555,0,0,0,0,0,0,0,0,0,0,451399,451187,0,0
1.073169,0,0,0,0,0,0,0,0,0,0,464577,464376,0,0
1.074774,0,0,0,0,0,0,0,0,0,0,463787,463626,0,0
1.076378,0,0,0,0,0,0,0,0,0,0,462119,461932,0,0
1.078063,0,0,0,0,0,0,0,0,0,0,530822,530641,0,0
1.079604,0,0,0,0,0,0,0,0,0,0,451051,450849,0,0
1.081046,0,0,0,0,0,0,0,0,0,0,439807,439642,0,0
1.082519,0,0,0,0,0,0,0,0,0,0,489456,489145,0,0
1.084010,0,0,0,0,0,0,0,0,0,0,420599,420426,0,0
1.085440,0,0,0,0,0,0,0,0,0,0,454011,453824,0,0
1.086882,0,0,0,0,0,0,0,0,0,0,465416,465213,0,0
1.088350,0,0,0,0,0,0,0,0,0,0,442208,442038,0,0
1.089789,0,0,0,0,0,0,0,0,0,0,464096,463910,0,0
1.091358,0,0,0,0,0,0,0,0,0,0,474317,474100,0,0
1.092853,0,0,0,0,0,0,0,0,0,0,509516,509362,0,0
1.094369,0,0,0,0,0,0,0,0,0,0,454556,454354,0,0
1.096263,0,0,0,0,0,0,0,0,0,0,454888,454701,0,0
1.097709,0,0,0,0,0,0,0,0,0,0,529254,529590,0,0
1.099241,0,0,0,0,0,0,0,0,0,0,450468,449776,0,0
1.100682,0,0,0,0,0,0,0,0,0,0,478187,477985,0,0
1.102161,0,0,0,0,0,0,0,0,0,0,436544,436376,0,0
1.103596,0,0,0,0,0,0,0,0,0,0,434361,434168,0,0
1.105039,0,0,0,0,0,0,0,0,0,0,438066,437886,0,0
1.106629,0,0,0,0,0,0,0,0,0,0,457229,457429,0,0
1.108076,0,0,0,0,0,0,0,0,0,0,442855,442281,0,0
1.109552,0,0,0,0,0,0,0,0,0,0,454307,454106,0,0
1.110995,0,0,0,0,0,0,0,0,0,0,440635,440448,0,0
1.112436,0,0,0,0,0,0,0,0,0,0,439960,439773,0,0
1.113878,0,0,0,0,0,0,0,0,0,0,441494,441308,0,0
1.115330,0,0,0,0,0,0,0,0,0,0,517227,517041,0,0
1.117003,0,0,0,0,0,0,0,0,0,0,453814,453644,0,0
1.118610,0,0,0,0,0,0,0,0,0,0,466186,465999,0,0
1.120215,0,0,0,0,0,0,0,0,0,0,465841,465654,0,0
1.121820,0,0,0,0,0,0,0,0,0,0,673933,673747,0,0
1.123499,0,0,0,0,0,0,0,0,0,0,453572,453387,0,0
1.124987,0,0,0,0,0,0,0,0,0,0,450347,450161,0,0
1.126571,0,0,0,0,0,0,0,0,0,0,465860,465675,0,0
1.128178,0,0,0,0,0,0,0,0,0,0,465371,465180,0,0
1.129781,0,0,0,0,0,0,0,0,0,0,470057,469859,0,0
1.131392,0,0,0,0,0,0,0,0,0,0,465891,465719,0,0
1.133039,0,0,0,0,0,0,0,0,0,0,464997,464812,0,0
1.134647,0,0,0,0,0,0,0,0,0,0,466340,466139,0,0
1.136253,0,0,0,0,0,0,0,0,0,0,466510,466340,0,0
1.137746,0,0,0,0,0,0,0,0,0,0,452410,451809,0,0
1.139327,0,0,0,0,0,0,0,0,0,0,444899,444747,0,0
1.140973,0,0,0,0,0,0,0,0,0,0,446010,445821,0,0
1.142582,0,0,0,0,0,0,0,0,0,0,444530,444369,0,0
1.144188,0,0,0,0,0,0,0,0,0,0,445577,445387,0,0
1.145791,0,0,0,0,0,0,0,0,0,0,448850,448681,0,0
1.147401,0,0,0,0,0,0,0,0,0,0,445699,445525,0,0
1.149060,0,0,0,0,0,0,0,0,0,0,446476,446285,0,0
1.150668,0,0,0,0,0,0,0,0,0,0,446370,446208,0,0
1.152275,0,0,0,0,0,0,0,0,0,0,445206,445011,0,0
1.153879,0,0,0,0,0,0,0,0,0,0,449543,449382,0,0
1.155489,0,0,0,0,0,0,0,0,0,0,443123,442949,0,0
1.157135,0,0,0,0,0,0,0,0,0,0,446533,446358,0,0
1.158638,0,0,0,0,0,0,0,0,0,0,441175,440985,0,0
1.160285,0,0,0,0,0,0,0,0,0,0,444513,444352,0,0
1.161889,0,0,0,0,0,0,0,0,0,0,449795,449604,0,0
1.163501,0,0,0,0,0,0,0,0,0,0,445551,445376,0,0
1.165148,0,0,0,0,0,0,0,0,0,0,445780,445629,0,0
1.166754,0,0,0,0,0,0,0,0,0,0,448299,448100,0,0
1.168361,0,0,0,0,0,0,0,0,0,0,444764,444614,0,0
1.169964,0,0,0,0,0,0,0,0,0,0,584940,584765,0,0
1.171696,0,0,0,0,0,0,0,0,0,0,436160,435977,0,0
1.173183,0,0,0,0,0,0,0,0,0,0,434980,434791,0,0
1.174759,0,0,0,0,0,0,0,0,0,0,444427,444265,0,0
1.176365,0,0,0,0,0,0,0,0,0,0,444718,444527,0,0
1.177969,0,0,0,0,0,0,0,0,0,0,405405,405255,0,0
1.179600,0,0,0,0,0,0,0,0,0,0,445379,445203,0,0
1.181247,0,0,0,0,0,0,0,0,0,0,444631,444470,0,0
1.182866,0,0,0,0,0,0,0,0,0,0,445584,445387,0,0
1.184472,0,0,0,0,0,0,0,0,0,0,445204,445053,0,0
1.186080,0,0,0,0,0,0,0,0,0,0,444983,444793,0,0
1.187686,0,0,0,0,0,0,0,0,0,0,446007,445822,0,0
1.189333,0,0,0,0,0,0,0,0,0,0,445670,445506,0,0
1.190939,0,0,0,0,0,0,0,0,0,0,445849,445674,0,0
1.192545,0,0,0,0,0,0,0,0,0,0,443807,443617,0,0
1.194165,0,0,0,0,0,0,0,0,0,0,445413,445241,0,0
1.195771,0,0,0,0,0,0,0,0,0,0,444817,444654,0,0
1.197418,0,0,0,0,0,0,0,0,0,0,445040,444840,0,0
1.199023,0,0,0,0,0,0,0,0,0,0,445059,444884,0,0
1.200629,0,0,0,0,0,0,0,0,0,0,445240,445080,0,0
1.202237,0,0,0,0,0,0,0,0,0,0,445512,445386,0,0
1.203843,0,0,0,0,0,0,0,0,0,0,446574,446424,0,0
1.205503,0,0,0,0,0,0,0,0,0,0,447424,447163,0,0
1.207110,0,0,0,0,0,0,0,0,0,0,441301,441140,0,0
1.208742,0,0,0,0,0,0,0,0,0,0,440068,439900,0,0
1.210223,0,0,0,0,0,0,0,0,0,0,435110,434935,0,0
1.211799,0,0,0,0,0,0,0,0,0,0,445223,445047,0,0
1.213445,0,0,0,0,0,0,0,0,0,0,446301,446112,0,0
1.215052,0,0,0,0,0,0,0,0,0,0,444632,444448,0,0
1.216670,0,0,0,0,0,0,0,0,0,0,443183,443110,0,0
1.218275,0,0,0,0,0,0,0,0,0,0,446826,446574,0,0
1.219879,0,0,0,0,0,0,0,0,0,0,443497,443324,0,0
1.221523,0,0,0,0,0,0,0,0,0,0,445345,445170,0,0
1.223128,0,0,0,0,0,0,0,0,0,0,445440,445265,0,0
1.224732,0,0,0,0,0,0,0,0,0,0,443507,443323,0,0
1.226338,0,0,0,0,0,0,0,0,0,0,443343,443152,0,0
1.227956,0,0,0,0,0,0,0,0,0,0,443511,443351,0,0
1.229602,0,0,0,0,0,0,0,0,0,0,446781,446605,0,0
1.231267,0,0,0,0,0,0,0,0,0,0,444153,443989,0,0
1.232870,0,0,0,0,0,0,0,0,0,0,443357,443171,0,0
1.234476,0,0,0,0,0,0,0,0,0,0,446572,446397,0,0
1.236080,0,0,0,0,0,0,0,0,0,0,444257,444092,0,0
1.237724,0,0,0,0,0,0,0,0,0,0,447824,447713,0,0
1.239344,0,0,0,0,0,0,0,0,0,0,443979,443715,0,0
1.240947,0,0,0,0,0,0,0,0,0,0,442896,442654,0,0
1.242553,0,0,0,0,0,0,0,0,0,0,443971,443796,0,0
1.244157,0,0,0,0,0,0,0,0,0,0,443326,443150,0,0
1.245760,0,0,0,0,0,0,0,0,0,0,448882,448694,0,0
1.247367,0,0,0,0,0,0,0,0,0,0,444884,444869,0,0
1.248970,0,0,0,0,0,0,0,0,0,0,444056,443695,0,0
1.250588,0,0,0,0,0,0,0,0,0,0,444339,444205,0,0
1.252193,0,0,0,0,0,0,0,0,0,0,443316,443140,0,0
1.253797,0,0,0,0,0,0,0,0,0,0,447768,447584,0,0
1.255403,0,0,0,0,0,0,0,0,0,0,443939,443773,0,0
1.257005,0,0,0,0,0,0,0,0,0,0,443510,443335,0,0
1.258610,0,0,0,0,0,0,0,0,0,0,444083,443907,0,0
1.260214,0,0,0,0,0,0,0,0,0,0,444279,444105,0,0
1.261832,0,0,0,0,0,0,0,0,0,0,449235,449050,0,0
1.263441,0,0,0,0,0,0,0,0,0,0,445768,445603,0,0
1.265043,0,0,0,0,0,0,0,0,0,0,443659,443545,0,0
1.266649,0,0,0,0,0,0,0,0,0,0,444229,443989,0,0
1.268254,0,0,0,0,0,0,0,0,0,0,444066,443883,0,0
1.269857,0,0,0,0,0,0,0,0,0,0,449158,448993,0,0
1.271466,0,0,0,0,0,0,0,0,0,0,444219,444032,0,0
1.273082,0,0,0,0,0,0,0,0,0,0,444312,444150,0,0
1.274687,0,0,0,0,0,0,0,0,0,0,443794,443617,0,0
1.276290,0,0,0,0,0,0,0,0,0,0,443440,443251,0,0
1.277894,0,0,0,0,0,0,0,0,0,0,448973,448813,0,0
1.279503,0,0,0,0,0,0,0,0,0,0,443570,443395,0,0
1.281106,0,0,0,0,0,0,0,0,0,0,442966,442781,0,0
1.282712,0,0,0,0,0,0,0,0,0,0,443393,443218,0,0
1.284329,0,0,0,0,0,0,0,0,0,0,442630,442441,0,0
1.285933,0,0,0,0,0,0,0,0,0,0,501793,501631,0,0
1.287469,0,0,0,0,0,0,0,0,0,0,434506,434317,0,0
1.289040,0,0,0,0,0,0,0,0,0,0,443645,443471,0,0
1.290644,0,0,0,0,0,0,0,0,0,0,442986,442823,0,0
1.292245,0,0,0,0,0,0,0,0,0,0,454355,454190,0,0
1.293778,0,0,0,0,0,0,0,0,0,0,444841,444667,0,0
1.295253,0,0,0,0,0,0,0,0,0,0,434585,434398,0,0
1.296698,0,0,0,0,0,0,0,0,0,0,434471,434283,0,0
1.298143,0,0,0,0,0,0,0,0,0,0,434363,434198,0,0
1.299585,0,0,0,0,0,0,0,0,0,0,434877,434707,0,0
1.301062,0,0,0,0,0,0,0,0,0,0,433429,433239,0,0
1.302634,0,0,0,0,0,0,0,0,0,0,445070,444910,0,0
1.304240,0,0,0,0,0,0,0,0,0,0,446665,446490,0,0
1.305858,0,0,0,0,0,0,0,0,0,0,452889,452685,0,0
1.307468,0,0,0,0,0,0,0,0,0,0,444267,444131,0,0
1.309113,0,0,0,0,0,0,0,0,0,0,445833,445658,0,0
1.310721,0,0,0,0,0,0,0,0,0,0,439368,439233,0,0
1.312318,0,0,0,0,0,0,0,0,0,0,440182,439945,0,0
1.313914,0,0,0,0,0,0,0,0,0,0,451504,451365,0,0
1.315521,0,0,0,0,0,0,0,0,0,0,441809,441611,0,0
1.317171,0,0,0,0,0,0,0,0,0,0,441709,441543,0,0
1.318645,0,0,0,0,0,0,0,0,0,0,434414,434239,0,0
1.320219,0,0,0,0,0,0,0,0,0,0,445271,445095,0,0
1.321823,0,0,0,0,0,0,0,0,0,0,487786,487603,0,0
1.323472,0,0,0,0,0,0,0,0,0,0,444427,444237,0,0
1.325117,0,0,0,0,0,0,0,0,0,0,446730,446578,0,0
1.326725,0,0,0,0,0,0,0,0,0,0,445882,445699,0,0
1.328345,0,0,0,0,0,0,0,0,0,0,444650,444474,0,0
1.329950,0,0,0,0,0,0,0,0,0,0,498905,498729,0,0
1.331483,0,0,0,0,0,0,0,0,0,0,435073,434908,0,0
1.333098,0,0,0,0,0,0,0,0,0,0,446557,446374,0,0
1.334706,0,0,0,0,0,0,0,0,0,0,444122,443957,0,0
1.336312,0,0,0,0,0,0,0,0,0,0,445557,445382,0,0
1.337917,0,0,0,0,0,0,0,0,0,0,449962,449785,0,0
1.339540,0,0,0,0,0,0,0,0,0,0,445696,445513,0,0
1.341187,0,0,0,0,0,0,0,0,0,0,445811,445646,0,0
1.342795,0,0,0,0,0,0,0,0,0,0,445636,445450,0,0
1.344401,0,0,0,0,0,0,0,0,0,0,445264,445077,0,0
1.346009,0,0,0,0,0,0,0,0,0,0,445433,445272,0,0
1.347650,0,0,0,0,0,0,0,0,0,0,445118,444939,0,0
1.349297,0,0,0,0,0,0,0,0,0,0,447071,446886,0,0
1.350917,0,0,0,0,0,0,0,0,0,0,445616,445442,0,0
1.352523,0,0,0,0,0,0,0,0,0,0,445538,445377,0,0
1.354131,0,0,0,0,0,0,0,0,0,0,444679,444489,0,0
1.355737,0,0,0,0,0,0,0,0,0,0,445065,444891,0,0
1.357384,0,0,0,0,0,0,0,0,0,0,445485,445325,0,0
1.358990,0,0,0,0,0,0,0,0,0,0,445046,444869,0,0
1.360595,0,0,0,0,0,0,0,0,0,0,444873,444698,0,0
1.362215,0,0,0,0,0,0,0,0,0,0,445547,445358,0,0
1.363822,0,0,0,0,0,0,0,0,0,0,445599,445447,0,0
1.365468,0,0,0,0,0,0,0,0,0,0,445610,445422,0,0
1.367075,0,0,0,0,0,0,0,0,0,0,446312,446204,0,0
1.368681,0,0,0,0,0,0,0,0,0,0,442917,442679,0,0
1.370287,0,0,0,0,0,0,0,0,0,0,445040,444874,0,0
1.371892,0,0,0,0,0,0,0,0,0,0,444791,444606,0,0
1.373551,0,0,0,0,0,0,0,0,0,0,446424,446312,0,0
1.375159,0,0,0,0,0,0,0,0,0,0,445453,445164,0,0
1.376764,0,0,0,0,0,0,0,0,0,0,444158,443985,0,0
1.378371,0,0,0,0,0,0,0,0,0,0,446320,446159,0,0
1.379978,0,0,0,0,0,0,0,0,0,0,444926,444747,0,0
1.381624,0,0,0,0,0,0,0,0,0,0,445365,518923,0,0
1.383319,0,0,0,0,0,0,0,0,0,0,518719,444826,0,0
1.384935,0,0,0,0,0,0,0,0,0,0,445080,444905,0,0
1.386542,0,0,0,0,0,0,0,0,0,0,445482,445284,0,0
1.388147,0,0,0,0,0,0,0,0,0,0,445821,445670,0,0
1.389754,0,0,0,0,0,0,0,0,0,0,450795,450620,0,0
1.391364,0,0,0,0,0,0,0,0,0,0,444299,444100,0,0
1.392966,0,0,0,0,0,0,0,0,0,0,444837,444676,0,0
1.394574,0,0,0,0,0,0,0,0,0,0,444579,444388,0,0
1.396192,0,0,0,0,0,0,0,0,0,0,445508,445342,0,0
1.397798,0,0,0,0,0,0,0,0,0,0,450112,449968,0,0
1.399408,0,0,0,0,0,0,0,0,0,0,445395,445181,0,0
1.401011,0,0,0,0,0,0,0,0,0,0,446267,446090,0,0
1.402619,0,0,0,0,0,0,0,0,0,0,446648,446489,0,0
1.404225,0,0,0,0,0,0,0,0,0,0,444962,444787,0,0
1.405832,0,0,0,0,0,0,0,0,0,0,449080,448903,0,0
1.407455,0,0,0,0,0,0,0,0,0,0,445786,445622,0,0
1.409059,0,0,0,0,0,0,0,0,0,0,445561,445377,0,0
1.410667,0,0,0,0,0,0,0,0,0,0,445652,445549,0,0
1.412274,0,0,0,0,0,0,0,0,0,0,446485,446236,0,0
1.413879,0,0,0,0,0,0,0,0,0,0,442979,446917,0,0
1.415486,0,0,0,0,0,0,0,0,0,0,445241,440954,0,0
1.417079,0,0,0,0,0,0,0,0,0,0,440409,440221,0,0
1.418565,0,0,0,0,0,0,0,0,0,0,414936,414463,0,0
1.420140,0,0,0,0,0,0,0,0,0,0,413334,413169,0,0
1.421743,0,0,0,0,0,0,0,0,0,0,419132,418955,0,0
1.423350,0,0,0,0,0,0,0,0,0,0,414590,414421,0,0
1.424952,0,0,0,0,0,0,0,0,0,0,413234,413059,0,0
1.426558,0,0,0,0,0,0,0,0,0,0,414281,414114,0,0
1.428165,0,0,0,0,0,0,0,0,0,0,415125,414927,0,0
1.429789,0,0,0,0,0,0,0,0,0,0,419595,419414,0,0
1.431399,0,0,0,0,0,0,0,0,0,0,413769,413601,0,0
1.433000,0,0,0,0,0,0,0,0,0,0,407208,407035,0,0
1.434607,0,0,0,0,0,0,0,0,0,0,414617,414465,0,0
1.436212,0,0,0,0,0,0,0,0,0,0,413436,413238,0,0
1.437817,0,0,0,0,0,0,0,0,0,0,387941,388378,0,0
1.439271,0,0,0,0,0,0,0,0,0,0,408510,407714,0,0
1.440726,0,0,0,0,0,0,0,0,0,0,403024,402871,0,0
1.442299,0,0,0,0,0,0,0,0,0,0,415113,414914,0,0
1.443905,0,0,0,0,0,0,0,0,0,0,414741,414568,0,0
1.445549,0,0,0,0,0,0,0,0,0,0,414884,414718,0,0
1.447153,0,0,0,0,0,0,0,0,0,0,415045,414863,0,0
1.448759,0,0,0,0,0,0,0,0,0,0,412999,412823,0,0
1.450365,0,0,0,0,0,0,0,0,0,0,412674,412507,0,0
1.451984,0,0,0,0,0,0,0,0,0,0,414249,414075,0,0
1.453630,0,0,0,0,0,0,0,0,0,0,471444,469566,0,0
1.455325,0,0,0,0,0,0,0,0,0,0,411968,413485,0,0
1.456928,0,0,0,0,0,0,0,0,0,0,412889,412724,0,0
1.458534,0,0,0,0,0,0,0,0,0,0,413744,413577,0,0
1.460139,0,0,0,0,0,0,0,0,0,0,412652,412468,0,0
1.461784,0,0,0,0,0,0,0,0,0,0,419247,419073,0,0
1.463408,0,0,0,0,0,0,0,0,0,0,412835,412672,0,0
1.465010,0,0,0,0,0,0,0,0,0,0,412017,411829,0,0
1.466616,0,0,0,0,0,0,0,0,0,0,413907,413732,0,0
1.468222,0,0,0,0,0,0,0,0,0,0,413308,413133,0,0
1.469826,0,0,0,0,0,0,0,0,0,0,418424,418248,0,0
1.471435,0,0,0,0,0,0,0,0,0,0,413050,412866,0,0
1.473037,0,0,0,0,0,0,0,0,0,0,413263,413097,0,0
1.474533,0,0,0,0,0,0,0,0,0,0,400026,399885,0,0
1.476110,0,0,0,0,0,0,0,0,0,0,415242,415021,0,0
1.477756,0,0,0,0,0,0,0,0,0,0,418252,418042,0,0
1.479366,0,0,0,0,0,0,0,0,0,0,413939,413782,0,0
1.480970,0,0,0,0,0,0,0,0,0,0,415047,414850,0,0
1.482578,0,0,0,0,0,0,0,0,0,0,413962,413798,0,0
1.484184,0,0,0,0,0,0,0,0,0,0,414191,414003,0,0
1.485802,0,0,0,0,0,0,0,0,0,0,416996,416794,0,0
1.487445,0,0,0,0,0,0,0,0,0,0,414862,414651,0,0
1.489048,0,0,0,0,0,0,0,0,0,0,414257,414085,0,0
1.490654,0,0,0,0,0,0,0,0,0,0,412732,412532,0,0
1.492257,0,0,0,0,0,0,0,0,0,0,413134,413016,0,0
1.493740,0,0,0,0,0,0,0,0,0,0,413494,413262,0,0
1.495327,0,0,0,0,0,0,0,0,0,0,414693,414480,0,0
1.496946,0,0,0,0,0,0,0,0,0,0,416038,415842,0,0
1.498555,0,0,0,0,0,0,0,0,0,0,416103,415960,0,0
1.500163,0,0,0,0,0,0,0,0,0,0,414353,414130,0,0
1.501770,0,0,0,0,0,0,0,0,0,0,419188,419009,0,0
1.503380,0,0,0,0,0,0,0,0,0,0,414796,414628,0,0
1.504986,0,0,0,0,0,0,0,0,0,0,415423,415207,0,0
1.506596,0,0,0,0,0,0,0,0,0,0,415416,415252,0,0
1.508218,0,0,0,0,0,0,0,0,0,0,414841,414655,0,0
1.509826,0,0,0,0,0,0,0,0,0,0,420379,420183,0,0
1.511438,0,0,0,0,0,0,0,0,0,0,414586,414407,0,0
1.513043,0,0,0,0,0,0,0,0,0,0,414773,414578,0,0
1.514652,0,0,0,0,0,0,0,0,0,0,417016,416828,0,0
1.516259,0,0,0,0,0,0,0,0,0,0,416202,416014,0,0
1.517864,0,0,0,0,0,0,0,0,0,0,416801,416625,0,0
1.519479,0,0,0,0,0,0,0,0,0,0,409307,409095,0,0
1.521076,0,0,0,0,0,0,0,0,0,0,410216,410030,0,0
1.522551,0,0,0,0,0,0,0,0,0,0,405225,404974,0,0
1.524126,0,0,0,0,0,0,0,0,0,0,415709,415504,0,0
1.525773,0,0,0,0,0,0,0,0,0,0,419733,419533,0,0
1.527384,0,0,0,0,0,0,0,0,0,0,414659,414493,0,0
1.528989,0,0,0,0,0,0,0,0,0,0,415714,415528,0,0
1.530487,0,0,0,0,0,0,0,0,0,0,405762,405707,0,0
1.532070,0,0,0,0,0,0,0,0,0,0,416440,416244,0,0
1.533722,0,0,0,0,0,0,0,0,0,0,421426,421209,0,0
1.535338,0,0,0,0,0,0,0,0,0,0,415914,415591,0,0
1.536948,0,0,0,0,0,0,0,0,0,0,414991,414763,0,0
1.538560,0,0,0,0,0,0,0,0,0,0,418777,418598,0,0
1.540174,0,0,0,0,0,0,0,0,0,0,416203,416001,0,0
1.541677,0,0,0,0,0,0,0,0,0,0,465502,465297,0,0
1.543352,0,0,0,0,0,0,0,0,0,0,438962,438758,0,0
1.544962,0,0,0,0,0,0,0,0,0,0,417268,417042,0,0
1.546576,0,0,0,0,0,0,0,0,0,0,418406,418296,0,0
1.548188,0,0,0,0,0,0,0,0,0,0,417684,417409,0,0
1.549800,0,0,0,0,0,0,0,0,0,0,421784,421571,0,0
1.551415,0,0,0,0,0,0,0,0,0,0,416400,416180,0,0
1.553037,0,0,0,0,0,0,0,0,0,0,413016,412824,0,0
1.554650,0,0,0,0,0,0,0,0,0,0,413284,413084,0,0
1.556263,0,0,0,0,0,0,0,0,0,0,417459,417251,0,0
1.557874,0,0,0,0,0,0,0,0,0,0,421550,421358,0,0
1.559491,0,0,0,0,0,0,0,0,0,0,416647,416431,0,0
1.561101,0,0,0,0,0,0,0,0,0,0,416659,416469,0,0
1.562715,0,0,0,0,0,0,0,0,0,0,417431,417202,0,0
1.564342,0,0,0,0,0,0,0,0,0,0,417850,417671,0,0
1.565955,0,0,0,0,0,0,0,0,0,0,466344,466210,0,0
1.567496,0,0,0,0,0,0,0,0,0,0,408847,408570,0,0
1.569076,0,0,0,0,0,0,0,0,0,0,416314,416109,0,0
1.570690,0,0,0,0,0,0,0,0,0,0,417106,416904,0,0
1.572180,0,0,0,0,0,0,0,0,0,0,434203,434552,0,0
1.573663,0,0,0,0,0,0,0,0,0,0,466467,465638,0,0
1.575202,0,0,0,0,0,0,0,0,0,0,407158,406927,0,0
1.576650,0,0,0,0,0,0,0,0,0,0,405802,405613,0,0
1.578098,0,0,0,0,0,0,0,0,0,0,406923,406717,0,0
1.579546,0,0,0,0,0,0,0,0,0,0,406473,406269,0,0
1.581365,0,0,0,0,0,0,0,0,0,0,395670,395538,0,0
1.583149,0,0,0,0,0,0,0,0,0,0,406875,406591,0,0
1.584597,0,0,0,0,0,0,0,0,0,0,407162,406957,0,0
1.586074,0,0,0,0,0,0,0,0,0,0,402440,402242,0,0
1.587656,0,0,0,0,0,0,0,0,0,0,403880,403649,0,0
1.589138,0,0,0,0,0,0,0,0,0,0,401707,401513,0,0
1.590579,0,0,0,0,0,0,0,0,0,0,403271,403058,0,0
1.592021,0,0,0,0,0,0,0,0,0,0,403081,402872,0,0
1.593460,0,0,0,0,0,0,0,0,0,0,408054,411956,0,0
1.594926,0,0,0,0,0,0,0,0,0,0,420019,415702,0,0
1.596375,0,0,0,0,0,0,0,0,0,0,402373,402177,0,0
1.597849,0,0,0,0,0,0,0,0,0,0,412656,412447,0,0
1.599304,0,0,0,0,0,0,0,0,0,0,407276,407056,0,0
1.600750,0,0,0,0,0,0,0,0,0,0,406245,406049,0,0
1.602199,0,0,0,0,0,0,0,0,0,0,455648,455462,0,0
1.603830,0,0,0,0,0,0,0,0,0,0,416636,416407,0,0
1.605485,0,0,0,0,0,0,0,0,0,0,417593,417385,0,0
1.607111,0,0,0,0,0,0,0,0,0,0,417294,417085,0,0
1.608724,0,0,0,0,0,0,0,0,0,0,416017,415868,0,0
1.610337,0,0,0,0,0,0,0,0,0,0,416619,416354,0,0
1.611950,0,0,0,0,0,0,0,0,0,0,418487,418278,0,0
1.613603,0,0,0,0,0,0,0,0,0,0,418129,417922,0,0
1.615165,0,0,0,0,0,0,0,0,0,0,407604,407387,0,0
1.616747,0,0,0,0,0,0,0,0,0,0,417978,417771,0,0
1.618374,0,0,0,0,0,0,0,0,0,0,418497,418298,0,0
1.619987,0,0,0,0,0,0,0,0,0,0,417185,416976,0,0
1.621642,0,0,0,0,0,0,0,0,0,0,472883,472667,0,0
1.623342,0,0,0,0,0,0,0,0,0,0,414089,413879,0,0
1.624981,0,0,0,0,0,0,0,0,0,0,413780,413582,0,0
1.626461,0,0,0,0,0,0,0,0,0,0,405369,405161,0,0
1.628041,0,0,0,0,0,0,0,0,0,0,415295,415088,0,0
1.629704,0,0,0,0,0,0,0,0,0,0,418602,418381,0,0
1.631318,0,0,0,0,0,0,0,0,0,0,415285,415091,0,0
1.632926,0,0,0,0,0,0,0,0,0,0,414257,414048,0,0
1.634408,0,0,0,0,0,0,0,0,0,0,403476,403255,0,0
1.635981,0,0,0,0,0,0,0,0,0,0,411265,411047,0,0
1.637625,0,0,0,0,0,0,0,0,0,0,413614,589851,0,0
1.639433,0,0,0,0,0,0,0,0,0,0,594402,417772,0,0
1.641056,0,0,0,0,0,0,0,0,0,0,416371,416162,0,0
1.642671,0,0,0,0,0,0,0,0,0,0,417436,417228,0,0
1.644284,0,0,0,0,0,0,0,0,0,0,416207,415999,0,0
1.645896,0,0,0,0,0,0,0,0,0,0,420128,419912,0,0
1.647513,0,0,0,0,0,0,0,0,0,0,418546,418333,0,0
1.649000,0,0,0,0,0,0,0,0,0,0,410717,410523,0,0
1.650464,0,0,0,0,0,0,0,0,0,0,407356,407148,0,0
1.651932,0,0,0,0,0,0,0,0,0,0,406080,405782,0,0
1.653420,0,0,0,0,0,0,0,0,0,0,406836,406615,0,0
1.654870,0,0,0,0,0,0,0,0,0,0,407115,406906,0,0
1.656318,0,0,0,0,0,0,0,0,0,0,409039,408823,0,0
1.657765,0,0,0,0,0,0,0,0,0,0,407821,407622,0,0
1.659343,0,0,0,0,0,0,0,0,0,0,415772,415576,0,0
1.660996,0,0,0,0,0,0,0,0,0,0,416683,416452,0,0
1.662623,0,0,0,0,0,0,0,0,0,0,416871,416677,0,0
1.664236,0,0,0,0,0,0,0,0,0,0,417305,417105,0,0
1.665847,0,0,0,0,0,0,0,0,0,0,420779,420572,0,0
1.667357,0,0,0,0,0,0,0,0,0,0,413009,412788,0,0
1.669001,0,0,0,0,0,0,0,0,0,0,412918,412723,0,0
1.670482,0,0,0,0,0,0,0,0,0,0,406187,405978,0,0
1.672126,0,0,0,0,0,0,0,0,0,0,415750,415541,0,0
1.673746,0,0,0,0,0,0,0,0,0,0,419752,419531,0,0
1.675361,0,0,0,0,0,0,0,0,0,0,414692,414496,0,0
1.677013,0,0,0,0,0,0,0,0,0,0,416383,416177,0,0
1.678627,0,0,0,0,0,0,0,0,0,0,415526,415307,0,0
1.680238,0,0,0,0,0,0,0,0,0,0,415896,415695,0,0
1.681848,0,0,0,0,0,0,0,0,0,0,420868,420652,0,0
1.683464,0,0,0,0,0,0,0,0,0,0,416581,416382,0,0
1.685129,0,0,0,0,0,0,0,0,0,0,416838,416629,0,0
1.686744,0,0,0,0,0,0,0,0,0,0,415327,415144,0,0
1.688355,0,0,0,0,0,0,0,0,0,0,415798,415494,0,0
1.689963,0,0,0,0,0,0,0,0,0,0,375242,375020,0,0
1.691604,0,0,0,0,0,0,0,0,0,0,414312,414118,0,0
1.693264,0,0,0,0,0,0,0,0,0,0,475868,475660,0,0
1.694822,0,0,0,0,0,0,0,0,0,0,411004,410797,0,0
1.696296,0,0,0,0,0,0,0,0,0,0,382843,382165,0,0
1.697869,0,0,0,0,0,0,0,0,0,0,386725,386565,0,0
1.699479,0,0,0,0,0,0,0,0,0,0,382273,382102,0,0
1.701124,0,0,0,0,0,0,0,0,0,0,383710,383559,0,0
1.702732,0,0,0,0,0,0,0,0,0,0,383051,382898,0,0
1.704338,0,0,0,0,0,0,0,0,0,0,382122,381944,0,0
1.705940,0,0,0,0,0,0,0,0,0,0,426353,426179,0,0
1.707609,0,0,0,0,0,0,0,0,0,0,378648,378483,0,0
1.709256,0,0,0,0,0,0,0,0,0,0,383953,383809,0,0
1.710862,0,0,0,0,0,0,0,0,0,0,383263,383064,0,0
1.712467,0,0,0,0,0,0,0,0,0,0,383170,383017,0,0
1.714074,0,0,0,0,0,0,0,0,0,0,382065,381909,0,0
1.715678,0,0,0,0,0,0,0,0,0,0,382299,382120,0,0
1.717324,0,0,0,0,0,0,0,0,0,0,383530,383370,0,0
1.718942,0,0,0,0,0,0,0,0,0,0,383592,383448,0,0
1.720547,0,0,0,0,0,0,0,0,0,0,382786,382599,0,0
1.722155,0,0,0,0,0,0,0,0,0,0,383736,383557,0,0
1.723760,0,0,0,0,0,0,0,0,0,0,381662,381460,0,0
1.725405,0,0,0,0,0,0,0,0,0,0,382626,382470,0,0
1.727008,0,0,0,0,0,0,0,0,0,0,380989,380845,0,0
1.728606,0,0,0,0,0,0,0,0,0,0,379492,379339,0,0
1.730255,0,0,0,0,0,0,0,0,0,0,410138,409940,0,0
1.731877,0,0,0,0,0,0,0,0,0,0,381563,381410,0,0
1.733522,0,0,0,0,0,0,0,0,0,0,383652,383496,0,0
1.735128,0,0,0,0,0,0,0,0,0,0,382443,382269,0,0
1.736732,0,0,0,0,0,0,0,0,0,0,382053,381901,0,0
1.738338,0,0,0,0,0,0,0,0,0,0,386103,385924,0,0
1.739948,0,0,0,0,0,0,0,0,0,0,382421,382247,0,0
1.741607,0,0,0,0,0,0,0,0,0,0,383875,383709,0,0
1.743752,0,0,0,0,0,0,0,0,0,0,386639,386485,0,0
1.745360,0,0,0,0,0,0,0,0,0,0,384143,383987,0,0
1.746967,0,0,0,0,0,0,0,0,0,0,380079,379913,0,0
1.748574,0,0,0,0,0,0,0,0,0,0,383652,383467,0,0
1.750183,0,0,0,0,0,0,0,0,0,0,384423,384278,0,0
1.751680,0,0,0,0,0,0,0,0,0,0,374273,374123,0,0
1.753258,0,0,0,0,0,0,0,0,0,0,384151,384026,0,0
1.754866,0,0,0,0,0,0,0,0,0,0,385040,384798,0,0
1.756476,0,0,0,0,0,0,0,0,0,0,384377,384208,0,0
1.758088,0,0,0,0,0,0,0,0,0,0,384581,384416,0,0
1.759696,0,0,0,0,0,0,0,0,0,0,383753,383610,0,0
1.761302,0,0,0,0,0,0,0,0,0,0,384695,384477,0,0
1.762924,0,0,0,0,0,0,0,0,0,0,380624,380458,0,0
1.764557,0,0,0,0,0,0,0,0,0,0,380884,380699,0,0
1.766284,0,0,0,0,0,0,0,0,0,0,391776,391573,0,0
1.767780,0,0,0,0,0,0,0,0,0,0,376868,376711,0,0
1.769228,0,0,0,0,0,0,0,0,0,0,375883,375708,0,0
1.770676,0,0,0,0,0,0,0,0,0,0,374628,374442,0,0
1.772120,0,0,0,0,0,0,0,0,0,0,374446,374249,0,0
1.773614,0,0,0,0,0,0,0,0,0,0,375144,374988,0,0
1.775124,0,0,0,0,0,0,0,0,0,0,374131,373954,0,0
1.776697,0,0,0,0,0,0,0,0,0,0,383621,383444,0,0
1.778307,0,0,0,0,0,0,0,0,0,0,383980,383791,0,0
1.779915,0,0,0,0,0,0,0,0,0,0,384141,384010,0,0
1.781564,0,0,0,0,0,0,0,0,0,0,384939,384707,0,0
1.783044,0,0,0,0,0,0,0,0,0,0,374481,374325,0,0
1.784632,0,0,0,0,0,0,0,0,0,0,382871,382674,0,0
1.786241,0,0,0,0,0,0,0,0,0,0,383965,383822,0,0
1.787850,0,0,0,0,0,0,0,0,0,0,385306,385116,0,0
1.789500,0,0,0,0,0,0,0,0,0,0,386239,386074,0,0
1.791108,0,0,0,0,0,0,0,0,0,0,383697,383496,0,0
1.792716,0,0,0,0,0,0,0,0,0,0,383675,383451,0,0
1.794325,0,0,0,0,0,0,0,0,0,0,385279,385091,0,0
1.795947,0,0,0,0,0,0,0,0,0,0,386970,386792,0,0
1.797597,0,0,0,0,0,0,0,0,0,0,385708,385545,0,0
1.799267,0,0,0,0,0,0,0,0,0,0,384951,384754,0,0
1.800874,0,0,0,0,0,0,0,0,0,0,383784,383594,0,0
1.802484,0,0,0,0,0,0,0,0,0,0,384909,384744,0,0
1.804093,0,0,0,0,0,0,0,0,0,0,383549,383352,0,0
1.805742,0,0,0,0,0,0,0,0,0,0,387297,387141,0,0
1.807242,0,0,0,0,0,0,0,0,0,0,376660,376614,0,0
1.808825,0,0,0,0,0,0,0,0,0,0,385048,384845,0,0
1.810439,0,0,0,0,0,0,0,0,0,0,386067,385875,0,0
1.812053,0,0,0,0,0,0,0,0,0,0,387590,387398,0,0
1.813707,0,0,0,0,0,0,0,0,0,0,389175,388982,0,0
1.815323,0,0,0,0,0,0,0,0,0,0,385950,385757,0,0
1.816935,0,0,0,0,0,0,0,0,0,0,385276,385153,0,0
1.818562,0,0,0,0,0,0,0,0,0,0,385812,385561,0,0
1.820175,0,0,0,0,0,0,0,0,0,0,385645,385443,0,0
1.821788,0,0,0,0,0,0,0,0,0,0,390013,389822,0,0
1.823405,0,0,0,0,0,0,0,0,0,0,386088,385896,0,0
1.825015,0,0,0,0,0,0,0,0,0,0,384917,384726,0,0
1.826629,0,0,0,0,0,0,0,0,0,0,382234,382019,0,0
1.828234,0,0,0,0,0,0,0,0,0,0,381829,381669,0,0
1.829850,0,0,0,0,0,0,0,0,0,0,459714,459531,0,0
1.831422,0,0,0,0,0,0,0,0,0,0,374620,374407,0,0
1.832868,0,0,0,0,0,0,0,0,0,0,372249,372037,0,0
1.834329,0,0,0,0,0,0,0,0,0,0,381396,381224,0,0
1.835935,0,0,0,0,0,0,0,0,0,0,384767,384598,0,0
1.837602,0,0,0,0,0,0,0,0,0,0,398913,451968,0,0
1.839197,0,0,0,0,0,0,0,0,0,0,429946,376506,0,0
1.840659,0,0,0,0,0,0,0,0,0,0,376967,376754,0,0
1.842110,0,0,0,0,0,0,0,0,0,0,375959,375820,0,0
1.843556,0,0,0,0,0,0,0,0,0,0,374949,374704,0,0
1.845039,0,0,0,0,0,0,0,0,0,0,374988,374796,0,0
1.846484,0,0,0,0,0,0,0,0,0,0,375368,375197,0,0
1.848057,0,0,0,0,0,0,0,0,0,0,385903,385689,0,0
1.849667,0,0,0,0,0,0,0,0,0,0,436605,460981,0,0
1.851375,0,0,0,0,0,0,0,0,0,0,409069,384311,0,0
1.853028,0,0,0,0,0,0,0,0,0,0,385043,384851,0,0
1.854641,0,0,0,0,0,0,0,0,0,0,385315,385110,0,0
1.856252,0,0,0,0,0,0,0,0,0,0,384680,384499,0,0
1.857862,0,0,0,0,0,0,0,0,0,0,388853,388727,0,0
1.859477,0,0,0,0,0,0,0,0,0,0,385327,385089,0,0
1.861130,0,0,0,0,0,0,0,0,0,0,385355,385141,0,0
1.862631,0,0,0,0,0,0,0,0,0,0,375169,374995,0,0
1.864214,0,0,0,0,0,0,0,0,0,0,386638,386422,0,0
1.865823,0,0,0,0,0,0,0,0,0,0,421469,421273,0,0
1.867477,0,0,0,0,0,0,0,0,0,0,384231,384034,0,0
1.869129,0,0,0,0,0,0,0,0,0,0,385317,385122,0,0
1.870742,0,0,0,0,0,0,0,0,0,0,384758,384561,0,0
1.872354,0,0,0,0,0,0,0,0,0,0,384560,384365,0,0
1.874056,0,0,0,0,0,0,0,0,0,0,365126,364931,0,0
1.875515,0,0,0,0,0,0,0,0,0,0,375714,375517,0,0
1.877136,0,0,0,0,0,0,0,0,0,0,385036,384821,0,0
1.878747,0,0,0,0,0,0,0,0,0,0,385977,385799,0,0
1.880358,0,0,0,0,0,0,0,0,0,0,383588,383395,0,0
1.881965,0,0,0,0,0,0,0,0,0,0,349695,349499,0,0
1.883603,0,0,0,0,0,0,0,0,0,0,384568,384394,0,0
1.885379,0,0,0,0,0,0,0,0,0,0,387788,387584,0,0
1.887001,0,0,0,0,0,0,0,0,0,0,556676,556468,0,0
1.888711,0,0,0,0,0,0,0,0,0,0,391466,391269,0,0
1.890200,0,0,0,0,0,0,0,0,0,0,343449,343265,0,0
1.891674,0,0,0,0,0,0,0,0,0,0,377351,377149,0,0
1.893146,0,0,0,0,0,0,0,0,0,0,374360,374153,0,0
1.894594,0,0,0,0,0,0,0,0,0,0,385446,385258,0,0
1.896440,0,0,0,0,0,0,0,0,0,0,422183,422000,0,0
1.897970,0,0,0,0,0,0,0,0,0,0,388889,388659,0,0
1.899537,0,0,0,0,0,0,0,0,0,0,396515,396334,0,0
1.901154,0,0,0,0,0,0,0,0,0,0,490428,490311,0,0
1.902758,0,0,0,0,0,0,0,0,0,0,384166,383890,0,0
1.904217,0,0,0,0,0,0,0,0,0,0,372831,372636,0,0
1.905658,0,0,0,0,0,0,0,0,0,0,491605,491411,0,0
1.907246,0,0,0,0,0,0,0,0,0,0,376222,376027,0,0
1.908695,0,0,0,0,0,0,0,0,0,0,408042,407808,0,0
1.910180,0,0,0,0,0,0,0,0,0,0,376769,376597,0,0
1.911757,0,0,0,0,0,0,0,0,0,0,385331,385135,0,0
1.913368,0,0,0,0,0,0,0,0,0,0,385638,385499,0,0
1.914981,0,0,0,0,0,0,0,0,0,0,385857,385584,0,0
1.916594,0,0,0,0,0,0,0,0,0,0,385880,385691,0,0
1.918262,0,0,0,0,0,0,0,0,0,0,385684,385480,0,0
1.919875,0,0,0,0,0,0,0,0,0,0,384951,384756,0,0
1.921486,0,0,0,0,0,0,0,0,0,0,384901,384713,0,0
1.923098,0,0,0,0,0,0,0,0,0,0,386277,386072,0,0
1.924711,0,0,0,0,0,0,0,0,0,0,423241,423045,0,0
1.926371,0,0,0,0,0,0,0,0,0,0,385557,385362,0,0
1.927984,0,0,0,0,0,0,0,0,0,0,388149,387942,0,0
1.929609,0,0,0,0,0,0,0,0,0,0,384515,384330,0,0
1.931170,0,0,0,0,0,0,0,0,0,0,439727,439511,0,0
1.932751,0,0,0,0,0,0,0,0,0,0,423237,423062,0,0
1.934411,0,0,0,0,0,0,0,0,0,0,382119,381924,0,0
1.936016,0,0,0,0,0,0,0,0,0,0,382010,381815,0,0
1.937617,0,0,0,0,0,0,0,0,0,0,381371,381174,0,0
1.939365,0,0,0,0,0,0,0,0,0,0,500599,500402,0,0
1.941031,0,0,0,0,0,0,0,0,0,0,385995,385800,0,0
1.942644,0,0,0,0,0,0,0,0,0,0,385762,385564,0,0
1.944255,0,0,0,0,0,0,0,0,0,0,384722,384526,0,0
1.945864,0,0,0,0,0,0,0,0,0,0,388688,388494,0,0
1.947480,0,0,0,0,0,0,0,0,0,0,384442,384245,0,0
1.949132,0,0,0,0,0,0,0,0,0,0,384073,383877,0,0
1.950745,0,0,0,0,0,0,0,0,0,0,386099,385924,0,0
1.952369,0,0,0,0,0,0,0,0,0,0,382744,382527,0,0
1.954055,0,0,0,0,0,0,0,0,0,0,440608,440412,0,0
1.955730,0,0,0,0,0,0,0,0,0,0,383865,383668,0,0
1.957383,0,0,0,0,0,0,0,0,0,0,385468,385340,0,0
1.958995,0,0,0,0,0,0,0,0,0,0,384062,383797,0,0
1.960605,0,0,0,0,0,0,0,0,0,0,384869,384695,0,0
1.962217,0,0,0,0,0,0,0,0,0,0,384857,384641,0,0
1.963841,0,0,0,0,0,0,0,0,0,0,385287,385092,0,0
1.965494,0,0,0,0,0,0,0,0,0,0,385270,385074,0,0
1.967105,0,0,0,0,0,0,0,0,0,0,384216,384019,0,0
1.968716,0,0,0,0,0,0,0,0,0,0,384915,384721,0,0
1.970327,0,0,0,0,0,0,0,0,0,0,385180,384992,0,0
1.971938,0,0,0,0,0,0,0,0,0,0,384439,384235,0,0
1.973591,0,0,0,0,0,0,0,0,0,0,385471,385275,0,0
1.975155,0,0,0,0,0,0,0,0,0,0,353188,352521,0,0
1.976738,0,0,0,0,0,0,0,0,0,0,340326,340135,0,0
1.978350,0,0,0,0,0,0,0,0,0,0,339175,339000,0,0
1.979959,0,0,0,0,0,0,0,0,0,0,708175,708012,0,0
1.981948,0,0,0,0,0,0,0,0,0,0,390821,390646,0,0
1.983482,0,0,0,0,0,0,0,0,0,0,332178,331991,0,0
1.984931,0,0,0,0,0,0,0,0,0,0,332527,332352,0,0
1.986390,0,0,0,0,0,0,0,0,0,0,333116,332960,0,0
1.987839,0,0,0,0,0,0,0,0,0,0,332079,331895,0,0
1.989322,0,0,0,0,0,0,0,0,0,0,333154,333000,0,0
1.990771,0,0,0,0,0,0,0,0,0,0,331762,331575,0,0
1.992217,0,0,0,0,0,0,0,0,0,0,332305,332142,0,0
1.993664,0,0,0,0,0,0,0,0,0,0,372933,372736,0,0
1.995320,0,0,0,0,0,0,0,0,0,0,340566,340411,0,0
1.996985,0,0,0,0,0,0,0,0,0,0,341135,340962,0,0
1.998599,0,0,0,0,0,0,0,0,0,0,341256,341083,0,0
2.000212,0,0,0,0,0,0,0,0,0,0,341025,340849,0,0
2.001823,0,0,0,0,0,0,0,0,0,0,371780,371604,0,0
2.003479,0,0,0,0,0,0,0,0,0,0,340261,340069,0,0
2.005131,0,0,0,0,0,0,0,0,0,0,340863,340735,0,0
2.006745,0,0,0,0,0,0,0,0,0,0,342105,341883,0,0
2.008371,0,0,0,0,0,0,0,0,0,0,343100,342915,0,0
2.010053,0,0,0,0,0,0,0,0,0,0,390307,390133,0,0
2.011731,0,0,0,0,0,0,0,0,0,0,340224,340060,0,0
2.013385,0,0,0,0,0,0,0,0,0,0,341536,341368,0,0
2.014998,0,0,0,0,0,0,0,0,0,0,341109,340917,0,0
2.016611,0,0,0,0,0,0,0,0,0,0,341071,340896,0,0
2.018227,0,0,0,0,0,0,0,0,0,0,341162,340987,0,0
2.019852,0,0,0,0,0,0,0,0,0,0,341122,340977,0,0
2.021507,0,0,0,0,0,0,0,0,0,0,340710,340517,0,0
2.023120,0,0,0,0,0,0,0,0,0,0,340872,340705,0,0
2.024732,0,0,0,0,0,0,0,0,0,0,341399,341216,0,0
2.026347,0,0,0,0,0,0,0,0,0,0,340486,340318,0,0
2.027961,0,0,0,0,0,0,0,0,0,0,340355,340172,0,0
2.029615,0,0,0,0,0,0,0,0,0,0,342062,341895,0,0
2.031191,0,0,0,0,0,0,0,0,0,0,386299,386133,0,0
2.032773,0,0,0,0,0,0,0,0,0,0,342017,341841,0,0
2.034388,0,0,0,0,0,0,0,0,0,0,340165,339946,0,0
2.036000,0,0,0,0,0,0,0,0,0,0,340309,340142,0,0
2.037655,0,0,0,0,0,0,0,0,0,0,387547,387387,0,0
2.039356,0,0,0,0,0,0,0,0,0,0,357370,357232,0,0
2.040958,0,0,0,0,0,0,0,0,0,0,338719,338495,0,0
2.042451,0,0,0,0,0,0,0,0,0,0,332556,332369,0,0
2.044068,0,0,0,0,0,0,0,0,0,0,340028,339848,0,0
2.045721,0,0,0,0,0,0,0,0,0,0,342929,342769,0,0
2.047337,0,0,0,0,0,0,0,0,0,0,339568,339371,0,0
2.048947,0,0,0,0,0,0,0,0,0,0,340591,340413,0,0
2.050559,0,0,0,0,0,0,0,0,0,0,341036,340878,0,0
2.052172,0,0,0,0,0,0,0,0,0,0,339978,339801,0,0
2.053797,0,0,0,0,0,0,0,0,0,0,343122,342954,0,0
2.055413,0,0,0,0,0,0,0,0,0,0,339381,339174,0,0
2.057023,0,0,0,0,0,0,0,0,0,0,340178,340011,0,0
2.058637,0,0,0,0,0,0,0,0,0,0,339911,339742,0,0
2.060249,0,0,0,0,0,0,0,0,0,0,339507,339203,0,0
2.061860,0,0,0,0,0,0,0,0,0,0,343908,343749,0,0
2.063477,0,0,0,0,0,0,0,0,0,0,339524,339339,0,0
2.065101,0,0,0,0,0,0,0,0,0,0,339135,338946,0,0
2.066713,0,0,0,0,0,0,0,0,0,0,339202,339094,0,0
2.068325,0,0,0,0,0,0,0,0,0,0,339138,338908,0,0
2.069936,0,0,0,0,0,0,0,0,0,0,332255,332136,0,0
2.071411,0,0,0,0,0,0,0,0,0,0,332651,332413,0,0
2.072862,0,0,0,0,0,0,0,0,0,0,330845,330661,0,0
2.074441,0,0,0,0,0,0,0,0,0,0,340166,339997,0,0
2.076065,0,0,0,0,0,0,0,0,0,0,340906,340729,0,0
2.077719,0,0,0,0,0,0,0,0,0,0,343071,342945,0,0
2.079335,0,0,0,0,0,0,0,0,0,0,339071,338841,0,0
2.080945,0,0,0,0,0,0,0,0,0,0,340665,340469,0,0
2.082557,0,0,0,0,0,0,0,0,0,0,340545,340366,0,0
2.084171,0,0,0,0,0,0,0,0,0,0,339580,339420,0,0
2.085783,0,0,0,0,0,0,0,0,0,0,342065,341889,0,0
2.087348,0,0,0,0,0,0,0,0,0,0,358769,360963,0,0
2.088997,0,0,0,0,0,0,0,0,0,0,376847,376572,0,0
2.090541,0,0,0,0,0,0,0,0,0,0,373007,372735,0,0
2.092200,0,0,0,0,0,0,0,0,0,0,373433,373162,0,0
2.093885,0,0,0,0,0,0,0,0,0,0,393066,392793,0,0
2.095467,0,0,0,0,0,0,0,0,0,0,371950,371681,0,0
2.097128,0,0,0,0,0,0,0,0,0,0,374894,374676,0,0
2.098829,0,0,0,0,0,0,0,0,0,0,374968,374653,0,0
2.100514,0,0,0,0,0,0,0,0,0,0,375202,374932,0,0
2.102202,0,0,0,0,0,0,0,0,0,0,373637,373362,0,0
2.103889,0,0,0,0,0,0,0,0,0,0,374436,374161,0,0
2.105574,0,0,0,0,0,0,0,0,0,0,375369,428346,0,0
2.107362,0,0,0,0,0,0,0,0,0,0,427516,373993,0,0
2.109106,0,0,0,0,0,0,0,0,0,0,379548,379275,0,0
2.110794,0,0,0,0,0,0,0,0,0,0,374458,374200,0,0
2.112480,0,0,0,0,0,0,0,0,0,0,375064,374789,0,0
2.114167,0,0,0,0,0,0,0,0,0,0,375211,374939,0,0
2.115854,0,0,0,0,0,0,0,0,0,0,374470,374196,0,0
2.117585,0,0,0,0,0,0,0,0,0,0,435972,435698,0,0
2.119235,0,0,0,0,0,0,0,0,0,0,371966,371715,0,0
2.120891,0,0,0,0,0,0,0,0,0,0,375848,375553,0,0
2.122580,0,0,0,0,0,0,0,0,0,0,374816,374583,0,0
2.124266,0,0,0,0,0,0,0,0,0,0,378485,378213,0,0
2.125953,0,0,0,0,0,0,0,0,0,0,405433,405176,0,0
2.127675,0,0,0,0,0,0,0,0,0,0,374750,374503,0,0
2.129357,0,0,0,0,0,0,0,0,0,0,375233,374965,0,0
2.131055,0,0,0,0,0,0,0,0,0,0,378706,378429,0,0
2.132742,0,0,0,0,0,0,0,0,0,0,376199,375925,0,0
2.134431,0,0,0,0,0,0,0,0,0,0,374536,374263,0,0
2.136117,0,0,0,0,0,0,0,0,0,0,375188,374915,0,0
2.137802,0,0,0,0,0,0,0,0,0,0,393935,393661,0,0
2.139515,0,0,0,0,0,0,0,0,0,0,379116,378865,0,0
2.141259,0,0,0,0,0,0,0,0,0,0,375811,375534,0,0
2.142946,0,0,0,0,0,0,0,0,0,0,376310,376037,0,0
2.144624,0,0,0,0,0,0,0,0,0,0,372903,372633,0,0
2.146162,0,0,0,0,0,0,0,0,0,0,373717,373439,0,0
2.147819,0,0,0,0,0,0,0,0,0,0,379841,379573,0,0
2.149550,0,0,0,0,0,0,0,0,0,0,375498,375237,0,0
2.151309,0,0,0,0,0,0,0,0,0,0,413477,413204,0,0
2.152993,0,0,0,0,0,0,0,0,0,0,374711,374441,0,0
2.154680,0,0,0,0,0,0,0,0,0,0,374866,374650,0,0
2.156366,0,0,0,0,0,0,0,0,0,0,374860,374546,0,0
2.158055,0,0,0,0,0,0,0,0,0,0,374877,374607,0,0
2.159741,0,0,0,0,0,0,0,0,0,0,375311,375037,0,0
2.161440,0,0,0,0,0,0,0,0,0,0,379494,379218,0,0
2.163128,0,0,0,0,0,0,0,0,0,0,374026,373752,0,0
2.164813,0,0,0,0,0,0,0,0,0,0,415687,415414,0,0
2.166551,0,0,0,0,0,0,0,0,0,0,375633,375360,0,0
2.168237,0,0,0,0,0,0,0,0,0,0,376747,376512,0,0
2.169922,0,0,0,0,0,0,0,0,0,0,377021,376749,0,0
2.171622,0,0,0,0,0,0,0,0,0,0,378477,378203,0,0
2.173355,0,0,0,0,0,0,0,0,0,0,375745,375474,0,0
2.175041,0,0,0,0,0,0,0,0,0,0,375043,374771,0,0
2.176727,0,0,0,0,0,0,0,0,0,0,375269,374994,0,0
2.178417,0,0,0,0,0,0,0,0,0,0,371536,371285,0,0
2.180095,0,0,0,0,0,0,0,0,0,0,370664,370370,0,0
2.181785,0,0,0,0,0,0,0,0,0,0,381954,381780,0,0
2.183524,0,0,0,0,0,0,0,0,0,0,377085,376713,0,0
2.185111,0,0,0,0,0,0,0,0,0,0,370414,370146,0,0
2.186634,0,0,0,0,0,0,0,0,0,0,367244,366967,0,0
2.188187,0,0,0,0,0,0,0,0,0,0,367198,366926,0,0
2.189748,0,0,0,0,0,0,0,0,0,0,368287,368016,0,0
2.191264,0,0,0,0,0,0,0,0,0,0,370328,370077,0,0
2.192802,0,0,0,0,0,0,0,0,0,0,348432,347578,0,0
2.194453,0,0,0,0,0,0,0,0,0,0,337035,336783,0,0
2.196138,0,0,0,0,0,0,0,0,0,0,336127,335878,0,0
2.197821,0,0,0,0,0,0,0,0,0,0,340032,339780,0,0
2.199511,0,0,0,0,0,0,0,0,0,0,337853,337603,0,0
2.201195,0,0,0,0,0,0,0,0,0,0,337492,337242,0,0
2.202881,0,0,0,0,0,0,0,0,0,0,337715,337333,0,0
2.204580,0,0,0,0,0,0,0,0,0,0,336429,336233,0,0
2.206266,0,0,0,0,0,0,0,0,0,0,337185,336890,0,0
2.207950,0,0,0,0,0,0,0,0,0,0,337116,336864,0,0
2.209633,0,0,0,0,0,0,0,0,0,0,410991,410740,0,0
2.211436,0,0,0,0,0,0,0,0,0,0,340449,340242,0,0
2.213169,0,0,0,0,0,0,0,0,0,0,337560,337309,0,0
2.214867,0,0,0,0,0,0,0,0,0,0,337514,337265,0,0
2.216552,0,0,0,0,0,0,0,0,0,0,337872,337622,0,0
2.218238,0,0,0,0,0,0,0,0,0,0,337614,337366,0,0
2.219924,0,0,0,0,0,0,0,0,0,0,337418,337168,0,0
2.221655,0,0,0,0,0,0,0,0,0,0,407161,403607,0,0
2.223447,0,0,0,0,0,0,0,0,0,0,338198,341252,0,0
2.225148,0,0,0,0,0,0,0,0,0,0,337360,337110,0,0
2.226832,0,0,0,0,0,0,0,0,0,0,336519,336270,0,0
2.228517,0,0,0,0,0,0,0,0,0,0,336879,336474,0,0
2.230204,0,0,0,0,0,0,0,0,0,0,337368,337120,0,0
2.231890,0,0,0,0,0,0,0,0,0,0,336380,336129,0,0
2.233574,0,0,0,0,0,0,0,0,0,0,337579,382384,0,0
2.235224,0,0,0,0,0,0,0,0,0,0,376733,331429,0,0
2.236877,0,0,0,0,0,0,0,0,0,0,335659,335408,0,0
2.238430,0,0,0,0,0,0,0,0,0,0,332580,332330,0,0
2.240089,0,0,0,0,0,0,0,0,0,0,337655,337407,0,0
2.241773,0,0,0,0,0,0,0,0,0,0,341212,340963,0,0
2.243465,0,0,0,0,0,0,0,0,0,0,339024,338772,0,0
2.245198,0,0,0,0,0,0,0,0,0,0,337935,337684,0,0
2.246768,0,0,0,0,0,0,0,0,0,0,333934,333674,0,0
2.248418,0,0,0,0,0,0,0,0,0,0,336308,336050,0,0
2.250214,0,0,0,0,0,0,0,0,0,0,336817,336560,0,0
2.251894,0,0,0,0,0,0,0,0,0,0,336887,336627,0,0
2.253626,0,0,0,0,0,0,0,0,0,0,374349,374092,0,0
2.255370,0,0,0,0,0,0,0,0,0,0,337126,336865,0,0
2.257067,0,0,0,0,0,0,0,0,0,0,337707,337451,0,0
2.258755,0,0,0,0,0,0,0,0,0,0,337326,337066,0,0
2.260440,0,0,0,0,0,0,0,0,0,0,337014,336755,0,0
2.262127,0,0,0,0,0,0,0,0,0,0,336165,335905,0,0
2.263811,0,0,0,0,0,0,0,0,0,0,336982,336726,0,0
2.265495,0,0,0,0,0,0,0,0,0,0,337328,337069,0,0
2.267131,0,0,0,0,0,0,0,0,0,0,330135,329876,0,0
2.268786,0,0,0,0,0,0,0,0,0,0,369151,368890,0,0
2.270522,0,0,0,0,0,0,0,0,0,0,336784,336564,0,0
2.272207,0,0,0,0,0,0,0,0,0,0,336210,335951,0,0
2.273890,0,0,0,0,0,0,0,0,0,0,340135,339876,0,0
2.275579,0,0,0,0,0,0,0,0,0,0,336830,336572,0,0
2.277325,0,0,0,0,0,0,0,0,0,0,337257,337000,0,0
2.279010,0,0,0,0,0,0,0,0,0,0,337062,336805,0,0
2.280695,0,0,0,0,0,0,0,0,0,0,336751,336492,0,0
2.282382,0,0,0,0,0,0,0,0,0,0,337727,337468,0,0
2.284067,0,0,0,0,0,0,0,0,0,0,337754,337512,0,0
2.285798,0,0,0,0,0,0,0,0,0,0,356404,356149,0,0
2.287513,0,0,0,0,0,0,0,0,0,0,337504,337244,0,0
2.289197,0,0,0,0,0,0,0,0,0,0,337167,336907,0,0
2.290881,0,0,0,0,0,0,0,0,0,0,335635,335374,0,0
2.292566,0,0,0,0,0,0,0,0,0,0,336769,336514,0,0
2.294253,0,0,0,0,0,0,0,0,0,0,337026,336770,0,0
2.295809,0,0,0,0,0,0,0,0,0,0,332382,332122,0,0
2.297467,0,0,0,0,0,0,0,0,0,0,336206,335964,0,0
2.299032,0,0,0,0,0,0,0,0,0,0,333138,332880,0,0
2.300686,0,0,0,0,0,0,0,0,0,0,373483,373228,0,0
2.302422,0,0,0,0,0,0,0,0,0,0,337516,337258,0,0
2.304108,0,0,0,0,0,0,0,0,0,0,336770,336511,0,0
2.305792,0,0,0,0,0,0,0,0,0,0,340490,340232,0,0
2.307482,0,0,0,0,0,0,0,0,0,0,337184,336926,0,0
2.309228,0,0,0,0,0,0,0,0,0,0,338132,337872,0,0
2.310914,0,0,0,0,0,0,0,0,0,0,336507,336248,0,0
2.312599,0,0,0,0,0,0,0,0,0,0,337278,337018,0,0
2.314286,0,0,0,0,0,0,0,0,0,0,337275,337038,0,0
2.315971,0,0,0,0,0,0,0,0,0,0,336572,336311,0,0
2.317702,0,0,0,0,0,0,0,0,0,0,338486,338227,0,0
2.319405,0,0,0,0,0,0,0,0,0,0,336853,336596,0,0
2.321088,0,0,0,0,0,0,0,0,0,0,337018,336757,0,0
2.322775,0,0,0,0,0,0,0,0,0,0,337008,336750,0,0
2.324462,0,0,0,0,0,0,0,0,0,0,336560,336302,0,0
2.326149,0,0,0,0,0,0,0,0,0,0,337726,337469,0,0
2.327834,0,0,0,0,0,0,0,0,0,0,335729,335471,0,0
2.329529,0,0,0,0,0,0,0,0,0,0,337684,337427,0,0
2.331291,0,0,0,0,0,0,0,0,0,0,336437,336178,0,0
2.333022,0,0,0,0,0,0,0,0,0,0,337172,336913,0,0
2.334746,0,0,0,0,0,0,0,0,0,0,336948,336689,0,0
2.336432,0,0,0,0,0,0,0,0,0,0,337475,337217,0,0
2.338116,0,0,0,0,0,0,0,0,0,0,336815,336574,0,0
2.339806,0,0,0,0,0,0,0,0,0,0,338168,337935,0,0
2.341554,0,0,0,0,0,0,0,0,0,0,338676,338419,0,0
2.343219,0,0,0,0,0,0,0,0,0,0,392696,392434,0,0
2.344740,0,0,0,0,0,0,0,0,0,0,332416,332157,0,0
2.346257,0,0,0,0,0,0,0,0,0,0,331677,331422,0,0
2.347773,0,0,0,0,0,0,0,0,0,0,334967,334708,0,0
2.349329,0,0,0,0,0,0,0,0,0,0,331738,331478,0,0
2.350855,0,0,0,0,0,0,0,0,0,0,328014,327754,0,0
2.352499,0,0,0,0,0,0,0,0,0,0,334063,333803,0,0
2.354243,0,0,0,0,0,0,0,0,0,0,340191,339935,0,0
2.355928,0,0,0,0,0,0,0,0,0,0,338340,338082,0,0
2.357660,0,0,0,0,0,0,0,0,0,0,374007,377845,0,0
2.359412,0,0,0,0,0,0,0,0,0,0,340903,336557,0,0
2.361110,0,0,0,0,0,0,0,0,0,0,336865,336616,0,0
2.362796,0,0,0,0,0,0,0,0,0,0,339615,339358,0,0
2.364482,0,0,0,0,0,0,0,0,0,0,337805,337545,0,0
2.366168,0,0,0,0,0,0,0,0,0,0,340394,340154,0,0
2.367854,0,0,0,0,0,0,0,0,0,0,337705,337444,0,0
2.369539,0,0,0,0,0,0,0,0,0,0,338991,338757,0,0
2.371171,0,0,0,0,0,0,0,0,0,0,331956,331699,0,0
2.372816,0,0,0,0,0,0,0,0,0,0,368125,367885,0,0
2.374412,0,0,0,0,0,0,0,0,0,0,328623,328361,0,0
2.376067,0,0,0,0,0,0,0,0,0,0,338173,337916,0,0
2.377751,0,0,0,0,0,0,0,0,0,0,337514,337255,0,0
2.379442,0,0,0,0,0,0,0,0,0,0,337962,337706,0,0
2.381176,0,0,0,0,0,0,0,0,0,0,338433,338172,0,0
2.382876,0,0,0,0,0,0,0,0,0,0,337610,337352,0,0
2.384563,0,0,0,0,0,0,0,0,0,0,337102,336842,0,0
2.386251,0,0,0,0,0,0,0,0,0,0,338632,338373,0,0
2.387937,0,0,0,0,0,0,0,0,0,0,337497,337237,0,0
2.389670,0,0,0,0,0,0,0,0,0,0,407212,406952,0,0
2.391466,0,0,0,0,0,0,0,0,0,0,337245,337023,0,0
2.393165,0,0,0,0,0,0,0,0,0,0,338212,337953,0,0
2.394854,0,0,0,0,0,0,0,0,0,0,337735,337476,0,0
2.396540,0,0,0,0,0,0,0,0,0,0,337500,337242,0,0
2.398229,0,0,0,0,0,0,0,0,0,0,338337,338077,0,0
2.399914,0,0,0,0,0,0,0,0,0,0,345398,345168,0,0
2.401487,0,0,0,0,0,0,0,0,0,0,704444,704210,0,0
2.403590,0,0,0,0,0,0,0,0,0,0,327371,326521,0,0
2.405166,0,0,0,0,0,0,0,0,0,0,309332,308945,0,0
2.406687,0,0,0,0,0,0,0,0,0,0,304833,304277,0,0
2.408202,0,0,0,0,0,0,0,0,0,0,304723,304336,0,0
2.409717,0,0,0,0,0,0,0,0,0,0,306110,305721,0,0
2.411234,0,0,0,0,0,0,0,0,0,0,304590,304125,0,0
2.412884,0,0,0,0,0,0,0,0,0,0,310766,310311,0,0
2.414594,0,0,0,0,0,0,0,0,0,0,311268,310887,0,0
2.416281,0,0,0,0,0,0,0,0,0,0,310562,310329,0,0
2.417966,0,0,0,0,0,0,0,0,0,0,372021,371783,0,0
2.419712,0,0,0,0,0,0,0,0,0,0,306901,306509,0,0
2.421282,0,0,0,0,0,0,0,0,0,0,307133,306748,0,0
2.422803,0,0,0,0,0,0,0,0,0,0,304607,304228,0,0
2.424318,0,0,0,0,0,0,0,0,0,0,306247,305907,0,0
2.425844,0,0,0,0,0,0,0,0,0,0,306800,306411,0,0
2.427362,0,0,0,0,0,0,0,0,0,0,304994,304605,0,0
2.428876,0,0,0,0,0,0,0,0,0,0,329430,329093,0,0
2.430434,0,0,0,0,0,0,0,0,0,0,304783,304388,0,0
2.431948,0,0,0,0,0,0,0,0,0,0,304095,303701,0,0
2.433462,0,0,0,0,0,0,0,0,0,0,304062,303828,0,0
2.435113,0,0,0,0,0,0,0,0,0,0,310522,310137,0,0
2.436813,0,0,0,0,0,0,0,0,0,0,340445,340068,0,0
2.438437,0,0,0,0,0,0,0,0,0,0,312703,312481,0,0
2.439984,0,0,0,0,0,0,0,0,0,0,316156,315953,0,0
2.441610,0,0,0,0,0,0,0,0,0,0,348102,352003,0,0
2.443248,0,0,0,0,0,0,0,0,0,0,334379,329848,0,0
2.444781,0,0,0,0,0,0,0,0,0,0,332352,331326,0,0
2.446347,0,0,0,0,0,0,0,0,0,0,300302,300667,0,0
2.447862,0,0,0,0,0,0,0,0,0,0,310307,309909,0,0
2.449386,0,0,0,0,0,0,0,0,0,0,307670,307474,0,0
2.450904,0,0,0,0,0,0,0,0,0,0,305620,305034,0,0
2.452419,0,0,0,0,0,0,0,0,0,0,304269,303894,0,0
2.453933,0,0,0,0,0,0,0,0,0,0,305512,305117,0,0
2.455580,0,0,0,0,0,0,0,0,0,0,306728,306468,0,0
2.457256,0,0,0,0,0,0,0,0,0,0,308452,308059,0,0
2.458817,0,0,0,0,0,0,0,0,0,0,302628,302384,0,0
2.460473,0,0,0,0,0,0,0,0,0,0,309654,309415,0,0
2.462160,0,0,0,0,0,0,0,0,0,0,310507,310265,0,0
2.463846,0,0,0,0,0,0,0,0,0,0,308351,308022,0,0
2.465527,0,0,0,0,0,0,0,0,0,0,309211,309018,0,0
2.467286,0,0,0,0,0,0,0,0,0,0,310483,310194,0,0
2.469032,0,0,0,0,0,0,0,0,0,0,310295,309980,0,0
2.470718,0,0,0,0,0,0,0,0,0,0,310918,310677,0,0
2.472404,0,0,0,0,0,0,0,0,0,0,311022,310779,0,0
2.474089,0,0,0,0,0,0,0,0,0,0,310058,309816,0,0
2.475774,0,0,0,0,0,0,0,0,0,0,309161,308749,0,0
2.477542,0,0,0,0,0,0,0,0,0,0,309795,309380,0,0
2.479327,0,0,0,0,0,0,0,0,0,0,309705,309479,0,0
2.481009,0,0,0,0,0,0,0,0,0,0,310398,310175,0,0
2.482693,0,0,0,0,0,0,0,0,0,0,310886,310645,0,0
2.484377,0,0,0,0,0,0,0,0,0,0,310186,309900,0,0
2.486065,0,0,0,0,0,0,0,0,0,0,311014,310554,0,0
2.487751,0,0,0,0,0,0,0,0,0,0,310288,309874,0,0
2.489446,0,0,0,0,0,0,0,0,0,0,310887,310643,0,0
2.491132,0,0,0,0,0,0,0,0,0,0,311154,310915,0,0
2.492817,0,0,0,0,0,0,0,0,0,0,340470,340279,0,0
2.494532,0,0,0,0,0,0,0,0,0,0,300016,299743,0,0
2.496087,0,0,0,0,0,0,0,0,0,0,308437,308196,0,0
2.497612,0,0,0,0,0,0,0,0,0,0,340204,341923,0,0
2.499193,0,0,0,0,0,0,0,0,0,0,306231,303806,0,0
2.500718,0,0,0,0,0,0,0,0,0,0,329754,329502,0,0
2.502276,0,0,0,0,0,0,0,0,0,0,305810,305565,0,0
2.503791,0,0,0,0,0,0,0,0,0,0,347974,347704,0,0
2.505510,0,0,0,0,0,0,0,0,0,0,309945,309546,0,0
2.507170,0,0,0,0,0,0,0,0,0,0,312022,311780,0,0
2.508722,0,0,0,0,0,0,0,0,0,0,334998,334803,0,0
2.510294,0,0,0,0,0,0,0,0,0,0,303946,303655,0,0
2.511823,0,0,0,0,0,0,0,0,0,0,302865,302364,0,0
2.513342,0,0,0,0,0,0,0,0,0,0,303835,303593,0,0
2.514859,0,0,0,0,0,0,0,0,0,0,304198,303800,0,0
2.516374,0,0,0,0,0,0,0,0,0,0,304295,304054,0,0
2.518029,0,0,0,0,0,0,0,0,0,0,310438,310199,0,0
2.519716,0,0,0,0,0,0,0,0,0,0,310760,310517,0,0
2.521402,0,0,0,0,0,0,0,0,0,0,310018,309798,0,0
2.522969,0,0,0,0,0,0,0,0,0,0,307157,306915,0,0
2.524497,0,0,0,0,0,0,0,0,0,0,303313,303071,0,0
2.526017,0,0,0,0,0,0,0,0,0,0,305146,304935,0,0
2.527534,0,0,0,0,0,0,0,0,0,0,303997,303726,0,0
2.529048,0,0,0,0,0,0,0,0,0,0,303623,303382,0,0
2.530564,0,0,0,0,0,0,0,0,0,0,304838,304595,0,0
2.532079,0,0,0,0,0,0,0,0,0,0,303585,303349,0,0
2.533740,0,0,0,0,0,0,0,0,0,0,317980,317706,0,0
2.535307,0,0,0,0,0,0,0,0,0,0,305593,305335,0,0
2.536827,0,0,0,0,0,0,0,0,0,0,303703,303461,0,0
2.538344,0,0,0,0,0,0,0,0,0,0,304554,304312,0,0
2.539860,0,0,0,0,0,0,0,0,0,0,304648,304419,0,0
2.541422,0,0,0,0,0,0,0,0,0,0,304728,304489,0,0
2.542937,0,0,0,0,0,0,0,0,0,0,303649,303289,0,0
2.544601,0,0,0,0,0,0,0,0,0,0,311032,310809,0,0
2.546289,0,0,0,0,0,0,0,0,0,0,310573,310329,0,0
2.547975,0,0,0,0,0,0,0,0,0,0,310496,310256,0,0
2.549709,0,0,0,0,0,0,0,0,0,0,313822,313582,0,0
2.551400,0,0,0,0,0,0,0,0,0,0,310974,310733,0,0
2.553084,0,0,0,0,0,0,0,0,0,0,310544,310317,0,0
2.554786,0,0,0,0,0,0,0,0,0,0,311120,310878,0,0
2.556472,0,0,0,0,0,0,0,0,0,0,309914,309673,0,0
2.558161,0,0,0,0,0,0,0,0,0,0,307476,307235,0,0
2.559839,0,0,0,0,0,0,0,0,0,0,308591,308134,0,0
2.561516,0,0,0,0,0,0,0,0,0,0,307580,307342,0,0
2.563394,0,0,0,0,0,0,0,0,0,0,304268,304028,0,0
2.565108,0,0,0,0,0,0,0,0,0,0,311603,311410,0,0
2.566795,0,0,0,0,0,0,0,0,0,0,310276,309984,0,0
2.568482,0,0,0,0,0,0,0,0,0,0,310101,309862,0,0
2.570169,0,0,0,0,0,0,0,0,0,0,308952,308711,0,0
2.571857,0,0,0,0,0,0,0,0,0,0,310296,309708,0,0
2.573590,0,0,0,0,0,0,0,0,0,0,353381,352929,0,0
2.575379,0,0,0,0,0,0,0,0,0,0,331514,331091,0,0
2.576941,0,0,0,0,0,0,0,0,0,0,304046,303852,0,0
2.578463,0,0,0,0,0,0,0,0,0,0,304823,304534,0,0
2.579982,0,0,0,0,0,0,0,0,0,0,304899,304658,0,0
2.581545,0,0,0,0,0,0,0,0,0,0,305332,305092,0,0
2.583124,0,0,0,0,0,0,0,0,0,0,303344,303102,0,0
2.584639,0,0,0,0,0,0,0,0,0,0,306114,305872,0,0
2.586169,0,0,0,0,0,0,0,0,0,0,280037,278998,0,0
2.587821,0,0,0,0,0,0,0,0,0,0,268704,268353,0,0
2.589556,0,0,0,0,0,0,0,0,0,0,269637,269279,0,0
2.591346,0,0,0,0,0,0,0,0,0,0,308899,308545,0,0
2.593032,0,0,0,0,0,0,0,0,0,0,269857,269556,0,0
2.594721,0,0,0,0,0,0,0,0,0,0,269806,269445,0,0
2.596421,0,0,0,0,0,0,0,0,0,0,269970,269636,0,0
2.598114,0,0,0,0,0,0,0,0,0,0,270177,269805,0,0
2.599801,0,0,0,0,0,0,0,0,0,0,269259,268941,0,0
2.601486,0,0,0,0,0,0,0,0,0,0,269730,269331,0,0
2.603173,0,0,0,0,0,0,0,0,0,0,269032,268687,0,0
2.604860,0,0,0,0,0,0,0,0,0,0,296489,296102,0,0
2.606612,0,0,0,0,0,0,0,0,0,0,270758,270421,0,0
2.608300,0,0,0,0,0,0,0,0,0,0,269185,268824,0,0
2.610077,0,0,0,0,0,0,0,0,0,0,288129,287913,0,0
2.611664,0,0,0,0,0,0,0,0,0,0,265208,264851,0,0
2.613233,0,0,0,0,0,0,0,0,0,0,264283,263933,0,0
2.614887,0,0,0,0,0,0,0,0,0,0,269861,269500,0,0
2.616575,0,0,0,0,0,0,0,0,0,0,269593,269232,0,0
2.618152,0,0,0,0,0,0,0,0,0,0,311765,314699,0,0
2.619845,0,0,0,0,0,0,0,0,0,0,316667,316186,0,0
2.621554,0,0,0,0,0,0,0,0,0,0,374691,374324,0,0
2.623333,0,0,0,0,0,0,0,0,0,0,323433,322902,0,0
2.624977,0,0,0,0,0,0,0,0,0,0,316976,316588,0,0
2.626624,0,0,0,0,0,0,0,0,0,0,316979,316493,0,0
2.628281,0,0,0,0,0,0,0,0,0,0,316638,316228,0,0
2.629984,0,0,0,0,0,0,0,0,0,0,317013,316560,0,0
2.631629,0,0,0,0,0,0,0,0,0,0,316840,316393,0,0
2.633273,0,0,0,0,0,0,0,0,0,0,316543,316066,0,0
2.634919,0,0,0,0,0,0,0,0,0,0,317148,316908,0,0
2.636561,0,0,0,0,0,0,0,0,0,0,316077,315653,0,0
2.638360,0,0,0,0,0,0,0,0,0,0,321849,321425,0,0
2.640208,0,0,0,0,0,0,0,0,0,0,321666,321183,0,0
2.642043,0,0,0,0,0,0,0,0,0,0,321296,321078,0,0
2.643875,0,0,0,0,0,0,0,0,0,0,322176,321697,0,0
2.645768,0,0,0,0,0,0,0,0,0,0,324140,323692,0,0
2.647605,0,0,0,0,0,0,0,0,0,0,321897,321477,0,0
2.649433,0,0,0,0,0,0,0,0,0,0,321984,321559,0,0
2.651236,0,0,0,0,0,0,0,0,0,0,316986,316528,0,0
2.652887,0,0,0,0,0,0,0,0,0,0,315622,315144,0,0
2.654533,0,0,0,0,0,0,0,0,0,0,316106,315689,0,0
2.656178,0,0,0,0,0,0,0,0,0,0,315426,315012,0,0
2.657823,0,0,0,0,0,0,0,0,0,0,340965,340489,0,0
2.659513,0,0,0,0,0,0,0,0,0,0,314765,314368,0,0
2.661207,0,0,0,0,0,0,0,0,0,0,314541,314243,0,0
2.662863,0,0,0,0,0,0,0,0,0,0,315042,314632,0,0
2.664506,0,0,0,0,0,0,0,0,0,0,314524,314075,0,0
2.666169,0,0,0,0,0,0,0,0,0,0,316331,315898,0,0
2.667813,0,0,0,0,0,0,0,0,0,0,315805,315322,0,0
2.669511,0,0,0,0,0,0,0,0,0,0,315578,335636,0,0
2.671204,0,0,0,0,0,0,0,0,0,0,341660,320702,0,0
2.672846,0,0,0,0,0,0,0,0,0,0,316144,315754,0,0
2.674502,0,0,0,0,0,0,0,0,0,0,317889,317463,0,0
2.676145,0,0,0,0,0,0,0,0,0,0,320926,320651,0,0
2.677842,0,0,0,0,0,0,0,0,0,0,317724,317423,0,0
2.679487,0,0,0,0,0,0,0,0,0,0,315695,315246,0,0
2.681129,0,0,0,0,0,0,0,0,0,0,314796,314362,0,0
2.682772,0,0,0,0,0,0,0,0,0,0,314594,314109,0,0
2.684564,0,0,0,0,0,0,0,0,0,0,320451,320037,0,0
2.686322,0,0,0,0,0,0,0,0,0,0,315631,315882,0,0
2.688131,0,0,0,0,0,0,0,0,0,0,321403,320234,0,0
2.689961,0,0,0,0,0,0,0,0,0,0,342104,341625,0,0
2.691791,0,0,0,0,0,0,0,0,0,0,316347,315880,0,0
2.693502,0,0,0,0,0,0,0,0,0,0,316311,336380,0,0
2.695194,0,0,0,0,0,0,0,0,0,0,359455,339901,0,0
2.696999,0,0,0,0,0,0,0,0,0,0,321175,319474,0,0
2.698660,0,0,0,0,0,0,0,0,0,0,336422,335959,0,0
2.700349,0,0,0,0,0,0,0,0,0,0,317789,317299,0,0
2.701996,0,0,0,0,0,0,0,0,0,0,315573,315327,0,0
2.703640,0,0,0,0,0,0,0,0,0,0,315748,315284,0,0
2.705283,0,0,0,0,0,0,0,0,0,0,315917,315409,0,0
2.706928,0,0,0,0,0,0,0,0,0,0,369129,368252,0,0
2.708731,0,0,0,0,0,0,0,0,0,0,323409,323578,0,0
2.710405,0,0,0,0,0,0,0,0,0,0,315332,315092,0,0
2.712045,0,0,0,0,0,0,0,0,0,0,314060,313758,0,0
2.713683,0,0,0,0,0,0,0,0,0,0,394387,393949,0,0
2.715475,0,0,0,0,0,0,0,0,0,0,395870,395400,0,0
2.717326,0,0,0,0,0,0,0,0,0,0,313860,313588,0,0
2.718974,0,0,0,0,0,0,0,0,0,0,313900,313434,0,0
2.720612,0,0,0,0,0,0,0,0,0,0,313457,312989,0,0
2.722361,0,0,0,0,0,0,0,0,0,0,348924,348648,0,0
2.724069,0,0,0,0,0,0,0,0,0,0,313751,313257,0,0
2.725760,0,0,0,0,0,0,0,0,0,0,379391,383072,0,0
2.727566,0,0,0,0,0,0,0,0,0,0,345651,341085,0,0
2.729257,0,0,0,0,0,0,0,0,0,0,318989,318739,0,0
2.731714,0,0,0,0,0,0,0,0,0,0,297928,297497,0,0
2.733427,0,0,0,0,0,0,0,0,0,0,350214,444491,0,0
2.735325,0,0,0,0,0,0,0,0,0,0,418577,323568,0,0
2.736942,0,0,0,0,0,0,0,0,0,0,315040,314741,0,0
2.738545,0,0,0,0,0,0,0,0,0,0,316506,316070,0,0
2.740162,0,0,0,0,0,0,0,0,0,0,315958,315469,0,0
2.741820,0,0,0,0,0,0,0,0,0,0,336889,336418,0,0
2.743459,0,0,0,0,0,0,0,0,0,0,315294,314859,0,0
2.745054,0,0,0,0,0,0,0,0,0,0,315730,315236,0,0
2.746653,0,0,0,0,0,0,0,0,0,0,315381,315161,0,0
2.748249,0,0,0,0,0,0,0,0,0,0,315704,315243,0,0
2.749902,0,0,0,0,0,0,0,0,0,0,316604,316109,0,0
2.751508,0,0,0,0,0,0,0,0,0,0,257234,252823,0,0
2.753475,0,0,0,0,0,0,0,0,0,0,223951,223597,0,0
2.754945,0,0,0,0,0,0,0,0,0,0,219094,218741,0,0
2.756413,0,0,0,0,0,0,0,0,0,0,219247,218893,0,0
2.757934,0,0,0,0,0,0,0,0,0,0,219898,219530,0,0
2.759475,0,0,0,0,0,0,0,0,0,0,219964,219608,0,0
2.760996,0,0,0,0,0,0,0,0,0,0,220148,219794,0,0
2.762525,0,0,0,0,0,0,0,0,0,0,219142,218774,0,0
2.764042,0,0,0,0,0,0,0,0,0,0,219689,219346,0,0
2.765604,0,0,0,0,0,0,0,0,0,0,245137,246760,0,0
2.767240,0,0,0,0,0,0,0,0,0,0,220370,218068,0,0
2.768751,0,0,0,0,0,0,0,0,0,0,217903,217581,0,0
2.770315,0,0,0,0,0,0,0,0,0,0,220556,220202,0,0
2.771833,0,0,0,0,0,0,0,0,0,0,219582,219240,0,0
2.773399,0,0,0,0,0,0,0,0,0,0,219643,219275,0,0
2.774917,0,0,0,0,0,0,0,0,0,0,219340,218986,0,0
2.776431,0,0,0,0,0,0,0,0,0,0,219118,218708,0,0
2.777946,0,0,0,0,0,0,0,0,0,0,220041,219698,0,0
2.779463,0,0,0,0,0,0,0,0,0,0,220092,219713,0,0
2.781016,0,0,0,0,0,0,0,0,0,0,218792,218471,0,0
2.782669,0,0,0,0,0,0,0,0,0,0,223507,223152,0,0
2.784244,0,0,0,0,0,0,0,0,0,0,254606,257022,0,0
2.786048,0,0,0,0,0,0,0,0,0,0,269964,269549,0,0
2.787873,0,0,0,0,0,0,0,0,0,0,270171,269734,0,0
2.789759,0,0,0,0,0,0,0,0,0,0,302917,302526,0,0
2.791651,0,0,0,0,0,0,0,0,0,0,231595,226945,0,0
2.793160,0,0,0,0,0,0,0,0,0,0,195439,195108,0,0
2.794633,0,0,0,0,0,0,0,0,0,0,194325,194004,0,0
2.796085,0,0,0,0,0,0,0,0,0,0,194746,194425,0,0
2.797574,0,0,0,0,0,0,0,0,0,0,194526,194262,0,0
2.799104,0,0,0,0,0,0,0,0,0,0,852459,856353,0,0
2.802140,0,0,0,0,0,0,0,0,0,0,267888,267477,0,0
2.803785,0,0,0,0,0,0,0,0,0,0,267858,267445,0,0
2.805494,0,0,0,0,0,0,0,0,0,0,267749,267348,0,0
2.807281,0,0,0,0,0,0,0,0,0,0,318379,317988,0,0
2.808924,0,0,0,0,0,0,0,0,0,0,267749,267336,0,0
2.810570,0,0,0,0,0,0,0,0,0,0,267863,267450,0,0
2.812214,0,0,0,0,0,0,0,0,0,0,267711,267297,0,0
2.813912,0,0,0,0,0,0,0,0,0,0,267896,267461,0,0
2.815579,0,0,0,0,0,0,0,0,0,0,267763,267350,0,0
2.817223,0,0,0,0,0,0,0,0,0,0,267507,267156,0,0
2.818869,0,0,0,0,0,0,0,0,0,0,267262,266883,0,0
2.820513,0,0,0,0,0,0,0,0,0,0,267008,266573,0,0
2.822158,0,0,0,0,0,0,0,0,0,0,267556,267166,0,0
2.823802,0,0,0,0,0,0,0,0,0,0,267401,266989,0,0
2.825595,0,0,0,0,0,0,0,0,0,0,326378,333961,0,0
2.827420,0,0,0,0,0,0,0,0,0,0,272348,263939,0,0
2.829110,0,0,0,0,0,0,0,0,0,0,233822,230798,0,0
2.830625,0,0,0,0,0,0,0,0,0,0,218973,219513,0,0
2.832183,0,0,0,0,0,0,0,0,0,0,267997,269881,0,0
2.833825,0,0,0,0,0,0,0,0,0,0,292035,291793,0,0
2.835522,0,0,0,0,0,0,0,0,0,0,267947,267685,0,0
2.837217,0,0,0,0,0,0,0,0,0,0,268075,267860,0,0
2.838872,0,0,0,0,0,0,0,0,0,0,266484,266252,0,0
2.840515,0,0,0,0,0,0,0,0,0,0,268099,267723,0,0
2.842161,0,0,0,0,0,0,0,0,0,0,266960,266559,0,0
2.843805,0,0,0,0,0,0,0,0,0,0,266249,265847,0,0
2.845499,0,0,0,0,0,0,0,0,0,0,266702,266331,0,0
2.847239,0,0,0,0,0,0,0,0,0,0,297638,297236,0,0
2.848893,0,0,0,0,0,0,0,0,0,0,267728,267325,0,0
2.850539,0,0,0,0,0,0,0,0,0,0,265452,265073,0,0
2.852178,0,0,0,0,0,0,0,0,0,0,264595,264171,0,0
2.853869,0,0,0,0,0,0,0,0,0,0,261303,261086,0,0
2.855499,0,0,0,0,0,0,0,0,0,0,266944,266518,0,0
2.857142,0,0,0,0,0,0,0,0,0,0,267265,266887,0,0
2.858788,0,0,0,0,0,0,0,0,0,0,266360,265959,0,0
2.860444,0,0,0,0,0,0,0,0,0,0,267113,266711,0,0
2.862090,0,0,0,0,0,0,0,0,0,0,267186,266806,0,0
2.863734,0,0,0,0,0,0,0,0,0,0,267223,266798,0,0
2.865376,0,0,0,0,0,0,0,0,0,0,266831,266430,0,0
2.867022,0,0,0,0,0,0,0,0,0,0,267206,266828,0,0
2.868666,0,0,0,0,0,0,0,0,0,0,289983,289582,0,0
2.870514,0,0,0,0,0,0,0,0,0,0,269377,268974,0,0
2.872209,0,0,0,0,0,0,0,0,0,0,265445,265041,0,0
2.873852,0,0,0,0,0,0,0,0,0,0,276571,277137,0,0
2.875530,0,0,0,0,0,0,0,0,0,0,270587,269221,0,0
2.877236,0,0,0,0,0,0,0,0,0,0,266261,265884,0,0
2.878880,0,0,0,0,0,0,0,0,0,0,266655,266229,0,0
2.880524,0,0,0,0,0,0,0,0,0,0,266806,266403,0,0
2.882167,0,0,0,0,0,0,0,0,0,0,266397,266020,0,0
2.883821,0,0,0,0,0,0,0,0,0,0,266834,266457,0,0
2.885518,0,0,0,0,0,0,0,0,0,0,303255,299536,0,0
2.887332,0,0,0,0,0,0,0,0,0,0,295242,298157,0,0
2.888975,0,0,0,0,0,0,0,0,0,0,267464,267062,0,0
2.890618,0,0,0,0,0,0,0,0,0,0,267429,267026,0,0
2.892263,0,0,0,0,0,0,0,0,0,0,267365,266962,0,0
2.893970,0,0,0,0,0,0,0,0,0,0,307938,307536,0,0
2.895775,0,0,0,0,0,0,0,0,0,0,277286,277564,0,0
2.897471,0,0,0,0,0,0,0,0,0,0,265296,264239,0,0
2.899160,0,0,0,0,0,0,0,0,0,0,283160,282735,0,0
2.900803,0,0,0,0,0,0,0,0,0,0,291372,290968,0,0
2.902502,0,0,0,0,0,0,0,0,0,0,267236,266835,0,0
2.904157,0,0,0,0,0,0,0,0,0,0,266987,266607,0,0
2.905800,0,0,0,0,0,0,0,0,0,0,267756,267353,0,0
2.907445,0,0,0,0,0,0,0,0,0,0,266832,266430,0,0
2.909140,0,0,0,0,0,0,0,0,0,0,267008,266609,0,0
2.910785,0,0,0,0,0,0,0,0,0,0,266438,266036,0,0
2.912464,0,0,0,0,0,0,0,0,0,0,266933,266506,0,0
2.914256,0,0,0,0,0,0,0,0,0,0,272267,271890,0,0
2.916089,0,0,0,0,0,0,0,0,0,0,235412,231794,0,0
2.917709,0,0,0,0,0,0,0,0,0,0,204167,203851,0,0
2.919230,0,0,0,0,0,0,0,0,0,0,198580,198244,0,0
2.920746,0,0,0,0,0,0,0,0,0,0,198444,198119,0,0
2.922263,0,0,0,0,0,0,0,0,0,0,192372,192058,0,0
2.923778,0,0,0,0,0,0,0,0,0,0,198588,198260,0,0
2.925333,0,0,0,0,0,0,0,0,0,0,192176,191849,0,0
2.926860,0,0,0,0,0,0,0,0,0,0,192490,192175,0,0
2.928375,0,0,0,0,0,0,0,0,0,0,192951,192627,0,0
2.929889,0,0,0,0,0,0,0,0,0,0,193913,193733,0,0
2.931405,0,0,0,0,0,0,0,0,0,0,198232,197916,0,0
2.932958,0,0,0,0,0,0,0,0,0,0,198712,198386,0,0
2.934471,0,0,0,0,0,0,0,0,0,0,192117,191782,0,0
2.936120,0,0,0,0,0,0,0,0,0,0,202228,201902,0,0
2.937817,0,0,0,0,0,0,0,0,0,0,228373,228047,0,0
2.939453,0,0,0,0,0,0,0,0,0,0,192449,192124,0,0
2.941155,0,0,0,0,0,0,0,0,0,0,202983,202658,0,0
2.942842,0,0,0,0,0,0,0,0,0,0,202307,201980,0,0
2.944527,0,0,0,0,0,0,0,0,0,0,202177,201852,0,0
2.946213,0,0,0,0,0,0,0,0,0,0,202633,202314,0,0
2.947786,0,0,0,0,0,0,0,0,0,0,225038,227194,0,0
2.949647,0,0,0,0,0,0,0,0,0,0,298394,302332,0,0
2.951476,0,0,0,0,0,0,0,0,0,0,245956,241216,0,0
2.953125,0,0,0,0,0,0,0,0,0,0,237456,237088,0,0
2.954772,0,0,0,0,0,0,0,0,0,0,241140,240758,0,0
2.956416,0,0,0,0,0,0,0,0,0,0,241418,241020,0,0
2.958124,0,0,0,0,0,0,0,0,0,0,241720,241359,0,0
2.959768,0,0,0,0,0,0,0,0,0,0,241506,241140,0,0
2.961411,0,0,0,0,0,0,0,0,0,0,241341,240938,0,0
2.963053,0,0,0,0,0,0,0,0,0,0,240781,240436,0,0
2.964695,0,0,0,0,0,0,0,0,0,0,256255,255816,0,0
2.966393,0,0,0,0,0,0,0,0,0,0,241334,240965,0,0
2.968185,0,0,0,0,0,0,0,0,0,0,241713,241387,0,0
2.970034,0,0,0,0,0,0,0,0,0,0,246234,245846,0,0
2.971866,0,0,0,0,0,0,0,0,0,0,246115,245735,0,0
2.973759,0,0,0,0,0,0,0,0,0,0,242597,242213,0,0
2.975593,0,0,0,0,0,0,0,0,0,0,245050,244643,0,0
2.977422,0,0,0,0,0,0,0,0,0,0,244694,244334,0,0
2.979235,0,0,0,0,0,0,0,0,0,0,237876,237508,0,0
2.980895,0,0,0,0,0,0,0,0,0,0,241009,240626,0,0
2.982542,0,0,0,0,0,0,0,0,0,0,234639,234275,0,0
2.984186,0,0,0,0,0,0,0,0,0,0,242162,241813,0,0
2.985831,0,0,0,0,0,0,0,0,0,0,243170,242790,0,0
2.987479,0,0,0,0,0,0,0,0,0,0,236261,235899,0,0
2.990309,0,0,0,0,0,0,0,0,0,0,297428,324828,0,0
2.993074,0,0,0,0,0,0,0,0,0,0,266431,238408,0,0
2.995391,0,0,0,0,0,0,0,0,0,0,348625,352539,0,0
2.997306,0,0,0,0,0,0,0,0,0,0,249310,244887,0,0
2.998932,0,0,0,0,0,0,0,0,0,0,328326,332222,0,0
3.000827,0,0,0,0,0,0,0,0,0,0,256472,252015,0,0
3.002489,0,0,0,0,0,0,0,0,0,0,231077,231535,0,0
3.004140,0,0,0,0,0,0,0,0,0,0,245829,244776,0,0
3.005794,0,0,0,0,0,0,0,0,0,0,253770,251317,0,0
3.007493,0,0,0,0,0,0,0,0,0,0,230210,229821,0,0
3.009122,383,0,207,0,0,736,0,395,0,61,219322,239237,172683,176622
3.010415,318,14,185674,0,0,1716,0,489,0,144,148299,154080,326637,327652
3.011701,0,0,0,0,0,0,0,0,0,0,236344,238637,0,0
3.013459,0,0,0,0,0,0,0,0,0,0,239538,239166,0,0
3.015171,0,0,0,0,0,0,0,0,0,0,283482,291815,0,0
3.016998,0,0,0,0,0,0,0,0,0,0,253154,244376,0,0
3.018605,462,0,190,0,0,1010,0,137,0,74,108590,157568,369666,381373
3.019922,318,14,244770,0,0,1441,0,459,0,77,263518,268712,275100,267362
3.021381,0,0,0,0,0,0,0,0,0,0,232414,232138,0,0
3.022978,0,0,0,0,0,0,0,0,0,0,253716,253397,0,0
3.024630,0,0,0,0,0,0,0,0,0,0,245417,245036,0,0
3.026246,0,0,0,0,0,0,0,0,0,0,236547,236164,0,0
3.027843,0,0,0,0,0,0,0,0,0,0,237062,236641,0,0
3.029495,0,0,0,0,0,0,0,0,0,0,240740,240372,0,0
3.031202,0,0,0,0,0,0,0,0,0,0,273564,273217,0,0
3.032799,0,0,0,0,0,0,0,0,0,0,241344,240982,0,0
3.034395,0,0,0,0,0,0,0,0,0,0,234670,234288,0,0
3.036006,0,0,0,0,0,0,0,0,0,0,240887,240526,0,0
3.037658,0,0,0,0,0,0,0,0,0,0,292552,292132,0,0
3.039386,0,0,0,0,0,0,0,0,0,0,241643,241237,0,0
3.040979,0,0,0,0,0,0,0,0,0,0,241973,241645,0,0
3.042575,0,0,0,0,0,0,0,0,0,0,235423,235057,0,0
3.044172,0,0,0,0,0,0,0,0,0,0,241753,241330,0,0
3.045823,0,0,0,0,0,0,0,0,0,0,294871,299621,0,0
3.047656,0,0,0,0,0,0,0,0,0,0,254399,248942,0,0
3.049253,0,0,0,0,0,0,0,0,0,0,234425,234058,0,0
3.050850,0,0,0,0,0,0,0,0,0,0,241208,240845,0,0
3.052446,0,0,0,0,0,0,0,0,0,0,241203,240803,0,0
3.054045,0,0,0,0,0,0,0,0,0,0,241446,241077,0,0
3.055637,0,0,0,0,0,0,0,0,0,0,241198,240819,0,0
3.057281,0,0,0,0,0,0,0,0,0,0,241431,240982,0,0
3.058891,0,0,0,0,0,0,0,0,0,0,228553,226062,0,0
3.060531,0,0,0,0,0,0,0,0,0,0,209010,210165,0,0
3.062312,0,0,0,0,0,0,0,0,0,0,199382,204066,0,0
3.063988,0,0,0,0,0,0,0,0,0,0,207561,202178,0,0
3.065644,0,0,0,0,0,0,0,0,0,0,232994,233083,0,0
3.067379,0,0,0,0,0,0,0,0,0,0,214611,213876,0,0
3.069100,0,0,0,0,0,0,0,0,0,0,203248,202874,0,0
3.070751,0,0,0,0,0,0,0,0,0,0,209517,209140,0,0
3.072397,0,0,0,0,0,0,0,0,0,0,208682,208393,0,0
3.074044,0,0,0,0,0,0,0,0,0,0,208999,208624,0,0
3.075689,0,0,0,0,0,0,0,0,0,0,210082,209760,0,0
3.077388,0,0,0,0,0,0,0,0,0,0,209430,209107,0,0
3.079045,0,0,0,0,0,0,0,0,0,0,209346,208986,0,0
3.080689,0,0,0,0,0,0,0,0,0,0,208863,208507,0,0
3.082331,0,0,0,0,0,0,0,0,0,0,208903,208580,0,0
3.083975,0,0,0,0,0,0,0,0,0,0,209249,208926,0,0
3.085674,0,0,0,0,0,0,0,0,0,0,238581,238208,0,0
3.087563,0,0,0,0,0,0,0,0,0,0,221015,225753,0,0
3.089321,0,0,0,0,0,0,0,0,0,0,221498,216153,0,0
3.090965,0,0,0,0,0,0,0,0,0,0,224530,227909,0,0
3.092689,0,0,0,0,0,0,0,0,0,0,258460,259223,0,0
3.094515,0,0,0,0,0,0,0,0,0,0,219632,215035,0,0
3.096183,0,0,0,0,0,0,0,0,0,0,210814,209904,0,0
3.097828,0,0,0,0,0,0,0,0,0,0,241480,241103,0,0
3.099597,0,0,0,0,0,0,0,0,0,0,207236,207132,0,0
3.101308,0,0,0,0,0,0,0,0,0,0,210134,209740,0,0
3.102953,0,0,0,0,0,0,0,0,0,0,202832,202509,0,0
3.104594,0,0,0,0,0,0,0,0,0,0,208524,208184,0,0
3.106237,0,0,0,0,0,0,0,0,0,0,210391,210013,0,0
3.107885,0,0,0,0,0,0,0,0,0,0,209143,208821,0,0
3.109583,0,0,0,0,0,0,0,0,0,0,241460,241852,0,0
3.111346,0,0,0,0,0,0,0,0,0,0,214405,213361,0,0
3.112992,0,0,0,0,0,0,0,0,0,0,209436,209069,0,0
3.114639,0,0,0,0,0,0,0,0,0,0,203315,202966,0,0
3.116285,0,0,0,0,0,0,0,0,0,0,209007,208711,0,0
3.117987,0,0,0,0,0,0,0,0,0,0,209279,208964,0,0
3.119633,0,0,0,0,0,0,0,0,0,0,208996,208632,0,0
3.121430,0,0,0,0,0,0,0,0,0,0,212394,212077,0,0
3.123236,0,0,0,0,0,0,0,0,0,0,204231,203882,0,0
3.124890,0,0,0,0,0,0,0,0,0,0,209879,209566,0,0
3.126539,0,0,0,0,0,0,0,0,0,0,209900,209533,0,0
3.128189,0,0,0,0,0,0,0,0,0,0,209257,208994,0,0
3.129835,0,0,0,0,0,0,0,0,0,0,209889,209639,0,0
3.131482,0,0,0,0,0,0,0,0,0,0,209325,209009,0,0
3.133340,0,0,0,0,0,0,0,0,0,0,212823,212473,0,0
3.135041,0,0,0,0,0,0,0,0,0,0,203825,203528,0,0
3.136696,0,0,0,0,0,0,0,0,0,0,203843,203528,0,0
3.138346,0,0,0,0,0,0,0,0,0,0,209859,209419,0,0
3.139994,0,0,0,0,0,0,0,0,0,0,203505,203173,0,0
3.141695,0,0,0,0,0,0,0,0,0,0,209932,209619,0,0
3.143351,0,0,0,0,0,0,0,0,0,0,203901,203587,0,0
3.145150,0,0,0,0,0,0,0,0,0,0,212667,212300,0,0
3.146856,0,0,0,0,0,0,0,0,0,0,203738,203422,0,0
3.148510,0,0,0,0,0,0,0,0,0,0,209007,208657,0,0
3.150162,0,0,0,0,0,0,0,0,0,0,209336,209041,0,0
3.151810,0,0,0,0,0,0,0,0,0,0,209461,209129,0,0
3.153457,0,0,0,0,0,0,0,0,0,0,209308,209010,0,0
3.155218,0,0,0,0,0,0,0,0,0,0,208283,207882,0,0
3.157089,0,0,0,0,0,0,0,0,0,0,213109,212909,0,0
3.158774,0,0,0,0,0,0,0,0,0,0,204064,203871,0,0
3.160423,0,0,0,0,0,0,0,0,0,0,208546,208215,0,0
3.162064,0,0,0,0,0,0,0,0,0,0,233876,233617,0,0
3.163794,0,0,0,0,0,0,0,0,0,0,210960,210593,0,0
3.165491,0,0,0,0,0,0,0,0,0,0,208023,207708,0,0
3.167319,0,0,0,0,0,0,0,0,0,0,259222,258890,0,0
3.168964,0,0,0,0,0,0,0,0,0,0,203449,203135,0,0
3.170613,0,0,0,0,0,0,0,0,0,0,209764,209395,0,0
3.172260,0,0,0,0,0,0,0,0,0,0,209017,208722,0,0
3.173960,0,0,0,0,0,0,0,0,0,0,213072,212723,0,0
3.175634,0,0,0,0,0,0,0,0,0,0,203593,203261,0,0
3.177280,0,0,0,0,0,0,0,0,0,0,203530,203144,0,0
3.178935,0,0,0,0,0,0,0,0,0,0,203913,203580,0,0
3.180582,0,0,0,0,0,0,0,0,0,0,208844,208532,0,0
3.182230,0,0,0,0,0,0,0,0,0,0,207819,207487,0,0
3.183871,0,0,0,0,0,0,0,0,0,0,207995,207664,0,0
3.185510,0,0,0,0,0,0,0,0,0,0,208301,253024,0,0
3.187287,0,0,0,0,0,0,0,0,0,0,255186,209728,0,0
3.188996,0,0,0,0,0,0,0,0,0,0,208858,208507,0,0
3.190644,0,0,0,0,0,0,0,0,0,0,209444,209131,0,0
3.192291,0,0,0,0,0,0,0,0,0,0,209290,208959,0,0
3.193937,0,0,0,0,0,0,0,0,0,0,208628,208295,0,0
3.195581,0,0,0,0,0,0,0,0,0,0,209276,208979,0,0
3.197280,0,0,0,0,0,0,0,0,0,0,209024,208603,0,0
3.199077,0,0,0,0,0,0,0,0,0,0,213036,212724,0,0
3.200929,0,0,0,0,0,0,0,0,0,0,212268,211936,0,0
3.202766,0,0,0,0,0,0,0,0,0,0,212235,211884,0,0
3.204641,0,0,0,0,0,0,0,0,0,0,227937,227641,0,0
3.206438,0,0,0,0,0,0,0,0,0,0,270709,270360,0,0
3.208349,0,0,0,0,0,0,0,0,0,0,209700,209331,0,0
3.210006,0,0,0,0,0,0,0,0,0,0,203950,203584,0,0
3.211670,0,0,0,0,0,0,0,0,0,0,177881,175862,0,0
3.213384,0,0,0,0,0,0,0,0,0,0,132639,132408,0,0
3.215036,0,0,0,0,0,0,0,0,0,0,131426,131194,0,0
3.216685,0,0,0,0,0,0,0,0,0,0,131776,131545,0,0
3.218333,0,0,0,0,0,0,0,0,0,0,132007,131766,0,0
3.219981,0,0,0,0,0,0,0,0,0,0,131942,131723,0,0
3.221685,0,0,0,0,0,0,0,0,0,0,160950,160939,0,0
3.223477,0,0,0,0,0,0,0,0,0,0,133931,133468,0,0
3.225124,0,0,0,0,0,0,0,0,0,0,132186,131966,0,0
3.226774,0,0,0,0,0,0,0,0,0,0,132093,131852,0,0
3.228422,0,0,0,0,0,0,0,0,0,0,131628,131409,0,0
3.230072,0,0,0,0,0,0,0,0,0,0,131822,131591,0,0
3.231719,0,0,0,0,0,0,0,0,0,0,132149,131916,0,0
3.233517,0,0,0,0,0,0,0,0,0,0,161148,160931,0,0
3.235349,0,0,0,0,0,0,0,0,0,0,135051,134809,0,0
3.237066,0,0,0,0,0,0,0,0,0,0,132228,132008,0,0
3.238719,0,0,0,0,0,0,0,0,0,0,132253,132024,0,0
3.240368,0,0,0,0,0,0,0,0,0,0,131845,131591,0,0
3.242019,0,0,0,0,0,0,0,0,0,0,131520,131300,0,0
3.243667,0,0,0,0,0,0,0,0,0,0,131786,131544,0,0
3.245527,0,0,0,0,0,0,0,0,0,0,160174,159955,0,0
3.247356,0,0,0,0,0,0,0,0,0,0,133464,133223,0,0
3.249011,0,0,0,0,0,0,0,0,0,0,131577,131345,0,0
3.250663,0,0,0,0,0,0,0,0,0,0,132260,132040,0,0
3.252314,0,0,0,0,0,0,0,0,0,0,131751,131532,0,0
3.254020,0,0,0,0,0,0,0,0,0,0,132149,131895,0,0
3.255669,0,0,0,0,0,0,0,0,0,0,131338,131119,0,0
3.257468,0,0,0,0,0,0,0,0,0,0,134028,133788,0,0
3.259292,0,0,0,0,0,0,0,0,0,0,158532,158312,0,0
3.261029,0,0,0,0,0,0,0,0,0,0,135674,135444,0,0
3.262684,0,0,0,0,0,0,0,0,0,0,131623,131380,0,0
3.264334,0,0,0,0,0,0,0,0,0,0,132271,132053,0,0
3.265985,0,0,0,0,0,0,0,0,0,0,132360,132119,0,0
3.267634,0,0,0,0,0,0,0,0,0,0,131520,131300,0,0
3.269347,0,0,0,0,0,0,0,0,0,0,131739,131497,0,0
3.270998,0,0,0,0,0,0,0,0,0,0,131727,131495,0,0
3.272646,0,0,0,0,0,0,0,0,0,0,131862,131632,0,0
3.274295,0,0,0,0,0,0,0,0,0,0,131587,131357,0,0
3.275942,0,0,0,0,0,0,0,0,0,0,132018,131799,0,0
3.277644,0,0,0,0,0,0,0,0,0,0,157614,157382,0,0
3.279421,0,0,0,0,0,0,0,0,0,0,132305,132075,0,0
3.281069,0,0,0,0,0,0,0,0,0,0,131910,131679,0,0
3.282718,0,0,0,0,0,0,0,0,0,0,131668,131425,0,0
3.284365,0,0,0,0,0,0,0,0,0,0,131948,131730,0,0
3.286015,0,0,0,0,0,0,0,0,0,0,131281,131062,0,0
3.287657,0,0,0,0,0,0,0,0,0,0,130607,130365,0,0
3.289447,0,0,0,0,0,0,0,0,0,0,133203,132973,0,0
3.291304,0,0,0,0,0,0,0,0,0,0,165904,165684,0,0
3.293018,0,0,0,0,0,0,0,0,0,0,131843,131600,0,0
3.294670,0,0,0,0,0,0,0,0,0,0,131672,131443,0,0
3.296316,0,0,0,0,0,0,0,0,0,0,131243,131023,0,0
3.297967,0,0,0,0,0,0,0,0,0,0,122241,121980,0,0
3.299639,0,0,0,0,0,0,0,0,0,0,116233,114686,0,0
3.301199,0,0,0,0,0,0,0,0,0,0,101492,100597,0,0
3.302672,0,0,0,0,0,0,0,0,0,0,97560,97384,0,0
3.304124,0,0,0,0,0,0,0,0,0,0,98012,97833,0,0
3.305569,0,0,0,0,0,0,0,0,0,0,98258,98136,0,0
3.307017,0,0,0,0,0,0,0,0,0,0,97828,97649,0,0
3.308464,0,0,0,0,0,0,0,0,0,0,98016,97871,0,0
3.309971,0,0,0,0,0,0,0,0,0,0,142899,144902,0,0
3.311919,0,0,0,0,0,0,0,0,0,0,134298,134067,0,0
3.313768,0,0,0,0,0,0,0,0,0,0,135506,135354,0,0
3.315606,0,0,0,0,0,0,0,0,0,0,133538,133338,0,0
3.317495,0,0,0,0,0,0,0,0,0,0,154764,152859,0,0
3.319453,0,0,0,0,0,0,0,0,0,0,139306,140836,0,0
3.321290,0,0,0,0,0,0,0,0,0,0,134059,133829,0,0
3.323126,0,0,0,0,0,0,0,0,0,0,133823,133590,0,0
3.324829,0,0,0,0,0,0,0,0,0,0,132559,131462,0,0
3.326702,0,0,0,0,0,0,0,0,0,0,93761,93583,0,0
3.328541,0,0,0,0,0,0,0,0,0,0,93513,93335,0,0
3.330382,0,0,0,0,0,0,0,0,0,0,93424,93266,0,0
3.332218,0,0,0,0,0,0,0,0,0,0,93461,93273,0,0
3.334222,0,0,0,0,0,0,0,0,0,0,110838,110701,0,0
3.336117,0,0,0,0,0,0,0,0,0,0,102290,102295,0,0
3.337801,0,0,0,0,0,0,0,0,0,0,98092,99335,0,0
3.339508,0,0,0,0,0,0,0,0,0,0,98576,96807,0,0
3.341173,0,0,0,0,0,0,0,0,0,0,91376,91197,0,0
3.342778,0,0,0,0,0,0,0,0,0,0,91736,91550,0,0
3.344380,0,0,0,0,0,0,0,0,0,0,91313,91134,0,0
3.345985,0,0,0,0,0,0,0,0,0,0,91787,91615,0,0
3.347605,0,0,0,0,0,0,0,0,0,0,92361,92192,0,0
3.349382,0,0,0,0,0,0,0,0,0,0,106262,106090,0,0
3.351306,0,0,0,0,0,0,0,0,0,0,112994,112807,0,0
3.352963,0,0,0,0,0,0,0,0,0,0,91685,91515,0,0
3.354654,0,0,0,0,0,0,0,0,0,0,91756,91577,0,0
3.356307,0,0,0,0,0,0,0,0,0,0,91821,91635,0,0
3.357983,0,0,0,0,0,0,0,0,0,0,91674,91487,0,0
3.359635,0,0,0,0,0,0,0,0,0,0,91798,91644,0,0
3.361460,0,0,0,0,0,0,0,0,0,0,125883,124504,0,0
3.363350,0,0,0,0,0,0,0,0,0,0,94864,95911,0,0
3.365050,0,0,0,0,0,0,0,0,0,0,90843,90673,0,0
3.366698,0,0,0,0,0,0,0,0,0,0,91609,91430,0,0
3.368371,0,0,0,0,0,0,0,0,0,0,91704,91525,0,0
3.370024,0,0,0,0,0,0,0,0,0,0,91806,91619,0,0
3.371675,0,0,0,0,0,0,0,0,0,0,92616,92480,0,0
3.373387,0,0,0,0,0,0,0,0,0,0,91659,91440,0,0
3.375039,0,0,0,0,0,0,0,0,0,0,91551,91381,0,0
3.376688,0,0,0,0,0,0,0,0,0,0,91459,91280,0,0
3.378492,0,0,0,0,0,0,0,0,0,0,93065,92895,0,0
3.380198,0,0,0,0,0,0,0,0,0,0,92001,91815,0,0
3.381917,0,0,0,0,0,0,0,0,0,0,92304,92117,0,0
3.383573,0,0,0,0,0,0,0,0,0,0,91806,91637,0,0
3.385223,0,0,0,0,0,0,0,0,0,0,91490,91286,0,0
3.386876,0,0,0,0,0,0,0,0,0,0,91733,91547,0,0
3.388526,0,0,0,0,0,0,0,0,0,0,91639,91468,0,0
3.390239,0,0,0,0,0,0,0,0,0,0,91502,91315,0,0
3.392040,0,0,0,0,0,0,0,0,0,0,93277,93106,0,0
3.393878,0,0,0,0,0,0,0,0,0,0,118948,120377,0,0
3.395740,0,0,0,0,0,0,0,0,0,0,93460,91715,0,0
3.397459,0,0,0,0,0,0,0,0,0,0,91856,91678,0,0
3.399177,0,0,0,0,0,0,0,0,0,0,100544,100399,0,0
3.400856,0,0,0,0,0,0,0,0,0,0,92293,92163,0,0
3.402508,0,0,0,0,0,0,0,0,0,0,91826,91682,0,0
3.404152,0,0,0,0,0,0,0,0,0,0,79629,78443,0,0
3.405713,0,0,0,0,0,0,0,0,0,0,76348,76211,0,0
3.407233,0,0,0,0,0,0,0,0,0,0,75884,75747,0,0
3.408754,0,0,0,0,0,0,0,0,0,0,75782,75645,0,0
3.410273,0,0,0,0,0,0,0,0,0,0,75461,75324,0,0
3.411811,0,0,0,0,0,0,0,0,0,0,75653,75492,0,0
3.413373,0,0,0,0,0,0,0,0,0,0,75797,75660,0,0
3.414894,0,0,0,0,0,0,0,0,0,0,76095,75958,0,0
3.416416,0,0,0,0,0,0,0,0,0,0,75641,75516,0,0
3.417936,0,0,0,0,0,0,0,0,0,0,75690,75517,0,0
3.419457,0,0,0,0,0,0,0,0,0,0,74807,74647,0,0
3.421159,0,0,0,0,0,0,0,0,0,0,77038,76901,0,0
3.422864,0,0,0,0,0,0,0,0,0,0,76799,76638,0,0
3.424555,0,0,0,0,0,0,0,0,0,0,76790,76629,0,0
3.426247,0,0,0,0,0,0,0,0,0,0,77314,77177,0,0
3.427938,0,0,0,0,0,0,0,0,0,0,76473,76313,0,0
3.429677,0,0,0,0,0,0,0,0,0,0,91825,91664,0,0
3.431463,0,0,0,0,0,0,0,0,0,0,76754,76593,0,0
3.433163,0,0,0,0,0,0,0,0,0,0,77073,76936,0,0
3.434855,0,0,0,0,0,0,0,0,0,0,76504,76367,0,0
3.436545,0,0,0,0,0,0,0,0,0,0,76765,76632,0,0
3.438237,0,0,0,0,0,0,0,0,0,0,77326,77185,0,0
3.439928,0,0,0,0,0,0,0,0,0,0,76722,76561,0,0
3.441616,0,0,0,0,0,0,0,0,0,0,90330,92529,0,0
3.443280,0,0,0,0,0,0,0,0,0,0,77957,75441,0,0
3.444992,0,0,0,0,0,0,0,0,0,0,76899,76762,0,0
3.446684,0,0,0,0,0,0,0,0,0,0,76897,76736,0,0
3.448372,0,0,0,0,0,0,0,0,0,0,76488,76351,0,0
3.450064,0,0,0,0,0,0,0,0,0,0,76988,76851,0,0
3.451755,0,0,0,0,0,0,0,0,0,0,76933,76772,0,0
3.453507,0,0,0,0,0,0,0,0,0,0,77337,77200,0,0
3.455265,0,0,0,0,0,0,0,0,0,0,76857,76697,0,0
3.456958,0,0,0,0,0,0,0,0,0,0,76390,76228,0,0
3.458651,0,0,0,0,0,0,0,0,0,0,76632,76470,0,0
3.460340,0,0,0,0,0,0,0,0,0,0,77571,77434,0,0
3.462035,0,0,0,0,0,0,0,0,0,0,76802,76678,0,0
3.463735,0,0,0,0,0,0,0,0,0,0,77020,76870,0,0
3.465424,0,0,0,0,0,0,0,0,0,0,77346,77210,0,0
3.467115,0,0,0,0,0,0,0,0,0,0,76513,76352,0,0
3.468805,0,0,0,0,0,0,0,0,0,0,85085,84948,0,0
3.470545,0,0,0,0,0,0,0,0,0,0,77233,77096,0,0
3.472237,0,0,0,0,0,0,0,0,0,0,76883,76722,0,0
3.473940,0,0,0,0,0,0,0,0,0,0,84003,83841,0,0
3.475675,0,0,0,0,0,0,0,0,0,0,76336,76175,0,0
3.477412,0,0,0,0,0,0,0,0,0,0,77257,77120,0,0
3.479103,0,0,0,0,0,0,0,0,0,0,76567,76407,0,0
3.480792,0,0,0,0,0,0,0,0,0,0,77098,76960,0,0
3.482485,0,0,0,0,0,0,0,0,0,0,76753,76592,0,0
3.484190,0,0,0,0,0,0,0,0,0,0,76916,76756,0,0
3.485881,0,0,0,0,0,0,0,0,0,0,77363,77200,0,0
3.487577,0,0,0,0,0,0,0,0,0,0,77449,77312,0,0
3.489265,0,0,0,0,0,0,0,0,0,0,77107,76970,0,0
3.490956,0,0,0,0,0,0,0,0,0,0,76786,76649,0,0
3.492645,0,0,0,0,0,0,0,0,0,0,85300,85163,0,0
3.494401,0,0,0,0,0,0,0,0,0,0,76407,76246,0,0
3.496086,0,0,0,0,0,0,0,0,0,0,76094,75957,0,0
3.497776,0,0,0,0,0,0,0,0,0,0,131359,131198,0,0
3.499684,0,0,0,0,0,0,0,0,0,0,76362,76201,0,0
3.501265,0,0,0,0,0,0,0,0,0,0,75441,75279,0,0
3.502925,0,0,0,0,0,0,0,0,0,0,77003,76843,0,0
3.504630,0,0,0,0,0,0,0,0,0,0,77350,77213,0,0
3.506322,0,0,0,0,0,0,0,0,0,0,76459,76298,0,0
3.508049,0,0,0,0,0,0,0,0,0,0,76809,76672,0,0
3.509657,0,0,0,0,0,0,0,0,0,0,92450,92459,0,0
3.511429,0,0,0,0,0,0,0,0,0,0,77783,77477,0,0
3.513121,0,0,0,0,0,0,0,0,0,0,76666,76505,0,0
3.514825,0,0,0,0,0,0,0,0,0,0,77073,76912,0,0
3.516517,0,0,0,0,0,0,0,0,0,0,77478,77346,0,0
3.518211,0,0,0,0,0,0,0,0,0,0,77482,77340,0,0
3.519903,0,0,0,0,0,0,0,0,0,0,77248,77111,0,0
3.521593,0,0,0,0,0,0,0,0,0,0,88707,88582,0,0
3.523389,0,0,0,0,0,0,0,0,0,0,81833,81660,0,0
3.525143,0,0,0,0,0,0,0,0,0,0,77522,77385,0,0
3.526839,0,0,0,0,0,0,0,0,0,0,77466,77304,0,0
3.528532,0,0,0,0,0,0,0,0,0,0,77011,76851,0,0
3.530228,0,0,0,0,0,0,0,0,0,0,77022,76861,0,0
3.531922,0,0,0,0,0,0,0,0,0,0,77152,76983,0,0
3.533661,0,0,0,0,0,0,0,0,0,0,94795,94657,0,0
3.535334,0,0,0,0,0,0,0,0,0,0,75211,75050,0,0
3.536995,0,0,0,0,0,0,0,0,0,0,77329,77192,0,0
3.538689,0,0,0,0,0,0,0,0,0,0,76913,76727,0,0
3.540382,0,0,0,0,0,0,0,0,0,0,76940,76779,0,0
3.542079,0,0,0,0,0,0,0,0,0,0,76974,76817,0,0
3.543772,0,0,0,0,0,0,0,0,0,0,77381,77240,0,0
3.545462,0,0,0,0,0,0,0,0,0,0,77171,77035,0,0
3.547034,0,0,0,0,0,0,0,0,0,0,75662,75524,0,0
3.548696,0,0,0,0,0,0,0,0,0,0,85061,84924,0,0
3.550437,0,0,0,0,0,0,0,0,0,0,77144,76983,0,0
3.552130,0,0,0,0,0,0,0,0,0,0,77430,77294,0,0
3.553820,0,0,0,0,0,0,0,0,0,0,84586,84448,0,0
3.555555,0,0,0,0,0,0,0,0,0,0,76432,76295,0,0
3.557298,0,0,0,0,0,0,0,0,0,0,76281,76120,0,0
3.558853,0,0,0,0,0,0,0,0,0,0,75761,75600,0,0
3.560516,0,0,0,0,0,0,0,0,0,0,76907,76746,0,0
3.562210,0,0,0,0,0,0,0,0,0,0,77532,77395,0,0
3.563901,0,0,0,0,0,0,0,0,0,0,77078,76917,0,0
3.565641,0,0,0,0,0,0,0,0,0,0,93635,93474,0,0
3.567452,0,0,0,0,0,0,0,0,0,0,78582,78458,0,0
3.569144,0,0,0,0,0,0,0,0,0,0,77091,76941,0,0
3.570837,0,0,0,0,0,0,0,0,0,0,77704,77567,0,0
3.572549,0,0,0,0,0,0,0,0,0,0,89393,90248,0,0
3.574388,0,0,0,0,0,0,0,0,0,0,93231,93044,0,0
3.576228,0,0,0,0,0,0,0,0,0,0,93664,93527,0,0
3.577929,0,0,0,0,0,0,0,0,0,0,92384,92214,0,0
3.579738,0,0,0,0,0,0,0,0,0,0,93454,93324,0,0
3.581635,0,0,0,0,0,0,0,0,0,0,114983,114788,0,0
3.583470,0,0,0,0,0,0,0,0,0,0,93398,93228,0,0
3.585126,0,0,0,0,0,0,0,0,0,0,91740,91561,0,0
3.586780,0,0,0,0,0,0,0,0,0,0,91724,91547,0,0
3.588445,0,0,0,0,0,0,0,0,0,0,91743,91565,0,0
3.590099,0,0,0,0,0,0,0,0,0,0,91778,91591,0,0
3.591750,0,0,0,0,0,0,0,0,0,0,91824,91654,0,0
3.593401,0,0,0,0,0,0,0,0,0,0,91645,91459,0,0
3.595051,0,0,0,0,0,0,0,0,0,0,91416,91246,0,0
3.596701,0,0,0,0,0,0,0,0,0,0,100163,99975,0,0
3.598558,0,0,0,0,0,0,0,0,0,0,92520,92351,0,0
3.600258,0,0,0,0,0,0,0,0,0,0,91137,90959,0,0
3.602197,0,0,0,0,0,0,0,0,0,0,93152,92973,0,0
3.604034,0,0,0,0,0,0,0,0,0,0,93412,93225,0,0
3.605874,0,0,0,0,0,0,0,0,0,0,94482,94302,0,0
3.607571,0,0,0,0,0,0,0,0,0,0,91826,91647,0,0
3.609225,0,0,0,0,0,0,0,0,0,0,90705,90544,0,0
3.610904,0,0,0,0,0,0,0,0,0,0,91543,91406,0,0
3.612555,0,0,0,0,0,0,0,0,0,0,91564,91386,0,0
3.614207,0,0,0,0,0,0,0,0,0,0,91717,91521,0,0
3.615857,0,0,0,0,0,0,0,0,0,0,91343,91165,0,0
3.617505,0,0,0,0,0,0,0,0,0,0,91360,103469,0,0
3.619283,0,0,0,0,0,0,0,0,0,0,110979,98520,0,0
3.620999,0,0,0,0,0,0,0,0,0,0,91685,91506,0,0
3.622650,0,0,0,0,0,0,0,0,0,0,91214,91035,0,0
3.624299,0,0,0,0,0,0,0,0,0,0,91542,91355,0,0
3.625948,0,0,0,0,0,0,0,0,0,0,91157,90979,0,0
3.627595,0,0,0,0,0,0,0,0,0,0,91674,91487,0,0
3.629296,0,0,0,0,0,0,0,0,0,0,91413,91242,0,0
3.630958,0,0,0,0,0,0,0,0,0,0,91361,91182,0,0
3.632606,0,0,0,0,0,0,0,0,0,0,91703,91535,0,0
3.634256,0,0,0,0,0,0,0,0,0,0,91444,91249,0,0
3.635905,0,0,0,0,0,0,0,0,0,0,91316,91163,0,0
3.637607,0,0,0,0,0,0,0,0,0,0,107254,107618,0,0
3.639373,0,0,0,0,0,0,0,0,0,0,93825,93097,0,0
3.641032,0,0,0,0,0,0,0,0,0,0,91571,91392,0,0
3.642683,0,0,0,0,0,0,0,0,0,0,91409,91229,0,0
3.644332,0,0,0,0,0,0,0,0,0,0,91558,91379,0,0
3.645982,0,0,0,0,0,0,0,0,0,0,91634,91457,0,0
3.647631,0,0,0,0,0,0,0,0,0,0,91454,91283,0,0
3.649431,0,0,0,0,0,0,0,0,0,0,92959,92772,0,0
3.651239,0,0,0,0,0,0,0,0,0,0,107602,107421,0,0
3.653060,0,0,0,0,0,0,0,0,0,0,92512,92324,0,0
3.654723,0,0,0,0,0,0,0,0,0,0,91610,91433,0,0
3.656375,0,0,0,0,0,0,0,0,0,0,91310,91139,0,0
3.658026,0,0,0,0,0,0,0,0,0,0,91641,91464,0,0
3.659676,0,0,0,0,0,0,0,0,0,0,91455,91276,0,0
3.661375,0,0,0,0,0,0,0,0,0,0,91500,91330,0,0
3.663177,0,0,0,0,0,0,0,0,0,0,93243,93054,0,0
3.665017,0,0,0,0,0,0,0,0,0,0,93079,92893,0,0
3.666858,0,0,0,0,0,0,0,0,0,0,93238,93059,0,0
3.668697,0,0,0,0,0,0,0,0,0,0,102968,102796,0,0
3.670600,0,0,0,0,0,0,0,0,0,0,93050,92864,0,0
3.672454,0,0,0,0,0,0,0,0,0,0,93214,93044,0,0
3.674295,0,0,0,0,0,0,0,0,0,0,93139,92926,0,0
3.676133,0,0,0,0,0,0,0,0,0,0,93140,92971,0,0
3.677970,0,0,0,0,0,0,0,0,0,0,105919,105832,0,0
3.679848,0,0,0,0,0,0,0,0,0,0,94251,93971,0,0
3.681469,0,0,0,0,0,0,0,0,0,0,91522,91344,0,0
3.683153,0,0,0,0,0,0,0,0,0,0,100777,100615,0,0
3.684754,0,0,0,0,0,0,0,0,0,0,149749,149603,0,0
3.686784,0,0,0,0,0,0,0,0,0,0,92394,92225,0,0
3.688449,0,0,0,0,0,0,0,0,0,0,91634,91447,0,0
3.690104,0,0,0,0,0,0,0,0,0,0,91562,91376,0,0
3.691754,0,0,0,0,0,0,0,0,0,0,91514,91334,0,0
3.693479,0,0,0,0,0,0,0,0,0,0,91786,91616,0,0
3.695248,0,0,0,0,0,0,0,0,0,0,103294,103109,0,0
3.696898,0,0,0,0,0,0,0,0,0,0,91589,91418,0,0
3.698705,0,0,0,0,0,0,0,0,0,0,95675,95495,0,0
3.700367,0,0,0,0,0,0,0,0,0,0,92058,91871,0,0
3.702005,0,0,0,0,0,0,0,0,0,0,91666,91496,0,0
3.703702,0,0,0,0,0,0,0,0,0,0,91422,91244,0,0
3.705347,0,0,0,0,0,0,0,0,0,0,90947,90778,0,0
3.706995,0,0,0,0,0,0,0,0,0,0,91597,91403,0,0
3.708646,0,0,0,0,0,0,0,0,0,0,100331,100161,0,0
3.710352,0,0,0,0,0,0,0,0,0,0,91832,91645,0,0
3.712002,0,0,0,0,0,0,0,0,0,0,91690,91511,0,0
3.713804,0,0,0,0,0,0,0,0,0,0,106496,106317,0,0
3.715589,0,0,0,0,0,0,0,0,0,0,91238,91060,0,0
3.717302,0,0,0,0,0,0,0,0,0,0,91198,91010,0,0
3.718952,0,0,0,0,0,0,0,0,0,0,91214,91051,0,0
3.720675,0,0,0,0,0,0,0,0,0,0,91599,91422,0,0
3.722327,0,0,0,0,0,0,0,0,0,0,91565,91386,0,0
3.723977,0,0,0,0,0,0,0,0,0,0,91304,91125,0,0
3.725693,0,0,0,0,0,0,0,0,0,0,91580,91403,0,0
3.727344,0,0,0,0,0,0,0,0,0,0,91524,91345,0,0
3.728993,0,0,0,0,0,0,0,0,0,0,91629,91443,0,0
3.730644,0,0,0,0,0,0,0,0,0,0,91545,91367,0,0
3.732294,0,0,0,0,0,0,0,0,0,0,91439,91261,0,0
3.733942,0,0,0,0,0,0,0,0,0,0,92995,92867,0,0
3.735619,0,0,0,0,0,0,0,0,0,0,92117,91895,0,0
3.737285,0,0,0,0,0,0,0,0,0,0,91523,91338,0,0
3.738937,0,0,0,0,0,0,0,0,0,0,91472,91292,0,0
3.740587,0,0,0,0,0,0,0,0,0,0,91611,91441,0,0
3.742238,0,0,0,0,0,0,0,0,0,0,91524,91354,0,0
3.743886,0,0,0,0,0,0,0,0,0,0,138324,138188,0,0
3.745830,0,0,0,0,0,0,0,0,0,0,101061,100906,0,0
3.747540,0,0,0,0,0,0,0,0,0,0,91459,91288,0,0
3.749246,0,0,0,0,0,0,0,0,0,0,91743,91566,0,0
3.750896,0,0,0,0,0,0,0,0,0,0,91484,91306,0,0
3.752544,0,0,0,0,0,0,0,0,0,0,91386,91208,0,0
3.754195,0,0,0,0,0,0,0,0,0,0,91492,91306,0,0
3.755842,0,0,0,0,0,0,0,0,0,0,91350,91170,0,0
3.757543,0,0,0,0,0,0,0,0,0,0,106242,108248,0,0
3.759322,0,0,0,0,0,0,0,0,0,0,106897,105803,0,0
3.761056,0,0,0,0,0,0,0,0,0,0,125451,124054,0,0
3.763077,0,0,0,0,0,0,0,0,0,0,91553,91368,0,0
3.764731,0,0,0,0,0,0,0,0,0,0,100621,100450,0,0
3.766438,0,0,0,0,0,0,0,0,0,0,91598,91419,0,0
3.768089,0,0,0,0,0,0,0,0,0,0,91907,91761,0,0
3.769756,0,0,0,0,0,0,0,0,0,0,82273,81116,0,0
3.771294,0,0,0,0,0,0,0,0,0,0,75649,75508,0,0
3.772818,0,0,0,0,0,0,0,0,0,0,96318,97155,0,0
3.774522,0,0,0,0,0,0,0,0,0,0,91690,91496,0,0
3.776169,0,0,0,0,0,0,0,0,0,0,92044,91914,0,0
3.777814,0,0,0,0,0,0,0,0,0,0,100531,100378,0,0
3.779536,0,0,0,0,0,0,0,0,0,0,94871,94742,0,0
3.781259,0,0,0,0,0,0,0,0,0,0,92216,92096,0,0
3.782911,0,0,0,0,0,0,0,0,0,0,91527,91340,0,0
3.784561,0,0,0,0,0,0,0,0,0,0,91639,91462,0,0
3.786213,0,0,0,0,0,0,0,0,0,0,91732,91561,0,0
3.787864,0,0,0,0,0,0,0,0,0,0,91635,91448,0,0
3.789567,0,0,0,0,0,0,0,0,0,0,106669,106491,0,0
3.791332,0,0,0,0,0,0,0,0,0,0,93595,93416,0,0
3.792981,0,0,0,0,0,0,0,0,0,0,91623,91436,0,0
3.794634,0,0,0,0,0,0,0,0,0,0,91811,91641,0,0
3.796284,0,0,0,0,0,0,0,0,0,0,91506,91320,0,0
3.797988,0,0,0,0,0,0,0,0,0,0,91614,91442,0,0
3.799639,0,0,0,0,0,0,0,0,0,0,91458,91278,0,0
3.801440,0,0,0,0,0,0,0,0,0,0,93312,93135,0,0
3.803250,0,0,0,0,0,0,0,0,0,0,108201,108014,0,0
3.804969,0,0,0,0,0,0,0,0,0,0,91826,91647,0,0
3.806626,0,0,0,0,0,0,0,0,0,0,90978,90809,0,0
3.808273,0,0,0,0,0,0,0,0,0,0,91090,90902,0,0
3.809917,0,0,0,0,0,0,0,0,0,0,98951,98781,0,0
3.811612,0,0,0,0,0,0,0,0,0,0,91270,91091,0,0
3.813323,0,0,0,0,0,0,0,0,0,0,91027,90840,0,0
3.814970,0,0,0,0,0,0,0,0,0,0,91846,91668,0,0
3.816659,0,0,0,0,0,0,0,0,0,0,91887,91718,0,0
3.818313,0,0,0,0,0,0,0,0,0,0,91607,91419,0,0
3.819963,0,0,0,0,0,0,0,0,0,0,91526,91349,0,0
3.821668,0,0,0,0,0,0,0,0,0,0,109888,110029,0,0
3.823595,0,0,0,0,0,0,0,0,0,0,99651,99154,0,0
3.825313,0,0,0,0,0,0,0,0,0,0,107528,107391,0,0
3.827124,0,0,0,0,0,0,0,0,0,0,92161,91992,0,0
3.828779,0,0,0,0,0,0,0,0,0,0,101694,101556,0,0
3.830495,0,0,0,0,0,0,0,0,0,0,91742,91555,0,0
3.832147,0,0,0,0,0,0,0,0,0,0,91724,91556,0,0
3.833959,0,0,0,0,0,0,0,0,0,0,92601,92422,0,0
3.835784,0,0,0,0,0,0,0,0,0,0,96686,96540,0,0
3.837450,0,0,0,0,0,0,0,0,0,0,94487,95593,0,0
3.839188,0,0,0,0,0,0,0,0,0,0,108675,107654,0,0
3.840797,0,0,0,0,0,0,0,0,0,0,96777,96199,0,0
3.842470,0,0,0,0,0,0,0,0,0,0,96426,96263,0,0
3.844137,0,0,0,0,0,0,0,0,0,0,92000,91804,0,0
3.845746,0,0,0,0,0,0,0,0,0,0,94122,93961,0,0
3.847363,0,0,0,0,0,0,0,0,0,0,99514,99319,0,0
3.849026,0,0,0,0,0,0,0,0,0,0,93628,93458,0,0
3.850629,0,0,0,0,0,0,0,0,0,0,91690,91503,0,0
3.852232,0,0,0,0,0,0,0,0,0,0,91571,91385,0,0
3.853862,0,0,0,0,0,0,0,0,0,0,118750,118588,0,0
3.855677,0,0,0,0,0,0,0,0,0,0,92385,92207,0,0
3.857359,0,0,0,0,0,0,0,0,0,0,91966,91779,0,0
3.859005,0,0,0,0,0,0,0,0,0,0,90906,90737,0,0
3.860650,0,0,0,0,0,0,0,0,0,0,99709,99530,0,0
3.862351,0,0,0,0,0,0,0,0,0,0,90940,90762,0,0
3.864145,0,0,0,0,0,0,0,0,0,0,92717,92522,0,0
3.865845,0,0,0,0,0,0,0,0,0,0,102214,102335,0,0
3.867586,0,0,0,0,0,0,0,0,0,0,94405,93951,0,0
3.869304,0,0,0,0,0,0,0,0,0,0,91443,91256,0,0
3.870958,0,0,0,0,0,0,0,0,0,0,90999,90863,0,0
3.872606,0,0,0,0,0,0,0,0,0,0,91827,91690,0,0
3.874248,0,0,0,0,0,0,0,0,0,0,78712,77519,0,0
3.875763,0,0,0,0,0,0,0,0,0,0,75321,75184,0,0
3.877330,0,0,0,0,0,0,0,0,0,0,75348,75211,0,0
3.878845,0,0,0,0,0,0,0,0,0,0,75015,74853,0,0
3.880359,0,0,0,0,0,0,0,0,0,0,74756,74619,0,0
3.881873,0,0,0,0,0,0,0,0,0,0,101125,100997,0,0
3.883553,0,0,0,0,0,0,0,0,0,0,75441,75271,0,0
3.885112,0,0,0,0,0,0,0,0,0,0,75553,75416,0,0
3.886642,0,0,0,0,0,0,0,0,0,0,77661,77528,0,0
3.888187,0,0,0,0,0,0,0,0,0,0,75117,74976,0,0
3.889705,0,0,0,0,0,0,0,0,0,0,90054,89917,0,0
3.891321,0,0,0,0,0,0,0,0,0,0,74960,74823,0,0
3.892839,0,0,0,0,0,0,0,0,0,0,81439,81282,0,0
3.894399,0,0,0,0,0,0,0,0,0,0,75298,75134,0,0
3.895919,0,0,0,0,0,0,0,0,0,0,75167,75006,0,0
3.897437,0,0,0,0,0,0,0,0,0,0,75386,75250,0,0
3.899098,0,0,0,0,0,0,0,0,0,0,75351,75209,0,0
3.900623,0,0,0,0,0,0,0,0,0,0,75274,75133,0,0
3.902146,0,0,0,0,0,0,0,0,0,0,75343,75182,0,0
3.903666,0,0,0,0,0,0,0,0,0,0,76145,76008,0,0
3.905186,0,0,0,0,0,0,0,0,0,0,75679,75542,0,0
3.906709,0,0,0,0,0,0,0,0,0,0,75448,75286,0,0
3.908228,0,0,0,0,0,0,0,0,0,0,75948,75811,0,0
3.909897,0,0,0,0,0,0,0,0,0,0,79855,79711,0,0
3.911477,0,0,0,0,0,0,0,0,0,0,75669,75519,0,0
3.912997,0,0,0,0,0,0,0,0,0,0,74667,74526,0,0
3.914516,0,0,0,0,0,0,0,0,0,0,75369,75209,0,0
3.916780,0,0,0,0,0,0,0,0,0,0,101889,101757,0,0
3.918477,0,0,0,0,0,0,0,0,0,0,76555,76414,0,0
3.920007,0,0,0,0,0,0,0,0,0,0,74935,74797,0,0
3.921522,0,0,0,0,0,0,0,0,0,0,74931,74767,0,0
3.923038,0,0,0,0,0,0,0,0,0,0,75127,74967,0,0
3.924559,0,0,0,0,0,0,0,0,0,0,75840,75704,0,0
3.926082,0,0,0,0,0,0,0,0,0,0,75136,74996,0,0
3.927601,0,0,0,0,0,0,0,0,0,0,75035,74875,0,0
3.929256,0,0,0,0,0,0,0,0,0,0,76786,76625,0,0
3.930959,0,0,0,0,0,0,0,0,0,0,77425,77288,0,0
3.932650,0,0,0,0,0,0,0,0,0,0,85005,84868,0,0
3.934389,0,0,0,0,0,0,0,0,0,0,77118,76981,0,0
3.936080,0,0,0,0,0,0,0,0,0,0,77246,77109,0,0
3.937770,0,0,0,0,0,0,0,0,0,0,77357,77224,0,0
3.939466,0,0,0,0,0,0,0,0,0,0,77515,77374,0,0
3.941218,0,0,0,0,0,0,0,0,0,0,77143,76982,0,0
3.942908,0,0,0,0,0,0,0,0,0,0,81310,81149,0,0
3.944629,0,0,0,0,0,0,0,0,0,0,76860,76700,0,0
3.946323,0,0,0,0,0,0,0,0,0,0,77290,77129,0,0
3.948014,0,0,0,0,0,0,0,0,0,0,76883,76722,0,0
3.950335,0,0,0,0,0,0,0,0,0,0,85375,85238,0,0
3.951976,0,0,0,0,0,0,0,0,0,0,75676,75540,0,0
3.953504,0,0,0,0,0,0,0,0,0,0,74860,74722,0,0
3.955026,0,0,0,0,0,0,0,0,0,0,75044,74887,0,0
3.956547,0,0,0,0,0,0,0,0,0,0,74342,74177,0,0
3.958216,0,0,0,0,0,0,0,0,0,0,80330,80197,0,0
3.959747,0,0,0,0,0,0,0,0,0,0,76186,76050,0,0
3.961223,0,0,0,0,0,0,0,0,0,0,76784,76646,0,0
3.962722,0,0,0,0,0,0,0,0,0,0,76093,75956,0,0
3.964240,0,0,0,0,0,0,0,0,0,0,75648,75511,0,0
3.965736,0,0,0,0,0,0,0,0,0,0,92021,91860,0,0
3.967360,0,0,0,0,0,0,0,0,0,0,75211,75070,0,0
3.968875,0,0,0,0,0,0,0,0,0,0,74903,74758,0,0
3.970390,0,0,0,0,0,0,0,0,0,0,75001,74863,0,0
3.971907,0,0,0,0,0,0,0,0,0,0,74735,74578,0,0
3.973469,0,0,0,0,0,0,0,0,0,0,74710,74549,0,0
3.974986,0,0,0,0,0,0,0,0,0,0,75389,75253,0,0
3.976643,0,0,0,0,0,0,0,0,0,0,77222,77060,0,0
3.978338,0,0,0,0,0,0,0,0,0,0,76988,76827,0,0
3.980032,0,0,0,0,0,0,0,0,0,0,77231,77094,0,0
3.981772,0,0,0,0,0,0,0,0,0,0,78456,78319,0,0
3.983469,0,0,0,0,0,0,0,0,0,0,77082,76921,0,0
3.985066,0,0,0,0,0,0,0,0,0,0,76877,76716,0,0
3.986764,0,0,0,0,0,0,0,0,0,0,77250,77090,0,0
3.988458,0,0,0,0,0,0,0,0,0,0,77051,76890,0,0
3.990155,0,0,0,0,0,0,0,0,0,0,77085,76925,0,0
3.991848,0,0,0,0,0,0,0,0,0,0,77518,77381,0,0
3.993540,0,0,0,0,0,0,0,0,0,0,77249,77112,0,0
3.995335,0,0,0,0,0,0,0,0,0,0,77480,77343,0,0
3.997075,0,0,0,0,0,0,0,0,0,0,77727,77590,0,0
3.998770,0,0,0,0,0,0,0,0,0,0,77002,76865,0,0
4.000086,0,0,0,0,0,0,0,0,0,0,76110,75973,0,0
