elapsed_s,HLSQ_VSDP_BR_QUERY_BUSY,HLSQ_VSDP_BV_QUERY_BUSY,HLSQ_VSDP_BR_QUERY_FAIL,HLSQ_VSDP_BV_QUERY_FAIL,HLSQ_VS_CTXT_BUF_FULL_BLOCK_CPI,HLSQ_FS_CTXT_BUF_FULL_BLOCK_CPI
0.001103,0,0,0,0,0,0
0.002614,0,0,0,0,0,0
0.003924,0,0,0,0,0,0
0.005177,0,0,0,0,0,0
0.006461,0,0,0,0,0,0
0.007743,0,0,0,0,0,0
0.009009,0,0,0,0,0,0
0.010280,0,0,0,0,0,0
0.011498,0,0,0,0,0,0
0.012757,0,0,0,0,0,0
0.013965,0,0,0,0,0,0
0.015181,0,0,0,0,0,0
0.016471,0,0,0,0,0,0
0.017629,0,0,0,0,0,0
0.018850,0,0,0,0,0,0
0.020023,0,0,0,0,0,0
0.021234,0,0,0,0,0,0
0.022398,0,0,0,0,0,0
0.023606,0,0,0,0,0,0
0.024765,0,0,0,0,0,0
0.025974,0,0,0,0,0,0
0.027138,0,0,0,0,0,0
0.028349,0,0,0,0,0,0
0.029558,0,0,0,0,0,0
0.030718,0,0,0,0,0,0
0.031876,0,0,0,0,0,0
0.033093,0,0,0,0,0,0
0.034145,0,0,0,0,0,0
0.035303,0,0,0,0,0,0
0.036461,0,0,0,0,0,0
0.037668,0,0,0,0,0,0
0.038827,0,0,0,0,0,0
0.039985,0,0,0,0,0,0
0.041143,0,0,0,0,0,0
0.042305,0,0,0,0,0,0
0.043465,0,0,0,0,0,0
0.044627,0,0,0,0,0,0
0.045887,0,0,0,0,0,0
0.047102,0,0,0,0,0,0
0.048307,0,0,0,0,0,0
0.049514,0,0,0,0,0,0
0.050672,0,0,0,0,0,0
0.051908,0,0,0,0,0,0
0.053068,0,0,0,0,0,0
0.054276,0,0,0,0,0,0
0.055489,0,0,0,0,0,0
0.056732,0,0,0,0,0,0
0.057846,0,0,0,0,0,0
0.059066,0,0,0,0,0,0
0.060278,0,0,0,0,0,0
0.061495,0,0,0,0,0,0
0.062662,0,0,0,0,0,0
0.063879,0,0,0,0,0,0
0.065105,0,0,0,0,0,0
0.066273,0,0,0,0,0,0
0.067488,0,0,0,0,0,0
0.068697,0,0,0,0,0,0
0.069912,0,0,0,0,0,0
0.071070,0,0,0,0,0,0
0.072254,0,0,0,0,0,0
0.073417,0,0,0,0,0,0
0.074576,0,0,0,0,0,0
0.075733,0,0,0,0,0,0
0.076960,0,0,0,0,0,0
0.078119,0,0,0,0,0,0
0.079276,0,0,0,0,0,0
0.080433,0,0,0,0,0,0
0.081615,0,0,0,0,0,0
0.082672,0,0,0,0,0,0
0.083900,0,0,0,0,0,0
0.085209,0,0,0,0,0,0
0.087100,0,0,0,0,0,0
0.088910,0,0,0,0,0,0
0.090587,0,0,0,0,0,0
0.092006,0,0,0,0,0,0
0.093583,0,0,0,0,0,0
0.094949,0,0,0,0,0,0
0.096282,0,0,0,0,0,0
0.097518,0,0,0,0,0,0
0.098815,0,0,0,0,0,0
0.100057,0,0,0,0,0,0
0.101299,0,0,0,0,0,0
0.102594,0,0,0,0,0,0
0.103991,0,0,0,0,0,0
0.105241,0,0,0,0,0,0
0.106359,0,0,0,0,0,0
0.107589,0,0,0,0,0,0
0.108917,0,0,0,0,0,0
0.110307,0,0,0,0,0,0
0.111647,0,0,0,0,0,0
0.114579,0,0,0,0,0,0
0.116076,0,0,0,0,0,0
0.117386,0,0,0,0,0,0
0.118635,0,0,0,0,0,0
0.119851,0,0,0,0,0,0
0.121062,0,0,0,0,0,0
0.122341,0,0,0,0,0,0
0.123627,0,0,0,0,0,0
0.125337,0,0,0,0,0,0
0.127034,0,0,0,0,0,0
0.128433,0,0,0,0,0,0
0.129925,0,0,0,0,0,0
0.131303,0,0,0,0,0,0
0.132602,0,0,0,0,0,0
0.133867,0,0,0,0,0,0
0.135147,0,0,0,0,0,0
0.136390,0,0,0,0,0,0
0.137656,0,0,0,0,0,0
0.138922,0,0,0,0,0,0
0.140198,0,0,0,0,0,0
0.141499,0,0,0,0,0,0
0.142795,0,0,0,0,0,0
0.144091,0,0,0,0,0,0
0.145638,0,0,0,0,0,0
0.146989,0,0,0,0,0,0
0.148451,0,0,0,0,0,0
0.149920,0,0,0,0,0,0
0.151231,0,0,0,0,0,0
0.152523,0,0,0,0,0,0
0.154087,0,0,0,0,0,0
0.155408,0,0,0,0,0,0
0.156984,0,0,0,0,0,0
0.158469,0,0,0,0,0,0
0.159799,0,0,0,0,0,0
0.161061,0,0,0,0,0,0
0.162454,0,0,0,0,0,0
0.163794,0,0,0,0,0,0
0.165096,0,0,0,0,0,0
0.166337,0,0,0,0,0,0
0.167575,0,0,0,0,0,0
0.168902,0,0,0,0,0,0
0.170145,0,0,0,0,0,0
0.171383,0,0,0,0,0,0
0.172656,0,0,0,0,0,0
0.173876,0,0,0,0,0,0
0.175099,0,0,0,0,0,0
0.176325,0,0,0,0,0,0
0.178216,0,0,0,0,0,0
0.179450,0,0,0,0,0,0
0.180676,0,0,0,0,0,0
0.182001,0,0,0,0,0,0
0.183186,0,0,0,0,0,0
0.184360,0,0,0,0,0,0
0.185582,0,0,0,0,0,0
0.186876,0,0,0,0,0,0
0.188153,0,0,0,0,0,0
0.189396,0,0,0,0,0,0
0.190564,0,0,0,0,0,0
0.191785,0,0,0,0,0,0
0.193034,0,0,0,0,0,0
0.194264,0,0,0,0,0,0
0.195530,0,0,0,0,0,0
0.196761,0,0,0,0,0,0
0.197989,0,0,0,0,0,0
0.199203,0,0,0,0,0,0
0.200414,0,0,0,0,0,0
0.201634,0,0,0,0,0,0
0.202896,0,0,0,0,0,0
0.204116,0,0,0,0,0,0
0.205523,0,0,0,0,0,0
0.206890,0,0,0,0,0,0
0.208135,0,0,0,0,0,0
0.209392,0,0,0,0,0,0
0.210777,0,0,0,0,0,0
0.212111,0,0,0,0,0,0
0.213385,0,0,0,0,0,0
0.214644,0,0,0,0,0,0
0.215998,0,0,0,0,0,0
0.217376,0,0,0,0,0,0
0.218715,0,0,0,0,0,0
0.220297,0,0,0,0,0,0
0.221901,0,0,0,0,0,0
0.223251,0,0,0,0,0,0
0.224621,0,0,0,0,0,0
0.225945,0,0,0,0,0,0
0.227244,0,0,0,0,0,0
0.228645,0,0,0,0,0,0
0.230128,0,0,0,0,0,0
0.231421,0,0,0,0,0,0
0.232919,0,0,0,0,0,0
0.234218,0,0,0,0,0,0
0.235565,0,0,0,0,0,0
0.237025,0,0,0,0,0,0
0.238535,0,0,0,0,0,0
0.239836,0,0,0,0,0,0
0.241134,0,0,0,0,0,0
0.242436,0,0,0,0,0,0
0.244016,0,0,0,0,0,0
0.245383,0,0,0,0,0,0
0.247061,0,0,0,0,0,0
0.248613,0,0,0,0,0,0
0.250162,0,0,0,0,0,0
0.251450,0,0,0,0,0,0
0.252954,0,0,0,0,0,0
0.254287,0,0,0,0,0,0
0.255933,0,0,0,0,0,0
0.257429,0,0,0,0,0,0
0.258758,0,0,0,0,0,0
0.260635,0,0,0,0,0,0
0.262189,0,0,0,0,0,0
0.263703,0,0,0,0,0,0
0.265260,0,0,0,0,0,0
0.266685,0,0,0,0,0,0
0.268114,0,0,0,0,0,0
0.269374,0,0,0,0,0,0
0.270631,0,0,0,0,0,0
0.271890,0,0,0,0,0,0
0.273147,0,0,0,0,0,0
0.274527,0,0,0,0,0,0
0.275789,0,0,0,0,0,0
0.277598,0,0,0,0,0,0
0.279112,0,0,0,0,0,0
0.280610,0,0,0,0,0,0
0.281762,0,0,0,0,0,0
0.283058,0,0,0,0,0,0
0.284417,0,0,0,0,0,0
0.286180,0,0,0,0,0,0
0.287698,0,0,0,0,0,0
0.291098,0,0,0,0,0,0
0.292601,0,0,0,0,0,0
0.294146,0,0,0,0,0,0
0.295425,0,0,0,0,0,0
0.296725,0,0,0,0,0,0
0.297977,0,0,0,0,0,0
0.299228,0,0,0,0,0,0
0.300548,0,0,0,0,0,0
0.301964,0,0,0,0,0,0
0.303135,0,0,0,0,0,0
0.304419,0,0,0,0,0,0
0.305718,0,0,0,0,0,0
0.306984,0,0,0,0,0,0
0.308234,0,0,0,0,0,0
0.309502,0,0,0,0,0,0
0.310798,0,0,0,0,0,0
0.312039,0,0,0,0,0,0
0.313280,0,0,0,0,0,0
0.314519,0,0,0,0,0,0
0.315822,0,0,0,0,0,0
0.317081,0,0,0,0,0,0
0.318534,0,0,0,0,0,0
0.319912,0,0,0,0,0,0
0.321173,0,0,0,0,0,0
0.322435,0,0,0,0,0,0
0.323698,0,0,0,0,0,0
0.325238,0,0,0,0,0,0
0.326625,0,0,0,0,0,0
0.328242,0,0,0,0,0,0
0.329760,0,0,0,0,0,0
0.331132,0,0,0,0,0,0
0.332469,0,0,0,0,0,0
0.333827,0,0,0,0,0,0
0.335287,0,0,0,0,0,0
0.336632,0,0,0,0,0,0
0.337981,0,0,0,0,0,0
0.339352,0,0,0,0,0,0
0.340640,0,0,0,0,0,0
0.341909,0,0,0,0,0,0
0.343173,0,0,0,0,0,0
0.344517,0,0,0,0,0,0
0.345776,0,0,0,0,0,0
0.347036,0,0,0,0,0,0
0.348488,0,0,0,0,0,0
0.349816,0,0,0,0,0,0
0.351275,0,0,0,0,0,0
0.352574,0,0,0,0,0,0
0.354007,0,0,0,0,0,0
0.355671,0,0,0,0,0,0
0.356978,0,0,0,0,0,0
0.358272,0,0,0,0,0,0
0.359696,0,0,0,0,0,0
0.360983,0,0,0,0,0,0
0.362780,0,0,0,0,0,0
0.364126,0,0,0,0,0,0
0.365440,0,0,0,0,0,0
0.366912,0,0,0,0,0,0
0.368275,0,0,0,0,0,0
0.369588,0,0,0,0,0,0
0.370945,0,0,0,0,0,0
0.372251,0,0,0,0,0,0
0.374148,0,0,0,0,0,0
0.375447,0,0,0,0,0,0
0.376746,0,0,0,0,0,0
0.378057,0,0,0,0,0,0
0.379858,0,0,0,0,0,0
0.381276,0,0,0,0,0,0
0.382575,0,0,0,0,0,0
0.383868,0,0,0,0,0,0
0.385186,0,0,0,0,0,0
0.387009,0,0,0,0,0,0
0.388304,0,0,0,0,0,0
0.389643,0,0,0,0,0,0
0.390968,0,0,0,0,0,0
0.392335,0,0,0,0,0,0
0.393846,0,0,0,0,0,0
0.395238,0,0,0,0,0,0
0.396665,0,0,0,0,0,0
0.398248,0,0,0,0,0,0
0.399524,0,0,0,0,0,0
0.400826,0,0,0,0,0,0
0.402092,0,0,0,0,0,0
0.403441,0,0,0,0,0,0
0.404750,0,0,0,0,0,0
0.406016,0,0,0,0,0,0
0.407379,0,0,0,0,0,0
0.408670,0,0,0,0,0,0
0.410010,0,0,0,0,0,0
0.411514,0,0,0,0,0,0
0.412761,0,0,0,0,0,0
0.414007,0,0,0,0,0,0
0.415267,0,0,0,0,0,0
0.416511,0,0,0,0,0,0
0.417752,0,0,0,0,0,0
0.419081,0,0,0,0,0,0
0.420410,0,0,0,0,0,0
0.421764,0,0,0,0,0,0
0.423214,0,0,0,0,0,0
0.424513,0,0,0,0,0,0
0.426154,0,0,0,0,0,0
0.427554,0,0,0,0,0,0
0.428996,0,0,0,0,0,0
0.430430,0,0,0,0,0,0
0.431728,0,0,0,0,0,0
0.433022,0,0,0,0,0,0
0.434317,0,0,0,0,0,0
0.435645,0,0,0,0,0,0
0.437097,0,0,0,0,0,0
0.438465,0,0,0,0,0,0
0.439831,0,0,0,0,0,0
0.441569,0,0,0,0,0,0
0.442945,0,0,0,0,0,0
0.444316,0,0,0,0,0,0
0.445621,0,0,0,0,0,0
0.447016,0,0,0,0,0,0
0.448342,0,0,0,0,0,0
0.449692,0,0,0,0,0,0
0.450987,0,0,0,0,0,0
0.452346,0,0,0,0,0,0
0.453765,0,0,0,0,0,0
0.455219,0,0,0,0,0,0
0.456649,0,0,0,0,0,0
0.458080,0,0,0,0,0,0
0.459335,0,0,0,0,0,0
0.460871,0,0,0,0,0,0
0.462271,0,0,0,0,0,0
0.464686,0,0,0,0,0,0
0.465955,0,0,0,0,0,0
0.467240,0,0,0,0,0,0
0.468487,0,0,0,0,0,0
0.470402,0,0,0,0,0,0
0.471639,0,0,0,0,0,0
0.472835,0,0,0,0,0,0
0.475246,0,0,0,0,0,0
0.476487,0,0,0,0,0,0
0.477832,0,0,0,0,0,0
0.479074,0,0,0,0,0,0
0.480430,0,0,0,0,0,0
0.481728,0,0,0,0,0,0
0.482868,0,0,0,0,0,0
0.484106,0,0,0,0,0,0
0.485360,0,0,0,0,0,0
0.486731,0,0,0,0,0,0
0.488135,0,0,0,0,0,0
0.490123,0,0,0,0,0,0
0.492568,0,0,0,0,0,0
0.493846,0,0,0,0,0,0
0.495085,0,0,0,0,0,0
0.496266,0,0,0,0,0,0
0.497450,0,0,0,0,0,0
0.498628,0,0,0,0,0,0
0.499798,0,0,0,0,0,0
0.501051,0,0,0,0,0,0
0.502226,0,0,0,0,0,0
0.503570,0,0,0,0,0,0
0.504777,0,0,0,0,0,0
0.505952,0,0,0,0,0,0
0.507124,0,0,0,0,0,0
0.508309,0,0,0,0,0,0
0.509586,0,0,0,0,0,0
0.510843,0,0,0,0,0,0
0.512078,0,0,0,0,0,0
0.513378,0,0,0,0,0,0
0.514606,0,0,0,0,0,0
0.515864,0,0,0,0,0,0
0.517282,0,0,0,0,0,0
0.518501,0,0,0,0,0,0
0.519723,0,0,0,0,0,0
0.520947,0,0,0,0,0,0
0.522168,0,0,0,0,0,0
0.523397,0,0,0,0,0,0
0.524616,0,0,0,0,0,0
0.525830,0,0,0,0,0,0
0.527074,0,0,0,0,0,0
0.528287,0,0,0,0,0,0
0.529510,0,0,0,0,0,0
0.530724,0,0,0,0,0,0
0.531969,0,0,0,0,0,0
0.533181,0,0,0,0,0,0
0.534363,0,0,0,0,0,0
0.535574,0,0,0,0,0,0
0.536792,0,0,0,0,0,0
0.538190,0,0,0,0,0,0
0.539368,0,0,0,0,0,0
0.540545,0,0,0,0,0,0
0.541770,0,0,0,0,0,0
0.542994,0,0,0,0,0,0
0.544215,0,0,0,0,0,0
0.545448,0,0,0,0,0,0
0.546674,0,0,0,0,0,0
0.547928,0,0,0,0,0,0
0.549239,0,0,0,0,0,0
0.550575,0,0,0,0,0,0
0.551961,0,0,0,0,0,0
0.553269,0,0,0,0,0,0
0.554532,0,0,0,0,0,0
0.555902,0,0,0,0,0,0
0.557264,0,0,0,0,0,0
0.558559,0,0,0,0,0,0
0.559854,0,0,0,0,0,0
0.561148,0,0,0,0,0,0
0.562554,0,0,0,0,0,0
0.563906,0,0,0,0,0,0
0.565162,0,0,0,0,0,0
0.566770,0,0,0,0,0,0
0.568030,0,0,0,0,0,0
0.569907,0,0,0,0,0,0
0.571340,0,0,0,0,0,0
0.572614,0,0,0,0,0,0
0.573905,0,0,0,0,0,0
0.575193,0,0,0,0,0,0
0.576481,0,0,0,0,0,0
0.578067,0,0,0,0,0,0
0.579357,0,0,0,0,0,0
0.580689,0,0,0,0,0,0
0.581960,0,0,0,0,0,0
0.583287,0,0,0,0,0,0
0.584585,0,0,0,0,0,0
0.586920,0,0,0,0,0,0
0.588483,0,0,0,0,0,0
0.589774,0,0,0,0,0,0
0.592666,0,0,0,0,0,0
0.594106,0,0,0,0,0,0
0.595418,0,0,0,0,0,0
0.596932,0,0,0,0,0,0
0.598245,0,0,0,0,0,0
0.599556,0,0,0,0,0,0
0.600912,0,0,0,0,0,0
0.602173,0,0,0,0,0,0
0.603452,0,0,0,0,0,0
0.604722,0,0,0,0,0,0
0.606004,0,0,0,0,0,0
0.607349,0,0,0,0,0,0
0.608636,0,0,0,0,0,0
0.609891,0,0,0,0,0,0
0.611232,0,0,0,0,0,0
0.612523,0,0,0,0,0,0
0.613986,0,0,0,0,0,0
0.615296,0,0,0,0,0,0
0.616683,0,0,0,0,0,0
0.617972,0,0,0,0,0,0
0.619266,0,0,0,0,0,0
0.620557,0,0,0,0,0,0
0.622107,0,0,0,0,0,0
0.623404,0,0,0,0,0,0
0.624879,0,0,0,0,0,0
0.626301,0,0,0,0,0,0
0.627681,0,0,0,0,0,0
0.629062,0,0,0,0,0,0
0.630390,0,0,0,0,0,0
0.631727,0,0,0,0,0,0
0.633027,0,0,0,0,0,0
0.634763,0,0,0,0,0,0
0.636243,0,0,0,0,0,0
0.637709,0,0,0,0,0,0
0.639069,0,0,0,0,0,0
0.641158,0,0,0,0,0,0
0.642477,0,0,0,0,0,0
0.643860,0,0,0,0,0,0
0.645334,0,0,0,0,0,0
0.646644,0,0,0,0,0,0
0.648072,0,0,0,0,0,0
0.649566,0,0,0,0,0,0
0.651036,0,0,0,0,0,0
0.652438,0,0,0,0,0,0
0.653909,0,0,0,0,0,0
0.655624,0,0,0,0,0,0
0.657218,0,0,0,0,0,0
0.658736,0,0,0,0,0,0
0.660067,0,0,0,0,0,0
0.661362,0,0,0,0,0,0
0.662661,0,0,0,0,0,0
0.663953,0,0,0,0,0,0
0.665603,0,0,0,0,0,0
0.666952,0,0,0,0,0,0
0.668286,0,0,0,0,0,0
0.669580,0,0,0,0,0,0
0.671003,0,0,0,0,0,0
0.672378,0,0,0,0,0,0
0.673671,0,0,0,0,0,0
0.674957,0,0,0,0,0,0
0.676294,0,0,0,0,0,0
0.677584,0,0,0,0,0,0
0.679067,0,0,0,0,0,0
0.680390,0,0,0,0,0,0
0.681643,0,0,0,0,0,0
0.682888,0,0,0,0,0,0
0.684188,0,0,0,0,0,0
0.685648,0,0,0,0,0,0
0.686897,0,0,0,0,0,0
0.688166,0,0,0,0,0,0
0.689590,0,0,0,0,0,0
0.691077,0,0,0,0,0,0
0.692315,0,0,0,0,0,0
0.693624,0,0,0,0,0,0
0.694911,0,0,0,0,0,0
0.696483,0,0,0,0,0,0
0.697878,0,0,0,0,0,0
0.699200,0,0,0,0,0,0
0.700641,0,0,0,0,0,0
0.701934,0,0,0,0,0,0
0.703179,0,0,0,0,0,0
0.704439,0,0,0,0,0,0
0.705679,0,0,0,0,0,0
0.706923,0,0,0,0,0,0
0.708199,0,0,0,0,0,0
0.709553,0,0,0,0,0,0
0.710797,0,0,0,0,0,0
0.712038,0,0,0,0,0,0
0.713280,0,0,0,0,0,0
0.714554,0,0,0,0,0,0
0.715796,0,0,0,0,0,0
0.717290,0,0,0,0,0,0
0.718648,0,0,0,0,0,0
0.720096,0,0,0,0,0,0
0.721585,0,0,0,0,0,0
0.722963,0,0,0,0,0,0
0.724269,0,0,0,0,0,0
0.725568,0,0,0,0,0,0
0.726886,0,0,0,0,0,0
0.728338,0,0,0,0,0,0
0.729729,0,0,0,0,0,0
0.731028,0,0,0,0,0,0
0.732371,0,0,0,0,0,0
0.733893,0,0,0,0,0,0
0.735203,0,0,0,0,0,0
0.736494,0,0,0,0,0,0
0.737782,0,0,0,0,0,0
0.739075,0,0,0,0,0,0
0.740423,0,0,0,0,0,0
0.741775,0,0,0,0,0,0
0.743864,0,0,0,0,0,0
0.745393,0,0,0,0,0,0
0.746942,0,0,0,0,0,0
0.748459,0,0,0,0,0,0
0.749951,0,0,0,0,0,0
0.751352,0,0,0,0,0,0
0.752648,0,0,0,0,0,0
0.753956,0,0,0,0,0,0
0.755247,0,0,0,0,0,0
0.756653,0,0,0,0,0,0
0.757964,0,0,0,0,0,0
0.759384,0,0,0,0,0,0
0.760897,0,0,0,0,0,0
0.762344,0,0,0,0,0,0
0.763604,0,0,0,0,0,0
0.764881,0,0,0,0,0,0
0.766169,0,0,0,0,0,0
0.767641,0,0,0,0,0,0
0.769002,0,0,0,0,0,0
0.770992,0,0,0,0,0,0
0.772329,0,0,0,0,0,0
0.773619,0,0,0,0,0,0
0.775177,0,0,0,0,0,0
0.776666,0,0,0,0,0,0
0.777973,0,0,0,0,0,0
0.779264,0,0,0,0,0,0
0.780551,0,0,0,0,0,0
0.782038,0,0,0,0,0,0
0.783330,0,0,0,0,0,0
0.784916,0,0,0,0,0,0
0.786976,0,0,0,0,0,0
0.788364,0,0,0,0,0,0
0.789947,0,0,0,0,0,0
0.791291,0,0,0,0,0,0
0.792589,0,0,0,0,0,0
0.793894,0,0,0,0,0,0
0.795720,0,0,0,0,0,0
0.797191,0,0,0,0,0,0
0.798618,0,0,0,0,0,0
0.800136,0,0,0,0,0,0
0.801500,0,0,0,0,0,0
0.802819,0,0,0,0,0,0
0.804132,0,0,0,0,0,0
0.805467,0,0,0,0,0,0
0.806745,0,0,0,0,0,0
0.808030,0,0,0,0,0,0
0.809430,0,0,0,0,0,0
0.810845,0,0,0,0,0,0
0.812150,0,0,0,0,0,0
0.813423,0,0,0,0,0,0
0.814699,0,0,0,0,0,0
0.815967,0,0,0,0,0,0
0.817413,0,0,0,0,0,0
0.818749,0,0,0,0,0,0
0.820030,0,0,0,0,0,0
0.821427,0,0,0,0,0,0
0.822711,0,0,0,0,0,0
0.824015,0,0,0,0,0,0
0.825278,0,0,0,0,0,0
0.826545,0,0,0,0,0,0
0.827807,0,0,0,0,0,0
0.829307,0,0,0,0,0,0
0.830646,0,0,0,0,0,0
0.832027,0,0,0,0,0,0
0.833382,0,0,0,0,0,0
0.834845,0,0,0,0,0,0
0.836196,0,0,0,0,0,0
0.837604,0,0,0,0,0,0
0.839316,0,0,0,0,0,0
0.840793,0,0,0,0,0,0
0.842036,0,0,0,0,0,0
0.843417,0,0,0,0,0,0
0.844848,0,0,0,0,0,0
0.846115,0,0,0,0,0,0
0.847530,0,0,0,0,0,0
0.848841,0,0,0,0,0,0
0.850238,0,0,0,0,0,0
0.851502,0,0,0,0,0,0
0.852923,0,0,0,0,0,0
0.854400,0,0,0,0,0,0
0.857128,0,0,0,0,0,0
0.858492,0,0,0,0,0,0
0.859797,0,0,0,0,0,0
0.861146,0,0,0,0,0,0
0.862654,0,0,0,0,0,0
0.864001,0,0,0,0,0,0
0.865470,0,0,0,0,0,0
0.866760,0,0,0,0,0,0
0.869315,0,0,0,0,0,0
0.870674,0,0,0,0,0,0
0.871961,0,0,0,0,0,0
0.873248,0,0,0,0,0,0
0.874636,0,0,0,0,0,0
0.876092,0,0,0,0,0,0
0.877441,0,0,0,0,0,0
0.878745,0,0,0,0,0,0
0.880082,0,0,0,0,0,0
0.881470,0,0,0,0,0,0
0.883058,0,0,0,0,0,0
0.884596,0,0,0,0,0,0
0.886017,0,0,0,0,0,0
0.887526,0,0,0,0,0,0
0.888924,0,0,0,0,0,0
0.890408,0,0,0,0,0,0
0.892034,0,0,0,0,0,0
0.893589,0,0,0,0,0,0
0.894857,0,0,0,0,0,0
0.896345,0,0,0,0,0,0
0.897769,0,0,0,0,0,0
0.899069,0,0,0,0,0,0
0.900440,0,0,0,0,0,0
0.902029,0,0,0,0,0,0
0.903399,0,0,0,0,0,0
0.904776,0,0,0,0,0,0
0.906388,0,0,0,0,0,0
0.907999,0,0,0,0,0,0
0.909377,0,0,0,0,0,0
0.910787,0,0,0,0,0,0
0.912031,0,0,0,0,0,0
0.913296,0,0,0,0,0,0
0.914563,0,0,0,0,0,0
0.915826,0,0,0,0,0,0
0.917142,0,0,0,0,0,0
0.918526,0,0,0,0,0,0
0.919777,0,0,0,0,0,0
0.921023,0,0,0,0,0,0
0.922264,0,0,0,0,0,0
0.923505,0,0,0,0,0,0
0.924797,0,0,0,0,0,0
0.926451,0,0,0,0,0,0
0.927807,0,0,0,0,0,0
0.929088,0,0,0,0,0,0
0.930586,0,0,0,0,0,0
0.931950,0,0,0,0,0,0
0.933282,0,0,0,0,0,0
0.934635,0,0,0,0,0,0
0.935968,0,0,0,0,0,0
0.937370,0,0,0,0,0,0
0.938671,0,0,0,0,0,0
0.940174,0,0,0,0,0,0
0.941512,0,0,0,0,0,0
0.943011,0,0,0,0,0,0
0.944648,0,0,0,0,0,0
0.946263,0,0,0,0,0,0
0.947618,0,0,0,0,0,0
0.949043,0,0,0,0,0,0
0.950447,0,0,0,0,0,0
0.951829,0,0,0,0,0,0
0.953566,0,0,0,0,0,0
0.955112,0,0,0,0,0,0
0.956435,0,0,0,0,0,0
0.958221,0,0,0,0,0,0
0.959515,0,0,0,0,0,0
0.960820,0,0,0,0,0,0
0.962116,0,0,0,0,0,0
0.963449,0,0,0,0,0,0
0.964794,0,0,0,0,0,0
0.966374,0,0,0,0,0,0
0.967717,0,0,0,0,0,0
0.969029,0,0,0,0,0,0
0.970893,0,0,0,0,0,0
0.972235,0,0,0,0,0,0
0.973523,0,0,0,0,0,0
0.974810,0,0,0,0,0,0
0.976097,0,0,0,0,0,0
0.977387,0,0,0,0,0,0
0.978888,0,0,0,0,0,0
0.980250,0,0,0,0,0,0
0.981512,0,0,0,0,0,0
0.982771,0,0,0,0,0,0
0.984147,0,0,0,0,0,0
0.985607,0,0,0,0,0,0
0.987078,0,0,0,0,0,0
0.988542,0,0,0,0,0,0
0.989920,0,0,0,0,0,0
0.991241,0,0,0,0,0,0
0.992487,0,0,0,0,0,0
0.993975,0,0,0,0,0,0
0.995386,0,0,0,0,0,0
0.996690,0,0,0,0,0,0
0.998048,0,0,0,0,0,0
0.999543,0,0,0,0,0,0
1.000798,0,0,0,0,0,0
1.002062,0,0,0,0,0,0
1.003518,0,0,0,0,0,0
1.004968,0,0,0,0,0,0
1.006381,0,0,0,0,0,0
1.007631,0,0,0,0,0,0
1.008886,0,0,0,0,0,0
1.010126,0,0,0,0,0,0
1.011487,0,0,0,0,0,0
1.012771,0,0,0,0,0,0
1.014108,0,0,0,0,0,0
1.015375,0,0,0,0,0,0
1.016639,0,0,0,0,0,0
1.017906,0,0,0,0,0,0
1.019313,0,0,0,0,0,0
1.020595,0,0,0,0,0,0
1.021897,0,0,0,0,0,0
1.023614,0,0,0,0,0,0
1.025440,0,0,0,0,0,0
1.026806,0,0,0,0,0,0
1.028443,0,0,0,0,0,0
1.029880,0,0,0,0,0,0
1.031380,0,0,0,0,0,0
1.032872,0,0,0,0,0,0
1.034022,0,0,0,0,0,0
1.035465,0,0,0,0,0,0
1.037276,0,0,0,0,0,0
1.038789,0,0,0,0,0,0
1.040130,0,0,0,0,0,0
1.041570,0,0,0,0,0,0
1.043001,0,0,0,0,0,0
1.044335,0,0,0,0,0,0
1.045600,0,0,0,0,0,0
1.046951,0,0,0,0,0,0
1.048255,0,0,0,0,0,0
1.049519,0,0,0,0,0,0
1.050784,0,0,0,0,0,0
1.052107,0,0,0,0,0,0
1.053536,0,0,0,0,0,0
1.054942,0,0,0,0,0,0
1.056428,0,0,0,0,0,0
1.057759,0,0,0,0,0,0
1.059270,0,0,0,0,0,0
1.060629,0,0,0,0,0,0
1.062148,0,0,0,0,0,0
1.063442,0,0,0,0,0,0
1.064586,0,0,0,0,0,0
1.065875,0,0,0,0,0,0
1.067198,0,0,0,0,0,0
1.068669,0,0,0,0,0,0
1.070112,0,0,0,0,0,0
1.071545,0,0,0,0,0,0
1.072891,0,0,0,0,0,0
1.074179,0,0,0,0,0,0
1.075660,0,0,0,0,0,0
1.077090,0,0,0,0,0,0
1.078684,0,0,0,0,0,0
1.079981,0,0,0,0,0,0
1.081561,0,0,0,0,0,0
1.082955,0,0,0,0,0,0
1.084900,0,0,0,0,0,0
1.088227,0,0,0,0,0,0
1.090400,0,0,0,0,0,0
1.091710,0,0,0,0,0,0
1.093170,0,0,0,0,0,0
1.094402,0,0,0,0,0,0
1.095690,0,0,0,0,0,0
1.096898,0,0,0,0,0,0
1.098405,0,0,0,0,0,0
1.099658,0,0,0,0,0,0
1.100933,0,0,0,0,0,0
1.102327,0,0,0,0,0,0
1.103610,0,0,0,0,0,0
1.104915,0,0,0,0,0,0
1.106149,0,0,0,0,0,0
1.107400,0,0,0,0,0,0
1.108646,0,0,0,0,0,0
1.109893,0,0,0,0,0,0
1.111084,0,0,0,0,0,0
1.112289,0,0,0,0,0,0
1.113537,0,0,0,0,0,0
1.114845,0,0,0,0,0,0
1.116312,0,0,0,0,0,0
1.117622,0,0,0,0,0,0
1.118894,0,0,0,0,0,0
1.120159,0,0,0,0,0,0
1.121439,0,0,0,0,0,0
1.122844,0,0,0,0,0,0
1.124124,0,0,0,0,0,0
1.125423,0,0,0,0,0,0
1.126715,0,0,0,0,0,0
1.128168,0,0,0,0,0,0
1.129613,0,0,0,0,0,0
1.130929,0,0,0,0,0,0
1.132218,0,0,0,0,0,0
1.133779,0,0,0,0,0,0
1.135134,0,0,0,0,0,0
1.136683,0,0,0,0,0,0
1.138276,0,0,0,0,0,0
1.139579,0,0,0,0,0,0
1.141126,0,0,0,0,0,0
1.142557,0,0,0,0,0,0
1.143899,0,0,0,0,0,0
1.145229,0,0,0,0,0,0
1.147057,0,0,0,0,0,0
1.148492,0,0,0,0,0,0
1.149903,0,0,0,0,0,0
1.151235,0,0,0,0,0,0
1.152611,0,0,0,0,0,0
1.153995,0,0,0,0,0,0
1.155290,0,0,0,0,0,0
1.156811,0,0,0,0,0,0
1.158362,0,0,0,0,0,0
1.159884,0,0,0,0,0,0
1.161194,0,0,0,0,0,0
1.162518,0,0,0,0,0,0
1.163822,0,0,0,0,0,0
1.165113,0,0,0,0,0,0
1.166399,0,0,0,0,0,0
1.167691,0,0,0,0,0,0
1.168987,0,0,0,0,0,0
1.170464,0,0,0,0,0,0
1.171836,0,0,0,0,0,0
1.173129,0,0,0,0,0,0
1.174419,0,0,0,0,0,0
1.175707,0,0,0,0,0,0
1.176988,0,0,0,0,0,0
1.179193,0,0,0,0,0,0
1.181443,0,0,0,0,0,0
1.182695,0,0,0,0,0,0
1.184014,0,0,0,0,0,0
1.186218,0,0,0,0,0,0
1.187519,0,0,0,0,0,0
1.188878,0,0,0,0,0,0
1.190237,0,0,0,0,0,0
1.191534,0,0,0,0,0,0
1.192870,0,0,0,0,0,0
1.194244,0,0,0,0,0,0
1.195756,0,0,0,0,0,0
1.197102,0,0,0,0,0,0
1.198366,0,0,0,0,0,0
1.199608,0,0,0,0,0,0
1.200887,0,0,0,0,0,0
1.202343,0,0,0,0,0,0
1.203596,0,0,0,0,0,0
1.204845,0,0,0,0,0,0
1.206087,0,0,0,0,0,0
1.207365,0,0,0,0,0,0
1.208622,0,0,0,0,0,0
1.210081,0,0,0,0,0,0
1.211347,0,0,0,0,0,0
1.212609,0,0,0,0,0,0
1.213982,0,0,0,0,0,0
1.215486,0,0,0,0,0,0
1.216884,0,0,0,0,0,0
1.218730,0,0,0,0,0,0
1.220080,0,0,0,0,0,0
1.221379,0,0,0,0,0,0
1.222675,0,0,0,0,0,0
1.224471,0,0,0,0,0,0
1.226146,0,0,0,0,0,0
1.227662,0,0,0,0,0,0
1.229009,0,0,0,0,0,0
1.230428,0,0,0,0,0,0
1.231955,0,0,0,0,0,0
1.233437,0,0,0,0,0,0
1.234798,0,0,0,0,0,0
1.236479,0,0,0,0,0,0
1.237775,0,0,0,0,0,0
1.239544,0,0,0,0,0,0
1.241232,0,0,0,0,0,0
1.242631,0,0,0,0,0,0
1.243957,0,0,0,0,0,0
1.245540,0,0,0,0,0,0
1.246852,0,0,0,0,0,0
1.248152,0,0,0,0,0,0
1.250128,0,0,0,0,0,0
1.251425,0,0,0,0,0,0
1.252757,0,0,0,0,0,0
1.254046,0,0,0,0,0,0
1.255542,0,0,0,0,0,0
1.257110,0,0,0,0,0,0
1.258421,0,0,0,0,0,0
1.259686,0,0,0,0,0,0
1.261912,0,0,0,0,0,0
1.263312,0,0,0,0,0,0
1.264612,0,0,0,0,0,0
1.265953,0,0,0,0,0,0
1.267290,0,0,0,0,0,0
1.268631,0,0,0,0,0,0
1.269923,0,0,0,0,0,0
1.271210,0,0,0,0,0,0
1.272498,0,0,0,0,0,0
1.273793,0,0,0,0,0,0
1.275132,0,0,0,0,0,0
1.276476,0,0,0,0,0,0
1.277765,0,0,0,0,0,0
1.279052,0,0,0,0,0,0
1.280338,0,0,0,0,0,0
1.281632,0,0,0,0,0,0
1.283088,0,0,0,0,0,0
1.284451,0,0,0,0,0,0
1.285797,0,0,0,0,0,0
1.287287,0,0,0,0,0,0
1.288645,0,0,0,0,0,0
1.290194,0,0,0,0,0,0
1.291596,0,0,0,0,0,0
1.293029,0,0,0,0,0,0
1.294270,0,0,0,0,0,0
1.295559,0,0,0,0,0,0
1.296881,0,0,0,0,0,0
1.298215,0,0,0,0,0,0
1.299703,0,0,0,0,0,0
1.301225,0,0,0,0,0,0
1.302471,0,0,0,0,0,0
1.303724,0,0,0,0,0,0
1.304974,0,0,0,0,0,0
1.306239,0,0,0,0,0,0
1.307550,0,0,0,0,0,0
1.308804,0,0,0,0,0,0
1.310430,0,0,0,0,0,0
1.311702,0,0,0,0,0,0
1.312944,0,0,0,0,0,0
1.314327,0,0,0,0,0,0
1.315745,0,0,0,0,0,0
1.317056,0,0,0,0,0,0
1.318314,0,0,0,0,0,0
1.319780,0,0,0,0,0,0
1.321052,0,0,0,0,0,0
1.322408,0,0,0,0,0,0
1.323674,0,0,0,0,0,0
1.325010,0,0,0,0,0,0
1.326307,0,0,0,0,0,0
1.327662,0,0,0,0,0,0
1.329062,0,0,0,0,0,0
1.330332,0,0,0,0,0,0
1.331593,0,0,0,0,0,0
1.332883,0,0,0,0,0,0
1.334397,0,0,0,0,0,0
1.335748,0,0,0,0,0,0
1.337047,0,0,0,0,0,0
1.338658,0,0,0,0,0,0
1.340418,0,0,0,0,0,0
1.341758,0,0,0,0,0,0
1.343283,0,0,0,0,0,0
1.344806,0,0,0,0,0,0
1.346137,0,0,0,0,0,0
1.347602,0,0,0,0,0,0
1.348932,0,0,0,0,0,0
1.350432,0,0,0,0,0,0
1.351757,0,0,0,0,0,0
1.353274,0,0,0,0,0,0
1.355016,0,0,0,0,0,0
1.356435,0,0,0,0,0,0
1.357796,0,0,0,0,0,0
1.359095,0,0,0,0,0,0
1.360392,0,0,0,0,0,0
1.361700,0,0,0,0,0,0
1.362998,0,0,0,0,0,0
1.364321,0,0,0,0,0,0
1.365750,0,0,0,0,0,0
1.367045,0,0,0,0,0,0
1.368337,0,0,0,0,0,0
1.369629,0,0,0,0,0,0
1.370909,0,0,0,0,0,0
1.372098,0,0,0,0,0,0
1.373498,0,0,0,0,0,0
1.375091,0,0,0,0,0,0
1.376445,0,0,0,0,0,0
1.377781,0,0,0,0,0,0
1.379069,0,0,0,0,0,0
1.384610,0,0,0,0,0,0
1.386915,0,0,0,0,0,0
1.388431,0,0,0,0,0,0
1.389706,0,0,0,0,0,0
1.390994,0,0,0,0,0,0
1.392297,0,0,0,0,0,0
1.393531,0,0,0,0,0,0
1.394753,0,0,0,0,0,0
1.395989,0,0,0,0,0,0
1.397607,0,0,0,0,0,0
1.398968,0,0,0,0,0,0
1.400395,0,0,0,0,0,0
1.401705,0,0,0,0,0,0
1.402967,0,0,0,0,0,0
1.404222,0,0,0,0,0,0
1.405544,0,0,0,0,0,0
1.406870,0,0,0,0,0,0
1.408128,0,0,0,0,0,0
1.409400,0,0,0,0,0,0
1.410666,0,0,0,0,0,0
1.411970,0,0,0,0,0,0
1.413434,0,0,0,0,0,0
1.414692,0,0,0,0,0,0
1.415969,0,0,0,0,0,0
1.417231,0,0,0,0,0,0
1.418680,0,0,0,0,0,0
1.420125,0,0,0,0,0,0
1.421423,0,0,0,0,0,0
1.422735,0,0,0,0,0,0
1.424241,0,0,0,0,0,0
1.425681,0,0,0,0,0,0
1.427068,0,0,0,0,0,0
1.428380,0,0,0,0,0,0
1.429706,0,0,0,0,0,0
1.431122,0,0,0,0,0,0
1.432495,0,0,0,0,0,0
1.433799,0,0,0,0,0,0
1.435104,0,0,0,0,0,0
1.436608,0,0,0,0,0,0
1.438087,0,0,0,0,0,0
1.439394,0,0,0,0,0,0
1.440693,0,0,0,0,0,0
1.441953,0,0,0,0,0,0
1.443268,0,0,0,0,0,0
1.444746,0,0,0,0,0,0
1.445891,0,0,0,0,0,0
1.447230,0,0,0,0,0,0
1.448555,0,0,0,0,0,0
1.450412,0,0,0,0,0,0
1.451721,0,0,0,0,0,0
1.453304,0,0,0,0,0,0
1.454601,0,0,0,0,0,0
1.455907,0,0,0,0,0,0
1.457222,0,0,0,0,0,0
1.458578,0,0,0,0,0,0
1.459950,0,0,0,0,0,0
1.461217,0,0,0,0,0,0
1.462484,0,0,0,0,0,0
1.463755,0,0,0,0,0,0
1.465017,0,0,0,0,0,0
1.466283,0,0,0,0,0,0
1.467551,0,0,0,0,0,0
1.468831,0,0,0,0,0,0
1.470126,0,0,0,0,0,0
1.471423,0,0,0,0,0,0
1.472786,0,0,0,0,0,0
1.474026,0,0,0,0,0,0
1.475312,0,0,0,0,0,0
1.476763,0,0,0,0,0,0
1.478358,0,0,0,0,0,0
1.479658,0,0,0,0,0,0
1.481204,0,0,0,0,0,0
1.483734,0,0,0,0,0,0
1.485292,0,0,0,0,0,0
1.487609,0,0,0,0,0,0
1.489826,0,0,0,0,0,0
1.491557,0,0,0,0,0,0
1.492951,0,0,0,0,0,0
1.494223,0,0,0,0,0,0
1.495388,0,0,0,0,0,0
1.496612,0,0,0,0,0,0
1.497965,0,0,0,0,0,0
1.499360,0,0,0,0,0,0
1.500863,0,0,0,0,0,0
1.502127,0,0,0,0,0,0
1.503502,0,0,0,0,0,0
1.504974,0,0,0,0,0,0
1.506218,0,0,0,0,0,0
1.507466,0,0,0,0,0,0
1.508856,0,0,0,0,0,0
1.510143,0,0,0,0,0,0
1.511398,0,0,0,0,0,0
1.512636,0,0,0,0,0,0
1.513885,0,0,0,0,0,0
1.515127,0,0,0,0,0,0
1.516620,0,0,0,0,0,0
1.517927,0,0,0,0,0,0
1.519349,0,0,0,0,0,0
1.520905,0,0,0,0,0,0
1.522203,0,0,0,0,0,0
1.523549,0,0,0,0,0,0
1.524865,0,0,0,0,0,0
1.526450,0,0,0,0,0,0
1.527809,0,0,0,0,0,0
1.529164,0,0,0,0,0,0
1.530459,0,0,0,0,0,0
1.531943,0,0,0,0,0,0
1.533623,0,0,0,0,0,0
1.534926,0,0,0,0,0,0
1.536221,0,0,0,0,0,0
1.537655,0,0,0,0,0,0
1.539008,0,0,0,0,0,0
1.540608,0,0,0,0,0,0
1.542150,0,0,0,0,0,0
1.543645,0,0,0,0,0,0
1.545134,0,0,0,0,0,0
1.546540,0,0,0,0,0,0
1.547935,0,0,0,0,0,0
1.549280,0,0,0,0,0,0
1.550709,0,0,0,0,0,0
1.552001,0,0,0,0,0,0
1.553506,0,0,0,0,0,0
1.555091,0,0,0,0,0,0
1.556616,0,0,0,0,0,0
1.558136,0,0,0,0,0,0
1.559632,0,0,0,0,0,0
1.560928,0,0,0,0,0,0
1.562257,0,0,0,0,0,0
1.563540,0,0,0,0,0,0
1.564838,0,0,0,0,0,0
1.566136,0,0,0,0,0,0
1.567434,0,0,0,0,0,0
1.569001,0,0,0,0,0,0
1.570295,0,0,0,0,0,0
1.571586,0,0,0,0,0,0
1.573059,0,0,0,0,0,0
1.574415,0,0,0,0,0,0
1.575705,0,0,0,0,0,0
1.576995,0,0,0,0,0,0
1.578281,0,0,0,0,0,0
1.579608,0,0,0,0,0,0
1.581234,0,0,0,0,0,0
1.582884,0,0,0,0,0,0
1.584178,0,0,0,0,0,0
1.587317,0,0,0,0,0,0
1.588801,0,0,0,0,0,0
1.590212,0,0,0,0,0,0
1.591516,0,0,0,0,0,0
1.592899,0,0,0,0,0,0
1.594162,0,0,0,0,0,0
1.595410,0,0,0,0,0,0
1.596922,0,0,0,0,0,0
1.598215,0,0,0,0,0,0
1.599503,0,0,0,0,0,0
1.600758,0,0,0,0,0,0
1.602084,0,0,0,0,0,0
1.603375,0,0,0,0,0,0
1.604631,0,0,0,0,0,0
1.605882,0,0,0,0,0,0
1.607236,0,0,0,0,0,0
1.608482,0,0,0,0,0,0
1.609725,0,0,0,0,0,0
1.610966,0,0,0,0,0,0
1.612225,0,0,0,0,0,0
1.613515,0,0,0,0,0,0
1.615556,0,0,0,0,0,0
1.617188,0,0,0,0,0,0
1.618548,0,0,0,0,0,0
1.619930,0,0,0,0,0,0
1.621309,0,0,0,0,0,0
1.622760,0,0,0,0,0,0
1.624247,0,0,0,0,0,0
1.625563,0,0,0,0,0,0
1.627015,0,0,0,0,0,0
1.628461,0,0,0,0,0,0
1.629932,0,0,0,0,0,0
1.631285,0,0,0,0,0,0
1.632737,0,0,0,0,0,0
1.634075,0,0,0,0,0,0
1.635556,0,0,0,0,0,0
1.636987,0,0,0,0,0,0
1.638528,0,0,0,0,0,0
1.639828,0,0,0,0,0,0
1.641217,0,0,0,0,0,0
1.642822,0,0,0,0,0,0
1.644160,0,0,0,0,0,0
1.645793,0,0,0,0,0,0
1.647182,0,0,0,0,0,0
1.648539,0,0,0,0,0,0
1.650099,0,0,0,0,0,0
1.651559,0,0,0,0,0,0
1.653051,0,0,0,0,0,0
1.654530,0,0,0,0,0,0
1.655970,0,0,0,0,0,0
1.657268,0,0,0,0,0,0
1.658559,0,0,0,0,0,0
1.659893,0,0,0,0,0,0
1.661696,0,0,0,0,0,0
1.662984,0,0,0,0,0,0
1.664294,0,0,0,0,0,0
1.665587,0,0,0,0,0,0
1.666930,0,0,0,0,0,0
1.668269,0,0,0,0,0,0
1.669554,0,0,0,0,0,0
1.671018,0,0,0,0,0,0
1.672373,0,0,0,0,0,0
1.673775,0,0,0,0,0,0
1.675148,0,0,0,0,0,0
1.676464,0,0,0,0,0,0
1.677716,0,0,0,0,0,0
1.678967,0,0,0,0,0,0
1.680292,0,0,0,0,0,0
1.682155,0,0,0,0,0,0
1.683562,0,0,0,0,0,0
1.684932,0,0,0,0,0,0
1.686214,0,0,0,0,0,0
1.687465,0,0,0,0,0,0
1.688789,0,0,0,0,0,0
1.690039,0,0,0,0,0,0
1.691569,0,0,0,0,0,0
1.692959,0,0,0,0,0,0
1.694290,0,0,0,0,0,0
1.695619,0,0,0,0,0,0
1.696894,0,0,0,0,0,0
1.698196,0,0,0,0,0,0
1.699458,0,0,0,0,0,0
1.700777,0,0,0,0,0,0
1.702044,0,0,0,0,0,0
1.703304,0,0,0,0,0,0
1.704677,0,0,0,0,0,0
1.705952,0,0,0,0,0,0
1.707218,0,0,0,0,0,0
1.708479,0,0,0,0,0,0
1.709748,0,0,0,0,0,0
1.711013,0,0,0,0,0,0
1.712432,0,0,0,0,0,0
1.713781,0,0,0,0,0,0
1.715179,0,0,0,0,0,0
1.716685,0,0,0,0,0,0
1.718068,0,0,0,0,0,0
1.719360,0,0,0,0,0,0
1.721003,0,0,0,0,0,0
1.722455,0,0,0,0,0,0
1.723817,0,0,0,0,0,0
1.725195,0,0,0,0,0,0
1.726513,0,0,0,0,0,0
1.727909,0,0,0,0,0,0
1.729413,0,0,0,0,0,0
1.730704,0,0,0,0,0,0
1.732325,0,0,0,0,0,0
1.733776,0,0,0,0,0,0
1.735431,0,0,0,0,0,0
1.736909,0,0,0,0,0,0
1.738241,0,0,0,0,0,0
1.739607,0,0,0,0,0,0
1.740935,0,0,0,0,0,0
1.742413,0,0,0,0,0,0
1.743907,0,0,0,0,0,0
1.745265,0,0,0,0,0,0
1.746652,0,0,0,0,0,0
1.748061,0,0,0,0,0,0
1.749332,0,0,0,0,0,0
1.750700,0,0,0,0,0,0
1.752142,0,0,0,0,0,0
1.753416,0,0,0,0,0,0
1.754676,0,0,0,0,0,0
1.755971,0,0,0,0,0,0
1.757353,0,0,0,0,0,0
1.758614,0,0,0,0,0,0
1.760020,0,0,0,0,0,0
1.761287,0,0,0,0,0,0
1.762545,0,0,0,0,0,0
1.763806,0,0,0,0,0,0
1.765145,0,0,0,0,0,0
1.766439,0,0,0,0,0,0
1.767730,0,0,0,0,0,0
1.769050,0,0,0,0,0,0
1.770601,0,0,0,0,0,0
1.771937,0,0,0,0,0,0
1.773224,0,0,0,0,0,0
1.774605,0,0,0,0,0,0
1.775893,0,0,0,0,0,0
1.777186,0,0,0,0,0,0
1.778499,0,0,0,0,0,0
1.783045,0,0,0,0,0,0
1.785263,0,0,0,0,0,0
1.786868,0,0,0,0,0,0
1.788212,0,0,0,0,0,0
1.789447,0,0,0,0,0,0
1.790927,0,0,0,0,0,0
1.792247,0,0,0,0,0,0
1.793534,0,0,0,0,0,0
1.794783,0,0,0,0,0,0
1.796031,0,0,0,0,0,0
1.797389,0,0,0,0,0,0
1.798681,0,0,0,0,0,0
1.799933,0,0,0,0,0,0
1.801183,0,0,0,0,0,0
1.802421,0,0,0,0,0,0
1.803670,0,0,0,0,0,0
1.805021,0,0,0,0,0,0
1.806270,0,0,0,0,0,0
1.807514,0,0,0,0,0,0
1.808760,0,0,0,0,0,0
1.810003,0,0,0,0,0,0
1.811247,0,0,0,0,0,0
1.812507,0,0,0,0,0,0
1.814080,0,0,0,0,0,0
1.817035,0,0,0,0,0,0
1.818495,0,0,0,0,0,0
1.819934,0,0,0,0,0,0
1.821294,0,0,0,0,0,0
1.822664,0,0,0,0,0,0
1.824026,0,0,0,0,0,0
1.825312,0,0,0,0,0,0
1.826608,0,0,0,0,0,0
1.827760,0,0,0,0,0,0
1.829103,0,0,0,0,0,0
1.830537,0,0,0,0,0,0
1.832046,0,0,0,0,0,0
1.833485,0,0,0,0,0,0
1.834846,0,0,0,0,0,0
1.837083,0,0,0,0,0,0
1.838744,0,0,0,0,0,0
1.840044,0,0,0,0,0,0
1.841500,0,0,0,0,0,0
1.843019,0,0,0,0,0,0
1.844510,0,0,0,0,0,0
1.845969,0,0,0,0,0,0
1.847342,0,0,0,0,0,0
1.848649,0,0,0,0,0,0
1.850593,0,0,0,0,0,0
1.851971,0,0,0,0,0,0
1.853271,0,0,0,0,0,0
1.854888,0,0,0,0,0,0
1.856292,0,0,0,0,0,0
1.857587,0,0,0,0,0,0
1.858876,0,0,0,0,0,0
1.860273,0,0,0,0,0,0
1.861640,0,0,0,0,0,0
1.862933,0,0,0,0,0,0
1.864266,0,0,0,0,0,0
1.865556,0,0,0,0,0,0
1.866851,0,0,0,0,0,0
1.868149,0,0,0,0,0,0
1.869446,0,0,0,0,0,0
1.870738,0,0,0,0,0,0
1.872025,0,0,0,0,0,0
1.873313,0,0,0,0,0,0
1.874960,0,0,0,0,0,0
1.876260,0,0,0,0,0,0
1.877554,0,0,0,0,0,0
1.878847,0,0,0,0,0,0
1.884071,0,0,0,0,0,0
1.885376,0,0,0,0,0,0
1.886667,0,0,0,0,0,0
1.887984,0,0,0,0,0,0
1.889392,0,0,0,0,0,0
1.890662,0,0,0,0,0,0
1.891938,0,0,0,0,0,0
1.893327,0,0,0,0,0,0
1.894672,0,0,0,0,0,0
1.896256,0,0,0,0,0,0
1.897931,0,0,0,0,0,0
1.899355,0,0,0,0,0,0
1.900659,0,0,0,0,0,0
1.902030,0,0,0,0,0,0
1.903324,0,0,0,0,0,0
1.904591,0,0,0,0,0,0
1.906025,0,0,0,0,0,0
1.907356,0,0,0,0,0,0
1.908633,0,0,0,0,0,0
1.909885,0,0,0,0,0,0
1.911130,0,0,0,0,0,0
1.912374,0,0,0,0,0,0
1.913609,0,0,0,0,0,0
1.914981,0,0,0,0,0,0
1.916281,0,0,0,0,0,0
1.917607,0,0,0,0,0,0
1.918954,0,0,0,0,0,0
1.920465,0,0,0,0,0,0
1.921767,0,0,0,0,0,0
1.923204,0,0,0,0,0,0
1.924505,0,0,0,0,0,0
1.926026,0,0,0,0,0,0
1.927453,0,0,0,0,0,0
1.928991,0,0,0,0,0,0
1.930524,0,0,0,0,0,0
1.931924,0,0,0,0,0,0
1.933274,0,0,0,0,0,0
1.934590,0,0,0,0,0,0
1.935881,0,0,0,0,0,0
1.937324,0,0,0,0,0,0
1.938702,0,0,0,0,0,0
1.940038,0,0,0,0,0,0
1.941532,0,0,0,0,0,0
1.942889,0,0,0,0,0,0
1.944263,0,0,0,0,0,0
1.945580,0,0,0,0,0,0
1.947239,0,0,0,0,0,0
1.948748,0,0,0,0,0,0
1.950049,0,0,0,0,0,0
1.951513,0,0,0,0,0,0
1.953326,0,0,0,0,0,0
1.954714,0,0,0,0,0,0
1.956179,0,0,0,0,0,0
1.957872,0,0,0,0,0,0
1.959267,0,0,0,0,0,0
1.960560,0,0,0,0,0,0
1.962109,0,0,0,0,0,0
1.963401,0,0,0,0,0,0
1.964787,0,0,0,0,0,0
1.966115,0,0,0,0,0,0
1.967409,0,0,0,0,0,0
1.968698,0,0,0,0,0,0
1.970127,0,0,0,0,0,0
1.971417,0,0,0,0,0,0
1.972830,0,0,0,0,0,0
1.974217,0,0,0,0,0,0
1.975628,0,0,0,0,0,0
1.977189,0,0,0,0,0,0
1.978487,0,0,0,0,0,0
1.979785,0,0,0,0,0,0
1.981275,0,0,0,0,0,0
1.982532,0,0,0,0,0,0
1.985649,0,0,0,0,0,0
1.987809,0,0,0,0,0,0
1.989049,0,0,0,0,0,0
1.990358,0,0,0,0,0,0
1.991595,0,0,0,0,0,0
1.992840,0,0,0,0,0,0
1.994034,0,0,0,0,0,0
1.995274,0,0,0,0,0,0
1.996492,0,0,0,0,0,0
1.997725,0,0,0,0,0,0
1.998952,0,0,0,0,0,0
2.000337,0,0,0,0,0,0
2.001661,0,0,0,0,0,0
2.002991,0,0,0,0,0,0
2.004343,0,0,0,0,0,0
2.005645,0,0,0,0,0,0
2.007029,0,0,0,0,0,0
2.008391,0,0,0,0,0,0
2.009694,0,0,0,0,0,0
2.011390,0,0,0,0,0,0
2.013213,0,0,0,0,0,0
2.014610,0,0,0,0,0,0
2.015911,0,0,0,0,0,0
2.017366,0,0,0,0,0,0
2.018887,0,0,0,0,0,0
2.020188,0,0,0,0,0,0
2.021487,0,0,0,0,0,0
2.022783,0,0,0,0,0,0
2.024171,0,0,0,0,0,0
2.025536,0,0,0,0,0,0
2.026892,0,0,0,0,0,0
2.028212,0,0,0,0,0,0
2.029661,0,0,0,0,0,0
2.031172,0,0,0,0,0,0
2.032702,0,0,0,0,0,0
2.034113,0,0,0,0,0,0
2.035605,0,0,0,0,0,0
2.036966,0,0,0,0,0,0
2.038535,0,0,0,0,0,0
2.040013,0,0,0,0,0,0
2.041601,0,0,0,0,0,0
2.043018,0,0,0,0,0,0
2.044470,0,0,0,0,0,0
2.046032,0,0,0,0,0,0
2.047457,0,0,0,0,0,0
2.048944,0,0,0,0,0,0
2.050190,0,0,0,0,0,0
2.051513,0,0,0,0,0,0
2.052794,0,0,0,0,0,0
2.054045,0,0,0,0,0,0
2.055298,0,0,0,0,0,0
2.056778,0,0,0,0,0,0
2.058033,0,0,0,0,0,0
2.059273,0,0,0,0,0,0
2.060713,0,0,0,0,0,0
2.061794,0,0,0,0,0,0
2.063002,0,0,0,0,0,0
2.064222,0,0,0,0,0,0
2.065491,0,0,0,0,0,0
2.066749,0,0,0,0,0,0
2.068065,0,0,0,0,0,0
2.069597,0,0,0,0,0,0
2.070894,0,0,0,0,0,0
2.072187,0,0,0,0,0,0
2.073706,0,0,0,0,0,0
2.075173,0,0,0,0,0,0
2.076467,0,0,0,0,0,0
2.077760,0,0,0,0,0,0
2.079363,0,0,0,0,0,0
2.080947,0,0,0,0,0,0
2.082244,0,0,0,0,0,0
2.083574,0,0,0,0,0,0
2.085002,0,0,0,0,0,0
2.086336,0,0,0,0,0,0
2.087759,0,0,0,0,0,0
2.089112,0,0,0,0,0,0
2.090442,0,0,0,0,0,0
2.092210,0,0,0,0,0,0
2.093608,0,0,0,0,0,0
2.095171,0,0,0,0,0,0
2.096442,0,0,0,0,0,0
2.097730,0,0,0,0,0,0
2.099007,0,0,0,0,0,0
2.100260,0,0,0,0,0,0
2.101504,0,0,0,0,0,0
2.102781,0,0,0,0,0,0
2.104048,0,0,0,0,0,0
2.105372,0,0,0,0,0,0
2.106646,0,0,0,0,0,0
2.107977,0,0,0,0,0,0
2.109243,0,0,0,0,0,0
2.110504,0,0,0,0,0,0
2.111843,0,0,0,0,0,0
2.113138,0,0,0,0,0,0
2.114398,0,0,0,0,0,0
2.115657,0,0,0,0,0,0
2.117156,0,0,0,0,0,0
2.118918,0,0,0,0,0,0
2.120241,0,0,0,0,0,0
2.121545,0,0,0,0,0,0
2.122945,0,0,0,0,0,0
2.124608,0,0,0,0,0,0
2.125951,0,0,0,0,0,0
2.127260,0,0,0,0,0,0
2.128528,0,0,0,0,0,0
2.129933,0,0,0,0,0,0
2.131239,0,0,0,0,0,0
2.132476,0,0,0,0,0,0
2.133736,0,0,0,0,0,0
2.135011,0,0,0,0,0,0
2.136309,0,0,0,0,0,0
2.137696,0,0,0,0,0,0
2.139009,0,0,0,0,0,0
2.140401,0,0,0,0,0,0
2.141786,0,0,0,0,0,0
2.143194,0,0,0,0,0,0
2.144458,0,0,0,0,0,0
2.145722,0,0,0,0,0,0
2.146984,0,0,0,0,0,0
2.148272,0,0,0,0,0,0
2.149700,0,0,0,0,0,0
2.151179,0,0,0,0,0,0
2.152535,0,0,0,0,0,0
2.153920,0,0,0,0,0,0
2.155524,0,0,0,0,0,0
2.156976,0,0,0,0,0,0
2.158381,0,0,0,0,0,0
2.159683,0,0,0,0,0,0
2.160983,0,0,0,0,0,0
2.162273,0,0,0,0,0,0
2.163566,0,0,0,0,0,0
2.164912,0,0,0,0,0,0
2.166289,0,0,0,0,0,0
2.167581,0,0,0,0,0,0
2.169185,0,0,0,0,0,0
2.170475,0,0,0,0,0,0
2.171789,0,0,0,0,0,0
2.173125,0,0,0,0,0,0
2.174408,0,0,0,0,0,0
2.175716,0,0,0,0,0,0
2.177107,0,0,0,0,0,0
2.178450,0,0,0,0,0,0
2.180234,0,0,0,0,0,0
2.181652,0,0,0,0,0,0
2.182976,0,0,0,0,0,0
2.184606,0,0,0,0,0,0
2.186461,0,0,0,0,0,0
2.188663,0,0,0,0,0,0
2.189984,0,0,0,0,0,0
2.191257,0,0,0,0,0,0
2.192550,0,0,0,0,0,0
2.194123,0,0,0,0,0,0
2.195498,0,0,0,0,0,0
2.196739,0,0,0,0,0,0
2.197956,0,0,0,0,0,0
2.199163,0,0,0,0,0,0
2.200631,0,0,0,0,0,0
2.201922,0,0,0,0,0,0
2.203211,0,0,0,0,0,0
2.204513,0,0,0,0,0,0
2.205770,0,0,0,0,0,0
2.207085,0,0,0,0,0,0
2.208453,0,0,0,0,0,0
2.209731,0,0,0,0,0,0
2.210973,0,0,0,0,0,0
2.212233,0,0,0,0,0,0
2.213908,0,0,0,0,0,0
2.215302,0,0,0,0,0,0
2.217114,0,0,0,0,0,0
2.218520,0,0,0,0,0,0
2.219974,0,0,0,0,0,0
2.221367,0,0,0,0,0,0
2.222765,0,0,0,0,0,0
2.224275,0,0,0,0,0,0
2.225599,0,0,0,0,0,0
2.227136,0,0,0,0,0,0
2.228875,0,0,0,0,0,0
2.230492,0,0,0,0,0,0
2.231938,0,0,0,0,0,0
2.233292,0,0,0,0,0,0
2.234647,0,0,0,0,0,0
2.236068,0,0,0,0,0,0
2.237451,0,0,0,0,0,0
2.238950,0,0,0,0,0,0
2.240408,0,0,0,0,0,0
2.241767,0,0,0,0,0,0
2.243126,0,0,0,0,0,0
2.244430,0,0,0,0,0,0
2.245843,0,0,0,0,0,0
2.247381,0,0,0,0,0,0
2.248752,0,0,0,0,0,0
2.250524,0,0,0,0,0,0
2.251966,0,0,0,0,0,0
2.253327,0,0,0,0,0,0
2.254626,0,0,0,0,0,0
2.256210,0,0,0,0,0,0
2.257507,0,0,0,0,0,0
2.259004,0,0,0,0,0,0
2.260536,0,0,0,0,0,0
2.261980,0,0,0,0,0,0
2.263468,0,0,0,0,0,0
2.264908,0,0,0,0,0,0
2.266334,0,0,0,0,0,0
2.267700,0,0,0,0,0,0
2.269359,0,0,0,0,0,0
2.270657,0,0,0,0,0,0
2.271938,0,0,0,0,0,0
2.273223,0,0,0,0,0,0
2.274633,0,0,0,0,0,0
2.276185,0,0,0,0,0,0
2.277444,0,0,0,0,0,0
2.278758,0,0,0,0,0,0
2.280335,0,0,0,0,0,0
2.281596,0,0,0,0,0,0
2.285085,0,0,0,0,0,0
2.286990,0,0,0,0,0,0
2.288516,0,0,0,0,0,0
2.289995,0,0,0,0,0,0
2.291326,0,0,0,0,0,0
2.292739,0,0,0,0,0,0
2.294000,0,0,0,0,0,0
2.295272,0,0,0,0,0,0
2.296540,0,0,0,0,0,0
2.297923,0,0,0,0,0,0
2.299171,0,0,0,0,0,0
2.300501,0,0,0,0,0,0
2.301829,0,0,0,0,0,0
2.303100,0,0,0,0,0,0
2.304414,0,0,0,0,0,0
2.305677,0,0,0,0,0,0
2.307707,0,0,0,0,0,0
2.309058,0,0,0,0,0,0
2.310588,0,0,0,0,0,0
2.312279,0,0,0,0,0,0
2.314052,0,0,0,0,0,0
2.315414,0,0,0,0,0,0
2.316956,0,0,0,0,0,0
2.318362,0,0,0,0,0,0
2.319707,0,0,0,0,0,0
2.321134,0,0,0,0,0,0
2.322442,0,0,0,0,0,0
2.323755,0,0,0,0,0,0
2.325126,0,0,0,0,0,0
2.326476,0,0,0,0,0,0
2.327771,0,0,0,0,0,0
2.329062,0,0,0,0,0,0
2.330348,0,0,0,0,0,0
2.331633,0,0,0,0,0,0
2.332958,0,0,0,0,0,0
2.334510,0,0,0,0,0,0
2.335906,0,0,0,0,0,0
2.337463,0,0,0,0,0,0
2.338768,0,0,0,0,0,0
2.340253,0,0,0,0,0,0
2.341734,0,0,0,0,0,0
2.343115,0,0,0,0,0,0
2.344919,0,0,0,0,0,0
2.346320,0,0,0,0,0,0
2.347618,0,0,0,0,0,0
2.349092,0,0,0,0,0,0
2.350614,0,0,0,0,0,0
2.351977,0,0,0,0,0,0
2.353383,0,0,0,0,0,0
2.355147,0,0,0,0,0,0
2.356552,0,0,0,0,0,0
2.357893,0,0,0,0,0,0
2.359478,0,0,0,0,0,0
2.360922,0,0,0,0,0,0
2.362220,0,0,0,0,0,0
2.363486,0,0,0,0,0,0
2.365012,0,0,0,0,0,0
2.367147,0,0,0,0,0,0
2.368701,0,0,0,0,0,0
2.370309,0,0,0,0,0,0
2.371603,0,0,0,0,0,0
2.372890,0,0,0,0,0,0
2.374262,0,0,0,0,0,0
2.375593,0,0,0,0,0,0
2.376960,0,0,0,0,0,0
2.378322,0,0,0,0,0,0
2.379800,0,0,0,0,0,0
2.381300,0,0,0,0,0,0
2.382589,0,0,0,0,0,0
2.385160,0,0,0,0,0,0
2.387593,0,0,0,0,0,0
2.388990,0,0,0,0,0,0
2.390221,0,0,0,0,0,0
2.391435,0,0,0,0,0,0
2.392643,0,0,0,0,0,0
2.393889,0,0,0,0,0,0
2.395169,0,0,0,0,0,0
2.396398,0,0,0,0,0,0
2.397680,0,0,0,0,0,0
2.398922,0,0,0,0,0,0
2.400183,0,0,0,0,0,0
2.401430,0,0,0,0,0,0
2.402669,0,0,0,0,0,0
2.403963,0,0,0,0,0,0
2.405234,0,0,0,0,0,0
2.406476,0,0,0,0,0,0
2.407717,0,0,0,0,0,0
2.408958,0,0,0,0,0,0
2.410201,0,0,0,0,0,0
2.411443,0,0,0,0,0,0
2.412878,0,0,0,0,0,0
2.414519,0,0,0,0,0,0
2.415978,0,0,0,0,0,0
2.417309,0,0,0,0,0,0
2.418688,0,0,0,0,0,0
2.420061,0,0,0,0,0,0
2.421360,0,0,0,0,0,0
2.422773,0,0,0,0,0,0
2.424297,0,0,0,0,0,0
2.425602,0,0,0,0,0,0
2.426908,0,0,0,0,0,0
2.428466,0,0,0,0,0,0
2.429732,0,0,0,0,0,0
2.431008,0,0,0,0,0,0
2.432270,0,0,0,0,0,0
2.433530,0,0,0,0,0,0
2.434918,0,0,0,0,0,0
2.436244,0,0,0,0,0,0
2.437562,0,0,0,0,0,0
2.438877,0,0,0,0,0,0
2.440174,0,0,0,0,0,0
2.441861,0,0,0,0,0,0
2.443156,0,0,0,0,0,0
2.444801,0,0,0,0,0,0
2.446527,0,0,0,0,0,0
2.448155,0,0,0,0,0,0
2.449310,0,0,0,0,0,0
2.450778,0,0,0,0,0,0
2.452195,0,0,0,0,0,0
2.453780,0,0,0,0,0,0
2.455074,0,0,0,0,0,0
2.456371,0,0,0,0,0,0
2.457667,0,0,0,0,0,0
2.458960,0,0,0,0,0,0
2.460278,0,0,0,0,0,0
2.461656,0,0,0,0,0,0
2.462952,0,0,0,0,0,0
2.464242,0,0,0,0,0,0
2.465535,0,0,0,0,0,0
2.466829,0,0,0,0,0,0
2.468348,0,0,0,0,0,0
2.469635,0,0,0,0,0,0
2.471717,0,0,0,0,0,0
2.473125,0,0,0,0,0,0
2.474482,0,0,0,0,0,0
2.475983,0,0,0,0,0,0
2.477282,0,0,0,0,0,0
2.478731,0,0,0,0,0,0
2.481126,0,0,0,0,0,0
2.482658,0,0,0,0,0,0
2.484127,0,0,0,0,0,0
2.485665,0,0,0,0,0,0
2.487074,0,0,0,0,0,0
2.488352,0,0,0,0,0,0
2.489686,0,0,0,0,0,0
2.491000,0,0,0,0,0,0
2.492313,0,0,0,0,0,0
2.493581,0,0,0,0,0,0
2.494849,0,0,0,0,0,0
2.496061,0,0,0,0,0,0
2.497382,0,0,0,0,0,0
2.498819,0,0,0,0,0,0
2.500100,0,0,0,0,0,0
2.501476,0,0,0,0,0,0
2.502753,0,0,0,0,0,0
2.504015,0,0,0,0,0,0
2.505281,0,0,0,0,0,0
2.506524,0,0,0,0,0,0
2.507761,0,0,0,0,0,0
2.509062,0,0,0,0,0,0
2.511001,0,0,0,0,0,0
2.512339,0,0,0,0,0,0
2.513758,0,0,0,0,0,0
2.515030,0,0,0,0,0,0
2.516310,0,0,0,0,0,0
2.517612,0,0,0,0,0,0
2.518970,0,0,0,0,0,0
2.520987,0,0,0,0,0,0
2.522347,0,0,0,0,0,0
2.523815,0,0,0,0,0,0
2.525292,0,0,0,0,0,0
2.526599,0,0,0,0,0,0
2.528249,0,0,0,0,0,0
2.529473,0,0,0,0,0,0
2.530778,0,0,0,0,0,0
2.532127,0,0,0,0,0,0
2.533524,0,0,0,0,0,0
2.534817,0,0,0,0,0,0
2.536105,0,0,0,0,0,0
2.537396,0,0,0,0,0,0
2.539076,0,0,0,0,0,0
2.540517,0,0,0,0,0,0
2.541885,0,0,0,0,0,0
2.543180,0,0,0,0,0,0
2.544603,0,0,0,0,0,0
2.546189,0,0,0,0,0,0
2.547542,0,0,0,0,0,0
2.549353,0,0,0,0,0,0
2.550737,0,0,0,0,0,0
2.552125,0,0,0,0,0,0
2.553645,0,0,0,0,0,0
2.555185,0,0,0,0,0,0
2.556582,0,0,0,0,0,0
2.557968,0,0,0,0,0,0
2.559340,0,0,0,0,0,0
2.560829,0,0,0,0,0,0
2.562668,0,0,0,0,0,0
2.564199,0,0,0,0,0,0
2.565612,0,0,0,0,0,0
2.567165,0,0,0,0,0,0
2.568458,0,0,0,0,0,0
2.569769,0,0,0,0,0,0
2.571239,0,0,0,0,0,0
2.572583,0,0,0,0,0,0
2.573985,0,0,0,0,0,0
2.575272,0,0,0,0,0,0
2.577000,0,0,0,0,0,0
2.578295,0,0,0,0,0,0
2.579789,0,0,0,0,0,0
2.581077,0,0,0,0,0,0
2.582390,0,0,0,0,0,0
2.583693,0,0,0,0,0,0
2.584968,0,0,0,0,0,0
2.586334,0,0,0,0,0,0
2.587756,0,0,0,0,0,0
2.589343,0,0,0,0,0,0
2.590602,0,0,0,0,0,0
2.591849,0,0,0,0,0,0
2.593131,0,0,0,0,0,0
2.594417,0,0,0,0,0,0
2.595659,0,0,0,0,0,0
2.596921,0,0,0,0,0,0
2.598184,0,0,0,0,0,0
2.599793,0,0,0,0,0,0
2.601153,0,0,0,0,0,0
2.602410,0,0,0,0,0,0
2.603642,0,0,0,0,0,0
2.604890,0,0,0,0,0,0
2.606154,0,0,0,0,0,0
2.607415,0,0,0,0,0,0
2.608717,0,0,0,0,0,0
2.610094,0,0,0,0,0,0
2.611401,0,0,0,0,0,0
2.612675,0,0,0,0,0,0
2.613969,0,0,0,0,0,0
2.615380,0,0,0,0,0,0
2.616882,0,0,0,0,0,0
2.618358,0,0,0,0,0,0
2.619836,0,0,0,0,0,0
2.621379,0,0,0,0,0,0
2.622706,0,0,0,0,0,0
2.624425,0,0,0,0,0,0
2.626014,0,0,0,0,0,0
2.627483,0,0,0,0,0,0
2.628812,0,0,0,0,0,0
2.630215,0,0,0,0,0,0
2.631910,0,0,0,0,0,0
2.633341,0,0,0,0,0,0
2.634640,0,0,0,0,0,0
2.635971,0,0,0,0,0,0
2.637348,0,0,0,0,0,0
2.638829,0,0,0,0,0,0
2.640191,0,0,0,0,0,0
2.641496,0,0,0,0,0,0
2.642976,0,0,0,0,0,0
2.644503,0,0,0,0,0,0
2.645891,0,0,0,0,0,0
2.647192,0,0,0,0,0,0
2.648618,0,0,0,0,0,0
2.650103,0,0,0,0,0,0
2.651452,0,0,0,0,0,0
2.652800,0,0,0,0,0,0
2.654106,0,0,0,0,0,0
2.655388,0,0,0,0,0,0
2.656647,0,0,0,0,0,0
2.657990,0,0,0,0,0,0
2.659244,0,0,0,0,0,0
2.660512,0,0,0,0,0,0
2.661970,0,0,0,0,0,0
2.663424,0,0,0,0,0,0
2.664846,0,0,0,0,0,0
2.666157,0,0,0,0,0,0
2.667638,0,0,0,0,0,0
2.669237,0,0,0,0,0,0
2.670548,0,0,0,0,0,0
2.671858,0,0,0,0,0,0
2.673159,0,0,0,0,0,0
2.674449,0,0,0,0,0,0
2.675737,0,0,0,0,0,0
2.677094,0,0,0,0,0,0
2.678605,0,0,0,0,0,0
2.680076,0,0,0,0,0,0
2.681531,0,0,0,0,0,0
2.683258,0,0,0,0,0,0
2.684820,0,0,0,0,0,0
2.686201,0,0,0,0,0,0
2.687578,0,0,0,0,0,0
2.689599,0,0,0,0,0,0
2.691123,0,0,0,0,0,0
2.692505,0,0,0,0,0,0
2.693892,0,0,0,0,0,0
2.695344,0,0,0,0,0,0
2.696663,0,0,0,0,0,0
2.698378,0,0,0,0,0,0
2.699726,0,0,0,0,0,0
2.701072,0,0,0,0,0,0
2.702405,0,0,0,0,0,0
2.703738,0,0,0,0,0,0
2.705279,0,0,0,0,0,0
2.706779,0,0,0,0,0,0
2.708143,0,0,0,0,0,0
2.709463,0,0,0,0,0,0
2.710782,0,0,0,0,0,0
2.712061,0,0,0,0,0,0
2.713360,0,0,0,0,0,0
2.714657,0,0,0,0,0,0
2.716043,0,0,0,0,0,0
2.717353,0,0,0,0,0,0
2.719025,0,0,0,0,0,0
2.720339,0,0,0,0,0,0
2.721864,0,0,0,0,0,0
2.723122,0,0,0,0,0,0
2.724436,0,0,0,0,0,0
2.725700,0,0,0,0,0,0
2.726976,0,0,0,0,0,0
2.728431,0,0,0,0,0,0
2.729687,0,0,0,0,0,0
2.730953,0,0,0,0,0,0
2.732223,0,0,0,0,0,0
2.733625,0,0,0,0,0,0
2.735017,0,0,0,0,0,0
2.736844,0,0,0,0,0,0
2.738349,0,0,0,0,0,0
2.739820,0,0,0,0,0,0
2.741199,0,0,0,0,0,0
2.742806,0,0,0,0,0,0
2.744424,0,0,0,0,0,0
2.745805,0,0,0,0,0,0
2.747182,0,0,0,0,0,0
2.748648,0,0,0,0,0,0
2.749951,0,0,0,0,0,0
2.751246,0,0,0,0,0,0
2.752677,0,0,0,0,0,0
2.754006,0,0,0,0,0,0
2.755446,0,0,0,0,0,0
2.756957,0,0,0,0,0,0
2.758988,0,0,0,0,0,0
2.760390,0,0,0,0,0,0
2.761826,0,0,0,0,0,0
2.763113,0,0,0,0,0,0
2.764519,0,0,0,0,0,0
2.766005,0,0,0,0,0,0
2.767405,0,0,0,0,0,0
2.768945,0,0,0,0,0,0
2.770153,0,0,0,0,0,0
2.771562,0,0,0,0,0,0
2.773114,0,0,0,0,0,0
2.774778,0,0,0,0,0,0
2.776077,0,0,0,0,0,0
2.777367,0,0,0,0,0,0
2.778860,0,0,0,0,0,0
2.780341,0,0,0,0,0,0
2.781887,0,0,0,0,0,0
2.783298,0,0,0,0,0,0
2.784559,0,0,0,0,0,0
2.787934,0,0,0,0,0,0
2.789306,0,0,0,0,0,0
2.790520,0,0,0,0,0,0
2.791717,0,0,0,0,0,0
2.792969,0,0,0,0,0,0
2.794212,0,0,0,0,0,0
2.795486,0,0,0,0,0,0
2.796762,0,0,0,0,0,0
2.797988,0,0,0,0,0,0
2.799218,0,0,0,0,0,0
2.800483,0,0,0,0,0,0
2.801724,0,0,0,0,0,0
2.802986,0,0,0,0,0,0
2.804252,0,0,0,0,0,0
2.805733,0,0,0,0,0,0
2.807296,0,0,0,0,0,0
2.808684,0,0,0,0,0,0
2.810114,0,0,0,0,0,0
2.811508,0,0,0,0,0,0
2.812917,0,0,0,0,0,0
2.814071,0,0,0,0,0,0
2.815359,0,0,0,0,0,0
2.816647,0,0,0,0,0,0
2.818014,0,0,0,0,0,0
2.820407,0,0,0,0,0,0
2.821681,0,0,0,0,0,0
2.822994,0,0,0,0,0,0
2.824266,0,0,0,0,0,0
2.825506,0,0,0,0,0,0
2.826801,0,0,0,0,0,0
2.828367,0,0,0,0,0,0
2.829710,0,0,0,0,0,0
2.831017,0,0,0,0,0,0
2.832507,0,0,0,0,0,0
2.834791,0,0,0,0,0,0
2.836190,0,0,0,0,0,0
2.837488,0,0,0,0,0,0
2.838920,0,0,0,0,0,0
2.840388,0,0,0,0,0,0
2.841741,0,0,0,0,0,0
2.843119,0,0,0,0,0,0
2.844588,0,0,0,0,0,0
2.845945,0,0,0,0,0,0
2.847429,0,0,0,0,0,0
2.848890,0,0,0,0,0,0
2.850292,0,0,0,0,0,0
2.851799,0,0,0,0,0,0
2.853151,0,0,0,0,0,0
2.854448,0,0,0,0,0,0
2.855834,0,0,0,0,0,0
2.858574,0,0,0,0,0,0
2.859920,0,0,0,0,0,0
2.861216,0,0,0,0,0,0
2.862637,0,0,0,0,0,0
2.863932,0,0,0,0,0,0
2.865227,0,0,0,0,0,0
2.866519,0,0,0,0,0,0
2.867819,0,0,0,0,0,0
2.869246,0,0,0,0,0,0
2.870615,0,0,0,0,0,0
2.871906,0,0,0,0,0,0
2.873194,0,0,0,0,0,0
2.874484,0,0,0,0,0,0
2.876196,0,0,0,0,0,0
2.877660,0,0,0,0,0,0
2.880827,0,0,0,0,0,0
2.882663,0,0,0,0,0,0
2.884065,0,0,0,0,0,0
2.885399,0,0,0,0,0,0
2.886658,0,0,0,0,0,0
2.887944,0,0,0,0,0,0
2.889288,0,0,0,0,0,0
2.890551,0,0,0,0,0,0
2.892100,0,0,0,0,0,0
2.893367,0,0,0,0,0,0
2.894703,0,0,0,0,0,0
2.895948,0,0,0,0,0,0
2.897225,0,0,0,0,0,0
2.898579,0,0,0,0,0,0
2.899820,0,0,0,0,0,0
2.901057,0,0,0,0,0,0
2.902285,0,0,0,0,0,0
2.903644,0,0,0,0,0,0
2.904946,0,0,0,0,0,0
2.906186,0,0,0,0,0,0
2.907414,0,0,0,0,0,0
2.908670,0,0,0,0,0,0
2.909968,0,0,0,0,0,0
2.911261,0,0,0,0,0,0
2.912657,0,0,0,0,0,0
2.914000,0,0,0,0,0,0
2.915596,0,0,0,0,0,0
2.917172,0,0,0,0,0,0
2.918473,0,0,0,0,0,0
2.919767,0,0,0,0,0,0
2.921070,0,0,0,0,0,0
2.922541,0,0,0,0,0,0
2.924105,0,0,0,0,0,0
2.926439,0,0,0,0,0,0
2.927747,0,0,0,0,0,0
2.929258,0,0,0,0,0,0
2.930776,0,0,0,0,0,0
2.932115,0,0,0,0,0,0
2.933404,0,0,0,0,0,0
2.935032,0,0,0,0,0,0
2.936429,0,0,0,0,0,0
2.938009,0,0,0,0,0,0
2.939427,0,0,0,0,0,0
2.940924,0,0,0,0,0,0
2.942453,0,0,0,0,0,0
2.943761,0,0,0,0,0,0
2.945650,0,0,0,0,0,0
2.947023,0,0,0,0,0,0
2.948380,0,0,0,0,0,0
2.949671,0,0,0,0,0,0
2.951142,0,0,0,0,0,0
2.952439,0,0,0,0,0,0
2.953739,0,0,0,0,0,0
2.955031,0,0,0,0,0,0
2.956529,0,0,0,0,0,0
2.957853,0,0,0,0,0,0
2.959111,0,0,0,0,0,0
2.960370,0,0,0,0,0,0
2.961631,0,0,0,0,0,0
2.962888,0,0,0,0,0,0
2.964328,0,0,0,0,0,0
2.966299,0,0,0,0,0,0
2.967596,0,0,0,0,0,0
2.968891,0,0,0,0,0,0
2.970177,0,0,0,0,0,0
2.971464,0,0,0,0,0,0
2.972801,0,0,0,0,0,0
2.974141,0,0,0,0,0,0
2.975433,0,0,0,0,0,0
2.977080,0,0,0,0,0,0
2.978681,0,0,0,0,0,0
2.980301,0,0,0,0,0,0
2.981757,0,0,0,0,0,0
2.983231,0,0,0,0,0,0
2.984662,0,0,0,0,0,0
2.986051,0,0,0,0,0,0
2.988898,0,0,0,0,0,0
2.990454,0,0,0,0,0,0
2.991854,0,0,0,0,0,0
2.993195,0,0,0,0,0,0
2.994941,0,0,0,0,0,0
2.996283,0,0,0,0,0,0
2.997609,0,0,0,0,0,0
2.998930,0,0,0,0,0,0
3.000366,0,0,0,0,0,0
3.001724,0,0,0,0,0,0
3.003102,0,0,0,0,0,0
3.004507,0,0,0,0,0,0
3.006129,0,0,0,0,0,0
3.007705,0,0,0,0,0,0
3.009289,0,0,0,0,0,0
3.010843,0,0,0,0,0,0
3.012189,0,0,0,0,0,0
3.013524,0,0,0,0,0,0
3.014954,0,0,0,0,0,0
3.016612,0,0,0,0,0,0
3.017906,0,0,0,0,0,0
3.019188,0,0,0,0,0,0
3.020475,0,0,0,0,0,0
3.021882,0,0,0,0,0,0
3.023440,0,0,0,0,0,0
3.025039,0,0,0,0,0,0
3.026816,0,0,0,0,0,0
3.028179,0,0,0,0,0,0
3.029701,0,0,0,0,0,0
3.031115,0,0,0,0,0,0
3.032467,0,0,0,0,0,0
3.033790,0,0,0,0,0,0
3.035149,0,0,0,0,0,0
3.036472,0,0,0,0,0,0
3.037889,0,0,0,0,0,0
3.039152,0,0,0,0,0,0
3.040419,0,0,0,0,0,0
3.041878,0,0,0,0,0,0
3.043212,0,0,0,0,0,0
3.044536,0,0,0,0,0,0
3.045903,0,0,0,0,0,0
3.047399,0,0,0,0,0,0
3.048901,0,0,0,0,0,0
3.050199,0,0,0,0,0,0
3.051495,0,0,0,0,0,0
3.053138,0,0,0,0,0,0
3.054780,0,0,0,0,0,0
3.056185,0,0,0,0,0,0
3.057484,0,0,0,0,0,0
3.058639,0,0,0,0,0,0
3.059945,0,0,0,0,0,0
3.061245,0,0,0,0,0,0
3.062718,0,0,0,0,0,0
3.064013,0,0,0,0,0,0
3.065523,0,0,0,0,0,0
3.066816,0,0,0,0,0,0
3.068178,0,0,0,0,0,0
3.069472,0,0,0,0,0,0
3.072015,0,0,0,0,0,0
3.073518,0,0,0,0,0,0
3.074812,0,0,0,0,0,0
3.076113,0,0,0,0,0,0
3.077448,0,0,0,0,0,0
3.078992,0,0,0,0,0,0
3.080787,0,0,0,0,0,0
3.082147,0,0,0,0,0,0
3.083470,0,0,0,0,0,0
3.085162,0,0,0,0,0,0
3.086708,0,0,0,0,0,0
3.088166,0,0,0,0,0,0
3.089717,0,0,0,0,0,0
3.091223,0,0,0,0,0,0
3.092527,0,0,0,0,0,0
3.093851,0,0,0,0,0,0
3.095113,0,0,0,0,0,0
3.096546,0,0,0,0,0,0
3.097873,0,0,0,0,0,0
3.099137,0,0,0,0,0,0
3.100503,0,0,0,0,0,0
3.101743,0,0,0,0,0,0
3.102980,0,0,0,0,0,0
3.104222,0,0,0,0,0,0
3.105507,0,0,0,0,0,0
3.106853,0,0,0,0,0,0
3.108144,0,0,0,0,0,0
3.109417,0,0,0,0,0,0
3.110674,0,0,0,0,0,0
3.112087,0,0,0,0,0,0
3.113459,0,0,0,0,0,0
3.114905,0,0,0,0,0,0
3.116491,0,0,0,0,0,0
3.118254,0,0,0,0,0,0
3.119556,0,0,0,0,0,0
3.121008,0,0,0,0,0,0
3.122603,0,0,0,0,0,0
3.124538,0,0,0,0,0,0
3.125975,0,0,0,0,0,0
3.127308,0,0,0,0,0,0
3.128815,0,0,0,0,0,0
3.130208,0,0,0,0,0,0
3.131556,0,0,0,0,0,0
3.132897,0,0,0,0,0,0
3.134190,0,0,0,0,0,0
3.135582,0,0,0,0,0,0
3.136958,0,0,0,0,0,0
3.138258,0,0,0,0,0,0
3.139553,0,0,0,0,0,0
3.141005,0,0,0,0,0,0
3.142303,0,0,0,0,0,0
3.143594,0,0,0,0,0,0
3.145017,0,0,0,0,0,0
3.146674,0,0,0,0,0,0
3.147977,0,0,0,0,0,0
3.149474,0,0,0,0,0,0
3.150927,0,0,0,0,0,0
3.152323,0,0,0,0,0,0
3.153622,0,0,0,0,0,0
3.155501,0,0,0,0,0,0
3.156803,0,0,0,0,0,0
3.158096,0,0,0,0,0,0
3.159381,0,0,0,0,0,0
3.160832,0,0,0,0,0,0
3.164472,0,0,0,0,0,0
3.165760,0,0,0,0,0,0
3.167045,0,0,0,0,0,0
3.168337,0,0,0,0,0,0
3.169807,0,0,0,0,0,0
3.171075,0,0,0,0,0,0
3.172346,0,0,0,0,0,0
3.173685,0,0,0,0,0,0
3.175073,0,0,0,0,0,0
3.176498,0,0,0,0,0,0
3.177851,0,0,0,0,0,0
3.179688,0,0,0,0,0,0
3.181023,0,0,0,0,0,0
3.182535,0,0,0,0,0,0
3.183894,0,0,0,0,0,0
3.185507,0,0,0,0,0,0
3.186871,0,0,0,0,0,0
3.188330,0,0,0,0,0,0
3.189729,0,0,0,0,0,0
3.191134,0,0,0,0,0,0
3.192520,0,0,0,0,0,0
3.193918,0,0,0,0,0,0
3.195247,0,0,0,0,0,0
3.196550,0,0,0,0,0,0
3.197872,0,0,0,0,0,0
3.199244,0,0,0,0,0,0
3.200519,0,0,0,0,0,0
3.201902,0,0,0,0,0,0
3.203161,0,0,0,0,0,0
3.204471,0,0,0,0,0,0
3.205720,0,0,0,0,0,0
3.207024,0,0,0,0,0,0
3.208300,0,0,0,0,0,0
3.209680,0,0,0,0,0,0
3.210923,0,0,0,0,0,0
3.212187,0,0,0,0,0,0
3.213482,0,0,0,0,0,0
3.214950,0,0,0,0,0,0
3.216305,0,0,0,0,0,0
3.217601,0,0,0,0,0,0
3.218890,0,0,0,0,0,0
3.220297,0,0,0,0,0,0
3.221706,0,0,0,0,0,0
3.223212,0,0,0,0,0,0
3.224686,0,0,0,0,0,0
3.226116,0,0,0,0,0,0
3.227612,0,0,0,0,0,0
3.229169,0,0,0,0,0,0
3.230931,0,0,0,0,0,0
3.232304,0,0,0,0,0,0
3.233686,0,0,0,0,0,0
3.235030,0,0,0,0,0,0
3.236350,0,0,0,0,0,0
3.237509,0,0,0,0,0,0
3.238832,0,0,0,0,0,0
3.240131,0,0,0,0,0,0
3.241456,0,0,0,0,0,0
3.242824,0,0,0,0,0,0
3.244074,0,0,0,0,0,0
3.245352,0,0,0,0,0,0
3.246587,0,0,0,0,0,0
3.248793,0,0,0,0,0,0
3.250127,0,0,0,0,0,0
3.251397,0,0,0,0,0,0
3.252687,0,0,0,0,0,0
3.254209,0,0,0,0,0,0
3.255722,0,0,0,0,0,0
3.256982,0,0,0,0,0,0
3.258386,0,0,0,0,0,0
3.259641,0,0,0,0,0,0
3.260908,0,0,0,0,0,0
3.262371,0,0,0,0,0,0
3.263658,0,0,0,0,0,0
3.265343,0,0,0,0,0,0
3.266638,0,0,0,0,0,0
3.267976,0,0,0,0,0,0
3.269668,0,0,0,0,0,0
3.270962,0,0,0,0,0,0
3.272252,0,0,0,0,0,0
3.273538,0,0,0,0,0,0
3.274963,0,0,0,0,0,0
3.276299,0,0,0,0,0,0
3.277957,0,0,0,0,0,0
3.279651,0,0,0,0,0,0
3.282553,0,0,0,0,0,0
3.284026,0,0,0,0,0,0
3.285563,0,0,0,0,0,0
3.287138,0,0,0,0,0,0
3.288389,0,0,0,0,0,0
3.289676,0,0,0,0,0,0
3.291125,0,0,0,0,0,0
3.292461,0,0,0,0,0,0
3.293937,0,0,0,0,0,0
3.295258,0,0,0,0,0,0
3.296477,0,0,0,0,0,0
3.298015,0,0,0,0,0,0
3.299324,0,0,0,0,0,0
3.300613,0,0,0,0,0,0
3.302016,0,0,0,0,0,0
3.303323,0,0,0,0,0,0
3.304587,0,0,0,0,0,0
3.305934,0,0,0,0,0,0
3.307291,0,0,0,0,0,0
3.308619,0,0,0,0,0,0
3.310376,0,0,0,0,0,0
3.311967,0,0,0,0,0,0
3.313965,0,0,0,0,0,0
3.315225,0,0,0,0,0,0
3.316538,0,0,0,0,0,0
3.317839,0,0,0,0,0,0
3.319118,0,0,0,0,0,0
3.320460,0,0,0,0,0,0
3.321744,0,0,0,0,0,0
3.322988,0,0,0,0,0,0
3.324249,0,0,0,0,0,0
3.325546,0,0,0,0,0,0
3.326835,0,0,0,0,0,0
3.328265,0,0,0,0,0,0
3.329555,0,0,0,0,0,0
3.330849,0,0,0,0,0,0
3.332145,0,0,0,0,0,0
3.333438,0,0,0,0,0,0
3.334911,0,0,0,0,0,0
3.336347,0,0,0,0,0,0
3.337646,0,0,0,0,0,0
3.339246,0,0,0,0,0,0
3.340784,0,0,0,0,0,0
3.342223,0,0,0,0,0,0
3.343475,0,0,0,0,0,0
3.344871,0,0,0,0,0,0
3.346346,0,0,0,0,0,0
3.347711,0,0,0,0,0,0
3.349338,0,0,0,0,0,0
3.350679,0,0,0,0,0,0
3.352021,0,0,0,0,0,0
3.353580,0,0,0,0,0,0
3.355444,0,0,0,0,0,0
3.356942,0,0,0,0,0,0
3.358307,0,0,0,0,0,0
3.359597,0,0,0,0,0,0
3.361075,0,0,0,0,0,0
3.362427,0,0,0,0,0,0
3.363720,0,0,0,0,0,0
3.365062,0,0,0,0,0,0
3.366352,0,0,0,0,0,0
3.367693,0,0,0,0,0,0
3.369039,0,0,0,0,0,0
3.370631,0,0,0,0,0,0
3.371974,0,0,0,0,0,0
3.373263,0,0,0,0,0,0
3.374555,0,0,0,0,0,0
3.376236,0,0,0,0,0,0
3.377705,0,0,0,0,0,0
3.379228,0,0,0,0,0,0
3.380859,0,0,0,0,0,0
3.382293,0,0,0,0,0,0
3.383626,0,0,0,0,0,0
3.384924,0,0,0,0,0,0
3.386202,0,0,0,0,0,0
3.387516,0,0,0,0,0,0
3.388808,0,0,0,0,0,0
3.390313,0,0,0,0,0,0
3.391585,0,0,0,0,0,0
3.392856,0,0,0,0,0,0
3.394178,0,0,0,0,0,0
3.395438,0,0,0,0,0,0
3.396882,0,0,0,0,0,0
3.398129,0,0,0,0,0,0
3.399370,0,0,0,0,0,0
3.400641,0,0,0,0,0,0
3.401926,0,0,0,0,0,0
3.403170,0,0,0,0,0,0
3.404432,0,0,0,0,0,0
3.405717,0,0,0,0,0,0
3.407019,0,0,0,0,0,0
3.408529,0,0,0,0,0,0
3.409920,0,0,0,0,0,0
3.411193,0,0,0,0,0,0
3.412481,0,0,0,0,0,0
3.414079,0,0,0,0,0,0
3.415705,0,0,0,0,0,0
3.417088,0,0,0,0,0,0
3.418608,0,0,0,0,0,0
3.419958,0,0,0,0,0,0
3.421299,0,0,0,0,0,0
3.422912,0,0,0,0,0,0
3.424211,0,0,0,0,0,0
3.425659,0,0,0,0,0,0
3.427106,0,0,0,0,0,0
3.428494,0,0,0,0,0,0
3.429968,0,0,0,0,0,0
3.431269,0,0,0,0,0,0
3.432562,0,0,0,0,0,0
3.433909,0,0,0,0,0,0
3.435200,0,0,0,0,0,0
3.436663,0,0,0,0,0,0
3.438347,0,0,0,0,0,0
3.439951,0,0,0,0,0,0
3.441541,0,0,0,0,0,0
3.443015,0,0,0,0,0,0
3.444478,0,0,0,0,0,0
3.445964,0,0,0,0,0,0
3.447268,0,0,0,0,0,0
3.448585,0,0,0,0,0,0
3.450088,0,0,0,0,0,0
3.451380,0,0,0,0,0,0
3.452673,0,0,0,0,0,0
3.453971,0,0,0,0,0,0
3.455266,0,0,0,0,0,0
3.456563,0,0,0,0,0,0
3.457867,0,0,0,0,0,0
3.459434,0,0,0,0,0,0
3.460961,0,0,0,0,0,0
3.462229,0,0,0,0,0,0
3.463495,0,0,0,0,0,0
3.464759,0,0,0,0,0,0
3.466014,0,0,0,0,0,0
3.467398,0,0,0,0,0,0
3.468792,0,0,0,0,0,0
3.470085,0,0,0,0,0,0
3.471376,0,0,0,0,0,0
3.472668,0,0,0,0,0,0
3.474001,0,0,0,0,0,0
3.475379,0,0,0,0,0,0
3.477139,0,0,0,0,0,0
3.478917,0,0,0,0,0,0
3.480216,0,0,0,0,0,0
3.481806,0,0,0,0,0,0
3.483496,0,0,0,0,0,0
3.485135,0,0,0,0,0,0
3.486612,0,0,0,0,0,0
3.487913,0,0,0,0,0,0
3.489397,0,0,0,0,0,0
3.490704,0,0,0,0,0,0
3.492020,0,0,0,0,0,0
3.493281,0,0,0,0,0,0
3.494700,0,0,0,0,0,0
3.496235,0,0,0,0,0,0
3.497526,0,0,0,0,0,0
3.498787,0,0,0,0,0,0
3.500111,0,0,0,0,0,0
3.501426,0,0,0,0,0,0
3.502673,0,0,0,0,0,0
3.503917,0,0,0,0,0,0
3.505160,0,0,0,0,0,0
3.506434,0,0,0,0,0,0
3.507677,0,0,0,0,0,0
3.509139,0,0,0,0,0,0
3.510428,0,0,0,0,0,0
3.511772,0,0,0,0,0,0
3.513037,0,0,0,0,0,0
3.514503,0,0,0,0,0,0
3.515994,0,0,0,0,0,0
3.517274,0,0,0,0,0,0
3.518518,0,0,0,0,0,0
3.519758,0,0,0,0,0,0
3.521002,0,0,0,0,0,0
3.522242,0,0,0,0,0,0
3.523517,0,0,0,0,0,0
3.524943,0,0,0,0,0,0
3.526299,0,0,0,0,0,0
3.527780,0,0,0,0,0,0
3.529204,0,0,0,0,0,0
3.530748,0,0,0,0,0,0
3.532422,0,0,0,0,0,0
3.533754,0,0,0,0,0,0
3.535138,0,0,0,0,0,0
3.536468,0,0,0,0,0,0
3.537987,0,0,0,0,0,0
3.539943,0,0,0,0,0,0
3.541522,0,0,0,0,0,0
3.542894,0,0,0,0,0,0
3.544216,0,0,0,0,0,0
3.545536,0,0,0,0,0,0
3.547250,0,0,0,0,0,0
3.548903,0,0,0,0,0,0
3.550209,0,0,0,0,0,0
3.551601,0,0,0,0,0,0
3.552956,0,0,0,0,0,0
3.554532,0,0,0,0,0,0
3.555922,0,0,0,0,0,0
3.557298,0,0,0,0,0,0
3.558616,0,0,0,0,0,0
3.559912,0,0,0,0,0,0
3.561443,0,0,0,0,0,0
3.562793,0,0,0,0,0,0
3.564128,0,0,0,0,0,0
3.565424,0,0,0,0,0,0
3.566720,0,0,0,0,0,0
3.568012,0,0,0,0,0,0
3.569436,0,0,0,0,0,0
3.570731,0,0,0,0,0,0
3.572186,0,0,0,0,0,0
3.573480,0,0,0,0,0,0
3.574777,0,0,0,0,0,0
3.576268,0,0,0,0,0,0
3.577748,0,0,0,0,0,0
3.579192,0,0,0,0,0,0
3.580528,0,0,0,0,0,0
3.582159,0,0,0,0,0,0
3.583527,0,0,0,0,0,0
3.584993,0,0,0,0,0,0
3.586922,0,0,0,0,0,0
3.588325,0,0,0,0,0,0
3.589563,0,0,0,0,0,0
3.590912,0,0,0,0,0,0
3.592165,0,0,0,0,0,0
3.593465,0,0,0,0,0,0
3.594786,0,0,0,0,0,0
3.596107,0,0,0,0,0,0
3.597493,0,0,0,0,0,0
3.598781,0,0,0,0,0,0
3.600082,0,0,0,0,0,0
3.601377,0,0,0,0,0,0
3.602670,0,0,0,0,0,0
3.604097,0,0,0,0,0,0
3.605417,0,0,0,0,0,0
3.606710,0,0,0,0,0,0
3.607952,0,0,0,0,0,0
3.609194,0,0,0,0,0,0
3.610437,0,0,0,0,0,0
3.611680,0,0,0,0,0,0
3.612941,0,0,0,0,0,0
3.614237,0,0,0,0,0,0
3.615529,0,0,0,0,0,0
3.616934,0,0,0,0,0,0
3.618409,0,0,0,0,0,0
3.619799,0,0,0,0,0,0
3.621202,0,0,0,0,0,0
3.622582,0,0,0,0,0,0
3.624081,0,0,0,0,0,0
3.625614,0,0,0,0,0,0
3.626980,0,0,0,0,0,0
3.628467,0,0,0,0,0,0
3.629896,0,0,0,0,0,0
3.631284,0,0,0,0,0,0
3.632935,0,0,0,0,0,0
3.634270,0,0,0,0,0,0
3.635567,0,0,0,0,0,0
3.636863,0,0,0,0,0,0
3.638546,0,0,0,0,0,0
3.639840,0,0,0,0,0,0
3.641168,0,0,0,0,0,0
3.642469,0,0,0,0,0,0
3.644060,0,0,0,0,0,0
3.645393,0,0,0,0,0,0
3.646692,0,0,0,0,0,0
3.648088,0,0,0,0,0,0
3.649380,0,0,0,0,0,0
3.650882,0,0,0,0,0,0
3.652460,0,0,0,0,0,0
3.653935,0,0,0,0,0,0
3.655287,0,0,0,0,0,0
3.656568,0,0,0,0,0,0
3.657965,0,0,0,0,0,0
3.659339,0,0,0,0,0,0
3.660867,0,0,0,0,0,0
3.662243,0,0,0,0,0,0
3.663552,0,0,0,0,0,0
3.664837,0,0,0,0,0,0
3.666096,0,0,0,0,0,0
3.667350,0,0,0,0,0,0
3.668800,0,0,0,0,0,0
3.670029,0,0,0,0,0,0
3.671323,0,0,0,0,0,0
3.672860,0,0,0,0,0,0
3.674531,0,0,0,0,0,0
3.676520,0,0,0,0,0,0
3.678359,0,0,0,0,0,0
3.679657,0,0,0,0,0,0
3.681407,0,0,0,0,0,0
3.683129,0,0,0,0,0,0
3.684701,0,0,0,0,0,0
3.686154,0,0,0,0,0,0
3.687265,0,0,0,0,0,0
3.688571,0,0,0,0,0,0
3.689906,0,0,0,0,0,0
3.691385,0,0,0,0,0,0
3.692776,0,0,0,0,0,0
3.694191,0,0,0,0,0,0
3.695450,0,0,0,0,0,0
3.696828,0,0,0,0,0,0
3.698193,0,0,0,0,0,0
3.699454,0,0,0,0,0,0
3.700719,0,0,0,0,0,0
3.702127,0,0,0,0,0,0
3.703402,0,0,0,0,0,0
3.704687,0,0,0,0,0,0
3.705932,0,0,0,0,0,0
3.707174,0,0,0,0,0,0
3.708464,0,0,0,0,0,0
3.710138,0,0,0,0,0,0
3.711581,0,0,0,0,0,0
3.713142,0,0,0,0,0,0
3.714349,0,0,0,0,0,0
3.715943,0,0,0,0,0,0
3.717922,0,0,0,0,0,0
3.719775,0,0,0,0,0,0
3.721317,0,0,0,0,0,0
3.722708,0,0,0,0,0,0
3.724125,0,0,0,0,0,0
3.725413,0,0,0,0,0,0
3.726748,0,0,0,0,0,0
3.728107,0,0,0,0,0,0
3.729391,0,0,0,0,0,0
3.730702,0,0,0,0,0,0
3.732210,0,0,0,0,0,0
3.733735,0,0,0,0,0,0
3.735147,0,0,0,0,0,0
3.736689,0,0,0,0,0,0
3.738289,0,0,0,0,0,0
3.739590,0,0,0,0,0,0
3.741116,0,0,0,0,0,0
3.742661,0,0,0,0,0,0
3.743967,0,0,0,0,0,0
3.745212,0,0,0,0,0,0
3.746863,0,0,0,0,0,0
3.748194,0,0,0,0,0,0
3.749613,0,0,0,0,0,0
3.751242,0,0,0,0,0,0
3.752601,0,0,0,0,0,0
3.754226,0,0,0,0,0,0
3.755526,0,0,0,0,0,0
3.756980,0,0,0,0,0,0
3.758437,0,0,0,0,0,0
3.759728,0,0,0,0,0,0
3.761020,0,0,0,0,0,0
3.762312,0,0,0,0,0,0
3.763759,0,0,0,0,0,0
3.765105,0,0,0,0,0,0
3.766398,0,0,0,0,0,0
3.767687,0,0,0,0,0,0
3.768973,0,0,0,0,0,0
3.770451,0,0,0,0,0,0
3.771731,0,0,0,0,0,0
3.773060,0,0,0,0,0,0
3.775755,0,0,0,0,0,0
3.778325,0,0,0,0,0,0
3.779766,0,0,0,0,0,0
3.781209,0,0,0,0,0,0
3.782490,0,0,0,0,0,0
3.783713,0,0,0,0,0,0
3.784989,0,0,0,0,0,0
3.786204,0,0,0,0,0,0
3.787534,0,0,0,0,0,0
3.788807,0,0,0,0,0,0
3.790058,0,0,0,0,0,0
3.791343,0,0,0,0,0,0
3.792593,0,0,0,0,0,0
3.793958,0,0,0,0,0,0
3.795264,0,0,0,0,0,0
3.796526,0,0,0,0,0,0
3.797834,0,0,0,0,0,0
3.799189,0,0,0,0,0,0
3.800748,0,0,0,0,0,0
3.802003,0,0,0,0,0,0
3.803427,0,0,0,0,0,0
3.804857,0,0,0,0,0,0
3.806211,0,0,0,0,0,0
3.807517,0,0,0,0,0,0
3.808788,0,0,0,0,0,0
3.810057,0,0,0,0,0,0
3.811321,0,0,0,0,0,0
3.812595,0,0,0,0,0,0
3.813895,0,0,0,0,0,0
3.815189,0,0,0,0,0,0
3.816484,0,0,0,0,0,0
3.817966,0,0,0,0,0,0
3.819324,0,0,0,0,0,0
3.820826,0,0,0,0,0,0
3.822356,0,0,0,0,0,0
3.824043,0,0,0,0,0,0
3.825444,0,0,0,0,0,0
3.826847,0,0,0,0,0,0
3.828376,0,0,0,0,0,0
3.830144,0,0,0,0,0,0
3.831471,0,0,0,0,0,0
3.832807,0,0,0,0,0,0
3.834110,0,0,0,0,0,0
3.835636,0,0,0,0,0,0
3.836979,0,0,0,0,0,0
3.839084,0,0,0,0,0,0
3.840558,0,0,0,0,0,0
3.841933,0,0,0,0,0,0
3.845147,0,0,0,0,0,0
3.846453,0,0,0,0,0,0
3.847723,0,0,0,0,0,0
3.849064,0,0,0,0,0,0
3.850322,0,0,0,0,0,0
3.851539,0,0,0,0,0,0
3.852802,0,0,0,0,0,0
3.854388,0,0,0,0,0,0
3.856548,0,0,0,0,0,0
3.857996,0,0,0,0,0,0
3.859585,0,0,0,0,0,0
3.860910,0,0,0,0,0,0
3.862141,0,0,0,0,0,0
3.863338,0,0,0,0,0,0
3.864578,0,0,0,0,0,0
3.865972,0,0,0,0,0,0
3.867169,0,0,0,0,0,0
3.868421,0,0,0,0,0,0
3.869670,0,0,0,0,0,0
3.870938,0,0,0,0,0,0
3.872472,0,0,0,0,0,0
3.873810,0,0,0,0,0,0
3.875141,0,0,0,0,0,0
3.876370,0,0,0,0,0,0
3.877603,0,0,0,0,0,0
3.878831,0,0,0,0,0,0
3.880127,0,0,0,0,0,0
3.881374,0,0,0,0,0,0
3.882586,0,0,0,0,0,0
3.883885,0,0,0,0,0,0
3.885104,0,0,0,0,0,0
3.886377,0,0,0,0,0,0
3.887667,0,0,0,0,0,0
3.888904,0,0,0,0,0,0
3.890116,0,0,0,0,0,0
3.891328,0,0,0,0,0,0
3.892568,0,0,0,0,0,0
3.894213,0,0,0,0,0,0
3.895636,0,0,0,0,0,0
3.896939,0,0,0,0,0,0
3.898245,0,0,0,0,0,0
3.899670,0,0,0,0,0,0
3.901025,0,0,0,0,0,0
3.902385,0,0,0,0,0,0
3.903736,0,0,0,0,0,0
3.905069,0,0,0,0,0,0
3.906421,0,0,0,0,0,0
3.907746,0,0,0,0,0,0
3.909085,0,0,0,0,0,0
3.910512,0,0,0,0,0,0
3.911828,0,0,0,0,0,0
3.913341,0,0,0,0,0,0
3.914646,0,0,0,0,0,0
3.915992,0,0,0,0,0,0
3.917431,0,0,0,0,0,0
3.918731,0,0,0,0,0,0
3.920113,0,0,0,0,0,0
3.921417,0,0,0,0,0,0
3.922795,0,0,0,0,0,0
3.924219,0,0,0,0,0,0
3.925518,0,0,0,0,0,0
3.926809,0,0,0,0,0,0
3.928926,0,0,0,0,0,0
3.930328,0,0,0,0,0,0
3.931838,0,0,0,0,0,0
3.933180,0,0,0,0,0,0
3.934437,0,0,0,0,0,0
3.936232,0,0,0,0,0,0
3.937989,0,0,0,0,0,0
3.939382,0,0,0,0,0,0
3.940746,0,0,0,0,0,0
3.943121,0,0,0,0,0,0
3.944488,0,0,0,0,0,0
3.945780,0,0,0,0,0,0
3.947203,0,0,0,0,0,0
3.948675,0,0,0,0,0,0
3.950157,0,0,0,0,0,0
3.951453,0,0,0,0,0,0
3.952746,0,0,0,0,0,0
3.954366,0,0,0,0,0,0
3.955665,0,0,0,0,0,0
3.957074,0,0,0,0,0,0
3.958372,0,0,0,0,0,0
3.959715,0,0,0,0,0,0
3.961058,0,0,0,0,0,0
3.962445,0,0,0,0,0,0
3.963950,0,0,0,0,0,0
3.965513,0,0,0,0,0,0
3.966840,0,0,0,0,0,0
3.968257,0,0,0,0,0,0
3.969599,0,0,0,0,0,0
3.971277,0,0,0,0,0,0
3.972786,0,0,0,0,0,0
3.974156,0,0,0,0,0,0
3.975606,0,0,0,0,0,0
3.976930,0,0,0,0,0,0
3.978237,0,0,0,0,0,0
3.979765,0,0,0,0,0,0
3.981089,0,0,0,0,0,0
3.982526,0,0,0,0,0,0
3.983790,0,0,0,0,0,0
3.985156,0,0,0,0,0,0
3.986431,0,0,0,0,0,0
3.987707,0,0,0,0,0,0
3.989061,0,0,0,0,0,0
3.990363,0,0,0,0,0,0
3.991612,0,0,0,0,0,0
3.992944,0,0,0,0,0,0
3.994187,0,0,0,0,0,0
3.995431,0,0,0,0,0,0
3.996698,0,0,0,0,0,0
3.998591,0,0,0,0,0,0
3.999931,0,0,0,0,0,0
4.001203,0,0,0,0,0,0
4.002467,0,0,0,0,0,0
4.003730,0,0,0,0,0,0
4.005031,0,0,0,0,0,0
4.006291,0,0,0,0,0,0
4.007554,0,0,0,0,0,0
4.008818,0,0,0,0,0,0
4.010081,0,0,0,0,0,0
4.011340,0,0,0,0,0,0
4.012614,0,0,0,0,0,0
4.014316,0,0,0,0,0,0
4.015642,0,0,0,0,0,0
4.017042,0,0,0,0,0,0
4.018452,0,0,0,0,0,0
4.019912,0,0,0,0,0,0
4.021270,0,0,0,0,0,0
4.022570,0,0,0,0,0,0
4.023885,0,0,0,0,0,0
4.025188,0,0,0,0,0,0
4.026487,0,0,0,0,0,0
4.027787,0,0,0,0,0,0
4.029679,0,0,0,0,0,0
4.031358,0,0,0,0,0,0
4.032517,0,0,0,0,0,0
4.033888,0,0,0,0,0,0
4.036049,0,0,0,0,0,0
4.037202,0,0,0,0,0,0
4.038882,0,0,0,0,0,0
4.040410,0,0,0,0,0,0
4.041711,0,0,0,0,0,0
4.043099,0,0,0,0,0,0
4.044620,0,0,0,0,0,0
4.046358,0,0,0,0,0,0
4.047644,0,0,0,0,0,0
4.049008,0,0,0,0,0,0
4.050290,0,0,0,0,0,0
4.051568,0,0,0,0,0,0
4.053058,0,0,0,0,0,0
4.054429,0,0,0,0,0,0
4.055743,0,0,0,0,0,0
4.057044,0,0,0,0,0,0
4.058339,0,0,0,0,0,0
4.059729,0,0,0,0,0,0
4.061172,0,0,0,0,0,0
4.062464,0,0,0,0,0,0
4.063757,0,0,0,0,0,0
4.065057,0,0,0,0,0,0
4.066531,0,0,0,0,0,0
4.067972,0,0,0,0,0,0
4.069562,0,0,0,0,0,0
4.071000,0,0,0,0,0,0
4.072352,0,0,0,0,0,0
4.073682,0,0,0,0,0,0
4.075041,0,0,0,0,0,0
4.076416,0,0,0,0,0,0
4.077695,0,0,0,0,0,0
4.078964,0,0,0,0,0,0
4.080268,0,0,0,0,0,0
4.081533,0,0,0,0,0,0
4.082939,0,0,0,0,0,0
4.084221,0,0,0,0,0,0
4.085503,0,0,0,0,0,0
4.086920,0,0,0,0,0,0
4.088190,0,0,0,0,0,0
4.089480,0,0,0,0,0,0
4.090822,0,0,0,0,0,0
4.092167,0,0,0,0,0,0
4.093447,0,0,0,0,0,0
4.094690,0,0,0,0,0,0
4.096017,0,0,0,0,0,0
4.097295,0,0,0,0,0,0
4.098534,0,0,0,0,0,0
4.099797,0,0,0,0,0,0
4.101303,0,0,0,0,0,0
4.102817,0,0,0,0,0,0
4.104158,0,0,0,0,0,0
4.105660,0,0,0,0,0,0
4.107188,0,0,0,0,0,0
4.108918,0,0,0,0,0,0
4.110215,0,0,0,0,0,0
4.111654,0,0,0,0,0,0
4.112992,0,0,0,0,0,0
4.114349,0,0,0,0,0,0
4.115651,0,0,0,0,0,0
4.117133,0,0,0,0,0,0
4.118640,0,0,0,0,0,0
4.119972,0,0,0,0,0,0
4.121262,0,0,0,0,0,0
4.122704,0,0,0,0,0,0
4.124055,0,0,0,0,0,0
4.125559,0,0,0,0,0,0
4.126977,0,0,0,0,0,0
4.128446,0,0,0,0,0,0
4.129752,0,0,0,0,0,0
4.131051,0,0,0,0,0,0
4.132580,0,0,0,0,0,0
4.134292,0,0,0,0,0,0
4.135876,0,0,0,0,0,0
4.137367,0,0,0,0,0,0
4.138667,0,0,0,0,0,0
4.140023,0,0,0,0,0,0
4.141286,0,0,0,0,0,0
4.142549,0,0,0,0,0,0
4.143813,0,0,0,0,0,0
4.145075,0,0,0,0,0,0
4.146335,0,0,0,0,0,0
4.147595,0,0,0,0,0,0
4.148905,0,0,0,0,0,0
4.150191,0,0,0,0,0,0
4.151478,0,0,0,0,0,0
4.153060,0,0,0,0,0,0
4.154594,0,0,0,0,0,0
4.155936,0,0,0,0,0,0
4.157495,0,0,0,0,0,0
4.158800,0,0,0,0,0,0
4.160119,0,0,0,0,0,0
4.161411,0,0,0,0,0,0
4.162703,0,0,0,0,0,0
4.164032,0,0,0,0,0,0
4.165320,0,0,0,0,0,0
4.166999,0,0,0,0,0,0
4.168453,0,0,0,0,0,0
4.169997,0,0,0,0,0,0
4.171318,0,0,0,0,0,0
4.172658,0,0,0,0,0,0
4.173980,0,0,0,0,0,0
4.175482,0,0,0,0,0,0
4.176884,0,0,0,0,0,0
4.178346,0,0,0,0,0,0
4.179690,0,0,0,0,0,0
4.181228,0,0,0,0,0,0
4.182738,0,0,0,0,0,0
4.184066,0,0,0,0,0,0
4.185429,0,0,0,0,0,0
4.186910,0,0,0,0,0,0
4.188262,0,0,0,0,0,0
4.189556,0,0,0,0,0,0
4.190855,0,0,0,0,0,0
4.192212,0,0,0,0,0,0
4.193619,0,0,0,0,0,0
4.194900,0,0,0,0,0,0
4.196162,0,0,0,0,0,0
4.197422,0,0,0,0,0,0
4.198704,0,0,0,0,0,0
4.199996,0,0,0,0,0,0
4.201305,0,0,0,0,0,0
4.202564,0,0,0,0,0,0
4.203818,0,0,0,0,0,0
4.205153,0,0,0,0,0,0
4.206507,0,0,0,0,0,0
4.208234,0,0,0,0,0,0
4.209588,0,0,0,0,0,0
4.210884,0,0,0,0,0,0
4.212382,0,0,0,0,0,0
4.214027,0,0,0,0,0,0
4.215326,0,0,0,0,0,0
4.216867,0,0,0,0,0,0
4.218406,0,0,0,0,0,0
4.219703,0,0,0,0,0,0
4.221236,0,0,0,0,0,0
4.222521,0,0,0,0,0,0
4.223829,0,0,0,0,0,0
4.225213,0,0,0,0,0,0
4.226590,0,0,0,0,0,0
4.227975,0,0,0,0,0,0
4.230193,0,0,0,0,0,0
4.231498,0,0,0,0,0,0
4.233006,0,0,0,0,0,0
4.234455,0,0,0,0,0,0
4.235794,0,0,0,0,0,0
4.237188,0,0,0,0,0,0
4.238486,0,0,0,0,0,0
4.239988,0,0,0,0,0,0
4.241406,0,0,0,0,0,0
4.242783,0,0,0,0,0,0
4.244347,0,0,0,0,0,0
4.245822,0,0,0,0,0,0
4.247179,0,0,0,0,0,0
4.248472,0,0,0,0,0,0
4.249763,0,0,0,0,0,0
4.251045,0,0,0,0,0,0
4.252384,0,0,0,0,0,0
4.253891,0,0,0,0,0,0
4.255530,0,0,0,0,0,0
4.256820,0,0,0,0,0,0
4.258107,0,0,0,0,0,0
4.259392,0,0,0,0,0,0
4.260953,0,0,0,0,0,0
4.262247,0,0,0,0,0,0
4.263541,0,0,0,0,0,0
4.264858,0,0,0,0,0,0
4.266332,0,0,0,0,0,0
4.267824,0,0,0,0,0,0
4.269920,0,0,0,0,0,0
4.271699,0,0,0,0,0,0
4.273140,0,0,0,0,0,0
4.274519,0,0,0,0,0,0
4.276865,0,0,0,0,0,0
4.278312,0,0,0,0,0,0
4.279783,0,0,0,0,0,0
4.281258,0,0,0,0,0,0
4.282528,0,0,0,0,0,0
4.283803,0,0,0,0,0,0
4.285174,0,0,0,0,0,0
4.286517,0,0,0,0,0,0
4.287811,0,0,0,0,0,0
4.289007,0,0,0,0,0,0
4.290255,0,0,0,0,0,0
4.291454,0,0,0,0,0,0
4.292696,0,0,0,0,0,0
4.293910,0,0,0,0,0,0
4.295308,0,0,0,0,0,0
4.296592,0,0,0,0,0,0
4.297712,0,0,0,0,0,0
4.299162,0,0,0,0,0,0
4.300445,0,0,0,0,0,0
4.302243,0,0,0,0,0,0
4.303657,0,0,0,0,0,0
4.304925,0,0,0,0,0,0
4.306230,0,0,0,0,0,0
4.307541,0,0,0,0,0,0
4.308853,0,0,0,0,0,0
4.310228,0,0,0,0,0,0
4.311520,0,0,0,0,0,0
4.313035,0,0,0,0,0,0
4.314637,0,0,0,0,0,0
4.316001,0,0,0,0,0,0
4.317257,0,0,0,0,0,0
4.318569,0,0,0,0,0,0
4.319850,0,0,0,0,0,0
4.321152,0,0,0,0,0,0
4.322419,0,0,0,0,0,0
4.323675,0,0,0,0,0,0
4.325003,0,0,0,0,0,0
4.326275,0,0,0,0,0,0
4.327511,0,0,0,0,0,0
4.328801,0,0,0,0,0,0
4.330044,0,0,0,0,0,0
4.331283,0,0,0,0,0,0
4.332520,0,0,0,0,0,0
4.333747,0,0,0,0,0,0
4.335039,0,0,0,0,0,0
4.336366,0,0,0,0,0,0
4.337593,0,0,0,0,0,0
4.338819,0,0,0,0,0,0
4.340074,0,0,0,0,0,0
4.341294,0,0,0,0,0,0
4.342514,0,0,0,0,0,0
4.343758,0,0,0,0,0,0
4.344981,0,0,0,0,0,0
4.346203,0,0,0,0,0,0
4.347422,0,0,0,0,0,0
4.348667,0,0,0,0,0,0
4.349882,0,0,0,0,0,0
4.351095,0,0,0,0,0,0
4.352307,0,0,0,0,0,0
4.353521,0,0,0,0,0,0
4.354734,0,0,0,0,0,0
4.355970,0,0,0,0,0,0
4.357179,0,0,0,0,0,0
4.358388,0,0,0,0,0,0
4.359597,0,0,0,0,0,0
4.360808,0,0,0,0,0,0
4.362018,0,0,0,0,0,0
4.363227,0,0,0,0,0,0
4.364477,0,0,0,0,0,0
4.365683,0,0,0,0,0,0
4.366889,0,0,0,0,0,0
4.368107,0,0,0,0,0,0
4.369300,0,0,0,0,0,0
4.370466,0,0,0,0,0,0
4.371674,0,0,0,0,0,0
4.372883,0,0,0,0,0,0
4.374091,0,0,0,0,0,0
4.375322,0,0,0,0,0,0
4.376528,0,0,0,0,0,0
4.377687,0,0,0,0,0,0
4.378900,0,0,0,0,0,0
4.380133,0,0,0,0,0,0
4.381457,0,0,0,0,0,0
4.382616,0,0,0,0,0,0
4.383774,0,0,0,0,0,0
4.384930,0,0,0,0,0,0
4.386086,0,0,0,0,0,0
4.387242,0,0,0,0,0,0
4.388398,0,0,0,0,0,0
4.389604,0,0,0,0,0,0
4.390761,0,0,0,0,0,0
4.391919,0,0,0,0,0,0
4.393125,0,0,0,0,0,0
4.394282,0,0,0,0,0,0
4.395439,0,0,0,0,0,0
4.396597,0,0,0,0,0,0
4.397767,0,0,0,0,0,0
4.398929,0,0,0,0,0,0
4.400091,0,0,0,0,0,0
4.401248,0,0,0,0,0,0
4.402407,0,0,0,0,0,0
4.403570,0,0,0,0,0,0
4.404728,0,0,0,0,0,0
4.405885,0,0,0,0,0,0
4.407043,0,0,0,0,0,0
4.408202,0,0,0,0,0,0
4.409359,0,0,0,0,0,0
4.410517,0,0,0,0,0,0
4.411674,0,0,0,0,0,0
4.412831,0,0,0,0,0,0
4.413989,0,0,0,0,0,0
4.415145,0,0,0,0,0,0
4.416352,0,0,0,0,0,0
4.417557,0,0,0,0,0,0
4.418817,0,0,0,0,0,0
4.420114,0,0,0,0,0,0
4.421440,0,0,0,0,0,0
4.422690,0,0,0,0,0,0
4.423915,0,0,0,0,0,0
4.425141,0,0,0,0,0,0
4.426361,0,0,0,0,0,0
4.427580,0,0,0,0,0,0
4.428975,0,0,0,0,0,0
4.430321,0,0,0,0,0,0
4.431986,0,0,0,0,0,0
4.433401,0,0,0,0,0,0
4.434951,0,0,0,0,0,0
4.436647,0,0,0,0,0,0
4.438124,0,0,0,0,0,0
4.439416,0,0,0,0,0,0
4.440784,0,0,0,0,0,0
4.442053,0,0,0,0,0,0
4.443410,0,0,0,0,0,0
4.444757,0,0,0,0,0,0
4.446048,0,0,0,0,0,0
4.447332,0,0,0,0,0,0
4.448617,0,0,0,0,0,0
4.449905,0,0,0,0,0,0
4.451189,0,0,0,0,0,0
4.452520,0,0,0,0,0,0
4.453869,0,0,0,0,0,0
4.455152,0,0,0,0,0,0
4.456434,0,0,0,0,0,0
4.457720,0,0,0,0,0,0
4.459004,0,0,0,0,0,0
4.460333,0,0,0,0,0,0
4.461617,0,0,0,0,0,0
4.462982,0,0,0,0,0,0
4.464265,0,0,0,0,0,0
4.465788,0,0,0,0,0,0
4.469033,0,0,0,0,0,0
4.470469,0,0,0,0,0,0
4.471833,0,0,0,0,0,0
4.473179,0,0,0,0,0,0
4.474480,0,0,0,0,0,0
4.475936,0,0,0,0,0,0
4.477206,0,0,0,0,0,0
4.478470,0,0,0,0,0,0
4.479738,0,0,0,0,0,0
4.481025,0,0,0,0,0,0
4.482292,0,0,0,0,0,0
4.483564,0,0,0,0,0,0
4.484822,0,0,0,0,0,0
4.486071,0,0,0,0,0,0
4.487311,0,0,0,0,0,0
4.488548,0,0,0,0,0,0
4.489854,0,0,0,0,0,0
4.491206,0,0,0,0,0,0
4.492483,0,0,0,0,0,0
4.493855,0,0,0,0,0,0
4.495116,0,0,0,0,0,0
4.496376,0,0,0,0,0,0
4.497636,0,0,0,0,0,0
4.498949,0,0,0,0,0,0
4.500245,0,0,0,0,0,0
4.501540,0,0,0,0,0,0
4.503038,0,0,0,0,0,0
4.504393,0,0,0,0,0,0
4.505697,0,0,0,0,0,0
4.507065,0,0,0,0,0,0
4.508411,0,0,0,0,0,0
4.510015,0,0,0,0,0,0
4.511421,0,0,0,0,0,0
4.512598,0,0,0,0,0,0
4.513900,0,0,0,0,0,0
4.515211,0,0,0,0,0,0
4.516640,0,0,0,0,0,0
4.517973,0,0,0,0,0,0
4.519337,0,0,0,0,0,0
4.520651,0,0,0,0,0,0
4.521987,0,0,0,0,0,0
4.523315,0,0,0,0,0,0
4.524452,0,0,0,0,0,0
4.525744,0,0,0,0,0,0
4.527038,0,0,0,0,0,0
4.528335,0,0,0,0,0,0
4.529742,0,0,0,0,0,0
4.531079,0,0,0,0,0,0
4.532486,0,0,0,0,0,0
4.533779,0,0,0,0,0,0
4.535075,0,0,0,0,0,0
4.536528,0,0,0,0,0,0
4.537888,0,0,0,0,0,0
4.539182,0,0,0,0,0,0
4.540676,0,0,0,0,0,0
4.541957,0,0,0,0,0,0
4.543274,0,0,0,0,0,0
4.544562,0,0,0,0,0,0
4.545902,0,0,0,0,0,0
4.547183,0,0,0,0,0,0
4.548512,0,0,0,0,0,0
4.549927,0,0,0,0,0,0
4.551214,0,0,0,0,0,0
4.552499,0,0,0,0,0,0
4.553780,0,0,0,0,0,0
4.555060,0,0,0,0,0,0
4.556384,0,0,0,0,0,0
4.557665,0,0,0,0,0,0
4.558951,0,0,0,0,0,0
4.560236,0,0,0,0,0,0
4.561523,0,0,0,0,0,0
4.562807,0,0,0,0,0,0
4.568147,0,0,0,0,0,0
4.570404,0,0,0,0,0,0
4.571700,0,0,0,0,0,0
4.572997,0,0,0,0,0,0
4.574224,0,0,0,0,0,0
4.575448,0,0,0,0,0,0
4.576658,0,0,0,0,0,0
4.577878,0,0,0,0,0,0
4.579090,0,0,0,0,0,0
4.580325,0,0,0,0,0,0
4.581596,0,0,0,0,0,0
4.582839,0,0,0,0,0,0
4.584089,0,0,0,0,0,0
4.585329,0,0,0,0,0,0
4.586583,0,0,0,0,0,0
4.587826,0,0,0,0,0,0
4.589150,0,0,0,0,0,0
4.590429,0,0,0,0,0,0
4.591693,0,0,0,0,0,0
4.592957,0,0,0,0,0,0
4.594708,0,0,0,0,0,0
4.596009,0,0,0,0,0,0
4.597332,0,0,0,0,0,0
4.598632,0,0,0,0,0,0
4.599933,0,0,0,0,0,0
4.601301,0,0,0,0,0,0
4.602623,0,0,0,0,0,0
4.603973,0,0,0,0,0,0
4.605271,0,0,0,0,0,0
4.606561,0,0,0,0,0,0
4.607975,0,0,0,0,0,0
4.609268,0,0,0,0,0,0
4.610634,0,0,0,0,0,0
4.611775,0,0,0,0,0,0
4.613152,0,0,0,0,0,0
4.614532,0,0,0,0,0,0
4.615943,0,0,0,0,0,0
4.617263,0,0,0,0,0,0
4.618580,0,0,0,0,0,0
4.619942,0,0,0,0,0,0
4.621416,0,0,0,0,0,0
4.622769,0,0,0,0,0,0
4.624063,0,0,0,0,0,0
4.625546,0,0,0,0,0,0
4.626850,0,0,0,0,0,0
4.628309,0,0,0,0,0,0
4.629608,0,0,0,0,0,0
4.630987,0,0,0,0,0,0
4.632347,0,0,0,0,0,0
4.633650,0,0,0,0,0,0
4.634946,0,0,0,0,0,0
4.636292,0,0,0,0,0,0
4.637591,0,0,0,0,0,0
4.638888,0,0,0,0,0,0
4.640183,0,0,0,0,0,0
4.641657,0,0,0,0,0,0
4.642950,0,0,0,0,0,0
4.644287,0,0,0,0,0,0
4.645577,0,0,0,0,0,0
4.646865,0,0,0,0,0,0
4.648151,0,0,0,0,0,0
4.649440,0,0,0,0,0,0
4.650728,0,0,0,0,0,0
4.652060,0,0,0,0,0,0
4.653349,0,0,0,0,0,0
4.654906,0,0,0,0,0,0
4.656768,0,0,0,0,0,0
4.658134,0,0,0,0,0,0
4.659416,0,0,0,0,0,0
4.660902,0,0,0,0,0,0
4.662183,0,0,0,0,0,0
4.664870,0,0,0,0,0,0
4.666656,0,0,0,0,0,0
4.668009,0,0,0,0,0,0
4.669273,0,0,0,0,0,0
4.670526,0,0,0,0,0,0
4.671918,0,0,0,0,0,0
4.673255,0,0,0,0,0,0
4.674568,0,0,0,0,0,0
4.675963,0,0,0,0,0,0
4.677202,0,0,0,0,0,0
4.678530,0,0,0,0,0,0
4.679789,0,0,0,0,0,0
4.681043,0,0,0,0,0,0
4.682299,0,0,0,0,0,0
4.683553,0,0,0,0,0,0
4.684903,0,0,0,0,0,0
4.686170,0,0,0,0,0,0
4.687422,0,0,0,0,0,0
4.688665,0,0,0,0,0,0
4.689908,0,0,0,0,0,0
4.691149,0,0,0,0,0,0
4.692430,0,0,0,0,0,0
4.693893,0,0,0,0,0,0
4.695201,0,0,0,0,0,0
4.696479,0,0,0,0,0,0
4.697739,0,0,0,0,0,0
4.698999,0,0,0,0,0,0
4.700280,0,0,0,0,0,0
4.701621,0,0,0,0,0,0
4.702976,0,0,0,0,0,0
4.704293,0,0,0,0,0,0
4.705587,0,0,0,0,0,0
4.707037,0,0,0,0,0,0
4.708390,0,0,0,0,0,0
4.709693,0,0,0,0,0,0
4.710988,0,0,0,0,0,0
4.712284,0,0,0,0,0,0
4.713638,0,0,0,0,0,0
4.714999,0,0,0,0,0,0
4.716336,0,0,0,0,0,0
4.717647,0,0,0,0,0,0
4.719026,0,0,0,0,0,0
4.720422,0,0,0,0,0,0
4.721745,0,0,0,0,0,0
4.723055,0,0,0,0,0,0
4.724348,0,0,0,0,0,0
4.725738,0,0,0,0,0,0
4.727069,0,0,0,0,0,0
4.728370,0,0,0,0,0,0
4.729662,0,0,0,0,0,0
4.730987,0,0,0,0,0,0
4.732411,0,0,0,0,0,0
4.733706,0,0,0,0,0,0
4.735024,0,0,0,0,0,0
4.736316,0,0,0,0,0,0
4.737937,0,0,0,0,0,0
4.739236,0,0,0,0,0,0
4.740529,0,0,0,0,0,0
4.741889,0,0,0,0,0,0
4.743174,0,0,0,0,0,0
4.744462,0,0,0,0,0,0
4.745754,0,0,0,0,0,0
4.747039,0,0,0,0,0,0
4.748373,0,0,0,0,0,0
4.749661,0,0,0,0,0,0
4.750945,0,0,0,0,0,0
4.752230,0,0,0,0,0,0
4.753518,0,0,0,0,0,0
4.754803,0,0,0,0,0,0
4.756134,0,0,0,0,0,0
4.757422,0,0,0,0,0,0
4.758707,0,0,0,0,0,0
4.759991,0,0,0,0,0,0
4.761279,0,0,0,0,0,0
4.762564,0,0,0,0,0,0
4.767891,0,0,0,0,0,0
4.770147,0,0,0,0,0,0
4.771443,0,0,0,0,0,0
4.772750,0,0,0,0,0,0
4.773972,0,0,0,0,0,0
4.775230,0,0,0,0,0,0
4.776437,0,0,0,0,0,0
4.777695,0,0,0,0,0,0
4.778903,0,0,0,0,0,0
4.780188,0,0,0,0,0,0
4.781379,0,0,0,0,0,0
4.782615,0,0,0,0,0,0
4.783885,0,0,0,0,0,0
4.785129,0,0,0,0,0,0
4.786422,0,0,0,0,0,0
4.787792,0,0,0,0,0,0
4.789050,0,0,0,0,0,0
4.790314,0,0,0,0,0,0
4.791706,0,0,0,0,0,0
4.792976,0,0,0,0,0,0
4.794237,0,0,0,0,0,0
4.795715,0,0,0,0,0,0
4.797054,0,0,0,0,0,0
4.798350,0,0,0,0,0,0
4.799645,0,0,0,0,0,0
4.801119,0,0,0,0,0,0
4.802413,0,0,0,0,0,0
4.803710,0,0,0,0,0,0
4.805058,0,0,0,0,0,0
4.806549,0,0,0,0,0,0
4.807898,0,0,0,0,0,0
4.809192,0,0,0,0,0,0
4.810485,0,0,0,0,0,0
4.811778,0,0,0,0,0,0
4.813255,0,0,0,0,0,0
4.814553,0,0,0,0,0,0
4.815846,0,0,0,0,0,0
4.817203,0,0,0,0,0,0
4.818496,0,0,0,0,0,0
4.819792,0,0,0,0,0,0
4.821139,0,0,0,0,0,0
4.822435,0,0,0,0,0,0
4.823729,0,0,0,0,0,0
4.825026,0,0,0,0,0,0
4.826504,0,0,0,0,0,0
4.827910,0,0,0,0,0,0
4.829205,0,0,0,0,0,0
4.830500,0,0,0,0,0,0
4.831904,0,0,0,0,0,0
4.833233,0,0,0,0,0,0
4.834522,0,0,0,0,0,0
4.835819,0,0,0,0,0,0
4.837115,0,0,0,0,0,0
4.838587,0,0,0,0,0,0
4.839947,0,0,0,0,0,0
4.841519,0,0,0,0,0,0
4.842805,0,0,0,0,0,0
4.844132,0,0,0,0,0,0
4.845412,0,0,0,0,0,0
4.846735,0,0,0,0,0,0
4.848016,0,0,0,0,0,0
4.849300,0,0,0,0,0,0
4.850968,0,0,0,0,0,0
4.852367,0,0,0,0,0,0
4.853696,0,0,0,0,0,0
4.855208,0,0,0,0,0,0
4.856544,0,0,0,0,0,0
4.857964,0,0,0,0,0,0
4.859253,0,0,0,0,0,0
4.860790,0,0,0,0,0,0
4.862128,0,0,0,0,0,0
4.863612,0,0,0,0,0,0
4.866507,0,0,0,0,0,0
4.868175,0,0,0,0,0,0
4.869747,0,0,0,0,0,0
4.871776,0,0,0,0,0,0
4.873701,0,0,0,0,0,0
4.875077,0,0,0,0,0,0
4.876484,0,0,0,0,0,0
4.877941,0,0,0,0,0,0
4.879328,0,0,0,0,0,0
4.880688,0,0,0,0,0,0
4.881913,0,0,0,0,0,0
4.883316,0,0,0,0,0,0
4.884642,0,0,0,0,0,0
4.886093,0,0,0,0,0,0
4.887361,0,0,0,0,0,0
4.888630,0,0,0,0,0,0
4.891006,0,0,0,0,0,0
4.892820,0,0,0,0,0,0
4.894240,0,0,0,0,0,0
4.895465,0,0,0,0,0,0
4.896680,0,0,0,0,0,0
4.897897,0,0,0,0,0,0
4.899109,0,0,0,0,0,0
4.900335,0,0,0,0,0,0
4.901802,0,0,0,0,0,0
4.903183,0,0,0,0,0,0
4.904482,0,0,0,0,0,0
4.905862,0,0,0,0,0,0
4.907209,0,0,0,0,0,0
4.908876,0,0,0,0,0,0
4.910235,0,0,0,0,0,0
4.911592,0,0,0,0,0,0
4.912893,0,0,0,0,0,0
4.914201,0,0,0,0,0,0
4.915706,0,0,0,0,0,0
4.917111,0,0,0,0,0,0
4.918401,0,0,0,0,0,0
4.919762,0,0,0,0,0,0
4.921118,0,0,0,0,0,0
4.922415,0,0,0,0,0,0
4.923708,0,0,0,0,0,0
4.925053,0,0,0,0,0,0
4.926597,0,0,0,0,0,0
4.927887,0,0,0,0,0,0
4.929176,0,0,0,0,0,0
4.930467,0,0,0,0,0,0
4.931984,0,0,0,0,0,0
4.933453,0,0,0,0,0,0
4.934807,0,0,0,0,0,0
4.936097,0,0,0,0,0,0
4.937384,0,0,0,0,0,0
4.938675,0,0,0,0,0,0
4.940011,0,0,0,0,0,0
4.941540,0,0,0,0,0,0
4.942835,0,0,0,0,0,0
4.944122,0,0,0,0,0,0
4.945413,0,0,0,0,0,0
4.946699,0,0,0,0,0,0
4.948034,0,0,0,0,0,0
4.949321,0,0,0,0,0,0
4.950601,0,0,0,0,0,0
4.951881,0,0,0,0,0,0
4.953163,0,0,0,0,0,0
4.954636,0,0,0,0,0,0
4.956217,0,0,0,0,0,0
4.957562,0,0,0,0,0,0
4.958857,0,0,0,0,0,0
4.960147,0,0,0,0,0,0
4.961439,0,0,0,0,0,0
4.962726,0,0,0,0,0,0
4.964136,0,0,0,0,0,0
4.968823,0,0,0,0,0,0
4.970326,0,0,0,0,0,0
4.971826,0,0,0,0,0,0
4.973244,0,0,0,0,0,0
4.974530,0,0,0,0,0,0
4.975847,0,0,0,0,0,0
4.977092,0,0,0,0,0,0
4.978352,0,0,0,0,0,0
4.979565,0,0,0,0,0,0
4.980816,0,0,0,0,0,0
4.982090,0,0,0,0,0,0
4.983356,0,0,0,0,0,0
4.984627,0,0,0,0,0,0
4.985881,0,0,0,0,0,0
4.987137,0,0,0,0,0,0
4.988380,0,0,0,0,0,0
4.989656,0,0,0,0,0,0
4.991032,0,0,0,0,0,0
4.992318,0,0,0,0,0,0
4.993612,0,0,0,0,0,0
4.994854,0,0,0,0,0,0
4.996145,0,0,0,0,0,0
4.997444,0,0,0,0,0,0
4.998740,0,0,0,0,0,0
5.000232,0,0,0,0,0,0
5.001533,0,0,0,0,0,0
5.002828,0,0,0,0,0,0
5.004242,0,0,0,0,0,0
5.005617,0,0,0,0,0,0
5.007115,0,0,0,0,0,0
5.008409,0,0,0,0,0,0
5.009704,0,0,0,0,0,0
5.011081,0,0,0,0,0,0
5.012584,0,0,0,0,0,0
5.013888,0,0,0,0,0,0
5.015182,0,0,0,0,0,0
5.016670,0,0,0,0,0,0
5.018254,0,0,0,0,0,0
5.019622,0,0,0,0,0,0
5.021102,0,0,0,0,0,0
5.022511,0,0,0,0,0,0
5.023808,0,0,0,0,0,0
5.025109,0,0,0,0,0,0
5.026405,0,0,0,0,0,0
5.028009,0,0,0,0,0,0
5.029375,0,0,0,0,0,0
5.030672,0,0,0,0,0,0
5.032074,0,0,0,0,0,0
5.033427,0,0,0,0,0,0
5.034718,0,0,0,0,0,0
5.036055,0,0,0,0,0,0
5.037349,0,0,0,0,0,0
5.038644,0,0,0,0,0,0
5.039941,0,0,0,0,0,0
5.041238,0,0,0,0,0,0
5.042534,0,0,0,0,0,0
5.043825,0,0,0,0,0,0
5.045115,0,0,0,0,0,0
5.046402,0,0,0,0,0,0
5.047690,0,0,0,0,0,0
5.048980,0,0,0,0,0,0
5.050267,0,0,0,0,0,0
5.051553,0,0,0,0,0,0
5.052889,0,0,0,0,0,0
5.054166,0,0,0,0,0,0
5.055446,0,0,0,0,0,0
5.056808,0,0,0,0,0,0
5.058126,0,0,0,0,0,0
5.059410,0,0,0,0,0,0
5.060745,0,0,0,0,0,0
5.062031,0,0,0,0,0,0
5.063315,0,0,0,0,0,0
5.064642,0,0,0,0,0,0
5.066206,0,0,0,0,0,0
5.068848,0,0,0,0,0,0
5.070406,0,0,0,0,0,0
5.071666,0,0,0,0,0,0
5.072920,0,0,0,0,0,0
5.074165,0,0,0,0,0,0
5.075412,0,0,0,0,0,0
5.076644,0,0,0,0,0,0
5.077852,0,0,0,0,0,0
5.079066,0,0,0,0,0,0
5.080275,0,0,0,0,0,0
5.081512,0,0,0,0,0,0
5.082720,0,0,0,0,0,0
5.083926,0,0,0,0,0,0
5.085114,0,0,0,0,0,0
5.086389,0,0,0,0,0,0
5.087638,0,0,0,0,0,0
5.088992,0,0,0,0,0,0
5.090392,0,0,0,0,0,0
5.091632,0,0,0,0,0,0
5.092882,0,0,0,0,0,0
5.094140,0,0,0,0,0,0
5.095401,0,0,0,0,0,0
5.096954,0,0,0,0,0,0
5.098256,0,0,0,0,0,0
5.099517,0,0,0,0,0,0
5.100793,0,0,0,0,0,0
5.102143,0,0,0,0,0,0
5.103495,0,0,0,0,0,0
5.104797,0,0,0,0,0,0
5.106089,0,0,0,0,0,0
5.107381,0,0,0,0,0,0
5.108942,0,0,0,0,0,0
5.110254,0,0,0,0,0,0
5.111549,0,0,0,0,0,0
5.112843,0,0,0,0,0,0
5.114352,0,0,0,0,0,0
5.115715,0,0,0,0,0,0
5.117076,0,0,0,0,0,0
5.118373,0,0,0,0,0,0
5.119662,0,0,0,0,0,0
5.121115,0,0,0,0,0,0
5.122406,0,0,0,0,0,0
5.123702,0,0,0,0,0,0
5.125050,0,0,0,0,0,0
5.126542,0,0,0,0,0,0
5.127833,0,0,0,0,0,0
5.129133,0,0,0,0,0,0
5.130433,0,0,0,0,0,0
5.131727,0,0,0,0,0,0
5.133190,0,0,0,0,0,0
5.134499,0,0,0,0,0,0
5.135789,0,0,0,0,0,0
5.137083,0,0,0,0,0,0
5.138376,0,0,0,0,0,0
5.139918,0,0,0,0,0,0
5.141293,0,0,0,0,0,0
5.142862,0,0,0,0,0,0
5.144155,0,0,0,0,0,0
5.145656,0,0,0,0,0,0
5.147066,0,0,0,0,0,0
5.148401,0,0,0,0,0,0
5.149690,0,0,0,0,0,0
5.150976,0,0,0,0,0,0
5.152448,0,0,0,0,0,0
5.153783,0,0,0,0,0,0
5.155263,0,0,0,0,0,0
5.156604,0,0,0,0,0,0
5.158080,0,0,0,0,0,0
5.159474,0,0,0,0,0,0
5.160878,0,0,0,0,0,0
5.162170,0,0,0,0,0,0
5.163456,0,0,0,0,0,0
5.168688,0,0,0,0,0,0
5.170773,0,0,0,0,0,0
5.172230,0,0,0,0,0,0
5.173539,0,0,0,0,0,0
5.174810,0,0,0,0,0,0
5.176069,0,0,0,0,0,0
5.177363,0,0,0,0,0,0
5.178609,0,0,0,0,0,0
5.179942,0,0,0,0,0,0
5.181210,0,0,0,0,0,0
5.182504,0,0,0,0,0,0
5.183756,0,0,0,0,0,0
5.185017,0,0,0,0,0,0
5.186292,0,0,0,0,0,0
5.187534,0,0,0,0,0,0
5.188779,0,0,0,0,0,0
5.190019,0,0,0,0,0,0
5.191272,0,0,0,0,0,0
5.192517,0,0,0,0,0,0
5.193845,0,0,0,0,0,0
5.195131,0,0,0,0,0,0
5.196499,0,0,0,0,0,0
5.198045,0,0,0,0,0,0
5.199525,0,0,0,0,0,0
5.200822,0,0,0,0,0,0
5.202112,0,0,0,0,0,0
5.203401,0,0,0,0,0,0
5.204969,0,0,0,0,0,0
5.206346,0,0,0,0,0,0
5.207809,0,0,0,0,0,0
5.209212,0,0,0,0,0,0
5.210582,0,0,0,0,0,0
5.211930,0,0,0,0,0,0
5.213222,0,0,0,0,0,0
5.214515,0,0,0,0,0,0
5.215908,0,0,0,0,0,0
5.217312,0,0,0,0,0,0
5.218658,0,0,0,0,0,0
5.220068,0,0,0,0,0,0
5.221584,0,0,0,0,0,0
5.222881,0,0,0,0,0,0
5.224178,0,0,0,0,0,0
5.225461,0,0,0,0,0,0
5.226856,0,0,0,0,0,0
5.228385,0,0,0,0,0,0
5.229685,0,0,0,0,0,0
5.230980,0,0,0,0,0,0
5.232448,0,0,0,0,0,0
5.233817,0,0,0,0,0,0
5.235110,0,0,0,0,0,0
5.236408,0,0,0,0,0,0
5.237707,0,0,0,0,0,0
5.239077,0,0,0,0,0,0
5.240369,0,0,0,0,0,0
5.241666,0,0,0,0,0,0
5.242958,0,0,0,0,0,0
5.244294,0,0,0,0,0,0
5.245585,0,0,0,0,0,0
5.246872,0,0,0,0,0,0
5.248159,0,0,0,0,0,0
5.249448,0,0,0,0,0,0
5.250733,0,0,0,0,0,0
5.252067,0,0,0,0,0,0
5.253357,0,0,0,0,0,0
5.254642,0,0,0,0,0,0
5.255928,0,0,0,0,0,0
5.257216,0,0,0,0,0,0
5.258502,0,0,0,0,0,0
5.259787,0,0,0,0,0,0
5.261129,0,0,0,0,0,0
5.262408,0,0,0,0,0,0
5.263688,0,0,0,0,0,0
5.265246,0,0,0,0,0,0
5.266769,0,0,0,0,0,0
5.268303,0,0,0,0,0,0
5.269626,0,0,0,0,0,0
5.271370,0,0,0,0,0,0
5.272933,0,0,0,0,0,0
5.274416,0,0,0,0,0,0
5.275732,0,0,0,0,0,0
5.277254,0,0,0,0,0,0
5.278648,0,0,0,0,0,0
5.279964,0,0,0,0,0,0
5.281256,0,0,0,0,0,0
5.282549,0,0,0,0,0,0
5.283944,0,0,0,0,0,0
5.285209,0,0,0,0,0,0
5.286470,0,0,0,0,0,0
5.288778,0,0,0,0,0,0
5.290464,0,0,0,0,0,0
5.291776,0,0,0,0,0,0
5.293035,0,0,0,0,0,0
5.294243,0,0,0,0,0,0
5.295437,0,0,0,0,0,0
5.296628,0,0,0,0,0,0
5.297821,0,0,0,0,0,0
5.299010,0,0,0,0,0,0
5.300239,0,0,0,0,0,0
5.301533,0,0,0,0,0,0
5.302823,0,0,0,0,0,0
5.304112,0,0,0,0,0,0
5.305489,0,0,0,0,0,0
5.306831,0,0,0,0,0,0
5.308329,0,0,0,0,0,0
5.309621,0,0,0,0,0,0
5.310916,0,0,0,0,0,0
5.312212,0,0,0,0,0,0
5.313647,0,0,0,0,0,0
5.315157,0,0,0,0,0,0
5.316455,0,0,0,0,0,0
5.317745,0,0,0,0,0,0
5.319237,0,0,0,0,0,0
5.320526,0,0,0,0,0,0
5.322184,0,0,0,0,0,0
5.323613,0,0,0,0,0,0
5.325050,0,0,0,0,0,0
5.326352,0,0,0,0,0,0
5.327864,0,0,0,0,0,0
5.329212,0,0,0,0,0,0
5.330509,0,0,0,0,0,0
5.332094,0,0,0,0,0,0
5.333389,0,0,0,0,0,0
5.334684,0,0,0,0,0,0
5.336125,0,0,0,0,0,0
5.337426,0,0,0,0,0,0
5.338878,0,0,0,0,0,0
5.340225,0,0,0,0,0,0
5.341522,0,0,0,0,0,0
5.342812,0,0,0,0,0,0
5.344096,0,0,0,0,0,0
5.345384,0,0,0,0,0,0
5.346669,0,0,0,0,0,0
5.348000,0,0,0,0,0,0
5.349289,0,0,0,0,0,0
5.350573,0,0,0,0,0,0
5.351858,0,0,0,0,0,0
5.353144,0,0,0,0,0,0
5.354422,0,0,0,0,0,0
5.355699,0,0,0,0,0,0
5.357141,0,0,0,0,0,0
5.358669,0,0,0,0,0,0
5.360005,0,0,0,0,0,0
5.361560,0,0,0,0,0,0
5.365245,0,0,0,0,0,0
5.366783,0,0,0,0,0,0
5.368333,0,0,0,0,0,0
5.369737,0,0,0,0,0,0
5.371095,0,0,0,0,0,0
5.372497,0,0,0,0,0,0
5.373605,0,0,0,0,0,0
5.374948,0,0,0,0,0,0
5.376207,0,0,0,0,0,0
5.377464,0,0,0,0,0,0
5.378724,0,0,0,0,0,0
5.380164,0,0,0,0,0,0
5.381403,0,0,0,0,0,0
5.382637,0,0,0,0,0,0
5.383879,0,0,0,0,0,0
5.385115,0,0,0,0,0,0
5.386479,0,0,0,0,0,0
5.387716,0,0,0,0,0,0
5.389005,0,0,0,0,0,0
5.390133,0,0,0,0,0,0
5.391495,0,0,0,0,0,0
5.392756,0,0,0,0,0,0
5.394016,0,0,0,0,0,0
5.395276,0,0,0,0,0,0
5.396546,0,0,0,0,0,0
5.397940,0,0,0,0,0,0
5.399233,0,0,0,0,0,0
5.400524,0,0,0,0,0,0
5.401868,0,0,0,0,0,0
5.403159,0,0,0,0,0,0
5.404450,0,0,0,0,0,0
5.405804,0,0,0,0,0,0
5.407093,0,0,0,0,0,0
5.408383,0,0,0,0,0,0
5.409678,0,0,0,0,0,0
5.410970,0,0,0,0,0,0
5.412402,0,0,0,0,0,0
5.413928,0,0,0,0,0,0
5.415232,0,0,0,0,0,0
5.416527,0,0,0,0,0,0
5.417880,0,0,0,0,0,0
5.419174,0,0,0,0,0,0
5.420470,0,0,0,0,0,0
5.421772,0,0,0,0,0,0
5.423068,0,0,0,0,0,0
5.424505,0,0,0,0,0,0
5.426048,0,0,0,0,0,0
5.427350,0,0,0,0,0,0
5.428760,0,0,0,0,0,0
5.430135,0,0,0,0,0,0
5.431607,0,0,0,0,0,0
5.432970,0,0,0,0,0,0
5.434267,0,0,0,0,0,0
5.435561,0,0,0,0,0,0
5.436952,0,0,0,0,0,0
5.438593,0,0,0,0,0,0
5.440175,0,0,0,0,0,0
5.441470,0,0,0,0,0,0
5.442752,0,0,0,0,0,0
5.444079,0,0,0,0,0,0
5.445363,0,0,0,0,0,0
5.446762,0,0,0,0,0,0
5.448046,0,0,0,0,0,0
5.449332,0,0,0,0,0,0
5.450801,0,0,0,0,0,0
5.452197,0,0,0,0,0,0
5.453679,0,0,0,0,0,0
5.455016,0,0,0,0,0,0
5.456307,0,0,0,0,0,0
5.457598,0,0,0,0,0,0
5.458883,0,0,0,0,0,0
5.460227,0,0,0,0,0,0
5.464366,0,0,0,0,0,0
5.468887,0,0,0,0,0,0
5.470306,0,0,0,0,0,0
5.471531,0,0,0,0,0,0
5.472809,0,0,0,0,0,0
5.474022,0,0,0,0,0,0
5.475315,0,0,0,0,0,0
5.476523,0,0,0,0,0,0
5.477884,0,0,0,0,0,0
5.479095,0,0,0,0,0,0
5.480555,0,0,0,0,0,0
5.481964,0,0,0,0,0,0
5.483224,0,0,0,0,0,0
5.484535,0,0,0,0,0,0
5.485876,0,0,0,0,0,0
5.487139,0,0,0,0,0,0
5.488400,0,0,0,0,0,0
5.490041,0,0,0,0,0,0
5.491308,0,0,0,0,0,0
5.492582,0,0,0,0,0,0
5.493879,0,0,0,0,0,0
5.495292,0,0,0,0,0,0
5.496803,0,0,0,0,0,0
5.498404,0,0,0,0,0,0
5.499733,0,0,0,0,0,0
5.501137,0,0,0,0,0,0
5.502485,0,0,0,0,0,0
5.503780,0,0,0,0,0,0
5.505148,0,0,0,0,0,0
5.506605,0,0,0,0,0,0
5.507954,0,0,0,0,0,0
5.509249,0,0,0,0,0,0
5.510865,0,0,0,0,0,0
5.512167,0,0,0,0,0,0
5.513459,0,0,0,0,0,0
5.514752,0,0,0,0,0,0
5.516166,0,0,0,0,0,0
5.517464,0,0,0,0,0,0
5.518760,0,0,0,0,0,0
5.520055,0,0,0,0,0,0
5.521350,0,0,0,0,0,0
5.522858,0,0,0,0,0,0
5.524232,0,0,0,0,0,0
5.525531,0,0,0,0,0,0
5.526825,0,0,0,0,0,0
5.528263,0,0,0,0,0,0
5.529784,0,0,0,0,0,0
5.531086,0,0,0,0,0,0
5.532430,0,0,0,0,0,0
5.534012,0,0,0,0,0,0
5.535307,0,0,0,0,0,0
5.536793,0,0,0,0,0,0
5.538269,0,0,0,0,0,0
5.539623,0,0,0,0,0,0
5.540962,0,0,0,0,0,0
5.542249,0,0,0,0,0,0
5.543535,0,0,0,0,0,0
5.544824,0,0,0,0,0,0
5.546103,0,0,0,0,0,0
5.547382,0,0,0,0,0,0
5.548904,0,0,0,0,0,0
5.556859,0,0,0,0,0,0
5.558243,0,0,0,0,0,0
5.559565,0,0,0,0,0,0
5.561197,0,0,0,0,0,0
5.562450,0,0,0,0,0,0
5.563725,0,0,0,0,0,0
5.565028,0,0,0,0,0,0
5.566265,0,0,0,0,0,0
5.567467,0,0,0,0,0,0
5.568821,0,0,0,0,0,0
5.570132,0,0,0,0,0,0
5.571387,0,0,0,0,0,0
5.572623,0,0,0,0,0,0
5.573860,0,0,0,0,0,0
5.575090,0,0,0,0,0,0
5.576315,0,0,0,0,0,0
5.577557,0,0,0,0,0,0
5.578806,0,0,0,0,0,0
5.580037,0,0,0,0,0,0
5.581278,0,0,0,0,0,0
5.582517,0,0,0,0,0,0
5.583744,0,0,0,0,0,0
5.584971,0,0,0,0,0,0
5.586196,0,0,0,0,0,0
5.587422,0,0,0,0,0,0
5.588806,0,0,0,0,0,0
5.590443,0,0,0,0,0,0
5.592056,0,0,0,0,0,0
5.593337,0,0,0,0,0,0
5.594593,0,0,0,0,0,0
5.595821,0,0,0,0,0,0
5.597047,0,0,0,0,0,0
5.598273,0,0,0,0,0,0
5.599499,0,0,0,0,0,0
5.600730,0,0,0,0,0,0
5.601957,0,0,0,0,0,0
5.603207,0,0,0,0,0,0
5.604474,0,0,0,0,0,0
5.605703,0,0,0,0,0,0
5.606928,0,0,0,0,0,0
5.608156,0,0,0,0,0,0
5.609382,0,0,0,0,0,0
5.610610,0,0,0,0,0,0
5.611865,0,0,0,0,0,0
5.613093,0,0,0,0,0,0
5.614316,0,0,0,0,0,0
5.615543,0,0,0,0,0,0
5.616884,0,0,0,0,0,0
5.618109,0,0,0,0,0,0
5.619334,0,0,0,0,0,0
5.620556,0,0,0,0,0,0
5.621877,0,0,0,0,0,0
5.623157,0,0,0,0,0,0
5.624379,0,0,0,0,0,0
5.625599,0,0,0,0,0,0
5.626824,0,0,0,0,0,0
5.628045,0,0,0,0,0,0
5.629280,0,0,0,0,0,0
5.630512,0,0,0,0,0,0
5.631741,0,0,0,0,0,0
5.632967,0,0,0,0,0,0
5.634225,0,0,0,0,0,0
5.635480,0,0,0,0,0,0
5.636784,0,0,0,0,0,0
5.638004,0,0,0,0,0,0
5.639221,0,0,0,0,0,0
5.640439,0,0,0,0,0,0
5.641656,0,0,0,0,0,0
5.642873,0,0,0,0,0,0
5.644116,0,0,0,0,0,0
5.645329,0,0,0,0,0,0
5.646542,0,0,0,0,0,0
5.647754,0,0,0,0,0,0
5.648967,0,0,0,0,0,0
5.650182,0,0,0,0,0,0
5.651394,0,0,0,0,0,0
5.652631,0,0,0,0,0,0
5.653839,0,0,0,0,0,0
5.654937,0,0,0,0,0,0
5.656147,0,0,0,0,0,0
5.657358,0,0,0,0,0,0
5.660755,0,0,0,0,0,0
5.661944,0,0,0,0,0,0
5.663157,0,0,0,0,0,0
5.664319,0,0,0,0,0,0
5.665530,0,0,0,0,0,0
5.666688,0,0,0,0,0,0
5.667922,0,0,0,0,0,0
5.669091,0,0,0,0,0,0
5.670269,0,0,0,0,0,0
5.671442,0,0,0,0,0,0
5.672612,0,0,0,0,0,0
5.673783,0,0,0,0,0,0
5.674951,0,0,0,0,0,0
5.676154,0,0,0,0,0,0
5.677395,0,0,0,0,0,0
5.678668,0,0,0,0,0,0
5.679907,0,0,0,0,0,0
5.681147,0,0,0,0,0,0
5.682388,0,0,0,0,0,0
5.683626,0,0,0,0,0,0
5.684866,0,0,0,0,0,0
5.686107,0,0,0,0,0,0
5.687348,0,0,0,0,0,0
5.688588,0,0,0,0,0,0
5.689834,0,0,0,0,0,0
5.691075,0,0,0,0,0,0
5.692368,0,0,0,0,0,0
5.693605,0,0,0,0,0,0
5.694845,0,0,0,0,0,0
5.696083,0,0,0,0,0,0
5.697420,0,0,0,0,0,0
5.698660,0,0,0,0,0,0
5.699929,0,0,0,0,0,0
5.701240,0,0,0,0,0,0
5.702539,0,0,0,0,0,0
5.703908,0,0,0,0,0,0
5.705313,0,0,0,0,0,0
5.706666,0,0,0,0,0,0
5.708014,0,0,0,0,0,0
5.709446,0,0,0,0,0,0
5.711051,0,0,0,0,0,0
5.712366,0,0,0,0,0,0
5.713673,0,0,0,0,0,0
5.714980,0,0,0,0,0,0
5.716331,0,0,0,0,0,0
5.717631,0,0,0,0,0,0
5.718925,0,0,0,0,0,0
5.720222,0,0,0,0,0,0
5.721693,0,0,0,0,0,0
5.723070,0,0,0,0,0,0
5.724368,0,0,0,0,0,0
5.725667,0,0,0,0,0,0
5.727176,0,0,0,0,0,0
5.728500,0,0,0,0,0,0
5.729789,0,0,0,0,0,0
5.731123,0,0,0,0,0,0
5.732471,0,0,0,0,0,0
5.733765,0,0,0,0,0,0
5.735051,0,0,0,0,0,0
5.736331,0,0,0,0,0,0
5.737614,0,0,0,0,0,0
5.739002,0,0,0,0,0,0
5.740336,0,0,0,0,0,0
5.741622,0,0,0,0,0,0
5.742905,0,0,0,0,0,0
5.744186,0,0,0,0,0,0
5.745663,0,0,0,0,0,0
5.747007,0,0,0,0,0,0
5.748547,0,0,0,0,0,0
5.749893,0,0,0,0,0,0
5.751187,0,0,0,0,0,0
5.752476,0,0,0,0,0,0
5.753767,0,0,0,0,0,0
5.755053,0,0,0,0,0,0
5.760817,0,0,0,0,0,0
5.762847,0,0,0,0,0,0
5.764298,0,0,0,0,0,0
5.765606,0,0,0,0,0,0
5.766822,0,0,0,0,0,0
5.768079,0,0,0,0,0,0
5.769286,0,0,0,0,0,0
5.770521,0,0,0,0,0,0
5.771786,0,0,0,0,0,0
5.772987,0,0,0,0,0,0
5.774174,0,0,0,0,0,0
5.775410,0,0,0,0,0,0
5.776683,0,0,0,0,0,0
5.778219,0,0,0,0,0,0
5.779511,0,0,0,0,0,0
5.780754,0,0,0,0,0,0
5.781995,0,0,0,0,0,0
5.783233,0,0,0,0,0,0
5.784471,0,0,0,0,0,0
5.785711,0,0,0,0,0,0
5.787010,0,0,0,0,0,0
5.788478,0,0,0,0,0,0
5.789896,0,0,0,0,0,0
5.791195,0,0,0,0,0,0
5.792489,0,0,0,0,0,0
5.793783,0,0,0,0,0,0
5.795072,0,0,0,0,0,0
5.796361,0,0,0,0,0,0
5.797649,0,0,0,0,0,0
5.798969,0,0,0,0,0,0
5.800454,0,0,0,0,0,0
5.802012,0,0,0,0,0,0
5.803310,0,0,0,0,0,0
5.804695,0,0,0,0,0,0
5.806379,0,0,0,0,0,0
5.807678,0,0,0,0,0,0
5.809102,0,0,0,0,0,0
5.810601,0,0,0,0,0,0
5.812449,0,0,0,0,0,0
5.813753,0,0,0,0,0,0
5.815049,0,0,0,0,0,0
5.816342,0,0,0,0,0,0
5.817639,0,0,0,0,0,0
5.818973,0,0,0,0,0,0
5.820648,0,0,0,0,0,0
5.822410,0,0,0,0,0,0
5.823829,0,0,0,0,0,0
5.825118,0,0,0,0,0,0
5.826416,0,0,0,0,0,0
5.827709,0,0,0,0,0,0
5.829200,0,0,0,0,0,0
5.830495,0,0,0,0,0,0
5.832031,0,0,0,0,0,0
5.833379,0,0,0,0,0,0
5.834668,0,0,0,0,0,0
5.836001,0,0,0,0,0,0
5.837292,0,0,0,0,0,0
5.838577,0,0,0,0,0,0
5.839863,0,0,0,0,0,0
5.841152,0,0,0,0,0,0
5.842436,0,0,0,0,0,0
5.843720,0,0,0,0,0,0
5.845055,0,0,0,0,0,0
5.846348,0,0,0,0,0,0
5.847638,0,0,0,0,0,0
5.848929,0,0,0,0,0,0
5.850213,0,0,0,0,0,0
5.851498,0,0,0,0,0,0
5.852831,0,0,0,0,0,0
5.854111,0,0,0,0,0,0
5.855390,0,0,0,0,0,0
5.856856,0,0,0,0,0,0
5.860945,0,0,0,0,0,0
5.862474,0,0,0,0,0,0
5.863891,0,0,0,0,0,0
5.865253,0,0,0,0,0,0
5.866607,0,0,0,0,0,0
5.867973,0,0,0,0,0,0
5.869294,0,0,0,0,0,0
5.870566,0,0,0,0,0,0
5.871824,0,0,0,0,0,0
5.873090,0,0,0,0,0,0
5.874346,0,0,0,0,0,0
5.875613,0,0,0,0,0,0
5.876862,0,0,0,0,0,0
5.878122,0,0,0,0,0,0
5.879367,0,0,0,0,0,0
5.880642,0,0,0,0,0,0
5.881894,0,0,0,0,0,0
5.883138,0,0,0,0,0,0
5.884386,0,0,0,0,0,0
5.885761,0,0,0,0,0,0
5.887162,0,0,0,0,0,0
5.888466,0,0,0,0,0,0
5.889726,0,0,0,0,0,0
5.890987,0,0,0,0,0,0
5.892462,0,0,0,0,0,0
5.893756,0,0,0,0,0,0
5.895051,0,0,0,0,0,0
5.896341,0,0,0,0,0,0
5.897633,0,0,0,0,0,0
5.899378,0,0,0,0,0,0
5.900749,0,0,0,0,0,0
5.902046,0,0,0,0,0,0
5.903597,0,0,0,0,0,0
5.904892,0,0,0,0,0,0
5.906185,0,0,0,0,0,0
5.907477,0,0,0,0,0,0
5.908998,0,0,0,0,0,0
5.910465,0,0,0,0,0,0
5.911942,0,0,0,0,0,0
5.913332,0,0,0,0,0,0
5.914682,0,0,0,0,0,0
5.916029,0,0,0,0,0,0
5.917324,0,0,0,0,0,0
5.918620,0,0,0,0,0,0
5.920207,0,0,0,0,0,0
5.921561,0,0,0,0,0,0
5.922860,0,0,0,0,0,0
5.924360,0,0,0,0,0,0
5.925664,0,0,0,0,0,0
5.926964,0,0,0,0,0,0
5.928259,0,0,0,0,0,0
5.929573,0,0,0,0,0,0
5.930952,0,0,0,0,0,0
5.932247,0,0,0,0,0,0
5.933534,0,0,0,0,0,0
5.935087,0,0,0,0,0,0
5.936374,0,0,0,0,0,0
5.937659,0,0,0,0,0,0
5.938946,0,0,0,0,0,0
5.940281,0,0,0,0,0,0
5.941572,0,0,0,0,0,0
5.942856,0,0,0,0,0,0
5.944141,0,0,0,0,0,0
5.945430,0,0,0,0,0,0
5.946715,0,0,0,0,0,0
5.948046,0,0,0,0,0,0
5.949332,0,0,0,0,0,0
5.950617,0,0,0,0,0,0
5.951902,0,0,0,0,0,0
5.953189,0,0,0,0,0,0
5.954473,0,0,0,0,0,0
5.955757,0,0,0,0,0,0
5.960798,0,0,0,0,0,0
5.962182,0,0,0,0,0,0
5.965125,0,0,0,0,0,0
5.966530,0,0,0,0,0,0
5.967886,0,0,0,0,0,0
5.969201,0,0,0,0,0,0
5.970497,0,0,0,0,0,0
5.971819,0,0,0,0,0,0
5.973101,0,0,0,0,0,0
5.974308,0,0,0,0,0,0
5.975563,0,0,0,0,0,0
5.976805,0,0,0,0,0,0
5.977991,0,0,0,0,0,0
5.979280,0,0,0,0,0,0
5.980537,0,0,0,0,0,0
5.981795,0,0,0,0,0,0
5.983073,0,0,0,0,0,0
5.984320,0,0,0,0,0,0
5.985565,0,0,0,0,0,0
5.986808,0,0,0,0,0,0
5.988099,0,0,0,0,0,0
5.989392,0,0,0,0,0,0
5.990817,0,0,0,0,0,0
5.992304,0,0,0,0,0,0
5.993721,0,0,0,0,0,0
5.995237,0,0,0,0,0,0
5.996571,0,0,0,0,0,0
5.997869,0,0,0,0,0,0
5.999164,0,0,0,0,0,0
6.000457,0,0,0,0,0,0
6.001965,0,0,0,0,0,0
6.003266,0,0,0,0,0,0
6.004562,0,0,0,0,0,0
6.005915,0,0,0,0,0,0
6.007251,0,0,0,0,0,0
6.008759,0,0,0,0,0,0
6.010056,0,0,0,0,0,0
6.011348,0,0,0,0,0,0
6.012870,0,0,0,0,0,0
6.014325,0,0,0,0,0,0
6.015622,0,0,0,0,0,0
6.016919,0,0,0,0,0,0
6.018408,0,0,0,0,0,0
6.019735,0,0,0,0,0,0
6.021099,0,0,0,0,0,0
6.022396,0,0,0,0,0,0
6.023838,0,0,0,0,0,0
6.025548,0,0,0,0,0,0
6.026846,0,0,0,0,0,0
6.028343,0,0,0,0,0,0
6.029951,0,0,0,0,0,0
6.031262,0,0,0,0,0,0
6.032570,0,0,0,0,0,0
6.033874,0,0,0,0,0,0
6.035167,0,0,0,0,0,0
6.036500,0,0,0,0,0,0
6.037793,0,0,0,0,0,0
6.039155,0,0,0,0,0,0
6.040667,0,0,0,0,0,0
6.041963,0,0,0,0,0,0
6.043443,0,0,0,0,0,0
6.044791,0,0,0,0,0,0
6.046270,0,0,0,0,0,0
6.047607,0,0,0,0,0,0
6.048908,0,0,0,0,0,0
6.050199,0,0,0,0,0,0
6.051486,0,0,0,0,0,0
6.052835,0,0,0,0,0,0
6.054122,0,0,0,0,0,0
6.055408,0,0,0,0,0,0
6.057178,0,0,0,0,0,0
6.058986,0,0,0,0,0,0
6.060409,0,0,0,0,0,0
6.061904,0,0,0,0,0,0
6.063290,0,0,0,0,0,0
6.064629,0,0,0,0,0,0
6.066155,0,0,0,0,0,0
6.067466,0,0,0,0,0,0
6.068838,0,0,0,0,0,0
6.070215,0,0,0,0,0,0
6.071567,0,0,0,0,0,0
6.072877,0,0,0,0,0,0
6.074137,0,0,0,0,0,0
6.075544,0,0,0,0,0,0
6.076818,0,0,0,0,0,0
6.078210,0,0,0,0,0,0
6.079496,0,0,0,0,0,0
6.080764,0,0,0,0,0,0
6.082066,0,0,0,0,0,0
6.083336,0,0,0,0,0,0
6.084747,0,0,0,0,0,0
6.086022,0,0,0,0,0,0
6.087285,0,0,0,0,0,0
6.088545,0,0,0,0,0,0
6.089846,0,0,0,0,0,0
6.091262,0,0,0,0,0,0
6.092681,0,0,0,0,0,0
6.094475,0,0,0,0,0,0
6.095981,0,0,0,0,0,0
6.097715,0,0,0,0,0,0
6.099280,0,0,0,0,0,0
6.100596,0,0,0,0,0,0
6.101893,0,0,0,0,0,0
6.103302,0,0,0,0,0,0
6.104925,0,0,0,0,0,0
6.106279,0,0,0,0,0,0
6.107576,0,0,0,0,0,0
6.108967,0,0,0,0,0,0
6.110557,0,0,0,0,0,0
6.112161,0,0,0,0,0,0
6.113670,0,0,0,0,0,0
6.114974,0,0,0,0,0,0
6.116318,0,0,0,0,0,0
6.117791,0,0,0,0,0,0
6.119265,0,0,0,0,0,0
6.120622,0,0,0,0,0,0
6.122099,0,0,0,0,0,0
6.123570,0,0,0,0,0,0
6.124927,0,0,0,0,0,0
6.126216,0,0,0,0,0,0
6.127507,0,0,0,0,0,0
6.128913,0,0,0,0,0,0
6.130217,0,0,0,0,0,0
6.131512,0,0,0,0,0,0
6.133073,0,0,0,0,0,0
6.134547,0,0,0,0,0,0
6.135843,0,0,0,0,0,0
6.137134,0,0,0,0,0,0
6.138420,0,0,0,0,0,0
6.139706,0,0,0,0,0,0
6.141046,0,0,0,0,0,0
6.142332,0,0,0,0,0,0
6.143687,0,0,0,0,0,0
6.145023,0,0,0,0,0,0
6.146312,0,0,0,0,0,0
6.147598,0,0,0,0,0,0
6.148889,0,0,0,0,0,0
6.150176,0,0,0,0,0,0
6.151462,0,0,0,0,0,0
6.152748,0,0,0,0,0,0
6.154027,0,0,0,0,0,0
6.155316,0,0,0,0,0,0
6.157016,0,0,0,0,0,0
6.158409,0,0,0,0,0,0
6.159763,0,0,0,0,0,0
6.161503,0,0,0,0,0,0
6.162893,0,0,0,0,0,0
6.165026,0,0,0,0,0,0
6.166447,0,0,0,0,0,0
6.167675,0,0,0,0,0,0
6.168980,0,0,0,0,0,0
6.170261,0,0,0,0,0,0
6.171472,0,0,0,0,0,0
6.172724,0,0,0,0,0,0
6.174014,0,0,0,0,0,0
6.175280,0,0,0,0,0,0
6.176542,0,0,0,0,0,0
6.177863,0,0,0,0,0,0
6.179113,0,0,0,0,0,0
6.180380,0,0,0,0,0,0
6.181618,0,0,0,0,0,0
6.182948,0,0,0,0,0,0
6.184188,0,0,0,0,0,0
6.185427,0,0,0,0,0,0
6.186682,0,0,0,0,0,0
6.187971,0,0,0,0,0,0
6.189353,0,0,0,0,0,0
6.190880,0,0,0,0,0,0
6.192187,0,0,0,0,0,0
6.193483,0,0,0,0,0,0
6.194997,0,0,0,0,0,0
6.196506,0,0,0,0,0,0
6.197888,0,0,0,0,0,0
6.199182,0,0,0,0,0,0
6.200476,0,0,0,0,0,0
6.201971,0,0,0,0,0,0
6.203274,0,0,0,0,0,0
6.204566,0,0,0,0,0,0
6.205861,0,0,0,0,0,0
6.207152,0,0,0,0,0,0
6.208531,0,0,0,0,0,0
6.209950,0,0,0,0,0,0
6.211241,0,0,0,0,0,0
6.212602,0,0,0,0,0,0
6.214150,0,0,0,0,0,0
6.215454,0,0,0,0,0,0
6.216750,0,0,0,0,0,0
6.218142,0,0,0,0,0,0
6.219748,0,0,0,0,0,0
6.221086,0,0,0,0,0,0
6.222381,0,0,0,0,0,0
6.223674,0,0,0,0,0,0
6.225078,0,0,0,0,0,0
6.226443,0,0,0,0,0,0
6.227735,0,0,0,0,0,0
6.229079,0,0,0,0,0,0
6.230373,0,0,0,0,0,0
6.231705,0,0,0,0,0,0
6.233000,0,0,0,0,0,0
6.234298,0,0,0,0,0,0
6.235591,0,0,0,0,0,0
6.236926,0,0,0,0,0,0
6.238270,0,0,0,0,0,0
6.239557,0,0,0,0,0,0
6.240844,0,0,0,0,0,0
6.242129,0,0,0,0,0,0
6.243415,0,0,0,0,0,0
6.244797,0,0,0,0,0,0
6.246120,0,0,0,0,0,0
6.247405,0,0,0,0,0,0
6.248882,0,0,0,0,0,0
6.250213,0,0,0,0,0,0
6.251500,0,0,0,0,0,0
6.252933,0,0,0,0,0,0
6.254229,0,0,0,0,0,0
6.255517,0,0,0,0,0,0
6.260947,0,0,0,0,0,0
6.262344,0,0,0,0,0,0
6.263700,0,0,0,0,0,0
6.264994,0,0,0,0,0,0
6.266294,0,0,0,0,0,0
6.267537,0,0,0,0,0,0
6.269015,0,0,0,0,0,0
6.270332,0,0,0,0,0,0
6.271605,0,0,0,0,0,0
6.272975,0,0,0,0,0,0
6.274233,0,0,0,0,0,0
6.275491,0,0,0,0,0,0
6.276784,0,0,0,0,0,0
6.278088,0,0,0,0,0,0
6.279357,0,0,0,0,0,0
6.280770,0,0,0,0,0,0
6.282041,0,0,0,0,0,0
6.283304,0,0,0,0,0,0
6.284568,0,0,0,0,0,0
6.285906,0,0,0,0,0,0
6.287307,0,0,0,0,0,0
6.288655,0,0,0,0,0,0
6.289957,0,0,0,0,0,0
6.291219,0,0,0,0,0,0
6.292536,0,0,0,0,0,0
6.293900,0,0,0,0,0,0
6.295193,0,0,0,0,0,0
6.296490,0,0,0,0,0,0
6.297784,0,0,0,0,0,0
6.299080,0,0,0,0,0,0
6.300545,0,0,0,0,0,0
6.302094,0,0,0,0,0,0
6.303246,0,0,0,0,0,0
6.304538,0,0,0,0,0,0
6.306091,0,0,0,0,0,0
6.307393,0,0,0,0,0,0
6.308684,0,0,0,0,0,0
6.310013,0,0,0,0,0,0
6.311302,0,0,0,0,0,0
6.312926,0,0,0,0,0,0
6.314275,0,0,0,0,0,0
6.316178,0,0,0,0,0,0
6.317478,0,0,0,0,0,0
6.318787,0,0,0,0,0,0
6.320078,0,0,0,0,0,0
6.321559,0,0,0,0,0,0
6.322916,0,0,0,0,0,0
6.324215,0,0,0,0,0,0
6.325510,0,0,0,0,0,0
6.327008,0,0,0,0,0,0
6.328453,0,0,0,0,0,0
6.329751,0,0,0,0,0,0
6.331069,0,0,0,0,0,0
6.332420,0,0,0,0,0,0
6.333815,0,0,0,0,0,0
6.335204,0,0,0,0,0,0
6.336491,0,0,0,0,0,0
6.337777,0,0,0,0,0,0
6.339063,0,0,0,0,0,0
6.340395,0,0,0,0,0,0
6.341684,0,0,0,0,0,0
6.342968,0,0,0,0,0,0
6.344251,0,0,0,0,0,0
6.345538,0,0,0,0,0,0
6.346822,0,0,0,0,0,0
6.348151,0,0,0,0,0,0
6.349439,0,0,0,0,0,0
6.350723,0,0,0,0,0,0
6.352006,0,0,0,0,0,0
6.353293,0,0,0,0,0,0
6.354577,0,0,0,0,0,0
6.355906,0,0,0,0,0,0
6.360819,0,0,0,0,0,0
6.363168,0,0,0,0,0,0
6.365097,0,0,0,0,0,0
6.366417,0,0,0,0,0,0
6.367688,0,0,0,0,0,0
6.368952,0,0,0,0,0,0
6.370346,0,0,0,0,0,0
6.371608,0,0,0,0,0,0
6.372832,0,0,0,0,0,0
6.374097,0,0,0,0,0,0
6.375347,0,0,0,0,0,0
6.376966,0,0,0,0,0,0
6.378290,0,0,0,0,0,0
6.379624,0,0,0,0,0,0
6.380926,0,0,0,0,0,0
6.382201,0,0,0,0,0,0
6.383438,0,0,0,0,0,0
6.384677,0,0,0,0,0,0
6.386068,0,0,0,0,0,0
6.387365,0,0,0,0,0,0
6.388908,0,0,0,0,0,0
6.390242,0,0,0,0,0,0
6.391643,0,0,0,0,0,0
6.392934,0,0,0,0,0,0
6.394226,0,0,0,0,0,0
6.395526,0,0,0,0,0,0
6.396823,0,0,0,0,0,0
6.398223,0,0,0,0,0,0
6.399514,0,0,0,0,0,0
6.400813,0,0,0,0,0,0
6.402101,0,0,0,0,0,0
6.403392,0,0,0,0,0,0
6.405260,0,0,0,0,0,0
6.406655,0,0,0,0,0,0
6.408162,0,0,0,0,0,0
6.409697,0,0,0,0,0,0
6.411048,0,0,0,0,0,0
6.412516,0,0,0,0,0,0
6.413876,0,0,0,0,0,0
6.415172,0,0,0,0,0,0
6.416466,0,0,0,0,0,0
6.417764,0,0,0,0,0,0
6.419150,0,0,0,0,0,0
6.420697,0,0,0,0,0,0
6.421958,0,0,0,0,0,0
6.423252,0,0,0,0,0,0
6.424732,0,0,0,0,0,0
6.426117,0,0,0,0,0,0
6.427407,0,0,0,0,0,0
6.428769,0,0,0,0,0,0
6.430021,0,0,0,0,0,0
6.431331,0,0,0,0,0,0
6.432622,0,0,0,0,0,0
6.433922,0,0,0,0,0,0
6.435213,0,0,0,0,0,0
6.436688,0,0,0,0,0,0
6.438064,0,0,0,0,0,0
6.439359,0,0,0,0,0,0
6.440838,0,0,0,0,0,0
6.442177,0,0,0,0,0,0
6.443471,0,0,0,0,0,0
6.444821,0,0,0,0,0,0
6.446221,0,0,0,0,0,0
6.447508,0,0,0,0,0,0
6.448799,0,0,0,0,0,0
6.450079,0,0,0,0,0,0
6.451358,0,0,0,0,0,0
6.452685,0,0,0,0,0,0
6.454153,0,0,0,0,0,0
6.455491,0,0,0,0,0,0
6.460792,0,0,0,0,0,0
6.462337,0,0,0,0,0,0
6.463605,0,0,0,0,0,0
6.464856,0,0,0,0,0,0
6.466102,0,0,0,0,0,0
6.467346,0,0,0,0,0,0
6.468621,0,0,0,0,0,0
6.469896,0,0,0,0,0,0
6.471166,0,0,0,0,0,0
6.472441,0,0,0,0,0,0
6.473704,0,0,0,0,0,0
6.474971,0,0,0,0,0,0
6.476283,0,0,0,0,0,0
6.477551,0,0,0,0,0,0
6.478806,0,0,0,0,0,0
6.480048,0,0,0,0,0,0
6.481300,0,0,0,0,0,0
6.482540,0,0,0,0,0,0
6.483826,0,0,0,0,0,0
6.485194,0,0,0,0,0,0
6.486456,0,0,0,0,0,0
6.487715,0,0,0,0,0,0
6.488979,0,0,0,0,0,0
6.490233,0,0,0,0,0,0
6.491659,0,0,0,0,0,0
6.492936,0,0,0,0,0,0
6.494234,0,0,0,0,0,0
6.495528,0,0,0,0,0,0
6.496965,0,0,0,0,0,0
6.498580,0,0,0,0,0,0
6.500016,0,0,0,0,0,0
6.501318,0,0,0,0,0,0
6.502901,0,0,0,0,0,0
6.504193,0,0,0,0,0,0
6.505486,0,0,0,0,0,0
6.506780,0,0,0,0,0,0
6.508262,0,0,0,0,0,0
6.509711,0,0,0,0,0,0
6.511066,0,0,0,0,0,0
6.512525,0,0,0,0,0,0
6.514064,0,0,0,0,0,0
6.515364,0,0,0,0,0,0
6.517167,0,0,0,0,0,0
6.518850,0,0,0,0,0,0
6.520360,0,0,0,0,0,0
6.521835,0,0,0,0,0,0
6.523194,0,0,0,0,0,0
6.524621,0,0,0,0,0,0
6.526098,0,0,0,0,0,0
6.527454,0,0,0,0,0,0
6.528756,0,0,0,0,0,0
6.530050,0,0,0,0,0,0
6.531357,0,0,0,0,0,0
6.532698,0,0,0,0,0,0
6.534140,0,0,0,0,0,0
6.535433,0,0,0,0,0,0
6.536725,0,0,0,0,0,0
6.538013,0,0,0,0,0,0
6.539301,0,0,0,0,0,0
6.540635,0,0,0,0,0,0
6.541926,0,0,0,0,0,0
6.543211,0,0,0,0,0,0
6.544499,0,0,0,0,0,0
6.545785,0,0,0,0,0,0
6.547071,0,0,0,0,0,0
6.548402,0,0,0,0,0,0
6.549691,0,0,0,0,0,0
6.550976,0,0,0,0,0,0
6.552261,0,0,0,0,0,0
6.553549,0,0,0,0,0,0
6.554833,0,0,0,0,0,0
6.556167,0,0,0,0,0,0
6.557484,0,0,0,0,0,0
6.561231,0,0,0,0,0,0
6.564446,0,0,0,0,0,0
6.565872,0,0,0,0,0,0
6.567192,0,0,0,0,0,0
6.568484,0,0,0,0,0,0
6.570027,0,0,0,0,0,0
6.571290,0,0,0,0,0,0
6.572537,0,0,0,0,0,0
6.573928,0,0,0,0,0,0
6.575174,0,0,0,0,0,0
6.576461,0,0,0,0,0,0
6.577754,0,0,0,0,0,0
6.579079,0,0,0,0,0,0
6.580379,0,0,0,0,0,0
6.581656,0,0,0,0,0,0
6.582977,0,0,0,0,0,0
6.584252,0,0,0,0,0,0
6.585570,0,0,0,0,0,0
6.586859,0,0,0,0,0,0
6.588155,0,0,0,0,0,0
6.589560,0,0,0,0,0,0
6.590828,0,0,0,0,0,0
6.592093,0,0,0,0,0,0
6.593351,0,0,0,0,0,0
6.594711,0,0,0,0,0,0
6.596025,0,0,0,0,0,0
6.597322,0,0,0,0,0,0
6.598617,0,0,0,0,0,0
6.599912,0,0,0,0,0,0
6.601207,0,0,0,0,0,0
6.602492,0,0,0,0,0,0
6.603832,0,0,0,0,0,0
6.605117,0,0,0,0,0,0
6.606458,0,0,0,0,0,0
6.607811,0,0,0,0,0,0
6.609111,0,0,0,0,0,0
6.610523,0,0,0,0,0,0
6.612031,0,0,0,0,0,0
6.613185,0,0,0,0,0,0
6.614617,0,0,0,0,0,0
6.615946,0,0,0,0,0,0
6.617251,0,0,0,0,0,0
6.618621,0,0,0,0,0,0
6.619971,0,0,0,0,0,0
6.621271,0,0,0,0,0,0
6.622740,0,0,0,0,0,0
6.624094,0,0,0,0,0,0
6.625562,0,0,0,0,0,0
6.627010,0,0,0,0,0,0
6.628676,0,0,0,0,0,0
6.629948,0,0,0,0,0,0
6.631259,0,0,0,0,0,0
6.632624,0,0,0,0,0,0
6.634017,0,0,0,0,0,0
6.635307,0,0,0,0,0,0
6.636643,0,0,0,0,0,0
6.637912,0,0,0,0,0,0
6.639199,0,0,0,0,0,0
6.640486,0,0,0,0,0,0
6.641890,0,0,0,0,0,0
6.643177,0,0,0,0,0,0
6.644507,0,0,0,0,0,0
6.645842,0,0,0,0,0,0
6.647126,0,0,0,0,0,0
6.648410,0,0,0,0,0,0
6.649697,0,0,0,0,0,0
6.650981,0,0,0,0,0,0
6.652310,0,0,0,0,0,0
6.653596,0,0,0,0,0,0
6.654877,0,0,0,0,0,0
6.656551,0,0,0,0,0,0
6.658130,0,0,0,0,0,0
6.659575,0,0,0,0,0,0
6.661063,0,0,0,0,0,0
6.663948,0,0,0,0,0,0
6.665970,0,0,0,0,0,0
6.667462,0,0,0,0,0,0
6.668869,0,0,0,0,0,0
6.670118,0,0,0,0,0,0
6.671375,0,0,0,0,0,0
6.672652,0,0,0,0,0,0
6.673947,0,0,0,0,0,0
6.675185,0,0,0,0,0,0
6.676519,0,0,0,0,0,0
6.677840,0,0,0,0,0,0
6.679204,0,0,0,0,0,0
6.680465,0,0,0,0,0,0
6.681724,0,0,0,0,0,0
6.682980,0,0,0,0,0,0
6.684250,0,0,0,0,0,0
6.685512,0,0,0,0,0,0
6.686773,0,0,0,0,0,0
6.688113,0,0,0,0,0,0
6.689417,0,0,0,0,0,0
6.690673,0,0,0,0,0,0
6.691988,0,0,0,0,0,0
6.693276,0,0,0,0,0,0
6.694576,0,0,0,0,0,0
6.695861,0,0,0,0,0,0
6.697204,0,0,0,0,0,0
6.698727,0,0,0,0,0,0
6.700235,0,0,0,0,0,0
6.701666,0,0,0,0,0,0
6.703018,0,0,0,0,0,0
6.704472,0,0,0,0,0,0
6.705961,0,0,0,0,0,0
6.707313,0,0,0,0,0,0
6.708611,0,0,0,0,0,0
6.710069,0,0,0,0,0,0
6.711565,0,0,0,0,0,0
6.713047,0,0,0,0,0,0
6.714623,0,0,0,0,0,0
6.715978,0,0,0,0,0,0
6.717277,0,0,0,0,0,0
6.718573,0,0,0,0,0,0
6.719943,0,0,0,0,0,0
6.721614,0,0,0,0,0,0
6.722910,0,0,0,0,0,0
6.724424,0,0,0,0,0,0
6.725753,0,0,0,0,0,0
6.727054,0,0,0,0,0,0
6.728347,0,0,0,0,0,0
6.729643,0,0,0,0,0,0
6.730935,0,0,0,0,0,0
6.732231,0,0,0,0,0,0
6.733528,0,0,0,0,0,0
6.734821,0,0,0,0,0,0
6.736112,0,0,0,0,0,0
6.737401,0,0,0,0,0,0
6.738687,0,0,0,0,0,0
6.740020,0,0,0,0,0,0
6.741308,0,0,0,0,0,0
6.742590,0,0,0,0,0,0
6.743873,0,0,0,0,0,0
6.745163,0,0,0,0,0,0
6.746453,0,0,0,0,0,0
6.747983,0,0,0,0,0,0
6.749330,0,0,0,0,0,0
6.750619,0,0,0,0,0,0
6.751902,0,0,0,0,0,0
6.753189,0,0,0,0,0,0
6.754583,0,0,0,0,0,0
6.760119,0,0,0,0,0,0
6.762649,0,0,0,0,0,0
6.764237,0,0,0,0,0,0
6.765651,0,0,0,0,0,0
6.766895,0,0,0,0,0,0
6.768110,0,0,0,0,0,0
6.769320,0,0,0,0,0,0
6.770533,0,0,0,0,0,0
6.771748,0,0,0,0,0,0
6.772990,0,0,0,0,0,0
6.774267,0,0,0,0,0,0
6.775512,0,0,0,0,0,0
6.776763,0,0,0,0,0,0
6.778011,0,0,0,0,0,0
6.779255,0,0,0,0,0,0
6.780497,0,0,0,0,0,0
6.781739,0,0,0,0,0,0
6.782980,0,0,0,0,0,0
6.784337,0,0,0,0,0,0
6.785649,0,0,0,0,0,0
6.786925,0,0,0,0,0,0
6.788190,0,0,0,0,0,0
6.789486,0,0,0,0,0,0
6.790779,0,0,0,0,0,0
6.792070,0,0,0,0,0,0
6.793359,0,0,0,0,0,0
6.794645,0,0,0,0,0,0
6.795933,0,0,0,0,0,0
6.797221,0,0,0,0,0,0
6.798511,0,0,0,0,0,0
6.799916,0,0,0,0,0,0
6.801211,0,0,0,0,0,0
6.802502,0,0,0,0,0,0
6.803792,0,0,0,0,0,0
6.805140,0,0,0,0,0,0
6.806667,0,0,0,0,0,0
6.808023,0,0,0,0,0,0
6.809335,0,0,0,0,0,0
6.810678,0,0,0,0,0,0
6.811989,0,0,0,0,0,0
6.813280,0,0,0,0,0,0
6.814723,0,0,0,0,0,0
6.816018,0,0,0,0,0,0
6.817505,0,0,0,0,0,0
6.818804,0,0,0,0,0,0
6.820146,0,0,0,0,0,0
6.821443,0,0,0,0,0,0
6.822906,0,0,0,0,0,0
6.824412,0,0,0,0,0,0
6.825713,0,0,0,0,0,0
6.827008,0,0,0,0,0,0
6.828353,0,0,0,0,0,0
6.829652,0,0,0,0,0,0
6.830949,0,0,0,0,0,0
6.832246,0,0,0,0,0,0
6.833737,0,0,0,0,0,0
6.835028,0,0,0,0,0,0
6.836366,0,0,0,0,0,0
6.837655,0,0,0,0,0,0
6.838942,0,0,0,0,0,0
6.840228,0,0,0,0,0,0
6.841517,0,0,0,0,0,0
6.842741,0,0,0,0,0,0
6.844072,0,0,0,0,0,0
6.845361,0,0,0,0,0,0
6.846645,0,0,0,0,0,0
6.847928,0,0,0,0,0,0
6.849215,0,0,0,0,0,0
6.850500,0,0,0,0,0,0
6.851785,0,0,0,0,0,0
6.853119,0,0,0,0,0,0
6.854403,0,0,0,0,0,0
6.855688,0,0,0,0,0,0
6.857322,0,0,0,0,0,0
6.859655,0,0,0,0,0,0
6.861177,0,0,0,0,0,0
6.862530,0,0,0,0,0,0
6.863852,0,0,0,0,0,0
6.865162,0,0,0,0,0,0
6.866597,0,0,0,0,0,0
6.867956,0,0,0,0,0,0
6.869219,0,0,0,0,0,0
6.870511,0,0,0,0,0,0
6.871795,0,0,0,0,0,0
6.873197,0,0,0,0,0,0
6.874571,0,0,0,0,0,0
6.875830,0,0,0,0,0,0
6.877090,0,0,0,0,0,0
6.878347,0,0,0,0,0,0
6.879606,0,0,0,0,0,0
6.880967,0,0,0,0,0,0
6.882297,0,0,0,0,0,0
6.883589,0,0,0,0,0,0
6.884854,0,0,0,0,0,0
6.886114,0,0,0,0,0,0
6.887487,0,0,0,0,0,0
6.888832,0,0,0,0,0,0
6.890127,0,0,0,0,0,0
6.891387,0,0,0,0,0,0
6.892655,0,0,0,0,0,0
6.893993,0,0,0,0,0,0
6.895350,0,0,0,0,0,0
6.896650,0,0,0,0,0,0
6.897946,0,0,0,0,0,0
6.899237,0,0,0,0,0,0
6.900797,0,0,0,0,0,0
6.902302,0,0,0,0,0,0
6.903605,0,0,0,0,0,0
6.905056,0,0,0,0,0,0
6.906550,0,0,0,0,0,0
6.907896,0,0,0,0,0,0
6.909193,0,0,0,0,0,0
6.910658,0,0,0,0,0,0
6.911949,0,0,0,0,0,0
6.913238,0,0,0,0,0,0
6.914529,0,0,0,0,0,0
6.916083,0,0,0,0,0,0
6.917556,0,0,0,0,0,0
6.918913,0,0,0,0,0,0
6.920210,0,0,0,0,0,0
6.921520,0,0,0,0,0,0
6.923171,0,0,0,0,0,0
6.924467,0,0,0,0,0,0
6.925764,0,0,0,0,0,0
6.927187,0,0,0,0,0,0
6.928614,0,0,0,0,0,0
6.929905,0,0,0,0,0,0
6.931252,0,0,0,0,0,0
6.932597,0,0,0,0,0,0
6.934204,0,0,0,0,0,0
6.935491,0,0,0,0,0,0
6.936843,0,0,0,0,0,0
6.938186,0,0,0,0,0,0
6.939473,0,0,0,0,0,0
6.940809,0,0,0,0,0,0
6.942094,0,0,0,0,0,0
6.943377,0,0,0,0,0,0
6.944660,0,0,0,0,0,0
6.945947,0,0,0,0,0,0
6.947230,0,0,0,0,0,0
6.948560,0,0,0,0,0,0
6.949943,0,0,0,0,0,0
6.951228,0,0,0,0,0,0
6.952512,0,0,0,0,0,0
6.953851,0,0,0,0,0,0
6.955134,0,0,0,0,0,0
6.956463,0,0,0,0,0,0
6.960775,0,0,0,0,0,0
6.962086,0,0,0,0,0,0
6.965099,0,0,0,0,0,0
6.966412,0,0,0,0,0,0
6.967682,0,0,0,0,0,0
6.968958,0,0,0,0,0,0
6.970349,0,0,0,0,0,0
6.971617,0,0,0,0,0,0
6.972857,0,0,0,0,0,0
6.974076,0,0,0,0,0,0
6.975287,0,0,0,0,0,0
6.976592,0,0,0,0,0,0
6.977867,0,0,0,0,0,0
6.979135,0,0,0,0,0,0
6.980397,0,0,0,0,0,0
6.981658,0,0,0,0,0,0
6.982918,0,0,0,0,0,0
6.984180,0,0,0,0,0,0
6.985534,0,0,0,0,0,0
6.986821,0,0,0,0,0,0
6.988093,0,0,0,0,0,0
6.989502,0,0,0,0,0,0
6.991105,0,0,0,0,0,0
6.992407,0,0,0,0,0,0
6.993786,0,0,0,0,0,0
6.995182,0,0,0,0,0,0
6.996523,0,0,0,0,0,0
6.998061,0,0,0,0,0,0
6.999360,0,0,0,0,0,0
7.000652,0,0,0,0,0,0
7.002121,0,0,0,0,0,0
7.003474,0,0,0,0,0,0
7.004768,0,0,0,0,0,0
7.006108,0,0,0,0,0,0
7.007522,0,0,0,0,0,0
7.009009,0,0,0,0,0,0
7.010307,0,0,0,0,0,0
7.011598,0,0,0,0,0,0
7.013190,0,0,0,0,0,0
7.014772,0,0,0,0,0,0
7.016068,0,0,0,0,0,0
7.017499,0,0,0,0,0,0
7.019003,0,0,0,0,0,0
7.020303,0,0,0,0,0,0
7.021597,0,0,0,0,0,0
7.023017,0,0,0,0,0,0
7.024489,0,0,0,0,0,0
7.025944,0,0,0,0,0,0
7.027432,0,0,0,0,0,0
7.029066,0,0,0,0,0,0
7.030460,0,0,0,0,0,0
7.031753,0,0,0,0,0,0
7.033255,0,0,0,0,0,0
7.034781,0,0,0,0,0,0
7.036124,0,0,0,0,0,0
7.037414,0,0,0,0,0,0
7.039057,0,0,0,0,0,0
7.040471,0,0,0,0,0,0
7.042135,0,0,0,0,0,0
7.043431,0,0,0,0,0,0
7.044769,0,0,0,0,0,0
7.046058,0,0,0,0,0,0
7.047350,0,0,0,0,0,0
7.048637,0,0,0,0,0,0
7.049923,0,0,0,0,0,0
7.051203,0,0,0,0,0,0
7.052530,0,0,0,0,0,0
7.053980,0,0,0,0,0,0
7.055266,0,0,0,0,0,0
7.056955,0,0,0,0,0,0
7.058522,0,0,0,0,0,0
7.060047,0,0,0,0,0,0
7.061528,0,0,0,0,0,0
7.063876,0,0,0,0,0,0
7.065275,0,0,0,0,0,0
7.066633,0,0,0,0,0,0
7.068038,0,0,0,0,0,0
7.069363,0,0,0,0,0,0
7.070629,0,0,0,0,0,0
7.071892,0,0,0,0,0,0
7.073153,0,0,0,0,0,0
7.074433,0,0,0,0,0,0
7.075726,0,0,0,0,0,0
7.077009,0,0,0,0,0,0
7.078255,0,0,0,0,0,0
7.079498,0,0,0,0,0,0
7.080741,0,0,0,0,0,0
7.081982,0,0,0,0,0,0
7.083221,0,0,0,0,0,0
7.084560,0,0,0,0,0,0
7.086017,0,0,0,0,0,0
7.087282,0,0,0,0,0,0
7.088542,0,0,0,0,0,0
7.089845,0,0,0,0,0,0
7.091226,0,0,0,0,0,0
7.092590,0,0,0,0,0,0
7.093885,0,0,0,0,0,0
7.095361,0,0,0,0,0,0
7.096685,0,0,0,0,0,0
7.098250,0,0,0,0,0,0
7.099550,0,0,0,0,0,0
7.100850,0,0,0,0,0,0
7.102293,0,0,0,0,0,0
7.103598,0,0,0,0,0,0
7.104897,0,0,0,0,0,0
7.106193,0,0,0,0,0,0
7.107486,0,0,0,0,0,0
7.109171,0,0,0,0,0,0
7.110465,0,0,0,0,0,0
7.111753,0,0,0,0,0,0
7.113357,0,0,0,0,0,0
7.114920,0,0,0,0,0,0
7.116253,0,0,0,0,0,0
7.117702,0,0,0,0,0,0
7.119374,0,0,0,0,0,0
7.120530,0,0,0,0,0,0
7.121973,0,0,0,0,0,0
7.123626,0,0,0,0,0,0
7.125057,0,0,0,0,0,0
7.126452,0,0,0,0,0,0
7.127756,0,0,0,0,0,0
7.129162,0,0,0,0,0,0
7.130467,0,0,0,0,0,0
7.132096,0,0,0,0,0,0
7.133398,0,0,0,0,0,0
7.134694,0,0,0,0,0,0
7.135985,0,0,0,0,0,0
7.137273,0,0,0,0,0,0
7.138559,0,0,0,0,0,0
7.139893,0,0,0,0,0,0
7.141183,0,0,0,0,0,0
7.142469,0,0,0,0,0,0
7.143755,0,0,0,0,0,0
7.145042,0,0,0,0,0,0
7.146326,0,0,0,0,0,0
7.147610,0,0,0,0,0,0
7.148943,0,0,0,0,0,0
7.150227,0,0,0,0,0,0
7.151510,0,0,0,0,0,0
7.152796,0,0,0,0,0,0
7.154080,0,0,0,0,0,0
7.155363,0,0,0,0,0,0
7.157102,0,0,0,0,0,0
7.162670,0,0,0,0,0,0
7.164220,0,0,0,0,0,0
7.165570,0,0,0,0,0,0
7.166830,0,0,0,0,0,0
7.168099,0,0,0,0,0,0
7.169363,0,0,0,0,0,0
7.170646,0,0,0,0,0,0
7.171941,0,0,0,0,0,0
7.173267,0,0,0,0,0,0
7.174827,0,0,0,0,0,0
7.176162,0,0,0,0,0,0
7.177751,0,0,0,0,0,0
7.179132,0,0,0,0,0,0
7.180465,0,0,0,0,0,0
7.181759,0,0,0,0,0,0
7.183024,0,0,0,0,0,0
7.184284,0,0,0,0,0,0
7.185566,0,0,0,0,0,0
7.186844,0,0,0,0,0,0
7.188111,0,0,0,0,0,0
7.189384,0,0,0,0,0,0
7.190634,0,0,0,0,0,0
7.191875,0,0,0,0,0,0
7.193119,0,0,0,0,0,0
7.194359,0,0,0,0,0,0
7.195600,0,0,0,0,0,0
7.196865,0,0,0,0,0,0
7.198163,0,0,0,0,0,0
7.199458,0,0,0,0,0,0
7.200759,0,0,0,0,0,0
7.202133,0,0,0,0,0,0
7.203630,0,0,0,0,0,0
7.204933,0,0,0,0,0,0
7.206227,0,0,0,0,0,0
7.207702,0,0,0,0,0,0
7.209103,0,0,0,0,0,0
7.210510,0,0,0,0,0,0
7.211802,0,0,0,0,0,0
7.213143,0,0,0,0,0,0
7.214436,0,0,0,0,0,0
7.215731,0,0,0,0,0,0
7.217028,0,0,0,0,0,0
7.218321,0,0,0,0,0,0
7.219805,0,0,0,0,0,0
7.221314,0,0,0,0,0,0
7.222669,0,0,0,0,0,0
7.224154,0,0,0,0,0,0
7.225755,0,0,0,0,0,0
7.227111,0,0,0,0,0,0
7.228612,0,0,0,0,0,0
7.230308,0,0,0,0,0,0
7.231678,0,0,0,0,0,0
7.233036,0,0,0,0,0,0
7.234376,0,0,0,0,0,0
7.235674,0,0,0,0,0,0
7.236972,0,0,0,0,0,0
7.238260,0,0,0,0,0,0
7.239546,0,0,0,0,0,0
7.240837,0,0,0,0,0,0
7.242122,0,0,0,0,0,0
7.243408,0,0,0,0,0,0
7.244744,0,0,0,0,0,0
7.246029,0,0,0,0,0,0
7.247314,0,0,0,0,0,0
7.248600,0,0,0,0,0,0
7.249888,0,0,0,0,0,0
7.251172,0,0,0,0,0,0
7.252505,0,0,0,0,0,0
7.253791,0,0,0,0,0,0
7.255077,0,0,0,0,0,0
7.256803,0,0,0,0,0,0
7.258313,0,0,0,0,0,0
7.259613,0,0,0,0,0,0
7.260973,0,0,0,0,0,0
7.262339,0,0,0,0,0,0
7.263591,0,0,0,0,0,0
7.264839,0,0,0,0,0,0
7.266262,0,0,0,0,0,0
7.267647,0,0,0,0,0,0
7.268965,0,0,0,0,0,0
7.270228,0,0,0,0,0,0
7.271488,0,0,0,0,0,0
7.272755,0,0,0,0,0,0
7.274025,0,0,0,0,0,0
7.275303,0,0,0,0,0,0
7.276576,0,0,0,0,0,0
7.277905,0,0,0,0,0,0
7.279145,0,0,0,0,0,0
7.280383,0,0,0,0,0,0
7.281633,0,0,0,0,0,0
7.282941,0,0,0,0,0,0
7.284205,0,0,0,0,0,0
7.285463,0,0,0,0,0,0
7.286721,0,0,0,0,0,0
7.287978,0,0,0,0,0,0
7.289236,0,0,0,0,0,0
7.290879,0,0,0,0,0,0
7.292200,0,0,0,0,0,0
7.293620,0,0,0,0,0,0
7.295122,0,0,0,0,0,0
7.296447,0,0,0,0,0,0
7.297873,0,0,0,0,0,0
7.299168,0,0,0,0,0,0
7.300604,0,0,0,0,0,0
7.302168,0,0,0,0,0,0
7.303466,0,0,0,0,0,0
7.304764,0,0,0,0,0,0
7.306149,0,0,0,0,0,0
7.307539,0,0,0,0,0,0
7.308890,0,0,0,0,0,0
7.310186,0,0,0,0,0,0
7.311476,0,0,0,0,0,0
7.312877,0,0,0,0,0,0
7.314279,0,0,0,0,0,0
7.315574,0,0,0,0,0,0
7.317058,0,0,0,0,0,0
7.318549,0,0,0,0,0,0
7.319846,0,0,0,0,0,0
7.321134,0,0,0,0,0,0
7.322652,0,0,0,0,0,0
7.324126,0,0,0,0,0,0
7.325484,0,0,0,0,0,0
7.326782,0,0,0,0,0,0
7.328218,0,0,0,0,0,0
7.329522,0,0,0,0,0,0
7.330818,0,0,0,0,0,0
7.332374,0,0,0,0,0,0
7.333678,0,0,0,0,0,0
7.334969,0,0,0,0,0,0
7.336256,0,0,0,0,0,0
7.337547,0,0,0,0,0,0
7.338832,0,0,0,0,0,0
7.340166,0,0,0,0,0,0
7.341454,0,0,0,0,0,0
7.342740,0,0,0,0,0,0
7.344212,0,0,0,0,0,0
7.345558,0,0,0,0,0,0
7.346846,0,0,0,0,0,0
7.348187,0,0,0,0,0,0
7.349660,0,0,0,0,0,0
7.351075,0,0,0,0,0,0
7.352548,0,0,0,0,0,0
7.353976,0,0,0,0,0,0
7.356507,0,0,0,0,0,0
7.358084,0,0,0,0,0,0
7.359404,0,0,0,0,0,0
7.360893,0,0,0,0,0,0
7.363533,0,0,0,0,0,0
7.364973,0,0,0,0,0,0
7.366295,0,0,0,0,0,0
7.367614,0,0,0,0,0,0
7.368864,0,0,0,0,0,0
7.370264,0,0,0,0,0,0
7.371623,0,0,0,0,0,0
7.373054,0,0,0,0,0,0
7.374359,0,0,0,0,0,0
7.375655,0,0,0,0,0,0
7.377040,0,0,0,0,0,0
7.378387,0,0,0,0,0,0
7.379681,0,0,0,0,0,0
7.381130,0,0,0,0,0,0
7.382404,0,0,0,0,0,0
7.383691,0,0,0,0,0,0
7.384970,0,0,0,0,0,0
7.386242,0,0,0,0,0,0
7.387622,0,0,0,0,0,0
7.388939,0,0,0,0,0,0
7.390203,0,0,0,0,0,0
7.391463,0,0,0,0,0,0
7.392851,0,0,0,0,0,0
7.394192,0,0,0,0,0,0
7.395454,0,0,0,0,0,0
7.396731,0,0,0,0,0,0
7.398090,0,0,0,0,0,0
7.399445,0,0,0,0,0,0
7.400931,0,0,0,0,0,0
7.402298,0,0,0,0,0,0
7.403648,0,0,0,0,0,0
7.404973,0,0,0,0,0,0
7.406373,0,0,0,0,0,0
7.407865,0,0,0,0,0,0
7.409168,0,0,0,0,0,0
7.410461,0,0,0,0,0,0
7.411979,0,0,0,0,0,0
7.413273,0,0,0,0,0,0
7.414569,0,0,0,0,0,0
7.415861,0,0,0,0,0,0
7.417161,0,0,0,0,0,0
7.418487,0,0,0,0,0,0
7.419986,0,0,0,0,0,0
7.421358,0,0,0,0,0,0
7.422677,0,0,0,0,0,0
7.424124,0,0,0,0,0,0
7.425434,0,0,0,0,0,0
7.426726,0,0,0,0,0,0
7.428071,0,0,0,0,0,0
7.429369,0,0,0,0,0,0
7.430837,0,0,0,0,0,0
7.432194,0,0,0,0,0,0
7.433681,0,0,0,0,0,0
7.434975,0,0,0,0,0,0
7.436308,0,0,0,0,0,0
7.437599,0,0,0,0,0,0
7.438885,0,0,0,0,0,0
7.440170,0,0,0,0,0,0
7.441458,0,0,0,0,0,0
7.442710,0,0,0,0,0,0
7.444040,0,0,0,0,0,0
7.445327,0,0,0,0,0,0
7.446611,0,0,0,0,0,0
7.447904,0,0,0,0,0,0
7.449197,0,0,0,0,0,0
7.450480,0,0,0,0,0,0
7.451764,0,0,0,0,0,0
7.453096,0,0,0,0,0,0
7.454380,0,0,0,0,0,0
7.457223,0,0,0,0,0,0
7.458909,0,0,0,0,0,0
7.461071,0,0,0,0,0,0
7.462645,0,0,0,0,0,0
7.463915,0,0,0,0,0,0
7.465457,0,0,0,0,0,0
7.466735,0,0,0,0,0,0
7.468063,0,0,0,0,0,0
7.469323,0,0,0,0,0,0
7.470645,0,0,0,0,0,0
7.472047,0,0,0,0,0,0
7.473318,0,0,0,0,0,0
7.474586,0,0,0,0,0,0
7.475880,0,0,0,0,0,0
7.477139,0,0,0,0,0,0
7.478401,0,0,0,0,0,0
7.479730,0,0,0,0,0,0
7.481006,0,0,0,0,0,0
7.482287,0,0,0,0,0,0
7.483551,0,0,0,0,0,0
7.484815,0,0,0,0,0,0
7.486076,0,0,0,0,0,0
7.487461,0,0,0,0,0,0
7.488772,0,0,0,0,0,0
7.490032,0,0,0,0,0,0
7.491293,0,0,0,0,0,0
7.492572,0,0,0,0,0,0
7.494079,0,0,0,0,0,0
7.495377,0,0,0,0,0,0
7.496669,0,0,0,0,0,0
7.497968,0,0,0,0,0,0
7.499258,0,0,0,0,0,0
7.500677,0,0,0,0,0,0
7.501994,0,0,0,0,0,0
7.503284,0,0,0,0,0,0
7.504577,0,0,0,0,0,0
7.505872,0,0,0,0,0,0
7.507260,0,0,0,0,0,0
7.508905,0,0,0,0,0,0
7.510254,0,0,0,0,0,0
7.511555,0,0,0,0,0,0
7.512849,0,0,0,0,0,0
7.514143,0,0,0,0,0,0
7.515433,0,0,0,0,0,0
7.516732,0,0,0,0,0,0
7.518268,0,0,0,0,0,0
7.519662,0,0,0,0,0,0
7.520972,0,0,0,0,0,0
7.522350,0,0,0,0,0,0
7.523920,0,0,0,0,0,0
7.525263,0,0,0,0,0,0
7.526598,0,0,0,0,0,0
7.527888,0,0,0,0,0,0
7.529176,0,0,0,0,0,0
7.530576,0,0,0,0,0,0
7.531921,0,0,0,0,0,0
7.533467,0,0,0,0,0,0
7.534756,0,0,0,0,0,0
7.536036,0,0,0,0,0,0
7.537317,0,0,0,0,0,0
7.538598,0,0,0,0,0,0
7.540042,0,0,0,0,0,0
7.541331,0,0,0,0,0,0
7.542827,0,0,0,0,0,0
7.544148,0,0,0,0,0,0
7.545447,0,0,0,0,0,0
7.546717,0,0,0,0,0,0
7.548065,0,0,0,0,0,0
7.549352,0,0,0,0,0,0
7.550634,0,0,0,0,0,0
7.551915,0,0,0,0,0,0
7.553222,0,0,0,0,0,0
7.555389,0,0,0,0,0,0
7.556826,0,0,0,0,0,0
7.558337,0,0,0,0,0,0
7.559633,0,0,0,0,0,0
7.561013,0,0,0,0,0,0
7.562933,0,0,0,0,0,0
7.565044,0,0,0,0,0,0
7.566376,0,0,0,0,0,0
7.567758,0,0,0,0,0,0
7.569127,0,0,0,0,0,0
7.570527,0,0,0,0,0,0
7.571938,0,0,0,0,0,0
7.573200,0,0,0,0,0,0
7.574462,0,0,0,0,0,0
7.575804,0,0,0,0,0,0
7.577025,0,0,0,0,0,0
7.578319,0,0,0,0,0,0
7.579590,0,0,0,0,0,0
7.580894,0,0,0,0,0,0
7.582185,0,0,0,0,0,0
7.583442,0,0,0,0,0,0
7.584794,0,0,0,0,0,0
7.586036,0,0,0,0,0,0
7.587272,0,0,0,0,0,0
7.588586,0,0,0,0,0,0
7.590477,0,0,0,0,0,0
7.591922,0,0,0,0,0,0
7.593390,0,0,0,0,0,0
7.594685,0,0,0,0,0,0
7.595999,0,0,0,0,0,0
7.597298,0,0,0,0,0,0
7.598595,0,0,0,0,0,0
7.599889,0,0,0,0,0,0
7.601306,0,0,0,0,0,0
7.602617,0,0,0,0,0,0
7.603959,0,0,0,0,0,0
7.605255,0,0,0,0,0,0
7.606703,0,0,0,0,0,0
7.608199,0,0,0,0,0,0
7.609498,0,0,0,0,0,0
7.610791,0,0,0,0,0,0
7.612331,0,0,0,0,0,0
7.613682,0,0,0,0,0,0
7.614979,0,0,0,0,0,0
7.616272,0,0,0,0,0,0
7.617565,0,0,0,0,0,0
7.619094,0,0,0,0,0,0
7.620448,0,0,0,0,0,0
7.621746,0,0,0,0,0,0
7.623039,0,0,0,0,0,0
7.624405,0,0,0,0,0,0
7.625876,0,0,0,0,0,0
7.627230,0,0,0,0,0,0
7.628520,0,0,0,0,0,0
7.629936,0,0,0,0,0,0
7.631329,0,0,0,0,0,0
7.632622,0,0,0,0,0,0
7.634086,0,0,0,0,0,0
7.635383,0,0,0,0,0,0
7.636728,0,0,0,0,0,0
7.638016,0,0,0,0,0,0
7.639303,0,0,0,0,0,0
7.640590,0,0,0,0,0,0
7.641879,0,0,0,0,0,0
7.643164,0,0,0,0,0,0
7.644495,0,0,0,0,0,0
7.645777,0,0,0,0,0,0
7.647056,0,0,0,0,0,0
7.648334,0,0,0,0,0,0
7.649614,0,0,0,0,0,0
7.650962,0,0,0,0,0,0
7.652492,0,0,0,0,0,0
7.653897,0,0,0,0,0,0
7.655192,0,0,0,0,0,0
7.656878,0,0,0,0,0,0
7.658532,0,0,0,0,0,0
7.660175,0,0,0,0,0,0
7.661644,0,0,0,0,0,0
7.664007,0,0,0,0,0,0
7.665366,0,0,0,0,0,0
7.666720,0,0,0,0,0,0
7.668426,0,0,0,0,0,0
7.669788,0,0,0,0,0,0
7.671056,0,0,0,0,0,0
7.672318,0,0,0,0,0,0
7.673576,0,0,0,0,0,0
7.674844,0,0,0,0,0,0
7.676122,0,0,0,0,0,0
7.677381,0,0,0,0,0,0
7.678651,0,0,0,0,0,0
7.679896,0,0,0,0,0,0
7.681147,0,0,0,0,0,0
7.682397,0,0,0,0,0,0
7.683701,0,0,0,0,0,0
7.684942,0,0,0,0,0,0
7.686184,0,0,0,0,0,0
7.687425,0,0,0,0,0,0
7.688665,0,0,0,0,0,0
7.689908,0,0,0,0,0,0
7.691149,0,0,0,0,0,0
7.692569,0,0,0,0,0,0
7.693724,0,0,0,0,0,0
7.695020,0,0,0,0,0,0
7.696315,0,0,0,0,0,0
7.697610,0,0,0,0,0,0
7.698904,0,0,0,0,0,0
7.700399,0,0,0,0,0,0
7.701703,0,0,0,0,0,0
7.702998,0,0,0,0,0,0
7.704291,0,0,0,0,0,0
7.705734,0,0,0,0,0,0
7.707221,0,0,0,0,0,0
7.708512,0,0,0,0,0,0
7.710190,0,0,0,0,0,0
7.711725,0,0,0,0,0,0
7.713219,0,0,0,0,0,0
7.714647,0,0,0,0,0,0
7.715994,0,0,0,0,0,0
7.717289,0,0,0,0,0,0
7.718582,0,0,0,0,0,0
7.720041,0,0,0,0,0,0
7.721717,0,0,0,0,0,0
7.723022,0,0,0,0,0,0
7.724497,0,0,0,0,0,0
7.725872,0,0,0,0,0,0
7.727169,0,0,0,0,0,0
7.728467,0,0,0,0,0,0
7.729762,0,0,0,0,0,0
7.731055,0,0,0,0,0,0
7.732349,0,0,0,0,0,0
7.733642,0,0,0,0,0,0
7.734936,0,0,0,0,0,0
7.736410,0,0,0,0,0,0
7.737931,0,0,0,0,0,0
7.739270,0,0,0,0,0,0
7.740625,0,0,0,0,0,0
7.741917,0,0,0,0,0,0
7.743205,0,0,0,0,0,0
7.744490,0,0,0,0,0,0
7.745787,0,0,0,0,0,0
7.747263,0,0,0,0,0,0
7.748604,0,0,0,0,0,0
7.750088,0,0,0,0,0,0
7.751426,0,0,0,0,0,0
7.752727,0,0,0,0,0,0
7.754017,0,0,0,0,0,0
7.755304,0,0,0,0,0,0
7.756652,0,0,0,0,0,0
7.762064,0,0,0,0,0,0
7.763457,0,0,0,0,0,0
7.764772,0,0,0,0,0,0
7.766086,0,0,0,0,0,0
7.767637,0,0,0,0,0,0
7.768963,0,0,0,0,0,0
7.770221,0,0,0,0,0,0
7.771494,0,0,0,0,0,0
7.772737,0,0,0,0,0,0
7.773956,0,0,0,0,0,0
7.775264,0,0,0,0,0,0
7.776557,0,0,0,0,0,0
7.777899,0,0,0,0,0,0
7.779194,0,0,0,0,0,0
7.780516,0,0,0,0,0,0
7.781845,0,0,0,0,0,0
7.783114,0,0,0,0,0,0
7.784355,0,0,0,0,0,0
7.785602,0,0,0,0,0,0
7.786842,0,0,0,0,0,0
7.788133,0,0,0,0,0,0
7.789509,0,0,0,0,0,0
7.791000,0,0,0,0,0,0
7.792302,0,0,0,0,0,0
7.793598,0,0,0,0,0,0
7.794951,0,0,0,0,0,0
7.796304,0,0,0,0,0,0
7.797602,0,0,0,0,0,0
7.798896,0,0,0,0,0,0
7.800193,0,0,0,0,0,0
7.801619,0,0,0,0,0,0
7.803155,0,0,0,0,0,0
7.804456,0,0,0,0,0,0
7.805750,0,0,0,0,0,0
7.807244,0,0,0,0,0,0
7.808549,0,0,0,0,0,0
7.810223,0,0,0,0,0,0
7.811661,0,0,0,0,0,0
7.812959,0,0,0,0,0,0
7.814256,0,0,0,0,0,0
7.815551,0,0,0,0,0,0
7.817054,0,0,0,0,0,0
7.818468,0,0,0,0,0,0
7.819820,0,0,0,0,0,0
7.821121,0,0,0,0,0,0
7.822466,0,0,0,0,0,0
7.824136,0,0,0,0,0,0
7.825606,0,0,0,0,0,0
7.827249,0,0,0,0,0,0
7.828595,0,0,0,0,0,0
7.829997,0,0,0,0,0,0
7.831292,0,0,0,0,0,0
7.832589,0,0,0,0,0,0
7.833892,0,0,0,0,0,0
7.835187,0,0,0,0,0,0
7.836521,0,0,0,0,0,0
7.838012,0,0,0,0,0,0
7.839298,0,0,0,0,0,0
7.840583,0,0,0,0,0,0
7.841874,0,0,0,0,0,0
7.843159,0,0,0,0,0,0
7.844490,0,0,0,0,0,0
7.845777,0,0,0,0,0,0
7.847063,0,0,0,0,0,0
7.848347,0,0,0,0,0,0
7.849636,0,0,0,0,0,0
7.850915,0,0,0,0,0,0
7.852239,0,0,0,0,0,0
7.853694,0,0,0,0,0,0
7.855024,0,0,0,0,0,0
7.856776,0,0,0,0,0,0
7.860862,0,0,0,0,0,0
7.862216,0,0,0,0,0,0
7.863554,0,0,0,0,0,0
7.864827,0,0,0,0,0,0
7.866079,0,0,0,0,0,0
7.867323,0,0,0,0,0,0
7.868603,0,0,0,0,0,0
7.869819,0,0,0,0,0,0
7.871081,0,0,0,0,0,0
7.872294,0,0,0,0,0,0
7.873526,0,0,0,0,0,0
7.874733,0,0,0,0,0,0
7.876041,0,0,0,0,0,0
7.877334,0,0,0,0,0,0
7.878471,0,0,0,0,0,0
7.879668,0,0,0,0,0,0
7.880939,0,0,0,0,0,0
7.882245,0,0,0,0,0,0
7.883503,0,0,0,0,0,0
7.884818,0,0,0,0,0,0
7.886612,0,0,0,0,0,0
7.887883,0,0,0,0,0,0
7.889157,0,0,0,0,0,0
7.890397,0,0,0,0,0,0
7.892085,0,0,0,0,0,0
7.893318,0,0,0,0,0,0
7.894545,0,0,0,0,0,0
7.895771,0,0,0,0,0,0
7.896994,0,0,0,0,0,0
7.898218,0,0,0,0,0,0
7.899444,0,0,0,0,0,0
7.900665,0,0,0,0,0,0
7.901915,0,0,0,0,0,0
7.903167,0,0,0,0,0,0
7.904410,0,0,0,0,0,0
7.905628,0,0,0,0,0,0
7.906850,0,0,0,0,0,0
7.908097,0,0,0,0,0,0
7.909310,0,0,0,0,0,0
7.910523,0,0,0,0,0,0
7.911740,0,0,0,0,0,0
7.912953,0,0,0,0,0,0
7.914166,0,0,0,0,0,0
7.915380,0,0,0,0,0,0
7.916491,0,0,0,0,0,0
7.917729,0,0,0,0,0,0
7.918966,0,0,0,0,0,0
7.920203,0,0,0,0,0,0
7.921441,0,0,0,0,0,0
7.922682,0,0,0,0,0,0
7.924141,0,0,0,0,0,0
7.925530,0,0,0,0,0,0
7.926893,0,0,0,0,0,0
7.928925,0,0,0,0,0,0
7.930292,0,0,0,0,0,0
7.931980,0,0,0,0,0,0
7.933283,0,0,0,0,0,0
7.934576,0,0,0,0,0,0
7.935863,0,0,0,0,0,0
7.937144,0,0,0,0,0,0
7.938426,0,0,0,0,0,0
7.939705,0,0,0,0,0,0
7.941035,0,0,0,0,0,0
7.942316,0,0,0,0,0,0
7.943596,0,0,0,0,0,0
7.944888,0,0,0,0,0,0
7.946173,0,0,0,0,0,0
7.947458,0,0,0,0,0,0
7.948792,0,0,0,0,0,0
7.950077,0,0,0,0,0,0
7.951362,0,0,0,0,0,0
7.952646,0,0,0,0,0,0
7.953934,0,0,0,0,0,0
7.955220,0,0,0,0,0,0
7.956572,0,0,0,0,0,0
7.958584,0,0,0,0,0,0
7.961589,0,0,0,0,0,0
7.962886,0,0,0,0,0,0
7.964358,0,0,0,0,0,0
7.965682,0,0,0,0,0,0
7.966995,0,0,0,0,0,0
7.968320,0,0,0,0,0,0
7.969602,0,0,0,0,0,0
7.970851,0,0,0,0,0,0
7.972111,0,0,0,0,0,0
7.973316,0,0,0,0,0,0
7.974626,0,0,0,0,0,0
7.975953,0,0,0,0,0,0
7.977238,0,0,0,0,0,0
7.978672,0,0,0,0,0,0
7.979981,0,0,0,0,0,0
7.981354,0,0,0,0,0,0
7.982616,0,0,0,0,0,0
7.983867,0,0,0,0,0,0
7.985118,0,0,0,0,0,0
7.986360,0,0,0,0,0,0
7.987602,0,0,0,0,0,0
7.988853,0,0,0,0,0,0
7.990169,0,0,0,0,0,0
7.991474,0,0,0,0,0,0
7.992779,0,0,0,0,0,0
7.994161,0,0,0,0,0,0
7.995527,0,0,0,0,0,0
7.996997,0,0,0,0,0,0
7.998535,0,0,0,0,0,0
7.999835,0,0,0,0,0,0
8.001176,0,0,0,0,0,0
8.002711,0,0,0,0,0,0
8.004061,0,0,0,0,0,0
8.005360,0,0,0,0,0,0
8.006772,0,0,0,0,0,0
8.008113,0,0,0,0,0,0
8.009406,0,0,0,0,0,0
8.010702,0,0,0,0,0,0
8.011994,0,0,0,0,0,0
8.013489,0,0,0,0,0,0
8.014782,0,0,0,0,0,0
8.016075,0,0,0,0,0,0
8.017373,0,0,0,0,0,0
8.018867,0,0,0,0,0,0
8.020164,0,0,0,0,0,0
8.021461,0,0,0,0,0,0
8.022759,0,0,0,0,0,0
8.024054,0,0,0,0,0,0
8.025933,0,0,0,0,0,0
8.027232,0,0,0,0,0,0
8.028575,0,0,0,0,0,0
8.030032,0,0,0,0,0,0
8.031325,0,0,0,0,0,0
8.032812,0,0,0,0,0,0
8.034337,0,0,0,0,0,0
8.035620,0,0,0,0,0,0
8.036998,0,0,0,0,0,0
8.038368,0,0,0,0,0,0
8.039657,0,0,0,0,0,0
8.040945,0,0,0,0,0,0
8.042256,0,0,0,0,0,0
8.043541,0,0,0,0,0,0
8.044877,0,0,0,0,0,0
8.046160,0,0,0,0,0,0
8.047446,0,0,0,0,0,0
8.048732,0,0,0,0,0,0
8.050016,0,0,0,0,0,0
8.051299,0,0,0,0,0,0
8.052629,0,0,0,0,0,0
8.053918,0,0,0,0,0,0
8.055202,0,0,0,0,0,0
8.056485,0,0,0,0,0,0
8.060883,0,0,0,0,0,0
8.063792,0,0,0,0,0,0
8.066039,0,0,0,0,0,0
8.067537,0,0,0,0,0,0
8.069139,0,0,0,0,0,0
8.070413,0,0,0,0,0,0
8.071680,0,0,0,0,0,0
8.072946,0,0,0,0,0,0
8.074194,0,0,0,0,0,0
8.075435,0,0,0,0,0,0
8.076681,0,0,0,0,0,0
8.078141,0,0,0,0,0,0
8.079409,0,0,0,0,0,0
8.080673,0,0,0,0,0,0
8.081879,0,0,0,0,0,0
8.083152,0,0,0,0,0,0
8.084457,0,0,0,0,0,0
8.085772,0,0,0,0,0,0
8.087114,0,0,0,0,0,0
8.088390,0,0,0,0,0,0
8.089631,0,0,0,0,0,0
8.090873,0,0,0,0,0,0
8.092167,0,0,0,0,0,0
8.093466,0,0,0,0,0,0
8.094758,0,0,0,0,0,0
8.096045,0,0,0,0,0,0
8.097382,0,0,0,0,0,0
8.098848,0,0,0,0,0,0
8.100387,0,0,0,0,0,0
8.101745,0,0,0,0,0,0
8.103040,0,0,0,0,0,0
8.104336,0,0,0,0,0,0
8.105789,0,0,0,0,0,0
8.107283,0,0,0,0,0,0
8.108579,0,0,0,0,0,0
8.109959,0,0,0,0,0,0
8.111424,0,0,0,0,0,0
8.112721,0,0,0,0,0,0
8.114229,0,0,0,0,0,0
8.115593,0,0,0,0,0,0
8.117183,0,0,0,0,0,0
8.118478,0,0,0,0,0,0
8.119769,0,0,0,0,0,0
8.121329,0,0,0,0,0,0
8.122627,0,0,0,0,0,0
8.123978,0,0,0,0,0,0
8.125648,0,0,0,0,0,0
8.127122,0,0,0,0,0,0
8.128478,0,0,0,0,0,0
8.130116,0,0,0,0,0,0
8.131423,0,0,0,0,0,0
8.133574,0,0,0,0,0,0
8.135551,0,0,0,0,0,0
8.136891,0,0,0,0,0,0
8.138172,0,0,0,0,0,0
8.139454,0,0,0,0,0,0
8.140912,0,0,0,0,0,0
8.142200,0,0,0,0,0,0
8.143486,0,0,0,0,0,0
8.144776,0,0,0,0,0,0
8.146063,0,0,0,0,0,0
8.147351,0,0,0,0,0,0
8.149024,0,0,0,0,0,0
8.150375,0,0,0,0,0,0
8.151665,0,0,0,0,0,0
8.152957,0,0,0,0,0,0
8.154238,0,0,0,0,0,0
8.155801,0,0,0,0,0,0
8.159845,0,0,0,0,0,0
8.162030,0,0,0,0,0,0
8.164220,0,0,0,0,0,0
8.165641,0,0,0,0,0,0
8.166868,0,0,0,0,0,0
8.168085,0,0,0,0,0,0
8.169297,0,0,0,0,0,0
8.170506,0,0,0,0,0,0
8.171719,0,0,0,0,0,0
8.172980,0,0,0,0,0,0
8.174169,0,0,0,0,0,0
8.175364,0,0,0,0,0,0
8.176601,0,0,0,0,0,0
8.177879,0,0,0,0,0,0
8.179124,0,0,0,0,0,0
8.180366,0,0,0,0,0,0
8.181607,0,0,0,0,0,0
8.182968,0,0,0,0,0,0
8.184207,0,0,0,0,0,0
8.185448,0,0,0,0,0,0
8.186688,0,0,0,0,0,0
8.187987,0,0,0,0,0,0
8.189282,0,0,0,0,0,0
8.190773,0,0,0,0,0,0
8.192066,0,0,0,0,0,0
8.193360,0,0,0,0,0,0
8.194652,0,0,0,0,0,0
8.196198,0,0,0,0,0,0
8.197698,0,0,0,0,0,0
8.199049,0,0,0,0,0,0
8.200345,0,0,0,0,0,0
8.201896,0,0,0,0,0,0
8.203246,0,0,0,0,0,0
8.204543,0,0,0,0,0,0
8.206039,0,0,0,0,0,0
8.207531,0,0,0,0,0,0
8.208832,0,0,0,0,0,0
8.210127,0,0,0,0,0,0
8.211497,0,0,0,0,0,0
8.212852,0,0,0,0,0,0
8.214149,0,0,0,0,0,0
8.215443,0,0,0,0,0,0
8.216743,0,0,0,0,0,0
8.218199,0,0,0,0,0,0
8.219912,0,0,0,0,0,0
8.221395,0,0,0,0,0,0
8.222863,0,0,0,0,0,0
8.224152,0,0,0,0,0,0
8.225478,0,0,0,0,0,0
8.226796,0,0,0,0,0,0
8.228353,0,0,0,0,0,0
8.229653,0,0,0,0,0,0
8.231164,0,0,0,0,0,0
8.232638,0,0,0,0,0,0
8.233973,0,0,0,0,0,0
8.235261,0,0,0,0,0,0
8.236596,0,0,0,0,0,0
8.237888,0,0,0,0,0,0
8.239174,0,0,0,0,0,0
8.240461,0,0,0,0,0,0
8.241746,0,0,0,0,0,0
8.243031,0,0,0,0,0,0
8.244361,0,0,0,0,0,0
8.245650,0,0,0,0,0,0
8.246936,0,0,0,0,0,0
8.248221,0,0,0,0,0,0
8.249509,0,0,0,0,0,0
8.250793,0,0,0,0,0,0
8.252123,0,0,0,0,0,0
8.253411,0,0,0,0,0,0
8.254695,0,0,0,0,0,0
8.256196,0,0,0,0,0,0
8.262349,0,0,0,0,0,0
8.263672,0,0,0,0,0,0
8.264976,0,0,0,0,0,0
8.266274,0,0,0,0,0,0
8.267570,0,0,0,0,0,0
8.268820,0,0,0,0,0,0
8.270092,0,0,0,0,0,0
8.271353,0,0,0,0,0,0
8.272595,0,0,0,0,0,0
8.273851,0,0,0,0,0,0
8.275112,0,0,0,0,0,0
8.276458,0,0,0,0,0,0
8.277803,0,0,0,0,0,0
8.279116,0,0,0,0,0,0
8.280429,0,0,0,0,0,0
8.281689,0,0,0,0,0,0
8.283031,0,0,0,0,0,0
8.284288,0,0,0,0,0,0
8.285529,0,0,0,0,0,0
8.286768,0,0,0,0,0,0
8.288007,0,0,0,0,0,0
8.289246,0,0,0,0,0,0
8.290484,0,0,0,0,0,0
8.291721,0,0,0,0,0,0
8.293120,0,0,0,0,0,0
8.294413,0,0,0,0,0,0
8.295708,0,0,0,0,0,0
8.297004,0,0,0,0,0,0
8.298299,0,0,0,0,0,0
8.299763,0,0,0,0,0,0
8.301122,0,0,0,0,0,0
8.302416,0,0,0,0,0,0
8.303708,0,0,0,0,0,0
8.305164,0,0,0,0,0,0
8.306457,0,0,0,0,0,0
8.307748,0,0,0,0,0,0
8.309120,0,0,0,0,0,0
8.310412,0,0,0,0,0,0
8.311707,0,0,0,0,0,0
8.313002,0,0,0,0,0,0
8.314292,0,0,0,0,0,0
8.315584,0,0,0,0,0,0
8.316881,0,0,0,0,0,0
8.318245,0,0,0,0,0,0
8.320063,0,0,0,0,0,0
8.321574,0,0,0,0,0,0
8.323042,0,0,0,0,0,0
8.324437,0,0,0,0,0,0
8.325732,0,0,0,0,0,0
8.327182,0,0,0,0,0,0
8.328905,0,0,0,0,0,0
8.330367,0,0,0,0,0,0
8.331717,0,0,0,0,0,0
8.333055,0,0,0,0,0,0
8.334345,0,0,0,0,0,0
8.335630,0,0,0,0,0,0
8.336916,0,0,0,0,0,0
8.338296,0,0,0,0,0,0
8.339582,0,0,0,0,0,0
8.341149,0,0,0,0,0,0
8.342499,0,0,0,0,0,0
8.343977,0,0,0,0,0,0
8.345319,0,0,0,0,0,0
8.346611,0,0,0,0,0,0
8.347959,0,0,0,0,0,0
8.349248,0,0,0,0,0,0
8.350533,0,0,0,0,0,0
8.351818,0,0,0,0,0,0
8.353105,0,0,0,0,0,0
8.354389,0,0,0,0,0,0
8.360077,0,0,0,0,0,0
8.361508,0,0,0,0,0,0
8.365461,0,0,0,0,0,0
8.366766,0,0,0,0,0,0
8.367988,0,0,0,0,0,0
8.369261,0,0,0,0,0,0
8.370478,0,0,0,0,0,0
8.371739,0,0,0,0,0,0
8.372994,0,0,0,0,0,0
8.374266,0,0,0,0,0,0
8.375568,0,0,0,0,0,0
8.376843,0,0,0,0,0,0
8.378107,0,0,0,0,0,0
8.379367,0,0,0,0,0,0
8.380617,0,0,0,0,0,0
8.381942,0,0,0,0,0,0
8.383190,0,0,0,0,0,0
8.384429,0,0,0,0,0,0
8.385670,0,0,0,0,0,0
8.386911,0,0,0,0,0,0
8.388205,0,0,0,0,0,0
8.389605,0,0,0,0,0,0
8.390896,0,0,0,0,0,0
8.392186,0,0,0,0,0,0
8.393472,0,0,0,0,0,0
8.394755,0,0,0,0,0,0
8.396137,0,0,0,0,0,0
8.397607,0,0,0,0,0,0
8.399028,0,0,0,0,0,0
8.400317,0,0,0,0,0,0
8.401681,0,0,0,0,0,0
8.402972,0,0,0,0,0,0
8.404309,0,0,0,0,0,0
8.405666,0,0,0,0,0,0
8.407202,0,0,0,0,0,0
8.408657,0,0,0,0,0,0
8.409986,0,0,0,0,0,0
8.411394,0,0,0,0,0,0
8.413257,0,0,0,0,0,0
8.414557,0,0,0,0,0,0
8.415851,0,0,0,0,0,0
8.417264,0,0,0,0,0,0
8.418556,0,0,0,0,0,0
8.419898,0,0,0,0,0,0
8.421199,0,0,0,0,0,0
8.422644,0,0,0,0,0,0
8.423975,0,0,0,0,0,0
8.425268,0,0,0,0,0,0
8.426564,0,0,0,0,0,0
8.427910,0,0,0,0,0,0
8.429206,0,0,0,0,0,0
8.430553,0,0,0,0,0,0
8.431847,0,0,0,0,0,0
8.433315,0,0,0,0,0,0
8.434605,0,0,0,0,0,0
8.436135,0,0,0,0,0,0
8.437482,0,0,0,0,0,0
8.438776,0,0,0,0,0,0
8.440063,0,0,0,0,0,0
8.441355,0,0,0,0,0,0
8.442642,0,0,0,0,0,0
8.443977,0,0,0,0,0,0
8.445268,0,0,0,0,0,0
8.446554,0,0,0,0,0,0
8.447841,0,0,0,0,0,0
8.449132,0,0,0,0,0,0
8.450417,0,0,0,0,0,0
8.451702,0,0,0,0,0,0
8.453041,0,0,0,0,0,0
8.454321,0,0,0,0,0,0
8.455920,0,0,0,0,0,0
8.460096,0,0,0,0,0,0
8.461504,0,0,0,0,0,0
8.462825,0,0,0,0,0,0
8.464123,0,0,0,0,0,0
8.465458,0,0,0,0,0,0
8.466711,0,0,0,0,0,0
8.467989,0,0,0,0,0,0
8.469255,0,0,0,0,0,0
8.470528,0,0,0,0,0,0
8.471811,0,0,0,0,0,0
8.473088,0,0,0,0,0,0
8.474367,0,0,0,0,0,0
8.475629,0,0,0,0,0,0
8.476898,0,0,0,0,0,0
8.478137,0,0,0,0,0,0
8.479376,0,0,0,0,0,0
8.480694,0,0,0,0,0,0
8.481947,0,0,0,0,0,0
8.483190,0,0,0,0,0,0
8.484438,0,0,0,0,0,0
8.485699,0,0,0,0,0,0
8.486959,0,0,0,0,0,0
8.488219,0,0,0,0,0,0
8.489559,0,0,0,0,0,0
8.490931,0,0,0,0,0,0
8.492241,0,0,0,0,0,0
8.493708,0,0,0,0,0,0
8.495013,0,0,0,0,0,0
8.496507,0,0,0,0,0,0
8.497886,0,0,0,0,0,0
8.499181,0,0,0,0,0,0
8.500613,0,0,0,0,0,0
8.501918,0,0,0,0,0,0
8.503210,0,0,0,0,0,0
8.504503,0,0,0,0,0,0
8.506018,0,0,0,0,0,0
8.507520,0,0,0,0,0,0
8.508822,0,0,0,0,0,0
8.510111,0,0,0,0,0,0
8.511617,0,0,0,0,0,0
8.512970,0,0,0,0,0,0
8.514263,0,0,0,0,0,0
8.515550,0,0,0,0,0,0
8.516954,0,0,0,0,0,0
8.518424,0,0,0,0,0,0
8.519862,0,0,0,0,0,0
8.521158,0,0,0,0,0,0
8.522602,0,0,0,0,0,0
8.524321,0,0,0,0,0,0
8.525622,0,0,0,0,0,0
8.527076,0,0,0,0,0,0
8.528747,0,0,0,0,0,0
8.530026,0,0,0,0,0,0
8.531692,0,0,0,0,0,0
8.533041,0,0,0,0,0,0
8.534333,0,0,0,0,0,0
8.535621,0,0,0,0,0,0
8.536911,0,0,0,0,0,0
8.538199,0,0,0,0,0,0
8.539483,0,0,0,0,0,0
8.540819,0,0,0,0,0,0
8.542105,0,0,0,0,0,0
8.543390,0,0,0,0,0,0
8.544676,0,0,0,0,0,0
8.545962,0,0,0,0,0,0
8.547247,0,0,0,0,0,0
8.548579,0,0,0,0,0,0
8.549868,0,0,0,0,0,0
8.551154,0,0,0,0,0,0
8.552440,0,0,0,0,0,0
8.553728,0,0,0,0,0,0
8.555014,0,0,0,0,0,0
8.556346,0,0,0,0,0,0
8.560777,0,0,0,0,0,0
8.562081,0,0,0,0,0,0
8.563379,0,0,0,0,0,0
8.564960,0,0,0,0,0,0
8.566278,0,0,0,0,0,0
8.567578,0,0,0,0,0,0
8.568842,0,0,0,0,0,0
8.570056,0,0,0,0,0,0
8.571359,0,0,0,0,0,0
8.572698,0,0,0,0,0,0
8.573994,0,0,0,0,0,0
8.575399,0,0,0,0,0,0
8.576645,0,0,0,0,0,0
8.577891,0,0,0,0,0,0
8.579135,0,0,0,0,0,0
8.580383,0,0,0,0,0,0
8.581664,0,0,0,0,0,0
8.582909,0,0,0,0,0,0
8.584149,0,0,0,0,0,0
8.585393,0,0,0,0,0,0
8.586726,0,0,0,0,0,0
8.588011,0,0,0,0,0,0
8.589387,0,0,0,0,0,0
8.590738,0,0,0,0,0,0
8.592035,0,0,0,0,0,0
8.593328,0,0,0,0,0,0
8.594622,0,0,0,0,0,0
8.595966,0,0,0,0,0,0
8.597351,0,0,0,0,0,0
8.598693,0,0,0,0,0,0
8.600108,0,0,0,0,0,0
8.601409,0,0,0,0,0,0
8.602703,0,0,0,0,0,0
8.604046,0,0,0,0,0,0
8.605495,0,0,0,0,0,0
8.606981,0,0,0,0,0,0
8.608277,0,0,0,0,0,0
8.609568,0,0,0,0,0,0
8.611048,0,0,0,0,0,0
8.612341,0,0,0,0,0,0
8.613635,0,0,0,0,0,0
8.614927,0,0,0,0,0,0
8.616436,0,0,0,0,0,0
8.617907,0,0,0,0,0,0
8.619263,0,0,0,0,0,0
8.620556,0,0,0,0,0,0
8.621984,0,0,0,0,0,0
8.623469,0,0,0,0,0,0
8.624770,0,0,0,0,0,0
8.626063,0,0,0,0,0,0
8.627547,0,0,0,0,0,0
8.629138,0,0,0,0,0,0
8.630428,0,0,0,0,0,0
8.631958,0,0,0,0,0,0
8.633245,0,0,0,0,0,0
8.634956,0,0,0,0,0,0
8.636349,0,0,0,0,0,0
8.637654,0,0,0,0,0,0
8.638947,0,0,0,0,0,0
8.640235,0,0,0,0,0,0
8.641527,0,0,0,0,0,0
8.642814,0,0,0,0,0,0
8.644146,0,0,0,0,0,0
8.645434,0,0,0,0,0,0
8.646720,0,0,0,0,0,0
8.648005,0,0,0,0,0,0
8.649292,0,0,0,0,0,0
8.650571,0,0,0,0,0,0
8.651896,0,0,0,0,0,0
8.653178,0,0,0,0,0,0
8.654463,0,0,0,0,0,0
8.655749,0,0,0,0,0,0
8.657404,0,0,0,0,0,0
8.659079,0,0,0,0,0,0
8.660530,0,0,0,0,0,0
8.662293,0,0,0,0,0,0
8.663814,0,0,0,0,0,0
8.666106,0,0,0,0,0,0
8.668336,0,0,0,0,0,0
8.669777,0,0,0,0,0,0
8.671207,0,0,0,0,0,0
8.672597,0,0,0,0,0,0
8.674128,0,0,0,0,0,0
8.675581,0,0,0,0,0,0
8.676932,0,0,0,0,0,0
8.678234,0,0,0,0,0,0
8.679490,0,0,0,0,0,0
8.680783,0,0,0,0,0,0
8.682042,0,0,0,0,0,0
8.683293,0,0,0,0,0,0
8.684540,0,0,0,0,0,0
8.685909,0,0,0,0,0,0
8.687147,0,0,0,0,0,0
8.688385,0,0,0,0,0,0
8.689623,0,0,0,0,0,0
8.690860,0,0,0,0,0,0
8.692149,0,0,0,0,0,0
8.693436,0,0,0,0,0,0
8.694923,0,0,0,0,0,0
8.696212,0,0,0,0,0,0
8.697496,0,0,0,0,0,0
8.698785,0,0,0,0,0,0
8.700322,0,0,0,0,0,0
8.701619,0,0,0,0,0,0
8.702910,0,0,0,0,0,0
8.704205,0,0,0,0,0,0
8.705499,0,0,0,0,0,0
8.707163,0,0,0,0,0,0
8.708462,0,0,0,0,0,0
8.709757,0,0,0,0,0,0
8.711246,0,0,0,0,0,0
8.712537,0,0,0,0,0,0
8.714441,0,0,0,0,0,0
8.715795,0,0,0,0,0,0
8.717146,0,0,0,0,0,0
8.718441,0,0,0,0,0,0
8.719734,0,0,0,0,0,0
8.721133,0,0,0,0,0,0
8.722736,0,0,0,0,0,0
8.724404,0,0,0,0,0,0
8.725709,0,0,0,0,0,0
8.727007,0,0,0,0,0,0
8.728301,0,0,0,0,0,0
8.729597,0,0,0,0,0,0
8.730889,0,0,0,0,0,0
8.732219,0,0,0,0,0,0
8.733513,0,0,0,0,0,0
8.734808,0,0,0,0,0,0
8.736101,0,0,0,0,0,0
8.737389,0,0,0,0,0,0
8.738674,0,0,0,0,0,0
8.741050,0,0,0,0,0,0
8.743243,0,0,0,0,0,0
8.744799,0,0,0,0,0,0
8.746147,0,0,0,0,0,0
8.747449,0,0,0,0,0,0
8.748801,0,0,0,0,0,0
8.750084,0,0,0,0,0,0
8.751363,0,0,0,0,0,0
8.752643,0,0,0,0,0,0
8.753988,0,0,0,0,0,0
8.755277,0,0,0,0,0,0
8.756910,0,0,0,0,0,0
8.761115,0,0,0,0,0,0
8.762418,0,0,0,0,0,0
8.763714,0,0,0,0,0,0
8.765130,0,0,0,0,0,0
8.766410,0,0,0,0,0,0
8.767628,0,0,0,0,0,0
8.768894,0,0,0,0,0,0
8.770108,0,0,0,0,0,0
8.771362,0,0,0,0,0,0
8.772579,0,0,0,0,0,0
8.773872,0,0,0,0,0,0
8.775146,0,0,0,0,0,0
8.776387,0,0,0,0,0,0
8.777636,0,0,0,0,0,0
8.778874,0,0,0,0,0,0
8.780121,0,0,0,0,0,0
8.781367,0,0,0,0,0,0
8.782607,0,0,0,0,0,0
8.783913,0,0,0,0,0,0
8.785155,0,0,0,0,0,0
8.786396,0,0,0,0,0,0
8.787637,0,0,0,0,0,0
8.788901,0,0,0,0,0,0
8.790198,0,0,0,0,0,0
8.791651,0,0,0,0,0,0
8.793155,0,0,0,0,0,0
8.794577,0,0,0,0,0,0
8.796081,0,0,0,0,0,0
8.797377,0,0,0,0,0,0
8.798672,0,0,0,0,0,0
8.799969,0,0,0,0,0,0
8.801266,0,0,0,0,0,0
8.802703,0,0,0,0,0,0
8.804047,0,0,0,0,0,0
8.805339,0,0,0,0,0,0
8.806634,0,0,0,0,0,0
8.808103,0,0,0,0,0,0
8.809514,0,0,0,0,0,0
8.810843,0,0,0,0,0,0
8.812225,0,0,0,0,0,0
8.813598,0,0,0,0,0,0
8.814973,0,0,0,0,0,0
8.816276,0,0,0,0,0,0
8.817570,0,0,0,0,0,0
8.818867,0,0,0,0,0,0
8.820253,0,0,0,0,0,0
8.821738,0,0,0,0,0,0
8.823037,0,0,0,0,0,0
8.824332,0,0,0,0,0,0
8.825958,0,0,0,0,0,0
8.827260,0,0,0,0,0,0
8.828606,0,0,0,0,0,0
8.829908,0,0,0,0,0,0
8.831203,0,0,0,0,0,0
8.832499,0,0,0,0,0,0
8.833793,0,0,0,0,0,0
8.835090,0,0,0,0,0,0
8.836429,0,0,0,0,0,0
8.837719,0,0,0,0,0,0
8.839006,0,0,0,0,0,0
8.840291,0,0,0,0,0,0
8.841579,0,0,0,0,0,0
8.842866,0,0,0,0,0,0
8.844198,0,0,0,0,0,0
8.845488,0,0,0,0,0,0
8.846773,0,0,0,0,0,0
8.848058,0,0,0,0,0,0
8.849345,0,0,0,0,0,0
8.850630,0,0,0,0,0,0
8.851962,0,0,0,0,0,0
8.853249,0,0,0,0,0,0
8.854534,0,0,0,0,0,0
8.855819,0,0,0,0,0,0
8.857299,0,0,0,0,0,0
8.860853,0,0,0,0,0,0
8.862169,0,0,0,0,0,0
8.863489,0,0,0,0,0,0
8.865346,0,0,0,0,0,0
8.866720,0,0,0,0,0,0
8.868066,0,0,0,0,0,0
8.869360,0,0,0,0,0,0
8.870625,0,0,0,0,0,0
8.871839,0,0,0,0,0,0
8.873094,0,0,0,0,0,0
8.874380,0,0,0,0,0,0
8.875521,0,0,0,0,0,0
8.876959,0,0,0,0,0,0
8.878276,0,0,0,0,0,0
8.879538,0,0,0,0,0,0
8.880822,0,0,0,0,0,0
8.882088,0,0,0,0,0,0
8.883344,0,0,0,0,0,0
8.884652,0,0,0,0,0,0
8.885780,0,0,0,0,0,0
8.887035,0,0,0,0,0,0
8.888290,0,0,0,0,0,0
8.889547,0,0,0,0,0,0
8.890804,0,0,0,0,0,0
8.892119,0,0,0,0,0,0
8.893408,0,0,0,0,0,0
8.894697,0,0,0,0,0,0
8.895988,0,0,0,0,0,0
8.897278,0,0,0,0,0,0
8.898566,0,0,0,0,0,0
8.899906,0,0,0,0,0,0
8.901327,0,0,0,0,0,0
8.902854,0,0,0,0,0,0
8.904149,0,0,0,0,0,0
8.905445,0,0,0,0,0,0
8.906872,0,0,0,0,0,0
8.908213,0,0,0,0,0,0
8.909563,0,0,0,0,0,0
8.910859,0,0,0,0,0,0
8.912148,0,0,0,0,0,0
8.913441,0,0,0,0,0,0
8.914733,0,0,0,0,0,0
8.916076,0,0,0,0,0,0
8.917371,0,0,0,0,0,0
8.918860,0,0,0,0,0,0
8.920163,0,0,0,0,0,0
8.921457,0,0,0,0,0,0
8.922749,0,0,0,0,0,0
8.924268,0,0,0,0,0,0
8.925600,0,0,0,0,0,0
8.926899,0,0,0,0,0,0
8.928194,0,0,0,0,0,0
8.929489,0,0,0,0,0,0
8.930782,0,0,0,0,0,0
8.932526,0,0,0,0,0,0
8.934392,0,0,0,0,0,0
8.935680,0,0,0,0,0,0
8.936962,0,0,0,0,0,0
8.938243,0,0,0,0,0,0
8.939523,0,0,0,0,0,0
8.940901,0,0,0,0,0,0
8.942188,0,0,0,0,0,0
8.943519,0,0,0,0,0,0
8.944862,0,0,0,0,0,0
8.946175,0,0,0,0,0,0
8.947459,0,0,0,0,0,0
8.948794,0,0,0,0,0,0
8.950079,0,0,0,0,0,0
8.951362,0,0,0,0,0,0
8.952647,0,0,0,0,0,0
8.953933,0,0,0,0,0,0
8.955217,0,0,0,0,0,0
8.956545,0,0,0,0,0,0
8.959776,0,0,0,0,0,0
8.961081,0,0,0,0,0,0
8.964993,0,0,0,0,0,0
8.966329,0,0,0,0,0,0
8.967578,0,0,0,0,0,0
8.968874,0,0,0,0,0,0
8.970359,0,0,0,0,0,0
8.971686,0,0,0,0,0,0
8.972993,0,0,0,0,0,0
8.974209,0,0,0,0,0,0
8.975417,0,0,0,0,0,0
8.976629,0,0,0,0,0,0
8.977885,0,0,0,0,0,0
8.979119,0,0,0,0,0,0
8.980367,0,0,0,0,0,0
8.981561,0,0,0,0,0,0
8.982839,0,0,0,0,0,0
8.984083,0,0,0,0,0,0
8.985328,0,0,0,0,0,0
8.986659,0,0,0,0,0,0
8.987986,0,0,0,0,0,0
8.989283,0,0,0,0,0,0
8.990574,0,0,0,0,0,0
8.991865,0,0,0,0,0,0
8.993157,0,0,0,0,0,0
8.994571,0,0,0,0,0,0
8.995912,0,0,0,0,0,0
8.997218,0,0,0,0,0,0
8.998514,0,0,0,0,0,0
9.000005,0,0,0,0,0,0
9.001334,0,0,0,0,0,0
9.002686,0,0,0,0,0,0
9.004033,0,0,0,0,0,0
9.005421,0,0,0,0,0,0
9.006928,0,0,0,0,0,0
9.008228,0,0,0,0,0,0
9.009525,0,0,0,0,0,0
9.011008,0,0,0,0,0,0
9.012354,0,0,0,0,0,0
9.013647,0,0,0,0,0,0
9.014944,0,0,0,0,0,0
9.016420,0,0,0,0,0,0
9.017847,0,0,0,0,0,0
9.019201,0,0,0,0,0,0
9.020498,0,0,0,0,0,0
9.021840,0,0,0,0,0,0
9.023563,0,0,0,0,0,0
9.024867,0,0,0,0,0,0
9.026319,0,0,0,0,0,0
9.027992,0,0,0,0,0,0
9.029290,0,0,0,0,0,0
9.030584,0,0,0,0,0,0
9.031973,0,0,0,0,0,0
9.033268,0,0,0,0,0,0
9.034558,0,0,0,0,0,0
9.035891,0,0,0,0,0,0
9.037175,0,0,0,0,0,0
9.038459,0,0,0,0,0,0
9.039743,0,0,0,0,0,0
9.041029,0,0,0,0,0,0
9.042340,0,0,0,0,0,0
9.043808,0,0,0,0,0,0
9.045164,0,0,0,0,0,0
9.046631,0,0,0,0,0,0
9.048139,0,0,0,0,0,0
9.049471,0,0,0,0,0,0
9.050758,0,0,0,0,0,0
9.052281,0,0,0,0,0,0
9.053842,0,0,0,0,0,0
9.055218,0,0,0,0,0,0
9.056810,0,0,0,0,0,0
9.061193,0,0,0,0,0,0
9.062558,0,0,0,0,0,0
9.063852,0,0,0,0,0,0
9.066605,0,0,0,0,0,0
9.068042,0,0,0,0,0,0
9.069373,0,0,0,0,0,0
9.070620,0,0,0,0,0,0
9.071838,0,0,0,0,0,0
9.073047,0,0,0,0,0,0
9.074278,0,0,0,0,0,0
9.075486,0,0,0,0,0,0
9.076700,0,0,0,0,0,0
9.077972,0,0,0,0,0,0
9.079243,0,0,0,0,0,0
9.080503,0,0,0,0,0,0
9.081897,0,0,0,0,0,0
9.083146,0,0,0,0,0,0
9.084395,0,0,0,0,0,0
9.085657,0,0,0,0,0,0
9.086916,0,0,0,0,0,0
9.088177,0,0,0,0,0,0
9.089545,0,0,0,0,0,0
9.090945,0,0,0,0,0,0
9.092222,0,0,0,0,0,0
9.093520,0,0,0,0,0,0
9.095023,0,0,0,0,0,0
9.096374,0,0,0,0,0,0
9.097670,0,0,0,0,0,0
9.098963,0,0,0,0,0,0
9.100311,0,0,0,0,0,0
9.101689,0,0,0,0,0,0
9.103235,0,0,0,0,0,0
9.104531,0,0,0,0,0,0
9.106086,0,0,0,0,0,0
9.107590,0,0,0,0,0,0
9.108894,0,0,0,0,0,0
9.110185,0,0,0,0,0,0
9.111685,0,0,0,0,0,0
9.113083,0,0,0,0,0,0
9.114608,0,0,0,0,0,0
9.115996,0,0,0,0,0,0
9.117661,0,0,0,0,0,0
9.118958,0,0,0,0,0,0
9.120387,0,0,0,0,0,0
9.122150,0,0,0,0,0,0
9.123605,0,0,0,0,0,0
9.124891,0,0,0,0,0,0
9.126225,0,0,0,0,0,0
9.127527,0,0,0,0,0,0
9.128828,0,0,0,0,0,0
9.130119,0,0,0,0,0,0
9.131406,0,0,0,0,0,0
9.132700,0,0,0,0,0,0
9.134132,0,0,0,0,0,0
9.135629,0,0,0,0,0,0
9.137109,0,0,0,0,0,0
9.138628,0,0,0,0,0,0
9.140027,0,0,0,0,0,0
9.141328,0,0,0,0,0,0
9.142618,0,0,0,0,0,0
9.143904,0,0,0,0,0,0
9.145194,0,0,0,0,0,0
9.146480,0,0,0,0,0,0
9.147766,0,0,0,0,0,0
9.149102,0,0,0,0,0,0
9.150388,0,0,0,0,0,0
9.151674,0,0,0,0,0,0
9.152963,0,0,0,0,0,0
9.154249,0,0,0,0,0,0
9.155534,0,0,0,0,0,0
9.156869,0,0,0,0,0,0
9.158237,0,0,0,0,0,0
9.163048,0,0,0,0,0,0
9.164428,0,0,0,0,0,0
9.165723,0,0,0,0,0,0
9.167019,0,0,0,0,0,0
9.168395,0,0,0,0,0,0
9.169696,0,0,0,0,0,0
9.170981,0,0,0,0,0,0
9.172268,0,0,0,0,0,0
9.173604,0,0,0,0,0,0
9.175170,0,0,0,0,0,0
9.176480,0,0,0,0,0,0
9.177838,0,0,0,0,0,0
9.179462,0,0,0,0,0,0
9.180765,0,0,0,0,0,0
9.182140,0,0,0,0,0,0
9.183793,0,0,0,0,0,0
9.185235,0,0,0,0,0,0
9.186569,0,0,0,0,0,0
9.187890,0,0,0,0,0,0
9.189260,0,0,0,0,0,0
9.190494,0,0,0,0,0,0
9.191792,0,0,0,0,0,0
9.193048,0,0,0,0,0,0
9.194306,0,0,0,0,0,0
9.195558,0,0,0,0,0,0
9.196830,0,0,0,0,0,0
9.198619,0,0,0,0,0,0
9.200047,0,0,0,0,0,0
9.201570,0,0,0,0,0,0
9.202858,0,0,0,0,0,0
9.204209,0,0,0,0,0,0
9.205502,0,0,0,0,0,0
9.206948,0,0,0,0,0,0
9.208441,0,0,0,0,0,0
9.209743,0,0,0,0,0,0
9.211036,0,0,0,0,0,0
9.212527,0,0,0,0,0,0
9.213894,0,0,0,0,0,0
9.215189,0,0,0,0,0,0
9.216479,0,0,0,0,0,0
9.218218,0,0,0,0,0,0
9.219409,0,0,0,0,0,0
9.220822,0,0,0,0,0,0
9.222120,0,0,0,0,0,0
9.223819,0,0,0,0,0,0
9.225345,0,0,0,0,0,0
9.226761,0,0,0,0,0,0
9.228235,0,0,0,0,0,0
9.229595,0,0,0,0,0,0
9.230891,0,0,0,0,0,0
9.232186,0,0,0,0,0,0
9.233656,0,0,0,0,0,0
9.235047,0,0,0,0,0,0
9.236499,0,0,0,0,0,0
9.237791,0,0,0,0,0,0
9.239079,0,0,0,0,0,0
9.240365,0,0,0,0,0,0
9.241656,0,0,0,0,0,0
9.242942,0,0,0,0,0,0
9.244276,0,0,0,0,0,0
9.245564,0,0,0,0,0,0
9.246849,0,0,0,0,0,0
9.248135,0,0,0,0,0,0
9.249423,0,0,0,0,0,0
9.250708,0,0,0,0,0,0
9.252039,0,0,0,0,0,0
9.253327,0,0,0,0,0,0
9.254611,0,0,0,0,0,0
9.255897,0,0,0,0,0,0
9.257185,0,0,0,0,0,0
9.261127,0,0,0,0,0,0
9.262482,0,0,0,0,0,0
9.263805,0,0,0,0,0,0
9.265158,0,0,0,0,0,0
9.266482,0,0,0,0,0,0
9.267936,0,0,0,0,0,0
9.269376,0,0,0,0,0,0
9.270642,0,0,0,0,0,0
9.271900,0,0,0,0,0,0
9.273158,0,0,0,0,0,0
9.274521,0,0,0,0,0,0
9.275742,0,0,0,0,0,0
9.277041,0,0,0,0,0,0
9.278290,0,0,0,0,0,0
9.279529,0,0,0,0,0,0
9.280769,0,0,0,0,0,0
9.282011,0,0,0,0,0,0
9.283339,0,0,0,0,0,0
9.284586,0,0,0,0,0,0
9.285845,0,0,0,0,0,0
9.287101,0,0,0,0,0,0
9.288362,0,0,0,0,0,0
9.289620,0,0,0,0,0,0
9.291028,0,0,0,0,0,0
9.292447,0,0,0,0,0,0
9.293896,0,0,0,0,0,0
9.295383,0,0,0,0,0,0
9.296834,0,0,0,0,0,0
9.298131,0,0,0,0,0,0
9.299425,0,0,0,0,0,0
9.300723,0,0,0,0,0,0
9.302207,0,0,0,0,0,0
9.303568,0,0,0,0,0,0
9.304866,0,0,0,0,0,0
9.306155,0,0,0,0,0,0
9.307614,0,0,0,0,0,0
9.309058,0,0,0,0,0,0
9.310432,0,0,0,0,0,0
9.311726,0,0,0,0,0,0
9.313024,0,0,0,0,0,0
9.314318,0,0,0,0,0,0
9.315612,0,0,0,0,0,0
9.316915,0,0,0,0,0,0
9.318207,0,0,0,0,0,0
9.320242,0,0,0,0,0,0
9.321537,0,0,0,0,0,0
9.322854,0,0,0,0,0,0
9.324641,0,0,0,0,0,0
9.326088,0,0,0,0,0,0
9.327405,0,0,0,0,0,0
9.328779,0,0,0,0,0,0
9.330052,0,0,0,0,0,0
9.331347,0,0,0,0,0,0
9.333004,0,0,0,0,0,0
9.334363,0,0,0,0,0,0
9.335887,0,0,0,0,0,0
9.337182,0,0,0,0,0,0
9.338468,0,0,0,0,0,0
9.339755,0,0,0,0,0,0
9.341091,0,0,0,0,0,0
9.342377,0,0,0,0,0,0
9.343664,0,0,0,0,0,0
9.344952,0,0,0,0,0,0
9.346236,0,0,0,0,0,0
9.347521,0,0,0,0,0,0
9.348854,0,0,0,0,0,0
9.350133,0,0,0,0,0,0
9.351411,0,0,0,0,0,0
9.352688,0,0,0,0,0,0
9.354363,0,0,0,0,0,0
9.355791,0,0,0,0,0,0
9.357329,0,0,0,0,0,0
9.361927,0,0,0,0,0,0
9.364533,0,0,0,0,0,0
9.365858,0,0,0,0,0,0
9.367160,0,0,0,0,0,0
9.368460,0,0,0,0,0,0
9.369775,0,0,0,0,0,0
9.371046,0,0,0,0,0,0
9.372445,0,0,0,0,0,0
9.373762,0,0,0,0,0,0
9.375058,0,0,0,0,0,0
9.376357,0,0,0,0,0,0
9.377653,0,0,0,0,0,0
9.378942,0,0,0,0,0,0
9.380302,0,0,0,0,0,0
9.381568,0,0,0,0,0,0
9.382824,0,0,0,0,0,0
9.384172,0,0,0,0,0,0
9.385426,0,0,0,0,0,0
9.386683,0,0,0,0,0,0
9.387930,0,0,0,0,0,0
9.389173,0,0,0,0,0,0
9.390412,0,0,0,0,0,0
9.391652,0,0,0,0,0,0
9.393060,0,0,0,0,0,0
9.394302,0,0,0,0,0,0
9.395541,0,0,0,0,0,0
9.396804,0,0,0,0,0,0
9.398096,0,0,0,0,0,0
9.399384,0,0,0,0,0,0
9.400887,0,0,0,0,0,0
9.402177,0,0,0,0,0,0
9.403472,0,0,0,0,0,0
9.404771,0,0,0,0,0,0
9.406069,0,0,0,0,0,0
9.407655,0,0,0,0,0,0
9.409231,0,0,0,0,0,0
9.410724,0,0,0,0,0,0
9.412102,0,0,0,0,0,0
9.413401,0,0,0,0,0,0
9.414794,0,0,0,0,0,0
9.416105,0,0,0,0,0,0
9.417701,0,0,0,0,0,0
9.419026,0,0,0,0,0,0
9.420538,0,0,0,0,0,0
9.421868,0,0,0,0,0,0
9.423170,0,0,0,0,0,0
9.424467,0,0,0,0,0,0
9.425766,0,0,0,0,0,0
9.427159,0,0,0,0,0,0
9.428839,0,0,0,0,0,0
9.430138,0,0,0,0,0,0
9.431434,0,0,0,0,0,0
9.432732,0,0,0,0,0,0
9.434025,0,0,0,0,0,0
9.435319,0,0,0,0,0,0
9.436659,0,0,0,0,0,0
9.437951,0,0,0,0,0,0
9.439238,0,0,0,0,0,0
9.440524,0,0,0,0,0,0
9.441883,0,0,0,0,0,0
9.443169,0,0,0,0,0,0
9.444501,0,0,0,0,0,0
9.445785,0,0,0,0,0,0
9.447070,0,0,0,0,0,0
9.448354,0,0,0,0,0,0
9.449642,0,0,0,0,0,0
9.450921,0,0,0,0,0,0
9.452246,0,0,0,0,0,0
9.453528,0,0,0,0,0,0
9.454900,0,0,0,0,0,0
9.456186,0,0,0,0,0,0
9.457538,0,0,0,0,0,0
9.461205,0,0,0,0,0,0
9.462657,0,0,0,0,0,0
9.464205,0,0,0,0,0,0
9.465669,0,0,0,0,0,0
9.467005,0,0,0,0,0,0
9.468337,0,0,0,0,0,0
9.469490,0,0,0,0,0,0
9.470801,0,0,0,0,0,0
9.472070,0,0,0,0,0,0
9.473329,0,0,0,0,0,0
9.474588,0,0,0,0,0,0
9.475904,0,0,0,0,0,0
9.477154,0,0,0,0,0,0
9.478573,0,0,0,0,0,0
9.479852,0,0,0,0,0,0
9.481095,0,0,0,0,0,0
9.482335,0,0,0,0,0,0
9.483576,0,0,0,0,0,0
9.484826,0,0,0,0,0,0
9.486150,0,0,0,0,0,0
9.487405,0,0,0,0,0,0
9.488662,0,0,0,0,0,0
9.489924,0,0,0,0,0,0
9.491225,0,0,0,0,0,0
9.492498,0,0,0,0,0,0
9.493787,0,0,0,0,0,0
9.495077,0,0,0,0,0,0
9.496366,0,0,0,0,0,0
9.497653,0,0,0,0,0,0
9.498942,0,0,0,0,0,0
9.500228,0,0,0,0,0,0
9.501555,0,0,0,0,0,0
9.502858,0,0,0,0,0,0
9.504144,0,0,0,0,0,0
9.505437,0,0,0,0,0,0
9.506727,0,0,0,0,0,0
9.508169,0,0,0,0,0,0
9.509659,0,0,0,0,0,0
9.510960,0,0,0,0,0,0
9.512253,0,0,0,0,0,0
9.513684,0,0,0,0,0,0
9.515032,0,0,0,0,0,0
9.516328,0,0,0,0,0,0
9.517622,0,0,0,0,0,0
9.518916,0,0,0,0,0,0
9.520296,0,0,0,0,0,0
9.522134,0,0,0,0,0,0
9.523550,0,0,0,0,0,0
9.525101,0,0,0,0,0,0
9.526400,0,0,0,0,0,0
9.527703,0,0,0,0,0,0
9.529156,0,0,0,0,0,0
9.530457,0,0,0,0,0,0
9.531748,0,0,0,0,0,0
9.533319,0,0,0,0,0,0
9.534621,0,0,0,0,0,0
9.535909,0,0,0,0,0,0
9.537311,0,0,0,0,0,0
9.538599,0,0,0,0,0,0
9.540077,0,0,0,0,0,0
9.541361,0,0,0,0,0,0
9.542831,0,0,0,0,0,0
9.544347,0,0,0,0,0,0
9.545690,0,0,0,0,0,0
9.546983,0,0,0,0,0,0
9.548330,0,0,0,0,0,0
9.549621,0,0,0,0,0,0
9.550907,0,0,0,0,0,0
9.552190,0,0,0,0,0,0
9.553478,0,0,0,0,0,0
9.554763,0,0,0,0,0,0
9.556346,0,0,0,0,0,0
9.561125,0,0,0,0,0,0
9.563385,0,0,0,0,0,0
9.565445,0,0,0,0,0,0
9.566703,0,0,0,0,0,0
9.567916,0,0,0,0,0,0
9.569129,0,0,0,0,0,0
9.570353,0,0,0,0,0,0
9.571561,0,0,0,0,0,0
9.572793,0,0,0,0,0,0
9.574063,0,0,0,0,0,0
9.575319,0,0,0,0,0,0
9.576585,0,0,0,0,0,0
9.577844,0,0,0,0,0,0
9.579107,0,0,0,0,0,0
9.580358,0,0,0,0,0,0
9.581606,0,0,0,0,0,0
9.582974,0,0,0,0,0,0
9.584217,0,0,0,0,0,0
9.585451,0,0,0,0,0,0
9.586798,0,0,0,0,0,0
9.588092,0,0,0,0,0,0
9.589382,0,0,0,0,0,0
9.590779,0,0,0,0,0,0
9.592069,0,0,0,0,0,0
9.593609,0,0,0,0,0,0
9.595079,0,0,0,0,0,0
9.596370,0,0,0,0,0,0
9.598012,0,0,0,0,0,0
9.599470,0,0,0,0,0,0
9.600997,0,0,0,0,0,0
9.602295,0,0,0,0,0,0
9.603582,0,0,0,0,0,0
9.605037,0,0,0,0,0,0
9.606542,0,0,0,0,0,0
9.607840,0,0,0,0,0,0
9.609136,0,0,0,0,0,0
9.610620,0,0,0,0,0,0
9.611964,0,0,0,0,0,0
9.613256,0,0,0,0,0,0
9.614550,0,0,0,0,0,0
9.616040,0,0,0,0,0,0
9.617467,0,0,0,0,0,0
9.618818,0,0,0,0,0,0
9.620162,0,0,0,0,0,0
9.621502,0,0,0,0,0,0
9.623009,0,0,0,0,0,0
9.624307,0,0,0,0,0,0
9.625603,0,0,0,0,0,0
9.627092,0,0,0,0,0,0
9.628563,0,0,0,0,0,0
9.629942,0,0,0,0,0,0
9.631489,0,0,0,0,0,0
9.632779,0,0,0,0,0,0
9.634089,0,0,0,0,0,0
9.635380,0,0,0,0,0,0
9.636903,0,0,0,0,0,0
9.638197,0,0,0,0,0,0
9.639488,0,0,0,0,0,0
9.640780,0,0,0,0,0,0
9.642061,0,0,0,0,0,0
9.643340,0,0,0,0,0,0
9.644667,0,0,0,0,0,0
9.645968,0,0,0,0,0,0
9.647254,0,0,0,0,0,0
9.648539,0,0,0,0,0,0
9.649880,0,0,0,0,0,0
9.651166,0,0,0,0,0,0
9.652498,0,0,0,0,0,0
9.653781,0,0,0,0,0,0
9.655060,0,0,0,0,0,0
9.656339,0,0,0,0,0,0
9.657825,0,0,0,0,0,0
9.660357,0,0,0,0,0,0
9.661690,0,0,0,0,0,0
9.663161,0,0,0,0,0,0
9.664598,0,0,0,0,0,0
9.665901,0,0,0,0,0,0
9.667198,0,0,0,0,0,0
9.668609,0,0,0,0,0,0
9.670015,0,0,0,0,0,0
9.671297,0,0,0,0,0,0
9.672552,0,0,0,0,0,0
9.673885,0,0,0,0,0,0
9.675150,0,0,0,0,0,0
9.676403,0,0,0,0,0,0
9.677662,0,0,0,0,0,0
9.678919,0,0,0,0,0,0
9.680175,0,0,0,0,0,0
9.681431,0,0,0,0,0,0
9.682686,0,0,0,0,0,0
9.684078,0,0,0,0,0,0
9.685303,0,0,0,0,0,0
9.686606,0,0,0,0,0,0
9.687869,0,0,0,0,0,0
9.689132,0,0,0,0,0,0
9.690393,0,0,0,0,0,0
9.691722,0,0,0,0,0,0
9.693215,0,0,0,0,0,0
9.694666,0,0,0,0,0,0
9.696094,0,0,0,0,0,0
9.697477,0,0,0,0,0,0
9.698828,0,0,0,0,0,0
9.700175,0,0,0,0,0,0
9.701637,0,0,0,0,0,0
9.703134,0,0,0,0,0,0
9.704430,0,0,0,0,0,0
9.705727,0,0,0,0,0,0
9.707201,0,0,0,0,0,0
9.708539,0,0,0,0,0,0
9.709898,0,0,0,0,0,0
9.711195,0,0,0,0,0,0
9.712488,0,0,0,0,0,0
9.713910,0,0,0,0,0,0
9.715259,0,0,0,0,0,0
9.716551,0,0,0,0,0,0
9.717975,0,0,0,0,0,0
9.719875,0,0,0,0,0,0
9.721187,0,0,0,0,0,0
9.722722,0,0,0,0,0,0
9.724068,0,0,0,0,0,0
9.725457,0,0,0,0,0,0
9.726917,0,0,0,0,0,0
9.728227,0,0,0,0,0,0
9.729641,0,0,0,0,0,0
9.730933,0,0,0,0,0,0
9.732235,0,0,0,0,0,0
9.733542,0,0,0,0,0,0
9.734840,0,0,0,0,0,0
9.736131,0,0,0,0,0,0
9.737421,0,0,0,0,0,0
9.738706,0,0,0,0,0,0
9.740038,0,0,0,0,0,0
9.741326,0,0,0,0,0,0
9.742610,0,0,0,0,0,0
9.743894,0,0,0,0,0,0
9.745180,0,0,0,0,0,0
9.746463,0,0,0,0,0,0
9.747753,0,0,0,0,0,0
9.749089,0,0,0,0,0,0
9.750373,0,0,0,0,0,0
9.751659,0,0,0,0,0,0
9.752947,0,0,0,0,0,0
9.754232,0,0,0,0,0,0
9.755517,0,0,0,0,0,0
9.756851,0,0,0,0,0,0
9.760834,0,0,0,0,0,0
9.762317,0,0,0,0,0,0
9.764126,0,0,0,0,0,0
9.765441,0,0,0,0,0,0
9.766754,0,0,0,0,0,0
9.768007,0,0,0,0,0,0
9.769337,0,0,0,0,0,0
9.770671,0,0,0,0,0,0
9.771989,0,0,0,0,0,0
9.773273,0,0,0,0,0,0
9.774548,0,0,0,0,0,0
9.775833,0,0,0,0,0,0
9.777126,0,0,0,0,0,0
9.778455,0,0,0,0,0,0
9.780004,0,0,0,0,0,0
9.781246,0,0,0,0,0,0
9.782585,0,0,0,0,0,0
9.783835,0,0,0,0,0,0
9.785073,0,0,0,0,0,0
9.786314,0,0,0,0,0,0
9.787559,0,0,0,0,0,0
9.788820,0,0,0,0,0,0
9.790112,0,0,0,0,0,0
9.791514,0,0,0,0,0,0
9.793123,0,0,0,0,0,0
9.794477,0,0,0,0,0,0
9.795800,0,0,0,0,0,0
9.797363,0,0,0,0,0,0
9.798761,0,0,0,0,0,0
9.800056,0,0,0,0,0,0
9.801571,0,0,0,0,0,0
9.802856,0,0,0,0,0,0
9.804143,0,0,0,0,0,0
9.805427,0,0,0,0,0,0
9.806890,0,0,0,0,0,0
9.808238,0,0,0,0,0,0
9.809583,0,0,0,0,0,0
9.810731,0,0,0,0,0,0
9.812065,0,0,0,0,0,0
9.813577,0,0,0,0,0,0
9.814922,0,0,0,0,0,0
9.816071,0,0,0,0,0,0
9.817361,0,0,0,0,0,0
9.818658,0,0,0,0,0,0
9.820145,0,0,0,0,0,0
9.821817,0,0,0,0,0,0
9.823114,0,0,0,0,0,0
9.824520,0,0,0,0,0,0
9.826055,0,0,0,0,0,0
9.827209,0,0,0,0,0,0
9.828553,0,0,0,0,0,0
9.829905,0,0,0,0,0,0
9.831191,0,0,0,0,0,0
9.832480,0,0,0,0,0,0
9.833838,0,0,0,0,0,0
9.835361,0,0,0,0,0,0
9.836699,0,0,0,0,0,0
9.838044,0,0,0,0,0,0
9.839332,0,0,0,0,0,0
9.840620,0,0,0,0,0,0
9.841907,0,0,0,0,0,0
9.843187,0,0,0,0,0,0
9.844445,0,0,0,0,0,0
9.845728,0,0,0,0,0,0
9.847014,0,0,0,0,0,0
9.848484,0,0,0,0,0,0
9.852329,0,0,0,0,0,0
9.853641,0,0,0,0,0,0
9.854934,0,0,0,0,0,0
9.857128,0,0,0,0,0,0
9.858940,0,0,0,0,0,0
9.860358,0,0,0,0,0,0
9.861964,0,0,0,0,0,0
9.863277,0,0,0,0,0,0
9.864584,0,0,0,0,0,0
9.866033,0,0,0,0,0,0
9.867381,0,0,0,0,0,0
9.868759,0,0,0,0,0,0
9.870059,0,0,0,0,0,0
9.871322,0,0,0,0,0,0
9.872678,0,0,0,0,0,0
9.873940,0,0,0,0,0,0
9.875198,0,0,0,0,0,0
9.876508,0,0,0,0,0,0
9.877762,0,0,0,0,0,0
9.879003,0,0,0,0,0,0
9.880337,0,0,0,0,0,0
9.881580,0,0,0,0,0,0
9.882821,0,0,0,0,0,0
9.884106,0,0,0,0,0,0
9.885368,0,0,0,0,0,0
9.886630,0,0,0,0,0,0
9.887954,0,0,0,0,0,0
9.889352,0,0,0,0,0,0
9.890610,0,0,0,0,0,0
9.891918,0,0,0,0,0,0
9.893610,0,0,0,0,0,0
9.895064,0,0,0,0,0,0
9.896361,0,0,0,0,0,0
9.897653,0,0,0,0,0,0
9.899110,0,0,0,0,0,0
9.900455,0,0,0,0,0,0
9.901876,0,0,0,0,0,0
9.903355,0,0,0,0,0,0
9.904885,0,0,0,0,0,0
9.906237,0,0,0,0,0,0
9.907533,0,0,0,0,0,0
9.908947,0,0,0,0,0,0
9.910502,0,0,0,0,0,0
9.911838,0,0,0,0,0,0
9.913343,0,0,0,0,0,0
9.914646,0,0,0,0,0,0
9.915985,0,0,0,0,0,0
9.917280,0,0,0,0,0,0
9.918579,0,0,0,0,0,0
9.919982,0,0,0,0,0,0
9.921454,0,0,0,0,0,0
9.922809,0,0,0,0,0,0
9.924326,0,0,0,0,0,0
9.925684,0,0,0,0,0,0
9.926978,0,0,0,0,0,0
9.928281,0,0,0,0,0,0
9.929575,0,0,0,0,0,0
9.930945,0,0,0,0,0,0
9.932421,0,0,0,0,0,0
9.934083,0,0,0,0,0,0
9.935379,0,0,0,0,0,0
9.936667,0,0,0,0,0,0
9.937958,0,0,0,0,0,0
9.939240,0,0,0,0,0,0
9.940568,0,0,0,0,0,0
9.942022,0,0,0,0,0,0
9.943255,0,0,0,0,0,0
9.944540,0,0,0,0,0,0
9.945881,0,0,0,0,0,0
9.947166,0,0,0,0,0,0
9.948497,0,0,0,0,0,0
9.949780,0,0,0,0,0,0
9.951059,0,0,0,0,0,0
9.952337,0,0,0,0,0,0
9.953617,0,0,0,0,0,0
9.954968,0,0,0,0,0,0
9.959950,0,0,0,0,0,0
9.961389,0,0,0,0,0,0
9.964440,0,0,0,0,0,0
9.965736,0,0,0,0,0,0
9.966967,0,0,0,0,0,0
9.968184,0,0,0,0,0,0
9.969470,0,0,0,0,0,0
9.970734,0,0,0,0,0,0
9.972030,0,0,0,0,0,0
9.973287,0,0,0,0,0,0
9.974543,0,0,0,0,0,0
9.975807,0,0,0,0,0,0
9.977074,0,0,0,0,0,0
9.978336,0,0,0,0,0,0
9.979592,0,0,0,0,0,0
9.980902,0,0,0,0,0,0
9.982142,0,0,0,0,0,0
9.983383,0,0,0,0,0,0
9.984623,0,0,0,0,0,0
9.985866,0,0,0,0,0,0
9.987107,0,0,0,0,0,0
9.988399,0,0,0,0,0,0
9.989799,0,0,0,0,0,0
9.991334,0,0,0,0,0,0
9.992694,0,0,0,0,0,0
9.994206,0,0,0,0,0,0
9.995507,0,0,0,0,0,0
9.996805,0,0,0,0,0,0
9.998094,0,0,0,0,0,0
9.999385,0,0,0,0,0,0
10.000094,0,0,0,0,0,0
