elapsed_s,HLSQ_LPAC_S2W_CYCLES_SP,HLSQ_BV_S2W_CYCLES_SP,HLSQ_L2STC_REQ_HLSQ,HLSQ_L2STC_REQ_HLSQ_HIT,HLSQ_L2STC_REQ_SP,HLSQ_L2STC_REQ_SP_HIT
0.001072,0,0,0,0,0,0
0.002384,0,0,0,0,0,0
0.003554,0,0,0,0,0,0
0.004837,0,0,0,0,0,0
0.005965,0,0,0,0,0,0
0.007063,0,0,0,0,0,0
0.008161,0,0,0,0,0,0
0.009254,0,0,0,0,0,0
0.010477,0,0,0,0,0,0
0.011699,0,0,0,0,0,0
0.012846,0,0,0,0,0,0
0.014087,0,0,0,0,0,0
0.015343,0,0,0,0,0,0
0.016758,0,0,0,0,0,0
0.017968,0,0,0,0,0,0
0.019161,0,0,0,0,0,0
0.020356,0,0,0,0,0,0
0.021480,0,0,0,0,0,0
0.022670,0,0,0,0,0,0
0.023861,0,0,0,0,0,0
0.025053,0,0,0,0,0,0
0.026287,0,0,0,0,0,0
0.027816,0,0,0,0,0,0
0.029153,0,0,0,0,0,0
0.030481,0,0,0,0,0,0
0.031667,0,0,0,0,0,0
0.032854,0,0,0,0,0,0
0.034142,0,0,0,0,0,0
0.035326,0,0,0,0,0,0
0.036454,0,0,0,0,0,0
0.037640,0,0,0,0,0,0
0.038826,0,0,0,0,0,0
0.040013,0,0,0,0,0,0
0.041198,0,0,0,0,0,0
0.042385,0,0,0,0,0,0
0.043571,0,0,0,0,0,0
0.044816,0,0,0,0,0,0
0.046012,0,0,0,0,0,0
0.047260,0,0,0,0,0,0
0.048550,0,0,0,0,0,0
0.050043,0,0,0,0,0,0
0.051275,0,0,0,0,0,0
0.052517,0,0,0,0,0,0
0.053802,0,0,0,0,0,0
0.055248,0,0,0,0,0,0
0.056436,0,0,0,0,0,0
0.057672,0,0,0,0,0,0
0.058874,0,0,0,0,0,0
0.060148,0,0,0,0,0,0
0.061411,0,0,0,0,0,0
0.062818,0,0,0,0,0,0
0.064236,0,0,0,0,0,0
0.065842,0,0,0,0,0,0
0.067325,0,0,0,0,0,0
0.068584,0,0,0,0,0,0
0.069906,0,0,0,0,0,0
0.071175,0,0,0,0,0,0
0.072417,0,0,0,0,0,0
0.073539,0,0,0,0,0,0
0.074615,0,0,0,0,0,0
0.076026,0,0,0,0,0,0
0.077288,0,0,0,0,0,0
0.078595,0,0,0,0,0,0
0.079874,0,0,0,0,0,0
0.081405,0,0,0,0,0,0
0.082827,0,0,0,0,0,0
0.084205,0,0,0,0,0,0
0.085539,0,0,0,0,0,0
0.086871,0,0,0,0,0,0
0.088185,0,0,0,0,0,0
0.089343,0,0,0,0,0,0
0.090501,0,0,0,0,0,0
0.091726,0,0,0,0,0,0
0.092899,0,0,0,0,0,0
0.094063,0,0,0,0,0,0
0.095237,0,0,0,0,0,0
0.098079,0,0,0,0,0,0
0.099478,0,0,0,0,0,0
0.101246,0,0,0,0,0,0
0.102553,0,0,0,0,0,0
0.103853,0,0,0,0,0,0
0.105343,0,0,0,0,0,0
0.106888,0,0,0,0,0,0
0.108386,0,0,0,0,0,0
0.109943,0,0,0,0,0,0
0.111498,0,0,0,0,0,0
0.112948,0,0,0,0,0,0
0.114510,0,0,0,0,0,0
0.116026,0,0,0,0,0,0
0.117477,0,0,0,0,0,0
0.118930,0,0,0,0,0,0
0.120400,0,0,0,0,0,0
0.121956,0,0,80,40,396,390
0.123200,0,0,0,0,468,468
0.124552,0,0,0,0,288,288
0.125906,0,0,0,0,0,0
0.127191,0,0,0,0,0,0
0.128474,0,0,0,0,0,0
0.129815,0,0,0,0,0,0
0.131099,0,0,0,0,0,0
0.132446,0,0,0,0,0,0
0.133612,0,0,0,0,0,0
0.134769,0,0,0,0,0,0
0.135988,0,0,0,0,0,0
0.137161,0,0,0,0,0,0
0.138323,0,0,0,0,0,0
0.139483,0,0,0,0,0,0
0.140778,0,0,0,0,0,0
0.141986,0,0,0,0,0,0
0.143194,0,0,0,0,0,0
0.144401,0,0,0,0,0,0
0.145608,0,0,0,0,0,0
0.146837,0,0,0,0,0,0
0.148073,0,0,0,0,0,0
0.149477,0,0,0,0,0,0
0.150870,0,0,0,0,0,0
0.152716,0,0,0,0,0,0
0.154283,0,0,0,0,0,0
0.155716,0,0,0,0,0,0
0.157170,0,0,0,0,0,0
0.158518,0,0,0,0,0,0
0.159817,0,0,0,0,0,0
0.161144,0,0,0,0,0,0
0.162557,0,0,0,0,0,0
0.164420,0,0,0,0,0,0
0.166203,0,0,0,0,0,0
0.167492,0,0,0,0,0,0
0.168965,0,0,0,0,0,0
0.170249,0,0,0,0,0,0
0.171983,0,0,0,0,0,0
0.173599,0,0,0,0,0,0
0.175056,0,0,0,0,0,0
0.176417,0,0,0,0,0,0
0.177798,0,0,0,0,0,0
0.179131,0,0,0,0,0,0
0.180416,0,0,0,0,0,0
0.181699,0,0,0,0,0,0
0.182982,0,0,0,0,0,0
0.184589,0,0,0,0,0,0
0.186156,0,0,0,0,0,0
0.187494,0,0,0,0,0,0
0.189082,0,0,0,0,0,0
0.190684,0,0,0,0,0,0
0.192127,0,0,0,0,0,0
0.193579,0,0,0,0,0,0
0.195082,0,0,0,0,0,0
0.196479,0,0,0,0,0,0
0.197870,0,0,0,0,0,0
0.199260,0,0,0,0,0,0
0.200652,0,0,0,0,0,0
0.202042,0,0,0,0,0,0
0.203462,0,0,0,0,0,0
0.204881,0,0,0,0,0,0
0.206258,0,0,0,0,0,0
0.207904,0,0,0,0,0,0
0.209317,0,0,0,0,0,0
0.210766,0,0,0,0,0,0
0.212034,0,0,0,0,0,0
0.213174,0,0,0,0,0,0
0.214310,0,0,0,0,0,0
0.215447,0,0,0,0,0,0
0.216588,0,0,0,0,0,0
0.217855,0,0,0,0,0,0
0.219049,0,0,0,0,0,0
0.220223,0,0,0,0,0,0
0.221589,0,0,0,0,0,0
0.222804,0,0,0,0,0,0
0.223989,0,0,0,0,0,0
0.225285,0,0,0,0,0,0
0.226946,0,0,0,0,0,0
0.228439,0,0,0,0,0,0
0.229759,0,0,0,0,0,0
0.230926,0,0,0,0,0,0
0.232093,0,0,0,0,0,0
0.233260,0,0,0,0,0,0
0.234427,0,0,0,0,0,0
0.235788,0,0,0,0,0,0
0.237098,0,0,0,0,0,0
0.238590,0,0,0,0,0,0
0.240068,0,0,0,0,0,0
0.241543,0,0,0,0,0,0
0.243309,0,0,0,0,0,0
0.245007,0,0,0,0,0,0
0.246485,0,0,0,0,0,0
0.247974,0,0,0,0,0,0
0.249561,0,0,0,0,0,0
0.251103,0,0,0,0,0,0
0.252536,0,0,0,0,0,0
0.253819,0,0,0,0,0,0
0.254971,0,0,0,0,0,0
0.256122,0,0,0,0,0,0
0.257273,0,0,0,0,0,0
0.258420,0,0,0,0,0,0
0.259854,0,0,0,0,0,0
0.261507,0,0,0,0,0,0
0.263107,0,0,0,0,0,0
0.264305,0,0,0,0,0,0
0.265442,0,0,0,0,0,0
0.266571,0,0,0,0,0,0
0.267746,0,0,0,0,0,0
0.268863,0,0,0,0,0,0
0.269968,0,0,0,0,0,0
0.271141,0,0,0,0,0,0
0.272402,0,0,0,0,0,0
0.273753,0,0,0,0,0,0
0.275215,0,0,0,0,0,0
0.276840,0,0,0,0,0,0
0.278225,0,0,0,0,0,0
0.279499,0,0,0,0,0,0
0.280720,0,0,0,0,0,0
0.282630,0,0,0,0,0,0
0.284128,0,0,0,0,0,0
0.285415,0,0,0,0,0,0
0.286736,0,0,0,0,0,0
0.287923,0,0,0,0,0,0
0.289236,0,0,0,0,0,0
0.290632,0,0,0,0,0,0
0.292235,0,0,0,0,0,0
0.293775,0,0,0,0,0,0
0.295279,0,0,0,0,0,0
0.296833,0,0,0,0,0,0
0.298312,0,0,0,0,0,0
0.299789,0,0,0,0,0,0
0.301250,0,0,0,0,0,0
0.302535,0,0,0,0,0,0
0.303697,0,0,0,0,0,0
0.304834,0,0,0,0,0,0
0.305994,0,0,0,0,0,0
0.307432,0,0,0,0,0,0
0.309041,0,0,0,0,0,0
0.310578,0,0,0,0,0,0
0.311960,0,0,0,0,0,0
0.313133,0,0,0,0,0,0
0.314304,0,0,0,0,0,0
0.315500,0,0,0,0,0,0
0.316772,0,0,0,0,0,0
0.318227,0,0,0,0,0,0
0.319823,0,0,0,0,0,0
0.321419,0,0,0,0,0,0
0.323127,0,0,0,0,0,0
0.324891,0,0,0,0,0,0
0.326506,0,0,0,0,0,0
0.328026,0,0,0,0,0,0
0.329559,0,0,0,0,0,0
0.331073,0,0,0,0,0,0
0.332447,0,0,0,0,0,0
0.333885,0,0,0,0,0,0
0.335313,0,0,0,0,0,0
0.336854,0,0,0,0,0,0
0.338358,0,0,0,0,0,0
0.339846,0,0,0,0,0,0
0.341257,0,0,0,0,0,0
0.342667,0,0,0,0,0,0
0.344103,0,0,0,0,0,0
0.345349,0,0,0,0,0,0
0.346464,0,0,0,0,0,0
0.347606,0,0,0,0,0,0
0.348769,0,0,0,0,0,0
0.349870,0,0,0,0,0,0
0.350972,0,0,0,0,0,0
0.352073,0,0,0,0,0,0
0.353191,0,0,0,0,0,0
0.354349,0,0,0,0,0,0
0.355543,0,0,0,0,0,0
0.356802,0,0,0,0,0,0
0.357956,0,0,0,0,0,0
0.359257,0,0,0,0,0,0
0.360776,0,0,0,0,0,0
0.362039,0,0,0,0,0,0
0.363289,0,0,0,0,0,0
0.364461,0,0,0,0,0,0
0.365669,0,0,0,0,0,0
0.366808,0,0,0,0,0,0
0.367991,0,0,0,0,0,0
0.369253,0,0,0,0,0,0
0.370972,0,0,0,0,0,0
0.372500,0,0,0,0,0,0
0.374056,0,0,0,0,0,0
0.375549,0,0,0,0,0,0
0.377135,0,0,0,0,0,0
0.378804,0,0,0,0,0,0
0.380341,0,0,0,0,0,0
0.381862,0,0,0,0,0,0
0.383499,0,0,0,0,0,0
0.385015,0,0,0,0,0,0
0.386525,0,0,0,0,0,0
0.388062,0,0,0,0,0,0
0.389504,0,0,0,0,0,0
0.391002,0,0,0,0,0,0
0.392446,0,0,0,0,0,0
0.393901,0,0,0,0,0,0
0.395337,0,0,0,0,0,0
0.396790,0,0,0,0,0,0
0.398265,0,0,0,0,0,0
0.399767,0,0,0,0,0,0
0.401036,0,0,0,0,0,0
0.402342,0,0,0,0,0,0
0.404074,0,0,0,0,0,0
0.405235,0,0,0,0,0,0
0.406459,0,0,0,0,0,0
0.407616,0,0,0,0,0,0
0.408779,0,0,0,0,0,0
0.409931,0,0,0,0,0,0
0.411277,0,0,0,0,0,0
0.412456,0,0,0,0,0,0
0.413827,0,0,0,0,0,0
0.415031,0,0,0,0,0,0
0.416779,0,0,0,0,0,0
0.418334,0,0,0,0,0,0
0.419512,0,0,0,0,0,0
0.420766,0,0,0,0,0,0
0.421986,0,0,0,0,0,0
0.423152,0,0,0,0,0,0
0.424496,0,0,0,0,0,0
0.425670,0,0,0,0,0,0
0.426886,0,0,0,0,0,0
0.428112,0,0,0,0,0,0
0.429483,0,0,0,0,0,0
0.430681,0,0,0,0,0,0
0.431860,0,0,0,0,0,0
0.432986,0,0,0,0,0,0
0.434111,0,0,0,0,0,0
0.435286,0,0,0,0,0,0
0.436438,0,0,0,0,0,0
0.437541,0,0,0,0,0,0
0.438642,0,0,0,0,0,0
0.439743,0,0,0,0,0,0
0.441034,0,0,0,0,0,0
0.442194,0,0,0,0,0,0
0.443345,0,0,0,0,0,0
0.444827,0,0,0,0,0,0
0.446141,0,0,0,0,0,0
0.447725,0,0,0,0,0,0
0.449164,0,0,0,0,0,0
0.450605,0,0,0,0,0,0
0.452082,0,0,0,0,0,0
0.453514,0,0,0,0,0,0
0.454953,0,0,0,0,0,0
0.456603,0,0,0,0,0,0
0.458079,0,0,0,0,0,0
0.459627,0,0,0,0,0,0
0.461145,0,0,0,0,0,0
0.462562,0,0,0,0,0,0
0.463977,0,0,0,0,0,0
0.465454,0,0,0,0,0,0
0.466912,0,0,0,0,0,0
0.468311,0,0,0,0,0,0
0.469694,0,0,0,0,0,0
0.470835,0,0,0,0,0,0
0.471977,0,0,0,0,0,0
0.473169,0,0,0,0,0,0
0.474310,0,0,0,0,0,0
0.475471,0,0,0,0,0,0
0.476649,0,0,0,0,0,0
0.477930,0,0,0,0,0,0
0.479211,0,0,0,0,0,0
0.480390,0,0,0,0,0,0
0.481625,0,0,0,0,0,0
0.483184,0,0,0,0,0,0
0.484991,0,0,0,0,0,0
0.486324,0,0,0,0,0,0
0.487495,0,0,0,0,0,0
0.488710,0,0,0,0,0,0
0.490052,0,0,0,0,0,0
0.491366,0,0,0,0,0,0
0.492706,0,0,0,0,0,0
0.494229,0,0,0,0,0,0
0.495996,0,0,0,0,0,0
0.497563,0,0,0,0,0,0
0.499054,0,0,0,0,0,0
0.500543,0,0,0,0,0,0
0.502031,0,0,0,0,0,0
0.503510,0,0,0,0,0,0
0.505112,0,0,0,0,0,0
0.506907,0,0,0,0,0,0
0.508343,0,0,0,0,0,0
0.509786,0,0,0,0,0,0
0.511088,0,0,0,0,0,0
0.512305,0,0,0,0,0,0
0.513467,0,0,0,0,0,0
0.514877,0,0,0,0,0,0
0.516192,0,0,0,0,0,0
0.517804,0,0,0,0,0,0
0.519573,0,0,0,0,0,0
0.520826,0,0,0,0,0,0
0.521981,0,0,0,0,0,0
0.523349,0,0,0,0,0,0
0.524657,0,0,0,0,0,0
0.525859,0,0,0,0,0,0
0.527140,0,0,0,0,0,0
0.528582,0,0,0,0,0,0
0.530111,0,0,0,0,0,0
0.531666,0,0,0,0,0,0
0.532989,0,0,0,0,0,0
0.534343,0,0,0,0,0,0
0.535865,0,0,0,0,0,0
0.538619,0,0,0,0,0,0
0.540149,0,0,0,0,0,0
0.541473,0,0,0,0,0,0
0.542720,0,0,0,0,0,0
0.543874,0,0,0,0,0,0
0.545202,0,0,0,0,0,0
0.546627,0,0,0,0,0,0
0.548121,0,0,0,0,0,0
0.549796,0,0,0,0,0,0
0.551353,0,0,0,0,0,0
0.552934,0,0,0,0,0,0
0.554406,0,0,0,0,0,0
0.555942,0,0,0,0,0,0
0.557392,0,0,0,0,0,0
0.558552,0,0,0,0,0,0
0.559709,0,0,0,0,0,0
0.560879,0,0,0,0,0,0
0.562045,0,0,0,0,0,0
0.563512,0,0,0,0,0,0
0.565048,0,0,0,0,0,0
0.566373,0,0,0,0,0,0
0.567548,0,0,0,0,0,0
0.568791,0,0,0,0,0,0
0.569961,0,0,0,0,0,0
0.571280,0,0,0,0,0,0
0.572916,0,0,0,0,0,0
0.574565,0,0,0,0,0,0
0.576128,0,0,0,0,0,0
0.577611,0,0,0,0,0,0
0.579145,0,0,0,0,0,0
0.580624,0,0,0,0,0,0
0.582102,0,0,0,0,0,0
0.583579,0,0,0,0,0,0
0.585362,0,0,0,0,0,0
0.586935,0,0,0,0,0,0
0.588367,0,0,0,0,0,0
0.589955,0,0,0,0,0,0
0.591385,0,0,0,0,0,0
0.592844,0,0,0,0,0,0
0.594283,0,0,0,0,0,0
0.595815,0,0,0,0,0,0
0.597324,0,0,0,0,0,0
0.598738,0,0,0,0,0,0
0.600202,0,0,0,0,0,0
0.601472,0,0,0,0,0,0
0.602637,0,0,0,0,0,0
0.603835,0,0,0,0,0,0
0.604987,0,0,0,0,0,0
0.606136,0,0,0,0,0,0
0.607336,0,0,0,0,0,0
0.608487,0,0,0,0,0,0
0.609636,0,0,0,0,0,0
0.610841,0,0,0,0,0,0
0.611982,0,0,0,0,0,0
0.613120,0,0,0,0,0,0
0.614257,0,0,0,0,0,0
0.615490,0,0,0,0,0,0
0.616953,0,0,0,0,0,0
0.618431,0,0,0,0,0,0
0.619740,0,0,0,0,0,0
0.620915,0,0,0,0,0,0
0.622117,0,0,0,0,0,0
0.623731,0,0,0,0,0,0
0.624985,0,0,0,0,0,0
0.626174,0,0,0,0,0,0
0.627867,0,0,0,0,0,0
0.629594,0,0,0,0,0,0
0.631063,0,0,0,0,0,0
0.632481,0,0,0,0,0,0
0.634153,0,0,0,0,0,0
0.635918,0,0,0,0,0,0
0.637496,0,0,0,0,0,0
0.638927,0,0,0,0,0,0
0.640359,0,0,0,0,0,0
0.642715,0,0,0,0,0,0
0.644130,0,0,0,0,0,0
0.645538,0,0,0,0,0,0
0.646942,0,0,0,0,0,0
0.648375,0,0,0,0,0,0
0.649789,0,0,0,0,0,0
0.651194,0,0,0,0,0,0
0.652449,0,0,0,0,0,0
0.653704,0,0,0,0,0,0
0.654959,0,0,0,0,0,0
0.656215,0,0,0,0,0,0
0.657467,0,0,0,0,0,0
0.658764,0,0,0,0,0,0
0.660208,0,0,0,0,0,0
0.661498,0,0,0,0,0,0
0.662761,0,0,0,0,0,0
0.663932,0,0,0,0,0,0
0.665101,0,0,0,0,0,0
0.666359,0,0,0,0,0,0
0.667900,0,0,0,0,0,0
0.670745,0,0,0,0,0,0
0.672127,0,0,0,0,0,0
0.673300,0,0,0,0,0,0
0.674466,0,0,0,0,0,0
0.675856,0,0,0,0,0,0
0.677025,0,0,0,0,0,0
0.678192,0,0,0,0,0,0
0.679400,0,0,0,0,0,0
0.680568,0,0,0,0,0,0
0.681735,0,0,0,0,0,0
0.682952,0,0,0,0,0,0
0.684121,0,0,0,0,0,0
0.685298,0,0,0,0,0,0
0.686472,0,0,0,0,0,0
0.687641,0,0,0,0,0,0
0.689000,0,0,0,0,0,0
0.690351,0,0,0,0,0,0
0.692055,0,0,0,0,0,0
0.693299,0,0,0,0,0,0
0.694544,0,0,0,0,0,0
0.696254,0,0,0,0,0,0
0.697756,0,0,0,0,0,0
0.699306,0,0,0,0,0,0
0.700819,0,0,0,0,0,0
0.702523,0,0,0,0,0,0
0.704013,0,0,0,0,0,0
0.705445,0,0,0,0,0,0
0.706993,0,0,0,0,0,0
0.708423,0,0,0,0,0,0
0.709853,0,0,0,0,0,0
0.711284,0,0,0,0,0,0
0.712793,0,0,0,0,0,0
0.714471,0,0,0,0,0,0
0.715979,0,0,0,0,0,0
0.717387,0,0,0,0,0,0
0.718796,0,0,0,0,0,0
0.720295,0,0,0,0,0,0
0.721819,0,0,0,0,0,0
0.723188,0,0,0,0,0,0
0.724468,0,0,0,0,0,0
0.725607,0,0,0,0,0,0
0.726758,0,0,0,0,0,0
0.727921,0,0,0,0,0,0
0.729094,0,0,0,0,0,0
0.730269,0,0,0,0,0,0
0.731415,0,0,0,0,0,0
0.732568,0,0,0,0,0,0
0.733718,0,0,0,0,0,0
0.734868,0,0,0,0,0,0
0.736174,0,0,0,0,0,0
0.737603,0,0,0,0,0,0
0.739065,0,0,0,0,0,0
0.740344,0,0,0,0,0,0
0.741483,0,0,0,0,0,0
0.742627,0,0,0,0,0,0
0.743766,0,0,0,0,0,0
0.744905,0,0,0,0,0,0
0.746283,0,0,0,0,0,0
0.747543,0,0,0,0,0,0
0.749370,0,0,0,0,0,0
0.750855,0,0,0,0,0,0
0.752445,0,0,0,0,0,0
0.754008,0,0,0,0,0,0
0.755690,0,0,0,0,0,0
0.757296,0,0,0,0,0,0
0.758792,0,0,0,0,0,0
0.760268,0,0,0,0,0,0
0.761740,0,0,0,0,0,0
0.763280,0,0,0,0,0,0
0.764898,0,0,0,0,0,0
0.766184,0,0,0,0,0,0
0.767341,0,0,0,0,0,0
0.768493,0,0,0,0,0,0
0.769649,0,0,0,0,0,0
0.770983,0,0,0,0,0,0
0.772482,0,0,0,0,0,0
0.773808,0,0,0,0,0,0
0.775247,0,0,0,0,0,0
0.776416,0,0,0,0,0,0
0.777725,0,0,0,0,0,0
0.778962,0,0,0,0,0,0
0.780130,0,0,0,0,0,0
0.781303,0,0,0,0,0,0
0.782602,0,0,0,0,0,0
0.784317,0,0,0,0,0,0
0.785852,0,0,0,0,0,0
0.787424,0,0,0,0,0,0
0.788953,0,0,0,0,0,0
0.790438,0,0,0,0,0,0
0.791796,0,0,0,0,0,0
0.793146,0,0,0,0,0,0
0.794545,0,0,0,0,0,0
0.796331,0,0,0,0,0,0
0.797815,0,0,0,0,0,0
0.799307,0,0,0,0,0,0
0.800900,0,0,0,0,0,0
0.802361,0,0,0,0,0,0
0.804045,0,0,0,0,0,0
0.805381,0,0,0,0,0,0
0.807064,0,0,0,0,0,0
0.808923,0,0,0,0,0,0
0.810302,0,0,0,0,0,0
0.811712,0,0,0,0,0,0
0.814679,0,0,0,0,0,0
0.816420,0,0,0,0,0,0
0.817907,0,0,0,0,0,0
0.819465,0,0,0,0,0,0
0.820982,0,0,0,0,0,0
0.822591,0,0,0,0,0,0
0.824034,0,0,0,0,0,0
0.825388,0,0,0,0,0,0
0.826547,0,0,0,0,0,0
0.827794,0,0,0,0,0,0
0.828972,0,0,0,0,0,0
0.830164,0,0,0,0,0,0
0.831741,0,0,0,0,0,0
0.833327,0,0,0,0,0,0
0.834501,0,0,0,0,0,0
0.835841,0,0,0,0,0,0
0.837012,0,0,0,0,0,0
0.838338,0,0,0,0,0,0
0.840454,0,0,0,0,0,0
0.841907,0,0,0,0,0,0
0.843444,0,0,0,0,0,0
0.844973,0,0,0,0,0,0
0.846481,0,0,0,0,0,0
0.848123,0,0,0,0,0,0
0.849596,0,0,0,0,0,0
0.851162,0,0,0,0,0,0
0.852593,0,0,0,0,0,0
0.854030,0,0,0,0,0,0
0.855461,0,0,0,0,0,0
0.856996,0,0,0,0,0,0
0.858433,0,0,0,0,0,0
0.859858,0,0,0,0,0,0
0.861361,0,0,0,0,0,0
0.862770,0,0,0,0,0,0
0.864176,0,0,0,0,0,0
0.865587,0,0,0,0,0,0
0.866890,0,0,0,0,0,0
0.868027,0,0,0,0,0,0
0.869485,0,0,0,0,0,0
0.870611,0,0,0,0,0,0
0.871757,0,0,0,0,0,0
0.872896,0,0,0,0,0,0
0.874033,0,0,0,0,0,0
0.875192,0,0,0,0,0,0
0.876391,0,0,0,0,0,0
0.877566,0,0,0,0,0,0
0.878735,0,0,0,0,0,0
0.880097,0,0,0,0,0,0
0.881604,0,0,0,0,0,0
0.883253,0,0,0,0,0,0
0.884779,0,0,0,0,0,0
0.885987,0,0,0,0,0,0
0.887162,0,0,0,0,0,0
0.888328,0,0,0,0,0,0
0.889492,0,0,0,0,0,0
0.891015,0,0,0,0,0,0
0.892166,0,0,0,0,0,0
0.893869,0,0,0,0,0,0
0.895305,0,0,0,0,0,0
0.896823,0,0,0,0,0,0
0.898274,0,0,0,0,0,0
0.899868,0,0,0,0,0,0
0.901308,0,0,0,0,0,0
0.902768,0,0,0,0,0,0
0.904202,0,0,0,0,0,0
0.905865,0,0,0,0,0,0
0.907287,0,0,0,0,0,0
0.908799,0,0,0,0,0,0
0.910266,0,0,0,0,0,0
0.911674,0,0,0,0,0,0
0.913088,0,0,0,0,0,0
0.914497,0,0,0,0,0,0
0.916021,0,0,0,0,0,0
0.917423,0,0,0,0,0,0
0.918814,0,0,0,0,0,0
0.920321,0,0,0,0,0,0
0.921599,0,0,0,0,0,0
0.922886,0,0,0,0,0,0
0.924290,0,0,0,0,0,0
0.925545,0,0,0,0,0,0
0.926812,0,0,0,0,0,0
0.928101,0,0,0,0,0,0
0.929363,0,0,0,0,0,0
0.930620,0,0,0,0,0,0
0.931968,0,0,0,0,0,0
0.933143,0,0,0,0,0,0
0.934318,0,0,0,0,0,0
0.935494,0,0,0,0,0,0
0.936668,0,0,0,0,0,0
0.938215,0,0,0,0,0,0
0.939429,0,0,0,0,0,0
0.940598,0,0,0,0,0,0
0.941771,0,0,0,0,0,0
0.942943,0,0,0,0,0,0
0.944163,0,0,0,0,0,0
0.945332,0,0,0,0,0,0
0.946501,0,0,0,0,0,0
0.947790,0,0,0,0,0,0
0.949551,0,0,0,0,0,0
0.951053,0,0,0,0,0,0
0.952373,0,0,0,0,0,0
0.953540,0,0,0,0,0,0
0.954706,0,0,0,0,0,0
0.956082,0,0,0,0,0,0
0.957271,0,0,0,0,0,0
0.958444,0,0,0,0,0,0
0.959826,0,0,0,0,0,0
0.961033,0,0,0,0,0,0
0.962225,0,0,0,0,0,0
0.963360,0,0,0,0,0,0
0.964532,0,0,0,0,0,0
0.965657,0,0,0,0,0,0
0.966779,0,0,0,0,0,0
0.967947,0,0,0,0,0,0
0.969067,0,0,0,0,0,0
0.970188,0,0,0,0,0,0
0.971393,0,0,0,0,0,0
0.972548,0,0,0,0,0,0
0.973656,0,0,0,0,0,0
0.974945,0,0,0,0,0,0
0.976216,0,0,0,0,0,0
0.977682,0,0,0,0,0,0
0.979033,0,0,0,0,0,0
0.980210,0,0,0,0,0,0
0.981386,0,0,0,0,0,0
0.982774,0,0,0,0,0,0
0.984082,0,0,0,0,0,0
0.985257,0,0,0,0,0,0
0.986587,0,0,0,0,0,0
0.987762,0,0,0,0,0,0
0.991499,0,0,0,0,0,0
0.992723,0,0,0,0,0,0
0.994005,0,0,0,0,0,0
0.995697,0,0,0,0,0,0
0.997114,0,0,0,0,0,0
0.998662,0,0,0,0,0,0
1.000161,0,0,0,0,0,0
1.001611,0,0,0,0,0,0
1.003185,0,0,0,0,0,0
1.004771,0,0,0,0,0,0
1.006305,0,0,0,0,0,0
1.007806,0,0,0,0,0,0
1.009286,0,0,0,0,0,0
1.010825,0,0,0,0,0,0
1.012269,0,0,0,0,0,0
1.013709,0,0,0,0,0,0
1.015157,0,0,0,0,0,0
1.017046,0,0,0,0,0,0
1.018481,0,0,0,0,0,0
1.019967,0,0,0,0,0,0
1.021491,0,0,0,0,0,0
1.022953,0,0,0,0,0,0
1.024220,0,0,0,0,0,0
1.025484,0,0,0,0,0,0
1.026625,0,0,0,0,0,0
1.027811,0,0,0,0,0,0
1.028968,0,0,0,0,0,0
1.030119,0,0,0,0,0,0
1.031360,0,0,0,0,0,0
1.032512,0,0,0,0,0,0
1.033663,0,0,0,0,0,0
1.034872,0,0,0,0,0,0
1.036046,0,0,0,0,0,0
1.037217,0,0,0,0,0,0
1.038741,0,0,0,0,0,0
1.040339,0,0,0,0,0,0
1.041861,0,0,0,0,0,0
1.043326,0,0,0,0,0,0
1.044511,0,0,0,0,0,0
1.046250,0,0,0,0,0,0
1.047477,0,0,0,0,0,0
1.048656,0,0,0,0,0,0
1.050034,0,0,0,0,0,0
1.051299,0,0,0,0,0,0
1.053049,0,0,0,0,0,0
1.054530,0,0,0,0,0,0
1.056004,0,0,0,0,0,0
1.057480,0,0,0,0,0,0
1.058974,0,0,0,0,0,0
1.060406,0,0,0,0,0,0
1.061852,0,0,0,0,0,0
1.063407,0,0,0,0,0,0
1.064860,0,0,0,0,0,0
1.066144,0,0,0,0,0,0
1.067291,0,0,0,0,0,0
1.068439,0,0,0,0,0,0
1.069587,0,0,0,0,0,0
1.070776,0,0,0,0,0,0
1.071931,0,0,0,0,0,0
1.073391,0,0,0,0,0,0
1.074678,0,0,0,0,0,0
1.075842,0,0,0,0,0,0
1.077031,0,0,0,0,0,0
1.078227,0,0,0,0,0,0
1.079400,0,0,0,0,0,0
1.080569,0,0,0,0,0,0
1.081904,0,0,0,0,0,0
1.083303,0,0,0,0,0,0
1.085480,0,0,0,0,0,0
1.086948,0,0,0,0,0,0
1.088704,0,0,0,0,0,0
1.090345,0,0,0,0,0,0
1.091849,0,0,0,0,0,0
1.093595,0,0,0,0,0,0
1.095014,0,0,0,0,0,0
1.096248,0,0,0,0,0,0
1.097677,0,0,0,0,0,0
1.099162,0,0,0,0,0,0
1.100659,0,0,0,0,0,0
1.102142,0,0,0,0,0,0
1.103511,0,0,0,0,0,0
1.104984,0,0,0,0,0,0
1.106429,0,0,0,0,0,0
1.107837,0,0,0,0,0,0
1.109668,0,0,0,0,0,0
1.111225,0,0,0,0,0,0
1.113107,0,0,0,0,0,0
1.114597,0,0,0,0,0,0
1.116137,0,0,0,0,0,0
1.117614,0,0,0,0,0,0
1.119098,0,0,0,0,0,0
1.120573,0,0,0,0,0,0
1.122055,0,0,0,0,0,0
1.123560,0,0,0,0,0,0
1.125103,0,0,0,0,0,0
1.126255,0,0,0,0,0,0
1.127411,0,0,0,0,0,0
1.128560,0,0,0,0,0,0
1.129712,0,0,0,0,0,0
1.130928,0,0,0,0,0,0
1.132512,0,0,0,0,0,0
1.133838,0,0,0,0,0,0
1.135009,0,0,0,0,0,0
1.136299,0,0,0,0,0,0
1.137545,0,0,0,0,0,0
1.138718,0,0,0,0,0,0
1.140250,0,0,0,0,0,0
1.141973,0,0,0,0,0,0
1.143828,0,0,0,0,0,0
1.145394,0,0,0,0,0,0
1.146949,0,0,0,0,0,0
1.148399,0,0,0,0,0,0
1.149845,0,0,0,0,0,0
1.151239,0,0,0,0,0,0
1.152757,0,0,0,0,0,0
1.154161,0,0,0,0,0,0
1.155545,0,0,0,0,0,0
1.156930,0,0,0,0,0,0
1.158291,0,0,0,0,0,0
1.159654,0,0,0,0,0,0
1.161017,0,0,0,0,0,0
1.162379,0,0,0,0,0,0
1.163870,0,0,0,0,0,0
1.165164,0,0,0,0,0,0
1.166420,0,0,0,0,0,0
1.167673,0,0,0,0,0,0
1.169089,0,0,0,0,0,0
1.170480,0,0,0,0,0,0
1.172953,0,0,0,0,0,0
1.174253,0,0,0,0,0,0
1.176242,0,0,0,0,0,0
1.177418,0,0,0,0,0,0
1.178864,0,0,0,0,0,0
1.180533,0,0,0,0,0,0
1.182041,0,0,0,0,0,0
1.183402,0,0,0,0,0,0
1.184546,0,0,0,0,0,0
1.185671,0,0,0,0,0,0
1.186822,0,0,0,0,0,0
1.188292,0,0,0,0,0,0
1.189466,0,0,0,0,0,0
1.190638,0,0,0,0,0,0
1.192178,0,0,0,0,0,0
1.193942,0,0,0,0,0,0
1.195430,0,0,0,0,0,0
1.197228,0,0,0,0,0,0
1.198706,0,0,0,0,0,0
1.200185,0,0,0,0,0,0
1.201823,0,0,0,0,0,0
1.203289,0,0,0,0,0,0
1.204917,0,0,0,0,0,0
1.206360,0,0,0,0,0,0
1.207797,0,0,0,0,0,0
1.209335,0,0,0,0,0,0
1.210819,0,0,0,0,0,0
1.212240,0,0,0,0,0,0
1.213846,0,0,0,0,0,0
1.215413,0,0,0,0,0,0
1.216966,0,0,0,0,0,0
1.218236,0,0,0,0,0,0
1.219409,0,0,0,0,0,0
1.220546,0,0,0,0,0,0
1.221682,0,0,0,0,0,0
1.222943,0,0,0,0,0,0
1.224086,0,0,0,0,0,0
1.225353,0,0,0,0,0,0
1.226492,0,0,0,0,0,0
1.227693,0,0,0,0,0,0
1.229155,0,0,0,0,0,0
1.230329,0,0,0,0,0,0
1.231505,0,0,0,0,0,0
1.233113,0,0,0,0,0,0
1.234669,0,0,0,0,0,0
1.236187,0,0,0,0,0,0
1.237366,0,0,0,0,0,0
1.238532,0,0,0,0,0,0
1.239832,0,0,0,0,0,0
1.241309,0,0,0,0,0,0
1.242477,0,0,0,0,0,0
1.243792,0,0,0,0,0,0
1.245190,0,0,0,0,0,0
1.246366,0,0,0,0,0,0
1.247872,0,0,0,0,0,0
1.249105,0,0,0,0,0,0
1.250277,0,0,0,0,0,0
1.251452,0,0,0,0,0,0
1.252628,0,0,0,0,0,0
1.253808,0,0,0,0,0,0
1.255235,0,0,0,0,0,0
1.256407,0,0,0,0,0,0
1.257579,0,0,0,0,0,0
1.258798,0,0,0,0,0,0
1.259969,0,0,0,0,0,0
1.261208,0,0,0,0,0,0
1.262712,0,0,0,0,0,0
1.264084,0,0,0,0,0,0
1.265582,0,0,0,0,0,0
1.267130,0,0,0,0,0,0
1.268619,0,0,0,0,0,0
1.270102,0,0,0,0,0,0
1.271581,0,0,0,0,0,0
1.273469,0,0,0,0,0,0
1.275954,0,0,0,0,0,0
1.277610,0,0,0,0,0,0
1.279055,0,0,0,0,0,0
1.280488,0,0,0,0,0,0
1.281931,0,0,0,0,0,0
1.283432,0,0,0,0,0,0
1.284850,0,0,0,0,0,0
1.286264,0,0,0,0,0,0
1.287775,0,0,0,0,0,0
1.289249,0,0,0,0,0,0
1.290550,0,0,0,0,0,0
1.291688,0,0,0,0,0,0
1.292959,0,0,0,0,0,0
1.294101,0,0,0,0,0,0
1.295355,0,0,0,0,0,0
1.296621,0,0,0,0,0,0
1.297768,0,0,0,0,0,0
1.298967,0,0,0,0,0,0
1.300151,0,0,0,0,0,0
1.301326,0,0,0,0,0,0
1.302518,0,0,0,0,0,0
1.303817,0,0,0,0,0,0
1.305907,0,0,0,0,0,0
1.307453,0,0,0,0,0,0
1.308751,0,0,0,0,0,0
1.309877,0,0,0,0,0,0
1.311000,0,0,0,0,0,0
1.312272,0,0,0,0,0,0
1.313412,0,0,0,0,0,0
1.314536,0,0,0,0,0,0
1.315717,0,0,0,0,0,0
1.317120,0,0,0,0,0,0
1.318569,0,0,0,0,0,0
1.320006,0,0,0,0,0,0
1.321546,0,0,0,0,0,0
1.323200,0,0,0,0,0,0
1.324632,0,0,0,0,0,0
1.326071,0,0,0,0,0,0
1.327578,0,0,0,0,0,0
1.329048,0,0,0,0,0,0
1.330337,0,0,0,0,0,0
1.331499,0,0,0,0,0,0
1.332716,0,0,0,0,0,0
1.334006,0,0,0,0,0,0
1.335551,0,0,0,0,0,0
1.336962,0,0,0,0,0,0
1.338148,0,0,0,0,0,0
1.339333,0,0,0,0,0,0
1.340504,0,0,0,0,0,0
1.341677,0,0,0,0,0,0
1.342895,0,0,0,0,0,0
1.344068,0,0,0,0,0,0
1.345277,0,0,0,0,0,0
1.347001,0,0,0,0,0,0
1.348386,0,0,0,0,0,0
1.349870,0,0,0,0,0,0
1.351849,0,0,0,0,0,0
1.353404,0,0,0,0,0,0
1.354821,0,0,0,0,0,0
1.356504,0,0,0,0,0,0
1.358173,0,0,0,0,0,0
1.359559,0,0,0,0,0,0
1.361138,0,0,0,0,0,0
1.362618,0,0,0,0,0,0
1.364148,0,0,0,0,0,0
1.365659,0,0,0,0,0,0
1.367071,0,0,0,0,0,0
1.368481,0,0,0,0,0,0
1.369723,0,0,0,0,0,0
1.371096,0,0,0,0,0,0
1.372609,0,0,0,0,0,0
1.374348,0,0,0,0,0,0
1.376149,0,0,0,0,0,0
1.377802,0,0,0,0,0,0
1.379426,0,0,0,0,0,0
1.380933,0,0,0,0,0,0
1.382478,0,0,0,0,0,0
1.384060,0,0,0,0,0,0
1.385229,0,0,0,0,0,0
1.386380,0,0,0,0,0,0
1.387633,0,0,0,0,0,0
1.388870,0,0,0,0,0,0
1.390055,0,0,0,0,0,0
1.391566,0,0,0,0,0,0
1.392908,0,0,0,0,0,0
1.394181,0,0,0,0,0,0
1.395351,0,0,0,0,0,0
1.396501,0,0,0,0,0,0
1.397671,0,0,0,0,0,0
1.398978,0,0,0,0,0,0
1.400528,0,0,0,0,0,0
1.401973,0,0,0,0,0,0
1.403457,0,0,0,0,0,0
1.404953,0,0,0,0,0,0
1.406399,0,0,0,0,0,0
1.407871,0,0,0,0,0,0
1.409384,0,0,0,0,0,0
1.410877,0,0,0,0,0,0
1.412306,0,0,0,0,0,0
1.413718,0,0,0,0,0,0
1.415125,0,0,0,0,0,0
1.416624,0,0,0,0,0,0
1.418033,0,0,0,0,0,0
1.419476,0,0,0,0,0,0
1.420794,0,0,0,0,0,0
1.422048,0,0,0,0,0,0
1.423300,0,0,0,0,0,0
1.424433,0,0,0,0,0,0
1.425782,0,0,0,0,0,0
1.426954,0,0,0,0,0,0
1.428423,0,0,0,0,0,0
1.429612,0,0,0,0,0,0
1.430794,0,0,0,0,0,0
1.431977,0,0,0,0,0,0
1.433276,0,0,0,0,0,0
1.434568,0,0,0,0,0,0
1.436185,0,0,0,0,0,0
1.437806,0,0,0,0,0,0
1.439129,0,0,0,0,0,0
1.440509,0,0,0,0,0,0
1.441679,0,0,0,0,0,0
1.442909,0,0,0,0,0,0
1.444078,0,0,0,0,0,0
1.445485,0,0,0,0,0,0
1.447122,0,0,0,0,0,0
1.448680,0,0,0,0,0,0
1.450205,0,0,0,0,0,0
1.451945,0,0,0,0,0,0
1.453430,0,0,0,0,0,0
1.455203,0,0,0,0,0,0
1.456962,0,0,0,0,0,0
1.458503,0,0,0,0,0,0
1.460077,0,0,0,0,0,0
1.461508,0,0,0,0,0,0
1.462940,0,0,0,0,0,0
1.464370,0,0,0,0,0,0
1.465800,0,0,0,0,0,0
1.467349,0,0,0,0,0,0
1.468840,0,0,0,0,0,0
1.470249,0,0,0,0,0,0
1.471642,0,0,0,0,0,0
1.473108,0,0,0,0,0,0
1.474523,0,0,0,0,0,0
1.475974,0,0,0,0,0,0
1.477112,0,0,0,0,0,0
1.478248,0,0,0,0,0,0
1.479399,0,0,0,0,0,0
1.480776,0,0,0,0,0,0
1.481916,0,0,0,0,0,0
1.483215,0,0,0,0,0,0
1.484494,0,0,0,0,0,0
1.485670,0,0,0,0,0,0
1.486949,0,0,0,0,0,0
1.488124,0,0,0,0,0,0
1.489447,0,0,0,0,0,0
1.491189,0,0,0,0,0,0
1.492664,0,0,0,0,0,0
1.494002,0,0,0,0,0,0
1.495198,0,0,0,0,0,0
1.496373,0,0,0,0,0,0
1.497543,0,0,0,0,0,0
1.498714,0,0,0,0,0,0
1.500023,0,0,0,0,0,0
1.501611,0,0,0,0,0,0
1.502784,0,0,0,0,0,0
1.503956,0,0,0,0,0,0
1.505135,0,0,0,0,0,0
1.506323,0,0,0,0,0,0
1.507499,0,0,0,0,0,0
1.508671,0,0,0,0,0,0
1.509847,0,0,0,0,0,0
1.511019,0,0,0,0,0,0
1.512476,0,0,0,0,0,0
1.513694,0,0,0,0,0,0
1.514879,0,0,0,0,0,0
1.516143,0,0,0,0,0,0
1.517324,0,0,0,0,0,0
1.518503,0,0,0,0,0,0
1.520056,0,0,0,0,0,0
1.521643,0,0,0,0,0,0
1.523126,0,0,0,0,0,0
1.524978,0,0,0,0,0,0
1.526428,0,0,0,0,0,0
1.529458,0,0,0,0,0,0
1.531488,0,0,0,0,0,0
1.532969,0,0,0,0,0,0
1.534422,0,0,0,0,0,0
1.535857,0,0,0,0,0,0
1.537292,0,0,0,0,0,0
1.538957,0,0,0,0,0,0
1.540380,0,0,0,0,0,0
1.541828,0,0,0,0,0,0
1.543343,0,0,0,0,0,0
1.544826,0,0,0,0,0,0
1.546092,0,0,0,0,0,0
1.547230,0,0,0,0,0,0
1.548371,0,0,0,0,0,0
1.549539,0,0,0,0,0,0
1.550709,0,0,0,0,0,0
1.551852,0,0,0,0,0,0
1.553098,0,0,0,0,0,0
1.554221,0,0,0,0,0,0
1.555399,0,0,0,0,0,0
1.556588,0,0,0,0,0,0
1.557703,0,0,0,0,0,0
1.558864,0,0,0,0,0,0
1.560018,0,0,0,0,0,0
1.561196,0,0,0,0,0,0
1.562680,0,0,0,0,0,0
1.563960,0,0,0,0,0,0
1.565116,0,0,0,0,0,0
1.566257,0,0,0,0,0,0
1.567394,0,0,0,0,0,0
1.568532,0,0,0,0,0,0
1.569761,0,0,0,0,0,0
1.571088,0,0,0,0,0,0
1.572921,0,0,0,0,0,0
1.574249,0,0,0,0,0,0
1.575816,0,0,0,0,0,0
1.577301,0,0,0,0,0,0
1.578834,0,0,0,0,0,0
1.580311,0,0,0,0,0,0
1.581792,0,0,0,0,0,0
1.583286,0,0,0,0,0,0
1.585039,0,0,0,0,0,0
1.586678,0,0,0,0,0,0
1.588304,0,0,0,0,0,0
1.589595,0,0,0,0,0,0
1.590761,0,0,0,0,0,0
1.591920,0,0,0,0,0,0
1.593253,0,0,0,0,0,0
1.594453,0,0,0,0,0,0
1.596057,0,0,0,0,0,0
1.597422,0,0,0,0,0,0
1.598601,0,0,0,0,0,0
1.599786,0,0,0,0,0,0
1.600954,0,0,0,0,0,0
1.602120,0,0,0,0,0,0
1.603292,0,0,0,0,0,0
1.604510,0,0,0,0,0,0
1.605681,0,0,0,0,0,0
1.606921,0,0,0,0,0,0
1.608524,0,0,0,0,0,0
1.610098,0,0,0,0,0,0
1.611771,0,0,0,0,0,0
1.613304,0,0,0,0,0,0
1.615018,0,0,0,0,0,0
1.616379,0,0,0,0,0,0
1.617889,0,0,0,0,0,0
1.619547,0,0,0,0,0,0
1.621127,0,0,0,0,0,0
1.622726,0,0,0,0,0,0
1.624264,0,0,0,0,0,0
1.625739,0,0,0,0,0,0
1.627221,0,0,0,0,0,0
1.628542,0,0,0,0,0,0
1.629982,0,0,0,0,0,0
1.631615,0,0,0,0,0,0
1.633104,0,0,0,0,0,0
1.634431,0,0,0,0,0,0
1.635817,0,0,0,0,0,0
1.637473,0,0,0,0,0,0
1.638963,0,0,0,0,0,0
1.640444,0,0,0,0,0,0
1.642134,0,0,0,0,0,0
1.643774,0,0,0,0,0,0
1.645281,0,0,0,0,0,0
1.646728,0,0,0,0,0,0
1.648198,0,0,0,0,0,0
1.649620,0,0,0,0,0,0
1.650816,0,0,0,0,0,0
1.652115,0,0,0,0,0,0
1.653326,0,0,0,0,0,0
1.655066,0,0,0,0,0,0
1.656894,0,0,0,0,0,0
1.658201,0,0,0,0,0,0
1.659441,0,0,0,0,0,0
1.660612,0,0,0,0,0,0
1.661782,0,0,0,0,0,0
1.662970,0,0,0,0,0,0
1.664348,0,0,0,0,0,0
1.665885,0,0,0,0,0,0
1.667437,0,0,0,0,0,0
1.668874,0,0,0,0,0,0
1.670350,0,0,0,0,0,0
1.671823,0,0,0,0,0,0
1.673467,0,0,0,0,0,0
1.675030,0,0,0,0,0,0
1.676537,0,0,0,0,0,0
1.678013,0,0,0,0,0,0
1.679451,0,0,0,0,0,0
1.680949,0,0,0,0,0,0
1.682503,0,0,0,0,0,0
1.683976,0,0,0,0,0,0
1.685387,0,0,0,0,0,0
1.686809,0,0,0,0,0,0
1.688222,0,0,0,0,0,0
1.689635,0,0,0,0,0,0
1.690917,0,0,0,0,0,0
1.692061,0,0,0,0,0,0
1.693835,0,0,0,0,0,0
1.694981,0,0,0,0,0,0
1.696298,0,0,0,0,0,0
1.697439,0,0,0,0,0,0
1.698578,0,0,0,0,0,0
1.699777,0,0,0,0,0,0
1.700947,0,0,0,0,0,0
1.702293,0,0,0,0,0,0
1.703485,0,0,0,0,0,0
1.704661,0,0,0,0,0,0
1.705832,0,0,0,0,0,0
1.707373,0,0,0,0,0,0
1.708800,0,0,0,0,0,0
1.709931,0,0,0,0,0,0
1.711054,0,0,0,0,0,0
1.712233,0,0,0,0,0,0
1.713437,0,0,0,0,0,0
1.714822,0,0,0,0,0,0
1.715991,0,0,0,0,0,0
1.717156,0,0,0,0,0,0
1.718497,0,0,0,0,0,0
1.719949,0,0,0,0,0,0
1.721592,0,0,0,0,0,0
1.723041,0,0,0,0,0,0
1.724480,0,0,0,0,0,0
1.725919,0,0,0,0,0,0
1.727360,0,0,0,0,0,0
1.728978,0,0,0,0,0,0
1.730427,0,0,0,0,0,0
1.731811,0,0,0,0,0,0
1.733226,0,0,0,0,0,0
1.734686,0,0,0,0,0,0
1.736096,0,0,0,0,0,0
1.737634,0,0,0,0,0,0
1.739088,0,0,0,0,0,0
1.740572,0,0,0,0,0,0
1.741970,0,0,0,0,0,0
1.743327,0,0,0,0,0,0
1.744727,0,0,0,0,0,0
1.745950,0,0,0,0,0,0
1.747204,0,0,0,0,0,0
1.748615,0,0,0,0,0,0
1.749838,0,0,0,0,0,0
1.751083,0,0,0,0,0,0
1.752249,0,0,0,0,0,0
1.753418,0,0,0,0,0,0
1.754669,0,0,0,0,0,0
1.756427,0,0,0,0,0,0
1.757671,0,0,0,0,0,0
1.758911,0,0,0,0,0,0
1.760146,0,0,0,0,0,0
1.761381,0,0,0,0,0,0
1.762645,0,0,0,0,0,0
1.764196,0,0,0,0,0,0
1.765554,0,0,0,0,0,0
1.766827,0,0,0,0,0,0
1.768209,0,0,0,0,0,0
1.769466,0,0,0,0,0,0
1.770794,0,0,0,0,0,0
1.772033,0,0,0,0,0,0
1.773271,0,0,0,0,0,0
1.774506,0,0,0,0,0,0
1.775742,0,0,0,0,0,0
1.777045,0,0,0,0,0,0
1.778286,0,0,0,0,0,0
1.779577,0,0,0,0,0,0
1.781114,0,0,0,0,0,0
1.782300,0,0,0,0,0,0
1.784005,0,0,0,0,0,0
1.785304,0,0,0,0,0,0
1.786593,0,0,0,0,0,0
1.787938,0,0,0,0,0,0
1.789225,0,0,0,0,0,0
1.790516,0,0,0,0,0,0
1.791847,0,0,0,0,0,0
1.793264,0,0,0,0,0,0
1.794862,0,0,0,0,0,0
1.797092,0,0,0,0,0,0
1.798443,0,0,0,0,0,0
1.799931,0,0,0,0,0,0
1.801406,0,0,0,0,0,0
1.802901,0,0,0,0,0,0
1.804538,0,0,0,0,0,0
1.806015,0,0,0,0,0,0
1.807832,0,0,0,0,0,0
1.809352,0,0,0,0,0,0
1.810924,0,0,0,0,0,0
1.812433,0,0,0,0,0,0
1.813989,0,0,0,0,0,0
1.815424,0,0,0,0,0,0
1.816866,0,0,0,0,0,0
1.818318,0,0,0,0,0,0
1.819758,0,0,0,0,0,0
1.821171,0,0,0,0,0,0
1.822588,0,0,0,0,0,0
1.824000,0,0,0,0,0,0
1.825358,0,0,0,0,0,0
1.826623,0,0,0,0,0,0
1.827948,0,0,0,0,0,0
1.829106,0,0,0,0,0,0
1.830264,0,0,0,0,0,0
1.831450,0,0,0,0,0,0
1.832884,0,0,0,0,0,0
1.834062,0,0,0,0,0,0
1.835254,0,0,0,0,0,0
1.836649,0,0,0,0,0,0
1.838258,0,0,0,0,0,0
1.839981,0,0,0,0,0,0
1.841607,0,0,0,0,0,0
1.843220,0,0,0,0,0,0
1.844569,0,0,0,0,0,0
1.845783,0,0,0,0,0,0
1.847084,0,0,0,0,0,0
1.848260,0,0,0,0,0,0
1.849433,0,0,0,0,0,0
1.850721,0,0,0,0,0,0
1.852064,0,0,0,0,0,0
1.853719,0,0,0,0,0,0
1.855157,0,0,0,0,0,0
1.856598,0,0,0,0,0,0
1.858092,0,0,0,0,0,0
1.859573,0,0,0,0,0,0
1.861084,0,0,0,0,0,0
1.862582,0,0,0,0,0,0
1.863903,0,0,0,0,0,0
1.865035,0,0,0,0,0,0
1.866184,0,0,0,0,0,0
1.867454,0,0,0,0,0,0
1.868764,0,0,0,0,0,0
1.869967,0,0,0,0,0,0
1.871224,0,0,0,0,0,0
1.872477,0,0,0,0,0,0
1.873736,0,0,0,0,0,0
1.875041,0,0,0,0,0,0
1.876177,0,0,0,0,0,0
1.877400,0,0,0,0,0,0
1.878696,0,0,0,0,0,0
1.879947,0,0,0,0,0,0
1.881145,0,0,0,0,0,0
1.882568,0,0,0,0,0,0
1.884283,0,0,0,0,0,0
1.885812,0,0,0,0,0,0
1.887291,0,0,0,0,0,0
1.888727,0,0,0,0,0,0
1.890336,0,0,0,0,0,0
1.892078,0,0,0,0,0,0
1.893430,0,0,0,0,0,0
1.894643,0,0,0,0,0,0
1.895932,0,0,0,0,0,0
1.897332,0,0,0,0,0,0
1.898808,0,0,0,0,0,0
1.900257,0,0,0,0,0,0
1.901689,0,0,0,0,0,0
1.903172,0,0,0,0,0,0
1.904606,0,0,0,0,0,0
1.906041,0,0,0,0,0,0
1.907474,0,0,0,0,0,0
1.908929,0,0,0,0,0,0
1.910070,0,0,0,0,0,0
1.911219,0,0,0,0,0,0
1.912361,0,0,0,0,0,0
1.913674,0,0,0,0,0,0
1.915152,0,0,0,0,0,0
1.916598,0,0,0,0,0,0
1.917773,0,0,0,0,0,0
1.919251,0,0,0,0,0,0
1.920427,0,0,0,0,0,0
1.921709,0,0,0,0,0,0
1.923101,0,0,0,0,0,0
1.924608,0,0,0,0,0,0
1.926398,0,0,0,0,0,0
1.927878,0,0,0,0,0,0
1.929490,0,0,0,0,0,0
1.931055,0,0,0,0,0,0
1.932493,0,0,0,0,0,0
1.933974,0,0,0,0,0,0
1.935448,0,0,0,0,0,0
1.936892,0,0,0,0,0,0
1.938323,0,0,0,0,0,0
1.939863,0,0,0,0,0,0
1.941457,0,0,0,0,0,0
1.942880,0,0,0,0,0,0
1.944299,0,0,0,0,0,0
1.945794,0,0,0,0,0,0
1.947288,0,0,0,0,0,0
1.948759,0,0,0,0,0,0
1.950013,0,0,0,0,0,0
1.951266,0,0,0,0,0,0
1.952532,0,0,0,0,0,0
1.953845,0,0,0,0,0,0
1.955144,0,0,0,0,0,0
1.956287,0,0,0,0,0,0
1.957426,0,0,0,0,0,0
1.958568,0,0,0,0,0,0
1.959711,0,0,0,0,0,0
1.960851,0,0,0,0,0,0
1.961992,0,0,0,0,0,0
1.963375,0,0,0,0,0,0
1.965354,0,0,0,0,0,0
1.966862,0,0,0,0,0,0
1.968174,0,0,0,0,0,0
1.969449,0,0,0,0,0,0
1.970618,0,0,0,0,0,0
1.971800,0,0,0,0,0,0
1.972972,0,0,0,0,0,0
1.974189,0,0,0,0,0,0
1.975523,0,0,0,0,0,0
1.977047,0,0,0,0,0,0
1.978396,0,0,0,0,0,0
1.979871,0,0,0,0,0,0
1.981345,0,0,0,0,0,0
1.982825,0,0,0,0,0,0
1.984313,0,0,0,0,0,0
1.985816,0,0,0,0,0,0
1.987361,0,0,0,0,0,0
1.988817,0,0,0,0,0,0
1.990824,0,0,0,0,0,0
1.992256,0,0,0,0,0,0
1.993687,0,0,0,0,0,0
1.995168,0,0,0,0,0,0
1.996690,0,0,0,0,0,0
1.998183,0,0,0,0,0,0
1.999634,0,0,0,0,0,0
2.001099,0,0,0,0,0,0
2.002378,0,0,0,0,0,0
2.003519,0,0,0,0,0,0
2.004722,0,0,0,0,0,0
2.005860,0,0,0,0,0,0
2.006997,0,0,0,0,0,0
2.008144,0,0,0,0,0,0
2.009283,0,0,0,0,0,0
2.010626,0,0,0,0,0,0
2.011831,0,0,0,0,0,0
2.013020,0,0,0,0,0,0
2.014176,0,0,0,0,0,0
2.015924,0,0,0,0,0,0
2.017250,0,0,0,0,0,0
2.018839,0,0,0,0,0,0
2.020369,0,0,0,0,0,0
2.021688,0,0,0,0,0,0
2.022854,0,0,0,0,0,0
2.024021,0,0,0,0,0,0
2.025186,0,0,0,0,0,0
2.026361,0,0,0,0,0,0
2.027532,0,0,0,0,0,0
2.029041,0,0,0,0,0,0
2.030241,0,0,0,0,0,0
2.031375,0,0,0,0,0,0
2.032506,0,0,0,0,0,0
2.033631,0,0,0,0,0,0
2.034896,0,0,0,0,0,0
2.036049,0,0,0,0,0,0
2.037152,0,0,0,0,0,0
2.038254,0,0,0,0,0,0
2.039355,0,0,0,0,0,0
2.040475,0,0,0,0,0,0
2.041634,0,0,0,0,0,0
2.043556,0,0,0,0,0,0
2.045131,0,0,0,0,0,0
2.046473,0,0,0,0,0,0
2.047915,0,0,0,0,0,0
2.049357,0,0,0,0,0,0
2.050841,0,0,0,0,0,0
2.052282,0,0,0,0,0,0
2.054196,0,0,0,0,0,0
2.055935,0,0,0,0,0,0
2.057534,0,0,0,0,0,0
2.059117,0,0,0,0,0,0
2.060564,0,0,0,0,0,0
2.062066,0,0,0,0,0,0
2.063504,0,0,0,0,0,0
2.064921,0,0,0,0,0,0
2.066332,0,0,0,0,0,0
2.067769,0,0,0,0,0,0
2.069023,0,0,0,0,0,0
2.070276,0,0,0,0,0,0
2.071531,0,0,0,0,0,0
2.072793,0,0,0,0,0,0
2.074052,0,0,0,0,0,0
2.075359,0,0,0,0,0,0
2.076534,0,0,0,0,0,0
2.077709,0,0,0,0,0,0
2.078889,0,0,0,0,0,0
2.080061,0,0,0,0,0,0
2.081231,0,0,0,0,0,0
2.082514,0,0,0,0,0,0
2.084105,0,0,0,0,0,0
2.085736,0,0,0,0,0,0
2.087070,0,0,0,0,0,0
2.088238,0,0,0,0,0,0
2.089405,0,0,0,0,0,0
2.090571,0,0,0,0,0,0
2.091894,0,0,0,0,0,0
2.093061,0,0,0,0,0,0
2.094238,0,0,0,0,0,0
2.095901,0,0,0,0,0,0
2.097289,0,0,0,0,0,0
2.098790,0,0,0,0,0,0
2.100605,0,0,0,0,0,0
2.102174,0,0,0,0,0,0
2.103709,0,0,0,0,0,0
2.105484,0,0,0,0,0,0
2.106999,0,0,0,0,0,0
2.108438,0,0,0,0,0,0
2.109885,0,0,0,0,0,0
2.111169,0,0,0,0,0,0
2.112317,0,0,0,0,0,0
2.114482,0,0,0,0,0,0
2.115681,0,0,0,0,0,0
2.117109,0,0,0,0,0,0
2.118856,0,0,0,0,0,0
2.120217,0,0,0,0,0,0
2.121435,0,0,0,0,0,0
2.122610,0,0,0,0,0,0
2.123967,0,0,0,0,0,0
2.125176,0,0,0,0,0,0
2.126356,0,0,0,0,0,0
2.127526,0,0,0,0,0,0
2.128773,0,0,0,0,0,0
2.129946,0,0,0,0,0,0
2.131840,0,0,0,0,0,0
2.133318,0,0,0,0,0,0
2.134797,0,0,0,0,0,0
2.136310,0,0,0,0,0,0
2.137601,0,0,0,0,0,0
2.139181,0,0,0,0,0,0
2.140369,0,0,0,0,0,0
2.141692,0,0,0,0,0,0
2.143130,0,0,0,0,0,0
2.144570,0,0,0,0,0,0
2.145908,0,0,0,0,0,0
2.147094,0,0,0,0,0,0
2.148658,0,0,0,0,0,0
2.149873,0,0,0,0,0,0
2.151245,0,0,0,0,0,0
2.153063,0,0,0,0,0,0
2.154597,0,0,0,0,0,0
2.156218,0,0,0,0,0,0
2.157700,0,0,0,0,0,0
2.159179,0,0,0,0,0,0
2.160747,0,0,0,0,0,0
2.162243,0,0,0,0,0,0
2.164239,0,0,0,0,0,0
2.165759,0,0,0,0,0,0
2.167052,0,0,0,0,0,0
2.168232,0,0,0,0,0,0
2.169417,0,0,0,0,0,0
2.170569,0,0,0,0,0,0
2.171922,0,0,0,0,0,0
2.173644,0,0,0,0,0,0
2.174965,0,0,0,0,0,0
2.176152,0,0,0,0,0,0
2.177547,0,0,0,0,0,0
2.178775,0,0,0,0,0,0
2.180001,0,0,0,0,0,0
2.181445,0,0,0,0,0,0
2.182830,0,0,0,0,0,0
2.184322,0,0,0,0,0,0
2.185797,0,0,0,0,0,0
2.187325,0,0,0,0,0,0
2.188954,0,0,0,0,0,0
2.190446,0,0,0,0,0,0
2.191924,0,0,0,0,0,0
2.193711,0,0,0,0,0,0
2.195424,0,0,0,0,0,0
2.196890,0,0,0,0,0,0
2.198334,0,0,0,0,0,0
2.199947,0,0,0,0,0,0
2.201526,0,0,0,0,0,0
2.203148,0,0,0,0,0,0
2.204570,0,0,0,0,0,0
2.205984,0,0,0,0,0,0
2.207409,0,0,0,0,0,0
2.208837,0,0,0,0,0,0
2.209934,0,0,0,0,0,0
2.211084,0,0,0,0,0,0
2.212236,0,0,0,0,0,0
2.213342,0,0,0,0,0,0
2.214452,0,0,0,0,0,0
2.215571,0,0,0,0,0,0
2.216792,0,0,0,0,0,0
2.217943,0,0,0,0,0,0
2.219157,0,0,0,0,0,0
2.220335,0,0,0,0,0,0
2.221511,0,0,0,0,0,0
2.222686,0,0,0,0,0,0
2.224195,0,0,0,0,0,0
2.225812,0,0,0,0,0,0
2.227369,0,0,0,0,0,0
2.228894,0,0,0,0,0,0
2.230064,0,0,0,0,0,0
2.231235,0,0,0,0,0,0
2.232405,0,0,0,0,0,0
2.233638,0,0,0,0,0,0
2.234878,0,0,0,0,0,0
2.237105,0,0,0,0,0,0
2.238515,0,0,0,0,0,0
2.239995,0,0,0,0,0,0
2.241536,0,0,0,0,0,0
2.243342,0,0,0,0,0,0
2.244953,0,0,0,0,0,0
2.246986,0,0,0,0,0,0
2.248463,0,0,0,0,0,0
2.249933,0,0,0,0,0,0
2.251394,0,0,0,0,0,0
2.253169,0,0,0,0,0,0
2.254609,0,0,0,0,0,0
2.256097,0,0,0,0,0,0
2.257566,0,0,0,0,0,0
2.259078,0,0,0,0,0,0
2.260494,0,0,0,0,0,0
2.261908,0,0,0,0,0,0
2.263383,0,0,0,0,0,0
2.264662,0,0,0,0,0,0
2.265803,0,0,0,0,0,0
2.266956,0,0,0,0,0,0
2.268160,0,0,0,0,0,0
2.269316,0,0,0,0,0,0
2.270509,0,0,0,0,0,0
2.271662,0,0,0,0,0,0
2.272815,0,0,0,0,0,0
2.273967,0,0,0,0,0,0
2.275130,0,0,0,0,0,0
2.276416,0,0,0,0,0,0
2.277689,0,0,0,0,0,0
2.278905,0,0,0,0,0,0
2.280413,0,0,0,0,0,0
2.282985,0,0,0,0,0,0
2.285067,0,0,0,0,0,0
2.286258,0,0,0,0,0,0
2.287428,0,0,0,0,0,0
2.288604,0,0,0,0,0,0
2.291254,0,0,0,0,0,0
2.292408,0,0,0,0,0,0
2.293558,0,0,0,0,0,0
2.294704,0,0,0,0,0,0
2.295865,0,0,0,0,0,0
2.297014,0,0,0,0,0,0
2.298165,0,0,0,0,0,0
2.299388,0,0,0,0,0,0
2.301014,0,0,0,0,0,0
2.302261,0,0,0,0,0,0
2.303437,0,0,0,0,0,0
2.304614,0,0,0,0,0,0
2.305785,0,0,0,0,0,0
2.307016,0,0,0,0,0,0
2.308420,0,0,0,0,0,0
2.310048,0,0,0,0,0,0
2.311395,0,0,0,0,0,0
2.312888,0,0,0,0,0,0
2.315059,0,0,0,0,0,0
2.316547,0,0,0,0,0,0
2.318049,0,0,0,0,0,0
2.319691,0,0,0,0,0,0
2.321166,0,0,0,0,0,0
2.322640,0,0,0,0,0,0
2.324357,0,0,0,0,0,0
2.325811,0,0,0,0,0,0
2.327263,0,0,0,0,0,0
2.328751,0,0,0,0,0,0
2.330422,0,0,0,0,0,0
2.331864,0,0,0,0,0,0
2.333280,0,0,0,0,0,0
2.334700,0,0,0,0,0,0
2.336121,0,0,0,0,0,0
2.337393,0,0,0,0,0,0
2.338534,0,0,0,0,0,0
2.339685,0,0,0,0,0,0
2.340839,0,0,0,0,0,0
2.341989,0,0,0,0,0,0
2.343386,0,0,0,0,0,0
2.344583,0,0,0,0,0,0
2.345737,0,0,0,0,0,0
2.346938,0,0,0,0,0,0
2.348133,0,0,0,0,0,0
2.349309,0,0,0,0,0,0
2.350482,0,0,0,0,0,0
2.351731,0,0,0,0,0,0
2.353420,0,0,0,0,0,0
2.354915,0,0,0,0,0,0
2.356282,0,0,0,0,0,0
2.357454,0,0,0,0,0,0
2.358964,0,0,0,0,0,0
2.360176,0,0,0,0,0,0
2.361351,0,0,0,0,0,0
2.362519,0,0,0,0,0,0
2.364130,0,0,0,0,0,0
2.365665,0,0,0,0,0,0
2.367227,0,0,0,0,0,0
2.368947,0,0,0,0,0,0
2.370704,0,0,0,0,0,0
2.372154,0,0,0,0,0,0
2.373653,0,0,0,0,0,0
2.375100,0,0,0,0,0,0
2.376536,0,0,0,0,0,0
2.379276,0,0,0,0,0,0
2.380564,0,0,0,0,0,0
2.381765,0,0,0,0,0,0
2.382918,0,0,0,0,0,0
2.384070,0,0,0,0,0,0
2.385259,0,0,0,0,0,0
2.386977,0,0,0,0,0,0
2.388307,0,0,0,0,0,0
2.389475,0,0,0,0,0,0
2.390648,0,0,0,0,0,0
2.391911,0,0,0,0,0,0
2.393094,0,0,0,0,0,0
2.394266,0,0,0,0,0,0
2.395492,0,0,0,0,0,0
2.396774,0,0,0,0,0,0
2.398211,0,0,0,0,0,0
2.399815,0,0,0,0,0,0
2.401305,0,0,0,0,0,0
2.403000,0,0,0,0,0,0
2.404647,0,0,0,0,0,0
2.406182,0,0,0,0,0,0
2.407473,0,0,0,0,0,0
2.409457,0,0,0,0,0,0
2.411107,0,0,0,0,0,0
2.412812,0,0,0,0,0,0
2.414396,0,0,0,0,0,0
2.416043,0,0,0,0,0,0
2.417586,0,0,0,0,0,0
2.419572,0,0,0,0,0,0
2.421766,0,0,0,0,0,0
2.423129,0,0,0,0,0,0
2.424311,0,0,0,0,0,0
2.425981,0,0,0,0,0,0
2.427414,0,0,0,0,0,0
2.429032,0,0,0,0,0,0
2.430811,0,0,0,0,0,0
2.432391,0,0,0,0,0,0
2.433880,0,0,0,0,0,0
2.435347,0,0,0,0,0,0
2.436827,0,0,0,0,0,0
2.438264,0,0,0,0,0,0
2.439785,0,0,0,0,0,0
2.441323,0,0,0,0,0,0
2.442585,0,0,0,0,0,0
2.443845,0,0,0,0,0,0
2.445040,0,0,0,0,0,0
2.446230,0,0,0,0,0,0
2.447418,0,0,0,0,0,0
2.448969,0,0,0,0,0,0
2.450252,0,0,0,0,0,0
2.451413,0,0,0,0,0,0
2.452576,0,0,0,0,0,0
2.453726,0,0,0,0,0,0
2.455080,0,0,0,0,0,0
2.456612,0,0,0,0,0,0
2.458132,0,0,0,0,0,0
2.459687,0,0,0,0,0,0
2.461165,0,0,0,0,0,0
2.462637,0,0,0,0,0,0
2.464170,0,0,0,0,0,0
2.465685,0,0,0,0,0,0
2.467247,0,0,0,0,0,0
2.468759,0,0,0,0,0,0
2.470252,0,0,0,0,0,0
2.471959,0,0,0,0,0,0
2.473505,0,0,0,0,0,0
2.474996,0,0,0,0,0,0
2.476403,0,0,0,0,0,0
2.477822,0,0,0,0,0,0
2.479468,0,0,0,0,0,0
2.480981,0,0,0,0,0,0
2.482249,0,0,0,0,0,0
2.483385,0,0,0,0,0,0
2.484524,0,0,0,0,0,0
2.485665,0,0,0,0,0,0
2.486805,0,0,0,0,0,0
2.487953,0,0,0,0,0,0
2.489096,0,0,0,0,0,0
2.490242,0,0,0,0,0,0
2.491426,0,0,0,0,0,0
2.492597,0,0,0,0,0,0
2.493926,0,0,0,0,0,0
2.495312,0,0,0,0,0,0
2.496542,0,0,0,0,0,0
2.498125,0,0,0,0,0,0
2.499604,0,0,0,0,0,0
2.500772,0,0,0,0,0,0
2.501939,0,0,0,0,0,0
2.503106,0,0,0,0,0,0
2.504621,0,0,0,0,0,0
2.505814,0,0,0,0,0,0
2.507162,0,0,0,0,0,0
2.508641,0,0,0,0,0,0
2.510238,0,0,0,0,0,0
2.512181,0,0,0,0,0,0
2.513865,0,0,0,0,0,0
2.515405,0,0,0,0,0,0
2.516873,0,0,0,0,0,0
2.518384,0,0,0,0,0,0
2.520545,0,0,0,0,0,0
2.522093,0,0,0,0,0,0
2.523707,0,0,0,0,0,0
2.525158,0,0,0,0,0,0
2.526554,0,0,0,0,0,0
2.527948,0,0,0,0,0,0
2.529366,0,0,0,0,0,0
2.530807,0,0,0,0,0,0
2.532190,0,0,0,0,0,0
2.533732,0,0,0,0,0,0
2.535151,0,0,0,0,0,0
2.536577,0,0,0,0,0,0
2.537986,0,0,0,0,0,0
2.539400,0,0,0,0,0,0
2.540784,0,0,0,0,0,0
2.542233,0,0,0,0,0,0
2.543369,0,0,0,0,0,0
2.544624,0,0,0,0,0,0
2.545879,0,0,0,0,0,0
2.547177,0,0,0,0,0,0
2.548399,0,0,0,0,0,0
2.549548,0,0,0,0,0,0
2.550695,0,0,0,0,0,0
2.551840,0,0,0,0,0,0
2.552998,0,0,0,0,0,0
2.554149,0,0,0,0,0,0
2.555532,0,0,0,0,0,0
2.556952,0,0,0,0,0,0
2.558125,0,0,0,0,0,0
2.559297,0,0,0,0,0,0
2.560469,0,0,0,0,0,0
2.561639,0,0,0,0,0,0
2.563130,0,0,0,0,0,0
2.564308,0,0,0,0,0,0
2.565549,0,0,0,0,0,0
2.566910,0,0,0,0,0,0
2.568274,0,0,0,0,0,0
2.569843,0,0,0,0,0,0
2.571461,0,0,0,0,0,0
2.573086,0,0,0,0,0,0
2.574430,0,0,0,0,0,0
2.575794,0,0,0,0,0,0
2.577084,0,0,0,0,0,0
2.578371,0,0,0,0,0,0
2.579702,0,0,0,0,0,0
2.580877,0,0,0,0,0,0
2.582049,0,0,0,0,0,0
2.583222,0,0,0,0,0,0
2.584468,0,0,0,0,0,0
2.585642,0,0,0,0,0,0
2.587128,0,0,0,0,0,0
2.588513,0,0,0,0,0,0
2.589683,0,0,0,0,0,0
2.590850,0,0,0,0,0,0
2.592040,0,0,0,0,0,0
2.593212,0,0,0,0,0,0
2.594505,0,0,0,0,0,0
2.595686,0,0,0,0,0,0
2.596861,0,0,0,0,0,0
2.598033,0,0,0,0,0,0
2.599705,0,0,0,0,0,0
2.600913,0,0,0,0,0,0
2.602048,0,0,0,0,0,0
2.603244,0,0,0,0,0,0
2.604416,0,0,0,0,0,0
2.605538,0,0,0,0,0,0
2.606660,0,0,0,0,0,0
2.607784,0,0,0,0,0,0
2.608910,0,0,0,0,0,0
2.610088,0,0,0,0,0,0
2.611280,0,0,0,0,0,0
2.612469,0,0,0,0,0,0
2.613625,0,0,0,0,0,0
2.614779,0,0,0,0,0,0
2.615932,0,0,0,0,0,0
2.617452,0,0,0,0,0,0
2.618839,0,0,0,0,0,0
2.620331,0,0,0,0,0,0
2.621814,0,0,0,0,0,0
2.623328,0,0,0,0,0,0
2.624832,0,0,0,0,0,0
2.626318,0,0,0,0,0,0
2.627798,0,0,0,0,0,0
2.629343,0,0,0,0,0,0
2.630816,0,0,0,0,0,0
2.632305,0,0,0,0,0,0
2.633740,0,0,0,0,0,0
2.635189,0,0,0,0,0,0
2.636637,0,0,0,0,0,0
2.638088,0,0,0,0,0,0
2.639556,0,0,0,0,0,0
2.641039,0,0,0,0,0,0
2.642485,0,0,0,0,0,0
2.644147,0,0,0,0,0,0
2.645287,0,0,0,0,0,0
2.646425,0,0,0,0,0,0
2.647573,0,0,0,0,0,0
2.648871,0,0,0,0,0,0
2.650010,0,0,0,0,0,0
2.651201,0,0,0,0,0,0
2.652405,0,0,0,0,0,0
2.653554,0,0,0,0,0,0
2.654701,0,0,0,0,0,0
2.655850,0,0,0,0,0,0
2.657149,0,0,0,0,0,0
2.658587,0,0,0,0,0,0
2.660142,0,0,0,0,0,0
2.661463,0,0,0,0,0,0
2.662635,0,0,0,0,0,0
2.663821,0,0,0,0,0,0
2.665122,0,0,0,0,0,0
2.666293,0,0,0,0,0,0
2.667461,0,0,0,0,0,0
2.668672,0,0,0,0,0,0
2.670207,0,0,0,0,0,0
2.671874,0,0,0,0,0,0
2.673669,0,0,0,0,0,0
2.675383,0,0,0,0,0,0
2.677865,0,0,0,0,0,0
2.679361,0,0,0,0,0,0
2.681220,0,0,0,0,0,0
2.682713,0,0,0,0,0,0
2.684673,0,0,0,0,0,0
2.686013,0,0,0,0,0,0
2.687268,0,0,0,0,0,0
2.688630,0,0,0,0,0,0
2.689955,0,0,0,0,0,0
2.691225,0,0,0,0,0,0
2.692517,0,0,0,0,0,0
2.693833,0,0,0,0,0,0
2.695000,0,0,0,0,0,0
2.696218,0,0,0,0,0,0
2.697492,0,0,0,0,0,0
2.698667,0,0,0,0,0,0
2.700131,0,0,0,0,0,0
2.701710,0,0,0,0,0,0
2.703190,0,0,0,0,0,0
2.704689,0,0,0,0,0,0
2.706171,0,0,0,0,0,0
2.707740,0,0,0,0,0,0
2.709338,0,0,0,0,0,0
2.710729,0,0,0,0,0,0
2.712077,0,0,0,0,0,0
2.713449,0,0,0,0,0,0
2.714973,0,0,0,0,0,0
2.716448,0,0,0,0,0,0
2.717937,0,0,0,0,0,0
2.719283,0,0,0,0,0,0
2.721101,0,0,0,0,0,0
2.722288,0,0,0,0,0,0
2.723871,0,0,0,0,0,0
2.725599,0,0,0,0,0,0
2.727057,0,0,0,0,0,0
2.728812,0,0,0,0,0,0
2.730290,0,0,0,0,0,0
2.732244,0,0,0,0,0,0
2.733735,0,0,0,0,0,0
2.735265,0,0,0,0,0,0
2.736941,0,0,0,0,0,0
2.738540,0,0,0,0,0,0
2.740027,0,0,0,0,0,0
2.741497,0,0,0,0,0,0
2.742784,0,0,0,0,0,0
2.743934,0,0,0,0,0,0
2.745105,0,0,0,0,0,0
2.746255,0,0,0,0,0,0
2.747530,0,0,0,0,0,0
2.749029,0,0,0,0,0,0
2.750345,0,0,0,0,0,0
2.752015,0,0,0,0,0,0
2.753266,0,0,0,0,0,0
2.754444,0,0,0,0,0,0
2.755737,0,0,0,0,0,0
2.757279,0,0,0,0,0,0
2.758790,0,0,0,0,0,0
2.760270,0,0,0,0,0,0
2.761908,0,0,0,0,0,0
2.763442,0,0,0,0,0,0
2.764959,0,0,0,0,0,0
2.766563,0,0,0,0,0,0
2.768701,0,0,0,0,0,0
2.770162,0,0,0,0,0,0
2.771669,0,0,0,0,0,0
2.773728,0,0,0,0,0,0
2.775346,0,0,0,0,0,0
2.776965,0,0,0,0,0,0
2.778394,0,0,0,0,0,0
2.779965,0,0,0,0,0,0
2.781418,0,0,0,0,0,0
2.782836,0,0,0,0,0,0
2.784267,0,0,0,0,0,0
2.785538,0,0,0,0,0,0
2.786687,0,0,0,0,0,0
2.787827,0,0,0,0,0,0
2.788990,0,0,0,0,0,0
2.790128,0,0,0,0,0,0
2.791269,0,0,0,0,0,0
2.793166,0,0,0,0,0,0
2.795377,0,0,0,0,0,0
2.796533,0,0,0,0,0,0
2.797683,0,0,0,0,0,0
2.798865,0,0,0,0,0,0
2.800061,0,0,0,0,0,0
2.801483,0,0,0,0,0,0
2.802801,0,0,0,0,0,0
2.804049,0,0,0,0,0,0
2.805227,0,0,0,0,0,0
2.806412,0,0,0,0,0,0
2.807725,0,0,0,0,0,0
2.808900,0,0,0,0,0,0
2.810072,0,0,0,0,0,0
2.811702,0,0,0,0,0,0
2.813287,0,0,0,0,0,0
2.814763,0,0,0,0,0,0
2.816405,0,0,0,0,0,0
2.817992,0,0,0,0,0,0
2.819809,0,0,0,0,0,0
2.821466,0,0,0,0,0,0
2.822959,0,0,0,0,0,0
2.824648,0,0,0,0,0,0
2.826256,0,0,0,0,0,0
2.827820,0,0,0,0,0,0
2.829385,0,0,0,0,0,0
2.830919,0,0,0,0,0,0
2.832546,0,0,0,0,0,0
2.834171,0,0,0,0,0,0
2.835671,0,0,0,0,0,0
2.837087,0,0,0,0,0,0
2.838551,0,0,0,0,0,0
2.839819,0,0,0,0,0,0
2.840959,0,0,0,0,0,0
2.842096,0,0,0,0,0,0
2.843391,0,0,0,0,0,0
2.844582,0,0,0,0,0,0
2.845754,0,0,0,0,0,0
2.847273,0,0,0,0,0,0
2.848519,0,0,0,0,0,0
2.849697,0,0,0,0,0,0
2.852056,0,0,0,0,0,0
2.853666,0,0,0,0,0,0
2.854899,0,0,0,0,0,0
2.856455,0,0,0,0,0,0
2.857982,0,0,0,0,0,0
2.859354,0,0,0,0,0,0
2.860520,0,0,0,0,0,0
2.861687,0,0,0,0,0,0
2.862859,0,0,0,0,0,0
2.864080,0,0,0,0,0,0
2.865269,0,0,0,0,0,0
2.866521,0,0,0,0,0,0
2.867856,0,0,0,0,0,0
2.869064,0,0,0,0,0,0
2.870221,0,0,0,0,0,0
2.871420,0,0,0,0,0,0
2.872572,0,0,0,0,0,0
2.873722,0,0,0,0,0,0
2.875062,0,0,0,0,0,0
2.876314,0,0,0,0,0,0
2.877534,0,0,0,0,0,0
2.878730,0,0,0,0,0,0
2.879907,0,0,0,0,0,0
2.881081,0,0,0,0,0,0
2.882265,0,0,0,0,0,0
2.883464,0,0,0,0,0,0
2.885246,0,0,0,0,0,0
2.886635,0,0,0,0,0,0
2.888319,0,0,0,0,0,0
2.889813,0,0,0,0,0,0
2.891326,0,0,0,0,0,0
2.892882,0,0,0,0,0,0
2.894496,0,0,0,0,0,0
2.895979,0,0,0,0,0,0
2.897459,0,0,0,0,0,0
2.898998,0,0,0,0,0,0
2.900434,0,0,0,0,0,0
2.901874,0,0,0,0,0,0
2.903306,0,0,0,0,0,0
2.904841,0,0,0,0,0,0
2.906286,0,0,0,0,0,0
2.907725,0,0,0,0,0,0
2.909137,0,0,0,0,0,0
2.910548,0,0,0,0,0,0
2.911962,0,0,0,0,0,0
2.913231,0,0,0,0,0,0
2.914373,0,0,0,0,0,0
2.915521,0,0,0,0,0,0
2.916740,0,0,0,0,0,0
2.917990,0,0,0,0,0,0
2.919207,0,0,0,0,0,0
2.920497,0,0,0,0,0,0
2.921739,0,0,0,0,0,0
2.923101,0,0,0,0,0,0
2.924283,0,0,0,0,0,0
2.925455,0,0,0,0,0,0
2.926628,0,0,0,0,0,0
2.927949,0,0,0,0,0,0
2.929586,0,0,0,0,0,0
2.931166,0,0,0,0,0,0
2.932579,0,0,0,0,0,0
2.934099,0,0,0,0,0,0
2.935479,0,0,0,0,0,0
2.936818,0,0,0,0,0,0
2.938111,0,0,0,0,0,0
2.939403,0,0,0,0,0,0
2.941733,0,0,0,0,0,0
2.943455,0,0,0,0,0,0
2.947240,0,0,0,0,0,0
2.948847,0,0,0,0,0,0
2.950269,0,0,0,0,0,0
2.951673,0,0,0,0,0,0
2.953073,0,0,0,0,0,0
2.954469,0,0,0,0,0,0
2.955688,0,0,0,0,0,0
2.956926,0,0,0,0,0,0
2.958166,0,0,0,0,0,0
2.959416,0,0,0,0,0,0
2.960677,0,0,0,0,0,0
2.961936,0,0,0,0,0,0
2.963189,0,0,0,0,0,0
2.964433,0,0,0,0,0,0
2.965628,0,0,0,0,0,0
2.966873,0,0,0,0,0,0
2.968117,0,0,0,0,0,0
2.969360,0,0,0,0,0,0
2.970642,0,0,0,0,0,0
2.972031,0,0,0,0,0,0
2.973356,0,0,0,0,0,0
2.974739,0,0,0,0,0,0
2.976014,0,0,0,0,0,0
2.977302,0,0,0,0,0,0
2.978547,0,0,0,0,0,0
2.979848,0,0,0,0,0,0
2.981397,0,0,0,0,0,0
2.982644,0,0,0,0,0,0
2.983916,0,0,0,0,0,0
2.985196,0,0,0,0,0,0
2.986647,0,0,0,0,0,0
2.988057,0,0,0,0,0,0
2.989444,0,0,0,0,0,0
2.990642,0,0,0,0,0,0
2.991881,0,0,0,0,0,0
2.993116,0,0,0,0,0,0
2.994352,0,0,0,0,0,0
2.995667,0,0,0,0,0,0
2.996940,0,0,0,0,0,0
2.998159,0,0,0,0,0,0
2.999367,0,0,0,0,0,0
3.000547,0,0,0,0,0,0
3.001768,0,0,0,0,0,0
3.003179,0,0,0,0,0,0
3.004502,0,0,0,0,0,0
3.005903,0,0,0,0,0,0
3.007255,0,0,0,0,0,0
3.008676,0,0,0,0,0,0
3.010006,0,0,0,0,0,0
3.011222,0,0,0,0,0,0
3.012471,0,0,0,0,0,0
3.013672,0,0,0,0,0,0
3.014939,0,0,0,0,0,0
3.016131,0,0,0,0,0,0
3.017318,0,0,0,0,0,0
3.018519,0,0,0,0,0,0
3.019596,0,0,0,0,0,0
3.020860,0,0,0,0,0,0
3.022052,0,0,0,0,0,0
3.023289,0,0,0,0,0,0
3.024556,0,0,0,0,0,0
3.025819,0,0,0,0,0,0
3.027069,0,0,0,0,0,0
3.028335,0,0,0,0,0,0
3.029636,0,0,0,0,0,0
3.030905,0,0,0,0,0,0
3.032188,0,0,0,0,0,0
3.033428,0,0,0,0,0,0
3.034669,0,0,0,0,0,0
3.036060,0,0,0,0,0,0
3.037490,0,0,0,0,0,0
3.038880,0,0,0,0,0,0
3.040225,0,0,0,0,0,0
3.041527,0,0,0,0,0,0
3.042864,0,0,0,0,0,0
3.044196,0,0,0,0,0,0
3.045404,0,0,0,0,0,0
3.046611,0,0,0,0,0,0
3.047827,0,0,0,0,0,0
3.049038,0,0,0,0,0,0
3.050244,0,0,0,0,0,0
3.051450,0,0,0,0,0,0
3.052705,0,0,0,0,0,0
3.053914,0,0,0,0,0,0
3.055122,0,0,0,0,0,0
3.056337,0,0,0,0,0,0
3.057543,0,0,0,0,0,0
3.058782,0,0,0,0,0,0
3.060019,0,0,0,0,0,0
3.061253,0,0,0,0,0,0
3.062631,0,0,0,0,0,0
3.063871,0,0,0,0,0,0
3.065108,0,0,0,0,0,0
3.066386,0,0,0,0,0,0
3.067686,0,0,0,0,0,0
3.069038,0,0,0,0,0,0
3.070326,0,0,0,0,0,0
3.071788,0,0,0,0,0,0
3.072937,0,0,0,0,0,0
3.074544,0,0,0,0,0,0
3.076476,0,0,0,0,0,0
3.077892,0,0,0,0,0,0
3.079328,0,0,0,0,0,0
3.080928,0,0,0,0,0,0
3.082714,0,0,0,0,0,0
3.084272,0,0,0,0,0,0
3.085692,0,0,0,0,0,0
3.087095,0,0,0,0,0,0
3.088559,0,0,0,0,0,0
3.089958,0,0,0,0,0,0
3.091410,0,0,0,0,0,0
3.092791,0,0,0,0,0,0
3.094217,0,0,0,0,0,0
3.095726,0,0,0,0,0,0
3.097097,0,0,0,0,0,0
3.098494,0,0,0,0,0,0
3.099783,0,0,0,0,0,0
3.101025,0,0,0,0,0,0
3.102263,0,0,0,0,0,0
3.103500,0,0,0,0,0,0
3.104764,0,0,0,0,0,0
3.105998,0,0,0,0,0,0
3.107249,0,0,0,0,0,0
3.108817,0,0,0,0,0,0
3.110433,0,0,0,0,0,0
3.111928,0,0,0,0,0,0
3.113219,0,0,0,0,0,0
3.114500,0,0,0,0,0,0
3.115778,0,0,0,0,0,0
3.117074,0,0,0,0,0,0
3.118356,0,0,0,0,0,0
3.120052,0,0,0,0,0,0
3.121398,0,0,0,0,0,0
3.122862,0,0,0,0,0,0
3.124328,0,0,0,0,0,0
3.125873,0,0,0,0,0,0
3.127531,0,0,0,0,0,0
3.128982,0,0,0,0,0,0
3.130475,0,0,0,0,0,0
3.131956,0,0,0,0,0,0
3.133354,0,0,0,0,0,0
3.135182,0,0,0,0,0,0
3.136621,0,0,0,0,0,0
3.137884,0,0,0,0,0,0
3.139142,0,0,0,0,0,0
3.140400,0,0,0,0,0,0
3.141813,0,0,0,0,0,0
3.143069,0,0,0,0,0,0
3.144361,0,0,0,0,0,0
3.145623,0,0,0,0,0,0
3.146961,0,0,0,0,0,0
3.148380,0,0,0,0,0,0
3.149765,0,0,0,0,0,0
3.151100,0,0,0,0,0,0
3.152523,0,0,0,0,0,0
3.153970,0,0,0,0,0,0
3.155404,0,0,0,0,0,0
3.156737,0,0,0,0,0,0
3.158000,0,0,0,0,0,0
3.159263,0,0,0,0,0,0
3.160502,0,0,0,0,0,0
3.161933,0,0,0,0,0,0
3.163342,0,0,0,0,0,0
3.165006,0,0,0,0,0,0
3.166304,0,0,0,0,0,0
3.167717,0,0,0,0,0,0
3.169074,0,0,0,0,0,0
3.170334,0,0,0,0,0,0
3.171733,0,0,0,0,0,0
3.173306,0,0,0,0,0,0
3.174750,0,0,0,0,0,0
3.176188,0,0,0,0,0,0
3.177787,0,0,0,0,0,0
3.179219,0,0,0,0,0,0
3.180921,0,0,0,0,0,0
3.182416,0,0,0,0,0,0
3.183855,0,0,0,0,0,0
3.185176,0,0,0,0,0,0
3.186368,0,0,0,0,0,0
3.187829,0,0,0,0,0,0
3.188988,0,0,0,0,0,0
3.190265,0,0,0,0,0,0
3.191877,0,0,0,0,0,0
3.193268,0,0,0,0,0,0
3.194486,0,0,0,0,0,0
3.195668,0,0,0,0,0,0
3.196842,0,0,0,0,0,0
3.198022,0,0,0,0,0,0
3.199202,0,0,0,0,0,0
3.200859,0,0,0,0,0,0
3.202339,0,0,0,0,0,0
3.203884,0,0,0,0,0,0
3.205446,0,0,0,0,0,0
3.206924,0,0,0,0,0,0
3.208400,0,0,0,0,0,0
3.209889,0,0,0,0,0,0
3.211430,0,0,0,0,0,0
3.212906,0,0,0,0,0,0
3.214314,0,0,0,0,0,0
3.215752,0,0,0,0,0,0
3.217194,0,0,0,0,0,0
3.218632,0,0,0,0,0,0
3.220087,0,0,0,0,0,0
3.221500,0,0,0,0,0,0
3.222960,0,0,0,0,0,0
3.224497,0,0,0,0,0,0
3.225926,0,0,0,0,0,0
3.227212,0,0,0,0,0,0
3.228349,0,0,0,0,0,0
3.229490,0,0,0,0,0,0
3.230627,0,0,0,0,0,0
3.231812,0,0,0,0,0,0
3.232961,0,0,0,0,0,0
3.234099,0,0,0,0,0,0
3.235257,0,0,0,0,0,0
3.236560,0,0,0,0,0,0
3.237836,0,0,0,0,0,0
3.239066,0,0,0,0,0,0
3.240239,0,0,0,0,0,0
3.241806,0,0,0,0,0,0
3.243293,0,0,0,0,0,0
3.244796,0,0,0,0,0,0
3.246030,0,0,0,0,0,0
3.247250,0,0,0,0,0,0
3.248436,0,0,0,0,0,0
3.249612,0,0,0,0,0,0
3.250825,0,0,0,0,0,0
3.252133,0,0,0,0,0,0
3.253801,0,0,0,0,0,0
3.255241,0,0,0,0,0,0
3.256802,0,0,0,0,0,0
3.258280,0,0,0,0,0,0
3.259752,0,0,0,0,0,0
3.261232,0,0,0,0,0,0
3.262710,0,0,0,0,0,0
3.264440,0,0,0,0,0,0
3.266052,0,0,0,0,0,0
3.267562,0,0,0,0,0,0
3.269053,0,0,0,0,0,0
3.270495,0,0,0,0,0,0
3.271986,0,0,0,0,0,0
3.273614,0,0,0,0,0,0
3.275100,0,0,0,0,0,0
3.276514,0,0,0,0,0,0
3.277930,0,0,0,0,0,0
3.279346,0,0,0,0,0,0
3.280767,0,0,0,0,0,0
3.282178,0,0,0,0,0,0
3.283626,0,0,0,0,0,0
3.285053,0,0,0,0,0,0
3.286456,0,0,0,0,0,0
3.287716,0,0,0,0,0,0
3.289058,0,0,0,0,0,0
3.290353,0,0,0,0,0,0
3.291729,0,0,0,0,0,0
3.292906,0,0,0,0,0,0
3.294053,0,0,0,0,0,0
3.295162,0,0,0,0,0,0
3.296322,0,0,0,0,0,0
3.297475,0,0,0,0,0,0
3.298577,0,0,0,0,0,0
3.299734,0,0,0,0,0,0
3.300897,0,0,0,0,0,0
3.302023,0,0,0,0,0,0
3.303441,0,0,0,0,0,0
3.304683,0,0,0,0,0,0
3.305837,0,0,0,0,0,0
3.307054,0,0,0,0,0,0
3.308229,0,0,0,0,0,0
3.309398,0,0,0,0,0,0
3.310573,0,0,0,0,0,0
3.311753,0,0,0,0,0,0
3.312949,0,0,0,0,0,0
3.314154,0,0,0,0,0,0
3.315904,0,0,0,0,0,0
3.317398,0,0,0,0,0,0
3.318716,0,0,0,0,0,0
3.319943,0,0,0,0,0,0
3.321111,0,0,0,0,0,0
3.322277,0,0,0,0,0,0
3.323487,0,0,0,0,0,0
3.324660,0,0,0,0,0,0
3.325835,0,0,0,0,0,0
3.327192,0,0,0,0,0,0
3.328399,0,0,0,0,0,0
3.329573,0,0,0,0,0,0
3.330820,0,0,0,0,0,0
3.331998,0,0,0,0,0,0
3.333171,0,0,0,0,0,0
3.334526,0,0,0,0,0,0
3.335810,0,0,0,0,0,0
3.336994,0,0,0,0,0,0
3.338252,0,0,0,0,0,0
3.339849,0,0,0,0,0,0
3.341065,0,0,0,0,0,0
3.342259,0,0,0,0,0,0
3.343710,0,0,0,0,0,0
3.344879,0,0,0,0,0,0
3.346253,0,0,0,0,0,0
3.347444,0,0,0,0,0,0
3.348668,0,0,0,0,0,0
3.349854,0,0,0,0,0,0
3.351038,0,0,0,0,0,0
3.352214,0,0,0,0,0,0
3.353396,0,0,0,0,0,0
3.354706,0,0,0,0,0,0
3.355986,0,0,0,0,0,0
3.357279,0,0,0,0,0,0
3.358455,0,0,0,0,0,0
3.359856,0,0,0,0,0,0
3.361591,0,0,0,0,0,0
3.363006,0,0,0,0,0,0
3.364521,0,0,0,0,0,0
3.366015,0,0,0,0,0,0
3.367521,0,0,0,0,0,0
3.369018,0,0,0,0,0,0
3.370501,0,0,0,0,0,0
3.372071,0,0,0,0,0,0
3.373506,0,0,0,0,0,0
3.375152,0,0,0,0,0,0
3.376607,0,0,0,0,0,0
3.378086,0,0,0,0,0,0
3.379635,0,0,0,0,0,0
3.381052,0,0,0,0,0,0
3.382433,0,0,0,0,0,0
3.383798,0,0,0,0,0,0
3.385212,0,0,0,0,0,0
3.386644,0,0,0,0,0,0
3.388071,0,0,0,0,0,0
3.389331,0,0,0,0,0,0
3.390465,0,0,0,0,0,0
3.391724,0,0,0,0,0,0
3.392860,0,0,0,0,0,0
3.394118,0,0,0,0,0,0
3.395407,0,0,0,0,0,0
3.396738,0,0,0,0,0,0
3.397989,0,0,0,0,0,0
3.399166,0,0,0,0,0,0
3.400386,0,0,0,0,0,0
3.402340,0,0,0,0,0,0
3.403774,0,0,0,0,0,0
3.405483,0,0,0,0,0,0
3.406861,0,0,0,0,0,0
3.408032,0,0,0,0,0,0
3.409207,0,0,0,0,0,0
3.410377,0,0,0,0,0,0
3.411746,0,0,0,0,0,0
3.412919,0,0,0,0,0,0
3.414090,0,0,0,0,0,0
3.415538,0,0,0,0,0,0
3.418504,0,0,0,0,0,0
3.420042,0,0,0,0,0,0
3.421538,0,0,0,0,0,0
3.423010,0,0,0,0,0,0
3.424503,0,0,0,0,0,0
3.425985,0,0,0,0,0,0
3.427533,0,0,0,0,0,0
3.429033,0,0,0,0,0,0
3.430541,0,0,0,0,0,0
3.432067,0,0,0,0,0,0
3.433220,0,0,0,0,0,0
3.434373,0,0,0,0,0,0
3.435644,0,0,0,0,0,0
3.436818,0,0,0,0,0,0
3.437987,0,0,0,0,0,0
3.439488,0,0,0,0,0,0
3.440938,0,0,0,0,0,0
3.442111,0,0,0,0,0,0
3.443331,0,0,0,0,0,0
3.444508,0,0,0,0,0,0
3.445679,0,0,0,0,0,0
3.446845,0,0,0,0,0,0
3.448017,0,0,0,0,0,0
3.449391,0,0,0,0,0,0
3.452143,0,0,0,0,0,0
3.454366,0,0,0,0,0,0
3.455957,0,0,0,0,0,0
3.457560,0,0,0,0,0,0
3.458944,0,0,0,0,0,0
3.460433,0,0,0,0,0,0
3.461945,0,0,0,0,0,0
3.463224,0,0,0,0,0,0
3.464847,0,0,0,0,0,0
3.466160,0,0,0,0,0,0
3.467889,0,0,0,0,0,0
3.469587,0,0,0,0,0,0
3.471369,0,0,0,0,0,0
3.472954,0,0,0,0,0,0
3.474479,0,0,0,0,0,0
3.475947,0,0,0,0,0,0
3.477895,0,0,0,0,0,0
3.479423,0,0,0,0,0,0
3.481437,0,0,0,0,0,0
3.482996,0,0,0,0,0,0
3.484434,0,0,0,0,0,0
3.485867,0,0,0,0,0,0
3.487301,0,0,0,0,0,0
3.489114,0,0,0,0,0,0
3.490614,0,0,0,0,0,0
3.491964,0,0,0,0,0,0
3.493126,0,0,0,0,0,0
3.494431,0,0,0,0,0,0
3.495779,0,0,0,0,0,0
3.497134,0,0,0,0,0,0
3.498556,0,0,0,0,0,0
3.499729,0,0,0,0,0,0
3.500901,0,0,0,0,0,0
3.502068,0,0,0,0,0,0
3.503235,0,0,0,0,0,0
3.504420,0,0,0,0,0,0
3.506109,0,0,0,0,0,0
3.507464,0,0,0,0,0,0
3.509205,0,0,0,0,0,0
3.510790,0,0,0,0,0,0
3.512266,0,0,0,0,0,0
3.513740,0,0,0,0,0,0
3.515318,0,0,0,0,0,0
3.516819,0,0,0,0,0,0
3.518258,0,0,0,0,0,0
3.519725,0,0,0,0,0,0
3.521272,0,0,0,0,0,0
3.522931,0,0,0,0,0,0
3.524340,0,0,0,0,0,0
3.525748,0,0,0,0,0,0
3.527154,0,0,0,0,0,0
3.528567,0,0,0,0,0,0
3.530013,0,0,0,0,0,0
3.531313,0,0,0,0,0,0
3.532578,0,0,0,0,0,0
3.533718,0,0,0,0,0,0
3.534857,0,0,0,0,0,0
3.536005,0,0,0,0,0,0
3.537148,0,0,0,0,0,0
3.538285,0,0,0,0,0,0
3.539921,0,0,0,0,0,0
3.541133,0,0,0,0,0,0
3.542322,0,0,0,0,0,0
3.543502,0,0,0,0,0,0
3.545039,0,0,0,0,0,0
3.546681,0,0,0,0,0,0
3.548247,0,0,0,0,0,0
3.549769,0,0,0,0,0,0
3.551310,0,0,0,0,0,0
3.552491,0,0,0,0,0,0
3.553667,0,0,0,0,0,0
3.555014,0,0,0,0,0,0
3.556402,0,0,0,0,0,0
3.557907,0,0,0,0,0,0
3.559493,0,0,0,0,0,0
3.561017,0,0,0,0,0,0
3.562497,0,0,0,0,0,0
3.564030,0,0,0,0,0,0
3.565465,0,0,0,0,0,0
3.566983,0,0,0,0,0,0
3.568567,0,0,0,0,0,0
3.570067,0,0,0,0,0,0
3.571545,0,0,0,0,0,0
3.572947,0,0,0,0,0,0
3.574357,0,0,0,0,0,0
3.575773,0,0,0,0,0,0
3.577183,0,0,0,0,0,0
3.578917,0,0,0,0,0,0
3.580448,0,0,0,0,0,0
3.581712,0,0,0,0,0,0
3.582972,0,0,0,0,0,0
3.584230,0,0,0,0,0,0
3.585487,0,0,0,0,0,0
3.586892,0,0,0,0,0,0
3.588067,0,0,0,0,0,0
3.589236,0,0,0,0,0,0
3.590406,0,0,0,0,0,0
3.591578,0,0,0,0,0,0
3.592861,0,0,0,0,0,0
3.594298,0,0,0,0,0,0
3.595843,0,0,0,0,0,0
3.597479,0,0,0,0,0,0
3.599023,0,0,0,0,0,0
3.600228,0,0,0,0,0,0
3.601398,0,0,0,0,0,0
3.602564,0,0,0,0,0,0
3.603731,0,0,0,0,0,0
3.604903,0,0,0,0,0,0
3.606042,0,0,0,0,0,0
3.607885,0,0,0,0,0,0
3.609168,0,0,0,0,0,0
3.610424,0,0,0,0,0,0
3.611662,0,0,0,0,0,0
3.612844,0,0,0,0,0,0
3.614014,0,0,0,0,0,0
3.615183,0,0,0,0,0,0
3.616352,0,0,0,0,0,0
3.617621,0,0,0,0,0,0
3.618854,0,0,0,0,0,0
3.620126,0,0,0,0,0,0
3.621299,0,0,0,0,0,0
3.622627,0,0,0,0,0,0
3.624393,0,0,0,0,0,0
3.625742,0,0,0,0,0,0
3.627243,0,0,0,0,0,0
3.628833,0,0,0,0,0,0
3.630265,0,0,0,0,0,0
3.632389,0,0,0,0,0,0
3.633832,0,0,0,0,0,0
3.635421,0,0,0,0,0,0
3.636831,0,0,0,0,0,0
3.638343,0,0,0,0,0,0
3.639795,0,0,0,0,0,0
3.641241,0,0,0,0,0,0
3.642892,0,0,0,0,0,0
3.644313,0,0,0,0,0,0
3.645842,0,0,0,0,0,0
3.647258,0,0,0,0,0,0
3.648723,0,0,0,0,0,0
3.650190,0,0,0,0,0,0
3.651499,0,0,0,0,0,0
3.652637,0,0,0,0,0,0
3.653959,0,0,0,0,0,0
3.655226,0,0,0,0,0,0
3.656444,0,0,0,0,0,0
3.657591,0,0,0,0,0,0
3.659106,0,0,0,0,0,0
3.660324,0,0,0,0,0,0
3.661461,0,0,0,0,0,0
3.662588,0,0,0,0,0,0
3.663713,0,0,0,0,0,0
3.664961,0,0,0,0,0,0
3.666600,0,0,0,0,0,0
3.668040,0,0,0,0,0,0
3.669348,0,0,0,0,0,0
3.670525,0,0,0,0,0,0
3.671691,0,0,0,0,0,0
3.672865,0,0,0,0,0,0
3.674027,0,0,0,0,0,0
3.675225,0,0,0,0,0,0
3.676428,0,0,0,0,0,0
3.677936,0,0,0,0,0,0
3.679375,0,0,0,0,0,0
3.680867,0,0,0,0,0,0
3.682299,0,0,0,0,0,0
3.683874,0,0,0,0,0,0
3.685372,0,0,0,0,0,0
3.686806,0,0,0,0,0,0
3.688263,0,0,0,0,0,0
3.689966,0,0,0,0,0,0
3.691261,0,0,0,0,0,0
3.692495,0,0,0,0,0,0
3.693689,0,0,0,0,0,0
3.694840,0,0,0,0,0,0
3.695995,0,0,0,0,0,0
3.697456,0,0,0,0,0,0
3.698992,0,0,0,0,0,0
3.700160,0,0,0,0,0,0
3.701362,0,0,0,0,0,0
3.702536,0,0,0,0,0,0
3.703817,0,0,0,0,0,0
3.704989,0,0,0,0,0,0
3.706161,0,0,0,0,0,0
3.707335,0,0,0,0,0,0
3.709121,0,0,0,0,0,0
3.710499,0,0,0,0,0,0
3.711983,0,0,0,0,0,0
3.713466,0,0,0,0,0,0
3.714994,0,0,0,0,0,0
3.716393,0,0,0,0,0,0
3.718091,0,0,0,0,0,0
3.719476,0,0,0,0,0,0
3.721168,0,0,0,0,0,0
3.722664,0,0,0,0,0,0
3.724454,0,0,0,0,0,0
3.725988,0,0,0,0,0,0
3.727474,0,0,0,0,0,0
3.729008,0,0,0,0,0,0
3.730562,0,0,0,0,0,0
3.732332,0,0,0,0,0,0
3.733683,0,0,0,0,0,0
3.735741,0,0,0,0,0,0
3.737216,0,0,0,0,0,0
3.738832,0,0,0,0,0,0
3.740349,0,0,0,0,0,0
3.741828,0,0,0,0,0,0
3.743269,0,0,0,0,0,0
3.744871,0,0,0,0,0,0
3.746304,0,0,0,0,0,0
3.747817,0,0,0,0,0,0
3.749102,0,0,0,0,0,0
3.750261,0,0,0,0,0,0
3.751424,0,0,0,0,0,0
3.752575,0,0,0,0,0,0
3.753803,0,0,0,0,0,0
3.755259,0,0,0,0,0,0
3.756588,0,0,0,0,0,0
3.757763,0,0,0,0,0,0
3.758936,0,0,0,0,0,0
3.762119,0,0,0,0,0,0
3.763772,0,0,0,0,0,0
3.765283,0,0,0,0,0,0
3.766774,0,0,0,0,0,0
3.768577,0,0,0,0,0,0
3.770134,0,0,0,0,0,0
3.771772,0,0,0,0,0,0
3.773217,0,0,0,0,0,0
3.774869,0,0,0,0,0,0
3.776301,0,0,0,0,0,0
3.777823,0,0,0,0,0,0
3.779260,0,0,0,0,0,0
3.780716,0,0,0,0,0,0
3.782165,0,0,0,0,0,0
3.783650,0,0,0,0,0,0
3.785182,0,0,0,0,0,0
3.786597,0,0,0,0,0,0
3.787912,0,0,0,0,0,0
3.789191,0,0,0,0,0,0
3.790648,0,0,0,0,0,0
3.791795,0,0,0,0,0,0
3.793049,0,0,0,0,0,0
3.794317,0,0,0,0,0,0
3.795475,0,0,0,0,0,0
3.796777,0,0,0,0,0,0
3.798026,0,0,0,0,0,0
3.799196,0,0,0,0,0,0
3.800372,0,0,0,0,0,0
3.801546,0,0,0,0,0,0
3.803207,0,0,0,0,0,0
3.804810,0,0,0,0,0,0
3.806135,0,0,0,0,0,0
3.807303,0,0,0,0,0,0
3.808476,0,0,0,0,0,0
3.809651,0,0,0,0,0,0
3.810911,0,0,0,0,0,0
3.812134,0,0,0,0,0,0
3.813487,0,0,0,0,0,0
3.814996,0,0,0,0,0,0
3.816562,0,0,0,0,0,0
3.818043,0,0,0,0,0,0
3.819911,0,0,0,0,0,0
3.821362,0,0,0,0,0,0
3.822798,0,0,0,0,0,0
3.824233,0,0,0,0,0,0
3.825682,0,0,0,0,0,0
3.827151,0,0,0,0,0,0
3.828572,0,0,0,0,0,0
3.829982,0,0,0,0,0,0
3.831392,0,0,0,0,0,0
3.832807,0,0,0,0,0,0
3.834214,0,0,0,0,0,0
3.835745,0,0,0,0,0,0
3.837181,0,0,0,0,0,0
3.838560,0,0,0,0,0,0
3.839846,0,0,0,0,0,0
3.841100,0,0,0,0,0,0
3.842354,0,0,0,0,0,0
3.843724,0,0,0,0,0,0
3.844896,0,0,0,0,0,0
3.846070,0,0,0,0,0,0
3.847244,0,0,0,0,0,0
3.848433,0,0,0,0,0,0
3.849621,0,0,0,0,0,0
3.850857,0,0,0,0,0,0
3.852092,0,0,0,0,0,0
3.853924,0,0,0,0,0,0
3.855472,0,0,0,0,0,0
3.856797,0,0,0,0,0,0
3.857968,0,0,0,0,0,0
3.859150,0,0,0,0,0,0
3.860675,0,0,0,0,0,0
3.861965,0,0,0,0,0,0
3.863140,0,0,0,0,0,0
3.864313,0,0,0,0,0,0
3.865485,0,0,0,0,0,0
3.866659,0,0,0,0,0,0
3.868029,0,0,0,0,0,0
3.869208,0,0,0,0,0,0
3.870383,0,0,0,0,0,0
3.871552,0,0,0,0,0,0
3.872829,0,0,0,0,0,0
3.874071,0,0,0,0,0,0
3.875722,0,0,0,0,0,0
3.876901,0,0,0,0,0,0
3.878076,0,0,0,0,0,0
3.879249,0,0,0,0,0,0
3.880427,0,0,0,0,0,0
3.882006,0,0,0,0,0,0
3.883502,0,0,0,0,0,0
3.884992,0,0,0,0,0,0
3.886746,0,0,0,0,0,0
3.888319,0,0,0,0,0,0
3.890008,0,0,0,0,0,0
3.891507,0,0,0,0,0,0
3.893036,0,0,0,0,0,0
3.894511,0,0,0,0,0,0
3.896257,0,0,0,0,0,0
3.897695,0,0,0,0,0,0
3.899216,0,0,0,0,0,0
3.900633,0,0,0,0,0,0
3.902058,0,0,0,0,0,0
3.903476,0,0,0,0,0,0
3.904953,0,0,0,0,0,0
3.906368,0,0,0,0,0,0
3.907769,0,0,0,0,0,0
3.909024,0,0,0,0,0,0
3.910280,0,0,0,0,0,0
3.911535,0,0,0,0,0,0
3.912826,0,0,0,0,0,0
3.914081,0,0,0,0,0,0
3.915358,0,0,0,0,0,0
3.916683,0,0,0,0,0,0
3.917886,0,0,0,0,0,0
3.919061,0,0,0,0,0,0
3.920231,0,0,0,0,0,0
3.921401,0,0,0,0,0,0
3.922641,0,0,0,0,0,0
3.924186,0,0,0,0,0,0
3.925502,0,0,0,0,0,0
3.926668,0,0,0,0,0,0
3.928031,0,0,0,0,0,0
3.929413,0,0,0,0,0,0
3.930687,0,0,0,0,0,0
3.931858,0,0,0,0,0,0
3.933031,0,0,0,0,0,0
3.934547,0,0,0,0,0,0
3.936121,0,0,0,0,0,0
3.939277,0,0,0,0,0,0
3.941161,0,0,0,0,0,0
3.942642,0,0,0,0,0,0
3.944147,0,0,0,0,0,0
3.945628,0,0,0,0,0,0
3.947389,0,0,0,0,0,0
3.948923,0,0,0,0,0,0
3.950432,0,0,0,0,0,0
3.951895,0,0,0,0,0,0
3.953048,0,0,0,0,0,0
3.954199,0,0,0,0,0,0
3.955534,0,0,0,0,0,0
3.957084,0,0,0,0,0,0
3.958646,0,0,0,0,0,0
3.960134,0,0,0,0,0,0
3.961304,0,0,0,0,0,0
3.962475,0,0,0,0,0,0
3.963877,0,0,0,0,0,0
3.965272,0,0,0,0,0,0
3.966485,0,0,0,0,0,0
3.967689,0,0,0,0,0,0
3.968940,0,0,0,0,0,0
3.970547,0,0,0,0,0,0
3.971944,0,0,0,0,0,0
3.973444,0,0,0,0,0,0
3.974920,0,0,0,0,0,0
3.976397,0,0,0,0,0,0
3.978140,0,0,0,0,0,0
3.979505,0,0,0,0,0,0
3.981036,0,0,0,0,0,0
3.982432,0,0,0,0,0,0
3.984101,0,0,0,0,0,0
3.985586,0,0,0,0,0,0
3.987132,0,0,0,0,0,0
3.988589,0,0,0,0,0,0
3.990073,0,0,0,0,0,0
3.991541,0,0,0,0,0,0
3.992861,0,0,0,0,0,0
3.994218,0,0,0,0,0,0
3.995843,0,0,0,0,0,0
3.997370,0,0,0,0,0,0
3.999057,0,0,0,0,0,0
4.000720,0,0,0,0,0,0
4.002223,0,0,0,0,0,0
4.003725,0,0,0,0,0,0
4.005199,0,0,0,0,0,0
4.006669,0,0,0,0,0,0
4.008150,0,0,0,0,0,0
4.009628,0,0,0,0,0,0
4.011566,0,0,0,0,0,0
4.012898,0,0,0,0,0,0
4.014048,0,0,0,0,0,0
4.015343,0,0,0,0,0,0
4.016555,0,0,0,0,0,0
4.017775,0,0,0,0,0,0
4.019322,0,0,0,0,0,0
4.020612,0,0,0,0,0,0
4.021765,0,0,0,0,0,0
4.022916,0,0,0,0,0,0
4.024069,0,0,0,0,0,0
4.025220,0,0,0,0,0,0
4.026370,0,0,0,0,0,0
4.027955,0,0,0,0,0,0
4.029361,0,0,0,0,0,0
4.030845,0,0,0,0,0,0
4.032463,0,0,0,0,0,0
4.033953,0,0,0,0,0,0
4.035493,0,0,0,0,0,0
4.037002,0,0,0,0,0,0
4.038478,0,0,0,0,0,0
4.039965,0,0,0,0,0,0
4.042823,0,0,0,0,0,0
4.044259,0,0,0,0,0,0
4.045695,0,0,0,0,0,0
4.047216,0,0,0,0,0,0
4.048795,0,0,0,0,0,0
4.050258,0,0,0,0,0,0
4.051724,0,0,0,0,0,0
4.053135,0,0,0,0,0,0
4.054741,0,0,0,0,0,0
4.056054,0,0,0,0,0,0
4.057194,0,0,0,0,0,0
4.058404,0,0,0,0,0,0
4.059877,0,0,0,0,0,0
4.061051,0,0,0,0,0,0
4.062243,0,0,0,0,0,0
4.063418,0,0,0,0,0,0
4.064784,0,0,0,0,0,0
4.066031,0,0,0,0,0,0
4.067209,0,0,0,0,0,0
4.068380,0,0,0,0,0,0
4.069549,0,0,0,0,0,0
4.070771,0,0,0,0,0,0
4.072475,0,0,0,0,0,0
4.073986,0,0,0,0,0,0
4.075371,0,0,0,0,0,0
4.076526,0,0,0,0,0,0
4.077840,0,0,0,0,0,0
4.078993,0,0,0,0,0,0
4.080144,0,0,0,0,0,0
4.081295,0,0,0,0,0,0
4.082445,0,0,0,0,0,0
4.084321,0,0,0,0,0,0
4.085862,0,0,0,0,0,0
4.087528,0,0,0,0,0,0
4.089046,0,0,0,0,0,0
4.090470,0,0,0,0,0,0
4.092024,0,0,0,0,0,0
4.093786,0,0,0,0,0,0
4.095436,0,0,0,0,0,0
4.096939,0,0,0,0,0,0
4.098342,0,0,0,0,0,0
4.099787,0,0,0,0,0,0
4.101189,0,0,0,0,0,0
4.102569,0,0,0,0,0,0
4.103998,0,0,0,0,0,0
4.105372,0,0,0,0,0,0
4.106801,0,0,0,0,0,0
4.108156,0,0,0,0,0,0
4.109512,0,0,0,0,0,0
4.110877,0,0,0,0,0,0
4.112249,0,0,0,0,0,0
4.113640,0,0,0,0,0,0
4.114901,0,0,0,0,0,0
4.116138,0,0,0,0,0,0
4.117403,0,0,0,0,0,0
4.118630,0,0,0,0,0,0
4.119927,0,0,0,0,0,0
4.122058,0,0,0,0,0,0
4.123211,0,0,0,0,0,0
4.124327,0,0,0,0,0,0
4.125437,0,0,0,0,0,0
4.126542,0,0,0,0,0,0
4.127645,0,0,0,0,0,0
4.128752,0,0,0,0,0,0
4.129854,0,0,0,0,0,0
4.130979,0,0,0,0,0,0
4.132172,0,0,0,0,0,0
4.133343,0,0,0,0,0,0
4.134704,0,0,0,0,0,0
4.136086,0,0,0,0,0,0
4.137517,0,0,0,0,0,0
4.139037,0,0,0,0,0,0
4.140532,0,0,0,0,0,0
4.141850,0,0,0,0,0,0
4.143016,0,0,0,0,0,0
4.144190,0,0,0,0,0,0
4.145363,0,0,0,0,0,0
4.146707,0,0,0,0,0,0
4.147877,0,0,0,0,0,0
4.149053,0,0,0,0,0,0
4.150224,0,0,0,0,0,0
4.151395,0,0,0,0,0,0
4.152862,0,0,0,0,0,0
4.154034,0,0,0,0,0,0
4.156142,0,0,0,0,0,0
4.157310,0,0,0,0,0,0
4.158482,0,0,0,0,0,0
4.159838,0,0,0,0,0,0
4.161015,0,0,0,0,0,0
4.162182,0,0,0,0,0,0
4.163410,0,0,0,0,0,0
4.164561,0,0,0,0,0,0
4.165927,0,0,0,0,0,0
4.167085,0,0,0,0,0,0
4.168387,0,0,0,0,0,0
4.169536,0,0,0,0,0,0
4.170687,0,0,0,0,0,0
4.171857,0,0,0,0,0,0
4.173035,0,0,0,0,0,0
4.174372,0,0,0,0,0,0
4.175617,0,0,0,0,0,0
4.176793,0,0,0,0,0,0
4.177966,0,0,0,0,0,0
4.179146,0,0,0,0,0,0
4.180321,0,0,0,0,0,0
4.181497,0,0,0,0,0,0
4.182672,0,0,0,0,0,0
4.184229,0,0,0,0,0,0
4.185904,0,0,0,0,0,0
4.187476,0,0,0,0,0,0
4.188985,0,0,0,0,0,0
4.190466,0,0,0,0,0,0
4.191947,0,0,0,0,0,0
4.193544,0,0,0,0,0,0
4.195408,0,0,0,0,0,0
4.196954,0,0,0,0,0,0
4.198544,0,0,0,0,0,0
4.200046,0,0,0,0,0,0
4.201478,0,0,0,0,0,0
4.203012,0,0,0,0,0,0
4.204447,0,0,0,0,0,0
4.205868,0,0,0,0,0,0
4.207422,0,0,0,0,0,0
4.209168,0,0,0,0,0,0
4.210601,0,0,0,0,0,0
4.211905,0,0,0,0,0,0
4.213158,0,0,0,0,0,0
4.214415,0,0,0,0,0,0
4.215725,0,0,0,0,0,0
4.217011,0,0,0,0,0,0
4.218220,0,0,0,0,0,0
4.219519,0,0,0,0,0,0
4.221346,0,0,0,0,0,0
4.222751,0,0,0,0,0,0
4.223982,0,0,0,0,0,0
4.225117,0,0,0,0,0,0
4.226420,0,0,0,0,0,0
4.227964,0,0,0,0,0,0
4.229450,0,0,0,0,0,0
4.230737,0,0,0,0,0,0
4.232127,0,0,0,0,0,0
4.233322,0,0,0,0,0,0
4.234460,0,0,0,0,0,0
4.235599,0,0,0,0,0,0
4.236760,0,0,0,0,0,0
4.237912,0,0,0,0,0,0
4.239199,0,0,0,0,0,0
4.240636,0,0,0,0,0,0
4.242073,0,0,0,0,0,0
4.243566,0,0,0,0,0,0
4.245016,0,0,0,0,0,0
4.246673,0,0,0,0,0,0
4.248147,0,0,0,0,0,0
4.249676,0,0,0,0,0,0
4.251412,0,0,0,0,0,0
4.252825,0,0,0,0,0,0
4.253975,0,0,0,0,0,0
4.255126,0,0,0,0,0,0
4.256278,0,0,0,0,0,0
4.257540,0,0,0,0,0,0
4.258697,0,0,0,0,0,0
4.260244,0,0,0,0,0,0
4.261564,0,0,0,0,0,0
4.262731,0,0,0,0,0,0
4.263922,0,0,0,0,0,0
4.265090,0,0,0,0,0,0
4.266256,0,0,0,0,0,0
4.267475,0,0,0,0,0,0
4.268640,0,0,0,0,0,0
4.270240,0,0,0,0,0,0
4.272032,0,0,0,0,0,0
4.273615,0,0,0,0,0,0
4.275111,0,0,0,0,0,0
4.276590,0,0,0,0,0,0
4.278128,0,0,0,0,0,0
4.280065,0,0,0,0,0,0
4.281956,0,0,0,0,0,0
4.283522,0,0,0,0,0,0
4.285024,0,0,0,0,0,0
4.286606,0,0,0,0,0,0
4.288091,0,0,0,0,0,0
4.289653,0,0,0,0,0,0
4.291035,0,0,0,0,0,0
4.292553,0,0,0,0,0,0
4.293903,0,0,0,0,0,0
4.295251,0,0,0,0,0,0
4.297020,0,0,0,0,0,0
4.298514,0,0,0,0,0,0
4.300051,0,0,0,0,0,0
4.301525,0,0,0,0,0,0
4.303062,0,0,0,0,0,0
4.304540,0,0,0,0,0,0
4.306020,0,0,0,0,0,0
4.307559,0,0,0,0,0,0
4.309006,0,0,0,0,0,0
4.310476,0,0,0,0,0,0
4.311798,0,0,0,0,0,0
4.312947,0,0,0,0,0,0
4.314095,0,0,0,0,0,0
4.315261,0,0,0,0,0,0
4.316829,0,0,0,0,0,0
4.318389,0,0,0,0,0,0
4.319775,0,0,0,0,0,0
4.320944,0,0,0,0,0,0
4.322157,0,0,0,0,0,0
4.323377,0,0,0,0,0,0
4.324552,0,0,0,0,0,0
4.326682,0,0,0,0,0,0
4.328466,0,0,0,0,0,0
4.330042,0,0,0,0,0,0
4.331532,0,0,0,0,0,0
4.332958,0,0,0,0,0,0
4.334438,0,0,0,0,0,0
4.335946,0,0,0,0,0,0
4.337510,0,0,0,0,0,0
4.339343,0,0,0,0,0,0
4.340803,0,0,0,0,0,0
4.342215,0,0,0,0,0,0
4.343614,0,0,0,0,0,0
4.345052,0,0,0,0,0,0
4.346442,0,0,0,0,0,0
4.347901,0,0,0,0,0,0
4.349265,0,0,0,0,0,0
4.350628,0,0,0,0,0,0
4.352005,0,0,0,0,0,0
4.353435,0,0,0,0,0,0
4.354766,0,0,0,0,0,0
4.355934,0,0,0,0,0,0
4.357074,0,0,0,0,0,0
4.358210,0,0,0,0,0,0
4.359347,0,0,0,0,0,0
4.360618,0,0,0,0,0,0
4.361758,0,0,0,0,0,0
4.363041,0,0,0,0,0,0
4.364299,0,0,0,0,0,0
4.365561,0,0,0,0,0,0
4.366818,0,0,0,0,0,0
4.368071,0,0,0,0,0,0
4.369396,0,0,0,0,0,0
4.370915,0,0,0,0,0,0
4.372608,0,0,0,0,0,0
4.373784,0,0,0,0,0,0
4.374943,0,0,0,0,0,0
4.376100,0,0,0,0,0,0
4.377253,0,0,0,0,0,0
4.378499,0,0,0,0,0,0
4.380136,0,0,0,0,0,0
4.381658,0,0,0,0,0,0
4.383151,0,0,0,0,0,0
4.384635,0,0,0,0,0,0
4.386185,0,0,0,0,0,0
4.388423,0,0,0,0,0,0
4.389903,0,0,0,0,0,0
4.391555,0,0,0,0,0,0
4.393076,0,0,0,0,0,0
4.394548,0,0,0,0,0,0
4.396209,0,0,0,0,0,0
4.397702,0,0,0,0,0,0
4.399144,0,0,0,0,0,0
4.400579,0,0,0,0,0,0
4.402033,0,0,0,0,0,0
4.403611,0,0,0,0,0,0
4.405181,0,0,0,0,0,0
4.406632,0,0,0,0,0,0
4.408060,0,0,0,0,0,0
4.409327,0,0,0,0,0,0
4.410466,0,0,0,0,0,0
4.411711,0,0,0,0,0,0
4.412869,0,0,0,0,0,0
4.414023,0,0,0,0,0,0
4.415180,0,0,0,0,0,0
4.416332,0,0,0,0,0,0
4.417491,0,0,0,0,0,0
4.418867,0,0,0,0,0,0
4.420092,0,0,0,0,0,0
4.421256,0,0,0,0,0,0
4.422564,0,0,0,0,0,0
4.424061,0,0,0,0,0,0
4.425784,0,0,0,0,0,0
4.427119,0,0,0,0,0,0
4.428799,0,0,0,0,0,0
4.429974,0,0,0,0,0,0
4.431147,0,0,0,0,0,0
4.432314,0,0,0,0,0,0
4.433479,0,0,0,0,0,0
4.434644,0,0,0,0,0,0
4.435811,0,0,0,0,0,0
4.437072,0,0,0,0,0,0
4.438283,0,0,0,0,0,0
4.439449,0,0,0,0,0,0
4.440685,0,0,0,0,0,0
4.441914,0,0,0,0,0,0
4.443141,0,0,0,0,0,0
4.444311,0,0,0,0,0,0
4.445476,0,0,0,0,0,0
4.446642,0,0,0,0,0,0
4.448177,0,0,0,0,0,0
4.449426,0,0,0,0,0,0
4.450876,0,0,0,0,0,0
4.452189,0,0,0,0,0,0
4.453627,0,0,0,0,0,0
4.455118,0,0,0,0,0,0
4.456603,0,0,0,0,0,0
4.458089,0,0,0,0,0,0
4.459630,0,0,0,0,0,0
4.461115,0,0,0,0,0,0
4.462645,0,0,0,0,0,0
4.464127,0,0,0,0,0,0
4.465606,0,0,0,0,0,0
4.467202,0,0,0,0,0,0
4.468634,0,0,0,0,0,0
4.470064,0,0,0,0,0,0
4.471491,0,0,0,0,0,0
4.472916,0,0,0,0,0,0
4.474353,0,0,0,0,0,0
4.475932,0,0,0,0,0,0
4.477343,0,0,0,0,0,0
4.478759,0,0,0,0,0,0
4.480269,0,0,0,0,0,0
4.481492,0,0,0,0,0,0
4.482633,0,0,0,0,0,0
4.483964,0,0,0,0,0,0
4.485118,0,0,0,0,0,0
4.486274,0,0,0,0,0,0
4.487476,0,0,0,0,0,0
4.488675,0,0,0,0,0,0
4.489812,0,0,0,0,0,0
4.490991,0,0,0,0,0,0
4.492172,0,0,0,0,0,0
4.493388,0,0,0,0,0,0
4.494915,0,0,0,0,0,0
4.496707,0,0,0,0,0,0
4.498321,0,0,0,0,0,0
4.499855,0,0,0,0,0,0
4.501025,0,0,0,0,0,0
4.502203,0,0,0,0,0,0
4.503378,0,0,0,0,0,0
4.504709,0,0,0,0,0,0
4.506078,0,0,0,0,0,0
4.507449,0,0,0,0,0,0
4.508990,0,0,0,0,0,0
4.510475,0,0,0,0,0,0
4.512096,0,0,0,0,0,0
4.513692,0,0,0,0,0,0
4.515259,0,0,0,0,0,0
4.516951,0,0,0,0,0,0
4.518575,0,0,0,0,0,0
4.520166,0,0,0,0,0,0
4.521645,0,0,0,0,0,0
4.523498,0,0,0,0,0,0
4.524969,0,0,0,0,0,0
4.526121,0,0,0,0,0,0
4.527272,0,0,0,0,0,0
4.528456,0,0,0,0,0,0
4.529838,0,0,0,0,0,0
4.531292,0,0,0,0,0,0
4.532578,0,0,0,0,0,0
4.533729,0,0,0,0,0,0
4.534890,0,0,0,0,0,0
4.536042,0,0,0,0,0,0
4.537190,0,0,0,0,0,0
4.538337,0,0,0,0,0,0
4.539551,0,0,0,0,0,0
4.541112,0,0,0,0,0,0
4.542762,0,0,0,0,0,0
4.545799,0,0,0,0,0,0
4.547347,0,0,0,0,0,0
4.548946,0,0,0,0,0,0
4.552132,0,0,0,0,0,0
4.553460,0,0,0,0,0,0
4.555067,0,0,0,0,0,0
4.556442,0,0,0,0,0,0
4.558136,0,0,0,0,0,0
4.559755,0,0,0,0,0,0
4.561243,0,0,0,0,0,0
4.562894,0,0,0,0,0,0
4.564522,0,0,0,0,0,0
4.566223,0,0,0,0,0,0
4.567682,0,0,0,0,0,0
4.569310,0,0,0,0,0,0
4.570900,0,0,0,0,0,0
4.572411,0,0,0,0,0,0
4.574081,0,0,0,0,0,0
4.575783,0,0,0,0,0,0
4.577257,0,0,0,0,0,0
4.578794,0,0,0,0,0,0
4.580226,0,0,0,0,0,0
4.581664,0,0,0,0,0,0
4.582948,0,0,0,0,0,0
4.584103,0,0,0,0,0,0
4.585256,0,0,0,0,0,0
4.586407,0,0,0,0,0,0
4.587571,0,0,0,0,0,0
4.588976,0,0,0,0,0,0
4.590470,0,0,0,0,0,0
4.591793,0,0,0,0,0,0
4.593197,0,0,0,0,0,0
4.594365,0,0,0,0,0,0
4.595795,0,0,0,0,0,0
4.597026,0,0,0,0,0,0
4.598737,0,0,0,0,0,0
4.600217,0,0,0,0,0,0
4.601707,0,0,0,0,0,0
4.603237,0,0,0,0,0,0
4.604924,0,0,0,0,0,0
4.606404,0,0,0,0,0,0
4.607885,0,0,0,0,0,0
4.609375,0,0,0,0,0,0
4.610986,0,0,0,0,0,0
4.612420,0,0,0,0,0,0
4.613857,0,0,0,0,0,0
4.615289,0,0,0,0,0,0
4.616810,0,0,0,0,0,0
4.618241,0,0,0,0,0,0
4.621617,0,0,0,0,0,0
4.623213,0,0,0,0,0,0
4.624818,0,0,0,0,0,0
4.627650,0,0,0,0,0,0
4.628832,0,0,0,0,0,0
4.630032,0,0,0,0,0,0
4.631220,0,0,0,0,0,0
4.632476,0,0,0,0,0,0
4.633678,0,0,0,0,0,0
4.635031,0,0,0,0,0,0
4.636391,0,0,0,0,0,0
4.637621,0,0,0,0,0,0
4.638847,0,0,0,0,0,0
4.640071,0,0,0,0,0,0
4.641294,0,0,0,0,0,0
4.642516,0,0,0,0,0,0
4.643737,0,0,0,0,0,0
4.645145,0,0,0,0,0,0
4.646607,0,0,0,0,0,0
4.647952,0,0,0,0,0,0
4.649300,0,0,0,0,0,0
4.650649,0,0,0,0,0,0
4.652019,0,0,0,0,0,0
4.653358,0,0,0,0,0,0
4.654708,0,0,0,0,0,0
4.656072,0,0,0,0,0,0
4.657286,0,0,0,0,0,0
4.658497,0,0,0,0,0,0
4.659723,0,0,0,0,0,0
4.660983,0,0,0,0,0,0
4.662192,0,0,0,0,0,0
4.663400,0,0,0,0,0,0
4.664609,0,0,0,0,0,0
4.665959,0,0,0,0,0,0
4.667251,0,0,0,0,0,0
4.668465,0,0,0,0,0,0
4.669625,0,0,0,0,0,0
4.670835,0,0,0,0,0,0
4.672043,0,0,0,0,0,0
4.673201,0,0,0,0,0,0
4.674409,0,0,0,0,0,0
4.675567,0,0,0,0,0,0
4.676762,0,0,0,0,0,0
4.677943,0,0,0,0,0,0
4.679122,0,0,0,0,0,0
4.680279,0,0,0,0,0,0
4.681436,0,0,0,0,0,0
4.682652,0,0,0,0,0,0
4.683882,0,0,0,0,0,0
4.685102,0,0,0,0,0,0
4.686444,0,0,0,0,0,0
4.687837,0,0,0,0,0,0
4.689214,0,0,0,0,0,0
4.690515,0,0,0,0,0,0
4.691879,0,0,0,0,0,0
4.693218,0,0,0,0,0,0
4.694577,0,0,0,0,0,0
4.695788,0,0,0,0,0,0
4.696998,0,0,0,0,0,0
4.698231,0,0,0,0,0,0
4.699453,0,0,0,0,0,0
4.701030,0,0,0,0,0,0
4.702274,0,0,0,0,0,0
4.703515,0,0,0,0,0,0
4.704910,0,0,0,0,0,0
4.706201,0,0,0,0,0,0
4.707485,0,0,0,0,0,0
4.708926,0,0,0,0,0,0
4.710212,0,0,0,0,0,0
4.711554,0,0,0,0,0,0
4.712822,0,0,0,0,0,0
4.714141,0,0,0,0,0,0
4.715486,0,0,0,0,0,0
4.717150,0,0,0,0,0,0
4.718586,0,0,0,0,0,0
4.719992,0,0,0,0,0,0
4.721418,0,0,0,0,0,0
4.722891,0,0,0,0,0,0
4.724293,0,0,0,0,0,0
4.725714,0,0,0,0,0,0
4.727160,0,0,0,0,0,0
4.728576,0,0,0,0,0,0
4.729828,0,0,0,0,0,0
4.731131,0,0,0,0,0,0
4.732436,0,0,0,0,0,0
4.734008,0,0,0,0,0,0
4.735304,0,0,0,0,0,0
4.736911,0,0,0,0,0,0
4.738205,0,0,0,0,0,0
4.739909,0,0,0,0,0,0
4.741515,0,0,0,0,0,0
4.742846,0,0,0,0,0,0
4.744288,0,0,0,0,0,0
4.745723,0,0,0,0,0,0
4.747211,0,0,0,0,0,0
4.748915,0,0,0,0,0,0
4.750315,0,0,0,0,0,0
4.751832,0,0,0,0,0,0
4.753147,0,0,0,0,0,0
4.754589,0,0,0,0,0,0
4.756076,0,0,0,0,0,0
4.757511,0,0,0,0,0,0
4.759239,0,0,0,0,0,0
4.760576,0,0,0,0,0,0
4.762170,0,0,0,0,0,0
4.763778,0,0,0,0,0,0
4.765276,0,0,0,0,0,0
4.766629,0,0,0,0,0,0
4.768076,0,0,0,0,0,0
4.769632,0,0,0,0,0,0
4.771078,0,0,0,0,0,0
4.772543,0,0,0,0,0,0
4.774067,0,0,0,0,0,0
4.775678,0,0,0,0,0,0
4.777198,0,0,0,0,0,0
4.778766,0,0,0,0,0,0
4.780182,0,0,0,0,0,0
4.781439,0,0,0,0,0,0
4.782690,0,0,0,0,0,0
4.783940,0,0,0,0,0,0
4.785338,0,0,0,0,0,0
4.786832,0,0,0,0,0,0
4.788011,0,0,0,0,0,0
4.789184,0,0,0,0,0,0
4.790358,0,0,0,0,0,0
4.792070,0,0,0,0,0,0
4.793340,0,0,0,0,0,0
4.795199,0,0,0,0,0,0
4.796939,0,0,0,0,0,0
4.798451,0,0,0,0,0,0
4.799984,0,0,0,0,0,0
4.801463,0,0,0,0,0,0
4.803020,0,0,0,0,0,0
4.804481,0,0,0,0,0,0
4.805927,0,0,0,0,0,0
4.807407,0,0,0,0,0,0
4.808820,0,0,0,0,0,0
4.810254,0,0,0,0,0,0
4.811691,0,0,0,0,0,0
4.813174,0,0,0,0,0,0
4.814590,0,0,0,0,0,0
4.816011,0,0,0,0,0,0
4.817427,0,0,0,0,0,0
4.818866,0,0,0,0,0,0
4.820120,0,0,0,0,0,0
4.821375,0,0,0,0,0,0
4.822632,0,0,0,0,0,0
4.823887,0,0,0,0,0,0
4.825142,0,0,0,0,0,0
4.826397,0,0,0,0,0,0
4.827981,0,0,0,0,0,0
4.829172,0,0,0,0,0,0
4.830348,0,0,0,0,0,0
4.831757,0,0,0,0,0,0
4.832936,0,0,0,0,0,0
4.834270,0,0,0,0,0,0
4.835968,0,0,0,0,0,0
4.837570,0,0,0,0,0,0
4.839013,0,0,0,0,0,0
4.840184,0,0,0,0,0,0
4.841367,0,0,0,0,0,0
4.842587,0,0,0,0,0,0
4.843874,0,0,0,0,0,0
4.845259,0,0,0,0,0,0
4.846662,0,0,0,0,0,0
4.848048,0,0,0,0,0,0
4.849713,0,0,0,0,0,0
4.851247,0,0,0,0,0,0
4.852960,0,0,0,0,0,0
4.854459,0,0,0,0,0,0
4.856902,0,0,0,0,0,0
4.859042,0,0,0,0,0,0
4.860977,0,0,0,0,0,0
4.862412,0,0,0,0,0,0
4.863845,0,0,0,0,0,0
4.865735,0,0,0,0,0,0
4.867166,0,0,0,0,0,0
4.868574,0,0,0,0,0,0
4.869954,0,0,0,0,0,0
4.871321,0,0,0,0,0,0
4.872791,0,0,0,0,0,0
4.874161,0,0,0,0,0,0
4.875519,0,0,0,0,0,0
4.876952,0,0,0,0,0,0
4.878346,0,0,0,0,0,0
4.879769,0,0,0,0,0,0
4.881034,0,0,0,0,0,0
4.882295,0,0,0,0,0,0
4.883555,0,0,0,0,0,0
4.884937,0,0,0,0,0,0
4.886118,0,0,0,0,0,0
4.887356,0,0,0,0,0,0
4.888527,0,0,0,0,0,0
4.889670,0,0,0,0,0,0
4.890869,0,0,0,0,0,0
4.892051,0,0,0,0,0,0
4.893271,0,0,0,0,0,0
4.894507,0,0,0,0,0,0
4.895694,0,0,0,0,0,0
4.896865,0,0,0,0,0,0
4.898034,0,0,0,0,0,0
4.899269,0,0,0,0,0,0
4.900444,0,0,0,0,0,0
4.901622,0,0,0,0,0,0
4.902976,0,0,0,0,0,0
4.904152,0,0,0,0,0,0
4.905327,0,0,0,0,0,0
4.906588,0,0,0,0,0,0
4.908242,0,0,0,0,0,0
4.909778,0,0,0,0,0,0
4.911098,0,0,0,0,0,0
4.912314,0,0,0,0,0,0
4.913577,0,0,0,0,0,0
4.914793,0,0,0,0,0,0
4.915983,0,0,0,0,0,0
4.917169,0,0,0,0,0,0
4.918352,0,0,0,0,0,0
4.919532,0,0,0,0,0,0
4.920930,0,0,0,0,0,0
4.922596,0,0,0,0,0,0
4.923782,0,0,0,0,0,0
4.924951,0,0,0,0,0,0
4.926124,0,0,0,0,0,0
4.927297,0,0,0,0,0,0
4.928657,0,0,0,0,0,0
4.930044,0,0,0,0,0,0
4.931294,0,0,0,0,0,0
4.932465,0,0,0,0,0,0
4.933832,0,0,0,0,0,0
4.935010,0,0,0,0,0,0
4.936340,0,0,0,0,0,0
4.937521,0,0,0,0,0,0
4.938696,0,0,0,0,0,0
4.939994,0,0,0,0,0,0
4.941173,0,0,0,0,0,0
4.942348,0,0,0,0,0,0
4.943540,0,0,0,0,0,0
4.944792,0,0,0,0,0,0
4.945968,0,0,0,0,0,0
4.947189,0,0,0,0,0,0
4.949215,0,0,0,0,0,0
4.952163,0,0,0,0,0,0
4.953751,0,0,0,0,0,0
4.955085,0,0,0,0,0,0
4.956445,0,0,0,0,0,0
4.957910,0,0,0,0,0,0
4.959353,0,0,0,0,0,0
4.960843,0,0,0,0,0,0
4.962434,0,0,0,0,0,0
4.964062,0,0,0,0,0,0
4.965467,0,0,0,0,0,0
4.966929,0,0,0,0,0,0
4.968374,0,0,0,0,0,0
4.969851,0,0,0,0,0,0
4.971229,0,0,0,0,0,0
4.972644,0,0,0,0,0,0
4.974155,0,0,0,0,0,0
4.975515,0,0,0,0,0,0
4.976902,0,0,0,0,0,0
4.978316,0,0,0,0,0,0
4.979865,0,0,0,0,0,0
4.981219,0,0,0,0,0,0
4.982477,0,0,0,0,0,0
4.983726,0,0,0,0,0,0
4.984972,0,0,0,0,0,0
4.986228,0,0,0,0,0,0
4.987940,0,0,0,0,0,0
4.989120,0,0,0,0,0,0
4.990296,0,0,0,0,0,0
4.991469,0,0,0,0,0,0
4.992649,0,0,0,0,0,0
4.994125,0,0,0,0,0,0
4.995537,0,0,0,0,0,0
4.997226,0,0,0,0,0,0
4.998720,0,0,0,0,0,0
5.000133,0,0,0,0,0,0
5.001305,0,0,0,0,0,0
5.002520,0,0,0,0,0,0
5.003792,0,0,0,0,0,0
5.004960,0,0,0,0,0,0
5.006134,0,0,0,0,0,0
5.007307,0,0,0,0,0,0
5.008626,0,0,0,0,0,0
5.009952,0,0,0,0,0,0
5.011447,0,0,0,0,0,0
5.013014,0,0,0,0,0,0
5.014488,0,0,0,0,0,0
5.016024,0,0,0,0,0,0
5.017497,0,0,0,0,0,0
5.019054,0,0,0,0,0,0
5.020491,0,0,0,0,0,0
5.021926,0,0,0,0,0,0
5.023405,0,0,0,0,0,0
5.024825,0,0,0,0,0,0
5.025972,0,0,0,0,0,0
5.027176,0,0,0,0,0,0
5.028347,0,0,0,0,0,0
5.029519,0,0,0,0,0,0
5.031006,0,0,0,0,0,0
5.033251,0,0,0,0,0,0
5.034611,0,0,0,0,0,0
5.035816,0,0,0,0,0,0
5.037093,0,0,0,0,0,0
5.038259,0,0,0,0,0,0
5.039422,0,0,0,0,0,0
5.040837,0,0,0,0,0,0
5.042459,0,0,0,0,0,0
5.043997,0,0,0,0,0,0
5.045482,0,0,0,0,0,0
5.046970,0,0,0,0,0,0
5.048294,0,0,0,0,0,0
5.049487,0,0,0,0,0,0
5.051006,0,0,0,0,0,0
5.052227,0,0,0,0,0,0
5.053900,0,0,0,0,0,0
5.055442,0,0,0,0,0,0
5.057008,0,0,0,0,0,0
5.058589,0,0,0,0,0,0
5.059998,0,0,0,0,0,0
5.061422,0,0,0,0,0,0
5.062760,0,0,0,0,0,0
5.064340,0,0,0,0,0,0
5.065888,0,0,0,0,0,0
5.067552,0,0,0,0,0,0
5.068999,0,0,0,0,0,0
5.070512,0,0,0,0,0,0
5.072161,0,0,0,0,0,0
5.073770,0,0,0,0,0,0
5.075242,0,0,0,0,0,0
5.076906,0,0,0,0,0,0
5.078340,0,0,0,0,0,0
5.079652,0,0,0,0,0,0
5.080800,0,0,0,0,0,0
5.081952,0,0,0,0,0,0
5.083095,0,0,0,0,0,0
5.084504,0,0,0,0,0,0
5.085690,0,0,0,0,0,0
5.087065,0,0,0,0,0,0
5.088347,0,0,0,0,0,0
5.089487,0,0,0,0,0,0
5.090631,0,0,0,0,0,0
5.091881,0,0,0,0,0,0
5.093114,0,0,0,0,0,0
5.094509,0,0,0,0,0,0
5.096067,0,0,0,0,0,0
5.097548,0,0,0,0,0,0
5.099030,0,0,0,0,0,0
5.100613,0,0,0,0,0,0
5.102473,0,0,0,0,0,0
5.104088,0,0,0,0,0,0
5.105597,0,0,0,0,0,0
5.107354,0,0,0,0,0,0
5.108859,0,0,0,0,0,0
5.110290,0,0,0,0,0,0
5.111719,0,0,0,0,0,0
5.113272,0,0,0,0,0,0
5.114793,0,0,0,0,0,0
5.116236,0,0,0,0,0,0
5.117667,0,0,0,0,0,0
5.119174,0,0,0,0,0,0
5.120586,0,0,0,0,0,0
5.121853,0,0,0,0,0,0
5.123003,0,0,0,0,0,0
5.124314,0,0,0,0,0,0
5.125468,0,0,0,0,0,0
5.126622,0,0,0,0,0,0
5.128559,0,0,0,0,0,0
5.129756,0,0,0,0,0,0
5.130929,0,0,0,0,0,0
5.132327,0,0,0,0,0,0
5.133482,0,0,0,0,0,0
5.134647,0,0,0,0,0,0
5.135867,0,0,0,0,0,0
5.137349,0,0,0,0,0,0
5.138786,0,0,0,0,0,0
5.140155,0,0,0,0,0,0
5.141333,0,0,0,0,0,0
5.142504,0,0,0,0,0,0
5.143752,0,0,0,0,0,0
5.144923,0,0,0,0,0,0
5.146209,0,0,0,0,0,0
5.147808,0,0,0,0,0,0
5.149309,0,0,0,0,0,0
5.150790,0,0,0,0,0,0
5.152266,0,0,0,0,0,0
5.153977,0,0,0,0,0,0
5.155535,0,0,0,0,0,0
5.156992,0,0,0,0,0,0
5.158434,0,0,0,0,0,0
5.160010,0,0,0,0,0,0
5.161442,0,0,0,0,0,0
5.162923,0,0,0,0,0,0
5.164331,0,0,0,0,0,0
5.165739,0,0,0,0,0,0
5.167148,0,0,0,0,0,0
5.168562,0,0,0,0,0,0
5.169972,0,0,0,0,0,0
5.171436,0,0,0,0,0,0
5.172803,0,0,0,0,0,0
5.174054,0,0,0,0,0,0
5.175306,0,0,0,0,0,0
5.176566,0,0,0,0,0,0
5.177860,0,0,0,0,0,0
5.179162,0,0,0,0,0,0
5.180356,0,0,0,0,0,0
5.181532,0,0,0,0,0,0
5.182702,0,0,0,0,0,0
5.184067,0,0,0,0,0,0
5.185463,0,0,0,0,0,0
5.187297,0,0,0,0,0,0
5.189053,0,0,0,0,0,0
5.190579,0,0,0,0,0,0
5.191905,0,0,0,0,0,0
5.193073,0,0,0,0,0,0
5.194241,0,0,0,0,0,0
5.195462,0,0,0,0,0,0
5.196629,0,0,0,0,0,0
5.197797,0,0,0,0,0,0
5.199149,0,0,0,0,0,0
5.200356,0,0,0,0,0,0
5.201531,0,0,0,0,0,0
5.203021,0,0,0,0,0,0
5.204203,0,0,0,0,0,0
5.205381,0,0,0,0,0,0
5.206742,0,0,0,0,0,0
5.208221,0,0,0,0,0,0
5.209492,0,0,0,0,0,0
5.210676,0,0,0,0,0,0
5.212098,0,0,0,0,0,0
5.213427,0,0,0,0,0,0
5.214674,0,0,0,0,0,0
5.216043,0,0,0,0,0,0
5.217787,0,0,0,0,0,0
5.219718,0,0,0,0,0,0
5.221563,0,0,0,0,0,0
5.223185,0,0,0,0,0,0
5.226109,0,0,0,0,0,0
5.227675,0,0,0,0,0,0
5.229116,0,0,0,0,0,0
5.230561,0,0,0,0,0,0
5.232002,0,0,0,0,0,0
5.233526,0,0,0,0,0,0
5.235023,0,0,0,0,0,0
5.236449,0,0,0,0,0,0
5.237882,0,0,0,0,0,0
5.239299,0,0,0,0,0,0
5.240742,0,0,0,0,0,0
5.242174,0,0,0,0,0,0
5.243687,0,0,0,0,0,0
5.244964,0,0,0,0,0,0
5.246229,0,0,0,0,0,0
5.247486,0,0,0,0,0,0
5.248749,0,0,0,0,0,0
5.250003,0,0,0,0,0,0
5.251409,0,0,0,0,0,0
5.252588,0,0,0,0,0,0
5.253757,0,0,0,0,0,0
5.254924,0,0,0,0,0,0
5.256092,0,0,0,0,0,0
5.257259,0,0,0,0,0,0
5.258540,0,0,0,0,0,0
5.260145,0,0,0,0,0,0
5.261651,0,0,0,0,0,0
5.262968,0,0,0,0,0,0
5.264136,0,0,0,0,0,0
5.265304,0,0,0,0,0,0
5.266470,0,0,0,0,0,0
5.267786,0,0,0,0,0,0
5.268954,0,0,0,0,0,0
5.270311,0,0,0,0,0,0
5.271914,0,0,0,0,0,0
5.273232,0,0,0,0,0,0
5.274990,0,0,0,0,0,0
5.277306,0,0,0,0,0,0
5.278813,0,0,0,0,0,0
5.280462,0,0,0,0,0,0
5.281905,0,0,0,0,0,0
5.283408,0,0,0,0,0,0
5.284818,0,0,0,0,0,0
5.286246,0,0,0,0,0,0
5.287761,0,0,0,0,0,0
5.289019,0,0,0,0,0,0
5.290277,0,0,0,0,0,0
5.291539,0,0,0,0,0,0
5.292999,0,0,0,0,0,0
5.294314,0,0,0,0,0,0
5.295574,0,0,0,0,0,0
5.296895,0,0,0,0,0,0
5.298085,0,0,0,0,0,0
5.299329,0,0,0,0,0,0
5.300748,0,0,0,0,0,0
5.302363,0,0,0,0,0,0
5.303872,0,0,0,0,0,0
5.305425,0,0,0,0,0,0
5.306941,0,0,0,0,0,0
5.308504,0,0,0,0,0,0
5.309869,0,0,0,0,0,0
5.311344,0,0,0,0,0,0
5.312597,0,0,0,0,0,0
5.314340,0,0,0,0,0,0
5.315985,0,0,0,0,0,0
5.317464,0,0,0,0,0,0
5.318967,0,0,0,0,0,0
5.320322,0,0,0,0,0,0
5.321862,0,0,0,0,0,0
5.323290,0,0,0,0,0,0
5.325095,0,0,0,0,0,0
5.326885,0,0,0,0,0,0
5.328408,0,0,0,0,0,0
5.329919,0,0,0,0,0,0
5.331547,0,0,0,0,0,0
5.333175,0,0,0,0,0,0
5.334887,0,0,0,0,0,0
5.336648,0,0,0,0,0,0
5.338136,0,0,0,0,0,0
5.339778,0,0,0,0,0,0
5.341334,0,0,0,0,0,0
5.342487,0,0,0,0,0,0
5.343671,0,0,0,0,0,0
5.344847,0,0,0,0,0,0
5.346089,0,0,0,0,0,0
5.347281,0,0,0,0,0,0
5.349055,0,0,0,0,0,0
5.350378,0,0,0,0,0,0
5.351547,0,0,0,0,0,0
5.352948,0,0,0,0,0,0
5.354250,0,0,0,0,0,0
5.355444,0,0,0,0,0,0
5.356904,0,0,0,0,0,0
5.358382,0,0,0,0,0,0
5.359859,0,0,0,0,0,0
5.361392,0,0,0,0,0,0
5.362920,0,0,0,0,0,0
5.364397,0,0,0,0,0,0
5.366159,0,0,0,0,0,0
5.367878,0,0,0,0,0,0
5.369386,0,0,0,0,0,0
5.370946,0,0,0,0,0,0
5.372381,0,0,0,0,0,0
5.373813,0,0,0,0,0,0
5.375244,0,0,0,0,0,0
5.376771,0,0,0,0,0,0
5.378212,0,0,0,0,0,0
5.379807,0,0,0,0,0,0
5.381340,0,0,0,0,0,0
5.382816,0,0,0,0,0,0
5.384228,0,0,0,0,0,0
5.385497,0,0,0,0,0,0
5.386644,0,0,0,0,0,0
5.387797,0,0,0,0,0,0
5.388967,0,0,0,0,0,0
5.390117,0,0,0,0,0,0
5.391266,0,0,0,0,0,0
5.392636,0,0,0,0,0,0
5.393795,0,0,0,0,0,0
5.395010,0,0,0,0,0,0
5.396183,0,0,0,0,0,0
5.397542,0,0,0,0,0,0
5.398974,0,0,0,0,0,0
5.400575,0,0,0,0,0,0
5.402091,0,0,0,0,0,0
5.403415,0,0,0,0,0,0
5.404629,0,0,0,0,0,0
5.405815,0,0,0,0,0,0
5.407126,0,0,0,0,0,0
5.408499,0,0,0,0,0,0
5.409700,0,0,0,0,0,0
5.411036,0,0,0,0,0,0
5.412583,0,0,0,0,0,0
5.413926,0,0,0,0,0,0
5.415478,0,0,0,0,0,0
5.417118,0,0,0,0,0,0
5.418606,0,0,0,0,0,0
5.420164,0,0,0,0,0,0
5.422493,0,0,0,0,0,0
5.424132,0,0,0,0,0,0
5.425645,0,0,0,0,0,0
5.427168,0,0,0,0,0,0
5.428594,0,0,0,0,0,0
5.430025,0,0,0,0,0,0
5.431459,0,0,0,0,0,0
5.433256,0,0,0,0,0,0
5.434809,0,0,0,0,0,0
5.436296,0,0,0,0,0,0
5.437704,0,0,0,0,0,0
5.439112,0,0,0,0,0,0
5.440379,0,0,0,0,0,0
5.441647,0,0,0,0,0,0
5.442857,0,0,0,0,0,0
5.444057,0,0,0,0,0,0
5.445242,0,0,0,0,0,0
5.446386,0,0,0,0,0,0
5.447581,0,0,0,0,0,0
5.449009,0,0,0,0,0,0
5.450186,0,0,0,0,0,0
5.451399,0,0,0,0,0,0
5.452579,0,0,0,0,0,0
5.453857,0,0,0,0,0,0
5.455303,0,0,0,0,0,0
5.457013,0,0,0,0,0,0
5.458560,0,0,0,0,0,0
5.460037,0,0,0,0,0,0
5.461208,0,0,0,0,0,0
5.462520,0,0,0,0,0,0
5.463857,0,0,0,0,0,0
5.465030,0,0,0,0,0,0
5.466393,0,0,0,0,0,0
5.467677,0,0,0,0,0,0
5.468821,0,0,0,0,0,0
5.469949,0,0,0,0,0,0
5.471075,0,0,0,0,0,0
5.472249,0,0,0,0,0,0
5.473372,0,0,0,0,0,0
5.474494,0,0,0,0,0,0
5.475606,0,0,0,0,0,0
5.476787,0,0,0,0,0,0
5.477986,0,0,0,0,0,0
5.479149,0,0,0,0,0,0
5.480580,0,0,0,0,0,0
5.481788,0,0,0,0,0,0
5.483024,0,0,0,0,0,0
5.484219,0,0,0,0,0,0
5.485814,0,0,0,0,0,0
5.487561,0,0,0,0,0,0
5.489182,0,0,0,0,0,0
5.490801,0,0,0,0,0,0
5.492508,0,0,0,0,0,0
5.494033,0,0,0,0,0,0
5.495533,0,0,0,0,0,0
5.497244,0,0,0,0,0,0
5.498850,0,0,0,0,0,0
5.500430,0,0,0,0,0,0
5.501926,0,0,0,0,0,0
5.503351,0,0,0,0,0,0
5.504947,0,0,0,0,0,0
5.506442,0,0,0,0,0,0
5.507954,0,0,0,0,0,0
5.509358,0,0,0,0,0,0
5.510730,0,0,0,0,0,0
5.512100,0,0,0,0,0,0
5.513464,0,0,0,0,0,0
5.514761,0,0,0,0,0,0
5.516109,0,0,0,0,0,0
5.517351,0,0,0,0,0,0
5.518491,0,0,0,0,0,0
5.519703,0,0,0,0,0,0
5.520867,0,0,0,0,0,0
5.521993,0,0,0,0,0,0
5.523280,0,0,0,0,0,0
5.524498,0,0,0,0,0,0
5.525868,0,0,0,0,0,0
5.527952,0,0,0,0,0,0
5.529548,0,0,0,0,0,0
5.530951,0,0,0,0,0,0
5.532153,0,0,0,0,0,0
5.533331,0,0,0,0,0,0
5.534505,0,0,0,0,0,0
5.535683,0,0,0,0,0,0
5.536860,0,0,0,0,0,0
5.538033,0,0,0,0,0,0
5.539206,0,0,0,0,0,0
5.540890,0,0,0,0,0,0
5.542304,0,0,0,0,0,0
5.543841,0,0,0,0,0,0
5.545538,0,0,0,0,0,0
5.547063,0,0,0,0,0,0
5.548562,0,0,0,0,0,0
5.550017,0,0,0,0,0,0
5.551671,0,0,0,0,0,0
5.553146,0,0,0,0,0,0
5.554587,0,0,0,0,0,0
5.556112,0,0,0,0,0,0
5.557362,0,0,0,0,0,0
5.558602,0,0,0,0,0,0
5.559789,0,0,0,0,0,0
5.560944,0,0,0,0,0,0
5.562120,0,0,0,0,0,0
5.563796,0,0,0,0,0,0
5.565114,0,0,0,0,0,0
5.566285,0,0,0,0,0,0
5.567458,0,0,0,0,0,0
5.568871,0,0,0,0,0,0
5.570044,0,0,0,0,0,0
5.571217,0,0,0,0,0,0
5.572589,0,0,0,0,0,0
5.573837,0,0,0,0,0,0
5.575031,0,0,0,0,0,0
5.576499,0,0,0,0,0,0
5.577986,0,0,0,0,0,0
5.579482,0,0,0,0,0,0
5.580978,0,0,0,0,0,0
5.582710,0,0,0,0,0,0
5.584226,0,0,0,0,0,0
5.585670,0,0,0,0,0,0
5.587291,0,0,0,0,0,0
5.588637,0,0,0,0,0,0
5.590265,0,0,0,0,0,0
5.591805,0,0,0,0,0,0
5.593419,0,0,0,0,0,0
5.594938,0,0,0,0,0,0
5.596246,0,0,0,0,0,0
5.597451,0,0,0,0,0,0
5.598777,0,0,0,0,0,0
5.599946,0,0,0,0,0,0
5.601533,0,0,0,0,0,0
5.603211,0,0,0,0,0,0
5.604549,0,0,0,0,0,0
5.606229,0,0,0,0,0,0
5.607796,0,0,0,0,0,0
5.609416,0,0,0,0,0,0
5.610968,0,0,0,0,0,0
5.612459,0,0,0,0,0,0
5.614077,0,0,0,0,0,0
5.615572,0,0,0,0,0,0
5.617086,0,0,0,0,0,0
5.618382,0,0,0,0,0,0
5.619534,0,0,0,0,0,0
5.620749,0,0,0,0,0,0
5.621896,0,0,0,0,0,0
5.623056,0,0,0,0,0,0
5.624486,0,0,0,0,0,0
5.625771,0,0,0,0,0,0
5.626978,0,0,0,0,0,0
5.628145,0,0,0,0,0,0
5.629312,0,0,0,0,0,0
5.630536,0,0,0,0,0,0
5.632054,0,0,0,0,0,0
5.633517,0,0,0,0,0,0
5.635103,0,0,0,0,0,0
5.636576,0,0,0,0,0,0
5.638050,0,0,0,0,0,0
5.639531,0,0,0,0,0,0
5.641055,0,0,0,0,0,0
5.642526,0,0,0,0,0,0
5.644044,0,0,0,0,0,0
5.645498,0,0,0,0,0,0
5.646939,0,0,0,0,0,0
5.648374,0,0,0,0,0,0
5.649812,0,0,0,0,0,0
5.651242,0,0,0,0,0,0
5.652713,0,0,0,0,0,0
5.654293,0,0,0,0,0,0
5.655715,0,0,0,0,0,0
5.657106,0,0,0,0,0,0
5.658376,0,0,0,0,0,0
5.659514,0,0,0,0,0,0
5.660771,0,0,0,0,0,0
5.662097,0,0,0,0,0,0
5.663235,0,0,0,0,0,0
5.664373,0,0,0,0,0,0
5.665513,0,0,0,0,0,0
5.666652,0,0,0,0,0,0
5.667791,0,0,0,0,0,0
5.669017,0,0,0,0,0,0
5.670248,0,0,0,0,0,0
5.671419,0,0,0,0,0,0
5.672850,0,0,0,0,0,0
5.674457,0,0,0,0,0,0
5.675977,0,0,0,0,0,0
5.677144,0,0,0,0,0,0
5.678309,0,0,0,0,0,0
5.679474,0,0,0,0,0,0
5.680645,0,0,0,0,0,0
5.681815,0,0,0,0,0,0
5.683078,0,0,0,0,0,0
5.684279,0,0,0,0,0,0
5.685701,0,0,0,0,0,0
5.687172,0,0,0,0,0,0
5.688611,0,0,0,0,0,0
5.690047,0,0,0,0,0,0
5.691488,0,0,0,0,0,0
5.692895,0,0,0,0,0,0
5.694395,0,0,0,0,0,0
5.695864,0,0,0,0,0,0
5.697299,0,0,0,0,0,0
5.698788,0,0,0,0,0,0
5.700225,0,0,0,0,0,0
5.701695,0,0,0,0,0,0
5.703118,0,0,0,0,0,0
5.704657,0,0,0,0,0,0
5.706077,0,0,0,0,0,0
5.707482,0,0,0,0,0,0
5.708863,0,0,0,0,0,0
5.710286,0,0,0,0,0,0
5.711683,0,0,0,0,0,0
5.713123,0,0,0,0,0,0
5.714416,0,0,0,0,0,0
5.715686,0,0,0,0,0,0
5.716858,0,0,0,0,0,0
5.718181,0,0,0,0,0,0
5.719452,0,0,0,0,0,0
5.720591,0,0,0,0,0,0
5.721731,0,0,0,0,0,0
5.722928,0,0,0,0,0,0
5.724109,0,0,0,0,0,0
5.725284,0,0,0,0,0,0
5.726574,0,0,0,0,0,0
5.727754,0,0,0,0,0,0
5.728971,0,0,0,0,0,0
5.730162,0,0,0,0,0,0
5.731385,0,0,0,0,0,0
5.732560,0,0,0,0,0,0
5.733734,0,0,0,0,0,0
5.735095,0,0,0,0,0,0
5.736478,0,0,0,0,0,0
5.737791,0,0,0,0,0,0
5.739113,0,0,0,0,0,0
5.740693,0,0,0,0,0,0
5.742255,0,0,0,0,0,0
5.743807,0,0,0,0,0,0
5.745150,0,0,0,0,0,0
5.746324,0,0,0,0,0,0
5.747542,0,0,0,0,0,0
5.748878,0,0,0,0,0,0
5.750421,0,0,0,0,0,0
5.751856,0,0,0,0,0,0
5.753583,0,0,0,0,0,0
5.754855,0,0,0,0,0,0
5.756079,0,0,0,0,0,0
5.757243,0,0,0,0,0,0
5.758421,0,0,0,0,0,0
5.759673,0,0,0,0,0,0
5.760846,0,0,0,0,0,0
5.762017,0,0,0,0,0,0
5.763448,0,0,0,0,0,0
5.764612,0,0,0,0,0,0
5.765769,0,0,0,0,0,0
5.766922,0,0,0,0,0,0
5.768074,0,0,0,0,0,0
5.769231,0,0,0,0,0,0
5.770525,0,0,0,0,0,0
5.772008,0,0,0,0,0,0
5.773185,0,0,0,0,0,0
5.774368,0,0,0,0,0,0
5.775573,0,0,0,0,0,0
5.776861,0,0,0,0,0,0
5.778036,0,0,0,0,0,0
5.779260,0,0,0,0,0,0
5.780420,0,0,0,0,0,0
5.781589,0,0,0,0,0,0
5.783131,0,0,0,0,0,0
5.784340,0,0,0,0,0,0
5.785525,0,0,0,0,0,0
5.786828,0,0,0,0,0,0
5.788399,0,0,0,0,0,0
5.790016,0,0,0,0,0,0
5.791736,0,0,0,0,0,0
5.793525,0,0,0,0,0,0
5.795048,0,0,0,0,0,0
5.796492,0,0,0,0,0,0
5.798017,0,0,0,0,0,0
5.799457,0,0,0,0,0,0
5.800907,0,0,0,0,0,0
5.802354,0,0,0,0,0,0
5.803778,0,0,0,0,0,0
5.805171,0,0,0,0,0,0
5.806581,0,0,0,0,0,0
5.807982,0,0,0,0,0,0
5.809369,0,0,0,0,0,0
5.810808,0,0,0,0,0,0
5.812172,0,0,0,0,0,0
5.813568,0,0,0,0,0,0
5.814932,0,0,0,0,0,0
5.816395,0,0,0,0,0,0
5.817674,0,0,0,0,0,0
5.818855,0,0,0,0,0,0
5.820131,0,0,0,0,0,0
5.821274,0,0,0,0,0,0
5.822415,0,0,0,0,0,0
5.823684,0,0,0,0,0,0
5.824926,0,0,0,0,0,0
5.826198,0,0,0,0,0,0
5.827359,0,0,0,0,0,0
5.828531,0,0,0,0,0,0
5.829710,0,0,0,0,0,0
5.830998,0,0,0,0,0,0
5.832629,0,0,0,0,0,0
5.834216,0,0,0,0,0,0
5.835851,0,0,0,0,0,0
5.837014,0,0,0,0,0,0
5.838187,0,0,0,0,0,0
5.839357,0,0,0,0,0,0
5.840574,0,0,0,0,0,0
5.841804,0,0,0,0,0,0
5.843025,0,0,0,0,0,0
5.844524,0,0,0,0,0,0
5.845928,0,0,0,0,0,0
5.847473,0,0,0,0,0,0
5.849128,0,0,0,0,0,0
5.850593,0,0,0,0,0,0
5.851995,0,0,0,0,0,0
5.853398,0,0,0,0,0,0
5.854870,0,0,0,0,0,0
5.856364,0,0,0,0,0,0
5.857781,0,0,0,0,0,0
5.859096,0,0,0,0,0,0
5.860248,0,0,0,0,0,0
5.861413,0,0,0,0,0,0
5.862563,0,0,0,0,0,0
5.863822,0,0,0,0,0,0
5.865410,0,0,0,0,0,0
5.866807,0,0,0,0,0,0
5.867974,0,0,0,0,0,0
5.869141,0,0,0,0,0,0
5.870307,0,0,0,0,0,0
5.871795,0,0,0,0,0,0
5.872994,0,0,0,0,0,0
5.874218,0,0,0,0,0,0
5.875396,0,0,0,0,0,0
5.877234,0,0,0,0,0,0
5.878626,0,0,0,0,0,0
5.880230,0,0,0,0,0,0
5.881789,0,0,0,0,0,0
5.883325,0,0,0,0,0,0
5.884649,0,0,0,0,0,0
5.886168,0,0,0,0,0,0
5.887495,0,0,0,0,0,0
5.888714,0,0,0,0,0,0
5.890279,0,0,0,0,0,0
5.892105,0,0,0,0,0,0
5.893622,0,0,0,0,0,0
5.895107,0,0,0,0,0,0
5.896935,0,0,0,0,0,0
5.898250,0,0,0,0,0,0
5.899854,0,0,0,0,0,0
5.901262,0,0,0,0,0,0
5.902447,0,0,0,0,0,0
5.903948,0,0,0,0,0,0
5.905494,0,0,0,0,0,0
5.907055,0,0,0,0,0,0
5.908687,0,0,0,0,0,0
5.910191,0,0,0,0,0,0
5.911834,0,0,0,0,0,0
5.913389,0,0,0,0,0,0
5.914957,0,0,0,0,0,0
5.916397,0,0,0,0,0,0
5.917804,0,0,0,0,0,0
5.919304,0,0,0,0,0,0
5.920589,0,0,0,0,0,0
5.921738,0,0,0,0,0,0
5.922899,0,0,0,0,0,0
5.924291,0,0,0,0,0,0
5.925575,0,0,0,0,0,0
5.927157,0,0,0,0,0,0
5.928477,0,0,0,0,0,0
5.929652,0,0,0,0,0,0
5.930910,0,0,0,0,0,0
5.932135,0,0,0,0,0,0
5.933669,0,0,0,0,0,0
5.934904,0,0,0,0,0,0
5.936330,0,0,0,0,0,0
5.937831,0,0,0,0,0,0
5.939362,0,0,0,0,0,0
5.940994,0,0,0,0,0,0
5.942408,0,0,0,0,0,0
5.943799,0,0,0,0,0,0
5.945190,0,0,0,0,0,0
5.946603,0,0,0,0,0,0
5.948215,0,0,0,0,0,0
5.949619,0,0,0,0,0,0
5.951022,0,0,0,0,0,0
5.952389,0,0,0,0,0,0
5.953751,0,0,0,0,0,0
5.955116,0,0,0,0,0,0
5.956525,0,0,0,0,0,0
5.957789,0,0,0,0,0,0
5.959048,0,0,0,0,0,0
5.960980,0,0,0,0,0,0
5.962298,0,0,0,0,0,0
5.963661,0,0,0,0,0,0
5.964823,0,0,0,0,0,0
5.965952,0,0,0,0,0,0
5.967051,0,0,0,0,0,0
5.968144,0,0,0,0,0,0
5.969233,0,0,0,0,0,0
5.970325,0,0,0,0,0,0
5.971644,0,0,0,0,0,0
5.973433,0,0,0,0,0,0
5.974974,0,0,0,0,0,0
5.976293,0,0,0,0,0,0
5.977507,0,0,0,0,0,0
5.978743,0,0,0,0,0,0
5.980135,0,0,0,0,0,0
5.981315,0,0,0,0,0,0
5.982483,0,0,0,0,0,0
5.984165,0,0,0,0,0,0
5.985556,0,0,0,0,0,0
5.987044,0,0,0,0,0,0
5.988652,0,0,0,0,0,0
5.990137,0,0,0,0,0,0
5.991628,0,0,0,0,0,0
5.993249,0,0,0,0,0,0
5.995016,0,0,0,0,0,0
5.996484,0,0,0,0,0,0
5.997903,0,0,0,0,0,0
5.999335,0,0,0,0,0,0
6.000993,0,0,0,0,0,0
6.002432,0,0,0,0,0,0
6.003858,0,0,0,0,0,0
6.005277,0,0,0,0,0,0
6.006687,0,0,0,0,0,0
6.008098,0,0,0,0,0,0
6.009620,0,0,0,0,0,0
6.011122,0,0,0,0,0,0
6.012527,0,0,0,0,0,0
6.013924,0,0,0,0,0,0
6.015325,0,0,0,0,0,0
6.016591,0,0,0,0,0,0
6.017846,0,0,0,0,0,0
6.018984,0,0,0,0,0,0
6.020157,0,0,0,0,0,0
6.021299,0,0,0,0,0,0
6.022446,0,0,0,0,0,0
6.023620,0,0,0,0,0,0
6.024764,0,0,0,0,0,0
6.026009,0,0,0,0,0,0
6.027291,0,0,0,0,0,0
6.028469,0,0,0,0,0,0
6.029595,0,0,0,0,0,0
6.030778,0,0,0,0,0,0
6.031960,0,0,0,0,0,0
6.033138,0,0,0,0,0,0
6.034313,0,0,0,0,0,0
6.035478,0,0,0,0,0,0
6.036635,0,0,0,0,0,0
6.037762,0,0,0,0,0,0
6.038991,0,0,0,0,0,0
6.040160,0,0,0,0,0,0
6.041312,0,0,0,0,0,0
6.042564,0,0,0,0,0,0
6.043846,0,0,0,0,0,0
6.045490,0,0,0,0,0,0
6.047063,0,0,0,0,0,0
6.048397,0,0,0,0,0,0
6.049620,0,0,0,0,0,0
6.050857,0,0,0,0,0,0
6.052040,0,0,0,0,0,0
6.053315,0,0,0,0,0,0
6.054489,0,0,0,0,0,0
6.055747,0,0,0,0,0,0
6.056915,0,0,0,0,0,0
6.058420,0,0,0,0,0,0
6.059778,0,0,0,0,0,0
6.061193,0,0,0,0,0,0
6.062406,0,0,0,0,0,0
6.063636,0,0,0,0,0,0
6.064810,0,0,0,0,0,0
6.066000,0,0,0,0,0,0
6.067179,0,0,0,0,0,0
6.068357,0,0,0,0,0,0
6.069612,0,0,0,0,0,0
6.070796,0,0,0,0,0,0
6.072039,0,0,0,0,0,0
6.073557,0,0,0,0,0,0
6.074931,0,0,0,0,0,0
6.076100,0,0,0,0,0,0
6.077484,0,0,0,0,0,0
6.078888,0,0,0,0,0,0
6.080097,0,0,0,0,0,0
6.081279,0,0,0,0,0,0
6.082631,0,0,0,0,0,0
6.084018,0,0,0,0,0,0
6.085198,0,0,0,0,0,0
6.086364,0,0,0,0,0,0
6.087540,0,0,0,0,0,0
6.092368,0,0,0,0,0,0
6.093701,0,0,0,0,0,0
6.095243,0,0,0,0,0,0
6.096869,0,0,0,0,0,0
6.098352,0,0,0,0,0,0
6.099836,0,0,0,0,0,0
6.101321,0,0,0,0,0,0
6.102865,0,0,0,0,0,0
6.104446,0,0,0,0,0,0
6.106078,0,0,0,0,0,0
6.107810,0,0,0,0,0,0
6.109280,0,0,0,0,0,0
6.111359,0,0,0,0,0,0
6.112878,0,0,0,0,0,0
6.114312,0,0,0,0,0,0
6.115787,0,0,0,0,0,0
6.117196,0,0,0,0,0,0
6.118608,0,0,0,0,0,0
6.120053,0,0,0,0,0,0
6.121504,0,0,0,0,0,0
6.122647,0,0,0,0,0,0
6.123794,0,0,0,0,0,0
6.124944,0,0,0,0,0,0
6.126098,0,0,0,0,0,0
6.127252,0,0,0,0,0,0
6.128508,0,0,0,0,0,0
6.129661,0,0,0,0,0,0
6.130872,0,0,0,0,0,0
6.132051,0,0,0,0,0,0
6.133219,0,0,0,0,0,0
6.134395,0,0,0,0,0,0
6.135567,0,0,0,0,0,0
6.137183,0,0,0,0,0,0
6.138686,0,0,0,0,0,0
6.140139,0,0,0,0,0,0
6.141297,0,0,0,0,0,0
6.142445,0,0,0,0,0,0
6.143722,0,0,0,0,0,0
6.144871,0,0,0,0,0,0
6.146018,0,0,0,0,0,0
6.147357,0,0,0,0,0,0
6.148872,0,0,0,0,0,0
6.150193,0,0,0,0,0,0
6.151810,0,0,0,0,0,0
6.153424,0,0,0,0,0,0
6.154956,0,0,0,0,0,0
6.156429,0,0,0,0,0,0
6.157902,0,0,0,0,0,0
6.159388,0,0,0,0,0,0
6.160982,0,0,0,0,0,0
6.162459,0,0,0,0,0,0
6.164211,0,0,0,0,0,0
6.165499,0,0,0,0,0,0
6.166675,0,0,0,0,0,0
6.167825,0,0,0,0,0,0
6.168973,0,0,0,0,0,0
6.170240,0,0,0,0,0,0
6.171426,0,0,0,0,0,0
6.172909,0,0,0,0,0,0
6.174258,0,0,0,0,0,0
6.175429,0,0,0,0,0,0
6.176601,0,0,0,0,0,0
6.177768,0,0,0,0,0,0
6.178989,0,0,0,0,0,0
6.180385,0,0,0,0,0,0
6.181558,0,0,0,0,0,0
6.183357,0,0,0,0,0,0
6.185002,0,0,0,0,0,0
6.186590,0,0,0,0,0,0
6.188127,0,0,0,0,0,0
6.189612,0,0,0,0,0,0
6.190979,0,0,0,0,0,0
6.192423,0,0,0,0,0,0
6.194543,0,0,0,0,0,0
6.196569,0,0,0,0,0,0
6.198177,0,0,0,0,0,0
6.199780,0,0,0,0,0,0
6.202202,0,0,0,0,0,0
6.203697,0,0,0,0,0,0
6.205009,0,0,0,0,0,0
6.206253,0,0,0,0,0,0
6.207506,0,0,0,0,0,0
6.209045,0,0,0,0,0,0
6.210221,0,0,0,0,0,0
6.211705,0,0,0,0,0,0
6.213295,0,0,0,0,0,0
6.214866,0,0,0,0,0,0
6.216499,0,0,0,0,0,0
6.218004,0,0,0,0,0,0
6.219487,0,0,0,0,0,0
6.221211,0,0,0,0,0,0
6.222701,0,0,0,0,0,0
6.224273,0,0,0,0,0,0
6.225759,0,0,0,0,0,0
6.227281,0,0,0,0,0,0
6.229005,0,0,0,0,0,0
6.230442,0,0,0,0,0,0
6.231598,0,0,0,0,0,0
6.232783,0,0,0,0,0,0
6.233919,0,0,0,0,0,0
6.235075,0,0,0,0,0,0
6.236477,0,0,0,0,0,0
6.237715,0,0,0,0,0,0
6.238822,0,0,0,0,0,0
6.239937,0,0,0,0,0,0
6.241101,0,0,0,0,0,0
6.242472,0,0,0,0,0,0
6.243734,0,0,0,0,0,0
6.245319,0,0,0,0,0,0
6.246768,0,0,0,0,0,0
6.248212,0,0,0,0,0,0
6.249659,0,0,0,0,0,0
6.251099,0,0,0,0,0,0
6.252552,0,0,0,0,0,0
6.253992,0,0,0,0,0,0
6.255426,0,0,0,0,0,0
6.256877,0,0,0,0,0,0
6.258325,0,0,0,0,0,0
6.259888,0,0,0,0,0,0
6.261316,0,0,0,0,0,0
6.262796,0,0,0,0,0,0
6.264201,0,0,0,0,0,0
6.265619,0,0,0,0,0,0
6.266886,0,0,0,0,0,0
6.268027,0,0,0,0,0,0
6.269171,0,0,0,0,0,0
6.270326,0,0,0,0,0,0
6.271467,0,0,0,0,0,0
6.272611,0,0,0,0,0,0
6.273751,0,0,0,0,0,0
6.275053,0,0,0,0,0,0
6.276317,0,0,0,0,0,0
6.277492,0,0,0,0,0,0
6.278662,0,0,0,0,0,0
6.279830,0,0,0,0,0,0
6.281047,0,0,0,0,0,0
6.282896,0,0,0,0,0,0
6.284263,0,0,0,0,0,0
6.285744,0,0,0,0,0,0
6.286917,0,0,0,0,0,0
6.288088,0,0,0,0,0,0
6.289261,0,0,0,0,0,0
6.290477,0,0,0,0,0,0
6.291835,0,0,0,0,0,0
6.293372,0,0,0,0,0,0
6.294927,0,0,0,0,0,0
6.296453,0,0,0,0,0,0
6.297944,0,0,0,0,0,0
6.299731,0,0,0,0,0,0
6.301191,0,0,0,0,0,0
6.302761,0,0,0,0,0,0
6.304267,0,0,0,0,0,0
6.305847,0,0,0,0,0,0
6.307438,0,0,0,0,0,0
6.308917,0,0,0,0,0,0
6.310506,0,0,0,0,0,0
6.312001,0,0,0,0,0,0
6.313400,0,0,0,0,0,0
6.314878,0,0,0,0,0,0
6.316345,0,0,0,0,0,0
6.317724,0,0,0,0,0,0
6.319142,0,0,0,0,0,0
6.320560,0,0,0,0,0,0
6.321975,0,0,0,0,0,0
6.323442,0,0,0,0,0,0
6.324846,0,0,0,0,0,0
6.326254,0,0,0,0,0,0
6.327723,0,0,0,0,0,0
6.328984,0,0,0,0,0,0
6.330460,0,0,0,0,0,0
6.331827,0,0,0,0,0,0
6.333104,0,0,0,0,0,0
6.334263,0,0,0,0,0,0
6.335419,0,0,0,0,0,0
6.336602,0,0,0,0,0,0
6.337877,0,0,0,0,0,0
6.339091,0,0,0,0,0,0
6.340347,0,0,0,0,0,0
6.341534,0,0,0,0,0,0
6.342717,0,0,0,0,0,0
6.344194,0,0,0,0,0,0
6.345371,0,0,0,0,0,0
6.346547,0,0,0,0,0,0
6.347974,0,0,0,0,0,0
6.349148,0,0,0,0,0,0
6.350321,0,0,0,0,0,0
6.351494,0,0,0,0,0,0
6.353134,0,0,0,0,0,0
6.354429,0,0,0,0,0,0
6.356588,0,0,0,0,0,0
6.358067,0,0,0,0,0,0
6.359395,0,0,0,0,0,0
6.360694,0,0,0,0,0,0
6.361866,0,0,0,0,0,0
6.363037,0,0,0,0,0,0
6.364208,0,0,0,0,0,0
6.365427,0,0,0,0,0,0
6.366652,0,0,0,0,0,0
6.367837,0,0,0,0,0,0
6.369013,0,0,0,0,0,0
6.370187,0,0,0,0,0,0
6.371412,0,0,0,0,0,0
6.372695,0,0,0,0,0,0
6.373872,0,0,0,0,0,0
6.375047,0,0,0,0,0,0
6.376364,0,0,0,0,0,0
6.377558,0,0,0,0,0,0
6.378786,0,0,0,0,0,0
6.379964,0,0,0,0,0,0
6.381312,0,0,0,0,0,0
6.382487,0,0,0,0,0,0
6.383949,0,0,0,0,0,0
6.385268,0,0,0,0,0,0
6.386442,0,0,0,0,0,0
6.387658,0,0,0,0,0,0
6.388903,0,0,0,0,0,0
6.390088,0,0,0,0,0,0
6.391256,0,0,0,0,0,0
6.392450,0,0,0,0,0,0
6.393642,0,0,0,0,0,0
6.394845,0,0,0,0,0,0
6.396020,0,0,0,0,0,0
6.397146,0,0,0,0,0,0
6.398269,0,0,0,0,0,0
6.399392,0,0,0,0,0,0
6.400632,0,0,0,0,0,0
6.402123,0,0,0,0,0,0
6.403451,0,0,0,0,0,0
6.405106,0,0,0,0,0,0
6.406641,0,0,0,0,0,0
6.408291,0,0,0,0,0,0
6.409775,0,0,0,0,0,0
6.411446,0,0,0,0,0,0
6.413014,0,0,0,0,0,0
6.414805,0,0,0,0,0,0
6.416285,0,0,0,0,0,0
6.417765,0,0,0,0,0,0
6.419362,0,0,0,0,0,0
6.420833,0,0,0,0,0,0
6.422268,0,0,0,0,0,0
6.423750,0,0,0,0,0,0
6.425194,0,0,0,0,0,0
6.426650,0,0,0,0,0,0
6.428126,0,0,0,0,0,0
6.429561,0,0,0,0,0,0
6.430975,0,0,0,0,0,0
6.432388,0,0,0,0,0,0
6.433656,0,0,0,0,0,0
6.434830,0,0,0,0,0,0
6.435971,0,0,0,0,0,0
6.437111,0,0,0,0,0,0
6.438251,0,0,0,0,0,0
6.439500,0,0,0,0,0,0
6.440742,0,0,0,0,0,0
6.441881,0,0,0,0,0,0
6.443035,0,0,0,0,0,0
6.444390,0,0,0,0,0,0
6.445588,0,0,0,0,0,0
6.446761,0,0,0,0,0,0
6.448121,0,0,0,0,0,0
6.451286,0,0,0,0,0,0
6.452582,0,0,0,0,0,0
6.453880,0,0,0,0,0,0
6.455166,0,0,0,0,0,0
6.456461,0,0,0,0,0,0
6.457752,0,0,0,0,0,0
6.459559,0,0,0,0,0,0
6.461086,0,0,0,0,0,0
6.462474,0,0,0,0,0,0
6.464037,0,0,0,0,0,0
6.465552,0,0,0,0,0,0
6.467038,0,0,0,0,0,0
6.468594,0,0,0,0,0,0
6.470133,0,0,0,0,0,0
6.471738,0,0,0,0,0,0
6.473396,0,0,0,0,0,0
6.475174,0,0,0,0,0,0
6.476627,0,0,0,0,0,0
6.477930,0,0,0,0,0,0
6.479112,0,0,0,0,0,0
6.480506,0,0,0,0,0,0
6.481692,0,0,0,0,0,0
6.482980,0,0,0,0,0,0
6.484428,0,0,0,0,0,0
6.485949,0,0,0,0,0,0
6.487186,0,0,0,0,0,0
6.488373,0,0,0,0,0,0
6.489661,0,0,0,0,0,0
6.490976,0,0,0,0,0,0
6.492238,0,0,0,0,0,0
6.493525,0,0,0,0,0,0
6.494843,0,0,0,0,0,0
6.496534,0,0,0,0,0,0
6.498073,0,0,0,0,0,0
6.499410,0,0,0,0,0,0
6.500797,0,0,0,0,0,0
6.502243,0,0,0,0,0,0
6.503757,0,0,0,0,0,0
6.505284,0,0,0,0,0,0
6.506707,0,0,0,0,0,0
6.508476,0,0,0,0,0,0
6.510154,0,0,0,0,0,0
6.511650,0,0,0,0,0,0
6.513175,0,0,0,0,0,0
6.514561,0,0,0,0,0,0
6.516113,0,0,0,0,0,0
6.517608,0,0,0,0,0,0
6.519153,0,0,0,0,0,0
6.520674,0,0,0,0,0,0
6.522155,0,0,0,0,0,0
6.523718,0,0,0,0,0,0
6.525311,0,0,0,0,0,0
6.526895,0,0,0,0,0,0
6.528307,0,0,0,0,0,0
6.529594,0,0,0,0,0,0
6.530801,0,0,0,0,0,0
6.531956,0,0,0,0,0,0
6.533109,0,0,0,0,0,0
6.534260,0,0,0,0,0,0
6.535899,0,0,0,0,0,0
6.537227,0,0,0,0,0,0
6.538377,0,0,0,0,0,0
6.539559,0,0,0,0,0,0
6.540828,0,0,0,0,0,0
6.542093,0,0,0,0,0,0
6.543667,0,0,0,0,0,0
6.545229,0,0,0,0,0,0
6.546926,0,0,0,0,0,0
6.548892,0,0,0,0,0,0
6.550627,0,0,0,0,0,0
6.552388,0,0,0,0,0,0
6.553842,0,0,0,0,0,0
6.555449,0,0,0,0,0,0
6.556982,0,0,0,0,0,0
6.558412,0,0,0,0,0,0
6.559845,0,0,0,0,0,0
6.561279,0,0,0,0,0,0
6.562804,0,0,0,0,0,0
6.564263,0,0,0,0,0,0
6.565720,0,0,0,0,0,0
6.567175,0,0,0,0,0,0
6.568590,0,0,0,0,0,0
6.570006,0,0,0,0,0,0
6.571309,0,0,0,0,0,0
6.572449,0,0,0,0,0,0
6.573716,0,0,0,0,0,0
6.574956,0,0,0,0,0,0
6.576228,0,0,0,0,0,0
6.577374,0,0,0,0,0,0
6.578646,0,0,0,0,0,0
6.579806,0,0,0,0,0,0
6.580964,0,0,0,0,0,0
6.582118,0,0,0,0,0,0
6.583268,0,0,0,0,0,0
6.584420,0,0,0,0,0,0
6.585581,0,0,0,0,0,0
6.587085,0,0,0,0,0,0
6.588402,0,0,0,0,0,0
6.589567,0,0,0,0,0,0
6.590738,0,0,0,0,0,0
6.592047,0,0,0,0,0,0
6.593419,0,0,0,0,0,0
6.594595,0,0,0,0,0,0
6.596050,0,0,0,0,0,0
6.600093,0,0,0,0,0,0
6.601585,0,0,0,0,0,0
6.603241,0,0,0,0,0,0
6.604845,0,0,0,0,0,0
6.606501,0,0,0,0,0,0
6.607992,0,0,0,0,0,0
6.609414,0,0,0,0,0,0
6.610894,0,0,0,0,0,0
6.612294,0,0,0,0,0,0
6.613707,0,0,0,0,0,0
6.615140,0,0,0,0,0,0
6.616589,0,0,0,0,0,0
6.618153,0,0,0,0,0,0
6.620026,0,0,0,0,0,0
6.621506,0,0,0,0,0,0
6.622953,0,0,0,0,0,0
6.624432,0,0,0,0,0,0
6.625851,0,0,0,0,0,0
6.627321,0,0,0,0,0,0
6.628773,0,0,0,0,0,0
6.630192,0,0,0,0,0,0
6.631692,0,0,0,0,0,0
6.633009,0,0,0,0,0,0
6.634266,0,0,0,0,0,0
6.635540,0,0,0,0,0,0
6.636959,0,0,0,0,0,0
6.638116,0,0,0,0,0,0
6.639369,0,0,0,0,0,0
6.640525,0,0,0,0,0,0
6.641679,0,0,0,0,0,0
6.642896,0,0,0,0,0,0
6.644072,0,0,0,0,0,0
6.645429,0,0,0,0,0,0
6.646817,0,0,0,0,0,0
6.647997,0,0,0,0,0,0
6.649175,0,0,0,0,0,0
6.650354,0,0,0,0,0,0
6.651722,0,0,0,0,0,0
6.653891,0,0,0,0,0,0
6.655138,0,0,0,0,0,0
6.656313,0,0,0,0,0,0
6.657486,0,0,0,0,0,0
6.658730,0,0,0,0,0,0
6.660263,0,0,0,0,0,0
6.661763,0,0,0,0,0,0
6.663076,0,0,0,0,0,0
6.664248,0,0,0,0,0,0
6.665419,0,0,0,0,0,0
6.666848,0,0,0,0,0,0
6.668002,0,0,0,0,0,0
6.669227,0,0,0,0,0,0
6.670383,0,0,0,0,0,0
6.671534,0,0,0,0,0,0
6.672866,0,0,0,0,0,0
6.674020,0,0,0,0,0,0
6.675185,0,0,0,0,0,0
6.676368,0,0,0,0,0,0
6.677543,0,0,0,0,0,0
6.678874,0,0,0,0,0,0
6.680179,0,0,0,0,0,0
6.681354,0,0,0,0,0,0
6.682529,0,0,0,0,0,0
6.684072,0,0,0,0,0,0
6.685247,0,0,0,0,0,0
6.686805,0,0,0,0,0,0
6.687979,0,0,0,0,0,0
6.689313,0,0,0,0,0,0
6.690492,0,0,0,0,0,0
6.691717,0,0,0,0,0,0
6.692886,0,0,0,0,0,0
6.694250,0,0,0,0,0,0
6.695558,0,0,0,0,0,0
6.696847,0,0,0,0,0,0
6.698019,0,0,0,0,0,0
6.699238,0,0,0,0,0,0
6.700415,0,0,0,0,0,0
6.701591,0,0,0,0,0,0
6.702767,0,0,0,0,0,0
6.703942,0,0,0,0,0,0
6.705206,0,0,0,0,0,0
6.707030,0,0,0,0,0,0
6.708620,0,0,0,0,0,0
6.711261,0,0,0,0,0,0
6.713064,0,0,0,0,0,0
6.714852,0,0,0,0,0,0
6.716374,0,0,0,0,0,0
6.717817,0,0,0,0,0,0
6.719210,0,0,0,0,0,0
6.720601,0,0,0,0,0,0
6.721992,0,0,0,0,0,0
6.723404,0,0,0,0,0,0
6.724871,0,0,0,0,0,0
6.726349,0,0,0,0,0,0
6.727793,0,0,0,0,0,0
6.729229,0,0,0,0,0,0
6.730620,0,0,0,0,0,0
6.732159,0,0,0,0,0,0
6.733422,0,0,0,0,0,0
6.734797,0,0,0,0,0,0
6.735934,0,0,0,0,0,0
6.737258,0,0,0,0,0,0
6.738512,0,0,0,0,0,0
6.739841,0,0,0,0,0,0
6.741035,0,0,0,0,0,0
6.742261,0,0,0,0,0,0
6.743435,0,0,0,0,0,0
6.744691,0,0,0,0,0,0
6.745859,0,0,0,0,0,0
6.747052,0,0,0,0,0,0
6.748360,0,0,0,0,0,0
6.749903,0,0,0,0,0,0
6.751525,0,0,0,0,0,0
6.752903,0,0,0,0,0,0
6.754074,0,0,0,0,0,0
6.755233,0,0,0,0,0,0
6.756384,0,0,0,0,0,0
6.757582,0,0,0,0,0,0
6.758735,0,0,0,0,0,0
6.759927,0,0,0,0,0,0
6.761249,0,0,0,0,0,0
6.762777,0,0,0,0,0,0
6.764263,0,0,0,0,0,0
6.766249,0,0,0,0,0,0
6.767939,0,0,0,0,0,0
6.769422,0,0,0,0,0,0
6.771023,0,0,0,0,0,0
6.772469,0,0,0,0,0,0
6.774010,0,0,0,0,0,0
6.775461,0,0,0,0,0,0
6.776619,0,0,0,0,0,0
6.777774,0,0,0,0,0,0
6.778982,0,0,0,0,0,0
6.780175,0,0,0,0,0,0
6.781403,0,0,0,0,0,0
6.782916,0,0,0,0,0,0
6.784276,0,0,0,0,0,0
6.785456,0,0,0,0,0,0
6.786628,0,0,0,0,0,0
6.787799,0,0,0,0,0,0
6.788969,0,0,0,0,0,0
6.790141,0,0,0,0,0,0
6.791307,0,0,0,0,0,0
6.792479,0,0,0,0,0,0
6.793801,0,0,0,0,0,0
6.795186,0,0,0,0,0,0
6.796918,0,0,0,0,0,0
6.798405,0,0,0,0,0,0
6.800031,0,0,0,0,0,0
6.801562,0,0,0,0,0,0
6.802944,0,0,0,0,0,0
6.804626,0,0,0,0,0,0
6.805945,0,0,0,0,0,0
6.807559,0,0,0,0,0,0
6.809097,0,0,0,0,0,0
6.810575,0,0,0,0,0,0
6.812104,0,0,0,0,0,0
6.813604,0,0,0,0,0,0
6.815166,0,0,0,0,0,0
6.816516,0,0,0,0,0,0
6.818200,0,0,0,0,0,0
6.819581,0,0,0,0,0,0
6.821016,0,0,0,0,0,0
6.822560,0,0,0,0,0,0
6.824006,0,0,0,0,0,0
6.825524,0,0,0,0,0,0
6.827254,0,0,0,0,0,0
6.828796,0,0,0,0,0,0
6.830240,0,0,0,0,0,0
6.831765,0,0,0,0,0,0
6.833402,0,0,0,0,0,0
6.835018,0,0,0,0,0,0
6.836493,0,0,0,0,0,0
6.837890,0,0,0,0,0,0
6.839153,0,0,0,0,0,0
6.840308,0,0,0,0,0,0
6.841622,0,0,0,0,0,0
6.842809,0,0,0,0,0,0
6.843989,0,0,0,0,0,0
6.845561,0,0,0,0,0,0
6.846880,0,0,0,0,0,0
6.848052,0,0,0,0,0,0
6.849451,0,0,0,0,0,0
6.850628,0,0,0,0,0,0
6.852149,0,0,0,0,0,0
6.853797,0,0,0,0,0,0
6.855534,0,0,0,0,0,0
6.857125,0,0,0,0,0,0
6.858820,0,0,0,0,0,0
6.860476,0,0,0,0,0,0
6.861966,0,0,0,0,0,0
6.863445,0,0,0,0,0,0
6.865043,0,0,0,0,0,0
6.866637,0,0,0,0,0,0
6.868364,0,0,0,0,0,0
6.869797,0,0,0,0,0,0
6.871277,0,0,0,0,0,0
6.873089,0,0,0,0,0,0
6.874546,0,0,0,0,0,0
6.876139,0,0,0,0,0,0
6.877562,0,0,0,0,0,0
6.879109,0,0,0,0,0,0
6.880552,0,0,0,0,0,0
6.881826,0,0,0,0,0,0
6.883017,0,0,0,0,0,0
6.884340,0,0,0,0,0,0
6.885494,0,0,0,0,0,0
6.886645,0,0,0,0,0,0
6.887904,0,0,0,0,0,0
6.889108,0,0,0,0,0,0
6.890264,0,0,0,0,0,0
6.891672,0,0,0,0,0,0
6.892852,0,0,0,0,0,0
6.894048,0,0,0,0,0,0
6.895445,0,0,0,0,0,0
6.897205,0,0,0,0,0,0
6.898783,0,0,0,0,0,0
6.900342,0,0,0,0,0,0
6.901518,0,0,0,0,0,0
6.902690,0,0,0,0,0,0
6.903859,0,0,0,0,0,0
6.905033,0,0,0,0,0,0
6.906206,0,0,0,0,0,0
6.907831,0,0,0,0,0,0
6.909359,0,0,0,0,0,0
6.910843,0,0,0,0,0,0
6.912388,0,0,0,0,0,0
6.913935,0,0,0,0,0,0
6.915474,0,0,0,0,0,0
6.916968,0,0,0,0,0,0
6.918591,0,0,0,0,0,0
6.920078,0,0,0,0,0,0
6.921562,0,0,0,0,0,0
6.923047,0,0,0,0,0,0
6.924568,0,0,0,0,0,0
6.926143,0,0,0,0,0,0
6.927715,0,0,0,0,0,0
6.929182,0,0,0,0,0,0
6.930583,0,0,0,0,0,0
6.932015,0,0,0,0,0,0
6.933472,0,0,0,0,0,0
6.934929,0,0,0,0,0,0
6.936342,0,0,0,0,0,0
6.937790,0,0,0,0,0,0
6.939265,0,0,0,0,0,0
6.940776,0,0,0,0,0,0
6.942209,0,0,0,0,0,0
6.943469,0,0,0,0,0,0
6.944605,0,0,0,0,0,0
6.945864,0,0,0,0,0,0
6.947195,0,0,0,0,0,0
6.948672,0,0,0,0,0,0
6.949832,0,0,0,0,0,0
6.950960,0,0,0,0,0,0
6.952345,0,0,0,0,0,0
6.953556,0,0,0,0,0,0
6.954828,0,0,0,0,0,0
6.955989,0,0,0,0,0,0
6.957184,0,0,0,0,0,0
6.958500,0,0,0,0,0,0
6.959762,0,0,0,0,0,0
6.960947,0,0,0,0,0,0
6.962152,0,0,0,0,0,0
6.963307,0,0,0,0,0,0
6.964473,0,0,0,0,0,0
6.965580,0,0,0,0,0,0
6.966746,0,0,0,0,0,0
6.967910,0,0,0,0,0,0
6.969171,0,0,0,0,0,0
6.970626,0,0,0,0,0,0
6.972004,0,0,0,0,0,0
6.973143,0,0,0,0,0,0
6.974281,0,0,0,0,0,0
6.975650,0,0,0,0,0,0
6.976854,0,0,0,0,0,0
6.978004,0,0,0,0,0,0
6.979198,0,0,0,0,0,0
6.980330,0,0,0,0,0,0
6.981532,0,0,0,0,0,0
6.982949,0,0,0,0,0,0
6.984374,0,0,0,0,0,0
6.985642,0,0,0,0,0,0
6.986963,0,0,0,0,0,0
6.988119,0,0,0,0,0,0
6.989320,0,0,0,0,0,0
6.990628,0,0,0,0,0,0
6.991874,0,0,0,0,0,0
6.993051,0,0,0,0,0,0
6.994222,0,0,0,0,0,0
6.995468,0,0,0,0,0,0
6.996743,0,0,0,0,0,0
6.998349,0,0,0,0,0,0
6.999767,0,0,0,0,0,0
7.000925,0,0,0,0,0,0
7.002077,0,0,0,0,0,0
7.003253,0,0,0,0,0,0
7.004406,0,0,0,0,0,0
7.005560,0,0,0,0,0,0
7.006767,0,0,0,0,0,0
7.007919,0,0,0,0,0,0
7.009082,0,0,0,0,0,0
7.010234,0,0,0,0,0,0
7.011443,0,0,0,0,0,0
7.012610,0,0,0,0,0,0
7.013778,0,0,0,0,0,0
7.014952,0,0,0,0,0,0
7.016474,0,0,0,0,0,0
7.017986,0,0,0,0,0,0
7.019484,0,0,0,0,0,0
7.021007,0,0,0,0,0,0
7.022504,0,0,0,0,0,0
7.024158,0,0,0,0,0,0
7.025715,0,0,0,0,0,0
7.027318,0,0,0,0,0,0
7.028839,0,0,0,0,0,0
7.030307,0,0,0,0,0,0
7.031923,0,0,0,0,0,0
7.033358,0,0,0,0,0,0
7.034844,0,0,0,0,0,0
7.036311,0,0,0,0,0,0
7.037724,0,0,0,0,0,0
7.039142,0,0,0,0,0,0
7.040569,0,0,0,0,0,0
7.042018,0,0,0,0,0,0
7.043285,0,0,0,0,0,0
7.044428,0,0,0,0,0,0
7.045568,0,0,0,0,0,0
7.046708,0,0,0,0,0,0
7.047850,0,0,0,0,0,0
7.048990,0,0,0,0,0,0
7.050305,0,0,0,0,0,0
7.051462,0,0,0,0,0,0
7.052646,0,0,0,0,0,0
7.053839,0,0,0,0,0,0
7.055012,0,0,0,0,0,0
7.056420,0,0,0,0,0,0
7.058391,0,0,0,0,0,0
7.059948,0,0,0,0,0,0
7.061378,0,0,0,0,0,0
7.062653,0,0,0,0,0,0
7.063826,0,0,0,0,0,0
7.064994,0,0,0,0,0,0
7.066352,0,0,0,0,0,0
7.067869,0,0,0,0,0,0
7.069480,0,0,0,0,0,0
7.070930,0,0,0,0,0,0
7.072269,0,0,0,0,0,0
7.073745,0,0,0,0,0,0
7.075283,0,0,0,0,0,0
7.077043,0,0,0,0,0,0
7.078533,0,0,0,0,0,0
7.080304,0,0,0,0,0,0
7.081801,0,0,0,0,0,0
7.083344,0,0,0,0,0,0
7.084865,0,0,0,0,0,0
7.086151,0,0,0,0,0,0
7.087304,0,0,0,0,0,0
7.088457,0,0,0,0,0,0
7.089607,0,0,0,0,0,0
7.090814,0,0,0,0,0,0
7.092178,0,0,0,0,0,0
7.093951,0,0,0,0,0,0
7.095353,0,0,0,0,0,0
7.096673,0,0,0,0,0,0
7.097844,0,0,0,0,0,0
7.099065,0,0,0,0,0,0
7.100232,0,0,0,0,0,0
7.101398,0,0,0,0,0,0
7.102564,0,0,0,0,0,0
7.103845,0,0,0,0,0,0
7.105113,0,0,0,0,0,0
7.106542,0,0,0,0,0,0
7.108077,0,0,0,0,0,0
7.109552,0,0,0,0,0,0
7.111032,0,0,0,0,0,0
7.112599,0,0,0,0,0,0
7.114161,0,0,0,0,0,0
7.115777,0,0,0,0,0,0
7.117665,0,0,0,0,0,0
7.119405,0,0,0,0,0,0
7.121024,0,0,0,0,0,0
7.122605,0,0,0,0,0,0
7.124382,0,0,0,0,0,0
7.125702,0,0,0,0,0,0
7.126891,0,0,0,0,0,0
7.128450,0,0,0,0,0,0
7.129768,0,0,0,0,0,0
7.131230,0,0,0,0,0,0
7.132990,0,0,0,0,0,0
7.134386,0,0,0,0,0,0
7.135872,0,0,0,0,0,0
7.137429,0,0,0,0,0,0
7.138964,0,0,0,0,0,0
7.140440,0,0,0,0,0,0
7.142244,0,0,0,0,0,0
7.143959,0,0,0,0,0,0
7.145530,0,0,0,0,0,0
7.147049,0,0,0,0,0,0
7.148491,0,0,0,0,0,0
7.149783,0,0,0,0,0,0
7.150934,0,0,0,0,0,0
7.152231,0,0,0,0,0,0
7.153389,0,0,0,0,0,0
7.154547,0,0,0,0,0,0
7.156076,0,0,0,0,0,0
7.157447,0,0,0,0,0,0
7.159940,0,0,0,0,0,0
7.161127,0,0,0,0,0,0
7.162336,0,0,0,0,0,0
7.163665,0,0,0,0,0,0
7.165150,0,0,0,0,0,0
7.166631,0,0,0,0,0,0
7.168075,0,0,0,0,0,0
7.169570,0,0,0,0,0,0
7.171149,0,0,0,0,0,0
7.172558,0,0,0,0,0,0
7.174004,0,0,0,0,0,0
7.175447,0,0,0,0,0,0
7.176970,0,0,0,0,0,0
7.178406,0,0,0,0,0,0
7.179849,0,0,0,0,0,0
7.181269,0,0,0,0,0,0
7.182711,0,0,0,0,0,0
7.184117,0,0,0,0,0,0
7.185578,0,0,0,0,0,0
7.186998,0,0,0,0,0,0
7.188316,0,0,0,0,0,0
7.189571,0,0,0,0,0,0
7.190823,0,0,0,0,0,0
7.192078,0,0,0,0,0,0
7.193340,0,0,0,0,0,0
7.194595,0,0,0,0,0,0
7.196134,0,0,0,0,0,0
7.197342,0,0,0,0,0,0
7.198557,0,0,0,0,0,0
7.200105,0,0,0,0,0,0
7.202364,0,0,0,0,0,0
7.204149,0,0,0,0,0,0
7.205859,0,0,0,0,0,0
7.207365,0,0,0,0,0,0
7.208542,0,0,0,0,0,0
7.209732,0,0,0,0,0,0
7.210961,0,0,0,0,0,0
7.212167,0,0,0,0,0,0
7.213339,0,0,0,0,0,0
7.214567,0,0,0,0,0,0
7.216060,0,0,0,0,0,0
7.217541,0,0,0,0,0,0
7.219070,0,0,0,0,0,0
7.221735,0,0,0,0,0,0
7.223999,0,0,0,0,0,0
7.225680,0,0,0,0,0,0
7.227276,0,0,0,0,0,0
7.229207,0,0,0,0,0,0
7.230851,0,0,0,0,0,0
7.232431,0,0,0,0,0,0
7.233865,0,0,0,0,0,0
7.235352,0,0,0,0,0,0
7.236828,0,0,0,0,0,0
7.238257,0,0,0,0,0,0
7.239706,0,0,0,0,0,0
7.241164,0,0,0,0,0,0
7.242627,0,0,0,0,0,0
7.244073,0,0,0,0,0,0
7.245470,0,0,0,0,0,0
7.246889,0,0,0,0,0,0
7.248142,0,0,0,0,0,0
7.249396,0,0,0,0,0,0
7.250808,0,0,0,0,0,0
7.251987,0,0,0,0,0,0
7.253257,0,0,0,0,0,0
7.254523,0,0,0,0,0,0
7.255670,0,0,0,0,0,0
7.256931,0,0,0,0,0,0
7.258075,0,0,0,0,0,0
7.259216,0,0,0,0,0,0
7.260474,0,0,0,0,0,0
7.261733,0,0,0,0,0,0
7.263004,0,0,0,0,0,0
7.264284,0,0,0,0,0,0
7.265443,0,0,0,0,0,0
7.266581,0,0,0,0,0,0
7.267863,0,0,0,0,0,0
7.269222,0,0,0,0,0,0
7.270617,0,0,0,0,0,0
7.272002,0,0,0,0,0,0
7.273177,0,0,0,0,0,0
7.274424,0,0,0,0,0,0
7.276060,0,0,0,0,0,0
7.277553,0,0,0,0,0,0
7.278880,0,0,0,0,0,0
7.280049,0,0,0,0,0,0
7.281230,0,0,0,0,0,0
7.282402,0,0,0,0,0,0
7.283570,0,0,0,0,0,0
7.285430,0,0,0,0,0,0
7.286823,0,0,0,0,0,0
7.287993,0,0,0,0,0,0
7.289343,0,0,0,0,0,0
7.290567,0,0,0,0,0,0
7.291771,0,0,0,0,0,0
7.292943,0,0,0,0,0,0
7.294119,0,0,0,0,0,0
7.295295,0,0,0,0,0,0
7.297232,0,0,0,0,0,0
7.298447,0,0,0,0,0,0
7.299788,0,0,0,0,0,0
7.301017,0,0,0,0,0,0
7.302383,0,0,0,0,0,0
7.303983,0,0,0,0,0,0
7.305308,0,0,0,0,0,0
7.306477,0,0,0,0,0,0
7.307649,0,0,0,0,0,0
7.308988,0,0,0,0,0,0
7.310166,0,0,0,0,0,0
7.311442,0,0,0,0,0,0
7.312618,0,0,0,0,0,0
7.313782,0,0,0,0,0,0
7.315006,0,0,0,0,0,0
7.316190,0,0,0,0,0,0
7.317363,0,0,0,0,0,0
7.318543,0,0,0,0,0,0
7.319918,0,0,0,0,0,0
7.321092,0,0,0,0,0,0
7.322605,0,0,0,0,0,0
7.325112,0,0,0,0,0,0
7.327823,0,0,0,0,0,0
7.330288,0,0,0,0,0,0
7.332011,0,0,0,0,0,0
7.333461,0,0,0,0,0,0
7.334855,0,0,0,0,0,0
7.336245,0,0,0,0,0,0
7.337707,0,0,0,0,0,0
7.339277,0,0,0,0,0,0
7.340839,0,0,0,0,0,0
7.342334,0,0,0,0,0,0
7.343786,0,0,0,0,0,0
7.345201,0,0,0,0,0,0
7.346619,0,0,0,0,0,0
7.348104,0,0,0,0,0,0
7.349362,0,0,0,0,0,0
7.350619,0,0,0,0,0,0
7.351878,0,0,0,0,0,0
7.353175,0,0,0,0,0,0
7.354432,0,0,0,0,0,0
7.355730,0,0,0,0,0,0
7.356947,0,0,0,0,0,0
7.358179,0,0,0,0,0,0
7.359355,0,0,0,0,0,0
7.360530,0,0,0,0,0,0
7.361704,0,0,0,0,0,0
7.363380,0,0,0,0,0,0
7.365180,0,0,0,0,0,0
7.366797,0,0,0,0,0,0
7.368301,0,0,0,0,0,0
7.369474,0,0,0,0,0,0
7.370648,0,0,0,0,0,0
7.372031,0,0,0,0,0,0
7.373215,0,0,0,0,0,0
7.374546,0,0,0,0,0,0
7.376153,0,0,0,0,0,0
7.377978,0,0,0,0,0,0
7.379510,0,0,0,0,0,0
7.381058,0,0,0,0,0,0
7.382686,0,0,0,0,0,0
7.384167,0,0,0,0,0,0
7.385682,0,0,0,0,0,0
7.387276,0,0,0,0,0,0
7.388926,0,0,0,0,0,0
7.390376,0,0,0,0,0,0
7.391972,0,0,0,0,0,0
7.393393,0,0,0,0,0,0
7.394837,0,0,0,0,0,0
7.396234,0,0,0,0,0,0
7.397683,0,0,0,0,0,0
7.399063,0,0,0,0,0,0
7.400467,0,0,0,0,0,0
7.401887,0,0,0,0,0,0
7.403301,0,0,0,0,0,0
7.404746,0,0,0,0,0,0
7.406236,0,0,0,0,0,0
7.407838,0,0,0,0,0,0
7.409240,0,0,0,0,0,0
7.410638,0,0,0,0,0,0
7.412122,0,0,0,0,0,0
7.413527,0,0,0,0,0,0
7.414916,0,0,0,0,0,0
7.416304,0,0,0,0,0,0
7.417697,0,0,0,0,0,0
7.419119,0,0,0,0,0,0
7.420497,0,0,0,0,0,0
7.421878,0,0,0,0,0,0
7.423256,0,0,0,0,0,0
7.424635,0,0,0,0,0,0
7.426014,0,0,0,0,0,0
7.427396,0,0,0,0,0,0
7.428816,0,0,0,0,0,0
7.430197,0,0,0,0,0,0
7.431580,0,0,0,0,0,0
7.432985,0,0,0,0,0,0
7.434408,0,0,0,0,0,0
7.435786,0,0,0,0,0,0
7.437213,0,0,0,0,0,0
7.438653,0,0,0,0,0,0
7.440040,0,0,0,0,0,0
7.441419,0,0,0,0,0,0
7.442826,0,0,0,0,0,0
7.444208,0,0,0,0,0,0
7.445614,0,0,0,0,0,0
7.446994,0,0,0,0,0,0
7.448375,0,0,0,0,0,0
7.449754,0,0,0,0,0,0
7.451163,0,0,0,0,0,0
7.452543,0,0,0,0,0,0
7.453926,0,0,0,0,0,0
7.455329,0,0,0,0,0,0
7.456828,0,0,0,0,0,0
7.458208,0,0,0,0,0,0
7.459589,0,0,0,0,0,0
7.460974,0,0,0,0,0,0
7.462358,0,0,0,0,0,0
7.463751,0,0,0,0,0,0
7.465131,0,0,0,0,0,0
7.466512,0,0,0,0,0,0
7.467920,0,0,0,0,0,0
7.469299,0,0,0,0,0,0
7.470684,0,0,0,0,0,0
7.472079,0,0,0,0,0,0
7.473481,0,0,0,0,0,0
7.474891,0,0,0,0,0,0
7.476277,0,0,0,0,0,0
7.477668,0,0,0,0,0,0
7.479150,0,0,0,0,0,0
7.480531,0,0,0,0,0,0
7.482009,0,0,0,0,0,0
7.483426,0,0,0,0,0,0
7.484818,0,0,0,0,0,0
7.486198,0,0,0,0,0,0
7.487597,0,0,0,0,0,0
7.489106,0,0,0,0,0,0
7.490488,0,0,0,0,0,0
7.491893,0,0,0,0,0,0
7.493311,0,0,0,0,0,0
7.494689,0,0,0,0,0,0
7.496082,0,0,0,0,0,0
7.497457,0,0,0,0,0,0
7.498859,0,0,0,0,0,0
7.500238,0,0,0,0,0,0
7.501619,0,0,0,0,0,0
7.502999,0,0,0,0,0,0
7.504440,0,0,0,0,0,0
7.505806,0,0,0,0,0,0
7.507236,0,0,0,0,0,0
7.508613,0,0,0,0,0,0
7.510005,0,0,0,0,0,0
7.511387,0,0,0,0,0,0
7.512831,0,0,0,0,0,0
7.514212,0,0,0,0,0,0
7.515669,0,0,0,0,0,0
7.517046,0,0,0,0,0,0
7.518434,0,0,0,0,0,0
7.519813,0,0,0,0,0,0
7.521255,0,0,0,0,0,0
7.522638,0,0,0,0,0,0
7.524025,0,0,0,0,0,0
7.525839,0,0,0,0,0,0
7.527298,0,0,0,0,0,0
7.528778,0,0,0,0,0,0
7.530177,0,0,0,0,0,0
7.531572,0,0,0,0,0,0
7.532877,0,0,0,0,0,0
7.534093,0,0,0,0,0,0
7.535433,0,0,0,0,0,0
7.536777,0,0,0,0,0,0
7.538076,0,0,0,0,0,0
7.539387,0,0,0,0,0,0
7.540742,0,0,0,0,0,0
7.542089,0,0,0,0,0,0
7.543433,0,0,0,0,0,0
7.544860,0,0,0,0,0,0
7.546203,0,0,0,0,0,0
7.547558,0,0,0,0,0,0
7.549000,0,0,0,0,0,0
7.550363,0,0,0,0,0,0
7.551780,0,0,0,0,0,0
7.553147,0,0,0,0,0,0
7.554442,0,0,0,0,0,0
7.555788,0,0,0,0,0,0
7.557131,0,0,0,0,0,0
7.558431,0,0,0,0,0,0
7.559774,0,0,0,0,0,0
7.561123,0,0,0,0,0,0
7.562416,0,0,0,0,0,0
7.563759,0,0,0,0,0,0
7.565100,0,0,0,0,0,0
7.566393,0,0,0,0,0,0
7.567683,0,0,0,0,0,0
7.568974,0,0,0,0,0,0
7.570265,0,0,0,0,0,0
7.571561,0,0,0,0,0,0
7.572854,0,0,0,0,0,0
7.574153,0,0,0,0,0,0
7.575512,0,0,0,0,0,0
7.576804,0,0,0,0,0,0
7.578151,0,0,0,0,0,0
7.579496,0,0,0,0,0,0
7.580842,0,0,0,0,0,0
7.582195,0,0,0,0,0,0
7.583485,0,0,0,0,0,0
7.584781,0,0,0,0,0,0
7.586121,0,0,0,0,0,0
7.587411,0,0,0,0,0,0
7.588700,0,0,0,0,0,0
7.589989,0,0,0,0,0,0
7.591279,0,0,0,0,0,0
7.592573,0,0,0,0,0,0
7.593861,0,0,0,0,0,0
7.595152,0,0,0,0,0,0
7.596441,0,0,0,0,0,0
7.597735,0,0,0,0,0,0
7.599076,0,0,0,0,0,0
7.600368,0,0,0,0,0,0
7.601660,0,0,0,0,0,0
7.602981,0,0,0,0,0,0
7.604344,0,0,0,0,0,0
7.605681,0,0,0,0,0,0
7.606975,0,0,0,0,0,0
7.608316,0,0,0,0,0,0
7.609606,0,0,0,0,0,0
7.610947,0,0,0,0,0,0
7.612291,0,0,0,0,0,0
7.613588,0,0,0,0,0,0
7.614881,0,0,0,0,0,0
7.616218,0,0,0,0,0,0
7.617514,0,0,0,0,0,0
7.618803,0,0,0,0,0,0
7.620094,0,0,0,0,0,0
7.621383,0,0,0,0,0,0
7.622673,0,0,0,0,0,0
7.624018,0,0,0,0,0,0
7.625306,0,0,0,0,0,0
7.626593,0,0,0,0,0,0
7.627991,0,0,0,0,0,0
7.629482,0,0,0,0,0,0
7.630692,0,0,0,0,0,0
7.631909,0,0,0,0,0,0
7.633180,0,0,0,0,0,0
7.634402,0,0,0,0,0,0
7.635682,0,0,0,0,0,0
7.636956,0,0,0,0,0,0
7.638177,0,0,0,0,0,0
7.639400,0,0,0,0,0,0
7.640612,0,0,0,0,0,0
7.641830,0,0,0,0,0,0
7.643050,0,0,0,0,0,0
7.644275,0,0,0,0,0,0
7.645500,0,0,0,0,0,0
7.646734,0,0,0,0,0,0
7.647958,0,0,0,0,0,0
7.649183,0,0,0,0,0,0
7.650407,0,0,0,0,0,0
7.651759,0,0,0,0,0,0
7.653063,0,0,0,0,0,0
7.654378,0,0,0,0,0,0
7.655748,0,0,0,0,0,0
7.657122,0,0,0,0,0,0
7.658420,0,0,0,0,0,0
7.659774,0,0,0,0,0,0
7.661261,0,0,0,0,0,0
7.662553,0,0,0,0,0,0
7.664024,0,0,0,0,0,0
7.665391,0,0,0,0,0,0
7.666681,0,0,0,0,0,0
7.668018,0,0,0,0,0,0
7.669497,0,0,0,0,0,0
7.671021,0,0,0,0,0,0
7.672434,0,0,0,0,0,0
7.673782,0,0,0,0,0,0
7.675164,0,0,0,0,0,0
7.676425,0,0,0,0,0,0
7.677687,0,0,0,0,0,0
7.678953,0,0,0,0,0,0
7.680261,0,0,0,0,0,0
7.681520,0,0,0,0,0,0
7.682868,0,0,0,0,0,0
7.684149,0,0,0,0,0,0
7.685462,0,0,0,0,0,0
7.686740,0,0,0,0,0,0
7.688017,0,0,0,0,0,0
7.689276,0,0,0,0,0,0
7.690547,0,0,0,0,0,0
7.692028,0,0,0,0,0,0
7.693317,0,0,0,0,0,0
7.694683,0,0,0,0,0,0
7.695987,0,0,0,0,0,0
7.697296,0,0,0,0,0,0
7.698590,0,0,0,0,0,0
7.700133,0,0,0,0,0,0
7.701432,0,0,0,0,0,0
7.703359,0,0,0,0,0,0
7.704879,0,0,0,0,0,0
7.706205,0,0,0,0,0,0
7.707709,0,0,0,0,0,0
7.709006,0,0,0,0,0,0
7.710298,0,0,0,0,0,0
7.711957,0,0,0,0,0,0
7.713267,0,0,0,0,0,0
7.714561,0,0,0,0,0,0
7.715858,0,0,0,0,0,0
7.717297,0,0,0,0,0,0
7.718596,0,0,0,0,0,0
7.719950,0,0,0,0,0,0
7.721420,0,0,0,0,0,0
7.722592,0,0,0,0,0,0
7.723856,0,0,0,0,0,0
7.725025,0,0,0,0,0,0
7.726200,0,0,0,0,0,0
7.727382,0,0,0,0,0,0
7.728614,0,0,0,0,0,0
7.729887,0,0,0,0,0,0
7.731131,0,0,0,0,0,0
7.732308,0,0,0,0,0,0
7.733475,0,0,0,0,0,0
7.734662,0,0,0,0,0,0
7.735850,0,0,0,0,0,0
7.737023,0,0,0,0,0,0
7.738200,0,0,0,0,0,0
7.739438,0,0,0,0,0,0
7.740608,0,0,0,0,0,0
7.741783,0,0,0,0,0,0
7.742953,0,0,0,0,0,0
7.744126,0,0,0,0,0,0
7.745442,0,0,0,0,0,0
7.746613,0,0,0,0,0,0
7.748079,0,0,0,0,0,0
7.749256,0,0,0,0,0,0
7.750463,0,0,0,0,0,0
7.751641,0,0,0,0,0,0
7.753000,0,0,0,0,0,0
7.754247,0,0,0,0,0,0
7.755421,0,0,0,0,0,0
7.756589,0,0,0,0,0,0
7.757758,0,0,0,0,0,0
7.758926,0,0,0,0,0,0
7.760248,0,0,0,0,0,0
7.761423,0,0,0,0,0,0
7.762597,0,0,0,0,0,0
7.763785,0,0,0,0,0,0
7.764937,0,0,0,0,0,0
7.766091,0,0,0,0,0,0
7.767405,0,0,0,0,0,0
7.768558,0,0,0,0,0,0
7.769710,0,0,0,0,0,0
7.770928,0,0,0,0,0,0
7.772164,0,0,0,0,0,0
7.773339,0,0,0,0,0,0
7.774514,0,0,0,0,0,0
7.775743,0,0,0,0,0,0
7.776918,0,0,0,0,0,0
7.778356,0,0,0,0,0,0
7.779613,0,0,0,0,0,0
7.780847,0,0,0,0,0,0
7.782209,0,0,0,0,0,0
7.783775,0,0,0,0,0,0
7.784952,0,0,0,0,0,0
7.786121,0,0,0,0,0,0
7.787297,0,0,0,0,0,0
7.788464,0,0,0,0,0,0
7.789641,0,0,0,0,0,0
7.790816,0,0,0,0,0,0
7.792136,0,0,0,0,0,0
7.793523,0,0,0,0,0,0
7.794802,0,0,0,0,0,0
7.795977,0,0,0,0,0,0
7.797150,0,0,0,0,0,0
7.798325,0,0,0,0,0,0
7.799502,0,0,0,0,0,0
7.800682,0,0,0,0,0,0
7.801857,0,0,0,0,0,0
7.803146,0,0,0,0,0,0
7.804321,0,0,0,0,0,0
7.805641,0,0,0,0,0,0
7.806817,0,0,0,0,0,0
7.807991,0,0,0,0,0,0
7.809163,0,0,0,0,0,0
7.810337,0,0,0,0,0,0
7.811511,0,0,0,0,0,0
7.812780,0,0,0,0,0,0
7.814196,0,0,0,0,0,0
7.815370,0,0,0,0,0,0
7.816549,0,0,0,0,0,0
7.817717,0,0,0,0,0,0
7.818939,0,0,0,0,0,0
7.820111,0,0,0,0,0,0
7.822593,0,0,0,0,0,0
7.823771,0,0,0,0,0,0
7.824944,0,0,0,0,0,0
7.826176,0,0,0,0,0,0
7.827396,0,0,0,0,0,0
7.828569,0,0,0,0,0,0
7.830031,0,0,0,0,0,0
7.831207,0,0,0,0,0,0
7.832393,0,0,0,0,0,0
7.833898,0,0,0,0,0,0
7.835316,0,0,0,0,0,0
7.836727,0,0,0,0,0,0
7.837976,0,0,0,0,0,0
7.839154,0,0,0,0,0,0
7.840321,0,0,0,0,0,0
7.841488,0,0,0,0,0,0
7.843024,0,0,0,0,0,0
7.844198,0,0,0,0,0,0
7.845646,0,0,0,0,0,0
7.846963,0,0,0,0,0,0
7.848252,0,0,0,0,0,0
7.849434,0,0,0,0,0,0
7.850610,0,0,0,0,0,0
7.851785,0,0,0,0,0,0
7.852964,0,0,0,0,0,0
7.854142,0,0,0,0,0,0
7.855372,0,0,0,0,0,0
7.856610,0,0,0,0,0,0
7.857781,0,0,0,0,0,0
7.859077,0,0,0,0,0,0
7.860247,0,0,0,0,0,0
7.861411,0,0,0,0,0,0
7.862613,0,0,0,0,0,0
7.863796,0,0,0,0,0,0
7.864968,0,0,0,0,0,0
7.866143,0,0,0,0,0,0
7.867310,0,0,0,0,0,0
7.868483,0,0,0,0,0,0
7.869661,0,0,0,0,0,0
7.870833,0,0,0,0,0,0
7.872002,0,0,0,0,0,0
7.873169,0,0,0,0,0,0
7.874335,0,0,0,0,0,0
7.875501,0,0,0,0,0,0
7.878807,0,0,0,0,0,0
7.881253,0,0,0,0,0,0
7.882454,0,0,0,0,0,0
7.883676,0,0,0,0,0,0
7.884810,0,0,0,0,0,0
7.885937,0,0,0,0,0,0
7.887061,0,0,0,0,0,0
7.888188,0,0,0,0,0,0
7.889309,0,0,0,0,0,0
7.890431,0,0,0,0,0,0
7.891685,0,0,0,0,0,0
7.892880,0,0,0,0,0,0
7.894053,0,0,0,0,0,0
7.895223,0,0,0,0,0,0
7.896397,0,0,0,0,0,0
7.897564,0,0,0,0,0,0
7.898790,0,0,0,0,0,0
7.899963,0,0,0,0,0,0
7.901128,0,0,0,0,0,0
7.902819,0,0,0,0,0,0
7.904241,0,0,0,0,0,0
7.905549,0,0,0,0,0,0
7.906798,0,0,0,0,0,0
7.907976,0,0,0,0,0,0
7.909148,0,0,0,0,0,0
7.910316,0,0,0,0,0,0
7.911489,0,0,0,0,0,0
7.912658,0,0,0,0,0,0
7.914017,0,0,0,0,0,0
7.915254,0,0,0,0,0,0
7.916463,0,0,0,0,0,0
7.917643,0,0,0,0,0,0
7.918816,0,0,0,0,0,0
7.919991,0,0,0,0,0,0
7.921161,0,0,0,0,0,0
7.922519,0,0,0,0,0,0
7.923755,0,0,0,0,0,0
7.925215,0,0,0,0,0,0
7.926395,0,0,0,0,0,0
7.927570,0,0,0,0,0,0
7.928871,0,0,0,0,0,0
7.930041,0,0,0,0,0,0
7.932028,0,0,0,0,0,0
7.933199,0,0,0,0,0,0
7.934369,0,0,0,0,0,0
7.935810,0,0,0,0,0,0
7.937174,0,0,0,0,0,0
7.938369,0,0,0,0,0,0
7.939573,0,0,0,0,0,0
7.940787,0,0,0,0,0,0
7.941968,0,0,0,0,0,0
7.943145,0,0,0,0,0,0
7.944324,0,0,0,0,0,0
7.945498,0,0,0,0,0,0
7.946667,0,0,0,0,0,0
7.947830,0,0,0,0,0,0
7.948982,0,0,0,0,0,0
7.950104,0,0,0,0,0,0
7.951267,0,0,0,0,0,0
7.952423,0,0,0,0,0,0
7.953577,0,0,0,0,0,0
7.954793,0,0,0,0,0,0
7.956495,0,0,0,0,0,0
7.957862,0,0,0,0,0,0
7.960014,0,0,0,0,0,0
7.961226,0,0,0,0,0,0
7.962575,0,0,0,0,0,0
7.963814,0,0,0,0,0,0
7.964989,0,0,0,0,0,0
7.966159,0,0,0,0,0,0
7.967375,0,0,0,0,0,0
7.968604,0,0,0,0,0,0
7.969781,0,0,0,0,0,0
7.971010,0,0,0,0,0,0
7.972184,0,0,0,0,0,0
7.973352,0,0,0,0,0,0
7.974521,0,0,0,0,0,0
7.975842,0,0,0,0,0,0
7.977438,0,0,0,0,0,0
7.978885,0,0,0,0,0,0
7.980087,0,0,0,0,0,0
7.981258,0,0,0,0,0,0
7.982441,0,0,0,0,0,0
7.983614,0,0,0,0,0,0
7.984791,0,0,0,0,0,0
7.985964,0,0,0,0,0,0
7.987138,0,0,0,0,0,0
7.988310,0,0,0,0,0,0
7.989671,0,0,0,0,0,0
7.991399,0,0,0,0,0,0
7.992622,0,0,0,0,0,0
7.993809,0,0,0,0,0,0
7.995045,0,0,0,0,0,0
7.996220,0,0,0,0,0,0
7.997389,0,0,0,0,0,0
7.998711,0,0,0,0,0,0
8.000373,0,0,0,0,0,0
8.001559,0,0,0,0,0,0
8.002799,0,0,0,0,0,0
8.003980,0,0,0,0,0,0
8.005158,0,0,0,0,0,0
8.006327,0,0,0,0,0,0
8.007496,0,0,0,0,0,0
8.008668,0,0,0,0,0,0
8.009837,0,0,0,0,0,0
8.011262,0,0,0,0,0,0
8.012728,0,0,0,0,0,0
8.013916,0,0,0,0,0,0
8.015093,0,0,0,0,0,0
8.016269,0,0,0,0,0,0
8.017439,0,0,0,0,0,0
8.018609,0,0,0,0,0,0
8.019837,0,0,0,0,0,0
8.021005,0,0,0,0,0,0
8.022358,0,0,0,0,0,0
8.023862,0,0,0,0,0,0
8.025931,0,0,0,0,0,0
8.027238,0,0,0,0,0,0
8.028608,0,0,0,0,0,0
8.032222,0,0,0,0,0,0
8.033443,0,0,0,0,0,0
8.034628,0,0,0,0,0,0
8.035806,0,0,0,0,0,0
8.036975,0,0,0,0,0,0
8.038141,0,0,0,0,0,0
8.039308,0,0,0,0,0,0
8.040482,0,0,0,0,0,0
8.041653,0,0,0,0,0,0
8.043279,0,0,0,0,0,0
8.044493,0,0,0,0,0,0
8.045680,0,0,0,0,0,0
8.046865,0,0,0,0,0,0
8.048045,0,0,0,0,0,0
8.049632,0,0,0,0,0,0
8.051005,0,0,0,0,0,0
8.052227,0,0,0,0,0,0
8.053404,0,0,0,0,0,0
8.054571,0,0,0,0,0,0
8.055741,0,0,0,0,0,0
8.056916,0,0,0,0,0,0
8.058283,0,0,0,0,0,0
8.059467,0,0,0,0,0,0
8.060641,0,0,0,0,0,0
8.061793,0,0,0,0,0,0
8.062947,0,0,0,0,0,0
8.064109,0,0,0,0,0,0
8.065263,0,0,0,0,0,0
8.066418,0,0,0,0,0,0
8.068000,0,0,0,0,0,0
8.069191,0,0,0,0,0,0
8.070557,0,0,0,0,0,0
8.071737,0,0,0,0,0,0
8.073095,0,0,0,0,0,0
8.074270,0,0,0,0,0,0
8.075563,0,0,0,0,0,0
8.076854,0,0,0,0,0,0
8.078031,0,0,0,0,0,0
8.079206,0,0,0,0,0,0
8.080376,0,0,0,0,0,0
8.081547,0,0,0,0,0,0
8.082855,0,0,0,0,0,0
8.084025,0,0,0,0,0,0
8.085544,0,0,0,0,0,0
8.086778,0,0,0,0,0,0
8.087992,0,0,0,0,0,0
8.089385,0,0,0,0,0,0
8.090639,0,0,0,0,0,0
8.092012,0,0,0,0,0,0
8.093255,0,0,0,0,0,0
8.094475,0,0,0,0,0,0
8.095668,0,0,0,0,0,0
8.096842,0,0,0,0,0,0
8.098017,0,0,0,0,0,0
8.099194,0,0,0,0,0,0
8.100371,0,0,0,0,0,0
8.101910,0,0,0,0,0,0
8.103158,0,0,0,0,0,0
8.104370,0,0,0,0,0,0
8.105548,0,0,0,0,0,0
8.106781,0,0,0,0,0,0
8.108131,0,0,0,0,0,0
8.109619,0,0,0,0,0,0
8.111116,0,0,0,0,0,0
8.112844,0,0,0,0,0,0
8.114020,0,0,0,0,0,0
8.115251,0,0,0,0,0,0
8.116427,0,0,0,0,0,0
8.117689,0,0,0,0,0,0
8.118917,0,0,0,0,0,0
8.120093,0,0,0,0,0,0
8.121263,0,0,0,0,0,0
8.122434,0,0,0,0,0,0
8.123775,0,0,0,0,0,0
8.124953,0,0,0,0,0,0
8.126122,0,0,0,0,0,0
8.127291,0,0,0,0,0,0
8.128568,0,0,0,0,0,0
8.129745,0,0,0,0,0,0
8.130974,0,0,0,0,0,0
8.132147,0,0,0,0,0,0
8.135889,0,0,0,0,0,0
8.137056,0,0,0,0,0,0
8.138280,0,0,0,0,0,0
8.139709,0,0,0,0,0,0
8.140958,0,0,0,0,0,0
8.142138,0,0,0,0,0,0
8.143270,0,0,0,0,0,0
8.144399,0,0,0,0,0,0
8.145536,0,0,0,0,0,0
8.146657,0,0,0,0,0,0
8.147830,0,0,0,0,0,0
8.149000,0,0,0,0,0,0
8.150153,0,0,0,0,0,0
8.151305,0,0,0,0,0,0
8.152458,0,0,0,0,0,0
8.153612,0,0,0,0,0,0
8.155005,0,0,0,0,0,0
8.156161,0,0,0,0,0,0
8.157312,0,0,0,0,0,0
8.158472,0,0,0,0,0,0
8.159756,0,0,0,0,0,0
8.161032,0,0,0,0,0,0
8.162183,0,0,0,0,0,0
8.163351,0,0,0,0,0,0
8.164567,0,0,0,0,0,0
8.165798,0,0,0,0,0,0
8.167177,0,0,0,0,0,0
8.168355,0,0,0,0,0,0
8.169534,0,0,0,0,0,0
8.170709,0,0,0,0,0,0
8.172190,0,0,0,0,0,0
8.173429,0,0,0,0,0,0
8.174606,0,0,0,0,0,0
8.175786,0,0,0,0,0,0
8.176961,0,0,0,0,0,0
8.178133,0,0,0,0,0,0
8.179352,0,0,0,0,0,0
8.180567,0,0,0,0,0,0
8.181971,0,0,0,0,0,0
8.183146,0,0,0,0,0,0
8.184322,0,0,0,0,0,0
8.185497,0,0,0,0,0,0
8.186672,0,0,0,0,0,0
8.187851,0,0,0,0,0,0
8.189280,0,0,0,0,0,0
8.190452,0,0,0,0,0,0
8.191765,0,0,0,0,0,0
8.193007,0,0,0,0,0,0
8.194237,0,0,0,0,0,0
8.195465,0,0,0,0,0,0
8.196642,0,0,0,0,0,0
8.197817,0,0,0,0,0,0
8.199204,0,0,0,0,0,0
8.200595,0,0,0,0,0,0
8.201769,0,0,0,0,0,0
8.202992,0,0,0,0,0,0
8.204190,0,0,0,0,0,0
8.205557,0,0,0,0,0,0
8.206731,0,0,0,0,0,0
8.207939,0,0,0,0,0,0
8.209135,0,0,0,0,0,0
8.210309,0,0,0,0,0,0
8.211488,0,0,0,0,0,0
8.212803,0,0,0,0,0,0
8.214046,0,0,0,0,0,0
8.215223,0,0,0,0,0,0
8.216440,0,0,0,0,0,0
8.219822,0,0,0,0,0,0
8.221004,0,0,0,0,0,0
8.222175,0,0,0,0,0,0
8.223344,0,0,0,0,0,0
8.224514,0,0,0,0,0,0
8.225684,0,0,0,0,0,0
8.226931,0,0,0,0,0,0
8.228172,0,0,0,0,0,0
8.229326,0,0,0,0,0,0
8.230476,0,0,0,0,0,0
8.231632,0,0,0,0,0,0
8.232817,0,0,0,0,0,0
8.233966,0,0,0,0,0,0
8.237531,0,0,0,0,0,0
8.238703,0,0,0,0,0,0
8.239877,0,0,0,0,0,0
8.241053,0,0,0,0,0,0
8.242228,0,0,0,0,0,0
8.243403,0,0,0,0,0,0
8.244580,0,0,0,0,0,0
8.245991,0,0,0,0,0,0
8.247166,0,0,0,0,0,0
8.248369,0,0,0,0,0,0
8.249753,0,0,0,0,0,0
8.250934,0,0,0,0,0,0
8.252226,0,0,0,0,0,0
8.253400,0,0,0,0,0,0
8.254576,0,0,0,0,0,0
8.255755,0,0,0,0,0,0
8.256934,0,0,0,0,0,0
8.258390,0,0,0,0,0,0
8.259740,0,0,0,0,0,0
8.260925,0,0,0,0,0,0
8.262101,0,0,0,0,0,0
8.263442,0,0,0,0,0,0
8.264710,0,0,0,0,0,0
8.265933,0,0,0,0,0,0
8.267160,0,0,0,0,0,0
8.268331,0,0,0,0,0,0
8.269515,0,0,0,0,0,0
8.270690,0,0,0,0,0,0
8.272024,0,0,0,0,0,0
8.273202,0,0,0,0,0,0
8.274377,0,0,0,0,0,0
8.275769,0,0,0,0,0,0
8.276948,0,0,0,0,0,0
8.278267,0,0,0,0,0,0
8.279445,0,0,0,0,0,0
8.280618,0,0,0,0,0,0
8.283120,0,0,0,0,0,0
8.284292,0,0,0,0,0,0
8.285465,0,0,0,0,0,0
8.286667,0,0,0,0,0,0
8.287841,0,0,0,0,0,0
8.289016,0,0,0,0,0,0
8.290277,0,0,0,0,0,0
8.291452,0,0,0,0,0,0
8.292626,0,0,0,0,0,0
8.293799,0,0,0,0,0,0
8.294974,0,0,0,0,0,0
8.296192,0,0,0,0,0,0
8.297421,0,0,0,0,0,0
8.298595,0,0,0,0,0,0
8.299769,0,0,0,0,0,0
8.300946,0,0,0,0,0,0
8.302123,0,0,0,0,0,0
8.303296,0,0,0,0,0,0
8.304496,0,0,0,0,0,0
8.305860,0,0,0,0,0,0
8.307059,0,0,0,0,0,0
8.308196,0,0,0,0,0,0
8.309323,0,0,0,0,0,0
8.310447,0,0,0,0,0,0
8.311628,0,0,0,0,0,0
8.312804,0,0,0,0,0,0
8.313978,0,0,0,0,0,0
8.315236,0,0,0,0,0,0
8.316413,0,0,0,0,0,0
8.317619,0,0,0,0,0,0
8.318950,0,0,0,0,0,0
8.320167,0,0,0,0,0,0
8.321319,0,0,0,0,0,0
8.322506,0,0,0,0,0,0
8.323753,0,0,0,0,0,0
8.324960,0,0,0,0,0,0
8.326134,0,0,0,0,0,0
8.327302,0,0,0,0,0,0
8.328469,0,0,0,0,0,0
8.329852,0,0,0,0,0,0
8.331206,0,0,0,0,0,0
8.332377,0,0,0,0,0,0
8.333551,0,0,0,0,0,0
8.334880,0,0,0,0,0,0
8.336264,0,0,0,0,0,0
8.337555,0,0,0,0,0,0
8.338891,0,0,0,0,0,0
8.340180,0,0,0,0,0,0
8.341642,0,0,0,0,0,0
8.342956,0,0,0,0,0,0
8.344158,0,0,0,0,0,0
8.345563,0,0,0,0,0,0
8.346797,0,0,0,0,0,0
8.347975,0,0,0,0,0,0
8.350466,0,0,0,0,0,0
8.351644,0,0,0,0,0,0
8.352822,0,0,0,0,0,0
8.353999,0,0,0,0,0,0
8.355227,0,0,0,0,0,0
8.356403,0,0,0,0,0,0
8.357588,0,0,0,0,0,0
8.358766,0,0,0,0,0,0
8.360119,0,0,0,0,0,0
8.361296,0,0,0,0,0,0
8.362470,0,0,0,0,0,0
8.363805,0,0,0,0,0,0
8.364978,0,0,0,0,0,0
8.366220,0,0,0,0,0,0
8.367967,0,0,0,0,0,0
8.369180,0,0,0,0,0,0
8.370360,0,0,0,0,0,0
8.371770,0,0,0,0,0,0
8.372948,0,0,0,0,0,0
8.374123,0,0,0,0,0,0
8.375515,0,0,0,0,0,0
8.376772,0,0,0,0,0,0
8.377947,0,0,0,0,0,0
8.379123,0,0,0,0,0,0
8.380301,0,0,0,0,0,0
8.381472,0,0,0,0,0,0
8.382643,0,0,0,0,0,0
8.383846,0,0,0,0,0,0
8.385017,0,0,0,0,0,0
8.386185,0,0,0,0,0,0
8.387700,0,0,0,0,0,0
8.388913,0,0,0,0,0,0
8.390090,0,0,0,0,0,0
8.391450,0,0,0,0,0,0
8.392670,0,0,0,0,0,0
8.393856,0,0,0,0,0,0
8.395282,0,0,0,0,0,0
8.396681,0,0,0,0,0,0
8.397879,0,0,0,0,0,0
8.399012,0,0,0,0,0,0
8.400184,0,0,0,0,0,0
8.401392,0,0,0,0,0,0
8.402559,0,0,0,0,0,0
8.403729,0,0,0,0,0,0
8.404834,0,0,0,0,0,0
8.406075,0,0,0,0,0,0
8.407178,0,0,0,0,0,0
8.408361,0,0,0,0,0,0
8.409528,0,0,0,0,0,0
8.410685,0,0,0,0,0,0
8.411839,0,0,0,0,0,0
8.412995,0,0,0,0,0,0
8.414298,0,0,0,0,0,0
8.415452,0,0,0,0,0,0
8.416606,0,0,0,0,0,0
8.417760,0,0,0,0,0,0
8.419115,0,0,0,0,0,0
8.420302,0,0,0,0,0,0
8.422571,0,0,0,0,0,0
8.423803,0,0,0,0,0,0
8.424980,0,0,0,0,0,0
8.426334,0,0,0,0,0,0
8.427507,0,0,0,0,0,0
8.429623,0,0,0,0,0,0
8.430869,0,0,0,0,0,0
8.432056,0,0,0,0,0,0
8.433226,0,0,0,0,0,0
8.434395,0,0,0,0,0,0
8.435572,0,0,0,0,0,0
8.436879,0,0,0,0,0,0
8.438055,0,0,0,0,0,0
8.439226,0,0,0,0,0,0
8.440405,0,0,0,0,0,0
8.441573,0,0,0,0,0,0
8.442793,0,0,0,0,0,0
8.444307,0,0,0,0,0,0
8.445538,0,0,0,0,0,0
8.446781,0,0,0,0,0,0
8.448023,0,0,0,0,0,0
8.449200,0,0,0,0,0,0
8.450523,0,0,0,0,0,0
8.451973,0,0,0,0,0,0
8.453147,0,0,0,0,0,0
8.454319,0,0,0,0,0,0
8.455681,0,0,0,0,0,0
8.457121,0,0,0,0,0,0
8.458303,0,0,0,0,0,0
8.459554,0,0,0,0,0,0
8.460862,0,0,0,0,0,0
8.462036,0,0,0,0,0,0
8.463208,0,0,0,0,0,0
8.464522,0,0,0,0,0,0
8.465698,0,0,0,0,0,0
8.466867,0,0,0,0,0,0
8.468273,0,0,0,0,0,0
8.469446,0,0,0,0,0,0
8.470613,0,0,0,0,0,0
8.471986,0,0,0,0,0,0
8.473366,0,0,0,0,0,0
8.474723,0,0,0,0,0,0
8.477040,0,0,0,0,0,0
8.478215,0,0,0,0,0,0
8.479390,0,0,0,0,0,0
8.480561,0,0,0,0,0,0
8.481755,0,0,0,0,0,0
8.482985,0,0,0,0,0,0
8.484499,0,0,0,0,0,0
8.485673,0,0,0,0,0,0
8.486840,0,0,0,0,0,0
8.488048,0,0,0,0,0,0
8.489262,0,0,0,0,0,0
8.490437,0,0,0,0,0,0
8.491601,0,0,0,0,0,0
8.492785,0,0,0,0,0,0
8.493937,0,0,0,0,0,0
8.495280,0,0,0,0,0,0
8.496470,0,0,0,0,0,0
8.497624,0,0,0,0,0,0
8.498830,0,0,0,0,0,0
8.500062,0,0,0,0,0,0
8.501226,0,0,0,0,0,0
8.502375,0,0,0,0,0,0
8.503526,0,0,0,0,0,0
8.504748,0,0,0,0,0,0
8.505898,0,0,0,0,0,0
8.507112,0,0,0,0,0,0
8.508287,0,0,0,0,0,0
8.509465,0,0,0,0,0,0
8.510639,0,0,0,0,0,0
8.511944,0,0,0,0,0,0
8.513120,0,0,0,0,0,0
8.514295,0,0,0,0,0,0
8.515467,0,0,0,0,0,0
8.516644,0,0,0,0,0,0
8.518031,0,0,0,0,0,0
8.519206,0,0,0,0,0,0
8.520469,0,0,0,0,0,0
8.521642,0,0,0,0,0,0
8.522865,0,0,0,0,0,0
8.524426,0,0,0,0,0,0
8.525689,0,0,0,0,0,0
8.527176,0,0,0,0,0,0
8.528424,0,0,0,0,0,0
8.529599,0,0,0,0,0,0
8.530821,0,0,0,0,0,0
8.531991,0,0,0,0,0,0
8.533159,0,0,0,0,0,0
8.534383,0,0,0,0,0,0
8.535616,0,0,0,0,0,0
8.536839,0,0,0,0,0,0
8.538165,0,0,0,0,0,0
8.539346,0,0,0,0,0,0
8.540523,0,0,0,0,0,0
8.541694,0,0,0,0,0,0
8.542871,0,0,0,0,0,0
8.544047,0,0,0,0,0,0
8.546486,0,0,0,0,0,0
8.547667,0,0,0,0,0,0
8.548843,0,0,0,0,0,0
8.550016,0,0,0,0,0,0
8.551190,0,0,0,0,0,0
8.552364,0,0,0,0,0,0
8.553539,0,0,0,0,0,0
8.554710,0,0,0,0,0,0
8.555932,0,0,0,0,0,0
8.557108,0,0,0,0,0,0
8.558285,0,0,0,0,0,0
8.559459,0,0,0,0,0,0
8.560719,0,0,0,0,0,0
8.561890,0,0,0,0,0,0
8.563207,0,0,0,0,0,0
8.564446,0,0,0,0,0,0
8.565807,0,0,0,0,0,0
8.567183,0,0,0,0,0,0
8.568411,0,0,0,0,0,0
8.569584,0,0,0,0,0,0
8.570812,0,0,0,0,0,0
8.571991,0,0,0,0,0,0
8.573351,0,0,0,0,0,0
8.574548,0,0,0,0,0,0
8.575685,0,0,0,0,0,0
8.576815,0,0,0,0,0,0
8.577938,0,0,0,0,0,0
8.579319,0,0,0,0,0,0
8.580493,0,0,0,0,0,0
8.581626,0,0,0,0,0,0
8.582765,0,0,0,0,0,0
8.583940,0,0,0,0,0,0
8.585079,0,0,0,0,0,0
8.586229,0,0,0,0,0,0
8.587403,0,0,0,0,0,0
8.588867,0,0,0,0,0,0
8.590045,0,0,0,0,0,0
8.591209,0,0,0,0,0,0
8.592364,0,0,0,0,0,0
8.593517,0,0,0,0,0,0
8.594670,0,0,0,0,0,0
8.595842,0,0,0,0,0,0
8.597010,0,0,0,0,0,0
8.598329,0,0,0,0,0,0
8.599503,0,0,0,0,0,0
8.600670,0,0,0,0,0,0
8.602028,0,0,0,0,0,0
8.603273,0,0,0,0,0,0
8.604707,0,0,0,0,0,0
8.605886,0,0,0,0,0,0
8.607060,0,0,0,0,0,0
8.608530,0,0,0,0,0,0
8.609703,0,0,0,0,0,0
8.610942,0,0,0,0,0,0
8.612119,0,0,0,0,0,0
8.613291,0,0,0,0,0,0
8.614465,0,0,0,0,0,0
8.615643,0,0,0,0,0,0
8.616817,0,0,0,0,0,0
8.618047,0,0,0,0,0,0
8.619224,0,0,0,0,0,0
8.620392,0,0,0,0,0,0
8.621573,0,0,0,0,0,0
8.622749,0,0,0,0,0,0
8.624137,0,0,0,0,0,0
8.625616,0,0,0,0,0,0
8.626842,0,0,0,0,0,0
8.628014,0,0,0,0,0,0
8.629368,0,0,0,0,0,0
8.630602,0,0,0,0,0,0
8.631785,0,0,0,0,0,0
8.632959,0,0,0,0,0,0
8.634125,0,0,0,0,0,0
8.635295,0,0,0,0,0,0
8.636471,0,0,0,0,0,0
8.637647,0,0,0,0,0,0
8.638949,0,0,0,0,0,0
8.640124,0,0,0,0,0,0
8.641619,0,0,0,0,0,0
8.642838,0,0,0,0,0,0
8.644015,0,0,0,0,0,0
8.645186,0,0,0,0,0,0
8.646583,0,0,0,0,0,0
8.647975,0,0,0,0,0,0
8.649154,0,0,0,0,0,0
8.650328,0,0,0,0,0,0
8.651502,0,0,0,0,0,0
8.652680,0,0,0,0,0,0
8.654007,0,0,0,0,0,0
8.655260,0,0,0,0,0,0
8.656494,0,0,0,0,0,0
8.657633,0,0,0,0,0,0
8.658840,0,0,0,0,0,0
8.660053,0,0,0,0,0,0
8.661266,0,0,0,0,0,0
8.662483,0,0,0,0,0,0
8.663833,0,0,0,0,0,0
8.665034,0,0,0,0,0,0
8.666170,0,0,0,0,0,0
8.667286,0,0,0,0,0,0
8.668409,0,0,0,0,0,0
8.669704,0,0,0,0,0,0
8.670874,0,0,0,0,0,0
8.672027,0,0,0,0,0,0
8.673184,0,0,0,0,0,0
8.674334,0,0,0,0,0,0
8.675500,0,0,0,0,0,0
8.676758,0,0,0,0,0,0
8.677934,0,0,0,0,0,0
8.679300,0,0,0,0,0,0
8.680549,0,0,0,0,0,0
8.681719,0,0,0,0,0,0
8.683184,0,0,0,0,0,0
8.684618,0,0,0,0,0,0
8.686229,0,0,0,0,0,0
8.687406,0,0,0,0,0,0
8.688677,0,0,0,0,0,0
8.689975,0,0,0,0,0,0
8.691210,0,0,0,0,0,0
8.692390,0,0,0,0,0,0
8.693563,0,0,0,0,0,0
8.694736,0,0,0,0,0,0
8.695913,0,0,0,0,0,0
8.697170,0,0,0,0,0,0
8.698525,0,0,0,0,0,0
8.699707,0,0,0,0,0,0
8.700878,0,0,0,0,0,0
8.702390,0,0,0,0,0,0
8.703565,0,0,0,0,0,0
8.704853,0,0,0,0,0,0
8.706028,0,0,0,0,0,0
8.707256,0,0,0,0,0,0
8.708434,0,0,0,0,0,0
8.709610,0,0,0,0,0,0
8.710779,0,0,0,0,0,0
8.712178,0,0,0,0,0,0
8.713607,0,0,0,0,0,0
8.714838,0,0,0,0,0,0
8.716024,0,0,0,0,0,0
8.717197,0,0,0,0,0,0
8.718582,0,0,0,0,0,0
8.719771,0,0,0,0,0,0
8.720944,0,0,0,0,0,0
8.722123,0,0,0,0,0,0
8.723312,0,0,0,0,0,0
8.724490,0,0,0,0,0,0
8.725665,0,0,0,0,0,0
8.726839,0,0,0,0,0,0
8.728017,0,0,0,0,0,0
8.729193,0,0,0,0,0,0
8.730365,0,0,0,0,0,0
8.731541,0,0,0,0,0,0
8.732837,0,0,0,0,0,0
8.734232,0,0,0,0,0,0
8.735624,0,0,0,0,0,0
8.736990,0,0,0,0,0,0
8.738171,0,0,0,0,0,0
8.739413,0,0,0,0,0,0
8.740580,0,0,0,0,0,0
8.741841,0,0,0,0,0,0
8.743191,0,0,0,0,0,0
8.744364,0,0,0,0,0,0
8.745577,0,0,0,0,0,0
8.746897,0,0,0,0,0,0
8.748052,0,0,0,0,0,0
8.749948,0,0,0,0,0,0
8.751349,0,0,0,0,0,0
8.753015,0,0,0,0,0,0
8.754166,0,0,0,0,0,0
8.755741,0,0,0,0,0,0
8.756974,0,0,0,0,0,0
8.758164,0,0,0,0,0,0
8.759299,0,0,0,0,0,0
8.760429,0,0,0,0,0,0
8.761554,0,0,0,0,0,0
8.762676,0,0,0,0,0,0
8.763799,0,0,0,0,0,0
8.764950,0,0,0,0,0,0
8.766137,0,0,0,0,0,0
8.767312,0,0,0,0,0,0
8.768487,0,0,0,0,0,0
8.769667,0,0,0,0,0,0
8.770884,0,0,0,0,0,0
8.772084,0,0,0,0,0,0
8.773266,0,0,0,0,0,0
8.774439,0,0,0,0,0,0
8.775619,0,0,0,0,0,0
8.776794,0,0,0,0,0,0
8.778137,0,0,0,0,0,0
8.779324,0,0,0,0,0,0
8.780688,0,0,0,0,0,0
8.782045,0,0,0,0,0,0
8.783225,0,0,0,0,0,0
8.784398,0,0,0,0,0,0
8.785572,0,0,0,0,0,0
8.786802,0,0,0,0,0,0
8.787978,0,0,0,0,0,0
8.789155,0,0,0,0,0,0
8.790329,0,0,0,0,0,0
8.791503,0,0,0,0,0,0
8.792676,0,0,0,0,0,0
8.793968,0,0,0,0,0,0
8.795198,0,0,0,0,0,0
8.796376,0,0,0,0,0,0
8.797552,0,0,0,0,0,0
8.798742,0,0,0,0,0,0
8.799926,0,0,0,0,0,0
8.801095,0,0,0,0,0,0
8.802261,0,0,0,0,0,0
8.803433,0,0,0,0,0,0
8.804872,0,0,0,0,0,0
8.806096,0,0,0,0,0,0
8.807274,0,0,0,0,0,0
8.808511,0,0,0,0,0,0
8.809684,0,0,0,0,0,0
8.811094,0,0,0,0,0,0
8.812315,0,0,0,0,0,0
8.813490,0,0,0,0,0,0
8.814667,0,0,0,0,0,0
8.815841,0,0,0,0,0,0
8.817015,0,0,0,0,0,0
8.818189,0,0,0,0,0,0
8.819365,0,0,0,0,0,0
8.820541,0,0,0,0,0,0
8.821709,0,0,0,0,0,0
8.822877,0,0,0,0,0,0
8.824731,0,0,0,0,0,0
8.825951,0,0,0,0,0,0
8.827337,0,0,0,0,0,0
8.828569,0,0,0,0,0,0
8.829705,0,0,0,0,0,0
8.830830,0,0,0,0,0,0
8.831954,0,0,0,0,0,0
8.833076,0,0,0,0,0,0
8.834252,0,0,0,0,0,0
8.835369,0,0,0,0,0,0
8.836517,0,0,0,0,0,0
8.837618,0,0,0,0,0,0
8.838718,0,0,0,0,0,0
8.839841,0,0,0,0,0,0
8.841015,0,0,0,0,0,0
8.842171,0,0,0,0,0,0
8.843327,0,0,0,0,0,0
8.844550,0,0,0,0,0,0
8.845705,0,0,0,0,0,0
8.846859,0,0,0,0,0,0
8.848013,0,0,0,0,0,0
8.849163,0,0,0,0,0,0
8.850450,0,0,0,0,0,0
8.851835,0,0,0,0,0,0
8.853749,0,0,0,0,0,0
8.855158,0,0,0,0,0,0
8.856712,0,0,0,0,0,0
8.857960,0,0,0,0,0,0
8.859255,0,0,0,0,0,0
8.860481,0,0,0,0,0,0
8.861734,0,0,0,0,0,0
8.862943,0,0,0,0,0,0
8.864228,0,0,0,0,0,0
8.865506,0,0,0,0,0,0
8.866703,0,0,0,0,0,0
8.868209,0,0,0,0,0,0
8.869822,0,0,0,0,0,0
8.871123,0,0,0,0,0,0
8.872431,0,0,0,0,0,0
8.873809,0,0,0,0,0,0
8.875344,0,0,0,0,0,0
8.876922,0,0,0,0,0,0
8.878384,0,0,0,0,0,0
8.879757,0,0,0,0,0,0
8.881222,0,0,0,0,0,0
8.882440,0,0,0,0,0,0
8.883659,0,0,0,0,0,0
8.885014,0,0,0,0,0,0
8.886316,0,0,0,0,0,0
8.887573,0,0,0,0,0,0
8.888900,0,0,0,0,0,0
8.890194,0,0,0,0,0,0
8.891569,0,0,0,0,0,0
8.892910,0,0,0,0,0,0
8.894251,0,0,0,0,0,0
8.895429,0,0,0,0,0,0
8.896597,0,0,0,0,0,0
8.897770,0,0,0,0,0,0
8.899042,0,0,0,0,0,0
8.900283,0,0,0,0,0,0
8.901560,0,0,0,0,0,0
8.902844,0,0,0,0,0,0
8.904357,0,0,0,0,0,0
8.905674,0,0,0,0,0,0
8.906887,0,0,0,0,0,0
8.908072,0,0,0,0,0,0
8.909267,0,0,0,0,0,0
8.910440,0,0,0,0,0,0
8.911615,0,0,0,0,0,0
8.912997,0,0,0,0,0,0
8.914196,0,0,0,0,0,0
8.915408,0,0,0,0,0,0
8.916591,0,0,0,0,0,0
8.917721,0,0,0,0,0,0
8.918907,0,0,0,0,0,0
8.920045,0,0,0,0,0,0
8.921166,0,0,0,0,0,0
8.922285,0,0,0,0,0,0
8.923395,0,0,0,0,0,0
8.924772,0,0,0,0,0,0
8.925941,0,0,0,0,0,0
8.927251,0,0,0,0,0,0
8.928406,0,0,0,0,0,0
8.929560,0,0,0,0,0,0
8.930713,0,0,0,0,0,0
8.931882,0,0,0,0,0,0
8.933061,0,0,0,0,0,0
8.934235,0,0,0,0,0,0
8.935409,0,0,0,0,0,0
8.936580,0,0,0,0,0,0
8.937842,0,0,0,0,0,0
8.939308,0,0,0,0,0,0
8.940484,0,0,0,0,0,0
8.941660,0,0,0,0,0,0
8.942829,0,0,0,0,0,0
8.944003,0,0,0,0,0,0
8.945172,0,0,0,0,0,0
8.946349,0,0,0,0,0,0
8.947524,0,0,0,0,0,0
8.948772,0,0,0,0,0,0
8.950139,0,0,0,0,0,0
8.951354,0,0,0,0,0,0
8.952819,0,0,0,0,0,0
8.954040,0,0,0,0,0,0
8.955293,0,0,0,0,0,0
8.956500,0,0,0,0,0,0
8.957866,0,0,0,0,0,0
8.959042,0,0,0,0,0,0
8.960217,0,0,0,0,0,0
8.961395,0,0,0,0,0,0
8.962571,0,0,0,0,0,0
8.963754,0,0,0,0,0,0
8.964931,0,0,0,0,0,0
8.967497,0,0,0,0,0,0
8.968672,0,0,0,0,0,0
8.969846,0,0,0,0,0,0
8.971078,0,0,0,0,0,0
8.972436,0,0,0,0,0,0
8.973597,0,0,0,0,0,0
8.974780,0,0,0,0,0,0
8.975954,0,0,0,0,0,0
8.977331,0,0,0,0,0,0
8.978506,0,0,0,0,0,0
8.979687,0,0,0,0,0,0
8.980869,0,0,0,0,0,0
8.982043,0,0,0,0,0,0
8.983217,0,0,0,0,0,0
8.984401,0,0,0,0,0,0
8.985764,0,0,0,0,0,0
8.987359,0,0,0,0,0,0
8.988573,0,0,0,0,0,0
8.989747,0,0,0,0,0,0
8.990919,0,0,0,0,0,0
8.992135,0,0,0,0,0,0
8.993365,0,0,0,0,0,0
8.995161,0,0,0,0,0,0
8.997755,0,0,0,0,0,0
8.999124,0,0,0,0,0,0
9.000382,0,0,0,0,0,0
9.001600,0,0,0,0,0,0
9.002872,0,0,0,0,0,0
9.004034,0,0,0,0,0,0
9.005161,0,0,0,0,0,0
9.006384,0,0,0,0,0,0
9.007540,0,0,0,0,0,0
9.008866,0,0,0,0,0,0
9.010019,0,0,0,0,0,0
9.011185,0,0,0,0,0,0
9.012363,0,0,0,0,0,0
9.013538,0,0,0,0,0,0
9.014714,0,0,0,0,0,0
9.016086,0,0,0,0,0,0
9.017261,0,0,0,0,0,0
9.018438,0,0,0,0,0,0
9.019698,0,0,0,0,0,0
9.020911,0,0,0,0,0,0
9.022087,0,0,0,0,0,0
9.023262,0,0,0,0,0,0
9.024569,0,0,0,0,0,0
9.025763,0,0,0,0,0,0
9.026940,0,0,0,0,0,0
9.028122,0,0,0,0,0,0
9.029392,0,0,0,0,0,0
9.030637,0,0,0,0,0,0
9.031817,0,0,0,0,0,0
9.033174,0,0,0,0,0,0
9.034694,0,0,0,0,0,0
9.036058,0,0,0,0,0,0
9.037458,0,0,0,0,0,0
9.038683,0,0,0,0,0,0
9.040030,0,0,0,0,0,0
9.041203,0,0,0,0,0,0
9.042375,0,0,0,0,0,0
9.043674,0,0,0,0,0,0
9.044887,0,0,0,0,0,0
9.046070,0,0,0,0,0,0
9.047488,0,0,0,0,0,0
9.048785,0,0,0,0,0,0
9.049965,0,0,0,0,0,0
9.051429,0,0,0,0,0,0
9.052611,0,0,0,0,0,0
9.053788,0,0,0,0,0,0
9.055021,0,0,0,0,0,0
9.056304,0,0,0,0,0,0
9.057478,0,0,0,0,0,0
9.059003,0,0,0,0,0,0
9.060178,0,0,0,0,0,0
9.061353,0,0,0,0,0,0
9.062532,0,0,0,0,0,0
9.063716,0,0,0,0,0,0
9.064901,0,0,0,0,0,0
9.066233,0,0,0,0,0,0
9.067410,0,0,0,0,0,0
9.068586,0,0,0,0,0,0
9.069762,0,0,0,0,0,0
9.070937,0,0,0,0,0,0
9.072583,0,0,0,0,0,0
9.073873,0,0,0,0,0,0
9.075258,0,0,0,0,0,0
9.076429,0,0,0,0,0,0
9.077599,0,0,0,0,0,0
9.078768,0,0,0,0,0,0
9.079957,0,0,0,0,0,0
9.081183,0,0,0,0,0,0
9.082359,0,0,0,0,0,0
9.083606,0,0,0,0,0,0
9.084759,0,0,0,0,0,0
9.086367,0,0,0,0,0,0
9.087529,0,0,0,0,0,0
9.088755,0,0,0,0,0,0
9.090058,0,0,0,0,0,0
9.091228,0,0,0,0,0,0
9.092398,0,0,0,0,0,0
9.093571,0,0,0,0,0,0
9.094744,0,0,0,0,0,0
9.095919,0,0,0,0,0,0
9.097097,0,0,0,0,0,0
9.098274,0,0,0,0,0,0
9.099656,0,0,0,0,0,0
9.100828,0,0,0,0,0,0
9.102082,0,0,0,0,0,0
9.103254,0,0,0,0,0,0
9.104541,0,0,0,0,0,0
9.105721,0,0,0,0,0,0
9.107057,0,0,0,0,0,0
9.108184,0,0,0,0,0,0
9.110148,0,0,0,0,0,0
9.111472,0,0,0,0,0,0
9.112662,0,0,0,0,0,0
9.113846,0,0,0,0,0,0
9.115028,0,0,0,0,0,0
9.116208,0,0,0,0,0,0
9.117384,0,0,0,0,0,0
9.118561,0,0,0,0,0,0
9.119744,0,0,0,0,0,0
9.120917,0,0,0,0,0,0
9.122091,0,0,0,0,0,0
9.123263,0,0,0,0,0,0
9.124517,0,0,0,0,0,0
9.125694,0,0,0,0,0,0
9.126948,0,0,0,0,0,0
9.130011,0,0,0,0,0,0
9.131198,0,0,0,0,0,0
9.132396,0,0,0,0,0,0
9.133844,0,0,0,0,0,0
9.135040,0,0,0,0,0,0
9.136222,0,0,0,0,0,0
9.137442,0,0,0,0,0,0
9.138632,0,0,0,0,0,0
9.139812,0,0,0,0,0,0
9.140989,0,0,0,0,0,0
9.142165,0,0,0,0,0,0
9.143340,0,0,0,0,0,0
9.144516,0,0,0,0,0,0
9.145686,0,0,0,0,0,0
9.146913,0,0,0,0,0,0
9.148084,0,0,0,0,0,0
9.149376,0,0,0,0,0,0
9.150552,0,0,0,0,0,0
9.151792,0,0,0,0,0,0
9.152968,0,0,0,0,0,0
9.154144,0,0,0,0,0,0
9.155368,0,0,0,0,0,0
9.156732,0,0,0,0,0,0
9.157979,0,0,0,0,0,0
9.159152,0,0,0,0,0,0
9.160319,0,0,0,0,0,0
9.161485,0,0,0,0,0,0
9.162657,0,0,0,0,0,0
9.163832,0,0,0,0,0,0
9.165187,0,0,0,0,0,0
9.166547,0,0,0,0,0,0
9.168336,0,0,0,0,0,0
9.169541,0,0,0,0,0,0
9.170779,0,0,0,0,0,0
9.171952,0,0,0,0,0,0
9.173125,0,0,0,0,0,0
9.174291,0,0,0,0,0,0
9.175507,0,0,0,0,0,0
9.176927,0,0,0,0,0,0
9.178098,0,0,0,0,0,0
9.179358,0,0,0,0,0,0
9.180724,0,0,0,0,0,0
9.182050,0,0,0,0,0,0
9.183559,0,0,0,0,0,0
9.184886,0,0,0,0,0,0
9.186067,0,0,0,0,0,0
9.187428,0,0,0,0,0,0
9.188607,0,0,0,0,0,0
9.189783,0,0,0,0,0,0
9.190953,0,0,0,0,0,0
9.192130,0,0,0,0,0,0
9.193495,0,0,0,0,0,0
9.194671,0,0,0,0,0,0
9.196028,0,0,0,0,0,0
9.197201,0,0,0,0,0,0
9.198524,0,0,0,0,0,0
9.199934,0,0,0,0,0,0
9.201152,0,0,0,0,0,0
9.202376,0,0,0,0,0,0
9.203745,0,0,0,0,0,0
9.204935,0,0,0,0,0,0
9.206115,0,0,0,0,0,0
9.207291,0,0,0,0,0,0
9.208464,0,0,0,0,0,0
9.209639,0,0,0,0,0,0
9.210870,0,0,0,0,0,0
9.212312,0,0,0,0,0,0
9.213677,0,0,0,0,0,0
9.215303,0,0,0,0,0,0
9.216500,0,0,0,0,0,0
9.217777,0,0,0,0,0,0
9.219009,0,0,0,0,0,0
9.220183,0,0,0,0,0,0
9.221360,0,0,0,0,0,0
9.222537,0,0,0,0,0,0
9.223824,0,0,0,0,0,0
9.225163,0,0,0,0,0,0
9.226332,0,0,0,0,0,0
9.227551,0,0,0,0,0,0
9.229109,0,0,0,0,0,0
9.230293,0,0,0,0,0,0
9.231471,0,0,0,0,0,0
9.232648,0,0,0,0,0,0
9.233825,0,0,0,0,0,0
9.235070,0,0,0,0,0,0
9.236243,0,0,0,0,0,0
9.237605,0,0,0,0,0,0
9.238806,0,0,0,0,0,0
9.240026,0,0,0,0,0,0
9.241970,0,0,0,0,0,0
9.243219,0,0,0,0,0,0
9.244524,0,0,0,0,0,0
9.245699,0,0,0,0,0,0
9.246873,0,0,0,0,0,0
9.248047,0,0,0,0,0,0
9.249216,0,0,0,0,0,0
9.250384,0,0,0,0,0,0
9.251544,0,0,0,0,0,0
9.252743,0,0,0,0,0,0
9.253899,0,0,0,0,0,0
9.255052,0,0,0,0,0,0
9.256208,0,0,0,0,0,0
9.257360,0,0,0,0,0,0
9.258509,0,0,0,0,0,0
9.259867,0,0,0,0,0,0
9.261041,0,0,0,0,0,0
9.262208,0,0,0,0,0,0
9.263726,0,0,0,0,0,0
9.264903,0,0,0,0,0,0
9.266085,0,0,0,0,0,0
9.268495,0,0,0,0,0,0
9.269848,0,0,0,0,0,0
9.271027,0,0,0,0,0,0
9.272320,0,0,0,0,0,0
9.273648,0,0,0,0,0,0
9.274880,0,0,0,0,0,0
9.276177,0,0,0,0,0,0
9.277559,0,0,0,0,0,0
9.278851,0,0,0,0,0,0
9.280331,0,0,0,0,0,0
9.281623,0,0,0,0,0,0
9.282953,0,0,0,0,0,0
9.284484,0,0,0,0,0,0
9.285715,0,0,0,0,0,0
9.286891,0,0,0,0,0,0
9.288115,0,0,0,0,0,0
9.289288,0,0,0,0,0,0
9.290464,0,0,0,0,0,0
9.291769,0,0,0,0,0,0
9.292943,0,0,0,0,0,0
9.294153,0,0,0,0,0,0
9.295324,0,0,0,0,0,0
9.296945,0,0,0,0,0,0
9.298126,0,0,0,0,0,0
9.299352,0,0,0,0,0,0
9.300535,0,0,0,0,0,0
9.301709,0,0,0,0,0,0
9.302923,0,0,0,0,0,0
9.304093,0,0,0,0,0,0
9.305264,0,0,0,0,0,0
9.306437,0,0,0,0,0,0
9.307831,0,0,0,0,0,0
9.309065,0,0,0,0,0,0
9.310247,0,0,0,0,0,0
9.311433,0,0,0,0,0,0
9.312608,0,0,0,0,0,0
9.313786,0,0,0,0,0,0
9.315017,0,0,0,0,0,0
9.316370,0,0,0,0,0,0
9.318258,0,0,0,0,0,0
9.319496,0,0,0,0,0,0
9.320861,0,0,0,0,0,0
9.322057,0,0,0,0,0,0
9.323272,0,0,0,0,0,0
9.324453,0,0,0,0,0,0
9.325586,0,0,0,0,0,0
9.326716,0,0,0,0,0,0
9.327887,0,0,0,0,0,0
9.329010,0,0,0,0,0,0
9.330139,0,0,0,0,0,0
9.331254,0,0,0,0,0,0
9.332367,0,0,0,0,0,0
9.333552,0,0,0,0,0,0
9.334781,0,0,0,0,0,0
9.335973,0,0,0,0,0,0
9.337279,0,0,0,0,0,0
9.338441,0,0,0,0,0,0
9.339614,0,0,0,0,0,0
9.340784,0,0,0,0,0,0
9.341956,0,0,0,0,0,0
9.343302,0,0,0,0,0,0
9.344647,0,0,0,0,0,0
9.345825,0,0,0,0,0,0
9.347191,0,0,0,0,0,0
9.348624,0,0,0,0,0,0
9.349857,0,0,0,0,0,0
9.351020,0,0,0,0,0,0
9.352582,0,0,0,0,0,0
9.353915,0,0,0,0,0,0
9.355206,0,0,0,0,0,0
9.356387,0,0,0,0,0,0
9.357564,0,0,0,0,0,0
9.358741,0,0,0,0,0,0
9.359914,0,0,0,0,0,0
9.361085,0,0,0,0,0,0
9.362255,0,0,0,0,0,0
9.363478,0,0,0,0,0,0
9.364648,0,0,0,0,0,0
9.365830,0,0,0,0,0,0
9.367771,0,0,0,0,0,0
9.368981,0,0,0,0,0,0
9.370168,0,0,0,0,0,0
9.371466,0,0,0,0,0,0
9.372767,0,0,0,0,0,0
9.374074,0,0,0,0,0,0
9.375251,0,0,0,0,0,0
9.376449,0,0,0,0,0,0
9.377721,0,0,0,0,0,0
9.378897,0,0,0,0,0,0
9.380071,0,0,0,0,0,0
9.381245,0,0,0,0,0,0
9.382910,0,0,0,0,0,0
9.384349,0,0,0,0,0,0
9.385524,0,0,0,0,0,0
9.386697,0,0,0,0,0,0
9.388002,0,0,0,0,0,0
9.389400,0,0,0,0,0,0
9.390575,0,0,0,0,0,0
9.391768,0,0,0,0,0,0
9.392945,0,0,0,0,0,0
9.394126,0,0,0,0,0,0
9.395356,0,0,0,0,0,0
9.396546,0,0,0,0,0,0
9.397722,0,0,0,0,0,0
9.399014,0,0,0,0,0,0
9.400188,0,0,0,0,0,0
9.401361,0,0,0,0,0,0
9.402576,0,0,0,0,0,0
9.403822,0,0,0,0,0,0
9.405029,0,0,0,0,0,0
9.406518,0,0,0,0,0,0
9.407741,0,0,0,0,0,0
9.408923,0,0,0,0,0,0
9.410092,0,0,0,0,0,0
9.411317,0,0,0,0,0,0
9.412491,0,0,0,0,0,0
9.413905,0,0,0,0,0,0
9.415211,0,0,0,0,0,0
9.416572,0,0,0,0,0,0
9.417748,0,0,0,0,0,0
9.418946,0,0,0,0,0,0
9.420101,0,0,0,0,0,0
9.421255,0,0,0,0,0,0
9.422409,0,0,0,0,0,0
9.423563,0,0,0,0,0,0
9.424804,0,0,0,0,0,0
9.425957,0,0,0,0,0,0
9.427124,0,0,0,0,0,0
9.428299,0,0,0,0,0,0
9.429686,0,0,0,0,0,0
9.430860,0,0,0,0,0,0
9.432232,0,0,0,0,0,0
9.433821,0,0,0,0,0,0
9.435143,0,0,0,0,0,0
9.436325,0,0,0,0,0,0
9.437829,0,0,0,0,0,0
9.439003,0,0,0,0,0,0
9.440179,0,0,0,0,0,0
9.441354,0,0,0,0,0,0
9.442530,0,0,0,0,0,0
9.443738,0,0,0,0,0,0
9.444936,0,0,0,0,0,0
9.446128,0,0,0,0,0,0
9.447306,0,0,0,0,0,0
9.448481,0,0,0,0,0,0
9.449776,0,0,0,0,0,0
9.450950,0,0,0,0,0,0
9.452566,0,0,0,0,0,0
9.453805,0,0,0,0,0,0
9.454977,0,0,0,0,0,0
9.456188,0,0,0,0,0,0
9.457367,0,0,0,0,0,0
9.458638,0,0,0,0,0,0
9.459815,0,0,0,0,0,0
9.460991,0,0,0,0,0,0
9.462191,0,0,0,0,0,0
9.463365,0,0,0,0,0,0
9.464555,0,0,0,0,0,0
9.465751,0,0,0,0,0,0
9.466975,0,0,0,0,0,0
9.468145,0,0,0,0,0,0
9.469321,0,0,0,0,0,0
9.470526,0,0,0,0,0,0
9.471739,0,0,0,0,0,0
9.473110,0,0,0,0,0,0
9.474329,0,0,0,0,0,0
9.475514,0,0,0,0,0,0
9.476841,0,0,0,0,0,0
9.478022,0,0,0,0,0,0
9.479197,0,0,0,0,0,0
9.480370,0,0,0,0,0,0
9.481663,0,0,0,0,0,0
9.482900,0,0,0,0,0,0
9.484191,0,0,0,0,0,0
9.485368,0,0,0,0,0,0
9.486542,0,0,0,0,0,0
9.487854,0,0,0,0,0,0
9.489031,0,0,0,0,0,0
9.490216,0,0,0,0,0,0
9.491394,0,0,0,0,0,0
9.492567,0,0,0,0,0,0
9.493789,0,0,0,0,0,0
9.495149,0,0,0,0,0,0
9.496344,0,0,0,0,0,0
9.497750,0,0,0,0,0,0
9.499206,0,0,0,0,0,0
9.500503,0,0,0,0,0,0
9.501633,0,0,0,0,0,0
9.502755,0,0,0,0,0,0
9.503886,0,0,0,0,0,0
9.505007,0,0,0,0,0,0
9.506128,0,0,0,0,0,0
9.507240,0,0,0,0,0,0
9.508358,0,0,0,0,0,0
9.509855,0,0,0,0,0,0
9.511013,0,0,0,0,0,0
9.512172,0,0,0,0,0,0
9.513325,0,0,0,0,0,0
9.514479,0,0,0,0,0,0
9.515646,0,0,0,0,0,0
9.516822,0,0,0,0,0,0
9.518004,0,0,0,0,0,0
9.519180,0,0,0,0,0,0
9.520353,0,0,0,0,0,0
9.521524,0,0,0,0,0,0
9.522826,0,0,0,0,0,0
9.524262,0,0,0,0,0,0
9.525756,0,0,0,0,0,0
9.526975,0,0,0,0,0,0
9.528804,0,0,0,0,0,0
9.529981,0,0,0,0,0,0
9.531212,0,0,0,0,0,0
9.532386,0,0,0,0,0,0
9.533560,0,0,0,0,0,0
9.534930,0,0,0,0,0,0
9.536296,0,0,0,0,0,0
9.537475,0,0,0,0,0,0
9.538646,0,0,0,0,0,0
9.539945,0,0,0,0,0,0
9.541165,0,0,0,0,0,0
9.542491,0,0,0,0,0,0
9.543771,0,0,0,0,0,0
9.544994,0,0,0,0,0,0
9.546193,0,0,0,0,0,0
9.547476,0,0,0,0,0,0
9.548647,0,0,0,0,0,0
9.549820,0,0,0,0,0,0
9.550995,0,0,0,0,0,0
9.552172,0,0,0,0,0,0
9.553352,0,0,0,0,0,0
9.554527,0,0,0,0,0,0
9.559569,0,0,0,0,0,0
9.560883,0,0,0,0,0,0
9.562239,0,0,0,0,0,0
9.563469,0,0,0,0,0,0
9.564619,0,0,0,0,0,0
9.565752,0,0,0,0,0,0
9.566878,0,0,0,0,0,0
9.568006,0,0,0,0,0,0
9.569140,0,0,0,0,0,0
9.570262,0,0,0,0,0,0
9.571490,0,0,0,0,0,0
9.572665,0,0,0,0,0,0
9.573875,0,0,0,0,0,0
9.575236,0,0,0,0,0,0
9.576433,0,0,0,0,0,0
9.577724,0,0,0,0,0,0
9.578918,0,0,0,0,0,0
9.580042,0,0,0,0,0,0
9.581168,0,0,0,0,0,0
9.582296,0,0,0,0,0,0
9.583418,0,0,0,0,0,0
9.584586,0,0,0,0,0,0
9.585849,0,0,0,0,0,0
9.587016,0,0,0,0,0,0
9.588150,0,0,0,0,0,0
9.589309,0,0,0,0,0,0
9.590462,0,0,0,0,0,0
9.591618,0,0,0,0,0,0
9.592769,0,0,0,0,0,0
9.593922,0,0,0,0,0,0
9.595087,0,0,0,0,0,0
9.596264,0,0,0,0,0,0
9.597438,0,0,0,0,0,0
9.598612,0,0,0,0,0,0
9.599792,0,0,0,0,0,0
9.601074,0,0,0,0,0,0
9.602255,0,0,0,0,0,0
9.603430,0,0,0,0,0,0
9.604606,0,0,0,0,0,0
9.605781,0,0,0,0,0,0
9.606961,0,0,0,0,0,0
9.608183,0,0,0,0,0,0
9.609362,0,0,0,0,0,0
9.610534,0,0,0,0,0,0
9.611714,0,0,0,0,0,0
9.613086,0,0,0,0,0,0
9.614256,0,0,0,0,0,0
9.615425,0,0,0,0,0,0
9.616597,0,0,0,0,0,0
9.617826,0,0,0,0,0,0
9.619068,0,0,0,0,0,0
9.620251,0,0,0,0,0,0
9.622503,0,0,0,0,0,0
9.623683,0,0,0,0,0,0
9.624918,0,0,0,0,0,0
9.626098,0,0,0,0,0,0
9.627277,0,0,0,0,0,0
9.628448,0,0,0,0,0,0
9.629728,0,0,0,0,0,0
9.630899,0,0,0,0,0,0
9.632075,0,0,0,0,0,0
9.633247,0,0,0,0,0,0
9.634468,0,0,0,0,0,0
9.635649,0,0,0,0,0,0
9.637059,0,0,0,0,0,0
9.638343,0,0,0,0,0,0
9.639725,0,0,0,0,0,0
9.640897,0,0,0,0,0,0
9.642068,0,0,0,0,0,0
9.643271,0,0,0,0,0,0
9.644566,0,0,0,0,0,0
9.645737,0,0,0,0,0,0
9.646913,0,0,0,0,0,0
9.648088,0,0,0,0,0,0
9.649375,0,0,0,0,0,0
9.650966,0,0,0,0,0,0
9.652355,0,0,0,0,0,0
9.655381,0,0,0,0,0,0
9.656752,0,0,0,0,0,0
9.657972,0,0,0,0,0,0
9.659150,0,0,0,0,0,0
9.660325,0,0,0,0,0,0
9.661682,0,0,0,0,0,0
9.662875,0,0,0,0,0,0
9.664012,0,0,0,0,0,0
9.665142,0,0,0,0,0,0
9.666265,0,0,0,0,0,0
9.667422,0,0,0,0,0,0
9.668615,0,0,0,0,0,0
9.669783,0,0,0,0,0,0
9.670957,0,0,0,0,0,0
9.672316,0,0,0,0,0,0
9.673699,0,0,0,0,0,0
9.674880,0,0,0,0,0,0
9.676055,0,0,0,0,0,0
9.677227,0,0,0,0,0,0
9.678399,0,0,0,0,0,0
9.679571,0,0,0,0,0,0
9.680868,0,0,0,0,0,0
9.682041,0,0,0,0,0,0
9.683214,0,0,0,0,0,0
9.684391,0,0,0,0,0,0
9.685860,0,0,0,0,0,0
9.687573,0,0,0,0,0,0
9.688998,0,0,0,0,0,0
9.690177,0,0,0,0,0,0
9.691350,0,0,0,0,0,0
9.692526,0,0,0,0,0,0
9.693696,0,0,0,0,0,0
9.694934,0,0,0,0,0,0
9.696106,0,0,0,0,0,0
9.697334,0,0,0,0,0,0
9.698590,0,0,0,0,0,0
9.699895,0,0,0,0,0,0
9.701140,0,0,0,0,0,0
9.702450,0,0,0,0,0,0
9.703678,0,0,0,0,0,0
9.704913,0,0,0,0,0,0
9.706132,0,0,0,0,0,0
9.707353,0,0,0,0,0,0
9.708527,0,0,0,0,0,0
9.709702,0,0,0,0,0,0
9.710884,0,0,0,0,0,0
9.712058,0,0,0,0,0,0
9.713232,0,0,0,0,0,0
9.714425,0,0,0,0,0,0
9.715635,0,0,0,0,0,0
9.716809,0,0,0,0,0,0
9.717981,0,0,0,0,0,0
9.719152,0,0,0,0,0,0
9.720324,0,0,0,0,0,0
9.721498,0,0,0,0,0,0
9.722667,0,0,0,0,0,0
9.723847,0,0,0,0,0,0
9.725172,0,0,0,0,0,0
9.726340,0,0,0,0,0,0
9.727509,0,0,0,0,0,0
9.728947,0,0,0,0,0,0
9.730342,0,0,0,0,0,0
9.731626,0,0,0,0,0,0
9.732805,0,0,0,0,0,0
9.734167,0,0,0,0,0,0
9.735562,0,0,0,0,0,0
9.737099,0,0,0,0,0,0
9.738493,0,0,0,0,0,0
9.739937,0,0,0,0,0,0
9.743692,0,0,0,0,0,0
9.747674,0,0,0,0,0,0
9.748870,0,0,0,0,0,0
9.750062,0,0,0,0,0,0
9.751204,0,0,0,0,0,0
9.752836,0,0,0,0,0,0
9.754104,0,0,0,0,0,0
9.755374,0,0,0,0,0,0
9.757108,0,0,0,0,0,0
9.758497,0,0,0,0,0,0
9.759852,0,0,0,0,0,0
9.762701,0,0,0,0,0,0
9.763964,0,0,0,0,0,0
9.765293,0,0,0,0,0,0
9.766593,0,0,0,0,0,0
9.767887,0,0,0,0,0,0
9.769176,0,0,0,0,0,0
9.770457,0,0,0,0,0,0
9.771827,0,0,0,0,0,0
9.773872,0,0,0,0,0,0
9.775074,0,0,0,0,0,0
9.776491,0,0,0,0,0,0
9.777811,0,0,0,0,0,0
9.779145,0,0,0,0,0,0
9.780356,0,0,0,0,0,0
9.781617,0,0,0,0,0,0
9.782904,0,0,0,0,0,0
9.784219,0,0,0,0,0,0
9.785456,0,0,0,0,0,0
9.786684,0,0,0,0,0,0
9.788089,0,0,0,0,0,0
9.789329,0,0,0,0,0,0
9.790564,0,0,0,0,0,0
9.791859,0,0,0,0,0,0
9.793101,0,0,0,0,0,0
9.794375,0,0,0,0,0,0
9.795611,0,0,0,0,0,0
9.796849,0,0,0,0,0,0
9.798076,0,0,0,0,0,0
9.799300,0,0,0,0,0,0
9.800548,0,0,0,0,0,0
9.801774,0,0,0,0,0,0
9.803036,0,0,0,0,0,0
9.804263,0,0,0,0,0,0
9.805483,0,0,0,0,0,0
9.806758,0,0,0,0,0,0
9.807983,0,0,0,0,0,0
9.809205,0,0,0,0,0,0
9.810425,0,0,0,0,0,0
9.811643,0,0,0,0,0,0
9.812857,0,0,0,0,0,0
9.814072,0,0,0,0,0,0
9.815288,0,0,0,0,0,0
9.816507,0,0,0,0,0,0
9.817721,0,0,0,0,0,0
9.818962,0,0,0,0,0,0
9.820173,0,0,0,0,0,0
9.821272,0,0,0,0,0,0
9.822481,0,0,0,0,0,0
9.823725,0,0,0,0,0,0
9.824955,0,0,0,0,0,0
9.826251,0,0,0,0,0,0
9.827469,0,0,0,0,0,0
9.828642,0,0,0,0,0,0
9.829808,0,0,0,0,0,0
9.830966,0,0,0,0,0,0
9.832131,0,0,0,0,0,0
9.833341,0,0,0,0,0,0
9.834547,0,0,0,0,0,0
9.835765,0,0,0,0,0,0
9.836976,0,0,0,0,0,0
9.838185,0,0,0,0,0,0
9.839395,0,0,0,0,0,0
9.841522,0,0,0,0,0,0
9.842643,0,0,0,0,0,0
9.843901,0,0,0,0,0,0
9.845242,0,0,0,0,0,0
9.846346,0,0,0,0,0,0
9.847437,0,0,0,0,0,0
9.848531,0,0,0,0,0,0
9.849620,0,0,0,0,0,0
9.850863,0,0,0,0,0,0
9.852051,0,0,0,0,0,0
9.853269,0,0,0,0,0,0
9.854453,0,0,0,0,0,0
9.855626,0,0,0,0,0,0
9.856796,0,0,0,0,0,0
9.858064,0,0,0,0,0,0
9.859244,0,0,0,0,0,0
9.860417,0,0,0,0,0,0
9.861586,0,0,0,0,0,0
9.862753,0,0,0,0,0,0
9.864734,0,0,0,0,0,0
9.866042,0,0,0,0,0,0
9.867263,0,0,0,0,0,0
9.868438,0,0,0,0,0,0
9.869612,0,0,0,0,0,0
9.870789,0,0,0,0,0,0
9.871967,0,0,0,0,0,0
9.873137,0,0,0,0,0,0
9.874307,0,0,0,0,0,0
9.875738,0,0,0,0,0,0
9.877220,0,0,0,0,0,0
9.878620,0,0,0,0,0,0
9.879956,0,0,0,0,0,0
9.881139,0,0,0,0,0,0
9.882313,0,0,0,0,0,0
9.883552,0,0,0,0,0,0
9.884894,0,0,0,0,0,0
9.886068,0,0,0,0,0,0
9.887238,0,0,0,0,0,0
9.888715,0,0,0,0,0,0
9.889890,0,0,0,0,0,0
9.891053,0,0,0,0,0,0
9.892440,0,0,0,0,0,0
9.893595,0,0,0,0,0,0
9.894751,0,0,0,0,0,0
9.895914,0,0,0,0,0,0
9.897068,0,0,0,0,0,0
9.898309,0,0,0,0,0,0
9.900016,0,0,0,0,0,0
9.901236,0,0,0,0,0,0
9.902419,0,0,0,0,0,0
9.903636,0,0,0,0,0,0
9.904815,0,0,0,0,0,0
9.905991,0,0,0,0,0,0
9.907454,0,0,0,0,0,0
9.908724,0,0,0,0,0,0
9.909901,0,0,0,0,0,0
9.911078,0,0,0,0,0,0
9.912252,0,0,0,0,0,0
9.913661,0,0,0,0,0,0
9.914901,0,0,0,0,0,0
9.916075,0,0,0,0,0,0
9.917244,0,0,0,0,0,0
9.918413,0,0,0,0,0,0
9.919612,0,0,0,0,0,0
9.920783,0,0,0,0,0,0
9.921962,0,0,0,0,0,0
9.923188,0,0,0,0,0,0
9.924684,0,0,0,0,0,0
9.926810,0,0,0,0,0,0
9.927984,0,0,0,0,0,0
9.929155,0,0,0,0,0,0
9.930324,0,0,0,0,0,0
9.931502,0,0,0,0,0,0
9.932676,0,0,0,0,0,0
9.933851,0,0,0,0,0,0
9.935023,0,0,0,0,0,0
9.936301,0,0,0,0,0,0
9.937473,0,0,0,0,0,0
9.938643,0,0,0,0,0,0
9.939959,0,0,0,0,0,0
9.941314,0,0,0,0,0,0
9.942488,0,0,0,0,0,0
9.943666,0,0,0,0,0,0
9.945441,0,0,0,0,0,0
9.946683,0,0,0,0,0,0
9.947860,0,0,0,0,0,0
9.949107,0,0,0,0,0,0
9.950282,0,0,0,0,0,0
9.951450,0,0,0,0,0,0
9.952620,0,0,0,0,0,0
9.953789,0,0,0,0,0,0
9.955013,0,0,0,0,0,0
9.956389,0,0,0,0,0,0
9.957568,0,0,0,0,0,0
9.958742,0,0,0,0,0,0
9.960205,0,0,0,0,0,0
9.961379,0,0,0,0,0,0
9.962553,0,0,0,0,0,0
9.964039,0,0,0,0,0,0
9.965214,0,0,0,0,0,0
9.966390,0,0,0,0,0,0
9.967560,0,0,0,0,0,0
9.968842,0,0,0,0,0,0
9.970225,0,0,0,0,0,0
9.971606,0,0,0,0,0,0
9.972781,0,0,0,0,0,0
9.973956,0,0,0,0,0,0
9.975124,0,0,0,0,0,0
9.976295,0,0,0,0,0,0
9.977463,0,0,0,0,0,0
9.978631,0,0,0,0,0,0
9.979888,0,0,0,0,0,0
9.981121,0,0,0,0,0,0
9.982294,0,0,0,0,0,0
9.983424,0,0,0,0,0,0
9.984607,0,0,0,0,0,0
9.985738,0,0,0,0,0,0
9.986939,0,0,0,0,0,0
9.988044,0,0,0,0,0,0
9.989195,0,0,0,0,0,0
9.990345,0,0,0,0,0,0
9.991466,0,0,0,0,0,0
9.992667,0,0,0,0,0,0
9.993826,0,0,0,0,0,0
9.995054,0,0,0,0,0,0
9.996225,0,0,0,0,0,0
9.997400,0,0,0,0,0,0
9.998577,0,0,0,0,0,0
10.000009,0,0,0,0,0,0
