elapsed_s,CP_NEVER_COUNT,CP_ALWAYS_COUNT,CP_BUSY_GFX_CORE_IDLE,CP_BUSY_CYCLES,CP_NUM_PREEMPTIONS,CP_PREEMPTION_REACTION_DELAY,CP_PREEMPTION_SWITCH_OUT_TIME,CP_PREEMPTION_SWITCH_IN_TIME,CP_DEAD_DRAWS_IN_BIN_RENDER,CP_PREDICATED_DRAWS_KILLED,CP_MODE_SWITCH,CP_ZPASS_DONE,CP_CONTEXT_DONE,CP_CACHE_FLUSH
0.001105,0,131020,1706,1705,0,0,0,0,0,0,0,0,0,0
0.002739,0,125145,1567,1566,0,0,0,0,0,0,0,0,0,0
0.004337,0,125163,1633,1632,0,0,0,0,0,0,0,0,0,0
0.005931,0,125226,1598,1597,0,0,0,0,0,0,0,0,0,0
0.007525,0,125293,1664,1663,0,0,0,0,0,0,0,0,0,0
0.009104,0,139628,1280,1279,0,0,0,0,0,0,0,0,0,0
0.010631,0,100760,1264,1264,0,0,0,0,0,0,0,0,0,0
0.011983,0,110707,1539,1538,0,0,0,0,0,0,0,0,0,0
0.013396,0,108356,1428,1427,0,0,0,0,0,0,0,0,0,0
0.014808,0,108043,1590,1589,0,0,0,0,0,0,0,0,0,0
0.016221,0,108269,1365,1364,0,0,0,0,0,0,0,0,0,0
0.017632,0,108658,1307,1306,0,0,0,0,0,0,0,0,0,0
0.019098,0,112757,1446,1445,0,0,0,0,0,0,0,0,0,0
0.020661,0,132886,1433,1432,0,0,0,0,0,0,0,0,0,0
0.022142,0,120936,1400,1399,0,0,0,0,0,0,0,0,0,0
0.023682,0,108197,1430,1429,0,0,0,0,0,0,0,0,0,0
0.025056,0,121026,1405,1404,0,0,0,0,0,0,0,0,0,0
0.026539,0,96820,1379,1378,0,0,0,0,0,0,0,0,0,0
0.027883,0,115792,1214,1213,0,0,0,0,0,0,0,0,0,0
0.029321,0,114173,1194,1193,0,0,0,0,0,0,0,0,0,0
0.030731,0,108972,1168,1167,0,0,0,0,0,0,0,0,0,0
0.032143,0,107780,1202,1201,0,0,0,0,0,0,0,0,0,0
0.033548,0,108321,1189,1188,0,0,0,0,0,0,0,0,0,0
0.035014,0,85285,1178,1177,0,0,0,0,0,0,0,0,0,0
0.036330,0,108688,1207,1206,0,0,0,0,0,0,0,0,0,0
0.037790,0,108551,1186,1185,0,0,0,0,0,0,0,0,0,0
0.039251,0,108577,1209,1208,0,0,0,0,0,0,0,0,0,0
0.040690,0,109910,1217,1216,0,0,0,0,0,0,0,0,0,0
0.042101,0,108076,1224,1224,0,0,0,0,0,0,0,0,0,0
0.043533,0,95424,1068,1067,0,0,0,0,0,0,0,0,0,0
0.044936,0,98536,1084,1083,0,0,0,0,0,0,0,0,0,0
0.046340,0,99755,1066,1065,0,0,0,0,0,0,0,0,0,0
0.047811,0,181550,56566,59347,1,1146,26961,11541,0,0,0,0,11,2
0.049233,0,99836,1107,1106,0,0,0,0,0,0,0,0,0,0
0.050641,0,110522,1108,1107,0,0,0,0,0,0,0,0,0,0
0.052137,0,102149,1067,1066,0,0,0,0,0,0,0,0,0,0
0.053583,0,98977,1068,1067,0,0,0,0,0,0,0,0,0,0
0.054998,0,100801,1061,1060,0,0,0,0,0,0,0,0,0,0
0.056459,0,99427,1100,1099,0,0,0,0,0,0,0,0,0,0
0.057864,0,98401,1092,1091,0,0,0,0,0,0,0,0,0,0
0.059312,0,98288,1201,1200,0,0,0,0,0,0,0,0,0,0
0.060718,0,99331,1089,1088,0,0,0,0,0,0,0,0,0,0
0.062135,0,199484,23301,98046,0,0,0,0,0,0,0,0,22,7
0.063386,0,479267,4234,50494,0,0,0,0,0,0,0,0,0,0
0.064784,0,480338,2610,2609,0,0,0,0,0,0,0,0,0,0
0.066181,0,476114,2522,2521,0,0,0,0,0,0,0,0,0,0
0.067708,0,478175,2397,2396,0,0,0,0,0,0,0,0,0,0
0.069108,0,479356,2363,2362,0,0,0,0,0,0,0,0,0,0
0.070507,0,488459,2326,2325,0,0,0,0,0,0,0,0,0,0
0.071906,0,480452,2572,2571,0,0,0,0,0,0,0,0,0,0
0.073306,0,484351,2339,2338,0,0,0,0,0,0,0,0,0,0
0.074756,0,479430,2510,2509,0,0,0,0,0,0,0,0,0,0
0.076146,0,471978,2391,2390,0,0,0,0,0,0,0,0,0,0
0.077536,0,482508,2360,2359,0,0,0,0,0,0,0,0,0,0
0.078927,0,468674,2340,2339,0,0,0,0,0,0,0,0,0,0
0.080312,0,467011,2437,2436,0,0,0,0,0,0,0,0,0,0
0.081696,0,469424,2391,2390,0,0,0,0,0,0,0,0,0,0
0.083136,0,463497,2345,2344,0,0,0,0,0,0,0,0,0,0
0.084535,0,475160,2386,2385,0,0,0,0,0,0,0,0,0,0
0.085996,0,471274,2465,2464,0,0,0,0,0,0,0,0,0,0
0.087385,0,468200,2454,2453,0,0,0,0,0,0,0,0,0,0
0.088777,0,470817,2466,2465,0,0,0,0,0,0,0,0,0,0
0.090168,0,475995,2341,2340,0,0,0,0,0,0,0,0,0,0
0.091687,0,481840,2386,2385,0,0,0,0,0,0,0,0,0,0
0.093178,0,483345,2629,2628,0,0,0,0,0,0,0,0,0,0
0.094763,0,665188,2415,2414,0,0,0,0,0,0,0,0,0,0
0.096560,0,511232,2357,2356,0,0,0,0,0,0,0,0,0,0
0.097994,0,471676,2346,2345,0,0,0,0,0,0,0,0,0,0
0.099436,0,457887,2334,2333,0,0,0,0,0,0,0,0,0,0
0.100829,0,469330,2339,2338,0,0,0,0,0,0,0,0,0,0
0.102224,0,474882,2339,2338,0,0,0,0,0,0,0,0,0,0
0.103681,0,542123,2331,2330,0,0,0,0,0,0,0,0,0,0
0.105088,0,473499,2332,2331,0,0,0,0,0,0,0,0,0,0
0.106612,0,511509,2329,2328,0,0,0,0,0,0,0,0,0,0
0.108085,0,452211,2337,2336,0,0,0,0,0,0,0,0,0,0
0.109517,0,476317,2333,2332,0,0,0,0,0,0,0,0,0,0
0.110948,0,467566,2343,2342,0,0,0,0,0,0,0,0,0,0
0.112380,0,451235,2384,2383,0,0,0,0,0,0,0,0,0,0
0.113812,0,468139,2324,2323,0,0,0,0,0,0,0,0,0,0
0.115689,0,467591,2341,2340,0,0,0,0,0,0,0,0,0,0
0.117131,0,457094,2340,2339,0,0,0,0,0,0,0,0,0,0
0.118695,0,485987,2331,2330,0,0,0,0,0,0,0,0,0,0
0.120208,0,457111,2333,2332,0,0,0,0,0,0,0,0,0,0
0.121621,0,473713,2336,2335,0,0,0,0,0,0,0,0,0,0
0.123064,0,449303,2434,2433,0,0,0,0,0,0,0,0,0,0
0.124505,0,456597,2332,2331,0,0,0,0,0,0,0,0,0,0
0.125951,0,462184,2328,2327,0,0,0,0,0,0,0,0,0,0
0.127372,0,460565,2331,2330,0,0,0,0,0,0,0,0,0,0
0.128779,0,450428,2332,2331,0,0,0,0,0,0,0,0,0,0
0.130185,0,449377,2336,2335,0,0,0,0,0,0,0,0,0,0
0.131591,0,458684,2337,2336,0,0,0,0,0,0,0,0,0,0
0.133459,0,459247,2456,2455,0,0,0,0,0,0,0,0,0,0
0.134891,0,448775,2339,2338,0,0,0,0,0,0,0,0,0,0
0.136454,0,479493,2336,2335,0,0,0,0,0,0,0,0,0,0
0.138064,0,481155,2348,2347,0,0,0,0,0,0,0,0,0,0
0.139537,0,468580,2327,2326,0,0,0,0,0,0,0,0,0,0
0.141105,0,490691,2341,2340,0,0,0,0,0,0,0,0,0,0
0.142793,0,482483,2329,2328,0,0,0,0,0,0,0,0,0,0
0.144390,0,480212,2335,2334,0,0,0,0,0,0,0,0,0,0
0.145986,0,490233,2334,2333,0,0,0,0,0,0,0,0,0,0
0.147461,0,471559,2455,2454,0,0,0,0,0,0,0,0,0,0
0.148924,0,472795,2333,2332,0,0,0,0,0,0,0,0,0,0
0.150493,0,502627,2346,2345,0,0,0,0,0,0,0,0,0,0
0.152156,0,486098,2342,2341,0,0,0,0,0,0,0,0,0,0
0.153633,0,474399,2330,2329,0,0,0,0,0,0,0,0,0,0
0.155210,0,481999,2341,2340,0,0,0,0,0,0,0,0,0,0
0.156807,0,480828,2334,2333,0,0,0,0,0,0,0,0,0,0
0.158403,0,568783,2343,2342,0,0,0,0,0,0,0,0,0,0
0.160922,0,500094,2338,2337,0,0,0,0,0,0,0,0,0,0
0.162532,0,484341,2342,2341,0,0,0,0,0,0,0,0,0,0
0.164199,0,488711,2339,2338,0,0,0,0,0,0,0,0,0,0
0.165799,0,487070,2335,2334,0,0,0,0,0,0,0,0,0,0
0.167405,0,485751,2326,2325,0,0,0,0,0,0,0,0,0,0
0.169012,0,482484,2341,2340,0,0,0,0,0,0,0,0,0,0
0.170632,0,485989,2325,2324,0,0,0,0,0,0,0,0,0,0
0.172238,0,483838,2328,2327,0,0,0,0,0,0,0,0,0,0
0.173843,0,484937,2335,2334,0,0,0,0,0,0,0,0,0,0
0.175454,0,659565,2345,2344,0,0,0,0,0,0,0,0,0,0
0.177082,0,466277,2395,2394,0,0,0,0,0,0,0,0,0,0
0.178532,0,555472,2337,2336,0,0,0,0,0,0,0,0,0,0
0.180403,0,456047,2349,2348,0,0,0,0,0,0,0,0,0,0
0.181846,0,458028,2444,2443,0,0,0,0,0,0,0,0,0,0
0.183282,0,452775,2335,2334,0,0,0,0,0,0,0,0,0,0
0.184761,0,468639,2340,2339,0,0,0,0,0,0,0,0,0,0
0.186193,0,466286,2334,2333,0,0,0,0,0,0,0,0,0,0
0.187699,0,468866,2340,2339,0,0,0,0,0,0,0,0,0,0
0.189133,0,450773,2474,2473,0,0,0,0,0,0,0,0,0,0
0.190616,0,466203,2334,2333,0,0,0,0,0,0,0,0,0,0
0.192057,0,458468,2354,2353,0,0,0,0,0,0,0,0,0,0
0.193489,0,466064,2417,2416,0,0,0,0,0,0,0,0,0,0
0.194921,0,450183,2339,2338,0,0,0,0,0,0,0,0,0,0
0.196354,0,466230,2334,2333,0,0,0,0,0,0,0,0,0,0
0.197785,0,466521,2503,2502,0,0,0,0,0,0,0,0,0,0
0.199215,0,466661,2339,2338,0,0,0,0,0,0,0,0,0,0
0.200693,0,454713,2328,2327,0,0,0,0,0,0,0,0,0,0
0.202105,0,447642,2337,2336,0,0,0,0,0,0,0,0,0,0
0.203510,0,448327,2473,2472,0,0,0,0,0,0,0,0,0,0
0.204914,0,447539,2341,2340,0,0,0,0,0,0,0,0,0,0
0.206317,0,467378,2342,2341,0,0,0,0,0,0,0,0,0,0
0.207736,0,447102,2380,2379,0,0,0,0,0,0,0,0,0,0
0.209138,0,438564,2334,2333,0,0,0,0,0,0,0,0,0,0
0.210606,0,437111,2339,2338,0,0,0,0,0,0,0,0,0,0
0.212000,0,448253,2323,2322,0,0,0,0,0,0,0,0,0,0
0.213410,0,448205,2442,2441,0,0,0,0,0,0,0,0,0,0
0.214816,0,447745,2334,2333,0,0,0,0,0,0,0,0,0,0
0.216260,0,441614,2464,2463,0,0,0,0,0,0,0,0,0,0
0.217648,0,437308,2346,2345,0,0,0,0,0,0,0,0,0,0
0.219034,0,436959,2328,2327,0,0,0,0,0,0,0,0,0,0
0.220421,0,435989,2339,2338,0,0,0,0,0,0,0,0,0,0
0.221808,0,436576,2333,2332,0,0,0,0,0,0,0,0,0,0
0.223195,0,435286,2338,2337,0,0,0,0,0,0,0,0,0,0
0.224586,0,434457,2344,2343,0,0,0,0,0,0,0,0,0,0
0.225970,0,435788,2340,2339,0,0,0,0,0,0,0,0,0,0
0.227356,0,435607,2363,2362,0,0,0,0,0,0,0,0,0,0
0.228741,0,435565,2473,2472,0,0,0,0,0,0,0,0,0,0
0.230130,0,438529,2332,2331,0,0,0,0,0,0,0,0,0,0
0.231517,0,434176,2326,2325,0,0,0,0,0,0,0,0,0,0
0.232933,0,526891,2361,2360,0,0,0,0,0,0,0,0,0,0
0.234383,0,526510,2469,2468,0,0,0,0,0,0,0,0,0,0
0.235799,0,531561,2338,2337,0,0,0,0,0,0,0,0,0,0
0.237210,0,528812,2434,2433,0,0,0,0,0,0,0,0,0,0
0.238625,0,524911,2348,2347,0,0,0,0,0,0,0,0,0,0
0.240032,0,522462,2346,2345,0,0,0,0,0,0,0,0,0,0
0.241487,0,525265,2366,2365,0,0,0,0,0,0,0,0,0,0
0.242937,0,533826,2364,2363,0,0,0,0,0,0,0,0,0,0
0.244349,0,524101,2326,2325,0,0,0,0,0,0,0,0,0,0
0.245750,0,525411,2342,2341,0,0,0,0,0,0,0,0,0,0
0.247156,0,523911,2338,2337,0,0,0,0,0,0,0,0,0,0
0.248572,0,523562,2334,2333,0,0,0,0,0,0,0,0,0,0
0.249972,0,523873,2343,2342,0,0,0,0,0,0,0,0,0,0
0.251373,0,525834,2338,2337,0,0,0,0,0,0,0,0,0,0
0.252837,0,523726,2330,2329,0,0,0,0,0,0,0,0,0,0
0.254301,0,956607,18346,20078,0,0,0,0,0,0,0,0,4,2
0.255715,0,528444,2338,2337,0,0,0,0,0,0,0,0,0,0
0.257123,0,532484,2473,2472,0,0,0,0,0,0,0,0,0,0
0.258527,0,533570,2338,2337,0,0,0,0,0,0,0,0,0,0
0.259926,0,524643,2343,2342,0,0,0,0,0,0,0,0,0,0
0.261326,0,524233,2343,2342,0,0,0,0,0,0,0,0,0,0
0.262783,0,527682,2395,2394,0,0,0,0,0,0,0,0,0,0
0.264208,0,522361,2331,2330,0,0,0,0,0,0,0,0,0,0
0.265608,0,523965,2368,2367,0,0,0,0,0,0,0,0,0,0
0.267031,0,712668,22780,153417,0,0,0,0,0,0,0,0,22,7
0.268432,0,476236,2439,2438,0,0,0,0,0,0,0,0,0,0
0.269861,0,475047,2477,2476,0,0,0,0,0,0,0,0,0,0
0.271305,0,463084,2337,2336,0,0,0,0,0,0,0,0,0,0
0.272705,0,581669,2350,2349,0,0,0,0,0,0,0,0,0,0
0.274204,0,478230,2341,2340,0,0,0,0,0,0,0,0,0,0
0.275669,0,551688,2337,2336,0,0,0,0,0,0,0,0,0,0
0.277067,0,477217,2357,2356,0,0,0,0,0,0,0,0,0,0
0.278464,0,474154,2345,2344,0,0,0,0,0,0,0,0,0,0
0.279865,0,471225,2368,2367,0,0,0,0,0,0,0,0,0,0
0.281256,0,470200,2327,2326,0,0,0,0,0,0,0,0,0,0
0.282835,0,502197,2340,2339,0,0,0,0,0,0,0,0,0,0
0.284288,0,489283,2332,2331,0,0,0,0,0,0,0,0,0,0
0.285689,0,475168,2338,2337,0,0,0,0,0,0,0,0,0,0
0.287086,0,473958,2366,2365,0,0,0,0,0,0,0,0,0,0
0.288480,0,472570,2345,2344,0,0,0,0,0,0,0,0,0,0
0.289889,0,473913,2340,2339,0,0,0,0,0,0,0,0,0,0
0.291283,0,490265,6423,6422,0,0,0,0,0,0,0,0,0,0
0.292674,0,471514,2337,2336,0,0,0,0,0,0,0,0,0,0
0.294065,0,474312,2340,2339,0,0,0,0,0,0,0,0,0,0
0.295460,0,474437,2336,2335,0,0,0,0,0,0,0,0,0,0
0.296982,0,495912,2331,2330,0,0,0,0,0,0,0,0,0,0
0.298469,0,645719,2338,2337,0,0,0,0,0,0,0,0,0,0
0.300093,0,473813,2342,2341,0,0,0,0,0,0,0,0,0,0
0.301538,0,458080,2338,2337,0,0,0,0,0,0,0,0,0,0
0.302978,0,454496,2500,2499,0,0,0,0,0,0,0,0,0,0
0.304415,0,479150,2329,2328,0,0,0,0,0,0,0,0,0,0
0.305851,0,450968,2342,2341,0,0,0,0,0,0,0,0,0,0
0.307286,0,476240,2337,2336,0,0,0,0,0,0,0,0,0,0
0.308842,0,504356,2353,2352,0,0,0,0,0,0,0,0,0,0
0.310480,0,649833,2326,2325,0,0,0,0,0,0,0,0,0,0
0.311967,0,527383,2441,2440,0,0,0,0,0,0,0,0,0,0
0.313455,0,458492,2341,2340,0,0,0,0,0,0,0,0,0,0
0.314898,0,459374,2335,2334,0,0,0,0,0,0,0,0,0,0
0.316338,0,456394,2332,2331,0,0,0,0,0,0,0,0,0,0
0.317777,0,454137,2332,2331,0,0,0,0,0,0,0,0,0,0
0.319218,0,556118,2333,2332,0,0,0,0,0,0,0,0,0,0
0.320885,0,541057,2333,2332,0,0,0,0,0,0,0,0,0,0
0.322474,0,481525,2339,2338,0,0,0,0,0,0,0,0,0,0
0.323921,0,457049,2341,2340,0,0,0,0,0,0,0,0,0,0
0.325358,0,455880,2567,2566,0,0,0,0,0,0,0,0,0,0
0.326798,0,455384,2376,2375,0,0,0,0,0,0,0,0,0,0
0.328272,0,470096,2333,2332,0,0,0,0,0,0,0,0,0,0
0.329715,0,466529,2467,2466,0,0,0,0,0,0,0,0,0,0
0.331167,0,473455,2327,2326,0,0,0,0,0,0,0,0,0,0
0.332608,0,456003,2335,2334,0,0,0,0,0,0,0,0,0,0
0.334046,0,454980,2337,2336,0,0,0,0,0,0,0,0,0,0
0.335486,0,458035,2569,2568,0,0,0,0,0,0,0,0,0,0
0.336924,0,474480,2334,2333,0,0,0,0,0,0,0,0,0,0
0.338362,0,474909,2337,2336,0,0,0,0,0,0,0,0,0,0
0.339803,0,454543,2337,2336,0,0,0,0,0,0,0,0,0,0
0.341378,0,487060,2472,2471,0,0,0,0,0,0,0,0,0,0
0.342987,0,494697,2329,2328,0,0,0,0,0,0,0,0,0,0
0.344637,0,487124,2445,2444,0,0,0,0,0,0,0,0,0,0
0.346242,0,564538,2333,2332,0,0,0,0,0,0,0,0,0,0
0.347954,0,515620,2333,2332,0,0,0,0,0,0,0,0,0,0
0.349457,0,473542,2437,2436,0,0,0,0,0,0,0,0,0,0
0.350977,0,482062,2416,2415,0,0,0,0,0,0,0,0,0,0
0.352567,0,484988,2336,2335,0,0,0,0,0,0,0,0,0,0
0.354174,0,489855,2332,2331,0,0,0,0,0,0,0,0,0,0
0.355837,0,544721,2334,2333,0,0,0,0,0,0,0,0,0,0
0.357445,0,486800,2336,2335,0,0,0,0,0,0,0,0,0,0
0.359056,0,488612,2339,2338,0,0,0,0,0,0,0,0,0,0
0.360709,0,488095,2323,2322,0,0,0,0,0,0,0,0,0,0
0.362316,0,490463,2344,2343,0,0,0,0,0,0,0,0,0,0
0.363941,0,486111,2339,2338,0,0,0,0,0,0,0,0,0,0
0.365549,0,486322,2341,2340,0,0,0,0,0,0,0,0,0,0
0.367052,0,484335,2336,2335,0,0,0,0,0,0,0,0,0,0
0.368655,0,485706,2461,2460,0,0,0,0,0,0,0,0,0,0
0.370261,0,490973,2334,2333,0,0,0,0,0,0,0,0,0,0
0.371870,0,481493,2330,2329,0,0,0,0,0,0,0,0,0,0
0.373466,0,482078,2425,2424,0,0,0,0,0,0,0,0,0,0
0.374953,0,473753,2339,2338,0,0,0,0,0,0,0,0,0,0
0.376572,0,482103,2338,2337,0,0,0,0,0,0,0,0,0,0
0.378177,0,483809,2329,2328,0,0,0,0,0,0,0,0,0,0
0.379893,0,538200,2335,2334,0,0,0,0,0,0,0,0,0,0
0.381502,0,517911,2350,2349,0,0,0,0,0,0,0,0,0,0
0.383003,0,470370,2337,2336,0,0,0,0,0,0,0,0,0,0
0.384445,0,454252,2331,2330,0,0,0,0,0,0,0,0,0,0
0.385891,0,466763,2341,2340,0,0,0,0,0,0,0,0,0,0
0.387325,0,451768,2335,2334,0,0,0,0,0,0,0,0,0,0
0.388759,0,466949,2339,2338,0,0,0,0,0,0,0,0,0,0
0.390190,0,467384,2328,2327,0,0,0,0,0,0,0,0,0,0
0.391929,0,533587,2347,2346,0,0,0,0,0,0,0,0,0,0
0.393415,0,457842,2339,2338,0,0,0,0,0,0,0,0,0,0
0.394851,0,451971,2341,2340,0,0,0,0,0,0,0,0,0,0
0.396297,0,476874,2339,2338,0,0,0,0,0,0,0,0,0,0
0.397727,0,467254,2328,2327,0,0,0,0,0,0,0,0,0,0
0.399161,0,450011,2383,2382,0,0,0,0,0,0,0,0,0,0
0.400593,0,466206,2340,2339,0,0,0,0,0,0,0,0,0,0
0.402023,0,466607,2339,2338,0,0,0,0,0,0,0,0,0,0
0.403455,0,476004,2328,2327,0,0,0,0,0,0,0,0,0,0
0.404887,0,477721,2340,2339,0,0,0,0,0,0,0,0,0,0
0.406328,0,491329,2344,2343,0,0,0,0,0,0,0,0,0,0
0.407793,0,450655,2346,2345,0,0,0,0,0,0,0,0,0,0
0.409220,0,453800,2348,2347,0,0,0,0,0,0,0,0,0,0
0.410623,0,447406,2363,2362,0,0,0,0,0,0,0,0,0,0
0.412027,0,448367,2336,2335,0,0,0,0,0,0,0,0,0,0
0.413429,0,446489,2339,2338,0,0,0,0,0,0,0,0,0,0
0.414831,0,447066,2384,2383,0,0,0,0,0,0,0,0,0,0
0.416235,0,448876,2378,2377,0,0,0,0,0,0,0,0,0,0
0.417647,0,448447,2359,2358,0,0,0,0,0,0,0,0,0,0
0.419052,0,447713,2341,2340,0,0,0,0,0,0,0,0,0,0
0.420456,0,446833,2338,2337,0,0,0,0,0,0,0,0,0,0
0.421859,0,450235,2316,2315,0,0,0,0,0,0,0,0,0,0
0.423264,0,451200,2332,2331,0,0,0,0,0,0,0,0,0,0
0.424705,0,438105,2400,2399,0,0,0,0,0,0,0,0,0,0
0.426063,0,523172,2362,2361,0,0,0,0,0,0,0,0,0,0
0.427511,0,522547,2426,2425,0,0,0,0,0,0,0,0,0,0
0.428962,0,524059,2333,2332,0,0,0,0,0,0,0,0,0,0
0.430411,0,523288,2755,2754,0,0,0,0,0,0,0,0,0,0
0.431860,0,524850,2341,2340,0,0,0,0,0,0,0,0,0,0
0.433318,0,532505,2671,2670,0,0,0,0,0,0,0,0,0,0
0.434767,0,414800,2338,2337,0,0,0,0,0,0,0,0,0,0
0.436113,0,523147,2383,2382,0,0,0,0,0,0,0,0,0,0
0.437563,0,525043,2372,2371,0,0,0,0,0,0,0,0,0,0
0.439021,0,530315,2353,2352,0,0,0,0,0,0,0,0,0,0
0.440497,0,419562,2338,2337,0,0,0,0,0,0,0,0,0,0
0.441799,0,525752,2334,2333,0,0,0,0,0,0,0,0,0,0
0.443250,0,523513,2341,2340,0,0,0,0,0,0,0,0,0,0
0.444651,0,526134,2328,2327,0,0,0,0,0,0,0,0,0,0
0.446052,0,525554,2332,2331,0,0,0,0,0,0,0,0,0,0
0.447504,0,523910,2339,2338,0,0,0,0,0,0,0,0,0,0
0.448903,0,523782,2367,2366,0,0,0,0,0,0,0,0,0,0
0.450362,0,698771,16301,18039,0,0,0,0,0,0,0,0,4,2
0.451916,0,526580,2461,2460,0,0,0,0,0,0,0,0,0,0
0.453366,0,523576,2328,2327,0,0,0,0,0,0,0,0,0,0
0.454815,0,416155,2342,2341,0,0,0,0,0,0,0,0,0,0
0.456170,0,524013,2342,2341,0,0,0,0,0,0,0,0,0,0
0.457619,0,525190,2357,2356,0,0,0,0,0,0,0,0,0,0
0.459088,0,453759,2325,2324,0,0,0,0,0,0,0,0,0,0
0.460546,0,474254,2332,2331,0,0,0,0,0,0,0,0,0,0
0.461994,0,469260,2338,2337,0,0,0,0,0,0,0,0,0,0
0.463437,0,463885,2335,2334,0,0,0,0,0,0,0,0,0,0
0.464900,0,791086,23260,186718,0,0,0,0,0,0,0,0,22,7
0.466331,0,493048,2477,2476,0,0,0,0,0,0,0,0,0,0
0.467752,0,485891,2341,2340,0,0,0,0,0,0,0,0,0,0
0.469155,0,480666,2380,2379,0,0,0,0,0,0,0,0,0,0
0.470575,0,481247,2442,2441,0,0,0,0,0,0,0,0,0,0
0.471979,0,499544,2326,2325,0,0,0,0,0,0,0,0,0,0
0.473444,0,462528,2339,2338,0,0,0,0,0,0,0,0,0,0
0.474883,0,452989,2606,2605,0,0,0,0,0,0,0,0,0,0
0.476321,0,460158,2334,2333,0,0,0,0,0,0,0,0,0,0
0.477759,0,452399,2349,2348,0,0,0,0,0,0,0,0,0,0
0.479194,0,467448,2391,2390,0,0,0,0,0,0,0,0,0,0
0.480638,0,460429,2343,2342,0,0,0,0,0,0,0,0,0,0
0.482072,0,470255,2336,2335,0,0,0,0,0,0,0,0,0,0
0.483506,0,466182,2492,2491,0,0,0,0,0,0,0,0,0,0
0.484943,0,478203,2334,2333,0,0,0,0,0,0,0,0,0,0
0.486374,0,435722,2332,2331,0,0,0,0,0,0,0,0,0,0
0.487799,0,536257,2335,2334,0,0,0,0,0,0,0,0,0,0
0.489278,0,450690,2333,2332,0,0,0,0,0,0,0,0,0,0
0.490729,0,477078,2328,2327,0,0,0,0,0,0,0,0,0,0
0.492198,0,485875,2337,2336,0,0,0,0,0,0,0,0,0,0
0.493647,0,488813,2345,2344,0,0,0,0,0,0,0,0,0,0
0.495089,0,455040,2338,2337,0,0,0,0,0,0,0,0,0,0
0.496524,0,478661,2348,2347,0,0,0,0,0,0,0,0,0,0
0.497958,0,469336,2341,2340,0,0,0,0,0,0,0,0,0,0
0.499393,0,445517,2336,2335,0,0,0,0,0,0,0,0,0,0
0.500830,0,729841,2339,2338,0,0,0,0,0,0,0,0,0,0
0.502602,0,476725,2333,2332,0,0,0,0,0,0,0,0,0,0
0.504037,0,497981,2330,2329,0,0,0,0,0,0,0,0,0,0
0.505512,0,470595,2534,2533,0,0,0,0,0,0,0,0,0,0
0.506989,0,473395,2332,2331,0,0,0,0,0,0,0,0,0,0
0.508429,0,456390,2325,2324,0,0,0,0,0,0,0,0,0,0
0.509867,0,456646,2348,2347,0,0,0,0,0,0,0,0,0,0
0.511317,0,468587,2337,2336,0,0,0,0,0,0,0,0,0,0
0.512756,0,455311,2337,2336,0,0,0,0,0,0,0,0,0,0
0.514194,0,455203,2341,2340,0,0,0,0,0,0,0,0,0,0
0.515684,0,471119,2346,2345,0,0,0,0,0,0,0,0,0,0
0.517123,0,456040,2338,2337,0,0,0,0,0,0,0,0,0,0
0.518563,0,530995,2334,2333,0,0,0,0,0,0,0,0,0,0
0.520244,0,496141,2464,2463,0,0,0,0,0,0,0,0,0,0
0.521861,0,485321,2333,2332,0,0,0,0,0,0,0,0,0,0
0.523467,0,486601,2327,2326,0,0,0,0,0,0,0,0,0,0
0.525072,0,485625,2325,2324,0,0,0,0,0,0,0,0,0,0
0.526679,0,486066,2329,2328,0,0,0,0,0,0,0,0,0,0
0.528285,0,495818,2338,2337,0,0,0,0,0,0,0,0,0,0
0.529889,0,484196,2365,2364,0,0,0,0,0,0,0,0,0,0
0.531494,0,483576,2410,2409,0,0,0,0,0,0,0,0,0,0
0.534248,0,860151,2338,2337,0,0,0,0,0,0,0,0,0,0
0.536029,0,704550,2339,2338,0,0,0,0,0,0,0,0,0,0
0.537965,0,469004,2329,2328,0,0,0,0,0,0,0,0,0,0
0.539425,0,486534,2342,2341,0,0,0,0,0,0,0,0,0,0
0.540884,0,457440,2337,2336,0,0,0,0,0,0,0,0,0,0
0.542320,0,527210,2337,2336,0,0,0,0,0,0,0,0,0,0
0.543846,0,482687,2333,2332,0,0,0,0,0,0,0,0,0,0
0.545285,0,474529,2338,2337,0,0,0,0,0,0,0,0,0,0
0.546789,0,502333,2330,2329,0,0,0,0,0,0,0,0,0,0
0.548539,0,538638,2333,2332,0,0,0,0,0,0,0,0,0,0
0.550413,0,478905,2325,2324,0,0,0,0,0,0,0,0,0,0
0.551911,0,525881,2336,2335,0,0,0,0,0,0,0,0,0,0
0.553353,0,455994,2338,2337,0,0,0,0,0,0,0,0,0,0
0.554810,0,470713,2332,2331,0,0,0,0,0,0,0,0,0,0
0.556255,0,598483,2334,2333,0,0,0,0,0,0,0,0,0,0
0.557847,0,814368,145542,190068,1,1447,38553,24006,0,0,0,0,40,3
0.559448,0,653978,2615,2614,0,0,0,0,0,0,0,0,0,0
0.561273,0,561658,2340,2339,0,0,0,0,0,0,0,0,0,0
0.562793,0,450459,2338,2337,0,0,0,0,0,0,0,0,0,0
0.564227,0,451014,2393,2392,0,0,0,0,0,0,0,0,0,0
0.565677,0,571665,2332,2331,0,0,0,0,0,0,0,0,0,0
0.567213,0,459816,2366,2365,0,0,0,0,0,0,0,0,0,0
0.568682,0,712473,2410,2409,0,0,0,0,0,0,0,0,0,0
0.570517,0,635685,2392,2391,0,0,0,0,0,0,0,0,0,0
0.572617,0,2311064,138671,706042,1,1420,38300,24087,0,0,0,0,152,3
0.574863,0,507990,2340,2339,0,0,0,0,0,0,0,0,0,0
0.576870,0,471771,2341,2340,0,0,0,0,0,0,0,0,0,0
0.578311,0,542645,2345,2344,0,0,0,0,0,0,0,0,0,0
0.579832,0,456823,2327,2326,0,0,0,0,0,0,0,0,0,0
0.581268,0,613575,2515,2514,0,0,0,0,0,0,0,0,0,0
0.582837,0,862595,2441,2440,0,0,0,0,0,0,0,0,0,0
0.584658,0,594029,142910,168976,1,1566,38580,29309,0,0,0,0,33,3
0.585983,0,485199,3743,19622,0,0,0,0,0,0,0,0,0,0
0.587462,0,472387,2347,2346,0,0,0,0,0,0,0,0,0,0
0.588854,0,465738,2338,2337,0,0,0,0,0,0,0,0,0,0
0.590236,0,467571,2345,2344,0,0,0,0,0,0,0,0,0,0
0.591778,0,562947,2329,2328,0,0,0,0,0,0,0,0,0,0
0.593168,0,471518,2426,2425,0,0,0,0,0,0,0,0,0,0
0.594558,0,467570,2325,2324,0,0,0,0,0,0,0,0,0,0
0.595941,0,461743,2341,2340,0,0,0,0,0,0,0,0,0,0
0.597322,0,462514,2330,2329,0,0,0,0,0,0,0,0,0,0
0.598778,0,473115,2338,2337,0,0,0,0,0,0,0,0,0,0
0.600308,0,581395,2324,2323,0,0,0,0,0,0,0,0,0,0
0.601914,0,716867,62883,103363,0,0,0,0,0,0,0,0,33,3
0.603521,0,1246231,130847,686506,1,1180,37956,29504,0,0,0,0,145,3
0.604932,0,448924,2339,2338,0,0,0,0,0,0,0,0,0,0
0.606336,0,447990,2390,2389,0,0,0,0,0,0,0,0,0,0
0.607738,0,447800,2406,2405,0,0,0,0,0,0,0,0,0,0
0.609154,0,435342,2339,2338,0,0,0,0,0,0,0,0,0,0
0.610580,0,458797,2433,2432,0,0,0,0,0,0,0,0,0,0
0.611984,0,449387,2336,2335,0,0,0,0,0,0,0,0,0,0
0.613389,0,448393,2331,2330,0,0,0,0,0,0,0,0,0,0
0.614834,0,486352,2333,2332,0,0,0,0,0,0,0,0,0,0
0.616259,0,430983,2560,2559,0,0,0,0,0,0,0,0,0,0
0.617623,0,1369728,248789,849621,2,2650,84040,52027,0,0,0,0,178,6
0.618811,0,525353,2508,2507,0,0,0,0,0,0,0,0,0,0
0.620214,0,523066,2619,2618,0,0,0,0,0,0,0,0,0,0
0.621664,0,524745,2349,2348,0,0,0,0,0,0,0,0,0,0
0.623114,0,524845,2329,2328,0,0,0,0,0,0,0,0,0,0
0.624515,0,523770,2327,2326,0,0,0,0,0,0,0,0,0,0
0.625915,0,524465,2366,2365,0,0,0,0,0,0,0,0,0,0
0.627316,0,522001,2425,2424,0,0,0,0,0,0,0,0,0,0
0.628713,0,521509,2338,2337,0,0,0,0,0,0,0,0,0,0
0.630111,0,521948,2340,2339,0,0,0,0,0,0,0,0,0,0
0.631586,0,527256,2423,2422,0,0,0,0,0,0,0,0,0,0
0.633086,0,498232,2347,2346,0,0,0,0,0,0,0,0,0,0
0.634680,0,514707,2363,2362,0,0,0,0,0,0,0,0,0,0
0.636182,0,448952,16394,23457,0,0,0,0,0,0,0,0,33,0
0.637534,0,1222767,175498,771093,1,1221,50693,33198,0,0,0,0,163,8
0.638937,0,478276,2341,2340,0,0,0,0,0,0,0,0,0,0
0.640340,0,484278,2362,2361,0,0,0,0,0,0,0,0,0,0
0.641807,0,476806,2333,2332,0,0,0,0,0,0,0,0,0,0
0.643203,0,733100,94727,96879,1,1179,37710,29122,0,0,0,0,4,2
0.644919,0,479585,2461,2460,0,0,0,0,0,0,0,0,0,0
0.646319,0,479877,2338,2337,0,0,0,0,0,0,0,0,0,0
0.647772,0,476322,2401,2400,0,0,0,0,0,0,0,0,0,0
0.649433,0,903140,2426,2425,0,0,0,0,0,0,0,0,0,0
0.651408,0,861887,143985,184237,1,1189,37907,29340,0,0,0,0,33,3
0.652986,0,1537127,136062,699827,1,1187,38662,31925,0,0,0,0,145,3
0.654594,0,931276,104447,333840,1,1597,38158,29520,0,0,0,0,22,7
0.656101,0,550832,2335,2334,0,0,0,0,0,0,0,0,0,0
0.657566,0,485420,2587,2586,0,0,0,0,0,0,0,0,0,0
0.659016,0,465754,2498,2497,0,0,0,0,0,0,0,0,0,0
0.660462,0,464568,2339,2338,0,0,0,0,0,0,0,0,0,0
0.661918,0,475440,2405,2404,0,0,0,0,0,0,0,0,0,0
0.663363,0,463551,2410,2409,0,0,0,0,0,0,0,0,0,0
0.664809,0,460507,2491,2490,0,0,0,0,0,0,0,0,0,0
0.666455,0,595803,2340,2339,0,0,0,0,0,0,0,0,0,0
0.668131,0,1071896,146642,187401,1,1465,38641,29034,0,0,0,0,33,3
0.669616,0,1280622,134036,691648,1,1182,38593,29330,0,0,0,0,145,3
0.671063,0,537424,2341,2340,0,0,0,0,0,0,0,0,0,0
0.672588,0,468652,2451,2450,0,0,0,0,0,0,0,0,0,0
0.674023,0,469687,2336,2335,0,0,0,0,0,0,0,0,0,0
0.678667,0,544545,2446,2445,0,0,0,0,0,0,0,0,0,0
0.680234,0,478391,2342,2341,0,0,0,0,0,0,0,0,0,0
0.681682,0,493588,2335,2334,0,0,0,0,0,0,0,0,0,0
0.683178,0,479300,2333,2332,0,0,0,0,0,0,0,0,0,0
0.684773,0,542901,2349,2348,0,0,0,0,0,0,0,0,0,0
0.686329,0,1493434,340158,940854,3,90788,128212,80880,0,0,0,0,197,8
0.687697,0,571696,2331,2330,0,0,0,0,0,0,0,0,0,0
0.689096,0,471531,2335,2334,0,0,0,0,0,0,0,0,0,0
0.690487,0,470882,2346,2345,0,0,0,0,0,0,0,0,0,0
0.691925,0,448267,2327,2326,0,0,0,0,0,0,0,0,0,0
0.693326,0,466673,2335,2334,0,0,0,0,0,0,0,0,0,0
0.694713,0,471053,2338,2337,0,0,0,0,0,0,0,0,0,0
0.696124,0,477541,2335,2334,0,0,0,0,0,0,0,0,0,0
0.697580,0,550566,2377,2376,0,0,0,0,0,0,0,0,0,0
0.699140,0,507102,2362,2361,0,0,0,0,0,0,0,0,0,0
0.700836,0,721250,2331,2330,0,0,0,0,0,0,0,0,0,0
0.702653,0,1528722,275886,894146,2,24904,92129,56164,0,0,0,0,202,8
0.704138,0,647407,2444,2443,0,0,0,0,0,0,0,0,0,0
0.705751,0,460669,2343,2342,0,0,0,0,0,0,0,0,0,0
0.707188,0,477372,2342,2341,0,0,0,0,0,0,0,0,0,0
0.708622,0,478338,2331,2330,0,0,0,0,0,0,0,0,0,0
0.710056,0,469457,2337,2336,0,0,0,0,0,0,0,0,0,0
0.711491,0,453119,2338,2337,0,0,0,0,0,0,0,0,0,0
0.712967,0,458155,2336,2335,0,0,0,0,0,0,0,0,0,0
0.714695,0,504191,2404,2403,0,0,0,0,0,0,0,0,0,0
0.716288,0,565743,2471,2470,0,0,0,0,0,0,0,0,0,0
0.717976,0,991634,62562,118090,0,0,0,0,0,0,0,0,58,5
0.719470,0,1259834,138140,692867,1,1182,37884,32055,0,0,0,0,145,3
0.720929,0,575016,2333,2332,0,0,0,0,0,0,0,0,0,0
0.722472,0,481662,2337,2336,0,0,0,0,0,0,0,0,0,0
0.723933,0,454896,2338,2337,0,0,0,0,0,0,0,0,0,0
0.725381,0,459351,2328,2327,0,0,0,0,0,0,0,0,0,0
0.726851,0,487862,2337,2336,0,0,0,0,0,0,0,0,0,0
0.728360,0,469208,2480,2479,0,0,0,0,0,0,0,0,0,0
0.729794,0,462700,2335,2334,0,0,0,0,0,0,0,0,0,0
0.731228,0,452618,2360,2359,0,0,0,0,0,0,0,0,0,0
0.732889,0,477371,2334,2333,0,0,0,0,0,0,0,0,0,0
0.735129,0,1008302,230093,424177,2,2592,75817,58379,0,0,0,0,58,2
0.736440,0,819649,12832,393588,0,0,0,0,0,0,0,0,112,3
0.737881,0,471759,2330,2329,0,0,0,0,0,0,0,0,0,0
0.739318,0,452165,2346,2345,0,0,0,0,0,0,0,0,0,0
0.740759,0,462038,2337,2336,0,0,0,0,0,0,0,0,0,0
0.742199,0,453782,2328,2327,0,0,0,0,0,0,0,0,0,0
0.743825,0,520375,2344,2343,0,0,0,0,0,0,0,0,0,0
0.745308,0,451043,2328,2327,0,0,0,0,0,0,0,0,0,0
0.746756,0,465451,2334,2333,0,0,0,0,0,0,0,0,0,0
0.748193,0,677270,2331,2330,0,0,0,0,0,0,0,0,0,0
0.750055,0,962168,107477,128551,1,1570,38120,29111,0,0,0,0,25,2
0.751848,0,573832,124460,142828,1,1181,37877,28921,0,0,0,0,33,0
0.753244,0,989539,13747,550992,0,0,0,0,0,0,0,0,112,3
0.754767,0,482568,2338,2337,0,0,0,0,0,0,0,0,0,0
0.756261,0,464153,2460,2459,0,0,0,0,0,0,0,0,0,0
0.757707,0,460523,2336,2335,0,0,0,0,0,0,0,0,0,0
0.759142,0,452910,2342,2341,0,0,0,0,0,0,0,0,0,0
0.760614,0,467654,2339,2338,0,0,0,0,0,0,0,0,0,0
0.762049,0,465985,2398,2397,0,0,0,0,0,0,0,0,0,0
0.763483,0,454106,2435,2434,0,0,0,0,0,0,0,0,0,0
0.765103,0,462213,2495,2494,0,0,0,0,0,0,0,0,0,0
0.767070,0,993669,110232,130896,1,1725,38686,29117,0,0,0,0,25,2
0.768593,0,700194,124822,252400,1,1403,38020,29142,0,0,0,0,33,0
0.769912,0,867317,10186,436868,0,0,0,0,0,0,0,0,112,3
0.771355,0,452397,2337,2336,0,0,0,0,0,0,0,0,0,0
0.772789,0,476062,2342,2341,0,0,0,0,0,0,0,0,0,0
0.774221,0,467833,2353,2352,0,0,0,0,0,0,0,0,0,0
0.775736,0,558079,2342,2341,0,0,0,0,0,0,0,0,0,0
0.777168,0,449888,2332,2331,0,0,0,0,0,0,0,0,0,0
0.778681,0,535359,2332,2331,0,0,0,0,0,0,0,0,0,0
0.780194,0,473398,2336,2335,0,0,0,0,0,0,0,0,0,0
0.781857,0,580987,2345,2344,0,0,0,0,0,0,0,0,0,0
0.784113,0,1285117,111452,131681,1,1652,38110,29636,0,0,0,0,25,2
0.785679,0,1069700,129305,641925,1,1175,37971,29036,0,0,0,0,145,3
0.787486,0,778952,5392,46345,0,0,0,0,0,0,0,0,0,0
0.788931,0,455697,2333,2332,0,0,0,0,0,0,0,0,0,0
0.790363,0,474805,2345,2344,0,0,0,0,0,0,0,0,0,0
0.791803,0,509494,2331,2330,0,0,0,0,0,0,0,0,0,0
0.793275,0,448309,2347,2346,0,0,0,0,0,0,0,0,0,0
0.794679,0,448343,2334,2333,0,0,0,0,0,0,0,0,0,0
0.796083,0,448771,2521,2520,0,0,0,0,0,0,0,0,0,0
0.797488,0,448252,2363,2362,0,0,0,0,0,0,0,0,0,0
0.798950,0,464510,2351,2350,0,0,0,0,0,0,0,0,0,0
0.800511,0,551628,47428,131195,0,0,0,0,0,0,0,0,33,0
0.801908,0,929053,11802,492427,0,0,0,0,0,0,0,0,112,3
0.804135,0,451633,2334,2333,0,0,0,0,0,0,0,0,0,0
0.805631,0,764600,2358,2357,0,0,0,0,0,0,0,0,0,0
0.807385,0,523854,2343,2342,0,0,0,0,0,0,0,0,0,0
0.808884,0,443793,2353,2352,0,0,0,0,0,0,0,0,0,0
0.810293,0,524027,2374,2373,0,0,0,0,0,0,0,0,0,0
0.811850,0,492354,2342,2341,0,0,0,0,0,0,0,0,0,0
0.813252,0,443353,2342,2341,0,0,0,0,0,0,0,0,0,0
0.814670,0,425270,2394,2393,0,0,0,0,0,0,0,0,0,0
0.816081,0,436356,2330,2329,0,0,0,0,0,0,0,0,0,0
0.817475,0,437536,2329,2328,0,0,0,0,0,0,0,0,0,0
0.818863,0,435061,2465,2464,0,0,0,0,0,0,0,0,0,0
0.820253,0,556160,2331,2330,0,0,0,0,0,0,0,0,0,0
0.821815,0,511276,2408,2407,0,0,0,0,0,0,0,0,0,0
0.823214,0,436939,2357,2356,0,0,0,0,0,0,0,0,0,0
0.824638,0,533350,2414,2413,0,0,0,0,0,0,0,0,0,0
0.826107,0,540058,2332,2331,0,0,0,0,0,0,0,0,0,0
0.827555,0,523046,2328,2327,0,0,0,0,0,0,0,0,0,0
0.829004,0,525437,2343,2342,0,0,0,0,0,0,0,0,0,0
0.830454,0,424362,2369,2368,0,0,0,0,0,0,0,0,0,0
0.831819,0,434136,2437,2436,0,0,0,0,0,0,0,0,0,0
0.833244,0,1284376,51095,610711,0,0,0,0,0,0,0,0,145,3
0.834651,0,415478,2343,2342,0,0,0,0,0,0,0,0,0,0
0.835944,0,523930,2349,2348,0,0,0,0,0,0,0,0,0,0
0.837397,0,530890,2341,2340,0,0,0,0,0,0,0,0,0,0
0.838855,0,416044,2324,2323,0,0,0,0,0,0,0,0,0,0
0.840162,0,525614,2375,2374,0,0,0,0,0,0,0,0,0,0
0.841563,0,523413,2327,2326,0,0,0,0,0,0,0,0,0,0
0.842987,0,447069,2345,2344,0,0,0,0,0,0,0,0,0,0
0.844388,0,470052,2327,2326,0,0,0,0,0,0,0,0,0,0
0.845832,0,472392,2327,2326,0,0,0,0,0,0,0,0,0,0
0.847288,0,481764,2407,2406,0,0,0,0,0,0,0,0,0,0
0.848759,0,673895,121398,124681,1,1539,40555,44186,0,0,0,0,11,2
0.850593,0,525955,2669,2668,0,0,0,0,0,0,0,0,0,0
0.852152,0,484933,2576,2575,0,0,0,0,0,0,0,0,0,0
0.853932,0,1286110,135528,700347,1,1568,38886,29244,0,0,0,0,145,3
0.855498,0,453708,2291,2290,0,0,0,0,0,0,0,0,0,0
0.856952,0,438836,2437,2436,0,0,0,0,0,0,0,0,0,0
0.858314,0,434341,2328,2327,0,0,0,0,0,0,0,0,0,0
0.859687,0,500339,77111,82595,1,1569,38274,28941,0,0,0,0,18,5
0.860913,0,797221,28755,386928,0,0,0,0,0,0,0,0,4,2
0.862279,0,497685,2340,2339,0,0,0,0,0,0,0,0,0,0
0.863811,0,546447,2347,2346,0,0,0,0,0,0,0,0,0,0
0.865185,0,454327,2397,2396,0,0,0,0,0,0,0,0,0,0
0.866549,0,453029,2352,2351,0,0,0,0,0,0,0,0,0,0
0.867915,0,453765,2424,2423,0,0,0,0,0,0,0,0,0,0
0.869278,0,453030,2834,2833,0,0,0,0,0,0,0,0,0,0
0.870641,0,445844,2344,2343,0,0,0,0,0,0,0,0,0,0
0.872000,0,532715,2321,2320,0,0,0,0,0,0,0,0,0,0
0.873513,0,465899,2320,2319,0,0,0,0,0,0,0,0,0,0
0.876932,0,469796,2331,2330,0,0,0,0,0,0,0,0,0,0
0.878382,0,455426,2336,2335,0,0,0,0,0,0,0,0,0,0
0.879807,0,459165,2410,2409,0,0,0,0,0,0,0,0,0,0
0.881280,0,467761,2408,2407,0,0,0,0,0,0,0,0,0,0
0.884843,0,557666,2336,2335,0,0,0,0,0,0,0,0,0,0
0.886284,0,555805,2344,2343,0,0,0,0,0,0,0,0,0,0
0.887825,0,543284,2334,2333,0,0,0,0,0,0,0,0,0,0
0.889460,0,493359,2343,2342,0,0,0,0,0,0,0,0,0,0
0.890943,0,472218,2339,2338,0,0,0,0,0,0,0,0,0,0
0.892339,0,472241,2338,2337,0,0,0,0,0,0,0,0,0,0
0.893729,0,470673,2344,2343,0,0,0,0,0,0,0,0,0,0
0.895120,0,469611,2339,2338,0,0,0,0,0,0,0,0,0,0
0.896510,0,472447,2340,2339,0,0,0,0,0,0,0,0,0,0
0.897902,0,472639,2334,2333,0,0,0,0,0,0,0,0,0,0
0.899307,0,469016,2365,2364,0,0,0,0,0,0,0,0,0,0
0.900697,0,483493,2348,2347,0,0,0,0,0,0,0,0,0,0
0.902087,0,470637,2341,2340,0,0,0,0,0,0,0,0,0,0
0.903477,0,470220,2544,2543,0,0,0,0,0,0,0,0,0,0
0.904910,0,471301,2341,2340,0,0,0,0,0,0,0,0,0,0
0.906301,0,473717,2336,2335,0,0,0,0,0,0,0,0,0,0
0.907694,0,468844,2477,2476,0,0,0,0,0,0,0,0,0,0
0.909083,0,469519,2335,2334,0,0,0,0,0,0,0,0,0,0
0.910483,0,475066,2344,2343,0,0,0,0,0,0,0,0,0,0
0.911874,0,470184,2339,2338,0,0,0,0,0,0,0,0,0,0
0.913264,0,470196,2340,2339,0,0,0,0,0,0,0,0,0,0
0.914652,0,468038,2433,2432,0,0,0,0,0,0,0,0,0,0
0.916041,0,468930,2339,2338,0,0,0,0,0,0,0,0,0,0
0.917466,0,470880,2329,2328,0,0,0,0,0,0,0,0,0,0
0.918857,0,470999,2338,2337,0,0,0,0,0,0,0,0,0,0
0.920377,0,495454,2388,2387,0,0,0,0,0,0,0,0,0,0
0.922204,0,484693,2416,2415,0,0,0,0,0,0,0,0,0,0
0.924270,0,676975,2343,2342,0,0,0,0,0,0,0,0,0,0
0.925723,0,473928,2337,2336,0,0,0,0,0,0,0,0,0,0
0.927168,0,456080,2337,2336,0,0,0,0,0,0,0,0,0,0
0.928605,0,469365,2326,2325,0,0,0,0,0,0,0,0,0,0
0.930040,0,468884,2335,2334,0,0,0,0,0,0,0,0,0,0
0.931479,0,459506,2329,2328,0,0,0,0,0,0,0,0,0,0
0.933060,0,495097,2336,2335,0,0,0,0,0,0,0,0,0,0
0.934669,0,487786,2421,2420,0,0,0,0,0,0,0,0,0,0
0.936320,0,485245,2373,2372,0,0,0,0,0,0,0,0,0,0
0.937927,0,484938,2341,2340,0,0,0,0,0,0,0,0,0,0
0.939535,0,487550,2332,2331,0,0,0,0,0,0,0,0,0,0
0.941142,0,487351,2340,2339,0,0,0,0,0,0,0,0,0,0
0.942750,0,480877,2342,2341,0,0,0,0,0,0,0,0,0,0
0.944361,0,482959,2333,2332,0,0,0,0,0,0,0,0,0,0
0.945957,0,480418,2333,2332,0,0,0,0,0,0,0,0,0,0
0.947431,0,473734,2336,2335,0,0,0,0,0,0,0,0,0,0
0.948894,0,478153,2336,2335,0,0,0,0,0,0,0,0,0,0
0.950789,0,490068,2345,2344,0,0,0,0,0,0,0,0,0,0
0.952271,0,494063,2367,2366,0,0,0,0,0,0,0,0,0,0
0.953761,0,471256,2354,2353,0,0,0,0,0,0,0,0,0,0
0.955209,0,623663,2342,2341,0,0,0,0,0,0,0,0,0,0
0.956786,0,478275,2344,2343,0,0,0,0,0,0,0,0,0,0
0.958221,0,450741,2339,2338,0,0,0,0,0,0,0,0,0,0
0.959770,0,682889,2334,2333,0,0,0,0,0,0,0,0,0,0
0.961431,0,483208,2329,2328,0,0,0,0,0,0,0,0,0,0
0.963038,0,497681,2337,2336,0,0,0,0,0,0,0,0,0,0
0.964544,0,481388,2362,2361,0,0,0,0,0,0,0,0,0,0
0.966860,0,4329594,2362,2361,0,0,0,0,0,0,0,0,0,0
0.971838,0,480263,2341,2340,0,0,0,0,0,0,0,0,0,0
0.973290,0,462979,2339,2338,0,0,0,0,0,0,0,0,0,0
0.974759,0,470158,2340,2339,0,0,0,0,0,0,0,0,0,0
0.976215,0,470765,2336,2335,0,0,0,0,0,0,0,0,0,0
0.977658,0,459125,2338,2337,0,0,0,0,0,0,0,0,0,0
0.979097,0,457653,2477,2476,0,0,0,0,0,0,0,0,0,0
0.980538,0,458019,2338,2337,0,0,0,0,0,0,0,0,0,0
0.981977,0,456073,2333,2332,0,0,0,0,0,0,0,0,0,0
0.983419,0,458422,2351,2350,0,0,0,0,0,0,0,0,0,0
0.984897,0,471677,2328,2327,0,0,0,0,0,0,0,0,0,0
0.986354,0,474680,2328,2327,0,0,0,0,0,0,0,0,0,0
0.987794,0,455853,2338,2337,0,0,0,0,0,0,0,0,0,0
0.989233,0,454656,2340,2339,0,0,0,0,0,0,0,0,0,0
0.990672,0,502862,2339,2338,0,0,0,0,0,0,0,0,0,0
0.992130,0,474818,2342,2341,0,0,0,0,0,0,0,0,0,0
0.993536,0,471110,2340,2339,0,0,0,0,0,0,0,0,0,0
0.994932,0,474365,2490,2489,0,0,0,0,0,0,0,0,0,0
0.996339,0,482527,2343,2342,0,0,0,0,0,0,0,0,0,0
0.997731,0,472264,2387,2386,0,0,0,0,0,0,0,0,0,0
0.999124,0,471027,2335,2334,0,0,0,0,0,0,0,0,0,0
1.000646,0,506869,2343,2342,0,0,0,0,0,0,0,0,0,0
1.002270,0,491509,2343,2342,0,0,0,0,0,0,0,0,0,0
1.003881,0,495356,2341,2340,0,0,0,0,0,0,0,0,0,0
1.005486,0,483785,2342,2341,0,0,0,0,0,0,0,0,0,0
1.007448,0,488459,2338,2337,0,0,0,0,0,0,0,0,0,0
1.009059,0,495130,2338,2337,0,0,0,0,0,0,0,0,0,0
1.010668,0,496783,2337,2336,0,0,0,0,0,0,0,0,0,0
1.012275,0,484614,2339,2338,0,0,0,0,0,0,0,0,0,0
1.013879,0,484028,2340,2339,0,0,0,0,0,0,0,0,0,0
1.015527,0,496450,2342,2341,0,0,0,0,0,0,0,0,0,0
1.017147,0,484897,2333,2332,0,0,0,0,0,0,0,0,0,0
1.018755,0,495375,2420,2419,0,0,0,0,0,0,0,0,0,0
1.020361,0,483931,2331,2330,0,0,0,0,0,0,0,0,0,0
1.021966,0,483739,2340,2339,0,0,0,0,0,0,0,0,0,0
1.023571,0,488126,2385,2384,0,0,0,0,0,0,0,0,0,0
1.025178,0,496061,2340,2339,0,0,0,0,0,0,0,0,0,0
1.026786,0,487631,2336,2335,0,0,0,0,0,0,0,0,0,0
1.028407,0,485705,2338,2337,0,0,0,0,0,0,0,0,0,0
1.030013,0,483848,2490,2489,0,0,0,0,0,0,0,0,0,0
1.031619,0,484221,2340,2339,0,0,0,0,0,0,0,0,0,0
1.033226,0,485534,2392,2391,0,0,0,0,0,0,0,0,0,0
1.034833,0,494703,2342,2341,0,0,0,0,0,0,0,0,0,0
1.036438,0,831480,2344,2343,0,0,0,0,0,0,0,0,0,0
1.038242,0,481274,2329,2328,0,0,0,0,0,0,0,0,0,0
1.039803,0,582125,2329,2328,0,0,0,0,0,0,0,0,0,0
1.041242,0,452832,2342,2341,0,0,0,0,0,0,0,0,0,0
1.042679,0,456368,2321,2320,0,0,0,0,0,0,0,0,0,0
1.044119,0,456533,2359,2358,0,0,0,0,0,0,0,0,0,0
1.045557,0,443092,2341,2340,0,0,0,0,0,0,0,0,0,0
1.047120,0,485312,2364,2363,0,0,0,0,0,0,0,0,0,0
1.048768,0,485920,2428,2427,0,0,0,0,0,0,0,0,0,0
1.050384,0,546187,2331,2330,0,0,0,0,0,0,0,0,0,0
1.052046,0,497386,2339,2338,0,0,0,0,0,0,0,0,0,0
1.053653,0,495685,2343,2342,0,0,0,0,0,0,0,0,0,0
1.055261,0,485578,2336,2335,0,0,0,0,0,0,0,0,0,0
1.056867,0,484593,2341,2340,0,0,0,0,0,0,0,0,0,0
1.058472,0,491585,2346,2345,0,0,0,0,0,0,0,0,0,0
1.060083,0,494567,2335,2334,0,0,0,0,0,0,0,0,0,0
1.061698,0,486348,2329,2328,0,0,0,0,0,0,0,0,0,0
1.063306,0,496877,2331,2330,0,0,0,0,0,0,0,0,0,0
1.064913,0,484612,2342,2341,0,0,0,0,0,0,0,0,0,0
1.066517,0,529025,2338,2337,0,0,0,0,0,0,0,0,0,0
1.068163,0,485691,2327,2326,0,0,0,0,0,0,0,0,0,0
1.069768,0,483689,2432,2431,0,0,0,0,0,0,0,0,0,0
1.071249,0,473987,2338,2337,0,0,0,0,0,0,0,0,0,0
1.072831,0,481990,2397,2396,0,0,0,0,0,0,0,0,0,0
1.074425,0,518216,2328,2327,0,0,0,0,0,0,0,0,0,0
1.076060,0,488504,2336,2335,0,0,0,0,0,0,0,0,0,0
1.077666,0,485595,2329,2328,0,0,0,0,0,0,0,0,0,0
1.079274,0,486073,2335,2334,0,0,0,0,0,0,0,0,0,0
1.080926,0,487667,2334,2333,0,0,0,0,0,0,0,0,0,0
1.082532,0,595234,2336,2335,0,0,0,0,0,0,0,0,0,0
1.084205,0,474713,2337,2336,0,0,0,0,0,0,0,0,0,0
1.085652,0,460608,2335,2334,0,0,0,0,0,0,0,0,0,0
1.087226,0,488483,2334,2333,0,0,0,0,0,0,0,0,0,0
1.088834,0,486361,2333,2332,0,0,0,0,0,0,0,0,0,0
1.090440,0,493185,2338,2337,0,0,0,0,0,0,0,0,0,0
1.092044,0,490460,2328,2327,0,0,0,0,0,0,0,0,0,0
1.093640,0,480419,2340,2339,0,0,0,0,0,0,0,0,0,0
1.095126,0,473988,2342,2341,0,0,0,0,0,0,0,0,0,0
1.096746,0,487197,2338,2337,0,0,0,0,0,0,0,0,0,0
1.098352,0,490632,2339,2338,0,0,0,0,0,0,0,0,0,0
1.099961,0,486343,2402,2401,0,0,0,0,0,0,0,0,0,0
1.101566,0,483815,2420,2419,0,0,0,0,0,0,0,0,0,0
1.103174,0,487831,2585,2584,0,0,0,0,0,0,0,0,0,0
1.104781,0,485022,2335,2334,0,0,0,0,0,0,0,0,0,0
1.106397,0,489717,2327,2326,0,0,0,0,0,0,0,0,0,0
1.108007,0,477332,2338,2337,0,0,0,0,0,0,0,0,0,0
1.109612,0,486562,2329,2328,0,0,0,0,0,0,0,0,0,0
1.111220,0,486797,2340,2339,0,0,0,0,0,0,0,0,0,0
1.112871,0,486656,2335,2334,0,0,0,0,0,0,0,0,0,0
1.114476,0,500561,2336,2335,0,0,0,0,0,0,0,0,0,0
1.116088,0,485334,2340,2339,0,0,0,0,0,0,0,0,0,0
1.117581,0,445636,2255,2254,0,0,0,0,0,0,0,0,0,0
1.119161,0,465318,2292,2291,0,0,0,0,0,0,0,0,0,0
1.120767,0,474836,2331,2330,0,0,0,0,0,0,0,0,0,0
1.122375,0,575801,2401,2400,0,0,0,0,0,0,0,0,0,0
1.123959,0,454490,2264,2263,0,0,0,0,0,0,0,0,0,0
1.125534,0,465828,2452,2451,0,0,0,0,0,0,0,0,0,0
1.127142,0,465005,2296,2295,0,0,0,0,0,0,0,0,0,0
1.128805,0,458826,2302,2301,0,0,0,0,0,0,0,0,0,0
1.130409,0,470468,2265,2264,0,0,0,0,0,0,0,0,0,0
1.132019,0,463303,2300,2299,0,0,0,0,0,0,0,0,0,0
1.133625,0,465071,2255,2254,0,0,0,0,0,0,0,0,0,0
1.135156,0,464186,2251,2250,0,0,0,0,0,0,0,0,0,0
1.136762,0,465325,2316,2315,0,0,0,0,0,0,0,0,0,0
1.138367,0,502422,2262,2261,0,0,0,0,0,0,0,0,0,0
1.140001,0,464803,2265,2264,0,0,0,0,0,0,0,0,0,0
1.141606,0,464113,2298,2297,0,0,0,0,0,0,0,0,0,0
1.143213,0,467058,2261,2260,0,0,0,0,0,0,0,0,0,0
1.144862,0,476925,2267,2266,0,0,0,0,0,0,0,0,0,0
1.146399,0,510958,2300,2299,0,0,0,0,0,0,0,0,0,0
1.147899,0,448728,2260,2259,0,0,0,0,0,0,0,0,0,0
1.149342,0,439072,2299,2298,0,0,0,0,0,0,0,0,0,0
1.150832,0,451562,2298,2297,0,0,0,0,0,0,0,0,0,0
1.152279,0,456337,2261,2260,0,0,0,0,0,0,0,0,0,0
1.153726,0,722305,2301,2300,0,0,0,0,0,0,0,0,0,0
1.156870,0,1800371,2264,2263,0,0,0,0,0,0,0,0,0,0
1.159005,0,461882,2254,2253,0,0,0,0,0,0,0,0,0,0
1.160504,0,450639,2260,2259,0,0,0,0,0,0,0,0,0,0
1.162111,0,466307,2263,2262,0,0,0,0,0,0,0,0,0,0
1.163560,0,452751,2326,2325,0,0,0,0,0,0,0,0,0,0
1.164960,0,453399,2261,2260,0,0,0,0,0,0,0,0,0,0
1.166354,0,455449,2325,2324,0,0,0,0,0,0,0,0,0,0
1.167750,0,457974,2304,2303,0,0,0,0,0,0,0,0,0,0
1.169144,0,453303,2290,2289,0,0,0,0,0,0,0,0,0,0
1.170589,0,441991,2257,2256,0,0,0,0,0,0,0,0,0,0
1.171998,0,451787,2265,2264,0,0,0,0,0,0,0,0,0,0
1.173391,0,453001,2265,2264,0,0,0,0,0,0,0,0,0,0
1.174784,0,452986,2265,2264,0,0,0,0,0,0,0,0,0,0
1.176194,0,460628,2255,2254,0,0,0,0,0,0,0,0,0,0
1.177633,0,433977,2249,2248,0,0,0,0,0,0,0,0,0,0
1.179069,0,495088,2258,2257,0,0,0,0,0,0,0,0,0,0
1.180696,0,477110,2295,2294,0,0,0,0,0,0,0,0,0,0
1.182316,0,469783,2254,2253,0,0,0,0,0,0,0,0,0,0
1.183928,0,466937,2297,2296,0,0,0,0,0,0,0,0,0,0
1.185535,0,466776,2307,2306,0,0,0,0,0,0,0,0,0,0
1.187145,0,467414,2300,2299,0,0,0,0,0,0,0,0,0,0
1.188755,0,464486,2252,2251,0,0,0,0,0,0,0,0,0,0
1.190361,0,468697,2262,2261,0,0,0,0,0,0,0,0,0,0
1.191971,0,513123,2260,2259,0,0,0,0,0,0,0,0,0,0
1.193636,0,465279,2261,2260,0,0,0,0,0,0,0,0,0,0
1.195245,0,462458,2251,2250,0,0,0,0,0,0,0,0,0,0
1.196843,0,460674,2297,2296,0,0,0,0,0,0,0,0,0,0
1.198440,0,548636,2301,2300,0,0,0,0,0,0,0,0,0,0
1.200120,0,471377,2436,2435,0,0,0,0,0,0,0,0,0,0
1.201717,0,461771,2406,2405,0,0,0,0,0,0,0,0,0,0
1.203188,0,451769,2287,2286,0,0,0,0,0,0,0,0,0,0
1.204774,0,464123,2313,2312,0,0,0,0,0,0,0,0,0,0
1.206378,0,517478,2303,2302,0,0,0,0,0,0,0,0,0,0
1.208033,0,464819,2349,2348,0,0,0,0,0,0,0,0,0,0
1.209638,0,464329,2300,2299,0,0,0,0,0,0,0,0,0,0
1.211245,0,474445,2253,2252,0,0,0,0,0,0,0,0,0,0
1.212851,0,463739,2259,2258,0,0,0,0,0,0,0,0,0,0
1.214683,0,463824,2436,2435,0,0,0,0,0,0,0,0,0,0
1.216172,0,453582,2249,2248,0,0,0,0,0,0,0,0,0,0
1.217618,0,441942,2304,2303,0,0,0,0,0,0,0,0,0,0
1.219063,0,443036,2294,2293,0,0,0,0,0,0,0,0,0,0
1.220504,0,431719,2251,2250,0,0,0,0,0,0,0,0,0,0
1.221944,0,462208,2436,2435,0,0,0,0,0,0,0,0,0,0
1.223384,0,437327,2251,2250,0,0,0,0,0,0,0,0,0,0
1.224954,0,463639,2259,2258,0,0,0,0,0,0,0,0,0,0
1.226573,0,472632,2297,2296,0,0,0,0,0,0,0,0,0,0
1.228177,0,462991,2264,2263,0,0,0,0,0,0,0,0,0,0
1.229658,0,455395,2305,2304,0,0,0,0,0,0,0,0,0,0
1.231238,0,465365,2301,2300,0,0,0,0,0,0,0,0,0,0
1.232842,0,464907,2261,2260,0,0,0,0,0,0,0,0,0,0
1.234445,0,470346,2251,2250,0,0,0,0,0,0,0,0,0,0
1.236056,0,464341,2277,2276,0,0,0,0,0,0,0,0,0,0
1.237671,0,464704,2361,2360,0,0,0,0,0,0,0,0,0,0
1.239278,0,462583,2253,2252,0,0,0,0,0,0,0,0,0,0
1.240926,0,463352,2295,2294,0,0,0,0,0,0,0,0,0,0
1.242530,0,574773,2266,2265,0,0,0,0,0,0,0,0,0,0
1.244199,0,452743,2294,2293,0,0,0,0,0,0,0,0,0,0
1.245644,0,439775,2397,2396,0,0,0,0,0,0,0,0,0,0
1.247217,0,464548,2262,2261,0,0,0,0,0,0,0,0,0,0
1.248834,0,465354,2248,2247,0,0,0,0,0,0,0,0,0,0
1.250438,0,469490,2265,2264,0,0,0,0,0,0,0,0,0,0
1.252046,0,464521,2277,2276,0,0,0,0,0,0,0,0,0,0
1.253650,0,463888,2260,2259,0,0,0,0,0,0,0,0,0,0
1.255151,0,466490,2302,2301,0,0,0,0,0,0,0,0,0,0
1.256800,0,464743,2259,2258,0,0,0,0,0,0,0,0,0,0
1.258403,0,470131,2258,2257,0,0,0,0,0,0,0,0,0,0
1.260027,0,474570,2428,2427,0,0,0,0,0,0,0,0,0,0
1.261630,0,463221,2256,2255,0,0,0,0,0,0,0,0,0,0
1.263238,0,463811,2300,2299,0,0,0,0,0,0,0,0,0,0
1.264843,0,464329,2376,2375,0,0,0,0,0,0,0,0,0,0
1.266447,0,469597,2261,2260,0,0,0,0,0,0,0,0,0,0
1.268055,0,461409,2264,2263,0,0,0,0,0,0,0,0,0,0
1.269529,0,454591,2298,2297,0,0,0,0,0,0,0,0,0,0
1.271121,0,467582,2294,2293,0,0,0,0,0,0,0,0,0,0
1.272772,0,464755,2303,2302,0,0,0,0,0,0,0,0,0,0
1.274378,0,492022,2255,2254,0,0,0,0,0,0,0,0,0,0
1.276012,0,467323,2298,2297,0,0,0,0,0,0,0,0,0,0
1.277619,0,465590,2303,2302,0,0,0,0,0,0,0,0,0,0
1.279229,0,466947,2301,2300,0,0,0,0,0,0,0,0,0,0
1.280839,0,466057,2262,2261,0,0,0,0,0,0,0,0,0,0
1.282457,0,470114,2302,2301,0,0,0,0,0,0,0,0,0,0
1.284069,0,464315,2302,2301,0,0,0,0,0,0,0,0,0,0
1.285674,0,466065,2338,2337,0,0,0,0,0,0,0,0,0,0
1.287321,0,466144,2299,2298,0,0,0,0,0,0,0,0,0,0
1.288932,0,465131,2340,2339,0,0,0,0,0,0,0,0,0,0
1.290622,0,538189,2301,2300,0,0,0,0,0,0,0,0,0,0
1.292294,0,465389,2262,2261,0,0,0,0,0,0,0,0,0,0
1.293912,0,465654,2297,2296,0,0,0,0,0,0,0,0,0,0
1.295520,0,466290,2258,2257,0,0,0,0,0,0,0,0,0,0
1.297128,0,465028,2260,2259,0,0,0,0,0,0,0,0,0,0
1.298738,0,461453,2280,2279,0,0,0,0,0,0,0,0,0,0
1.300336,0,459891,2297,2296,0,0,0,0,0,0,0,0,0,0
1.301932,0,457884,2302,2301,0,0,0,0,0,0,0,0,0,0
1.303405,0,452011,2263,2262,0,0,0,0,0,0,0,0,0,0
1.304995,0,463848,2286,2285,0,0,0,0,0,0,0,0,0,0
1.306602,0,466942,2259,2258,0,0,0,0,0,0,0,0,0,0
1.308209,0,463729,2296,2295,0,0,0,0,0,0,0,0,0,0
1.309813,0,474002,2263,2262,0,0,0,0,0,0,0,0,0,0
1.311419,0,465594,2259,2258,0,0,0,0,0,0,0,0,0,0
1.313025,0,465306,2263,2262,0,0,0,0,0,0,0,0,0,0
1.314633,0,465966,2259,2258,0,0,0,0,0,0,0,0,0,0
1.316254,0,465558,2259,2258,0,0,0,0,0,0,0,0,0,0
1.317859,0,463483,2256,2255,0,0,0,0,0,0,0,0,0,0
1.319464,0,464384,2417,2416,0,0,0,0,0,0,0,0,0,0
1.321125,0,466441,2297,2296,0,0,0,0,0,0,0,0,0,0
1.322733,0,465017,2414,2413,0,0,0,0,0,0,0,0,0,0
1.324339,0,463021,2253,2252,0,0,0,0,0,0,0,0,0,0
1.325943,0,462360,2300,2299,0,0,0,0,0,0,0,0,0,0
1.327561,0,464528,2253,2252,0,0,0,0,0,0,0,0,0,0
1.329166,0,465837,2303,2302,0,0,0,0,0,0,0,0,0,0
1.330773,0,462489,2248,2247,0,0,0,0,0,0,0,0,0,0
1.332379,0,463827,2299,2298,0,0,0,0,0,0,0,0,0,0
1.333982,0,465258,2300,2299,0,0,0,0,0,0,0,0,0,0
1.335589,0,466587,2288,2287,0,0,0,0,0,0,0,0,0,0
1.337198,0,463235,2251,2250,0,0,0,0,0,0,0,0,0,0
1.338817,0,465725,2266,2265,0,0,0,0,0,0,0,0,0,0
1.340423,0,463755,2261,2260,0,0,0,0,0,0,0,0,0,0
1.342026,0,465049,2258,2257,0,0,0,0,0,0,0,0,0,0
1.343631,0,475294,2263,2262,0,0,0,0,0,0,0,0,0,0
1.345238,0,463384,2261,2260,0,0,0,0,0,0,0,0,0,0
1.346844,0,464138,2295,2294,0,0,0,0,0,0,0,0,0,0
1.348450,0,463566,2259,2258,0,0,0,0,0,0,0,0,0,0
1.350065,0,463666,2265,2264,0,0,0,0,0,0,0,0,0,0
1.351670,0,526035,2325,2324,0,0,0,0,0,0,0,0,0,0
1.353259,0,459917,2301,2300,0,0,0,0,0,0,0,0,0,0
1.354715,0,444041,2305,2304,0,0,0,0,0,0,0,0,0,0
1.356285,0,465249,2253,2252,0,0,0,0,0,0,0,0,0,0
1.357889,0,465847,2265,2264,0,0,0,0,0,0,0,0,0,0
1.359494,0,463596,2250,2249,0,0,0,0,0,0,0,0,0,0
1.361114,0,464209,2323,2322,0,0,0,0,0,0,0,0,0,0
1.362721,0,466456,2294,2293,0,0,0,0,0,0,0,0,0,0
1.364326,0,462407,2254,2253,0,0,0,0,0,0,0,0,0,0
1.365930,0,463529,2300,2299,0,0,0,0,0,0,0,0,0,0
1.367535,0,465654,2296,2295,0,0,0,0,0,0,0,0,0,0
1.369141,0,465244,2263,2262,0,0,0,0,0,0,0,0,0,0
1.370748,0,463777,2265,2264,0,0,0,0,0,0,0,0,0,0
1.372367,0,464696,2295,2294,0,0,0,0,0,0,0,0,0,0
1.373972,0,464803,2303,2302,0,0,0,0,0,0,0,0,0,0
1.375577,0,463381,2302,2301,0,0,0,0,0,0,0,0,0,0
1.377182,0,465787,2294,2293,0,0,0,0,0,0,0,0,0,0
1.378790,0,464620,2296,2295,0,0,0,0,0,0,0,0,0,0
1.380396,0,463936,2255,2254,0,0,0,0,0,0,0,0,0,0
1.381999,0,465019,2290,2289,0,0,0,0,0,0,0,0,0,0
1.383617,0,465850,2259,2258,0,0,0,0,0,0,0,0,0,0
1.385224,0,464565,2336,2335,0,0,0,0,0,0,0,0,0,0
1.386831,0,465966,2302,2301,0,0,0,0,0,0,0,0,0,0
1.388437,0,465048,2260,2259,0,0,0,0,0,0,0,0,0,0
1.390041,0,463953,2255,2254,0,0,0,0,0,0,0,0,0,0
1.391645,0,463203,2262,2261,0,0,0,0,0,0,0,0,0,0
1.393250,0,463491,2301,2300,0,0,0,0,0,0,0,0,0,0
1.394746,0,451699,2237,2236,0,0,0,0,0,0,0,0,0,0
1.396322,0,442448,2238,2237,0,0,0,0,0,0,0,0,0,0
1.397925,0,443810,2236,2235,0,0,0,0,0,0,0,0,0,0
1.399531,0,445127,2192,2191,0,0,0,0,0,0,0,0,0,0
1.401137,0,442967,2226,2225,0,0,0,0,0,0,0,0,0,0
1.402744,0,441861,2198,2197,0,0,0,0,0,0,0,0,0,0
1.404217,0,430697,2199,2198,0,0,0,0,0,0,0,0,0,0
1.405796,0,440323,2235,2234,0,0,0,0,0,0,0,0,0,0
1.407271,0,434123,2192,2191,0,0,0,0,0,0,0,0,0,0
1.408846,0,444824,2240,2239,0,0,0,0,0,0,0,0,0,0
1.410451,0,452585,2230,2229,0,0,0,0,0,0,0,0,0,0
1.412063,0,446045,2198,2197,0,0,0,0,0,0,0,0,0,0
1.413669,0,444429,2238,2237,0,0,0,0,0,0,0,0,0,0
1.415277,0,446096,2226,2225,0,0,0,0,0,0,0,0,0,0
1.416898,0,445934,2198,2197,0,0,0,0,0,0,0,0,0,0
1.418503,0,387835,2225,2224,0,0,0,0,0,0,0,0,0,0
1.419923,0,434107,2240,2239,0,0,0,0,0,0,0,0,0,0
1.421496,0,443648,2228,2227,0,0,0,0,0,0,0,0,0,0
1.423139,0,441372,2272,2271,0,0,0,0,0,0,0,0,0,0
1.424737,0,441618,2236,2235,0,0,0,0,0,0,0,0,0,0
1.426333,0,438483,2237,2236,0,0,0,0,0,0,0,0,0,0
1.427959,0,469309,2240,2239,0,0,0,0,0,0,0,0,0,0
1.429599,0,446471,2240,2239,0,0,0,0,0,0,0,0,0,0
1.431208,0,448265,2232,2231,0,0,0,0,0,0,0,0,0,0
1.432829,0,445976,2233,2232,0,0,0,0,0,0,0,0,0,0
1.434435,0,451168,2207,2206,0,0,0,0,0,0,0,0,0,0
1.436049,0,445948,2231,2230,0,0,0,0,0,0,0,0,0,0
1.437655,0,446942,2234,2233,0,0,0,0,0,0,0,0,0,0
1.439278,0,445680,2241,2240,0,0,0,0,0,0,0,0,0,0
1.440886,0,444652,2227,2226,0,0,0,0,0,0,0,0,0,0
1.442491,0,488845,2239,2238,0,0,0,0,0,0,0,0,0,0
1.444141,0,447806,2236,2235,0,0,0,0,0,0,0,0,0,0
1.445746,0,444299,2240,2239,0,0,0,0,0,0,0,0,0,0
1.447355,0,444810,2240,2239,0,0,0,0,0,0,0,0,0,0
1.448964,0,445635,2237,2236,0,0,0,0,0,0,0,0,0,0
1.450586,0,447212,2234,2233,0,0,0,0,0,0,0,0,0,0
1.452482,0,736971,2239,2238,0,0,0,0,0,0,0,0,0,0
1.454258,0,489292,2275,2274,0,0,0,0,0,0,0,0,0,0
1.455766,0,436823,2234,2233,0,0,0,0,0,0,0,0,0,0
1.457209,0,434495,2243,2242,0,0,0,0,0,0,0,0,0,0
1.458653,0,434071,2235,2234,0,0,0,0,0,0,0,0,0,0
1.460095,0,433574,2234,2233,0,0,0,0,0,0,0,0,0,0
1.461551,0,437158,2233,2232,0,0,0,0,0,0,0,0,0,0
1.463000,0,434010,2283,2282,0,0,0,0,0,0,0,0,0,0
1.464485,0,432970,2237,2236,0,0,0,0,0,0,0,0,0,0
1.465925,0,433264,2195,2194,0,0,0,0,0,0,0,0,0,0
1.467368,0,434524,2190,2189,0,0,0,0,0,0,0,0,0,0
1.468809,0,435024,2233,2232,0,0,0,0,0,0,0,0,0,0
1.470379,0,469540,2167,2166,0,0,0,0,0,0,0,0,0,0
1.471888,0,437825,2238,2237,0,0,0,0,0,0,0,0,0,0
1.473336,0,435231,2252,2251,0,0,0,0,0,0,0,0,0,0
1.474782,0,434998,2195,2194,0,0,0,0,0,0,0,0,0,0
1.476225,0,434739,2233,2232,0,0,0,0,0,0,0,0,0,0
1.477667,0,434360,2194,2193,0,0,0,0,0,0,0,0,0,0
1.479111,0,395282,2244,2243,0,0,0,0,0,0,0,0,0,0
1.480687,0,447164,2204,2203,0,0,0,0,0,0,0,0,0,0
1.482306,0,449462,2193,2192,0,0,0,0,0,0,0,0,0,0
1.483916,0,445783,2339,2338,0,0,0,0,0,0,0,0,0,0
1.485523,0,446230,2234,2233,0,0,0,0,0,0,0,0,0,0
1.487133,0,446665,2235,2234,0,0,0,0,0,0,0,0,0,0
1.488741,0,443999,2198,2197,0,0,0,0,0,0,0,0,0,0
1.490345,0,449998,2236,2235,0,0,0,0,0,0,0,0,0,0
1.491957,0,445593,2248,2247,0,0,0,0,0,0,0,0,0,0
1.493574,0,443364,2239,2238,0,0,0,0,0,0,0,0,0,0
1.495183,0,445497,2240,2239,0,0,0,0,0,0,0,0,0,0
1.496834,0,446985,2201,2200,0,0,0,0,0,0,0,0,0,0
1.498440,0,448356,2234,2233,0,0,0,0,0,0,0,0,0,0
1.500046,0,441078,2227,2226,0,0,0,0,0,0,0,0,0,0
1.501641,0,440997,2278,2277,0,0,0,0,0,0,0,0,0,0
1.503117,0,435283,2237,2236,0,0,0,0,0,0,0,0,0,0
1.504703,0,447146,2187,2186,0,0,0,0,0,0,0,0,0,0
1.506310,0,449941,2240,2239,0,0,0,0,0,0,0,0,0,0
1.507917,0,441181,2281,2280,0,0,0,0,0,0,0,0,0,0
1.509513,0,441644,2195,2194,0,0,0,0,0,0,0,0,0,0
1.510989,0,433529,2235,2234,0,0,0,0,0,0,0,0,0,0
1.512607,0,444002,2235,2234,0,0,0,0,0,0,0,0,0,0
1.514212,0,443876,2236,2235,0,0,0,0,0,0,0,0,0,0
1.515886,0,496205,2237,2236,0,0,0,0,0,0,0,0,0,0
1.517491,0,443728,2234,2233,0,0,0,0,0,0,0,0,0,0
1.519098,0,445238,2238,2237,0,0,0,0,0,0,0,0,0,0
1.520704,0,444209,2199,2198,0,0,0,0,0,0,0,0,0,0
1.522308,0,449432,2351,2350,0,0,0,0,0,0,0,0,0,0
1.523918,0,443803,2227,2226,0,0,0,0,0,0,0,0,0,0
1.525521,0,443066,2199,2198,0,0,0,0,0,0,0,0,0,0
1.527141,0,446161,2236,2235,0,0,0,0,0,0,0,0,0,0
1.528791,0,444019,2240,2239,0,0,0,0,0,0,0,0,0,0
1.530396,0,452976,2188,2187,0,0,0,0,0,0,0,0,0,0
1.532006,0,444574,2233,2232,0,0,0,0,0,0,0,0,0,0
1.533611,0,444255,2161,2160,0,0,0,0,0,0,0,0,0,0
1.535218,0,443769,2234,2233,0,0,0,0,0,0,0,0,0,0
1.536823,0,442642,2203,2202,0,0,0,0,0,0,0,0,0,0
1.538311,0,438775,2306,2305,0,0,0,0,0,0,0,0,0,0
1.539891,0,443905,2228,2227,0,0,0,0,0,0,0,0,0,0
1.541496,0,443230,2237,2236,0,0,0,0,0,0,0,0,0,0
1.543103,0,445726,2226,2225,0,0,0,0,0,0,0,0,0,0
1.544753,0,445587,2225,2224,0,0,0,0,0,0,0,0,0,0
1.546358,0,448991,2195,2194,0,0,0,0,0,0,0,0,0,0
1.547968,0,444122,2235,2234,0,0,0,0,0,0,0,0,0,0
1.549586,0,444019,2236,2235,0,0,0,0,0,0,0,0,0,0
1.551193,0,443582,2234,2233,0,0,0,0,0,0,0,0,0,0
1.552681,0,439044,2237,2236,0,0,0,0,0,0,0,0,0,0
1.554263,0,450980,2235,2234,0,0,0,0,0,0,0,0,0,0
1.555874,0,446144,2230,2229,0,0,0,0,0,0,0,0,0,0
1.557515,0,445926,2207,2206,0,0,0,0,0,0,0,0,0,0
1.559124,0,446815,2427,2426,0,0,0,0,0,0,0,0,0,0
1.560788,0,446444,2263,2262,0,0,0,0,0,0,0,0,0,0
1.562391,0,450765,2239,2238,0,0,0,0,0,0,0,0,0,0
1.564000,0,445173,2265,2264,0,0,0,0,0,0,0,0,0,0
1.565607,0,446477,2244,2243,0,0,0,0,0,0,0,0,0,0
1.567216,0,446964,2234,2233,0,0,0,0,0,0,0,0,0,0
1.568823,0,444372,2320,2319,0,0,0,0,0,0,0,0,0,0
1.570426,0,447345,2198,2197,0,0,0,0,0,0,0,0,0,0
1.572051,0,446844,2245,2244,0,0,0,0,0,0,0,0,0,0
1.573655,0,444985,2225,2224,0,0,0,0,0,0,0,0,0,0
1.575261,0,445624,2231,2230,0,0,0,0,0,0,0,0,0,0
1.576911,0,446691,2234,2233,0,0,0,0,0,0,0,0,0,0
1.578517,0,490564,2239,2238,0,0,0,0,0,0,0,0,0,0
1.580045,0,435609,2224,2223,0,0,0,0,0,0,0,0,0,0
1.581493,0,433492,2196,2195,0,0,0,0,0,0,0,0,0,0
1.583076,0,441443,2226,2225,0,0,0,0,0,0,0,0,0,0
1.584675,0,443062,2233,2232,0,0,0,0,0,0,0,0,0,0
1.586271,0,484039,2238,2237,0,0,0,0,0,0,0,0,0,0
1.587924,0,447346,2248,2247,0,0,0,0,0,0,0,0,0,0
1.589530,0,445280,2237,2236,0,0,0,0,0,0,0,0,0,0
1.591139,0,446327,2236,2235,0,0,0,0,0,0,0,0,0,0
1.592789,0,445677,2153,2152,0,0,0,0,0,0,0,0,0,0
1.594408,0,448669,2234,2233,0,0,0,0,0,0,0,0,0,0
1.596020,0,446808,2323,2322,0,0,0,0,0,0,0,0,0,0
1.597626,0,446153,2194,2193,0,0,0,0,0,0,0,0,0,0
1.599236,0,446975,2239,2238,0,0,0,0,0,0,0,0,0,0
1.600842,0,445480,2196,2195,0,0,0,0,0,0,0,0,0,0
1.602448,0,451209,2204,2203,0,0,0,0,0,0,0,0,0,0
1.604061,0,444607,2231,2230,0,0,0,0,0,0,0,0,0,0
1.605678,0,446703,2223,2222,0,0,0,0,0,0,0,0,0,0
1.607289,0,446111,2238,2237,0,0,0,0,0,0,0,0,0,0
1.608939,0,445365,2233,2232,0,0,0,0,0,0,0,0,0,0
1.610621,0,506459,2233,2232,0,0,0,0,0,0,0,0,0,0
1.612284,0,441694,2232,2231,0,0,0,0,0,0,0,0,0,0
1.613880,0,440851,2190,2189,0,0,0,0,0,0,0,0,0,0
1.615356,0,433738,2229,2228,0,0,0,0,0,0,0,0,0,0
1.616943,0,443196,2372,2371,0,0,0,0,0,0,0,0,0,0
1.618618,0,433508,2296,2295,0,0,0,0,0,0,0,0,0,0
1.620086,0,435543,2236,2235,0,0,0,0,0,0,0,0,0,0
1.621531,0,431972,2226,2225,0,0,0,0,0,0,0,0,0,0
1.623104,0,445759,2236,2235,0,0,0,0,0,0,0,0,0,0
1.624753,0,444838,2228,2227,0,0,0,0,0,0,0,0,0,0
1.626358,0,449026,2252,2251,0,0,0,0,0,0,0,0,0,0
1.627981,0,443974,2332,2331,0,0,0,0,0,0,0,0,0,0
1.629585,0,445020,2271,2270,0,0,0,0,0,0,0,0,0,0
1.631193,0,445755,2241,2240,0,0,0,0,0,0,0,0,0,0
1.632800,0,443759,2203,2202,0,0,0,0,0,0,0,0,0,0
1.634405,0,449346,2208,2207,0,0,0,0,0,0,0,0,0,0
1.636015,0,444724,2234,2233,0,0,0,0,0,0,0,0,0,0
1.637619,0,442816,2226,2225,0,0,0,0,0,0,0,0,0,0
1.639238,0,445635,2374,2373,0,0,0,0,0,0,0,0,0,0
1.640887,0,445150,2234,2233,0,0,0,0,0,0,0,0,0,0
1.642491,0,486970,2239,2238,0,0,0,0,0,0,0,0,0,0
1.644140,0,442359,2231,2230,0,0,0,0,0,0,0,0,0,0
1.645744,0,444489,2225,2224,0,0,0,0,0,0,0,0,0,0
1.647352,0,445384,2233,2232,0,0,0,0,0,0,0,0,0,0
1.648959,0,445549,2212,2211,0,0,0,0,0,0,0,0,0,0
1.650578,0,445837,2231,2230,0,0,0,0,0,0,0,0,0,0
1.652184,0,443637,2239,2238,0,0,0,0,0,0,0,0,0,0
1.653789,0,446368,2233,2232,0,0,0,0,0,0,0,0,0,0
1.655398,0,445368,2236,2235,0,0,0,0,0,0,0,0,0,0
1.657005,0,445014,2227,2226,0,0,0,0,0,0,0,0,0,0
1.658614,0,446871,2197,2196,0,0,0,0,0,0,0,0,0,0
1.660222,0,444537,2235,2234,0,0,0,0,0,0,0,0,0,0
1.661839,0,442648,2192,2191,0,0,0,0,0,0,0,0,0,0
1.663444,0,444263,2232,2231,0,0,0,0,0,0,0,0,0,0
1.665050,0,444123,2242,2241,0,0,0,0,0,0,0,0,0,0
1.666658,0,445432,2190,2189,0,0,0,0,0,0,0,0,0,0
1.668264,0,445909,2204,2203,0,0,0,0,0,0,0,0,0,0
1.669868,0,444489,2230,2229,0,0,0,0,0,0,0,0,0,0
1.671474,0,444122,2239,2238,0,0,0,0,0,0,0,0,0,0
1.672977,0,421546,2099,2098,0,0,0,0,0,0,0,0,0,0
1.674645,0,439189,2093,2092,0,0,0,0,0,0,0,0,0,0
1.676278,0,414717,2101,2100,0,0,0,0,0,0,0,0,0,0
1.677882,0,413469,2136,2135,0,0,0,0,0,0,0,0,0,0
1.679489,0,414551,2224,2223,0,0,0,0,0,0,0,0,0,0
1.681096,0,413711,2098,2097,0,0,0,0,0,0,0,0,0,0
1.682704,0,413601,2103,2102,0,0,0,0,0,0,0,0,0,0
1.684197,0,406135,2209,2208,0,0,0,0,0,0,0,0,0,0
1.685773,0,415395,2205,2204,0,0,0,0,0,0,0,0,0,0
1.687382,0,416105,2204,2203,0,0,0,0,0,0,0,0,0,0
1.688991,0,414494,2206,2205,0,0,0,0,0,0,0,0,0,0
1.690599,0,415914,2206,2205,0,0,0,0,0,0,0,0,0,0
1.692204,0,413274,2207,2206,0,0,0,0,0,0,0,0,0,0
1.693836,0,416683,2217,2216,0,0,0,0,0,0,0,0,0,0
1.695493,0,417277,2278,2277,0,0,0,0,0,0,0,0,0,0
1.697104,0,414663,2213,2212,0,0,0,0,0,0,0,0,0,0
1.698714,0,416327,2207,2206,0,0,0,0,0,0,0,0,0,0
1.700325,0,414861,2207,2206,0,0,0,0,0,0,0,0,0,0
1.701933,0,414582,2199,2198,0,0,0,0,0,0,0,0,0,0
1.703543,0,417002,2205,2204,0,0,0,0,0,0,0,0,0,0
1.705154,0,415521,2206,2205,0,0,0,0,0,0,0,0,0,0
1.706777,0,416862,2210,2209,0,0,0,0,0,0,0,0,0,0
1.708386,0,415963,2213,2212,0,0,0,0,0,0,0,0,0,0
1.709994,0,414523,2204,2203,0,0,0,0,0,0,0,0,0,0
1.711603,0,412130,2203,2202,0,0,0,0,0,0,0,0,0,0
1.713203,0,411020,2206,2205,0,0,0,0,0,0,0,0,0,0
1.714870,0,414414,2211,2210,0,0,0,0,0,0,0,0,0,0
1.716348,0,433204,2206,2205,0,0,0,0,0,0,0,0,0,0
1.717895,0,404532,2207,2206,0,0,0,0,0,0,0,0,0,0
1.719342,0,405310,2202,2201,0,0,0,0,0,0,0,0,0,0
1.720829,0,403820,2205,2204,0,0,0,0,0,0,0,0,0,0
1.722271,0,446545,2206,2205,0,0,0,0,0,0,0,0,0,0
1.725311,0,406045,2224,2223,0,0,0,0,0,0,0,0,0,0
1.726886,0,416994,2207,2206,0,0,0,0,0,0,0,0,0,0
1.728507,0,414983,2206,2205,0,0,0,0,0,0,0,0,0,0
1.730114,0,416404,2206,2205,0,0,0,0,0,0,0,0,0,0
1.731722,0,415387,2199,2198,0,0,0,0,0,0,0,0,0,0
1.733330,0,413319,2202,2201,0,0,0,0,0,0,0,0,0,0
1.734938,0,415102,2200,2199,0,0,0,0,0,0,0,0,0,0
1.736591,0,413891,2201,2200,0,0,0,0,0,0,0,0,0,0
1.738197,0,414568,2209,2208,0,0,0,0,0,0,0,0,0,0
1.739773,0,462170,2364,2363,0,0,0,0,0,0,0,0,0,0
1.741355,0,417324,2437,2436,0,0,0,0,0,0,0,0,0,0
1.742969,0,414837,2358,2357,0,0,0,0,0,0,0,0,0,0
1.744581,0,415139,2359,2358,0,0,0,0,0,0,0,0,0,0
1.746192,0,416013,2367,2366,0,0,0,0,0,0,0,0,0,0
1.747859,0,467841,6457,6456,0,0,0,0,0,0,0,0,0,0
1.749471,0,416399,6452,6451,0,0,0,0,0,0,0,0,0,0
1.751097,0,414765,6456,6455,0,0,0,0,0,0,0,0,0,0
1.752896,0,487040,6457,6456,0,0,0,0,0,0,0,0,0,0
1.754456,0,414321,2358,2357,0,0,0,0,0,0,0,0,0,0
1.756045,0,416551,2359,2358,0,0,0,0,0,0,0,0,0,0
1.757656,0,416150,2352,2351,0,0,0,0,0,0,0,0,0,0
1.759270,0,417290,2432,2431,0,0,0,0,0,0,0,0,0,0
1.760882,0,416833,2368,2367,0,0,0,0,0,0,0,0,0,0
1.762505,0,410932,6419,6418,0,0,0,0,0,0,0,0,0,0
1.763983,0,407227,6455,6454,0,0,0,0,0,0,0,0,0,0
1.765434,0,404612,6460,6459,0,0,0,0,0,0,0,0,0,0
1.767013,0,418261,2356,2355,0,0,0,0,0,0,0,0,0,0
1.768670,0,416092,6461,6460,0,0,0,0,0,0,0,0,0,0
1.770280,0,420088,6452,6451,0,0,0,0,0,0,0,0,0,0
1.771897,0,416883,2385,2384,0,0,0,0,0,0,0,0,0,0
1.773521,0,416566,6458,6457,0,0,0,0,0,0,0,0,0,0
1.775134,0,416670,2360,2359,0,0,0,0,0,0,0,0,0,0
1.776746,0,415671,2379,2378,0,0,0,0,0,0,0,0,0,0
1.778355,0,419513,2360,2359,0,0,0,0,0,0,0,0,0,0
1.779970,0,417235,2359,2358,0,0,0,0,0,0,0,0,0,0
1.781580,0,417366,2323,2322,0,0,0,0,0,0,0,0,0,0
1.783193,0,416342,6453,6452,0,0,0,0,0,0,0,0,0,0
1.784694,0,407114,2361,2360,0,0,0,0,0,0,0,0,0,0
1.786274,0,419382,2361,2360,0,0,0,0,0,0,0,0,0,0
1.787890,0,416791,2534,2533,0,0,0,0,0,0,0,0,0,0
1.789500,0,415084,6450,6449,0,0,0,0,0,0,0,0,0,0
1.791113,0,417298,6462,6461,0,0,0,0,0,0,0,0,0,0
1.792724,0,415483,6456,6455,0,0,0,0,0,0,0,0,0,0
1.794333,0,419266,2356,2355,0,0,0,0,0,0,0,0,0,0
1.795836,0,410595,2485,2484,0,0,0,0,0,0,0,0,0,0
1.797419,0,415849,2404,2403,0,0,0,0,0,0,0,0,0,0
1.799032,0,416940,2429,2428,0,0,0,0,0,0,0,0,0,0
1.800688,0,416108,2403,2402,0,0,0,0,0,0,0,0,0,0
1.802299,0,419467,2405,2404,0,0,0,0,0,0,0,0,0,0
1.803914,0,414666,6500,6499,0,0,0,0,0,0,0,0,0,0
1.805522,0,414430,2402,2401,0,0,0,0,0,0,0,0,0,0
1.807021,0,407774,2407,2406,0,0,0,0,0,0,0,0,0,0
1.808604,0,416159,6505,6504,0,0,0,0,0,0,0,0,0,0
1.810216,0,417287,6496,6495,0,0,0,0,0,0,0,0,0,0
1.811802,0,496130,2407,2406,0,0,0,0,0,0,0,0,0,0
1.813384,0,416455,2405,2404,0,0,0,0,0,0,0,0,0,0
1.814999,0,416988,2410,2409,0,0,0,0,0,0,0,0,0,0
1.816657,0,418023,2407,2406,0,0,0,0,0,0,0,0,0,0
1.818282,0,421840,6507,6506,0,0,0,0,0,0,0,0,0,0
1.819895,0,412446,2409,2408,0,0,0,0,0,0,0,0,0,0
1.821497,0,413629,2412,2411,0,0,0,0,0,0,0,0,0,0
1.822977,0,406873,2404,2403,0,0,0,0,0,0,0,0,0,0
1.824558,0,414766,6557,6556,0,0,0,0,0,0,0,0,0,0
1.826166,0,416049,2405,2404,0,0,0,0,0,0,0,0,0,0
1.827842,0,416748,2410,2409,0,0,0,0,0,0,0,0,0,0
1.829464,0,418066,2512,2511,0,0,0,0,0,0,0,0,0,0
1.831078,0,417572,2406,2405,0,0,0,0,0,0,0,0,0,0
1.832770,0,415884,6613,6612,0,0,0,0,0,0,0,0,0,0
1.834381,0,466675,2405,2404,0,0,0,0,0,0,0,0,0,0
1.836049,0,415877,2404,2403,0,0,0,0,0,0,0,0,0,0
1.837658,0,416387,2410,2409,0,0,0,0,0,0,0,0,0,0
1.839271,0,416991,6498,6497,0,0,0,0,0,0,0,0,0,0
1.840897,0,417614,2405,2404,0,0,0,0,0,0,0,0,0,0
1.842507,0,452106,6503,6502,0,0,0,0,0,0,0,0,0,0
1.844158,0,415207,6502,6501,0,0,0,0,0,0,0,0,0,0
1.845767,0,416641,6498,6497,0,0,0,0,0,0,0,0,0,0
1.847380,0,414669,2406,2405,0,0,0,0,0,0,0,0,0,0
1.848991,0,415310,2474,2473,0,0,0,0,0,0,0,0,0,0
1.851109,0,419463,6503,6502,0,0,0,0,0,0,0,0,0,0
1.852732,0,416118,6496,6495,0,0,0,0,0,0,0,0,0,0
1.854343,0,419528,2403,2402,0,0,0,0,0,0,0,0,0,0
1.855956,0,416178,2407,2406,0,0,0,0,0,0,0,0,0,0
1.857595,0,419227,6506,6505,0,0,0,0,0,0,0,0,0,0
1.859087,0,408213,2398,2397,0,0,0,0,0,0,0,0,0,0
1.860538,0,405683,6496,6495,0,0,0,0,0,0,0,0,0,0
1.862116,0,418059,6503,6502,0,0,0,0,0,0,0,0,0,0
1.863612,0,406678,6503,6502,0,0,0,0,0,0,0,0,0,0
1.865196,0,416993,6506,6505,0,0,0,0,0,0,0,0,0,0
1.866811,0,418156,6508,6507,0,0,0,0,0,0,0,0,0,0
1.868425,0,416665,2402,2401,0,0,0,0,0,0,0,0,0,0
1.870035,0,417286,2410,2409,0,0,0,0,0,0,0,0,0,0
1.871647,0,416482,2407,2406,0,0,0,0,0,0,0,0,0,0
1.873261,0,416016,6547,6546,0,0,0,0,0,0,0,0,0,0
1.874888,0,418864,2401,2400,0,0,0,0,0,0,0,0,0,0
1.876503,0,416811,6499,6498,0,0,0,0,0,0,0,0,0,0
1.878113,0,415847,6512,6511,0,0,0,0,0,0,0,0,0,0
1.879726,0,417475,6500,6499,0,0,0,0,0,0,0,0,0,0
1.881339,0,418050,6507,6506,0,0,0,0,0,0,0,0,0,0
1.882955,0,416930,2396,2395,0,0,0,0,0,0,0,0,0,0
1.884568,0,416955,2406,2405,0,0,0,0,0,0,0,0,0,0
1.886193,0,417464,2410,2409,0,0,0,0,0,0,0,0,0,0
1.887897,0,474006,2400,2399,0,0,0,0,0,0,0,0,0,0
1.889508,0,416517,6500,6499,0,0,0,0,0,0,0,0,0,0
1.891123,0,418616,2400,2399,0,0,0,0,0,0,0,0,0,0
1.892736,0,417005,6505,6504,0,0,0,0,0,0,0,0,0,0
1.894347,0,420404,6501,6500,0,0,0,0,0,0,0,0,0,0
1.895964,0,458827,6508,6507,0,0,0,0,0,0,0,0,0,0
1.897634,0,416282,2405,2404,0,0,0,0,0,0,0,0,0,0
1.899248,0,418126,2404,2403,0,0,0,0,0,0,0,0,0,0
1.900861,0,416800,6502,6501,0,0,0,0,0,0,0,0,0,0
1.902473,0,422683,6499,6498,0,0,0,0,0,0,0,0,0,0
1.904091,0,417978,2405,2404,0,0,0,0,0,0,0,0,0,0
1.905702,0,417249,2404,2403,0,0,0,0,0,0,0,0,0,0
1.907317,0,419705,2403,2402,0,0,0,0,0,0,0,0,0,0
1.908943,0,416725,6502,6501,0,0,0,0,0,0,0,0,0,0
1.910638,0,417780,2480,2479,0,0,0,0,0,0,0,0,0,0
1.912164,0,404613,6499,6498,0,0,0,0,0,0,0,0,0,0
1.913609,0,403126,6503,6502,0,0,0,0,0,0,0,0,0,0
1.915053,0,406471,6501,6500,0,0,0,0,0,0,0,0,0,0
1.916630,0,416855,2413,2412,0,0,0,0,0,0,0,0,0,0
1.918242,0,466303,6618,6617,0,0,0,0,0,0,0,0,0,0
1.919928,0,416745,6502,6501,0,0,0,0,0,0,0,0,0,0
1.921539,0,417162,6581,6580,0,0,0,0,0,0,0,0,0,0
1.923154,0,412942,2406,2405,0,0,0,0,0,0,0,0,0,0
1.924758,0,411899,6499,6498,0,0,0,0,0,0,0,0,0,0
1.926361,0,406479,2426,2425,0,0,0,0,0,0,0,0,0,0
1.927986,0,483521,2404,2403,0,0,0,0,0,0,0,0,0,0
1.929644,0,417389,2403,2402,0,0,0,0,0,0,0,0,0,0
1.931272,0,418738,2404,2403,0,0,0,0,0,0,0,0,0,0
1.932886,0,416865,6503,6502,0,0,0,0,0,0,0,0,0,0
1.934498,0,363954,6508,6507,0,0,0,0,0,0,0,0,0,0
1.935920,0,403438,6498,6497,0,0,0,0,0,0,0,0,0,0
1.937363,0,402614,2409,2408,0,0,0,0,0,0,0,0,0,0
1.938810,0,408925,2406,2405,0,0,0,0,0,0,0,0,0,0
1.940316,0,410007,2400,2399,0,0,0,0,0,0,0,0,0,0
1.941773,0,405696,2403,2402,0,0,0,0,0,0,0,0,0,0
1.943222,0,405922,6500,6499,0,0,0,0,0,0,0,0,0,0
1.944708,0,407110,2401,2400,0,0,0,0,0,0,0,0,0,0
1.946153,0,407174,6509,6508,0,0,0,0,0,0,0,0,0,0
1.947598,0,403368,6502,6501,0,0,0,0,0,0,0,0,0,0
1.949046,0,406634,6507,6506,0,0,0,0,0,0,0,0,0,0
1.950626,0,415309,6588,6587,0,0,0,0,0,0,0,0,0,0
1.952122,0,385602,1986,1985,0,0,0,0,0,0,0,0,0,0
1.953575,0,377603,1991,1990,0,0,0,0,0,0,0,0,0,0
1.955158,0,387307,1992,1991,0,0,0,0,0,0,0,0,0,0
1.956767,0,384783,1980,1979,0,0,0,0,0,0,0,0,0,0
1.958374,0,423323,1987,1986,0,0,0,0,0,0,0,0,0,0
1.959905,0,378871,1989,1988,0,0,0,0,0,0,0,0,0,0
1.961352,0,374682,1994,1993,0,0,0,0,0,0,0,0,0,0
1.962810,0,375791,2091,2090,0,0,0,0,0,0,0,0,0,0
1.964385,0,385023,2092,2091,0,0,0,0,0,0,0,0,0,0
1.965993,0,384613,2089,2088,0,0,0,0,0,0,0,0,0,0
1.967636,0,386147,2094,2093,0,0,0,0,0,0,0,0,0,0
1.969246,0,384931,2100,2099,0,0,0,0,0,0,0,0,0,0
1.970857,0,384844,2091,2090,0,0,0,0,0,0,0,0,0,0
1.972466,0,385968,2092,2091,0,0,0,0,0,0,0,0,0,0
1.974086,0,385342,2093,2092,0,0,0,0,0,0,0,0,0,0
1.975695,0,383405,2090,2089,0,0,0,0,0,0,0,0,0,0
1.977304,0,383276,2091,2090,0,0,0,0,0,0,0,0,0,0
1.978915,0,385104,2095,2094,0,0,0,0,0,0,0,0,0,0
1.980524,0,384543,2087,2086,0,0,0,0,0,0,0,0,0,0
1.982132,0,384619,2084,2083,0,0,0,0,0,0,0,0,0,0
1.983612,0,374995,2092,2091,0,0,0,0,0,0,0,0,0,0
1.985201,0,385302,2202,2201,0,0,0,0,0,0,0,0,0,0
1.986812,0,385080,2080,2079,0,0,0,0,0,0,0,0,0,0
1.988422,0,384146,2089,2088,0,0,0,0,0,0,0,0,0,0
1.990028,0,384634,2095,2094,0,0,0,0,0,0,0,0,0,0
1.991638,0,385236,2079,2078,0,0,0,0,0,0,0,0,0,0
1.993248,0,383687,2088,2087,0,0,0,0,0,0,0,0,0,0
1.994859,0,383331,2094,2093,0,0,0,0,0,0,0,0,0,0
1.996481,0,383277,2114,2113,0,0,0,0,0,0,0,0,0,0
1.998088,0,384656,2085,2084,0,0,0,0,0,0,0,0,0,0
1.999698,0,386925,2090,2089,0,0,0,0,0,0,0,0,0,0
2.001307,0,383364,2083,2082,0,0,0,0,0,0,0,0,0,0
2.002918,0,384606,2091,2090,0,0,0,0,0,0,0,0,0,0
2.004528,0,384871,2091,2090,0,0,0,0,0,0,0,0,0,0
2.006136,0,385784,2095,2094,0,0,0,0,0,0,0,0,0,0
2.007697,0,375053,2092,2091,0,0,0,0,0,0,0,0,0,0
2.009276,0,384165,2090,2089,0,0,0,0,0,0,0,0,0,0
2.010888,0,385088,2090,2089,0,0,0,0,0,0,0,0,0,0
2.012496,0,384897,2083,2082,0,0,0,0,0,0,0,0,0,0
2.014104,0,384964,2173,2172,0,0,0,0,0,0,0,0,0,0
2.015713,0,384694,2090,2089,0,0,0,0,0,0,0,0,0,0
2.017322,0,385841,2090,2089,0,0,0,0,0,0,0,0,0,0
2.018823,0,376781,2222,2221,0,0,0,0,0,0,0,0,0,0
2.020408,0,386293,2225,2224,0,0,0,0,0,0,0,0,0,0
2.022019,0,386336,2291,2290,0,0,0,0,0,0,0,0,0,0
2.023634,0,385855,2225,2224,0,0,0,0,0,0,0,0,0,0
2.025249,0,385594,2223,2222,0,0,0,0,0,0,0,0,0,0
2.026864,0,382110,2225,2224,0,0,0,0,0,0,0,0,0,0
2.028469,0,382598,2223,2222,0,0,0,0,0,0,0,0,0,0
2.030086,0,382226,2223,2222,0,0,0,0,0,0,0,0,0,0
2.031563,0,376420,2279,2278,0,0,0,0,0,0,0,0,0,0
2.033140,0,385144,2306,2305,0,0,0,0,0,0,0,0,0,0
2.034752,0,385980,2233,2232,0,0,0,0,0,0,0,0,0,0
2.036363,0,385325,2233,2232,0,0,0,0,0,0,0,0,0,0
2.037973,0,386363,2240,2239,0,0,0,0,0,0,0,0,0,0
2.039586,0,385201,2277,2276,0,0,0,0,0,0,0,0,0,0
2.041210,0,385091,2353,2352,0,0,0,0,0,0,0,0,0,0
2.042822,0,385246,2087,2086,0,0,0,0,0,0,0,0,0,0
2.044430,0,382795,2222,2221,0,0,0,0,0,0,0,0,0,0
2.046039,0,385386,2249,2248,0,0,0,0,0,0,0,0,0,0
2.047648,0,384365,2222,2221,0,0,0,0,0,0,0,0,0,0
2.049256,0,384678,2223,2222,0,0,0,0,0,0,0,0,0,0
2.050868,0,389337,2228,2227,0,0,0,0,0,0,0,0,0,0
2.052496,0,385053,2227,2226,0,0,0,0,0,0,0,0,0,0
2.054106,0,384867,2227,2226,0,0,0,0,0,0,0,0,0,0
2.055717,0,385425,2225,2224,0,0,0,0,0,0,0,0,0,0
2.057329,0,385880,2221,2220,0,0,0,0,0,0,0,0,0,0
2.058943,0,386736,2228,2227,0,0,0,0,0,0,0,0,0,0
2.060556,0,384788,2228,2227,0,0,0,0,0,0,0,0,0,0
2.062165,0,384836,2225,2224,0,0,0,0,0,0,0,0,0,0
2.063742,0,374663,2222,2221,0,0,0,0,0,0,0,0,0,0
2.065318,0,381876,2223,2222,0,0,0,0,0,0,0,0,0,0
2.066796,0,376694,2227,2226,0,0,0,0,0,0,0,0,0,0
2.068376,0,386064,2220,2219,0,0,0,0,0,0,0,0,0,0
2.069987,0,385169,2228,2227,0,0,0,0,0,0,0,0,0,0
2.071598,0,383938,2229,2228,0,0,0,0,0,0,0,0,0,0
2.073320,0,386660,2220,2219,0,0,0,0,0,0,0,0,0,0
2.074821,0,377008,2263,2262,0,0,0,0,0,0,0,0,0,0
2.076405,0,387162,2270,2269,0,0,0,0,0,0,0,0,0,0
2.077882,0,395296,2272,2271,0,0,0,0,0,0,0,0,0,0
2.079392,0,406811,2266,2265,0,0,0,0,0,0,0,0,0,0
2.080882,0,377601,2268,2267,0,0,0,0,0,0,0,0,0,0
2.082351,0,396410,2277,2276,0,0,0,0,0,0,0,0,0,0
2.083802,0,376027,2275,2274,0,0,0,0,0,0,0,0,0,0
2.085258,0,376180,2273,2272,0,0,0,0,0,0,0,0,0,0
2.086707,0,377309,2271,2270,0,0,0,0,0,0,0,0,0,0
2.088197,0,376632,2270,2269,0,0,0,0,0,0,0,0,0,0
2.089644,0,372978,2366,2365,0,0,0,0,0,0,0,0,0,0
2.091223,0,390587,2286,2285,0,0,0,0,0,0,0,0,0,0
2.092840,0,386435,2273,2272,0,0,0,0,0,0,0,0,0,0
2.094452,0,388184,2270,2269,0,0,0,0,0,0,0,0,0,0
2.096077,0,380926,2266,2265,0,0,0,0,0,0,0,0,0,0
2.097678,0,382325,2260,2259,0,0,0,0,0,0,0,0,0,0
2.099155,0,377778,2268,2267,0,0,0,0,0,0,0,0,0,0
2.100737,0,387576,2266,2265,0,0,0,0,0,0,0,0,0,0
2.102231,0,382367,2270,2269,0,0,0,0,0,0,0,0,0,0
2.103813,0,467280,2268,2267,0,0,0,0,0,0,0,0,0,0
2.105439,0,386293,2270,2269,0,0,0,0,0,0,0,0,0,0
2.107068,0,387917,2269,2268,0,0,0,0,0,0,0,0,0,0
2.108684,0,387035,2377,2376,0,0,0,0,0,0,0,0,0,0
2.110296,0,390170,2273,2272,0,0,0,0,0,0,0,0,0,0
2.111914,0,387537,2264,2263,0,0,0,0,0,0,0,0,0,0
2.113527,0,386822,2271,2270,0,0,0,0,0,0,0,0,0,0
2.115121,0,389458,2271,2270,0,0,0,0,0,0,0,0,0,0
2.116611,0,380525,2274,2273,0,0,0,0,0,0,0,0,0,0
2.118074,0,378386,2268,2267,0,0,0,0,0,0,0,0,0,0
2.119528,0,377092,2273,2272,0,0,0,0,0,0,0,0,0,0
2.121019,0,375782,2268,2267,0,0,0,0,0,0,0,0,0,0
2.122467,0,378134,2264,2263,0,0,0,0,0,0,0,0,0,0
2.123916,0,376617,2274,2273,0,0,0,0,0,0,0,0,0,0
2.125493,0,386896,2268,2267,0,0,0,0,0,0,0,0,0,0
2.127109,0,386635,2269,2268,0,0,0,0,0,0,0,0,0,0
2.128738,0,386556,2271,2270,0,0,0,0,0,0,0,0,0,0
2.130351,0,390528,2277,2276,0,0,0,0,0,0,0,0,0,0
2.131964,0,383329,2325,2324,0,0,0,0,0,0,0,0,0,0
2.133567,0,382228,2270,2269,0,0,0,0,0,0,0,0,0,0
2.135045,0,375960,2274,2273,0,0,0,0,0,0,0,0,0,0
2.136671,0,384695,2376,2375,0,0,0,0,0,0,0,0,0,0
2.138282,0,389614,2274,2273,0,0,0,0,0,0,0,0,0,0
2.139913,0,385450,2268,2267,0,0,0,0,0,0,0,0,0,0
2.141524,0,385454,2274,2273,0,0,0,0,0,0,0,0,0,0
2.143139,0,385862,2270,2269,0,0,0,0,0,0,0,0,0,0
2.144751,0,383913,2261,2260,0,0,0,0,0,0,0,0,0,0
2.146360,0,389537,2275,2274,0,0,0,0,0,0,0,0,0,0
2.147977,0,385691,2268,2267,0,0,0,0,0,0,0,0,0,0
2.149587,0,386922,2271,2270,0,0,0,0,0,0,0,0,0,0
2.151213,0,384631,2272,2271,0,0,0,0,0,0,0,0,0,0
2.152868,0,383970,2274,2273,0,0,0,0,0,0,0,0,0,0
2.154353,0,382855,2272,2271,0,0,0,0,0,0,0,0,0,0
2.155945,0,385380,2265,2264,0,0,0,0,0,0,0,0,0,0
2.157557,0,386032,2295,2294,0,0,0,0,0,0,0,0,0,0
2.159171,0,385820,2271,2270,0,0,0,0,0,0,0,0,0,0
2.160783,0,386373,2274,2273,0,0,0,0,0,0,0,0,0,0
2.162407,0,390085,2274,2273,0,0,0,0,0,0,0,0,0,0
2.164023,0,384795,2276,2275,0,0,0,0,0,0,0,0,0,0
2.165633,0,384082,2269,2268,0,0,0,0,0,0,0,0,0,0
2.167247,0,386598,2268,2267,0,0,0,0,0,0,0,0,0,0
2.168903,0,385471,2270,2269,0,0,0,0,0,0,0,0,0,0
2.170514,0,442967,2271,2270,0,0,0,0,0,0,0,0,0,0
2.172067,0,377952,2267,2266,0,0,0,0,0,0,0,0,0,0
2.173527,0,375535,2271,2270,0,0,0,0,0,0,0,0,0,0
2.175109,0,385583,2265,2264,0,0,0,0,0,0,0,0,0,0
2.176721,0,385623,2269,2268,0,0,0,0,0,0,0,0,0,0
2.178332,0,388577,2274,2273,0,0,0,0,0,0,0,0,0,0
2.179947,0,386132,2268,2267,0,0,0,0,0,0,0,0,0,0
2.181558,0,384417,2305,2304,0,0,0,0,0,0,0,0,0,0
2.183171,0,385730,2269,2268,0,0,0,0,0,0,0,0,0,0
2.184840,0,386042,2267,2266,0,0,0,0,0,0,0,0,0,0
2.186451,0,389070,2267,2266,0,0,0,0,0,0,0,0,0,0
2.188067,0,383737,2267,2266,0,0,0,0,0,0,0,0,0,0
2.189677,0,384960,2275,2274,0,0,0,0,0,0,0,0,0,0
2.191291,0,386477,2278,2277,0,0,0,0,0,0,0,0,0,0
2.192904,0,385563,2269,2268,0,0,0,0,0,0,0,0,0,0
2.194514,0,406226,2270,2269,0,0,0,0,0,0,0,0,0,0
2.196161,0,385621,2271,2270,0,0,0,0,0,0,0,0,0,0
2.197772,0,384241,2264,2263,0,0,0,0,0,0,0,0,0,0
2.199385,0,385290,2274,2273,0,0,0,0,0,0,0,0,0,0
2.200999,0,385545,2268,2267,0,0,0,0,0,0,0,0,0,0
2.202612,0,386467,2269,2268,0,0,0,0,0,0,0,0,0,0
2.204225,0,384227,2267,2266,0,0,0,0,0,0,0,0,0,0
2.205835,0,385467,2273,2272,0,0,0,0,0,0,0,0,0,0
2.207460,0,384295,2272,2271,0,0,0,0,0,0,0,0,0,0
2.208942,0,376138,2272,2271,0,0,0,0,0,0,0,0,0,0
2.210523,0,389418,2276,2275,0,0,0,0,0,0,0,0,0,0
2.212226,0,388953,2275,2274,0,0,0,0,0,0,0,0,0,0
2.213722,0,390867,2274,2273,0,0,0,0,0,0,0,0,0,0
2.216969,0,426381,2270,2269,0,0,0,0,0,0,0,0,0,0
2.218676,0,444259,2278,2277,0,0,0,0,0,0,0,0,0,0
2.220401,0,522532,2265,2264,0,0,0,0,0,0,0,0,0,0
2.221849,0,932753,2274,2273,0,0,0,0,0,0,0,0,0,0
2.224189,0,746660,2271,2270,0,0,0,0,0,0,0,0,0,0
2.226071,0,373188,2269,2268,0,0,0,0,0,0,0,0,0,0
2.227514,0,374073,2267,2266,0,0,0,0,0,0,0,0,0,0
2.228968,0,352677,2123,2122,0,0,0,0,0,0,0,0,0,0
2.230420,0,335539,2041,2040,0,0,0,0,0,0,0,0,0,0
2.232589,0,403065,2039,2038,0,0,0,0,0,0,0,0,0,0
2.234117,0,335955,2033,2032,0,0,0,0,0,0,0,0,0,0
2.235542,0,333576,2034,2033,0,0,0,0,0,0,0,0,0,0
2.236947,0,332461,2037,2036,0,0,0,0,0,0,0,0,0,0
2.238346,0,332217,2034,2033,0,0,0,0,0,0,0,0,0,0
2.239824,0,333785,2081,2080,0,0,0,0,0,0,0,0,0,0
2.241263,0,335141,2106,2105,0,0,0,0,0,0,0,0,0,0
2.242659,0,331012,2143,2142,0,0,0,0,0,0,0,0,0,0
2.244055,0,333214,2075,2074,0,0,0,0,0,0,0,0,0,0
2.245451,0,330935,2078,2077,0,0,0,0,0,0,0,0,0,0
2.246847,0,332124,2081,2080,0,0,0,0,0,0,0,0,0,0
2.248265,0,340983,2078,2077,0,0,0,0,0,0,0,0,0,0
2.249743,0,337102,2072,2071,0,0,0,0,0,0,0,0,0,0
2.251632,0,348735,2098,2097,0,0,0,0,0,0,0,0,0,0
2.253274,0,362020,2080,2079,0,0,0,0,0,0,0,0,0,0
2.254884,0,469989,2082,2081,0,0,0,0,0,0,0,0,0,0
2.256826,0,339456,2073,2072,0,0,0,0,0,0,0,0,0,0
2.258289,0,335076,2075,2074,0,0,0,0,0,0,0,0,0,0
2.259751,0,338084,2075,2074,0,0,0,0,0,0,0,0,0,0
2.261211,0,332895,2075,2074,0,0,0,0,0,0,0,0,0,0
2.262687,0,334903,2076,2075,0,0,0,0,0,0,0,0,0,0
2.264178,0,332976,2083,2082,0,0,0,0,0,0,0,0,0,0
2.265618,0,331203,2078,2077,0,0,0,0,0,0,0,0,0,0
2.267058,0,327572,2074,2073,0,0,0,0,0,0,0,0,0,0
2.268497,0,329549,2074,2073,0,0,0,0,0,0,0,0,0,0
2.269936,0,331878,2080,2079,0,0,0,0,0,0,0,0,0,0
2.271390,0,332262,2078,2077,0,0,0,0,0,0,0,0,0,0
2.272825,0,412658,2080,2079,0,0,0,0,0,0,0,0,0,0
2.274462,0,374479,2074,2073,0,0,0,0,0,0,0,0,0,0
2.275917,0,332736,2077,2076,0,0,0,0,0,0,0,0,0,0
2.277363,0,331964,2078,2077,0,0,0,0,0,0,0,0,0,0
2.278811,0,331458,2063,2062,0,0,0,0,0,0,0,0,0,0
2.280294,0,529890,2094,2093,0,0,0,0,0,0,0,0,0,0
2.284069,0,1549544,2079,2078,0,0,0,0,0,0,0,0,0,0
2.285523,0,334257,2082,2081,0,0,0,0,0,0,0,0,0,0
2.286968,0,329038,2073,2072,0,0,0,0,0,0,0,0,0,0
2.288522,0,373230,2078,2077,0,0,0,0,0,0,0,0,0,0
2.290026,0,332766,2078,2077,0,0,0,0,0,0,0,0,0,0
2.291467,0,323623,2076,2075,0,0,0,0,0,0,0,0,0,0
2.292936,0,351590,2079,2078,0,0,0,0,0,0,0,0,0,0
2.294389,0,365024,7515,7514,0,0,0,0,0,0,0,0,0,0
2.295936,0,402375,7747,7746,0,0,0,0,0,0,0,0,0,0
2.297486,0,368656,7993,7992,0,0,0,0,0,0,0,0,0,0
2.298993,0,366075,7889,7888,0,0,0,0,0,0,0,0,0,0
2.300501,0,364497,7975,7974,0,0,0,0,0,0,0,0,0,0
2.302008,0,368282,7969,7968,0,0,0,0,0,0,0,0,0,0
2.303516,0,370612,7994,7993,0,0,0,0,0,0,0,0,0,0
2.305215,0,386785,7576,7575,0,0,0,0,0,0,0,0,0,0
2.306740,0,376739,7522,7521,0,0,0,0,0,0,0,0,0,0
2.308214,0,372524,7803,7802,0,0,0,0,0,0,0,0,0,0
2.309678,0,366996,7975,7974,0,0,0,0,0,0,0,0,0,0
2.311147,0,366482,7943,7942,0,0,0,0,0,0,0,0,0,0
2.312641,0,375040,8177,8176,0,0,0,0,0,0,0,0,0,0
2.314159,0,368099,7931,7930,0,0,0,0,0,0,0,0,0,0
2.315764,0,415008,8004,8003,0,0,0,0,0,0,0,0,0,0
2.317412,0,375657,7934,7933,0,0,0,0,0,0,0,0,0,0
2.319100,0,375203,7984,7983,0,0,0,0,0,0,0,0,0,0
2.320786,0,378605,7986,7985,0,0,0,0,0,0,0,0,0,0
2.322342,0,371996,8004,8003,0,0,0,0,0,0,0,0,0,0
2.324005,0,374541,7894,7893,0,0,0,0,0,0,0,0,0,0
2.325688,0,380058,7986,7985,0,0,0,0,0,0,0,0,0,0
2.327385,0,376640,7940,7939,0,0,0,0,0,0,0,0,0,0
2.329484,0,388696,7731,7730,0,0,0,0,0,0,0,0,0,0
2.331050,0,371011,4091,4090,0,0,0,0,0,0,0,0,0,0
2.332579,0,366107,7983,7982,0,0,0,0,0,0,0,0,0,0
2.334093,0,367817,7994,7993,0,0,0,0,0,0,0,0,0,0
2.335606,0,370214,7896,7895,0,0,0,0,0,0,0,0,0,0
2.337119,0,371901,7905,7904,0,0,0,0,0,0,0,0,0,0
2.338646,0,496268,7972,7971,0,0,0,0,0,0,0,0,0,0
2.340626,0,410208,3092,3091,0,0,0,0,0,0,0,0,0,0
2.342256,0,490704,7965,7964,0,0,0,0,0,0,0,0,0,0
2.343920,0,417218,7960,7959,0,0,0,0,0,0,0,0,0,0
2.345477,0,369478,7999,7998,0,0,0,0,0,0,0,0,0,0
2.346985,0,370136,7964,7963,0,0,0,0,0,0,0,0,0,0
2.348493,0,365404,7995,7994,0,0,0,0,0,0,0,0,0,0
2.350010,0,367791,7927,7926,0,0,0,0,0,0,0,0,0,0
2.351517,0,364096,7991,7990,0,0,0,0,0,0,0,0,0,0
2.353159,0,372390,8005,8004,0,0,0,0,0,0,0,0,0,0
2.354796,0,375928,7994,7993,0,0,0,0,0,0,0,0,0,0
2.356521,0,1907180,7237,7236,0,0,0,0,0,0,0,0,0,0
2.360935,0,463884,132130,141606,1,1537,39240,30312,0,0,0,0,33,0
2.362263,0,905256,11945,540903,0,0,0,0,0,0,0,0,112,3
2.363820,0,369387,3855,3854,0,0,0,0,0,0,0,0,0,0
2.365290,0,372481,7944,7943,0,0,0,0,0,0,0,0,0,0
2.366754,0,370649,8011,8010,0,0,0,0,0,0,0,0,0,0
2.368221,0,367897,7973,7972,0,0,0,0,0,0,0,0,0,0
2.369688,0,371712,7965,7964,0,0,0,0,0,0,0,0,0,0
2.371168,0,373778,6999,6998,0,0,0,0,0,0,0,0,0,0
2.372640,0,369475,7936,7935,0,0,0,0,0,0,0,0,0,0
2.374181,0,385532,7717,7716,0,0,0,0,0,0,0,0,0,0
2.375770,0,497775,68245,147553,0,0,0,0,0,0,0,0,33,0
2.377185,0,918869,14252,588489,0,0,0,0,0,0,0,0,112,3
2.378776,0,387996,7967,7966,0,0,0,0,0,0,0,0,0,0
2.380326,0,370125,7964,7963,0,0,0,0,0,0,0,0,0,0
2.381847,0,347586,7758,7757,0,0,0,0,0,0,0,0,0,0
2.383357,0,328124,7607,7606,0,0,0,0,0,0,0,0,0,0
2.384867,0,339440,7667,7666,0,0,0,0,0,0,0,0,0,0
2.386375,0,331537,7666,7665,0,0,0,0,0,0,0,0,0,0
2.387985,0,330514,7058,7057,0,0,0,0,0,0,0,0,0,0
2.389494,0,329597,2693,2692,0,0,0,0,0,0,0,0,0,0
2.391006,0,332117,7152,7151,0,0,0,0,0,0,0,0,0,0
2.392582,0,331627,2774,2773,0,0,0,0,0,0,0,0,0,0
2.394101,0,332007,7706,7705,0,0,0,0,0,0,0,0,0,0
2.395923,0,331256,7663,7662,0,0,0,0,0,0,0,0,0,0
2.397437,0,341190,7641,7640,0,0,0,0,0,0,0,0,0,0
2.399089,0,338304,7656,7655,0,0,0,0,0,0,0,0,0,0
2.400776,0,337760,7712,7711,0,0,0,0,0,0,0,0,0,0
2.402460,0,350822,7666,7665,0,0,0,0,0,0,0,0,0,0
2.404028,0,334037,7802,7801,0,0,0,0,0,0,0,0,0,0
2.405752,0,397165,7802,7801,0,0,0,0,0,0,0,0,0,0
2.407457,0,428184,7685,7684,0,0,0,0,0,0,0,0,0,0
2.409033,0,342023,7793,7792,0,0,0,0,0,0,0,0,0,0
2.410552,0,340346,7684,7683,0,0,0,0,0,0,0,0,0,0
2.412067,0,342415,7755,7754,0,0,0,0,0,0,0,0,0,0
2.413580,0,331402,7800,7799,0,0,0,0,0,0,0,0,0,0
2.415109,0,330334,7748,7747,0,0,0,0,0,0,0,0,0,0
2.416760,0,337070,7806,7805,0,0,0,0,0,0,0,0,0,0
2.418445,0,341287,7868,7867,0,0,0,0,0,0,0,0,0,0
2.420136,0,338037,7756,7755,0,0,0,0,0,0,0,0,0,0
2.421689,0,331922,7773,7772,0,0,0,0,0,0,0,0,0,0
2.423348,0,338215,7807,7806,0,0,0,0,0,0,0,0,0,0
2.425036,0,347824,7807,7806,0,0,0,0,0,0,0,0,0,0
2.426739,0,349975,7459,7458,0,0,0,0,0,0,0,0,0,0
2.428428,0,336487,7775,7774,0,0,0,0,0,0,0,0,0,0
2.430114,0,346749,7733,7732,0,0,0,0,0,0,0,0,0,0
2.431898,0,392079,7805,7804,0,0,0,0,0,0,0,0,0,0
2.433583,0,337306,7749,7748,0,0,0,0,0,0,0,0,0,0
2.435271,0,338922,7790,7789,0,0,0,0,0,0,0,0,0,0
2.436972,0,337747,7804,7803,0,0,0,0,0,0,0,0,0,0
2.438523,0,330865,7787,7786,0,0,0,0,0,0,0,0,0,0
2.440228,0,338063,7691,7690,0,0,0,0,0,0,0,0,0,0
2.441913,0,347739,7780,7779,0,0,0,0,0,0,0,0,0,0
2.443598,0,338538,7757,7756,0,0,0,0,0,0,0,0,0,0
2.445622,0,352812,7712,7711,0,0,0,0,0,0,0,0,0,0
2.447227,0,309903,7682,7681,0,0,0,0,0,0,0,0,0,0
2.448786,0,350442,7702,7701,0,0,0,0,0,0,0,0,0,0
2.450661,0,567383,7743,7742,0,0,0,0,0,0,0,0,0,0
2.452199,0,331326,7805,7804,0,0,0,0,0,0,0,0,0,0
2.453748,0,330500,7760,7759,0,0,0,0,0,0,0,0,0,0
2.455264,0,331490,7807,7806,0,0,0,0,0,0,0,0,0,0
2.456825,0,332440,7778,7777,0,0,0,0,0,0,0,0,0,0
2.458349,0,334939,7748,7747,0,0,0,0,0,0,0,0,0,0
2.460002,0,349586,7790,7789,0,0,0,0,0,0,0,0,0,0
2.461688,0,338767,7599,7598,0,0,0,0,0,0,0,0,0,0
2.463377,0,338159,7690,7689,0,0,0,0,0,0,0,0,0,0
2.465064,0,338752,7863,7862,0,0,0,0,0,0,0,0,0,0
2.466753,0,340462,7794,7793,0,0,0,0,0,0,0,0,0,0
2.468441,0,337774,7780,7779,0,0,0,0,0,0,0,0,0,0
2.470140,0,337426,7764,7763,0,0,0,0,0,0,0,0,0,0
2.471923,0,446353,7736,7735,0,0,0,0,0,0,0,0,0,0
2.473659,0,337992,7705,7704,0,0,0,0,0,0,0,0,0,0
2.475347,0,337805,7728,7727,0,0,0,0,0,0,0,0,0,0
2.477031,0,341427,7775,7774,0,0,0,0,0,0,0,0,0,0
2.478726,0,338915,7683,7682,0,0,0,0,0,0,0,0,0,0
2.480428,0,338346,7771,7770,0,0,0,0,0,0,0,0,0,0
2.482115,0,338658,7748,7747,0,0,0,0,0,0,0,0,0,0
2.483726,0,374222,7840,7839,0,0,0,0,0,0,0,0,0,0
2.485518,0,402908,7710,7709,0,0,0,0,0,0,0,0,0,0
2.487243,0,371326,7748,7747,0,0,0,0,0,0,0,0,0,0
2.488851,0,337446,7678,7677,0,0,0,0,0,0,0,0,0,0
2.490401,0,357090,7794,7793,0,0,0,0,0,0,0,0,0,0
2.492067,0,337362,7753,7752,0,0,0,0,0,0,0,0,0,0
2.493743,0,345798,7763,7762,0,0,0,0,0,0,0,0,0,0
2.495294,0,332637,7718,7717,0,0,0,0,0,0,0,0,0,0
2.496953,0,337762,7706,7705,0,0,0,0,0,0,0,0,0,0
2.498642,0,338533,7762,7761,0,0,0,0,0,0,0,0,0,0
2.500328,0,337409,7789,7788,0,0,0,0,0,0,0,0,0,0
2.502022,0,338897,7466,7465,0,0,0,0,0,0,0,0,0,0
2.503703,0,347947,6871,6870,0,0,0,0,0,0,0,0,0,0
2.505385,0,338941,7002,7001,0,0,0,0,0,0,0,0,0,0
2.507072,0,339009,7776,7775,0,0,0,0,0,0,0,0,0,0
2.508758,0,338971,6996,6995,0,0,0,0,0,0,0,0,0,0
2.510438,0,342228,2903,2902,0,0,0,0,0,0,0,0,0,0
2.512143,0,337517,7028,7027,0,0,0,0,0,0,0,0,0,0
2.513824,0,337793,6892,6891,0,0,0,0,0,0,0,0,0,0
2.515509,0,339470,7748,7747,0,0,0,0,0,0,0,0,0,0
2.517234,0,337204,7763,7762,0,0,0,0,0,0,0,0,0,0
2.518921,0,338002,7788,7787,0,0,0,0,0,0,0,0,0,0
2.520657,0,337915,7784,7783,0,0,0,0,0,0,0,0,0,0
2.522356,0,341245,7782,7781,0,0,0,0,0,0,0,0,0,0
2.524044,0,336908,7750,7749,0,0,0,0,0,0,0,0,0,0
2.525728,0,347395,7789,7788,0,0,0,0,0,0,0,0,0,0
2.527414,0,338343,7789,7788,0,0,0,0,0,0,0,0,0,0
2.529101,0,337461,7679,7678,0,0,0,0,0,0,0,0,0,0
2.530788,0,337738,7776,7775,0,0,0,0,0,0,0,0,0,0
2.532488,0,338706,7626,7625,0,0,0,0,0,0,0,0,0,0
2.534174,0,337907,7781,7780,0,0,0,0,0,0,0,0,0,0
2.535833,0,430870,7751,7750,0,0,0,0,0,0,0,0,0,0
2.537534,0,337015,7797,7796,0,0,0,0,0,0,0,0,0,0
2.539222,0,337923,7853,7852,0,0,0,0,0,0,0,0,0,0
2.540907,0,337236,7776,7775,0,0,0,0,0,0,0,0,0,0
2.542609,0,337518,7773,7772,0,0,0,0,0,0,0,0,0,0
2.544296,0,336994,7713,7712,0,0,0,0,0,0,0,0,0,0
2.545979,0,349389,7758,7757,0,0,0,0,0,0,0,0,0,0
2.547666,0,337529,7786,7785,0,0,0,0,0,0,0,0,0,0
2.549352,0,337851,7682,7681,0,0,0,0,0,0,0,0,0,0
2.551039,0,336274,7649,7648,0,0,0,0,0,0,0,0,0,0
2.552785,0,337293,7785,7784,0,0,0,0,0,0,0,0,0,0
2.554479,0,311295,7631,7630,0,0,0,0,0,0,0,0,0,0
2.556001,0,338577,7815,7814,0,0,0,0,0,0,0,0,0,0
2.557530,0,330339,7788,7787,0,0,0,0,0,0,0,0,0,0
2.559184,0,339875,7824,7823,0,0,0,0,0,0,0,0,0,0
2.560873,0,349717,7670,7669,0,0,0,0,0,0,0,0,0,0
2.562618,0,337569,7776,7775,0,0,0,0,0,0,0,0,0,0
2.564317,0,348070,7839,7838,0,0,0,0,0,0,0,0,0,0
2.566002,0,337628,7785,7784,0,0,0,0,0,0,0,0,0,0
2.567689,0,339371,7788,7787,0,0,0,0,0,0,0,0,0,0
2.569377,0,339778,7783,7782,0,0,0,0,0,0,0,0,0,0
2.571068,0,338545,7786,7785,0,0,0,0,0,0,0,0,0,0
2.572757,0,340063,7331,7330,0,0,0,0,0,0,0,0,0,0
2.574457,0,342939,7768,7767,0,0,0,0,0,0,0,0,0,0
2.576443,0,314961,7425,7424,0,0,0,0,0,0,0,0,0,0
2.577921,0,389722,6962,6961,0,0,0,0,0,0,0,0,0,0
2.579589,0,384671,7777,7776,0,0,0,0,0,0,0,0,0,0
2.581147,0,349917,7727,7726,0,0,0,0,0,0,0,0,0,0
2.582671,0,331666,7775,7774,0,0,0,0,0,0,0,0,0,0
2.584237,0,331287,7790,7789,0,0,0,0,0,0,0,0,0,0
2.585767,0,317102,7585,7584,0,0,0,0,0,0,0,0,0,0
2.587284,0,307783,7598,7597,0,0,0,0,0,0,0,0,0,0
2.588936,0,311668,7429,7428,0,0,0,0,0,0,0,0,0,0
2.590626,0,312428,7553,7552,0,0,0,0,0,0,0,0,0,0
2.592314,0,311130,7583,7582,0,0,0,0,0,0,0,0,0,0
2.594001,0,311563,7590,7589,0,0,0,0,0,0,0,0,0,0
2.595689,0,307980,7557,7556,0,0,0,0,0,0,0,0,0,0
2.597389,0,308703,7552,7551,0,0,0,0,0,0,0,0,0,0
2.598933,0,304861,7604,7603,0,0,0,0,0,0,0,0,0,0
2.601053,0,319475,7519,7518,0,0,0,0,0,0,0,0,0,0
2.602796,0,297650,7370,7369,0,0,0,0,0,0,0,0,0,0
2.604482,0,312543,2528,2527,0,0,0,0,0,0,0,0,0,0
2.606167,0,312736,2677,2676,0,0,0,0,0,0,0,0,0,0
2.607923,0,344036,2571,2570,0,0,0,0,0,0,0,0,0,0
2.609597,0,308512,6697,6696,0,0,0,0,0,0,0,0,0,0
2.611354,0,475005,2668,2667,0,0,0,0,0,0,0,0,0,0
2.612941,0,305703,3336,3335,0,0,0,0,0,0,0,0,0,0
2.614455,0,307987,6566,6565,0,0,0,0,0,0,0,0,0,0
2.615972,0,333286,3435,3434,0,0,0,0,0,0,0,0,0,0
2.617532,0,304976,6734,6733,0,0,0,0,0,0,0,0,0,0
2.619058,0,307273,3432,3431,0,0,0,0,0,0,0,0,0,0
2.620708,0,310730,3447,3446,0,0,0,0,0,0,0,0,0,0
2.622392,0,313950,6972,6971,0,0,0,0,0,0,0,0,0,0
2.624084,0,310105,7539,7538,0,0,0,0,0,0,0,0,0,0
2.625767,0,310332,7485,7484,0,0,0,0,0,0,0,0,0,0
2.627327,0,309584,7349,7348,0,0,0,0,0,0,0,0,0,0
2.629003,0,311815,6851,6850,0,0,0,0,0,0,0,0,0,0
2.630705,0,311516,7467,7466,0,0,0,0,0,0,0,0,0,0
2.632445,0,312683,2610,2609,0,0,0,0,0,0,0,0,0,0
2.634131,0,311785,3458,3457,0,0,0,0,0,0,0,0,0,0
2.635876,0,345929,7494,7493,0,0,0,0,0,0,0,0,0,0
2.637562,0,312835,2867,2866,0,0,0,0,0,0,0,0,0,0
2.639251,0,312613,2908,2907,0,0,0,0,0,0,0,0,0,0
2.640952,0,311838,2965,2964,0,0,0,0,0,0,0,0,0,0
2.642639,0,312934,3453,3452,0,0,0,0,0,0,0,0,0,0
2.644328,0,311007,7480,7479,0,0,0,0,0,0,0,0,0,0
2.646014,0,310633,7544,7543,0,0,0,0,0,0,0,0,0,0
2.647701,0,312314,7714,7713,0,0,0,0,0,0,0,0,0,0
2.649391,0,311268,7517,7516,0,0,0,0,0,0,0,0,0,0
2.651094,0,311773,7755,7754,0,0,0,0,0,0,0,0,0,0
2.652782,0,312817,7491,7490,0,0,0,0,0,0,0,0,0,0
2.654468,0,314374,7572,7571,0,0,0,0,0,0,0,0,0,0
2.656161,0,310585,7745,7744,0,0,0,0,0,0,0,0,0,0
2.657847,0,311501,7481,7480,0,0,0,0,0,0,0,0,0,0
2.660056,0,434643,6923,6922,0,0,0,0,0,0,0,0,0,0
2.661838,0,317861,3455,3454,0,0,0,0,0,0,0,0,0,0
2.663404,0,316671,7555,7554,0,0,0,0,0,0,0,0,0,0
2.664925,0,306473,7418,7417,0,0,0,0,0,0,0,0,0,0
2.666723,0,371792,7058,7057,0,0,0,0,0,0,0,0,0,0
2.668359,0,545725,7254,7253,0,0,0,0,0,0,0,0,0,0
2.670678,0,320722,2795,2794,0,0,0,0,0,0,0,0,0,0
2.672776,0,378084,2593,2592,0,0,0,0,0,0,0,0,0,0
2.674524,0,329727,2635,2634,0,0,0,0,0,0,0,0,0,0
2.676202,0,310141,2796,2795,0,0,0,0,0,0,0,0,0,0
2.677733,0,310626,3422,3421,0,0,0,0,0,0,0,0,0,0
2.679245,0,303359,7712,7711,0,0,0,0,0,0,0,0,0,0
2.680803,0,302304,7540,7539,0,0,0,0,0,0,0,0,0,0
2.682334,0,307367,7560,7559,0,0,0,0,0,0,0,0,0,0
2.683856,0,306435,7530,7529,0,0,0,0,0,0,0,0,0,0
2.685371,0,305420,7640,7639,0,0,0,0,0,0,0,0,0,0
2.686884,0,302897,7510,7509,0,0,0,0,0,0,0,0,0,0
2.688394,0,302701,7538,7537,0,0,0,0,0,0,0,0,0,0
2.689902,0,302677,7491,7490,0,0,0,0,0,0,0,0,0,0
2.691412,0,306174,7478,7477,0,0,0,0,0,0,0,0,0,0
2.692939,0,305247,7474,7473,0,0,0,0,0,0,0,0,0,0
2.694452,0,305815,7719,7718,0,0,0,0,0,0,0,0,0,0
2.695969,0,331426,7539,7538,0,0,0,0,0,0,0,0,0,0
2.697525,0,305829,7529,7528,0,0,0,0,0,0,0,0,0,0
2.699041,0,302594,7493,7492,0,0,0,0,0,0,0,0,0,0
2.700551,0,301776,7556,7555,0,0,0,0,0,0,0,0,0,0
2.702059,0,302915,7531,7530,0,0,0,0,0,0,0,0,0,0
2.703585,0,306301,3412,3411,0,0,0,0,0,0,0,0,0,0
2.705101,0,305567,7527,7526,0,0,0,0,0,0,0,0,0,0
2.706617,0,305590,7083,7082,0,0,0,0,0,0,0,0,0,0
2.708132,0,305313,7528,7527,0,0,0,0,0,0,0,0,0,0
2.709646,0,306778,7511,7510,0,0,0,0,0,0,0,0,0,0
2.711161,0,304270,7539,7538,0,0,0,0,0,0,0,0,0,0
2.712861,0,310811,7455,7454,0,0,0,0,0,0,0,0,0,0
2.714566,0,311755,7537,7536,0,0,0,0,0,0,0,0,0,0
2.716253,0,311329,7534,7533,0,0,0,0,0,0,0,0,0,0
2.717940,0,310615,7534,7533,0,0,0,0,0,0,0,0,0,0
2.719628,0,310779,7463,7462,0,0,0,0,0,0,0,0,0,0
2.721316,0,310404,7543,7542,0,0,0,0,0,0,0,0,0,0
2.723006,0,312111,7544,7543,0,0,0,0,0,0,0,0,0,0
2.724707,0,311408,7506,7505,0,0,0,0,0,0,0,0,0,0
2.726393,0,313766,7542,7541,0,0,0,0,0,0,0,0,0,0
2.728135,0,311110,7480,7479,0,0,0,0,0,0,0,0,0,0
2.729821,0,311998,7537,7536,0,0,0,0,0,0,0,0,0,0
2.731509,0,311338,7537,7536,0,0,0,0,0,0,0,0,0,0
2.733198,0,310670,7539,7538,0,0,0,0,0,0,0,0,0,0
2.734901,0,308245,7550,7549,0,0,0,0,0,0,0,0,0,0
2.736580,0,308868,7534,7533,0,0,0,0,0,0,0,0,0,0
2.738257,0,346487,7510,7509,0,0,0,0,0,0,0,0,0,0
2.739901,0,320500,7543,7542,0,0,0,0,0,0,0,0,0,0
2.741557,0,310821,7571,7570,0,0,0,0,0,0,0,0,0,0
2.743244,0,311383,7542,7541,0,0,0,0,0,0,0,0,0,0
2.744943,0,310371,7507,7506,0,0,0,0,0,0,0,0,0,0
2.746491,0,306988,7536,7535,0,0,0,0,0,0,0,0,0,0
2.748151,0,309851,7671,7670,0,0,0,0,0,0,0,0,0,0
2.749836,0,309753,7435,7434,0,0,0,0,0,0,0,0,0,0
2.751523,0,310586,7539,7538,0,0,0,0,0,0,0,0,0,0
2.753210,0,310178,7457,7456,0,0,0,0,0,0,0,0,0,0
2.754898,0,316551,7537,7536,0,0,0,0,0,0,0,0,0,0
2.756481,0,306869,3347,3346,0,0,0,0,0,0,0,0,0,0
2.758007,0,305090,7546,7545,0,0,0,0,0,0,0,0,0,0
2.759527,0,303924,7727,7726,0,0,0,0,0,0,0,0,0,0
2.761091,0,305031,7532,7531,0,0,0,0,0,0,0,0,0,0
2.762606,0,304765,7546,7545,0,0,0,0,0,0,0,0,0,0
2.764120,0,303735,7543,7542,0,0,0,0,0,0,0,0,0,0
2.765769,0,311435,7646,7645,0,0,0,0,0,0,0,0,0,0
2.767335,0,287527,7326,7325,0,0,0,0,0,0,0,0,0,0
2.768993,0,269389,3232,3231,0,0,0,0,0,0,0,0,0,0
2.770681,0,269978,7307,7306,0,0,0,0,0,0,0,0,0,0
2.772369,0,271153,6937,6936,0,0,0,0,0,0,0,0,0,0
2.774055,0,269875,7290,7289,0,0,0,0,0,0,0,0,0,0
2.775742,0,269677,7297,7296,0,0,0,0,0,0,0,0,0,0
2.777430,0,270269,2967,2966,0,0,0,0,0,0,0,0,0,0
2.779131,0,269319,7338,7337,0,0,0,0,0,0,0,0,0,0
2.780708,0,269387,7332,7331,0,0,0,0,0,0,0,0,0,0
2.782394,0,271805,7339,7338,0,0,0,0,0,0,0,0,0,0
2.784100,0,282165,7137,7136,0,0,0,0,0,0,0,0,0,0
2.785666,0,264491,7299,7298,0,0,0,0,0,0,0,0,0,0
2.787215,0,259010,7299,7298,0,0,0,0,0,0,0,0,0,0
2.788728,0,264309,7316,7315,0,0,0,0,0,0,0,0,0,0
2.790250,0,349775,7821,7820,0,0,0,0,0,0,0,0,0,0
2.792147,0,320646,7860,7859,0,0,0,0,0,0,0,0,0,0
2.794881,0,340358,7828,7827,0,0,0,0,0,0,0,0,0,0
2.796582,0,318300,7890,7889,0,0,0,0,0,0,0,0,0,0
2.798227,0,340881,7826,7825,0,0,0,0,0,0,0,0,0,0
2.800011,0,359633,7842,7841,0,0,0,0,0,0,0,0,0,0
2.801701,0,294025,7894,7893,0,0,0,0,0,0,0,0,0,0
2.803299,0,314892,7882,7881,0,0,0,0,0,0,0,0,0,0
2.804938,0,315473,7795,7794,0,0,0,0,0,0,0,0,0,0
2.806669,0,320543,7772,7771,0,0,0,0,0,0,0,0,0,0
2.808378,0,317912,7884,7883,0,0,0,0,0,0,0,0,0,0
2.810016,0,315207,7825,7824,0,0,0,0,0,0,0,0,0,0
2.811752,0,317188,7758,7757,0,0,0,0,0,0,0,0,0,0
2.813396,0,317042,7853,7852,0,0,0,0,0,0,0,0,0,0
2.815040,0,317143,7893,7892,0,0,0,0,0,0,0,0,0,0
2.816683,0,316814,7901,7900,0,0,0,0,0,0,0,0,0,0
2.818326,0,317847,7912,7911,0,0,0,0,0,0,0,0,0,0
2.819972,0,316453,7973,7972,0,0,0,0,0,0,0,0,0,0
2.821615,0,316649,7925,7924,0,0,0,0,0,0,0,0,0,0
2.823272,0,317609,7953,7952,0,0,0,0,0,0,0,0,0,0
2.824971,0,317025,7851,7850,0,0,0,0,0,0,0,0,0,0
2.826617,0,316725,7904,7903,0,0,0,0,0,0,0,0,0,0
2.828260,0,317170,7854,7853,0,0,0,0,0,0,0,0,0,0
2.829903,0,316830,7889,7888,0,0,0,0,0,0,0,0,0,0
2.831548,0,316419,7710,7709,0,0,0,0,0,0,0,0,0,0
2.833191,0,316780,7868,7867,0,0,0,0,0,0,0,0,0,0
2.834857,0,316954,7914,7913,0,0,0,0,0,0,0,0,0,0
2.836651,0,321371,7885,7884,0,0,0,0,0,0,0,0,0,0
2.838483,0,385117,7551,7550,0,0,0,0,0,0,0,0,0,0
2.840384,0,326420,7888,7887,0,0,0,0,0,0,0,0,0,0
2.842034,0,316998,7924,7923,0,0,0,0,0,0,0,0,0,0
2.843738,0,342501,7911,7910,0,0,0,0,0,0,0,0,0,0
2.845395,0,318609,7953,7952,0,0,0,0,0,0,0,0,0,0
2.847042,0,321753,7939,7938,0,0,0,0,0,0,0,0,0,0
2.848685,0,317438,7936,7935,0,0,0,0,0,0,0,0,0,0
2.850328,0,317076,7981,7980,0,0,0,0,0,0,0,0,0,0
2.851973,0,315667,7954,7953,0,0,0,0,0,0,0,0,0,0
2.853880,0,323702,7586,7585,0,0,0,0,0,0,0,0,0,0
2.855569,0,319831,7959,7958,0,0,0,0,0,0,0,0,0,0
2.857213,0,316969,7924,7923,0,0,0,0,0,0,0,0,0,0
2.858858,0,315279,7959,7958,0,0,0,0,0,0,0,0,0,0
2.860506,0,318005,7952,7951,0,0,0,0,0,0,0,0,0,0
2.862153,0,315405,7932,7931,0,0,0,0,0,0,0,0,0,0
2.863865,0,343379,7940,7939,0,0,0,0,0,0,0,0,0,0
2.865658,0,320717,7947,7946,0,0,0,0,0,0,0,0,0,0
2.867362,0,316397,7936,7935,0,0,0,0,0,0,0,0,0,0
2.869013,0,317010,7904,7903,0,0,0,0,0,0,0,0,0,0
2.870660,0,316558,7973,7972,0,0,0,0,0,0,0,0,0,0
2.872367,0,316562,7952,7951,0,0,0,0,0,0,0,0,0,0
2.874011,0,316433,7924,7923,0,0,0,0,0,0,0,0,0,0
2.875777,0,315952,7955,7954,0,0,0,0,0,0,0,0,0,0
2.877431,0,316114,7947,7946,0,0,0,0,0,0,0,0,0,0
2.879076,0,315367,7979,7978,0,0,0,0,0,0,0,0,0,0
2.880718,0,316655,7916,7915,0,0,0,0,0,0,0,0,0,0
2.882362,0,317661,7957,7956,0,0,0,0,0,0,0,0,0,0
2.884009,0,316821,7940,7939,0,0,0,0,0,0,0,0,0,0
2.885653,0,315938,7880,7879,0,0,0,0,0,0,0,0,0,0
2.887451,0,322079,7957,7956,0,0,0,0,0,0,0,0,0,0
2.889151,0,318217,7950,7949,0,0,0,0,0,0,0,0,0,0
2.890805,0,316870,8002,8001,0,0,0,0,0,0,0,0,0,0
2.892451,0,316718,7448,7447,0,0,0,0,0,0,0,0,0,0
2.894095,0,318308,7951,7950,0,0,0,0,0,0,0,0,0,0
2.895864,0,372970,7793,7792,0,0,0,0,0,0,0,0,0,0
2.897509,0,315972,7974,7973,0,0,0,0,0,0,0,0,0,0
2.899167,0,316925,7980,7979,0,0,0,0,0,0,0,0,0,0
2.900812,0,316980,7975,7974,0,0,0,0,0,0,0,0,0,0
2.902456,0,318418,7919,7918,0,0,0,0,0,0,0,0,0,0
2.904159,0,317102,7965,7964,0,0,0,0,0,0,0,0,0,0
2.905804,0,317001,7944,7943,0,0,0,0,0,0,0,0,0,0
2.907448,0,314745,7934,7933,0,0,0,0,0,0,0,0,0,0
2.909234,0,320003,7969,7968,0,0,0,0,0,0,0,0,0,0
2.910958,0,322474,7949,7948,0,0,0,0,0,0,0,0,0,0
2.912759,0,321724,7961,7960,0,0,0,0,0,0,0,0,0,0
2.914593,0,322204,7946,7945,0,0,0,0,0,0,0,0,0,0
2.916423,0,321401,7773,7772,0,0,0,0,0,0,0,0,0,0
2.918254,0,323956,7941,7940,0,0,0,0,0,0,0,0,0,0
2.920155,0,321247,7966,7965,0,0,0,0,0,0,0,0,0,0
2.922000,0,321562,7962,7961,0,0,0,0,0,0,0,0,0,0
2.923902,0,321420,7944,7943,0,0,0,0,0,0,0,0,0,0
2.925734,0,321467,7953,7952,0,0,0,0,0,0,0,0,0,0
2.929464,0,326932,7177,7176,0,0,0,0,0,0,0,0,0,0
2.931164,0,320245,7979,7978,0,0,0,0,0,0,0,0,0,0
2.933031,0,305436,2846,2845,0,0,0,0,0,0,0,0,0,0
2.934555,0,223779,2875,2874,0,0,0,0,0,0,0,0,0,0
2.936121,0,223536,2839,2838,0,0,0,0,0,0,0,0,0,0
2.937638,0,220440,2801,2800,0,0,0,0,0,0,0,0,0,0
2.939155,0,220628,2873,2872,0,0,0,0,0,0,0,0,0,0
2.940670,0,219862,2885,2884,0,0,0,0,0,0,0,0,0,0
2.942184,0,223631,2845,2844,0,0,0,0,0,0,0,0,0,0
2.943841,0,267668,2861,2860,0,0,0,0,0,0,0,0,0,0
2.945355,0,219668,2860,2859,0,0,0,0,0,0,0,0,0,0
2.946908,0,276027,2536,2535,0,0,0,0,0,0,0,0,0,0
2.948547,0,226504,2885,2884,0,0,0,0,0,0,0,0,0,0
2.950036,0,219927,2881,2880,0,0,0,0,0,0,0,0,0,0
2.951511,0,219731,2881,2880,0,0,0,0,0,0,0,0,0,0
2.953005,0,224774,2852,2851,0,0,0,0,0,0,0,0,0,0
2.954544,0,229936,7446,7445,0,0,0,0,0,0,0,0,0,0
2.956192,0,262191,2215,2214,0,0,0,0,0,0,0,0,0,0
2.957712,0,219859,2284,2283,0,0,0,0,0,0,0,0,0,0
2.959235,0,229518,3355,3354,0,0,0,0,0,0,0,0,0,0
2.960873,0,266319,3161,3160,0,0,0,0,0,0,0,0,0,0
2.962510,0,308495,6862,6861,0,0,0,0,0,0,0,0,0,0
2.964272,0,280986,6840,6839,0,0,0,0,0,0,0,0,0,0
2.965978,0,268998,2670,2669,0,0,0,0,0,0,0,0,0,0
2.967671,0,267129,7419,7418,0,0,0,0,0,0,0,0,0,0
2.969313,0,267748,7446,7445,0,0,0,0,0,0,0,0,0,0
2.970958,0,267519,7442,7441,0,0,0,0,0,0,0,0,0,0
2.972603,0,265973,6955,6954,0,0,0,0,0,0,0,0,0,0
2.974238,0,261062,2371,2370,0,0,0,0,0,0,0,0,0,0
2.975925,0,238122,2770,2769,0,0,0,0,0,0,0,0,0,0
2.977491,0,222991,2475,2474,0,0,0,0,0,0,0,0,0,0
2.979016,0,219612,2371,2370,0,0,0,0,0,0,0,0,0,0
2.980540,0,227987,2583,2582,0,0,0,0,0,0,0,0,0,0
2.982177,0,260333,6994,6993,0,0,0,0,0,0,0,0,0,0
2.983792,0,299259,3012,3011,0,0,0,0,0,0,0,0,0,0
2.985500,0,267849,7320,7319,0,0,0,0,0,0,0,0,0,0
2.987145,0,268819,2994,2993,0,0,0,0,0,0,0,0,0,0
2.988800,0,268974,2694,2693,0,0,0,0,0,0,0,0,0,0
2.990441,0,268618,2823,2822,0,0,0,0,0,0,0,0,0,0
2.992084,0,267435,2821,2820,0,0,0,0,0,0,0,0,0,0
2.993722,0,263315,3312,3311,0,0,0,0,0,0,0,0,0,0
2.995361,0,268198,7424,7423,0,0,0,0,0,0,0,0,0,0
2.997006,0,268240,7450,7449,0,0,0,0,0,0,0,0,0,0
2.998806,0,272492,7449,7448,0,0,0,0,0,0,0,0,0,0
3.000579,0,268633,7417,7416,0,0,0,0,0,0,0,0,0,0
3.002229,0,297332,7423,7422,0,0,0,0,0,0,0,0,0,0
3.003972,0,275920,7449,7448,0,0,0,0,0,0,0,0,0,0
3.005616,0,267670,7456,7455,0,0,0,0,0,0,0,0,0,0
3.007261,0,268424,7394,7393,0,0,0,0,0,0,0,0,0,0
3.008901,0,265078,7451,7450,0,0,0,0,0,0,0,0,0,0
3.010554,0,264702,3346,3345,0,0,0,0,0,0,0,0,0,0
3.012194,0,266666,7502,7501,0,0,0,0,0,0,0,0,0,0
3.013832,0,249962,7243,7242,0,0,0,0,0,0,0,0,0,0
3.015434,0,267114,3376,3375,0,0,0,0,0,0,0,0,0,0
3.017135,0,267442,7485,7484,0,0,0,0,0,0,0,0,0,0
3.018935,0,271707,7476,7475,0,0,0,0,0,0,0,0,0,0
3.020784,0,271495,7488,7487,0,0,0,0,0,0,0,0,0,0
3.022618,0,271578,7479,7478,0,0,0,0,0,0,0,0,0,0
3.024451,0,271266,7457,7456,0,0,0,0,0,0,0,0,0,0
3.026282,0,273862,7452,7451,0,0,0,0,0,0,0,0,0,0
3.028119,0,271634,7477,7476,0,0,0,0,0,0,0,0,0,0
3.029950,0,272140,7478,7477,0,0,0,0,0,0,0,0,0,0
3.031727,0,266795,3378,3377,0,0,0,0,0,0,0,0,0,0
3.033528,0,271660,7466,7465,0,0,0,0,0,0,0,0,0,0
3.035362,0,272192,7457,7456,0,0,0,0,0,0,0,0,0,0
3.037195,0,282348,7469,7468,0,0,0,0,0,0,0,0,0,0
3.038914,0,269540,3384,3383,0,0,0,0,0,0,0,0,0,0
3.040575,0,268260,7461,7460,0,0,0,0,0,0,0,0,0,0
3.042237,0,300082,7483,7482,0,0,0,0,0,0,0,0,0,0
3.043982,0,274389,7460,7459,0,0,0,0,0,0,0,0,0,0
3.045626,0,267651,7447,7446,0,0,0,0,0,0,0,0,0,0
3.047273,0,267250,7505,7504,0,0,0,0,0,0,0,0,0,0
3.048979,0,268399,7525,7524,0,0,0,0,0,0,0,0,0,0
3.050625,0,267675,7462,7461,0,0,0,0,0,0,0,0,0,0
3.052433,0,272239,7474,7473,0,0,0,0,0,0,0,0,0,0
3.054265,0,273938,7477,7476,0,0,0,0,0,0,0,0,0,0
3.056104,0,271985,7277,7276,0,0,0,0,0,0,0,0,0,0
3.057936,0,271578,7486,7485,0,0,0,0,0,0,0,0,0,0
3.059614,0,267404,7482,7481,0,0,0,0,0,0,0,0,0,0
3.061414,0,272344,7458,7457,0,0,0,0,0,0,0,0,0,0
3.063118,0,267880,7528,7527,0,0,0,0,0,0,0,0,0,0
3.064983,0,272459,7488,7487,0,0,0,0,0,0,0,0,0,0
3.066821,0,272530,7460,7459,0,0,0,0,0,0,0,0,0,0
3.068656,0,272487,7463,7462,0,0,0,0,0,0,0,0,0,0
3.070489,0,334107,7471,7470,0,0,0,0,0,0,0,0,0,0
3.072310,0,266257,7468,7467,0,0,0,0,0,0,0,0,0,0
3.073964,0,265424,6798,6797,0,0,0,0,0,0,0,0,0,0
3.075602,0,269140,6832,6831,0,0,0,0,0,0,0,0,0,0
3.077397,0,272238,2657,2656,0,0,0,0,0,0,0,0,0,0
3.079211,0,264283,2846,2845,0,0,0,0,0,0,0,0,0,0
3.080947,0,223282,2250,2249,0,0,0,0,0,0,0,0,0,0
3.082635,0,225317,2086,2085,0,0,0,0,0,0,0,0,0,0
3.084204,0,224272,2129,2128,0,0,0,0,0,0,0,0,0,0
3.085725,0,224001,2110,2109,0,0,0,0,0,0,0,0,0,0
3.087242,0,218566,2648,2647,0,0,0,0,0,0,0,0,0,0
3.088757,0,223585,2168,2167,0,0,0,0,0,0,0,0,0,0
3.090318,0,223399,2892,2891,0,0,0,0,0,0,0,0,0,0
3.091853,0,224448,2897,2896,0,0,0,0,0,0,0,0,0,0
3.093368,0,222299,2494,2493,0,0,0,0,0,0,0,0,0,0
3.094939,0,206975,2458,2457,0,0,0,0,0,0,0,0,0,0
3.096504,0,199943,1955,1954,0,0,0,0,0,0,0,0,0,0
3.098019,0,193156,2478,2477,0,0,0,0,0,0,0,0,0,0
3.099535,0,192732,2378,2377,0,0,0,0,0,0,0,0,0,0
3.101049,0,193330,2604,2603,0,0,0,0,0,0,0,0,0,0
3.102566,0,194214,1908,1907,0,0,0,0,0,0,0,0,0,0
3.104079,0,191153,2026,2025,0,0,0,0,0,0,0,0,0,0
3.105601,0,194152,2579,2578,0,0,0,0,0,0,0,0,0,0
3.107119,0,193435,1948,1947,0,0,0,0,0,0,0,0,0,0
3.108632,0,194199,1970,1969,0,0,0,0,0,0,0,0,0,0
3.110147,0,193225,2228,2227,0,0,0,0,0,0,0,0,0,0
3.111744,0,219460,2085,2084,0,0,0,0,0,0,0,0,0,0
3.113260,0,193931,2600,2599,0,0,0,0,0,0,0,0,0,0
3.114778,0,191982,2586,2585,0,0,0,0,0,0,0,0,0,0
3.116304,0,207679,3048,3047,0,0,0,0,0,0,0,0,0,0
3.117943,0,241583,3038,3037,0,0,0,0,0,0,0,0,0,0
3.119582,0,234439,3049,3048,0,0,0,0,0,0,0,0,0,0
3.121370,0,238155,3035,3034,0,0,0,0,0,0,0,0,0,0
3.123049,0,235663,3037,3036,0,0,0,0,0,0,0,0,0,0
3.124850,0,239873,2999,2998,0,0,0,0,0,0,0,0,0,0
3.126551,0,239073,3040,3039,0,0,0,0,0,0,0,0,0,0
3.128415,0,245171,3029,3028,0,0,0,0,0,0,0,0,0,0
3.130247,0,241896,3047,3046,0,0,0,0,0,0,0,0,0,0
3.132086,0,240010,3012,3011,0,0,0,0,0,0,0,0,0,0
3.133918,0,237718,3036,3035,0,0,0,0,0,0,0,0,0,0
3.135751,0,239952,3021,3020,0,0,0,0,0,0,0,0,0,0
3.137601,0,239749,3032,3031,0,0,0,0,0,0,0,0,0,0
3.139436,0,246126,3036,3035,0,0,0,0,0,0,0,0,0,0
3.141270,0,239993,3030,3029,0,0,0,0,0,0,0,0,0,0
3.143104,0,239215,3059,3058,0,0,0,0,0,0,0,0,0,0
3.144938,0,239045,2994,2993,0,0,0,0,0,0,0,0,0,0
3.146627,0,232841,3002,3001,0,0,0,0,0,0,0,0,0,0
3.148301,0,236505,3032,3031,0,0,0,0,0,0,0,0,0,0
3.149947,0,235784,3044,3043,0,0,0,0,0,0,0,0,0,0
3.151593,0,242163,2943,2942,0,0,0,0,0,0,0,0,0,0
3.153237,0,235905,3029,3028,0,0,0,0,0,0,0,0,0,0
3.154883,0,235300,3019,3018,0,0,0,0,0,0,0,0,0,0
3.156534,0,237692,3026,3025,0,0,0,0,0,0,0,0,0,0
3.158337,0,241920,3035,3034,0,0,0,0,0,0,0,0,0,0
3.160045,0,237124,2983,2982,0,0,0,0,0,0,0,0,0,0
3.161698,0,236582,3028,3027,0,0,0,0,0,0,0,0,0,0
3.163347,0,236584,3010,3009,0,0,0,0,0,0,0,0,0,0
3.164993,0,242674,3029,3028,0,0,0,0,0,0,0,0,0,0
3.166640,0,236062,3014,3013,0,0,0,0,0,0,0,0,0,0
3.168285,0,232197,3002,3001,0,0,0,0,0,0,0,0,0,0
3.170081,0,239498,3034,3033,0,0,0,0,0,0,0,0,0,0
3.171906,0,281082,3058,3057,0,0,0,0,0,0,0,0,0,0
3.173709,0,247368,3059,3058,0,0,0,0,0,0,0,0,0,0
3.175539,0,531327,2670,2669,0,0,0,0,0,0,0,0,0,0
3.177981,0,237256,3103,3102,0,0,0,0,0,0,0,0,0,0
3.179843,0,239917,3056,3055,0,0,0,0,0,0,0,0,0,0
3.181677,0,239875,3024,3023,0,0,0,0,0,0,0,0,0,0
3.183383,0,236234,3035,3034,0,0,0,0,0,0,0,0,0,0
3.185037,0,241927,3054,3053,0,0,0,0,0,0,0,0,0,0
3.186686,0,242041,3035,3034,0,0,0,0,0,0,0,0,0,0
3.188333,0,242333,3047,3046,0,0,0,0,0,0,0,0,0,0
3.189978,0,235599,3060,3059,0,0,0,0,0,0,0,0,0,0
3.191698,0,241125,3067,3066,0,0,0,0,0,0,0,0,0,0
3.193493,0,239981,3065,3064,0,0,0,0,0,0,0,0,0,0
3.195215,0,232068,3066,3065,0,0,0,0,0,0,0,0,0,0
3.196868,0,235945,3066,3065,0,0,0,0,0,0,0,0,0,0
3.198513,0,235211,3043,3042,0,0,0,0,0,0,0,0,0,0
3.200158,0,235654,3051,3050,0,0,0,0,0,0,0,0,0,0
3.201802,0,235517,3065,3064,0,0,0,0,0,0,0,0,0,0
3.203449,0,235943,3064,3063,0,0,0,0,0,0,0,0,0,0
3.205094,0,241760,3031,3030,0,0,0,0,0,0,0,0,0,0
3.206850,0,240767,2488,2487,0,0,0,0,0,0,0,0,0,0
3.208644,0,243111,2428,2427,0,0,0,0,0,0,0,0,0,0
3.210351,0,277640,2549,2548,0,0,0,0,0,0,0,0,0,0
3.212124,0,256607,3065,3064,0,0,0,0,0,0,0,0,0,0
3.213767,0,234137,3050,3049,0,0,0,0,0,0,0,0,0,0
3.215410,0,230113,3064,3063,0,0,0,0,0,0,0,0,0,0
3.217063,0,233193,3051,3050,0,0,0,0,0,0,0,0,0,0
3.218716,0,228641,2793,2792,0,0,0,0,0,0,0,0,0,0
3.220351,0,233559,3066,3065,0,0,0,0,0,0,0,0,0,0
3.221985,0,235034,3042,3041,0,0,0,0,0,0,0,0,0,0
3.223780,0,261574,3073,3072,0,0,0,0,0,0,0,0,0,0
3.225486,0,226814,3064,3063,0,0,0,0,0,0,0,0,0,0
3.227107,0,228426,3044,3043,0,0,0,0,0,0,0,0,0,0
3.228721,0,227962,3065,3064,0,0,0,0,0,0,0,0,0,0
3.230337,0,229199,3046,3045,0,0,0,0,0,0,0,0,0,0
3.231956,0,227841,3073,3072,0,0,0,0,0,0,0,0,0,0
3.233569,0,227401,3056,3055,0,0,0,0,0,0,0,0,0,0
3.235216,0,233786,3062,3061,0,0,0,0,0,0,0,0,0,0
3.236951,0,231009,3068,3067,0,0,0,0,0,0,0,0,0,0
3.238609,0,234438,3059,3058,0,0,0,0,0,0,0,0,0,0
3.240301,0,234371,3075,3074,0,0,0,0,0,0,0,0,0,0
3.241948,0,235004,3071,3070,0,0,0,0,0,0,0,0,0,0
3.243593,0,235533,3042,3041,0,0,0,0,0,0,0,0,0,0
3.245238,0,235009,3040,3039,0,0,0,0,0,0,0,0,0,0
3.246882,0,234876,3051,3050,0,0,0,0,0,0,0,0,0,0
3.248525,0,235122,3075,3074,0,0,0,0,0,0,0,0,0,0
3.250197,0,231253,3053,3052,0,0,0,0,0,0,0,0,0,0
3.252035,0,304592,2865,2864,0,0,0,0,0,0,0,0,0,0
3.253750,0,244401,3015,3014,0,0,0,0,0,0,0,0,0,0
3.255364,0,239371,3023,3022,0,0,0,0,0,0,0,0,0,0
3.257090,0,258861,3029,3028,0,0,0,0,0,0,0,0,0,0
3.258763,0,244591,3067,3066,0,0,0,0,0,0,0,0,0,0
3.260431,0,233000,2691,2690,0,0,0,0,0,0,0,0,0,0
3.262075,0,211180,2770,2769,0,0,0,0,0,0,0,0,0,0
3.263774,0,220798,2767,2766,0,0,0,0,0,0,0,0,0,0
3.265411,0,210124,2761,2760,0,0,0,0,0,0,0,0,0,0
3.267058,0,210311,2724,2723,0,0,0,0,0,0,0,0,0,0
3.268701,0,209714,2751,2750,0,0,0,0,0,0,0,0,0,0
3.270496,0,191392,2654,2653,0,0,0,0,0,0,0,0,0,0
3.272185,0,210974,2752,2751,0,0,0,0,0,0,0,0,0,0
3.273837,0,210565,2766,2765,0,0,0,0,0,0,0,0,0,0
3.275486,0,209887,2774,2773,0,0,0,0,0,0,0,0,0,0
3.277131,0,209660,2744,2743,0,0,0,0,0,0,0,0,0,0
3.278778,0,209892,2771,2770,0,0,0,0,0,0,0,0,0,0
3.280422,0,203564,2748,2747,0,0,0,0,0,0,0,0,0,0
3.282214,0,227852,2765,2764,0,0,0,0,0,0,0,0,0,0
3.284008,0,210861,2725,2724,0,0,0,0,0,0,0,0,0,0
3.285660,0,205089,2781,2780,0,0,0,0,0,0,0,0,0,0
3.287309,0,204065,2765,2764,0,0,0,0,0,0,0,0,0,0
3.289018,0,209988,2767,2766,0,0,0,0,0,0,0,0,0,0
3.290665,0,204183,2771,2770,0,0,0,0,0,0,0,0,0,0
3.292309,0,204069,2800,2799,0,0,0,0,0,0,0,0,0,0
3.293966,0,204759,2769,2768,0,0,0,0,0,0,0,0,0,0
3.295642,0,209576,2197,2196,0,0,0,0,0,0,0,0,0,0
3.297303,0,215723,2654,2653,0,0,0,0,0,0,0,0,0,0
3.298952,0,204503,2784,2783,0,0,0,0,0,0,0,0,0,0
3.300598,0,209759,2765,2764,0,0,0,0,0,0,0,0,0,0
3.302243,0,225798,2778,2777,0,0,0,0,0,0,0,0,0,0
3.303978,0,236092,2780,2779,0,0,0,0,0,0,0,0,0,0
3.305678,0,210119,2570,2569,0,0,0,0,0,0,0,0,0,0
3.307324,0,205114,2784,2783,0,0,0,0,0,0,0,0,0,0
3.308970,0,209408,2763,2762,0,0,0,0,0,0,0,0,0,0
3.310723,0,238321,2653,2652,0,0,0,0,0,0,0,0,0,0
3.312519,0,224452,2758,2757,0,0,0,0,0,0,0,0,0,0
3.314206,0,209740,2742,2741,0,0,0,0,0,0,0,0,0,0
3.315923,0,226962,2758,2757,0,0,0,0,0,0,0,0,0,0
3.317569,0,210082,2782,2781,0,0,0,0,0,0,0,0,0,0
3.319218,0,209784,2767,2766,0,0,0,0,0,0,0,0,0,0
3.320919,0,210921,2777,2776,0,0,0,0,0,0,0,0,0,0
3.322583,0,212302,2765,2764,0,0,0,0,0,0,0,0,0,0
3.324234,0,209038,2777,2776,0,0,0,0,0,0,0,0,0,0
3.325874,0,208143,2773,2772,0,0,0,0,0,0,0,0,0,0
3.327515,0,203459,2769,2768,0,0,0,0,0,0,0,0,0,0
3.329159,0,209106,2792,2791,0,0,0,0,0,0,0,0,0,0
3.330805,0,209351,2759,2758,0,0,0,0,0,0,0,0,0,0
3.332449,0,204064,2765,2764,0,0,0,0,0,0,0,0,0,0
3.334243,0,214803,2782,2781,0,0,0,0,0,0,0,0,0,0
3.335948,0,231975,2776,2775,0,0,0,0,0,0,0,0,0,0
3.337663,0,209430,2775,2774,0,0,0,0,0,0,0,0,0,0
3.339311,0,203916,2775,2774,0,0,0,0,0,0,0,0,0,0
3.340956,0,209737,2782,2781,0,0,0,0,0,0,0,0,0,0
3.342601,0,203617,2759,2758,0,0,0,0,0,0,0,0,0,0
3.344246,0,209325,2778,2777,0,0,0,0,0,0,0,0,0,0
3.346039,0,212916,2786,2785,0,0,0,0,0,0,0,0,0,0
3.347841,0,243131,2770,2769,0,0,0,0,0,0,0,0,0,0
3.349641,0,207142,2775,2774,0,0,0,0,0,0,0,0,0,0
3.351476,0,213399,2778,2777,0,0,0,0,0,0,0,0,0,0
3.353309,0,212793,2772,2771,0,0,0,0,0,0,0,0,0,0
3.355144,0,212639,2762,2761,0,0,0,0,0,0,0,0,0,0
3.356923,0,205952,2781,2780,0,0,0,0,0,0,0,0,0,0
3.358598,0,204284,2828,2827,0,0,0,0,0,0,0,0,0,0
3.360246,0,209673,2780,2779,0,0,0,0,0,0,0,0,0,0
3.361890,0,209552,2764,2763,0,0,0,0,0,0,0,0,0,0
3.363537,0,209677,2777,2776,0,0,0,0,0,0,0,0,0,0
3.365182,0,209763,2763,2762,0,0,0,0,0,0,0,0,0,0
3.366831,0,209508,2776,2775,0,0,0,0,0,0,0,0,0,0
3.368690,0,207598,2770,2769,0,0,0,0,0,0,0,0,0,0
3.370630,0,205371,2799,2798,0,0,0,0,0,0,0,0,0,0
3.372485,0,213281,2783,2782,0,0,0,0,0,0,0,0,0,0
3.374318,0,209623,2775,2774,0,0,0,0,0,0,0,0,0,0
3.376156,0,212841,2773,2772,0,0,0,0,0,0,0,0,0,0
3.377987,0,212377,2773,2772,0,0,0,0,0,0,0,0,0,0
3.379925,0,212594,2783,2782,0,0,0,0,0,0,0,0,0,0
3.381622,0,209336,2795,2794,0,0,0,0,0,0,0,0,0,0
3.383427,0,207895,2773,2772,0,0,0,0,0,0,0,0,0,0
3.385115,0,203981,2782,2781,0,0,0,0,0,0,0,0,0,0
3.386917,0,213415,2787,2786,0,0,0,0,0,0,0,0,0,0
3.388752,0,212981,2773,2772,0,0,0,0,0,0,0,0,0,0
3.390588,0,208002,2771,2770,0,0,0,0,0,0,0,0,0,0
3.392288,0,204689,2781,2780,0,0,0,0,0,0,0,0,0,0
3.393939,0,209772,2777,2776,0,0,0,0,0,0,0,0,0,0
3.395586,0,209412,2776,2775,0,0,0,0,0,0,0,0,0,0
3.397231,0,209351,2779,2778,0,0,0,0,0,0,0,0,0,0
3.398878,0,209587,2775,2774,0,0,0,0,0,0,0,0,0,0
3.400586,0,208999,2779,2778,0,0,0,0,0,0,0,0,0,0
3.402380,0,214617,2775,2774,0,0,0,0,0,0,0,0,0,0
3.404234,0,212889,2762,2761,0,0,0,0,0,0,0,0,0,0
3.406066,0,206460,2179,2178,0,0,0,0,0,0,0,0,0,0
3.407893,0,252856,2775,2774,0,0,0,0,0,0,0,0,0,0
3.409695,0,212995,2769,2768,0,0,0,0,0,0,0,0,0,0
3.411528,0,207731,2765,2764,0,0,0,0,0,0,0,0,0,0
3.413362,0,212197,2644,2643,0,0,0,0,0,0,0,0,0,0
3.415061,0,197408,2013,2012,0,0,0,0,0,0,0,0,0,0
3.416930,0,135105,2000,1999,0,0,0,0,0,0,0,0,0,0
3.418769,0,134979,2030,2029,0,0,0,0,0,0,0,0,0,0
3.420607,0,134359,2024,2023,0,0,0,0,0,0,0,0,0,0
3.422443,0,135781,2025,2024,0,0,0,0,0,0,0,0,0,0
3.424285,0,134705,2024,2023,0,0,0,0,0,0,0,0,0,0
3.425988,0,132539,2025,2024,0,0,0,0,0,0,0,0,0,0
3.427757,0,131166,2003,2002,0,0,0,0,0,0,0,0,0,0
3.429400,0,131170,2021,2020,0,0,0,0,0,0,0,0,0,0
3.431046,0,132399,2005,2004,0,0,0,0,0,0,0,0,0,0
3.432757,0,132644,2032,2031,0,0,0,0,0,0,0,0,0,0
3.434406,0,132856,2026,2025,0,0,0,0,0,0,0,0,0,0
3.436068,0,132224,2020,2019,0,0,0,0,0,0,0,0,0,0
3.437867,0,134551,2021,2020,0,0,0,0,0,0,0,0,0,0
3.439705,0,134270,2006,2005,0,0,0,0,0,0,0,0,0,0
3.441542,0,134256,2014,2013,0,0,0,0,0,0,0,0,0,0
3.443380,0,134269,1725,1724,0,0,0,0,0,0,0,0,0,0
3.445206,0,131461,1467,1466,0,0,0,0,0,0,0,0,0,0
3.446908,0,112460,1475,1474,0,0,0,0,0,0,0,0,0,0
3.448680,0,120144,1657,1656,0,0,0,0,0,0,0,0,0,0
3.450515,0,164531,1840,1839,0,0,0,0,0,0,0,0,0,0
3.452337,0,132607,1685,1684,0,0,0,0,0,0,0,0,0,0
3.453990,0,132424,1671,1670,0,0,0,0,0,0,0,0,0,0
3.455829,0,133826,1842,1841,0,0,0,0,0,0,0,0,0,0
3.457528,0,132598,2031,2030,0,0,0,0,0,0,0,0,0,0
3.459336,0,134755,2031,2030,0,0,0,0,0,0,0,0,0,0
3.461174,0,134474,2043,2042,0,0,0,0,0,0,0,0,0,0
3.463014,0,134656,2000,1999,0,0,0,0,0,0,0,0,0,0
3.464914,0,134789,2025,2024,0,0,0,0,0,0,0,0,0,0
3.466754,0,134758,2088,2087,0,0,0,0,0,0,0,0,0,0
3.468459,0,132392,2019,2018,0,0,0,0,0,0,0,0,0,0
3.470113,0,132134,2027,2026,0,0,0,0,0,0,0,0,0,0
3.471869,0,154946,2021,2020,0,0,0,0,0,0,0,0,0,0
3.473512,0,131705,2040,2039,0,0,0,0,0,0,0,0,0,0
3.475155,0,131760,2021,2020,0,0,0,0,0,0,0,0,0,0
3.476839,0,131943,2034,2033,0,0,0,0,0,0,0,0,0,0
3.478496,0,132573,2028,2027,0,0,0,0,0,0,0,0,0,0
3.480209,0,132095,2017,2016,0,0,0,0,0,0,0,0,0,0
3.481855,0,131543,2025,2024,0,0,0,0,0,0,0,0,0,0
3.483503,0,131841,2018,2017,0,0,0,0,0,0,0,0,0,0
3.485149,0,131718,2023,2022,0,0,0,0,0,0,0,0,0,0
3.486795,0,131399,2025,2024,0,0,0,0,0,0,0,0,0,0
3.488590,0,137435,2022,2021,0,0,0,0,0,0,0,0,0,0
3.490329,0,134037,2053,2052,0,0,0,0,0,0,0,0,0,0
3.491995,0,132537,2017,2016,0,0,0,0,0,0,0,0,0,0
3.493643,0,132682,1649,1648,0,0,0,0,0,0,0,0,0,0
3.495292,0,132552,2004,2003,0,0,0,0,0,0,0,0,0,0
3.497004,0,131977,2027,2026,0,0,0,0,0,0,0,0,0,0
3.498654,0,132504,2014,2013,0,0,0,0,0,0,0,0,0,0
3.500325,0,133642,1990,1989,0,0,0,0,0,0,0,0,0,0
3.502063,0,154571,2008,2007,0,0,0,0,0,0,0,0,0,0
3.503987,0,163997,2013,2012,0,0,0,0,0,0,0,0,0,0
3.505634,0,131812,1998,1997,0,0,0,0,0,0,0,0,0,0
3.507281,0,132731,1843,1842,0,0,0,0,0,0,0,0,0,0
3.508928,0,132567,2070,2069,0,0,0,0,0,0,0,0,0,0
3.510852,0,145806,1628,1627,0,0,0,0,0,0,0,0,0,0
3.512642,0,140025,1715,1714,0,0,0,0,0,0,0,0,0,0
3.514338,0,137369,1781,1780,0,0,0,0,0,0,0,0,0,0
3.516004,0,143111,2027,2026,0,0,0,0,0,0,0,0,0,0
3.517607,0,131870,2016,2015,0,0,0,0,0,0,0,0,0,0
3.519208,0,131835,2027,2026,0,0,0,0,0,0,0,0,0,0
3.520839,0,127002,1668,1667,0,0,0,0,0,0,0,0,0,0
3.522442,0,91484,1574,1573,0,0,0,0,0,0,0,0,0,0
3.524042,0,90490,1587,1586,0,0,0,0,0,0,0,0,0,0
3.525656,0,94347,1540,1539,0,0,0,0,0,0,0,0,0,0
3.527301,0,91827,1646,1645,0,0,0,0,0,0,0,0,0,0
3.529075,0,95036,1730,1729,0,0,0,0,0,0,0,0,0,0
3.530839,0,96633,1466,1465,0,0,0,0,0,0,0,0,0,0
3.532536,0,91095,1615,1614,0,0,0,0,0,0,0,0,0,0
3.534185,0,91202,1528,1527,0,0,0,0,0,0,0,0,0,0
3.536035,0,123471,1678,1677,0,0,0,0,0,0,0,0,0,0
3.537679,0,91444,1722,1721,0,0,0,0,0,0,0,0,0,0
3.539324,0,91268,1636,1635,0,0,0,0,0,0,0,0,0,0
3.540969,0,90999,1599,1598,0,0,0,0,0,0,0,0,0,0
3.542831,0,109243,1672,1671,0,0,0,0,0,0,0,0,0,0
3.544654,0,91870,1602,1601,0,0,0,0,0,0,0,0,0,0
3.546304,0,92404,1590,1589,0,0,0,0,0,0,0,0,0,0
3.548048,0,104622,1606,1605,0,0,0,0,0,0,0,0,0,0
3.549696,0,91300,1673,1672,0,0,0,0,0,0,0,0,0,0
3.551345,0,91682,1599,1598,0,0,0,0,0,0,0,0,0,0
3.553005,0,91651,1608,1607,0,0,0,0,0,0,0,0,0,0
3.554657,0,91282,1624,1623,0,0,0,0,0,0,0,0,0,0
3.556301,0,91076,1672,1671,0,0,0,0,0,0,0,0,0,0
3.557949,0,91538,1542,1541,0,0,0,0,0,0,0,0,0,0
3.560930,0,91021,1612,1611,0,0,0,0,0,0,0,0,0,0
3.562670,0,93598,1600,1599,0,0,0,0,0,0,0,0,0,0
3.564336,0,91616,1667,1666,0,0,0,0,0,0,0,0,0,0
3.565986,0,91866,1675,1674,0,0,0,0,0,0,0,0,0,0
3.567682,0,91759,1688,1687,0,0,0,0,0,0,0,0,0,0
3.569332,0,91930,1606,1605,0,0,0,0,0,0,0,0,0,0
3.570985,0,91653,1599,1598,0,0,0,0,0,0,0,0,0,0
3.572635,0,91791,1550,1549,0,0,0,0,0,0,0,0,0,0
3.574436,0,94522,1598,1597,0,0,0,0,0,0,0,0,0,0
3.576211,0,92061,1677,1676,0,0,0,0,0,0,0,0,0,0
3.577869,0,91730,1667,1666,0,0,0,0,0,0,0,0,0,0
3.579522,0,91912,1667,1666,0,0,0,0,0,0,0,0,0,0
3.581174,0,92099,1601,1600,0,0,0,0,0,0,0,0,0,0
3.582827,0,92149,1590,1589,0,0,0,0,0,0,0,0,0,0
3.584478,0,91423,1591,1590,0,0,0,0,0,0,0,0,0,0
3.586156,0,91416,1677,1676,0,0,0,0,0,0,0,0,0,0
3.587950,0,114374,1680,1679,0,0,0,0,0,0,0,0,0,0
3.589602,0,91519,1660,1659,0,0,0,0,0,0,0,0,0,0
3.591253,0,91473,1676,1675,0,0,0,0,0,0,0,0,0,0
3.592959,0,91970,1670,1669,0,0,0,0,0,0,0,0,0,0
3.594611,0,91702,1605,1604,0,0,0,0,0,0,0,0,0,0
3.596273,0,91751,1600,1599,0,0,0,0,0,0,0,0,0,0
3.597924,0,91610,1716,1715,0,0,0,0,0,0,0,0,0,0
3.599576,0,91917,1601,1600,0,0,0,0,0,0,0,0,0,0
3.601226,0,92074,1683,1682,0,0,0,0,0,0,0,0,0,0
3.602878,0,91946,1732,1731,0,0,0,0,0,0,0,0,0,0
3.604528,0,91593,1610,1609,0,0,0,0,0,0,0,0,0,0
3.606330,0,94288,1462,1461,0,0,0,0,0,0,0,0,0,0
3.608144,0,100530,1676,1675,0,0,0,0,0,0,0,0,0,0
3.609803,0,91882,1606,1605,0,0,0,0,0,0,0,0,0,0
3.611458,0,91842,1583,1582,0,0,0,0,0,0,0,0,0,0
3.613110,0,91980,1611,1610,0,0,0,0,0,0,0,0,0,0
3.614764,0,92050,1612,1611,0,0,0,0,0,0,0,0,0,0
3.616414,0,91378,1585,1584,0,0,0,0,0,0,0,0,0,0
3.618227,0,106131,1671,1670,0,0,0,0,0,0,0,0,0,0
3.620177,0,98297,1665,1664,0,0,0,0,0,0,0,0,0,0
3.622016,0,93739,1677,1676,0,0,0,0,0,0,0,0,0,0
3.623972,0,117515,1679,1678,0,0,0,0,0,0,0,0,0,0
3.625877,0,93372,1677,1676,0,0,0,0,0,0,0,0,0,0
3.627718,0,93457,1676,1675,0,0,0,0,0,0,0,0,0,0
3.629426,0,91709,1535,1534,0,0,0,0,0,0,0,0,0,0
3.631236,0,92633,1674,1673,0,0,0,0,0,0,0,0,0,0
3.633067,0,92382,1672,1671,0,0,0,0,0,0,0,0,0,0
3.634975,0,93379,1678,1677,0,0,0,0,0,0,0,0,0,0
3.636789,0,92575,1671,1670,0,0,0,0,0,0,0,0,0,0
3.638750,0,211228,1468,1467,0,0,0,0,0,0,0,0,0,0
3.641306,0,96927,1670,1669,0,0,0,0,0,0,0,0,0,0
3.642972,0,91746,1620,1619,0,0,0,0,0,0,0,0,0,0
3.644625,0,91556,1647,1646,0,0,0,0,0,0,0,0,0,0
3.646273,0,91812,1675,1674,0,0,0,0,0,0,0,0,0,0
3.647925,0,91714,1612,1611,0,0,0,0,0,0,0,0,0,0
3.649573,0,91687,1664,1663,0,0,0,0,0,0,0,0,0,0
3.651251,0,91638,1647,1646,0,0,0,0,0,0,0,0,0,0
3.652901,0,91373,1676,1675,0,0,0,0,0,0,0,0,0,0
3.654550,0,91731,1670,1669,0,0,0,0,0,0,0,0,0,0
3.656257,0,91742,1672,1671,0,0,0,0,0,0,0,0,0,0
3.657906,0,91999,1660,1659,0,0,0,0,0,0,0,0,0,0
3.659555,0,91557,1601,1600,0,0,0,0,0,0,0,0,0,0
3.661204,0,91466,1602,1601,0,0,0,0,0,0,0,0,0,0
3.662877,0,91439,1614,1613,0,0,0,0,0,0,0,0,0,0
3.664525,0,91570,1685,1684,0,0,0,0,0,0,0,0,0,0
3.666172,0,91495,1677,1676,0,0,0,0,0,0,0,0,0,0
3.667947,0,111095,1616,1615,0,0,0,0,0,0,0,0,0,0
3.669595,0,91663,1674,1673,0,0,0,0,0,0,0,0,0,0
3.671246,0,91363,1676,1675,0,0,0,0,0,0,0,0,0,0
3.672959,0,91490,1615,1614,0,0,0,0,0,0,0,0,0,0
3.674610,0,91162,1679,1678,0,0,0,0,0,0,0,0,0,0
3.676257,0,91441,1614,1613,0,0,0,0,0,0,0,0,0,0
3.677944,0,91713,1671,1670,0,0,0,0,0,0,0,0,0,0
3.679595,0,91755,1667,1666,0,0,0,0,0,0,0,0,0,0
3.681245,0,91537,1612,1611,0,0,0,0,0,0,0,0,0,0
3.683046,0,93211,1678,1677,0,0,0,0,0,0,0,0,0,0
3.684750,0,91627,1667,1666,0,0,0,0,0,0,0,0,0,0
3.686414,0,94383,1675,1674,0,0,0,0,0,0,0,0,0,0
3.688134,0,91681,1667,1666,0,0,0,0,0,0,0,0,0,0
3.689785,0,91744,1611,1610,0,0,0,0,0,0,0,0,0,0
3.691438,0,92024,1601,1600,0,0,0,0,0,0,0,0,0,0
3.693089,0,91687,1648,1647,0,0,0,0,0,0,0,0,0,0
3.694754,0,91401,1598,1597,0,0,0,0,0,0,0,0,0,0
3.696401,0,91252,1672,1671,0,0,0,0,0,0,0,0,0,0
3.698046,0,91205,1607,1606,0,0,0,0,0,0,0,0,0,0
3.699817,0,111228,1591,1590,0,0,0,0,0,0,0,0,0,0
3.701467,0,91399,1598,1597,0,0,0,0,0,0,0,0,0,0
3.703292,0,128828,1368,1367,0,0,0,0,0,0,0,0,0,0
3.705545,0,101650,1672,1671,0,0,0,0,0,0,0,0,0,0
3.707198,0,91814,1660,1659,0,0,0,0,0,0,0,0,0,0
3.708874,0,93986,1678,1677,0,0,0,0,0,0,0,0,0,0
3.710588,0,101528,1603,1602,0,0,0,0,0,0,0,0,0,0
3.712238,0,91764,1604,1603,0,0,0,0,0,0,0,0,0,0
3.713887,0,91934,1612,1611,0,0,0,0,0,0,0,0,0,0
3.715558,0,91349,1641,1640,0,0,0,0,0,0,0,0,0,0
3.717207,0,91561,1615,1614,0,0,0,0,0,0,0,0,0,0
3.718859,0,91811,1614,1613,0,0,0,0,0,0,0,0,0,0
3.720566,0,91741,1649,1648,0,0,0,0,0,0,0,0,0,0
3.722215,0,99926,1663,1662,0,0,0,0,0,0,0,0,0,0
3.723908,0,90475,1658,1657,0,0,0,0,0,0,0,0,0,0
3.725580,0,121937,1610,1609,0,0,0,0,0,0,0,0,0,0
3.727463,0,91728,1656,1655,0,0,0,0,0,0,0,0,0,0
3.729115,0,91685,1667,1666,0,0,0,0,0,0,0,0,0,0
3.730768,0,91955,1677,1676,0,0,0,0,0,0,0,0,0,0
3.732419,0,91455,1674,1673,0,0,0,0,0,0,0,0,0,0
3.734066,0,92347,1664,1663,0,0,0,0,0,0,0,0,0,0
3.735814,0,115703,1648,1647,0,0,0,0,0,0,0,0,0,0
3.737522,0,91783,1666,1665,0,0,0,0,0,0,0,0,0,0
3.739174,0,91244,1666,1665,0,0,0,0,0,0,0,0,0,0
3.740818,0,91063,1670,1669,0,0,0,0,0,0,0,0,0,0
3.742462,0,95311,1544,1543,0,0,0,0,0,0,0,0,0,0
3.744166,0,96381,1666,1665,0,0,0,0,0,0,0,0,0,0
3.745826,0,91747,1678,1677,0,0,0,0,0,0,0,0,0,0
3.747477,0,91404,1636,1635,0,0,0,0,0,0,0,0,0,0
3.749126,0,91554,1608,1607,0,0,0,0,0,0,0,0,0,0
3.750777,0,91353,1729,1728,0,0,0,0,0,0,0,0,0,0
3.752479,0,91921,1649,1648,0,0,0,0,0,0,0,0,0,0
3.754127,0,91586,1652,1651,0,0,0,0,0,0,0,0,0,0
3.755918,0,108479,1666,1665,0,0,0,0,0,0,0,0,0,0
3.757644,0,92759,1669,1668,0,0,0,0,0,0,0,0,0,0
3.759306,0,91859,1661,1660,0,0,0,0,0,0,0,0,0,0
3.760956,0,91658,1654,1653,0,0,0,0,0,0,0,0,0,0
3.762607,0,91888,1681,1680,0,0,0,0,0,0,0,0,0,0
3.764256,0,91746,1680,1679,0,0,0,0,0,0,0,0,0,0
3.765904,0,109183,1673,1672,0,0,0,0,0,0,0,0,0,0
3.767878,0,93841,1682,1681,0,0,0,0,0,0,0,0,0,0
3.769719,0,93230,1673,1672,0,0,0,0,0,0,0,0,0,0
3.771557,0,93682,1665,1664,0,0,0,0,0,0,0,0,0,0
3.773397,0,93480,1726,1725,0,0,0,0,0,0,0,0,0,0
3.775238,0,93687,1671,1670,0,0,0,0,0,0,0,0,0,0
3.777077,0,93295,1675,1674,0,0,0,0,0,0,0,0,0,0
3.778785,0,91913,1711,1710,0,0,0,0,0,0,0,0,0,0
3.780593,0,93434,1674,1673,0,0,0,0,0,0,0,0,0,0
3.782431,0,94765,1643,1642,0,0,0,0,0,0,0,0,0,0
3.784217,0,95283,1664,1663,0,0,0,0,0,0,0,0,0,0
3.786023,0,93053,1663,1662,0,0,0,0,0,0,0,0,0,0
3.787934,0,104610,1671,1670,0,0,0,0,0,0,0,0,0,0
3.789637,0,92046,1650,1649,0,0,0,0,0,0,0,0,0,0
3.791297,0,91653,1658,1657,0,0,0,0,0,0,0,0,0,0
3.792950,0,91551,1562,1561,0,0,0,0,0,0,0,0,0,0
3.794602,0,91626,1653,1652,0,0,0,0,0,0,0,0,0,0
3.796251,0,91662,1669,1668,0,0,0,0,0,0,0,0,0,0
3.797898,0,91366,1676,1675,0,0,0,0,0,0,0,0,0,0
3.799700,0,93352,1681,1680,0,0,0,0,0,0,0,0,0,0
3.801464,0,91599,1659,1658,0,0,0,0,0,0,0,0,0,0
3.803274,0,93219,1675,1674,0,0,0,0,0,0,0,0,0,0
3.805113,0,93104,1683,1682,0,0,0,0,0,0,0,0,0,0
3.806954,0,93409,1673,1672,0,0,0,0,0,0,0,0,0,0
3.808793,0,93363,1666,1665,0,0,0,0,0,0,0,0,0,0
3.810634,0,93466,1676,1675,0,0,0,0,0,0,0,0,0,0
3.812488,0,93148,1665,1664,0,0,0,0,0,0,0,0,0,0
3.814320,0,138806,1604,1603,0,0,0,0,0,0,0,0,0,0
3.816354,0,111172,1648,1647,0,0,0,0,0,0,0,0,0,0
3.818209,0,112629,1421,1420,0,0,0,0,0,0,0,0,0,0
3.820176,0,102908,1433,1432,0,0,0,0,0,0,0,0,0,0
3.821936,0,93965,1545,1544,0,0,0,0,0,0,0,0,0,0
3.823830,0,103967,1558,1557,0,0,0,0,0,0,0,0,0,0
3.825502,0,94060,1472,1471,0,0,0,0,0,0,0,0,0,0
3.827133,0,95334,1598,1597,0,0,0,0,0,0,0,0,0,0
3.828786,0,91962,1710,1709,0,0,0,0,0,0,0,0,0,0
3.830390,0,110238,1421,1420,0,0,0,0,0,0,0,0,0,0
3.832172,0,92107,1655,1654,0,0,0,0,0,0,0,0,0,0
3.833793,0,91885,1596,1595,0,0,0,0,0,0,0,0,0,0
3.835400,0,91599,1600,1599,0,0,0,0,0,0,0,0,0,0
3.837000,0,90961,1577,1576,0,0,0,0,0,0,0,0,0,0
3.838600,0,92020,1606,1605,0,0,0,0,0,0,0,0,0,0
3.840205,0,91532,1660,1659,0,0,0,0,0,0,0,0,0,0
3.841807,0,91862,1555,1554,0,0,0,0,0,0,0,0,0,0
3.843409,0,91167,1613,1612,0,0,0,0,0,0,0,0,0,0
3.845021,0,91169,1610,1609,0,0,0,0,0,0,0,0,0,0
3.846696,0,91587,1742,1741,0,0,0,0,0,0,0,0,0,0
3.848493,0,97746,1673,1672,0,0,0,0,0,0,0,0,0,0
3.850359,0,100972,1634,1633,0,0,0,0,0,0,0,0,0,0
3.852077,0,92052,1663,1662,0,0,0,0,0,0,0,0,0,0
3.853734,0,91284,1629,1628,0,0,0,0,0,0,0,0,0,0
3.855414,0,92129,1579,1578,0,0,0,0,0,0,0,0,0,0
3.857067,0,92191,1607,1606,0,0,0,0,0,0,0,0,0,0
3.858719,0,91808,1544,1543,0,0,0,0,0,0,0,0,0,0
3.860370,0,91568,1608,1607,0,0,0,0,0,0,0,0,0,0
3.862020,0,91686,1609,1608,0,0,0,0,0,0,0,0,0,0
3.863778,0,116415,1617,1616,0,0,0,0,0,0,0,0,0,0
3.865505,0,91903,1663,1662,0,0,0,0,0,0,0,0,0,0
3.867158,0,91559,1667,1666,0,0,0,0,0,0,0,0,0,0
3.868809,0,91813,1599,1598,0,0,0,0,0,0,0,0,0,0
3.870458,0,92320,1559,1558,0,0,0,0,0,0,0,0,0,0
3.872111,0,91925,1622,1621,0,0,0,0,0,0,0,0,0,0
3.873761,0,91398,1608,1607,0,0,0,0,0,0,0,0,0,0
3.875564,0,93602,1669,1668,0,0,0,0,0,0,0,0,0,0
3.877271,0,91918,1594,1593,0,0,0,0,0,0,0,0,0,0
3.878931,0,91838,1608,1607,0,0,0,0,0,0,0,0,0,0
3.880648,0,91858,1592,1591,0,0,0,0,0,0,0,0,0,0
3.882300,0,92217,1585,1584,0,0,0,0,0,0,0,0,0,0
3.883953,0,92040,1673,1672,0,0,0,0,0,0,0,0,0,0
3.885603,0,91704,1617,1616,0,0,0,0,0,0,0,0,0,0
3.887267,0,92082,1671,1670,0,0,0,0,0,0,0,0,0,0
3.888920,0,91919,1685,1684,0,0,0,0,0,0,0,0,0,0
3.890572,0,91904,1623,1622,0,0,0,0,0,0,0,0,0,0
3.892222,0,91819,1677,1676,0,0,0,0,0,0,0,0,0,0
3.893872,0,91482,1678,1677,0,0,0,0,0,0,0,0,0,0
3.895521,0,91719,1614,1613,0,0,0,0,0,0,0,0,0,0
3.897324,0,93279,1679,1678,0,0,0,0,0,0,0,0,0,0
3.899033,0,91843,1670,1669,0,0,0,0,0,0,0,0,0,0
3.900691,0,91477,1610,1609,0,0,0,0,0,0,0,0,0,0
3.902343,0,91879,1561,1560,0,0,0,0,0,0,0,0,0,0
3.904035,0,98125,1674,1673,0,0,0,0,0,0,0,0,0,0
3.905686,0,91896,1609,1608,0,0,0,0,0,0,0,0,0,0
3.907337,0,91811,1630,1629,0,0,0,0,0,0,0,0,0,0
3.908987,0,91863,1675,1674,0,0,0,0,0,0,0,0,0,0
3.910652,0,91963,1612,1611,0,0,0,0,0,0,0,0,0,0
3.912369,0,92128,1610,1609,0,0,0,0,0,0,0,0,0,0
3.914020,0,88816,1661,1660,0,0,0,0,0,0,0,0,0,0
3.915739,0,91199,1480,1479,0,0,0,0,0,0,0,0,0,0
3.917378,0,88689,1186,1185,0,0,0,0,0,0,0,0,0,0
3.918894,0,74379,1091,1090,0,0,0,0,0,0,0,0,0,0
3.920475,0,69280,1115,1114,0,0,0,0,0,0,0,0,0,0
3.921976,0,67786,1050,1049,0,0,0,0,0,0,0,0,0,0
3.923435,0,67314,1219,1218,0,0,0,0,0,0,0,0,0,0
3.924887,0,66789,1140,1139,0,0,0,0,0,0,0,0,0,0
3.926337,0,67451,968,967,0,0,0,0,0,0,0,0,0,0
3.927803,0,82487,1603,1602,0,0,0,0,0,0,0,0,0,0
3.929516,0,91680,1481,1480,0,0,0,0,0,0,0,0,0,0
3.931317,0,93441,1411,1410,0,0,0,0,0,0,0,0,0,0
3.933023,0,91941,1424,1423,0,0,0,0,0,0,0,0,0,0
3.934831,0,94126,1510,1509,0,0,0,0,0,0,0,0,0,0
3.936673,0,94010,1670,1669,0,0,0,0,0,0,0,0,0,0
3.938513,0,103721,1678,1677,0,0,0,0,0,0,0,0,0,0
3.940416,0,93035,1676,1675,0,0,0,0,0,0,0,0,0,0
3.942254,0,94266,1678,1677,0,0,0,0,0,0,0,0,0,0
3.944177,0,93867,1723,1722,0,0,0,0,0,0,0,0,0,0
3.946017,0,93774,1675,1674,0,0,0,0,0,0,0,0,0,0
3.947821,0,109409,1625,1624,0,0,0,0,0,0,0,0,0,0
3.949619,0,92566,1672,1671,0,0,0,0,0,0,0,0,0,0
3.951304,0,91477,1544,1543,0,0,0,0,0,0,0,0,0,0
3.953109,0,92831,1681,1680,0,0,0,0,0,0,0,0,0,0
3.954826,0,93548,1615,1614,0,0,0,0,0,0,0,0,0,0
3.956633,0,93040,1671,1670,0,0,0,0,0,0,0,0,0,0
3.958323,0,93393,1675,1674,0,0,0,0,0,0,0,0,0,0
3.960204,0,93413,1678,1677,0,0,0,0,0,0,0,0,0,0
3.962043,0,143390,1393,1392,0,0,0,0,0,0,0,0,0,0
3.964148,0,100876,1601,1600,0,0,0,0,0,0,0,0,0,0
3.965942,0,98814,1655,1654,0,0,0,0,0,0,0,0,0,0
3.967596,0,117269,1540,1539,0,0,0,0,0,0,0,0,0,0
3.969398,0,92720,1477,1476,0,0,0,0,0,0,0,0,0,0
3.971020,0,91831,1380,1379,0,0,0,0,0,0,0,0,0,0
3.972713,0,271225,1368,1367,0,0,0,0,0,0,0,0,0,0
3.978437,0,95280,1411,1410,0,0,0,0,0,0,0,0,0,0
3.980114,0,88510,1578,1577,0,0,0,0,0,0,0,0,0,0
3.981689,0,88397,1539,1538,0,0,0,0,0,0,0,0,0,0
3.983260,0,88835,1631,1630,0,0,0,0,0,0,0,0,0,0
3.984830,0,90093,1651,1650,0,0,0,0,0,0,0,0,0,0
3.986431,0,89879,1401,1400,0,0,0,0,0,0,0,0,0,0
3.988143,0,103287,1648,1647,0,0,0,0,0,0,0,0,0,0
3.989748,0,88677,1580,1579,0,0,0,0,0,0,0,0,0,0
3.991331,0,88745,1730,1729,0,0,0,0,0,0,0,0,0,0
3.992958,0,88721,1686,1685,0,0,0,0,0,0,0,0,0,0
3.994529,0,103720,1583,1582,0,0,0,0,0,0,0,0,0,0
3.996196,0,88793,1604,1603,0,0,0,0,0,0,0,0,0,0
3.997768,0,88668,1676,1675,0,0,0,0,0,0,0,0,0,0
3.999339,0,88529,1667,1666,0,0,0,0,0,0,0,0,0,0
4.000082,0,76008,140,140,0,0,0,0,0,0,0,0,0,0
