elapsed_s,PC_US_STALL_CYCLES_COMPUTE_GFX,PC_US_STALL_CYCLES_GFX_COMPUTE,PC_US_PREDRAW_STALLS,PC_US_DP0_INPUT_STALLS,PC_US_DP1_INPUT_STALLS,PC_US_BR_STALLS_BV_WORKLOAD,PC_US_BV_STALLS_BR_WORKLOAD,PC_US_PASSPAIR_STALL
0.008861,0,0,0,0,0,0,0,0
0.010345,0,0,0,0,0,0,0,0
0.011821,0,0,0,0,0,0,0,0
0.013271,0,0,0,0,0,0,0,0
0.014722,0,0,0,0,0,0,0,0
0.016181,0,0,0,0,0,0,0,0
0.017725,0,0,0,0,0,0,0,0
0.019178,0,0,0,0,0,0,0,0
0.020676,0,0,0,0,0,0,0,0
0.022131,0,0,0,0,0,0,0,0
0.023580,0,0,0,0,0,0,0,0
0.025029,0,0,0,0,0,0,0,0
0.026479,0,0,0,0,0,0,0,0
0.027953,0,0,0,0,0,0,0,0
0.029404,0,0,0,0,0,0,0,0
0.030862,0,0,0,0,0,0,0,0
0.032315,0,0,0,0,0,0,0,0
0.033769,0,0,0,0,0,0,0,0
0.035219,0,0,0,0,0,0,0,0
0.036681,0,0,0,0,0,0,0,0
0.038130,0,0,0,0,0,0,0,0
0.039581,0,0,0,0,0,0,0,0
0.041038,0,0,0,0,0,0,0,0
0.042488,0,0,0,0,0,0,0,0
0.043937,0,0,0,0,0,0,0,0
0.045386,0,0,0,0,0,0,0,0
0.046834,0,0,0,0,0,0,0,0
0.048283,0,0,0,0,0,0,0,0
0.049806,0,0,0,0,0,0,0,0
0.051273,0,0,0,0,0,0,0,0
0.052722,0,0,0,0,0,0,0,0
0.054173,0,0,0,0,0,0,0,0
0.055622,0,0,0,0,0,0,0,0
0.057072,0,0,0,0,0,0,0,0
0.058523,0,0,0,0,0,0,0,0
0.059995,0,0,0,0,0,0,0,0
0.061453,0,0,0,0,0,0,0,0
0.062904,0,0,0,0,0,0,0,0
0.064354,0,0,0,0,0,0,0,0
0.065764,0,0,0,0,0,0,0,0
0.067213,0,0,0,0,0,0,0,0
0.068666,0,0,0,0,0,0,0,0
0.070115,0,0,0,0,0,0,0,0
0.071572,0,0,0,0,0,0,0,0
0.073025,0,0,0,0,0,0,0,0
0.074524,0,0,0,0,0,0,0,0
0.076022,0,0,0,0,0,0,0,0
0.077519,0,0,0,0,0,0,0,0
0.079013,0,0,0,0,0,0,0,0
0.080446,0,0,0,0,0,0,0,0
0.081924,0,0,0,0,0,0,0,0
0.083337,0,0,0,0,0,0,0,0
0.084842,0,0,0,0,0,0,0,0
0.086337,0,0,0,0,0,0,0,0
0.087834,0,0,0,0,0,0,0,0
0.089332,0,0,0,0,0,0,0,0
0.090880,0,0,0,0,0,0,0,0
0.092743,0,0,0,0,0,0,0,0
0.094756,0,0,0,0,0,0,0,0
0.118123,0,0,0,0,0,0,0,0
0.119616,0,0,0,0,0,0,0,0
0.121133,0,0,0,0,0,0,0,0
0.122682,0,0,0,0,0,0,0,0
0.124207,0,0,0,0,0,0,0,0
0.125795,0,0,0,0,0,0,0,0
0.127245,0,0,0,0,0,0,0,0
0.128694,0,0,0,0,0,0,0,0
0.130151,0,0,0,0,0,0,0,0
0.131602,0,0,0,0,0,0,0,0
0.133073,0,0,0,0,0,0,0,0
0.134573,0,0,0,0,0,0,0,0
0.136070,0,0,0,0,0,0,0,0
0.137578,0,0,0,0,0,0,0,0
0.138836,0,0,0,0,0,0,0,0
0.140298,0,0,0,0,0,0,0,0
0.141832,0,0,0,0,0,0,0,0
0.143283,0,0,0,0,0,0,0,0
0.144789,0,0,0,0,0,0,0,0
0.146296,0,0,0,0,0,0,0,0
0.147809,0,0,0,0,0,0,0,0
0.149355,0,0,0,0,0,0,0,0
0.150809,0,0,0,0,0,0,0,0
0.152261,0,0,0,0,0,0,0,0
0.153828,0,0,0,0,0,0,0,0
0.155275,0,0,0,0,0,0,0,0
0.156721,0,0,0,0,0,0,0,0
0.158174,0,0,0,0,0,0,0,0
0.159624,0,0,0,0,0,0,0,0
0.161084,0,0,0,0,0,0,0,0
0.162539,0,0,0,0,0,0,0,0
0.164008,0,0,0,0,0,0,0,0
0.165461,0,0,0,0,0,0,0,0
0.166912,0,0,0,0,0,0,0,0
0.168388,0,0,0,0,0,0,0,0
0.169839,0,0,0,0,0,0,0,0
0.171295,385441,0,0,0,0,0,0,0
0.172505,1009858,0,0,0,0,0,0,0
0.173775,10216,0,0,0,0,0,0,0
0.175218,0,0,0,0,0,0,0,0
0.176547,0,0,0,0,0,0,0,0
0.177970,0,0,0,0,0,0,0,0
0.179410,0,0,0,0,0,0,0,0
0.180881,0,0,0,0,0,0,0,0
0.182326,0,0,0,0,0,0,0,0
0.183769,0,0,0,0,0,0,0,0
0.185112,0,0,0,0,0,0,0,0
0.186583,0,0,0,0,0,0,0,0
0.187967,0,0,0,0,0,0,0,0
0.189347,0,0,0,0,0,0,0,0
0.190727,0,0,0,0,0,0,0,0
0.192109,0,0,0,0,0,0,0,0
0.193488,0,0,0,0,0,0,0,0
0.194824,0,0,0,0,0,0,0,0
0.196219,0,0,0,0,0,0,0,0
0.197594,0,0,0,0,0,0,0,0
0.198972,0,0,0,0,0,0,0,0
0.200356,0,0,0,0,0,0,0,0
0.201764,0,0,0,0,0,0,0,0
0.203207,0,0,0,0,0,0,0,0
0.204673,0,0,0,0,0,0,0,0
0.206050,0,0,0,0,0,0,0,0
0.207552,0,0,0,0,0,0,0,0
0.208935,0,0,0,0,0,0,0,0
0.210271,0,0,0,0,0,0,0,0
0.211744,0,0,0,0,0,0,0,0
0.213194,0,0,0,0,0,0,0,0
0.214575,0,0,0,0,0,0,0,0
0.216031,0,0,0,0,0,0,0,0
0.217474,0,0,0,0,0,0,0,0
0.218808,0,0,0,0,0,0,0,0
0.220268,0,0,0,0,0,0,0,0
0.221786,0,0,0,0,0,0,0,0
0.223227,0,0,0,0,0,0,0,0
0.224643,0,0,0,0,0,0,0,0
0.226094,0,0,0,0,0,0,0,0
0.227549,0,0,0,0,0,0,0,0
0.228897,0,0,0,0,0,0,0,0
0.230338,0,0,0,0,0,0,0,0
0.231779,0,0,0,0,0,0,0,0
0.233220,0,0,0,0,0,0,0,0
0.234552,0,0,0,0,0,0,0,0
0.235909,0,0,0,0,0,0,0,0
0.237357,0,0,0,0,0,0,0,0
0.238798,0,0,0,0,0,0,0,0
0.240239,0,0,0,0,0,0,0,0
0.241706,0,0,0,0,0,0,0,0
0.243146,0,0,0,0,0,0,0,0
0.244604,0,0,0,0,0,0,0,0
0.246045,0,0,0,0,0,0,0,0
0.247493,0,0,0,0,0,0,0,0
0.248934,0,0,0,0,0,0,0,0
0.250374,0,0,0,0,0,0,0,0
0.251814,0,0,0,0,0,0,0,0
0.253255,0,0,0,0,0,0,0,0
0.254696,0,0,0,0,0,0,0,0
0.256136,0,0,0,0,0,0,0,0
0.257583,0,0,0,0,0,0,0,0
0.259024,0,0,0,0,0,0,0,0
0.260389,0,0,0,0,0,0,0,0
0.261833,0,0,0,0,0,0,0,0
0.263273,0,0,0,0,0,0,0,0
0.264714,0,0,0,0,0,0,0,0
0.266155,0,0,0,0,0,0,0,0
0.267602,0,0,0,0,0,0,0,0
0.268981,0,0,0,0,0,0,0,0
0.272640,0,0,0,0,0,0,0,0
0.274090,0,0,0,0,0,0,0,0
0.275533,0,0,0,0,0,0,0,0
0.276880,0,0,0,0,0,0,0,0
0.278328,0,0,0,0,0,0,0,0
0.279769,0,0,0,0,0,0,0,0
0.281210,0,0,0,0,0,0,0,0
0.282677,0,0,0,0,0,0,0,0
0.284197,0,0,0,0,0,0,0,0
0.285637,0,0,0,0,0,0,0,0
0.287077,0,0,0,0,0,0,0,0
0.288414,0,0,0,0,0,0,0,0
0.289748,0,0,0,0,0,0,0,0
0.291189,0,0,0,0,0,0,0,0
0.292672,0,0,0,0,0,0,0,0
0.294114,0,0,0,0,0,0,0,0
0.295555,0,0,0,0,0,0,0,0
0.296996,0,0,0,0,0,0,0,0
0.301393,0,0,0,0,0,0,0,0
0.302836,0,0,0,0,0,0,0,0
0.304276,0,0,0,0,0,0,0,0
0.305743,0,0,0,0,0,0,0,0
0.307184,0,0,0,0,0,0,0,0
0.311110,0,0,0,0,0,0,0,0
0.312551,0,0,0,0,0,0,0,0
0.313967,0,0,0,0,0,0,0,0
0.315409,0,0,0,0,0,0,0,0
0.316850,0,0,0,0,0,0,0,0
0.318180,0,0,0,0,0,0,0,0
0.319628,0,0,0,0,0,0,0,0
0.321069,0,0,0,0,0,0,0,0
0.325802,0,0,0,0,0,0,0,0
0.327243,0,0,0,0,0,0,0,0
0.328699,0,0,0,0,0,0,0,0
0.330149,0,0,0,0,0,0,0,0
0.331590,0,0,0,0,0,0,0,0
0.332939,0,0,0,0,0,0,0,0
0.334379,0,0,0,0,0,0,0,0
0.335820,0,0,0,0,0,0,0,0
0.337262,0,0,0,0,0,0,0,0
0.338702,0,0,0,0,0,0,0,0
0.340169,0,0,0,0,0,0,0,0
0.341610,0,0,0,0,0,0,0,0
0.343051,0,0,0,0,0,0,0,0
0.344492,0,0,0,0,0,0,0,0
0.345932,0,0,0,0,0,0,0,0
0.347262,0,0,0,0,0,0,0,0
0.348702,0,0,0,0,0,0,0,0
0.350151,0,0,0,0,0,0,0,0
0.351592,0,0,0,0,0,0,0,0
0.353033,0,0,0,0,0,0,0,0
0.354474,0,0,0,0,0,0,0,0
0.355827,0,0,0,0,0,0,0,0
0.357271,0,0,0,0,0,0,0,0
0.358723,0,0,0,0,0,0,0,0
0.360520,0,0,0,0,0,0,0,0
0.361868,0,0,0,0,0,0,0,0
0.363308,0,0,0,0,0,0,0,0
0.364751,0,0,0,0,0,0,0,0
0.366207,0,0,0,0,0,0,0,0
0.369342,0,0,0,0,0,0,0,0
0.370799,0,0,0,0,0,0,0,0
0.372257,0,0,0,0,0,0,0,0
0.373752,0,0,0,0,0,0,0,0
0.375193,0,0,0,0,0,0,0,0
0.376645,0,0,0,0,0,0,0,0
0.378087,0,0,0,0,0,0,0,0
0.379534,0,0,0,0,0,0,0,0
0.384656,0,0,0,0,0,0,0,0
0.385996,0,0,0,0,0,0,0,0
0.387332,0,0,0,0,0,0,0,0
0.388771,0,0,0,0,0,0,0,0
0.390228,0,0,0,0,0,0,0,0
0.396723,0,0,0,0,0,0,0,0
0.398165,0,0,0,0,0,0,0,0
0.399605,0,0,0,0,0,0,0,0
0.401045,0,0,0,0,0,0,0,0
0.407968,0,0,0,0,0,0,0,0
0.409412,0,0,0,0,0,0,0,0
0.410853,0,0,0,0,0,0,0,0
0.412312,0,0,0,0,0,0,0,0
0.413787,0,0,0,0,0,0,0,0
0.415228,0,0,0,0,0,0,0,0
0.416640,0,0,0,0,0,0,0,0
0.418080,0,0,0,0,0,0,0,0
0.419520,0,0,0,0,0,0,0,0
0.420866,0,0,0,0,0,0,0,0
0.422306,0,0,0,0,0,0,0,0
0.423746,0,0,0,0,0,0,0,0
0.428666,0,0,0,0,0,0,0,0
0.430108,0,0,0,0,0,0,0,0
0.431547,0,0,0,0,0,0,0,0
0.432987,0,0,0,0,0,0,0,0
0.434428,0,0,0,0,0,0,0,0
0.436704,0,0,0,0,0,0,0,0
0.438034,0,0,0,0,0,0,0,0
0.439474,0,0,0,0,0,0,0,0
0.440915,0,0,0,0,0,0,0,0
0.442421,0,0,0,0,0,0,0,0
0.443878,0,0,0,0,0,0,0,0
0.448638,0,0,0,0,0,0,0,0
0.449971,0,0,0,0,0,0,0,0
0.451411,0,0,0,0,0,0,0,0
0.452869,0,0,0,0,0,0,0,0
0.454309,0,0,0,0,0,0,0,0
0.455749,0,0,0,0,0,0,0,0
0.457190,0,0,0,0,0,0,0,0
0.458518,0,0,0,0,0,0,0,0
0.459864,0,0,0,0,0,0,0,0
0.464637,0,0,0,0,0,0,0,0
0.466078,0,0,0,0,0,0,0,0
0.467518,0,0,0,0,0,0,0,0
0.468958,0,0,0,0,0,0,0,0
0.470398,0,0,0,0,0,0,0,0
0.471842,0,0,0,0,0,0,0,0
0.473282,0,0,0,0,0,0,0,0
0.474612,0,0,0,0,0,0,0,0
0.476070,0,0,0,0,0,0,0,0
0.477509,0,0,0,0,0,0,0,0
0.478838,0,0,0,0,0,0,0,0
0.480282,0,0,0,0,0,0,0,0
0.481612,0,0,0,0,0,0,0,0
0.484696,0,0,0,0,0,0,0,0
0.486045,0,0,0,0,0,0,0,0
0.487485,0,0,0,0,0,0,0,0
0.488925,0,0,0,0,0,0,0,0
0.490366,0,0,0,0,0,0,0,0
0.491823,0,0,0,0,0,0,0,0
0.496633,0,0,0,0,0,0,0,0
0.497971,0,0,0,0,0,0,0,0
0.499417,0,0,0,0,0,0,0,0
0.500875,0,0,0,0,0,0,0,0
0.502315,0,0,0,0,0,0,0,0
0.503762,0,0,0,0,0,0,0,0
0.505202,0,0,0,0,0,0,0,0
0.506642,0,0,0,0,0,0,0,0
0.508082,0,0,0,0,0,0,0,0
0.509520,0,0,0,0,0,0,0,0
0.510961,0,0,0,0,0,0,0,0
0.512401,0,0,0,0,0,0,0,0
0.513744,0,0,0,0,0,0,0,0
0.515188,0,0,0,0,0,0,0,0
0.516680,0,0,0,0,0,0,0,0
0.518121,0,0,0,0,0,0,0,0
0.519561,0,0,0,0,0,0,0,0
0.521001,0,0,0,0,0,0,0,0
0.522442,0,0,0,0,0,0,0,0
0.525816,0,0,0,0,0,0,0,0
0.527257,0,0,0,0,0,0,0,0
0.528696,0,0,0,0,0,0,0,0
0.530137,0,0,0,0,0,0,0,0
0.531577,0,0,0,0,0,0,0,0
0.532923,0,0,0,0,0,0,0,0
0.534252,0,0,0,0,0,0,0,0
0.535581,0,0,0,0,0,0,0,0
0.537025,0,0,0,0,0,0,0,0
0.538468,0,0,0,0,0,0,0,0
0.539925,0,0,0,0,0,0,0,0
0.541365,0,0,0,0,0,0,0,0
0.542805,0,0,0,0,0,0,0,0
0.544245,0,0,0,0,0,0,0,0
0.549789,0,0,0,0,0,0,0,0
0.551230,0,0,0,0,0,0,0,0
0.552691,0,0,0,0,0,0,0,0
0.554026,0,0,0,0,0,0,0,0
0.555358,0,0,0,0,0,0,0,0
0.556799,0,0,0,0,0,0,0,0
0.558239,0,0,0,0,0,0,0,0
0.559680,0,0,0,0,0,0,0,0
0.561125,0,0,0,0,0,0,0,0
0.562565,0,0,0,0,0,0,0,0
0.564023,0,0,0,0,0,0,0,0
0.568652,0,0,0,0,0,0,0,0
0.569982,0,0,0,0,0,0,0,0
0.571428,0,0,0,0,0,0,0,0
0.572886,0,0,0,0,0,0,0,0
0.574326,0,0,0,0,0,0,0,0
0.575687,0,0,0,0,0,0,0,0
0.577128,0,0,0,0,0,0,0,0
0.578568,0,0,0,0,0,0,0,0
0.580025,0,0,0,0,0,0,0,0
0.581470,0,0,0,0,0,0,0,0
0.582910,0,0,0,0,0,0,0,0
0.584350,0,0,0,0,0,0,0,0
0.585744,0,0,0,0,0,0,0,0
0.587185,0,0,0,0,0,0,0,0
0.588693,0,0,0,0,0,0,0,0
0.590023,0,0,0,0,0,0,0,0
0.591463,0,0,0,0,0,0,0,0
0.592908,0,0,0,0,0,0,0,0
0.594237,0,0,0,0,0,0,0,0
0.595677,0,0,0,0,0,0,0,0
0.597024,0,0,0,0,0,0,0,0
0.598464,0,0,0,0,0,0,0,0
0.599903,0,0,0,0,0,0,0,0
0.601343,0,0,0,0,0,0,0,0
0.602791,0,0,0,0,0,0,0,0
0.604273,0,0,0,0,0,0,0,0
0.624639,0,0,0,0,0,0,0,0
0.626090,0,0,0,0,0,0,0,0
0.627530,0,0,0,0,0,0,0,0
0.628878,0,0,0,0,0,0,0,0
0.630319,0,0,0,0,0,0,0,0
0.631760,0,0,0,0,0,0,0,0
0.633200,0,0,0,0,0,0,0,0
0.634529,0,0,0,0,0,0,0,0
0.635986,0,0,0,0,0,0,0,0
0.637432,0,0,0,0,0,0,0,0
0.638872,0,0,0,0,0,0,0,0
0.640312,0,0,0,0,0,0,0,0
0.641747,0,0,0,0,0,0,0,0
0.643188,0,0,0,0,0,0,0,0
0.644676,0,0,0,0,0,0,0,0
0.646007,0,0,0,0,0,0,0,0
0.647451,0,0,0,0,0,0,0,0
0.648891,0,0,0,0,0,0,0,0
0.650331,0,0,0,0,0,0,0,0
0.651789,0,0,0,0,0,0,0,0
0.653229,0,0,0,0,0,0,0,0
0.654669,0,0,0,0,0,0,0,0
0.656109,0,0,0,0,0,0,0,0
0.657438,0,0,0,0,0,0,0,0
0.658884,0,0,0,0,0,0,0,0
0.660341,0,0,0,0,0,0,0,0
0.661669,0,0,0,0,0,0,0,0
0.663109,0,0,0,0,0,0,0,0
0.664549,0,0,0,0,0,0,0,0
0.665969,0,0,0,0,0,0,0,0
0.667409,0,0,0,0,0,0,0,0
0.668849,0,0,0,0,0,0,0,0
0.670294,0,0,0,0,0,0,0,0
0.671734,0,0,0,0,0,0,0,0
0.673174,0,0,0,0,0,0,0,0
0.674616,0,0,0,0,0,0,0,0
0.676073,0,0,0,0,0,0,0,0
0.677512,0,0,0,0,0,0,0,0
0.678953,0,0,0,0,0,0,0,0
0.680397,0,0,0,0,0,0,0,0
0.681781,0,0,0,0,0,0,0,0
0.683247,0,0,0,0,0,0,0,0
0.684685,0,0,0,0,0,0,0,0
0.686124,0,0,0,0,0,0,0,0
0.687564,0,0,0,0,0,0,0,0
0.689003,0,0,0,0,0,0,0,0
0.690449,0,0,0,0,0,0,0,0
0.691906,0,0,0,0,0,0,0,0
0.693346,0,0,0,0,0,0,0,0
0.694786,0,0,0,0,0,0,0,0
0.696226,0,0,0,0,0,0,0,0
0.697555,0,0,0,0,0,0,0,0
0.698996,0,0,0,0,0,0,0,0
0.700452,0,0,0,0,0,0,0,0
0.701893,0,0,0,0,0,0,0,0
0.703334,0,0,0,0,0,0,0,0
0.704775,0,0,0,0,0,0,0,0
0.706104,0,0,0,0,0,0,0,0
0.707546,0,0,0,0,0,0,0,0
0.708893,0,0,0,0,0,0,0,0
0.710333,0,0,0,0,0,0,0,0
0.711772,0,0,0,0,0,0,0,0
0.713219,0,0,0,0,0,0,0,0
0.714659,0,0,0,0,0,0,0,0
0.716116,0,0,0,0,0,0,0,0
0.717555,0,0,0,0,0,0,0,0
0.718995,0,0,0,0,0,0,0,0
0.720435,0,0,0,0,0,0,0,0
0.721856,0,0,0,0,0,0,0,0
0.723301,0,0,0,0,0,0,0,0
0.724742,0,0,0,0,0,0,0,0
0.726182,0,0,0,0,0,0,0,0
0.727622,0,0,0,0,0,0,0,0
0.729062,0,0,0,0,0,0,0,0
0.730501,0,0,0,0,0,0,0,0
0.731958,0,0,0,0,0,0,0,0
0.733404,0,0,0,0,0,0,0,0
0.734844,0,0,0,0,0,0,0,0
0.736173,0,0,0,0,0,0,0,0
0.737614,0,0,0,0,0,0,0,0
0.739055,0,0,0,0,0,0,0,0
0.740494,0,0,0,0,0,0,0,0
0.741935,0,0,0,0,0,0,0,0
0.743375,0,0,0,0,0,0,0,0
0.744709,0,0,0,0,0,0,0,0
0.746149,0,0,0,0,0,0,0,0
0.747588,0,0,0,0,0,0,0,0
0.748935,0,0,0,0,0,0,0,0
0.750375,0,0,0,0,0,0,0,0
0.751816,0,0,0,0,0,0,0,0
0.753257,0,0,0,0,0,0,0,0
0.754696,0,0,0,0,0,0,0,0
0.756158,0,0,0,0,0,0,0,0
0.757487,0,0,0,0,0,0,0,0
0.758817,0,0,0,0,0,0,0,0
0.760147,0,0,0,0,0,0,0,0
0.761476,0,0,0,0,0,0,0,0
0.762807,0,0,0,0,0,0,0,0
0.764153,0,0,0,0,0,0,0,0
0.765483,0,0,0,0,0,0,0,0
0.766818,0,0,0,0,0,0,0,0
0.768147,0,0,0,0,0,0,0,0
0.769476,0,0,0,0,0,0,0,0
0.770805,0,0,0,0,0,0,0,0
0.772134,0,0,0,0,0,0,0,0
0.773465,0,0,0,0,0,0,0,0
0.774818,0,0,0,0,0,0,0,0
0.776148,0,0,0,0,0,0,0,0
0.777483,0,0,0,0,0,0,0,0
0.778813,0,0,0,0,0,0,0,0
0.780142,0,0,0,0,0,0,0,0
0.781472,0,0,0,0,0,0,0,0
0.782801,0,0,0,0,0,0,0,0
0.784131,0,0,0,0,0,0,0,0
0.785460,0,0,0,0,0,0,0,0
0.786789,0,0,0,0,0,0,0,0
0.788141,0,0,0,0,0,0,0,0
0.789470,0,0,0,0,0,0,0,0
0.790799,0,0,0,0,0,0,0,0
0.792128,0,0,0,0,0,0,0,0
0.793459,0,0,0,0,0,0,0,0
0.794791,0,0,0,0,0,0,0,0
0.796137,0,0,0,0,0,0,0,0
0.797466,0,0,0,0,0,0,0,0
0.798800,0,0,0,0,0,0,0,0
0.800130,0,0,0,0,0,0,0,0
0.801460,0,0,0,0,0,0,0,0
0.802791,0,0,0,0,0,0,0,0
0.804141,0,0,0,0,0,0,0,0
0.805475,0,0,0,0,0,0,0,0
0.806805,0,0,0,0,0,0,0,0
0.808134,0,0,0,0,0,0,0,0
0.809470,0,0,0,0,0,0,0,0
0.810861,0,0,0,0,0,0,0,0
0.812253,0,0,0,0,0,0,0,0
0.813582,0,0,0,0,0,0,0,0
0.814919,0,0,0,0,0,0,0,0
0.816248,0,0,0,0,0,0,0,0
0.817577,0,0,0,0,0,0,0,0
0.818907,0,0,0,0,0,0,0,0
0.820241,0,0,0,0,0,0,0,0
0.821571,0,0,0,0,0,0,0,0
0.822900,0,0,0,0,0,0,0,0
0.824229,0,0,0,0,0,0,0,0
0.825558,0,0,0,0,0,0,0,0
0.826889,0,0,0,0,0,0,0,0
0.828235,0,0,0,0,0,0,0,0
0.829563,0,0,0,0,0,0,0,0
0.830898,0,0,0,0,0,0,0,0
0.832227,0,0,0,0,0,0,0,0
0.833556,0,0,0,0,0,0,0,0
0.834885,0,0,0,0,0,0,0,0
0.836231,0,0,0,0,0,0,0,0
0.837559,0,0,0,0,0,0,0,0
0.838889,0,0,0,0,0,0,0,0
0.840218,0,0,0,0,0,0,0,0
0.841552,0,0,0,0,0,0,0,0
0.842881,0,0,0,0,0,0,0,0
0.844226,0,0,0,0,0,0,0,0
0.845554,0,0,0,0,0,0,0,0
0.846884,0,0,0,0,0,0,0,0
0.848213,0,0,0,0,0,0,0,0
0.849543,0,0,0,0,0,0,0,0
0.850872,0,0,0,0,0,0,0,0
0.852225,0,0,0,0,0,0,0,0
0.853554,0,0,0,0,0,0,0,0
0.854883,0,0,0,0,0,0,0,0
0.856212,0,0,0,0,0,0,0,0
0.857542,0,0,0,0,0,0,0,0
0.858871,0,0,0,0,0,0,0,0
0.860506,0,0,0,0,0,0,0,0
0.865769,0,0,0,0,0,0,0,0
0.867099,0,0,0,0,0,0,0,0
0.868429,0,0,0,0,0,0,0,0
0.869781,0,0,0,0,0,0,0,0
0.871111,0,0,0,0,0,0,0,0
0.872440,0,0,0,0,0,0,0,0
0.873864,0,0,0,0,0,0,0,0
0.875194,0,0,0,0,0,0,0,0
0.878876,0,0,0,0,0,0,0,0
0.884744,0,0,0,0,0,0,0,0
0.886074,0,0,0,0,0,0,0,0
0.887408,0,0,0,0,0,0,0,0
0.888738,0,0,0,0,0,0,0,0
0.890067,0,0,0,0,0,0,0,0
0.891397,0,0,0,0,0,0,0,0
0.892726,0,0,0,0,0,0,0,0
0.901839,0,0,0,0,0,0,0,0
0.903233,0,0,0,0,0,0,0,0
0.904563,0,0,0,0,0,0,0,0
0.905987,0,0,0,0,0,0,0,0
0.907320,0,0,0,0,0,0,0,0
0.908687,0,0,0,0,0,0,0,0
0.910016,0,0,0,0,0,0,0,0
0.911346,0,0,0,0,0,0,0,0
0.912677,0,0,0,0,0,0,0,0
0.914007,0,0,0,0,0,0,0,0
0.916737,0,0,0,0,0,0,0,0
0.918067,0,0,0,0,0,0,0,0
0.919398,0,0,0,0,0,0,0,0
0.920730,0,0,0,0,0,0,0,0
0.922087,0,0,0,0,0,0,0,0
0.928637,0,0,0,0,0,0,0,0
0.929968,0,0,0,0,0,0,0,0
0.931297,0,0,0,0,0,0,0,0
0.932682,0,0,0,0,0,0,0,0
0.936642,0,0,0,0,0,0,0,0
0.937972,0,0,0,0,0,0,0,0
0.939301,0,0,0,0,0,0,0,0
0.940659,0,0,0,0,0,0,0,0
0.941989,0,0,0,0,0,0,0,0
0.943320,0,0,0,0,0,0,0,0
0.948685,0,0,0,0,0,0,0,0
0.950016,0,0,0,0,0,0,0,0
0.951347,0,0,0,0,0,0,0,0
0.952679,0,0,0,0,0,0,0,0
0.954012,0,0,0,0,0,0,0,0
0.955360,0,0,0,0,0,0,0,0
0.956722,0,0,0,0,0,0,0,0
0.960884,0,0,0,0,0,0,0,0
0.962222,0,0,0,0,0,0,0,0
0.963560,0,0,0,0,0,0,0,0
0.965121,0,0,0,0,0,0,0,0
0.975053,0,0,0,0,0,0,0,0
0.976387,0,0,0,0,0,0,0,0
0.977749,0,0,0,0,0,0,0,0
0.979079,0,0,0,0,0,0,0,0
0.980408,0,0,0,0,0,0,0,0
0.981779,0,0,0,0,0,0,0,0
0.983109,0,0,0,0,0,0,0,0
0.984438,0,0,0,0,0,0,0,0
0.985857,0,0,0,0,0,0,0,0
0.987187,0,0,0,0,0,0,0,0
0.992660,0,0,0,0,0,0,0,0
0.994005,0,0,0,0,0,0,0,0
0.995327,0,0,0,0,0,0,0,0
0.996648,0,0,0,0,0,0,0,0
0.997969,0,0,0,0,0,0,0,0
0.999299,0,0,0,0,0,0,0,0
1.000625,0,0,0,0,0,0,0,0
1.001947,0,0,0,0,0,0,0,0
1.003268,0,0,0,0,0,0,0,0
1.004605,0,0,0,0,0,0,0,0
1.005927,0,0,0,0,0,0,0,0
1.007248,0,0,0,0,0,0,0,0
1.008569,0,0,0,0,0,0,0,0
1.009954,0,0,0,0,0,0,0,0
1.011274,0,0,0,0,0,0,0,0
1.012609,0,0,0,0,0,0,0,0
1.013932,0,0,0,0,0,0,0,0
1.015253,0,0,0,0,0,0,0,0
1.016574,0,0,0,0,0,0,0,0
1.034907,0,0,0,0,0,0,0,0
1.036290,0,0,0,0,0,0,0,0
1.037610,0,0,0,0,0,0,0,0
1.038939,0,0,0,0,0,0,0,0
1.040259,0,0,0,0,0,0,0,0
1.041580,0,0,0,0,0,0,0,0
1.042903,0,0,0,0,0,0,0,0
1.044226,0,0,0,0,0,0,0,0
1.045554,0,0,0,0,0,0,0,0
1.046876,0,0,0,0,0,0,0,0
1.048196,0,0,0,0,0,0,0,0
1.049517,0,0,0,0,0,0,0,0
1.050836,0,0,0,0,0,0,0,0
1.052173,0,0,0,0,0,0,0,0
1.053495,0,0,0,0,0,0,0,0
1.054815,0,0,0,0,0,0,0,0
1.056141,0,0,0,0,0,0,0,0
1.057463,0,0,0,0,0,0,0,0
1.058784,0,0,0,0,0,0,0,0
1.060119,0,0,0,0,0,0,0,0
1.061440,0,0,0,0,0,0,0,0
1.062760,0,0,0,0,0,0,0,0
1.064082,0,0,0,0,0,0,0,0
1.065404,0,0,0,0,0,0,0,0
1.066729,0,0,0,0,0,0,0,0
1.068067,0,0,0,0,0,0,0,0
1.069391,0,0,0,0,0,0,0,0
1.070712,0,0,0,0,0,0,0,0
1.072033,0,0,0,0,0,0,0,0
1.073357,0,0,0,0,0,0,0,0
1.074678,0,0,0,0,0,0,0,0
1.076017,0,0,0,0,0,0,0,0
1.077343,0,0,0,0,0,0,0,0
1.078667,0,0,0,0,0,0,0,0
1.079987,0,0,0,0,0,0,0,0
1.081307,0,0,0,0,0,0,0,0
1.082629,0,0,0,0,0,0,0,0
1.083951,0,0,0,0,0,0,0,0
1.085272,0,0,0,0,0,0,0,0
1.086593,0,0,0,0,0,0,0,0
1.087954,0,0,0,0,0,0,0,0
1.089278,0,0,0,0,0,0,0,0
1.090600,0,0,0,0,0,0,0,0
1.091923,0,0,0,0,0,0,0,0
1.093245,0,0,0,0,0,0,0,0
1.094579,0,0,0,0,0,0,0,0
1.095900,0,0,0,0,0,0,0,0
1.097222,0,0,0,0,0,0,0,0
1.098550,0,0,0,0,0,0,0,0
1.099891,0,0,0,0,0,0,0,0
1.101212,0,0,0,0,0,0,0,0
1.102534,0,0,0,0,0,0,0,0
1.103855,0,0,0,0,0,0,0,0
1.105177,0,0,0,0,0,0,0,0
1.106500,0,0,0,0,0,0,0,0
1.107839,0,0,0,0,0,0,0,0
1.109167,0,0,0,0,0,0,0,0
1.110490,0,0,0,0,0,0,0,0
1.111812,0,0,0,0,0,0,0,0
1.113134,0,0,0,0,0,0,0,0
1.114456,0,0,0,0,0,0,0,0
1.115793,0,0,0,0,0,0,0,0
1.117116,0,0,0,0,0,0,0,0
1.118439,0,0,0,0,0,0,0,0
1.124651,0,0,0,0,0,0,0,0
1.125978,0,0,0,0,0,0,0,0
1.127302,0,0,0,0,0,0,0,0
1.128634,0,0,0,0,0,0,0,0
1.129963,0,0,0,0,0,0,0,0
1.131285,0,0,0,0,0,0,0,0
1.132607,0,0,0,0,0,0,0,0
1.133933,0,0,0,0,0,0,0,0
1.135254,0,0,0,0,0,0,0,0
1.136576,0,0,0,0,0,0,0,0
1.137951,0,0,0,0,0,0,0,0
1.139273,0,0,0,0,0,0,0,0
1.140665,0,0,0,0,0,0,0,0
1.141989,0,0,0,0,0,0,0,0
1.143311,0,0,0,0,0,0,0,0
1.144638,0,0,0,0,0,0,0,0
1.145960,0,0,0,0,0,0,0,0
1.147282,0,0,0,0,0,0,0,0
1.148644,0,0,0,0,0,0,0,0
1.149972,0,0,0,0,0,0,0,0
1.151303,0,0,0,0,0,0,0,0
1.152633,0,0,0,0,0,0,0,0
1.153957,0,0,0,0,0,0,0,0
1.155280,0,0,0,0,0,0,0,0
1.156678,0,0,0,0,0,0,0,0
1.158007,0,0,0,0,0,0,0,0
1.159330,0,0,0,0,0,0,0,0
1.160635,0,0,0,0,0,0,0,0
1.161964,0,0,0,0,0,0,0,0
1.163289,0,0,0,0,0,0,0,0
1.164652,0,0,0,0,0,0,0,0
1.165979,0,0,0,0,0,0,0,0
1.167302,0,0,0,0,0,0,0,0
1.168632,0,0,0,0,0,0,0,0
1.169956,0,0,0,0,0,0,0,0
1.171282,0,0,0,0,0,0,0,0
1.172612,0,0,0,0,0,0,0,0
1.173938,0,0,0,0,0,0,0,0
1.175263,0,0,0,0,0,0,0,0
1.176587,0,0,0,0,0,0,0,0
1.177954,0,0,0,0,0,0,0,0
1.179279,0,0,0,0,0,0,0,0
1.180644,0,0,0,0,0,0,0,0
1.181970,0,0,0,0,0,0,0,0
1.183301,0,0,0,0,0,0,0,0
1.184632,0,0,0,0,0,0,0,0
1.185957,0,0,0,0,0,0,0,0
1.187283,0,0,0,0,0,0,0,0
1.188646,0,0,0,0,0,0,0,0
1.189973,0,0,0,0,0,0,0,0
1.191298,0,0,0,0,0,0,0,0
1.192632,0,0,0,0,0,0,0,0
1.193962,0,0,0,0,0,0,0,0
1.195327,0,0,0,0,0,0,0,0
1.196644,0,0,0,0,0,0,0,0
1.197972,0,0,0,0,0,0,0,0
1.199299,0,0,0,0,0,0,0,0
1.200639,0,0,0,0,0,0,0,0
1.201965,0,0,0,0,0,0,0,0
1.203289,0,0,0,0,0,0,0,0
1.204638,0,0,0,0,0,0,0,0
1.205965,0,0,0,0,0,0,0,0
1.207291,0,0,0,0,0,0,0,0
1.208627,0,0,0,0,0,0,0,0
1.209952,0,0,0,0,0,0,0,0
1.211276,0,0,0,0,0,0,0,0
1.212603,0,0,0,0,0,0,0,0
1.213930,0,0,0,0,0,0,0,0
1.215259,0,0,0,0,0,0,0,0
1.216584,0,0,0,0,0,0,0,0
1.217956,0,0,0,0,0,0,0,0
1.219281,0,0,0,0,0,0,0,0
1.220608,0,0,0,0,0,0,0,0
1.221934,0,0,0,0,0,0,0,0
1.223258,0,0,0,0,0,0,0,0
1.224582,0,0,0,0,0,0,0,0
1.228667,0,0,0,0,0,0,0,0
1.229991,0,0,0,0,0,0,0,0
1.231319,0,0,0,0,0,0,0,0
1.232632,0,0,0,0,0,0,0,0
1.233959,0,0,0,0,0,0,0,0
1.235283,0,0,0,0,0,0,0,0
1.236653,0,0,0,0,0,0,0,0
1.237981,0,0,0,0,0,0,0,0
1.239306,0,0,0,0,0,0,0,0
1.240631,0,0,0,0,0,0,0,0
1.241956,0,0,0,0,0,0,0,0
1.243281,0,0,0,0,0,0,0,0
1.244609,0,0,0,0,0,0,0,0
1.245934,0,0,0,0,0,0,0,0
1.247262,0,0,0,0,0,0,0,0
1.248585,0,0,0,0,0,0,0,0
1.249958,0,0,0,0,0,0,0,0
1.251285,0,0,0,0,0,0,0,0
1.252610,0,0,0,0,0,0,0,0
1.253937,0,0,0,0,0,0,0,0
1.255261,0,0,0,0,0,0,0,0
1.256586,0,0,0,0,0,0,0,0
1.257959,0,0,0,0,0,0,0,0
1.259283,0,0,0,0,0,0,0,0
1.260648,0,0,0,0,0,0,0,0
1.261976,0,0,0,0,0,0,0,0
1.263303,0,0,0,0,0,0,0,0
1.264632,0,0,0,0,0,0,0,0
1.265956,0,0,0,0,0,0,0,0
1.267281,0,0,0,0,0,0,0,0
1.268613,0,0,0,0,0,0,0,0
1.269963,0,0,0,0,0,0,0,0
1.271288,0,0,0,0,0,0,0,0
1.272613,0,0,0,0,0,0,0,0
1.273938,0,0,0,0,0,0,0,0
1.275262,0,0,0,0,0,0,0,0
1.276602,0,0,0,0,0,0,0,0
1.277951,0,0,0,0,0,0,0,0
1.279281,0,0,0,0,0,0,0,0
1.280606,0,0,0,0,0,0,0,0
1.281929,0,0,0,0,0,0,0,0
1.283251,0,0,0,0,0,0,0,0
1.284577,0,0,0,0,0,0,0,0
1.285972,0,0,0,0,0,0,0,0
1.287295,0,0,0,0,0,0,0,0
1.288637,0,0,0,0,0,0,0,0
1.289966,0,0,0,0,0,0,0,0
1.291290,0,0,0,0,0,0,0,0
1.292659,0,0,0,0,0,0,0,0
1.293985,0,0,0,0,0,0,0,0
1.296628,0,0,0,0,0,0,0,0
1.297956,0,0,0,0,0,0,0,0
1.299282,0,0,0,0,0,0,0,0
1.300651,0,0,0,0,0,0,0,0
1.301977,0,0,0,0,0,0,0,0
1.303302,0,0,0,0,0,0,0,0
1.304631,0,0,0,0,0,0,0,0
1.305957,0,0,0,0,0,0,0,0
1.307282,0,0,0,0,0,0,0,0
1.308646,0,0,0,0,0,0,0,0
1.309971,0,0,0,0,0,0,0,0
1.311300,0,0,0,0,0,0,0,0
1.312631,0,0,0,0,0,0,0,0
1.313958,0,0,0,0,0,0,0,0
1.315300,0,0,0,0,0,0,0,0
1.316646,0,0,0,0,0,0,0,0
1.317978,0,0,0,0,0,0,0,0
1.319305,0,0,0,0,0,0,0,0
1.320631,0,0,0,0,0,0,0,0
1.321961,0,0,0,0,0,0,0,0
1.323285,0,0,0,0,0,0,0,0
1.324649,0,0,0,0,0,0,0,0
1.325975,0,0,0,0,0,0,0,0
1.327300,0,0,0,0,0,0,0,0
1.328630,0,0,0,0,0,0,0,0
1.332647,0,0,0,0,0,0,0,0
1.333980,0,0,0,0,0,0,0,0
1.335305,0,0,0,0,0,0,0,0
1.336634,0,0,0,0,0,0,0,0
1.337960,0,0,0,0,0,0,0,0
1.339285,0,0,0,0,0,0,0,0
1.340649,0,0,0,0,0,0,0,0
1.341974,0,0,0,0,0,0,0,0
1.343297,0,0,0,0,0,0,0,0
1.344631,0,0,0,0,0,0,0,0
1.345955,0,0,0,0,0,0,0,0
1.347279,0,0,0,0,0,0,0,0
1.348605,0,0,0,0,0,0,0,0
1.349932,0,0,0,0,0,0,0,0
1.351259,0,0,0,0,0,0,0,0
1.352584,0,0,0,0,0,0,0,0
1.353955,0,0,0,0,0,0,0,0
1.355286,0,0,0,0,0,0,0,0
1.356615,0,0,0,0,0,0,0,0
1.357977,0,0,0,0,0,0,0,0
1.359311,0,0,0,0,0,0,0,0
1.360632,0,0,0,0,0,0,0,0
1.361956,0,0,0,0,0,0,0,0
1.363277,0,0,0,0,0,0,0,0
1.364599,0,0,0,0,0,0,0,0
1.365930,0,0,0,0,0,0,0,0
1.367253,0,0,0,0,0,0,0,0
1.368574,0,0,0,0,0,0,0,0
1.369952,0,0,0,0,0,0,0,0
1.371284,0,0,0,0,0,0,0,0
1.372607,0,0,0,0,0,0,0,0
1.373935,0,0,0,0,0,0,0,0
1.375261,0,0,0,0,0,0,0,0
1.376589,0,0,0,0,0,0,0,0
1.377912,0,0,0,0,0,0,0,0
1.379235,0,0,0,0,0,0,0,0
1.380557,0,0,0,0,0,0,0,0
1.381962,0,0,0,0,0,0,0,0
1.383284,0,0,0,0,0,0,0,0
1.384605,0,0,0,0,0,0,0,0
1.385928,0,0,0,0,0,0,0,0
1.387254,0,0,0,0,0,0,0,0
1.388592,0,0,0,0,0,0,0,0
1.389915,0,0,0,0,0,0,0,0
1.391237,0,0,0,0,0,0,0,0
1.392560,0,0,0,0,0,0,0,0
1.393952,0,0,0,0,0,0,0,0
1.395274,0,0,0,0,0,0,0,0
1.396610,0,0,0,0,0,0,0,0
1.397939,0,0,0,0,0,0,0,0
1.399260,0,0,0,0,0,0,0,0
1.400580,0,0,0,0,0,0,0,0
1.404644,0,0,0,0,0,0,0,0
1.405970,0,0,0,0,0,0,0,0
1.407292,0,0,0,0,0,0,0,0
1.408636,0,0,0,0,0,0,0,0
1.409959,0,0,0,0,0,0,0,0
1.411280,0,0,0,0,0,0,0,0
1.412603,0,0,0,0,0,0,0,0
1.413927,0,0,0,0,0,0,0,0
1.415249,0,0,0,0,0,0,0,0
1.416570,0,0,0,0,0,0,0,0
1.417951,0,0,0,0,0,0,0,0
1.419279,0,0,0,0,0,0,0,0
1.420646,0,0,0,0,0,0,0,0
1.421971,0,0,0,0,0,0,0,0
1.423295,0,0,0,0,0,0,0,0
1.424637,0,0,0,0,0,0,0,0
1.425962,0,0,0,0,0,0,0,0
1.427289,0,0,0,0,0,0,0,0
1.428656,0,0,0,0,0,0,0,0
1.429990,0,0,0,0,0,0,0,0
1.431316,0,0,0,0,0,0,0,0
1.432634,0,0,0,0,0,0,0,0
1.433960,0,0,0,0,0,0,0,0
1.435285,0,0,0,0,0,0,0,0
1.436611,0,0,0,0,0,0,0,0
1.437939,0,0,0,0,0,0,0,0
1.439264,0,0,0,0,0,0,0,0
1.440593,0,0,0,0,0,0,0,0
1.441919,0,0,0,0,0,0,0,0
1.443243,0,0,0,0,0,0,0,0
1.444569,0,0,0,0,0,0,0,0
1.445969,0,0,0,0,0,0,0,0
1.447293,0,0,0,0,0,0,0,0
1.448632,0,0,0,0,0,0,0,0
1.449956,0,0,0,0,0,0,0,0
1.451285,0,0,0,0,0,0,0,0
1.452611,0,0,0,0,0,0,0,0
1.453936,0,0,0,0,0,0,0,0
1.455261,0,0,0,0,0,0,0,0
1.456584,0,0,0,0,0,0,0,0
1.457956,0,0,0,0,0,0,0,0
1.459281,0,0,0,0,0,0,0,0
1.460607,0,0,0,0,0,0,0,0
1.461938,0,0,0,0,0,0,0,0
1.463262,0,0,0,0,0,0,0,0
1.464591,0,0,0,0,0,0,0,0
1.465918,0,0,0,0,0,0,0,0
1.467243,0,0,0,0,0,0,0,0
1.468584,0,0,0,0,0,0,0,0
1.469972,0,0,0,0,0,0,0,0
1.471297,0,0,0,0,0,0,0,0
1.476642,0,0,0,0,0,0,0,0
1.477968,0,0,0,0,0,0,0,0
1.479295,0,0,0,0,0,0,0,0
1.480627,0,0,0,0,0,0,0,0
1.481954,0,0,0,0,0,0,0,0
1.483282,0,0,0,0,0,0,0,0
1.484611,0,0,0,0,0,0,0,0
1.485939,0,0,0,0,0,0,0,0
1.487273,0,0,0,0,0,0,0,0
1.488599,0,0,0,0,0,0,0,0
1.489927,0,0,0,0,0,0,0,0
1.491252,0,0,0,0,0,0,0,0
1.492594,0,0,0,0,0,0,0,0
1.493938,0,0,0,0,0,0,0,0
1.495263,0,0,0,0,0,0,0,0
1.496590,0,0,0,0,0,0,0,0
1.497915,0,0,0,0,0,0,0,0
1.499240,0,0,0,0,0,0,0,0
1.500582,0,0,0,0,0,0,0,0
1.501972,0,0,0,0,0,0,0,0
1.503300,0,0,0,0,0,0,0,0
1.504632,0,0,0,0,0,0,0,0
1.505958,0,0,0,0,0,0,0,0
1.507284,0,0,0,0,0,0,0,0
1.508649,0,0,0,0,0,0,0,0
1.509975,0,0,0,0,0,0,0,0
1.511308,0,0,0,0,0,0,0,0
1.512631,0,0,0,0,0,0,0,0
1.513960,0,0,0,0,0,0,0,0
1.515289,0,0,0,0,0,0,0,0
1.516653,0,0,0,0,0,0,0,0
1.517986,0,0,0,0,0,0,0,0
1.519321,0,0,0,0,0,0,0,0
1.520632,0,0,0,0,0,0,0,0
1.521958,0,0,0,0,0,0,0,0
1.523284,0,0,0,0,0,0,0,0
1.524649,0,0,0,0,0,0,0,0
1.525979,0,0,0,0,0,0,0,0
1.527305,0,0,0,0,0,0,0,0
1.528635,0,0,0,0,0,0,0,0
1.529961,0,0,0,0,0,0,0,0
1.531284,0,0,0,0,0,0,0,0
1.532611,0,0,0,0,0,0,0,0
1.533938,0,0,0,0,0,0,0,0
1.535265,0,0,0,0,0,0,0,0
1.536596,0,0,0,0,0,0,0,0
1.537921,0,0,0,0,0,0,0,0
1.539245,0,0,0,0,0,0,0,0
1.540586,0,0,0,0,0,0,0,0
1.541968,0,0,0,0,0,0,0,0
1.543317,0,0,0,0,0,0,0,0
1.544632,0,0,0,0,0,0,0,0
1.545958,0,0,0,0,0,0,0,0
1.547289,0,0,0,0,0,0,0,0
1.548642,0,0,0,0,0,0,0,0
1.549969,0,0,0,0,0,0,0,0
1.551293,0,0,0,0,0,0,0,0
1.552626,0,0,0,0,0,0,0,0
1.553952,0,0,0,0,0,0,0,0
1.555279,0,0,0,0,0,0,0,0
1.556645,0,0,0,0,0,0,0,0
1.557975,0,0,0,0,0,0,0,0
1.559300,0,0,0,0,0,0,0,0
1.560638,0,0,0,0,0,0,0,0
1.561965,0,0,0,0,0,0,0,0
1.563291,0,0,0,0,0,0,0,0
1.564660,0,0,0,0,0,0,0,0
1.565986,0,0,0,0,0,0,0,0
1.567423,0,0,0,0,0,0,0,0
1.568755,0,0,0,0,0,0,0,0
1.570080,0,0,0,0,0,0,0,0
1.571404,0,0,0,0,0,0,0,0
1.572730,0,0,0,0,0,0,0,0
1.574056,0,0,0,0,0,0,0,0
1.575382,0,0,0,0,0,0,0,0
1.580640,0,0,0,0,0,0,0,0
1.581970,0,0,0,0,0,0,0,0
1.583296,0,0,0,0,0,0,0,0
1.584625,0,0,0,0,0,0,0,0
1.585954,0,0,0,0,0,0,0,0
1.587278,0,0,0,0,0,0,0,0
1.588604,0,0,0,0,0,0,0,0
1.589930,0,0,0,0,0,0,0,0
1.591255,0,0,0,0,0,0,0,0
1.592585,0,0,0,0,0,0,0,0
1.593953,0,0,0,0,0,0,0,0
1.595276,0,0,0,0,0,0,0,0
1.596603,0,0,0,0,0,0,0,0
1.597935,0,0,0,0,0,0,0,0
1.599266,0,0,0,0,0,0,0,0
1.600590,0,0,0,0,0,0,0,0
1.601917,0,0,0,0,0,0,0,0
1.603245,0,0,0,0,0,0,0,0
1.604573,0,0,0,0,0,0,0,0
1.605965,0,0,0,0,0,0,0,0
1.607289,0,0,0,0,0,0,0,0
1.608612,0,0,0,0,0,0,0,0
1.609940,0,0,0,0,0,0,0,0
1.611264,0,0,0,0,0,0,0,0
1.612589,0,0,0,0,0,0,0,0
1.613919,0,0,0,0,0,0,0,0
1.615244,0,0,0,0,0,0,0,0
1.616570,0,0,0,0,0,0,0,0
1.617954,0,0,0,0,0,0,0,0
1.619277,0,0,0,0,0,0,0,0
1.620642,0,0,0,0,0,0,0,0
1.621970,0,0,0,0,0,0,0,0
1.623295,0,0,0,0,0,0,0,0
1.624630,0,0,0,0,0,0,0,0
1.625956,0,0,0,0,0,0,0,0
1.627279,0,0,0,0,0,0,0,0
1.628606,0,0,0,0,0,0,0,0
1.629932,0,0,0,0,0,0,0,0
1.631257,0,0,0,0,0,0,0,0
1.632581,0,0,0,0,0,0,0,0
1.633955,0,0,0,0,0,0,0,0
1.635287,0,0,0,0,0,0,0,0
1.636644,0,0,0,0,0,0,0,0
1.638015,0,0,0,0,0,0,0,0
1.639340,0,0,0,0,0,0,0,0
1.640632,0,0,0,0,0,0,0,0
1.641960,0,0,0,0,0,0,0,0
1.643286,0,0,0,0,0,0,0,0
1.644613,0,0,0,0,0,0,0,0
1.645944,0,0,0,0,0,0,0,0
1.647269,0,0,0,0,0,0,0,0
1.648594,0,0,0,0,0,0,0,0
1.649921,0,0,0,0,0,0,0,0
1.651257,0,0,0,0,0,0,0,0
1.652599,0,0,0,0,0,0,0,0
1.653932,0,0,0,0,0,0,0,0
1.655263,0,0,0,0,0,0,0,0
1.656591,0,0,0,0,0,0,0,0
1.657917,0,0,0,0,0,0,0,0
1.659247,0,0,0,0,0,0,0,0
1.660581,0,0,0,0,0,0,0,0
1.661976,0,0,0,0,0,0,0,0
1.663312,0,0,0,0,0,0,0,0
1.664632,0,0,0,0,0,0,0,0
1.665957,0,0,0,0,0,0,0,0
1.667285,0,0,0,0,0,0,0,0
1.668648,0,0,0,0,0,0,0,0
1.669974,0,0,0,0,0,0,0,0
1.671297,0,0,0,0,0,0,0,0
1.672636,0,0,0,0,0,0,0,0
1.673960,0,0,0,0,0,0,0,0
1.675297,0,0,0,0,0,0,0,0
1.676642,0,0,0,0,0,0,0,0
1.678649,0,0,0,0,0,0,0,0
1.679986,0,0,0,0,0,0,0,0
1.681312,0,0,0,0,0,0,0,0
1.682638,0,0,0,0,0,0,0,0
1.683965,0,0,0,0,0,0,0,0
1.685291,0,0,0,0,0,0,0,0
1.686615,0,0,0,0,0,0,0,0
1.687940,0,0,0,0,0,0,0,0
1.689271,0,0,0,0,0,0,0,0
1.690597,0,0,0,0,0,0,0,0
1.691923,0,0,0,0,0,0,0,0
1.696637,0,0,0,0,0,0,0,0
1.698010,0,0,0,0,0,0,0,0
1.699387,0,0,0,0,0,0,0,0
1.700756,0,0,0,0,0,0,0,0
1.702128,0,0,0,0,0,0,0,0
1.703504,0,0,0,0,0,0,0,0
1.704876,0,0,0,0,0,0,0,0
1.706368,0,0,0,0,0,0,0,0
1.707738,0,0,0,0,0,0,0,0
1.709109,0,0,0,0,0,0,0,0
1.710508,0,0,0,0,0,0,0,0
1.711838,0,0,0,0,0,0,0,0
1.713168,0,0,0,0,0,0,0,0
1.714494,0,0,0,0,0,0,0,0
1.715815,0,0,0,0,0,0,0,0
1.717187,0,0,0,0,0,0,0,0
1.718510,0,0,0,0,0,0,0,0
1.719832,0,0,0,0,0,0,0,0
1.721198,0,0,0,0,0,0,0,0
1.722520,0,0,0,0,0,0,0,0
1.723845,0,0,0,0,0,0,0,0
1.725210,0,0,0,0,0,0,0,0
1.726534,0,0,0,0,0,0,0,0
1.727857,0,0,0,0,0,0,0,0
1.729180,0,0,0,0,0,0,0,0
1.730503,0,0,0,0,0,0,0,0
1.731848,0,0,0,0,0,0,0,0
1.733172,0,0,0,0,0,0,0,0
1.734494,0,0,0,0,0,0,0,0
1.735817,0,0,0,0,0,0,0,0
1.737140,0,0,0,0,0,0,0,0
1.738462,0,0,0,0,0,0,0,0
1.739804,0,0,0,0,0,0,0,0
1.741127,0,0,0,0,0,0,0,0
1.742457,0,0,0,0,0,0,0,0
1.743782,0,0,0,0,0,0,0,0
1.745109,0,0,0,0,0,0,0,0
1.746435,0,0,0,0,0,0,0,0
1.747777,0,0,0,0,0,0,0,0
1.749104,0,0,0,0,0,0,0,0
1.750429,0,0,0,0,0,0,0,0
1.751753,0,0,0,0,0,0,0,0
1.753081,0,0,0,0,0,0,0,0
1.754403,0,0,0,0,0,0,0,0
1.755730,0,0,0,0,0,0,0,0
1.757072,0,0,0,0,0,0,0,0
1.758392,0,0,0,0,0,0,0,0
1.759713,0,0,0,0,0,0,0,0
1.761036,0,0,0,0,0,0,0,0
1.762358,0,0,0,0,0,0,0,0
1.763718,0,0,0,0,0,0,0,0
1.765061,0,0,0,0,0,0,0,0
1.766386,0,0,0,0,0,0,0,0
1.767708,0,0,0,0,0,0,0,0
1.772664,0,0,0,0,0,0,0,0
1.774005,0,0,0,0,0,0,0,0
1.775330,0,0,0,0,0,0,0,0
1.776632,0,0,0,0,0,0,0,0
1.777957,0,0,0,0,0,0,0,0
1.779282,0,0,0,0,0,0,0,0
1.780609,0,0,0,0,0,0,0,0
1.781936,0,0,0,0,0,0,0,0
1.783259,0,0,0,0,0,0,0,0
1.784583,0,0,0,0,0,0,0,0
1.785954,0,0,0,0,0,0,0,0
1.787282,0,0,0,0,0,0,0,0
1.788660,0,0,0,0,0,0,0,0
1.789990,0,0,0,0,0,0,0,0
1.791318,0,0,0,0,0,0,0,0
1.792631,0,0,0,0,0,0,0,0
1.793956,0,0,0,0,0,0,0,0
1.795281,0,0,0,0,0,0,0,0
1.796650,0,0,0,0,0,0,0,0
1.798027,0,0,0,0,0,0,0,0
1.799411,0,0,0,0,0,0,0,0
1.800782,0,0,0,0,0,0,0,0
1.802153,0,0,0,0,0,0,0,0
1.803529,0,0,0,0,0,0,0,0
1.804927,0,0,0,0,0,0,0,0
1.806308,0,0,0,0,0,0,0,0
1.807683,0,0,0,0,0,0,0,0
1.809055,0,0,0,0,0,0,0,0
1.810426,0,0,0,0,0,0,0,0
1.811820,0,0,0,0,0,0,0,0
1.813198,0,0,0,0,0,0,0,0
1.814568,0,0,0,0,0,0,0,0
1.815940,0,0,0,0,0,0,0,0
1.817320,0,0,0,0,0,0,0,0
1.818690,0,0,0,0,0,0,0,0
1.820083,0,0,0,0,0,0,0,0
1.821454,0,0,0,0,0,0,0,0
1.822781,0,0,0,0,0,0,0,0
1.824105,0,0,0,0,0,0,0,0
1.825430,0,0,0,0,0,0,0,0
1.826755,0,0,0,0,0,0,0,0
1.828090,0,0,0,0,0,0,0,0
1.829417,0,0,0,0,0,0,0,0
1.830743,0,0,0,0,0,0,0,0
1.832068,0,0,0,0,0,0,0,0
1.833394,0,0,0,0,0,0,0,0
1.834718,0,0,0,0,0,0,0,0
1.836063,0,0,0,0,0,0,0,0
1.837390,0,0,0,0,0,0,0,0
1.838721,0,0,0,0,0,0,0,0
1.840048,0,0,0,0,0,0,0,0
1.841374,0,0,0,0,0,0,0,0
1.842700,0,0,0,0,0,0,0,0
1.844043,0,0,0,0,0,0,0,0
1.848629,0,0,0,0,0,0,0,0
1.849964,0,0,0,0,0,0,0,0
1.851291,0,0,0,0,0,0,0,0
1.852736,0,0,0,0,0,0,0,0
1.854062,0,0,0,0,0,0,0,0
1.855390,0,0,0,0,0,0,0,0
1.856717,0,0,0,0,0,0,0,0
1.858042,0,0,0,0,0,0,0,0
1.859366,0,0,0,0,0,0,0,0
1.860699,0,0,0,0,0,0,0,0
1.862096,0,0,0,0,0,0,0,0
1.863468,0,0,0,0,0,0,0,0
1.864839,0,0,0,0,0,0,0,0
1.866212,0,0,0,0,0,0,0,0
1.867585,0,0,0,0,0,0,0,0
1.868984,0,0,0,0,0,0,0,0
1.870353,0,0,0,0,0,0,0,0
1.871732,0,0,0,0,0,0,0,0
1.873105,0,0,0,0,0,0,0,0
1.874476,0,0,0,0,0,0,0,0
1.875870,0,0,0,0,0,0,0,0
1.877242,0,0,0,0,0,0,0,0
1.878611,0,0,0,0,0,0,0,0
1.879982,0,0,0,0,0,0,0,0
1.881354,0,0,0,0,0,0,0,0
1.882735,0,0,0,0,0,0,0,0
1.884128,0,0,0,0,0,0,0,0
1.885500,0,0,0,0,0,0,0,0
1.886870,0,0,0,0,0,0,0,0
1.888241,0,0,0,0,0,0,0,0
1.889611,0,0,0,0,0,0,0,0
1.890980,0,0,0,0,0,0,0,0
1.892373,0,0,0,0,0,0,0,0
1.893852,0,0,0,0,0,0,0,0
1.895221,0,0,0,0,0,0,0,0
1.896591,0,0,0,0,0,0,0,0
1.897960,0,0,0,0,0,0,0,0
1.899332,0,0,0,0,0,0,0,0
1.900705,0,0,0,0,0,0,0,0
1.904632,0,0,0,0,0,0,0,0
1.906015,0,0,0,0,0,0,0,0
1.907390,0,0,0,0,0,0,0,0
1.908765,0,0,0,0,0,0,0,0
1.910137,0,0,0,0,0,0,0,0
1.911507,0,0,0,0,0,0,0,0
1.912877,0,0,0,0,0,0,0,0
1.914245,0,0,0,0,0,0,0,0
1.915615,0,0,0,0,0,0,0,0
1.917016,0,0,0,0,0,0,0,0
1.918395,0,0,0,0,0,0,0,0
1.919764,0,0,0,0,0,0,0,0
1.921135,0,0,0,0,0,0,0,0
1.922505,0,0,0,0,0,0,0,0
1.923898,0,0,0,0,0,0,0,0
1.925267,0,0,0,0,0,0,0,0
1.926591,0,0,0,0,0,0,0,0
1.927922,0,0,0,0,0,0,0,0
1.929249,0,0,0,0,0,0,0,0
1.930574,0,0,0,0,0,0,0,0
1.931899,0,0,0,0,0,0,0,0
1.933227,0,0,0,0,0,0,0,0
1.934596,0,0,0,0,0,0,0,0
1.935968,0,0,0,0,0,0,0,0
1.937339,0,0,0,0,0,0,0,0
1.938724,0,0,0,0,0,0,0,0
1.940100,0,0,0,0,0,0,0,0
1.941472,0,0,0,0,0,0,0,0
1.942842,0,0,0,0,0,0,0,0
1.944213,0,0,0,0,0,0,0,0
1.945584,0,0,0,0,0,0,0,0
1.949854,0,0,0,0,0,0,0,0
1.951225,0,0,0,0,0,0,0,0
1.952596,0,0,0,0,0,0,0,0
1.953967,0,0,0,0,0,0,0,0
1.955340,0,0,0,0,0,0,0,0
1.956716,0,0,0,0,0,0,0,0
1.958091,0,0,0,0,0,0,0,0
1.959459,0,0,0,0,0,0,0,0
1.960964,0,0,0,0,0,0,0,0
1.962335,0,0,0,0,0,0,0,0
1.963708,0,0,0,0,0,0,0,0
1.965106,0,0,0,0,0,0,0,0
1.966514,0,0,0,0,0,0,0,0
1.967883,0,0,0,0,0,0,0,0
1.969254,0,0,0,0,0,0,0,0
1.970624,0,0,0,0,0,0,0,0
1.972002,0,0,0,0,0,0,0,0
1.973371,0,0,0,0,0,0,0,0
1.974742,0,0,0,0,0,0,0,0
1.976112,0,0,0,0,0,0,0,0
1.977483,0,0,0,0,0,0,0,0
1.978853,0,0,0,0,0,0,0,0
1.980247,0,0,0,0,0,0,0,0
1.981619,0,0,0,0,0,0,0,0
1.982995,0,0,0,0,0,0,0,0
1.984365,0,0,0,0,0,0,0,0
1.985762,0,0,0,0,0,0,0,0
1.987134,0,0,0,0,0,0,0,0
1.988504,0,0,0,0,0,0,0,0
1.989911,0,0,0,0,0,0,0,0
1.991282,0,0,0,0,0,0,0,0
1.993788,0,0,0,0,0,0,0,0
1.995159,0,0,0,0,0,0,0,0
1.996553,0,0,0,0,0,0,0,0
1.997921,0,0,0,0,0,0,0,0
1.999251,0,0,0,0,0,0,0,0
2.000574,0,0,0,0,0,0,0,0
2.001959,0,0,0,0,0,0,0,0
2.003283,0,0,0,0,0,0,0,0
2.004654,0,0,0,0,0,0,0,0
2.006020,0,0,0,0,0,0,0,0
2.007409,0,0,0,0,0,0,0,0
2.008782,0,0,0,0,0,0,0,0
2.010152,0,0,0,0,0,0,0,0
2.011521,0,0,0,0,0,0,0,0
2.012915,0,0,0,0,0,0,0,0
2.016633,0,0,0,0,0,0,0,0
2.018012,0,0,0,0,0,0,0,0
2.019383,0,0,0,0,0,0,0,0
2.020758,0,0,0,0,0,0,0,0
2.022136,0,0,0,0,0,0,0,0
2.023508,0,0,0,0,0,0,0,0
2.024878,0,0,0,0,0,0,0,0
2.026247,0,0,0,0,0,0,0,0
2.027616,0,0,0,0,0,0,0,0
2.029014,0,0,0,0,0,0,0,0
2.030384,0,0,0,0,0,0,0,0
2.031755,0,0,0,0,0,0,0,0
2.033126,0,0,0,0,0,0,0,0
2.034496,0,0,0,0,0,0,0,0
2.035889,0,0,0,0,0,0,0,0
2.037260,0,0,0,0,0,0,0,0
2.038636,0,0,0,0,0,0,0,0
2.040011,0,0,0,0,0,0,0,0
2.041383,0,0,0,0,0,0,0,0
2.042752,0,0,0,0,0,0,0,0
2.044146,0,0,0,0,0,0,0,0
2.045517,0,0,0,0,0,0,0,0
2.046887,0,0,0,0,0,0,0,0
2.048257,0,0,0,0,0,0,0,0
2.049626,0,0,0,0,0,0,0,0
2.050995,0,0,0,0,0,0,0,0
2.052783,0,0,0,0,0,0,0,0
2.054157,0,0,0,0,0,0,0,0
2.056095,0,0,0,0,0,0,0,0
2.057468,0,0,0,0,0,0,0,0
2.058839,0,0,0,0,0,0,0,0
2.060210,0,0,0,0,0,0,0,0
2.061590,0,0,0,0,0,0,0,0
2.064632,0,0,0,0,0,0,0,0
2.066004,0,0,0,0,0,0,0,0
2.067374,0,0,0,0,0,0,0,0
2.068743,0,0,0,0,0,0,0,0
2.070114,0,0,0,0,0,0,0,0
2.071534,0,0,0,0,0,0,0,0
2.072913,0,0,0,0,0,0,0,0
2.074396,0,0,0,0,0,0,0,0
2.075789,0,0,0,0,0,0,0,0
2.077161,0,0,0,0,0,0,0,0
2.078542,0,0,0,0,0,0,0,0
2.079910,0,0,0,0,0,0,0,0
2.081280,0,0,0,0,0,0,0,0
2.082763,0,0,0,0,0,0,0,0
2.084160,0,0,0,0,0,0,0,0
2.085532,0,0,0,0,0,0,0,0
2.086901,0,0,0,0,0,0,0,0
2.088271,0,0,0,0,0,0,0,0
2.089641,0,0,0,0,0,0,0,0
2.092680,0,0,0,0,0,0,0,0
2.094148,0,0,0,0,0,0,0,0
2.095523,0,0,0,0,0,0,0,0
2.096902,0,0,0,0,0,0,0,0
2.098272,0,0,0,0,0,0,0,0
2.099642,0,0,0,0,0,0,0,0
2.101036,0,0,0,0,0,0,0,0
2.102407,0,0,0,0,0,0,0,0
2.103776,0,0,0,0,0,0,0,0
2.105154,0,0,0,0,0,0,0,0
2.106526,0,0,0,0,0,0,0,0
2.107920,0,0,0,0,0,0,0,0
2.109289,0,0,0,0,0,0,0,0
2.110614,0,0,0,0,0,0,0,0
2.111940,0,0,0,0,0,0,0,0
2.113265,0,0,0,0,0,0,0,0
2.114593,0,0,0,0,0,0,0,0
2.115940,0,0,0,0,0,0,0,0
2.117267,0,0,0,0,0,0,0,0
2.118638,0,0,0,0,0,0,0,0
2.120006,0,0,0,0,0,0,0,0
2.121395,0,0,0,0,0,0,0,0
2.122766,0,0,0,0,0,0,0,0
2.124159,0,0,0,0,0,0,0,0
2.125561,0,0,0,0,0,0,0,0
2.127113,0,0,0,0,0,0,0,0
2.128486,0,0,0,0,0,0,0,0
2.129813,0,0,0,0,0,0,0,0
2.132454,0,0,0,0,0,0,0,0
2.133862,0,0,0,0,0,0,0,0
2.135255,0,0,0,0,0,0,0,0
2.136576,0,0,0,0,0,0,0,0
2.137991,0,0,0,0,0,0,0,0
2.139312,0,0,0,0,0,0,0,0
2.140648,0,0,0,0,0,0,0,0
2.141974,0,0,0,0,0,0,0,0
2.143299,0,0,0,0,0,0,0,0
2.148731,0,0,0,0,0,0,0,0
2.150064,0,0,0,0,0,0,0,0
2.151433,0,0,0,0,0,0,0,0
2.152760,0,0,0,0,0,0,0,0
2.154086,0,0,0,0,0,0,0,0
2.155411,0,0,0,0,0,0,0,0
2.156737,0,0,0,0,0,0,0,0
2.158062,0,0,0,0,0,0,0,0
2.159387,0,0,0,0,0,0,0,0
2.160717,0,0,0,0,0,0,0,0
2.162040,0,0,0,0,0,0,0,0
2.163375,0,0,0,0,0,0,0,0
2.164701,0,0,0,0,0,0,0,0
2.166025,0,0,0,0,0,0,0,0
2.167351,0,0,0,0,0,0,0,0
2.168634,0,0,0,0,0,0,0,0
2.169962,0,0,0,0,0,0,0,0
2.171293,0,0,0,0,0,0,0,0
2.172678,0,0,0,0,0,0,0,0
2.174003,0,0,0,0,0,0,0,0
2.175328,0,0,0,0,0,0,0,0
2.176635,0,0,0,0,0,0,0,0
2.177960,0,0,0,0,0,0,0,0
2.179284,0,0,0,0,0,0,0,0
2.180647,0,0,0,0,0,0,0,0
2.181977,0,0,0,0,0,0,0,0
2.183302,0,0,0,0,0,0,0,0
2.184633,0,0,0,0,0,0,0,0
2.185964,0,0,0,0,0,0,0,0
2.187301,0,0,0,0,0,0,0,0
2.188729,0,0,0,0,0,0,0,0
2.190056,0,0,0,0,0,0,0,0
2.191380,0,0,0,0,0,0,0,0
2.192710,0,0,0,0,0,0,0,0
2.194036,0,0,0,0,0,0,0,0
2.195361,0,0,0,0,0,0,0,0
2.196686,0,0,0,0,0,0,0,0
2.198012,0,0,0,0,0,0,0,0
2.199336,0,0,0,0,0,0,0,0
2.200632,0,0,0,0,0,0,0,0
2.201958,0,0,0,0,0,0,0,0
2.203288,0,0,0,0,0,0,0,0
2.204613,0,0,0,0,0,0,0,0
2.205938,0,0,0,0,0,0,0,0
2.207262,0,0,0,0,0,0,0,0
2.208586,0,0,0,0,0,0,0,0
2.210003,0,0,0,0,0,0,0,0
2.211381,0,0,0,0,0,0,0,0
2.212773,0,0,0,0,0,0,0,0
2.214150,0,0,0,0,0,0,0,0
2.215520,0,0,0,0,0,0,0,0
2.217001,0,0,0,0,0,0,0,0
2.218373,0,0,0,0,0,0,0,0
2.219741,0,0,0,0,0,0,0,0
2.221111,0,0,0,0,0,0,0,0
2.222481,0,0,0,0,0,0,0,0
2.223962,0,0,0,0,0,0,0,0
2.225343,0,0,0,0,0,0,0,0
2.226714,0,0,0,0,0,0,0,0
2.228085,0,0,0,0,0,0,0,0
2.229567,0,0,0,0,0,0,0,0
2.230936,0,0,0,0,0,0,0,0
2.232320,0,0,0,0,0,0,0,0
2.233789,0,0,0,0,0,0,0,0
2.235163,0,0,0,0,0,0,0,0
2.236541,0,0,0,0,0,0,0,0
2.237926,0,0,0,0,0,0,0,0
2.239407,0,0,0,0,0,0,0,0
2.240890,0,0,0,0,0,0,0,0
2.243723,0,0,0,0,0,0,0,0
2.245207,0,0,0,0,0,0,0,0
2.246547,0,0,0,0,0,0,0,0
2.247982,0,0,0,0,0,0,0,0
2.249417,0,0,0,0,0,0,0,0
2.250851,0,0,0,0,0,0,0,0
2.256186,0,0,0,0,0,0,0,0
2.257694,0,0,0,0,0,0,0,0
2.264758,0,0,0,0,0,0,0,0
2.266241,0,0,0,0,0,0,0,0
2.267728,0,0,0,0,0,0,0,0
2.269124,0,0,0,0,0,0,0,0
2.270607,0,0,0,0,0,0,0,0
2.273675,0,0,0,0,0,0,0,0
2.275159,0,0,0,0,0,0,0,0
2.276656,0,0,0,0,0,0,0,0
2.278147,0,0,0,0,0,0,0,0
2.279629,0,0,0,0,0,0,0,0
2.281113,0,0,0,0,0,0,0,0
2.282595,0,0,0,0,0,0,0,0
2.286369,0,0,0,0,0,0,0,0
2.287853,0,0,0,0,0,0,0,0
2.289382,0,0,0,0,0,0,0,0
2.290866,0,0,0,0,0,0,0,0
2.292350,0,0,0,0,0,0,0,0
2.293806,0,0,0,0,0,0,0,0
2.295288,0,0,0,0,0,0,0,0
2.296772,0,0,0,0,0,0,0,0
2.298255,0,0,0,0,0,0,0,0
2.299770,0,0,0,0,0,0,0,0
2.301256,0,0,0,0,0,0,0,0
2.302741,0,0,0,0,0,0,0,0
2.304224,0,0,0,0,0,0,0,0
2.305727,0,0,0,0,0,0,0,0
2.307209,0,0,0,0,0,0,0,0
2.308696,0,0,0,0,0,0,0,0
2.310189,0,0,0,0,0,0,0,0
2.311672,0,0,0,0,0,0,0,0
2.313157,0,0,0,0,0,0,0,0
2.314640,0,0,0,0,0,0,0,0
2.316147,0,0,0,0,0,0,0,0
2.317631,0,0,0,0,0,0,0,0
2.319114,0,0,0,0,0,0,0,0
2.320603,0,0,0,0,0,0,0,0
2.322087,0,0,0,0,0,0,0,0
2.323577,0,0,0,0,0,0,0,0
2.324954,0,0,0,0,0,0,0,0
2.326435,0,0,0,0,0,0,0,0
2.327918,0,0,0,0,0,0,0,0
2.329400,0,0,0,0,0,0,0,0
2.330887,0,0,0,0,0,0,0,0
2.332394,0,0,0,0,0,0,0,0
2.333843,0,0,0,0,0,0,0,0
2.335170,0,0,0,0,0,0,0,0
2.336603,0,0,0,0,0,0,0,0
2.337937,0,0,0,0,0,0,0,0
2.339379,0,0,0,0,0,0,0,0
2.340827,0,0,0,0,0,0,0,0
2.342267,0,0,0,0,0,0,0,0
2.343716,0,0,0,0,0,0,0,0
2.345152,0,0,0,0,0,0,0,0
2.346482,0,0,0,0,0,0,0,0
2.347934,0,0,0,0,0,0,0,0
2.349373,0,0,0,0,0,0,0,0
2.350857,0,0,0,0,0,0,0,0
2.352349,0,0,0,0,0,0,0,0
2.353781,0,0,0,0,0,0,0,0
2.355264,0,0,0,0,0,0,0,0
2.356753,0,0,0,0,0,0,0,0
2.358140,0,0,0,0,0,0,0,0
2.359513,0,0,0,0,0,0,0,0
2.360992,0,0,0,0,0,0,0,0
2.362483,0,0,0,0,0,0,0,0
2.363987,0,0,0,0,0,0,0,0
2.365472,0,0,0,0,0,0,0,0
2.366956,0,0,0,0,0,0,0,0
2.368441,0,0,0,0,0,0,0,0
2.369892,0,0,0,0,0,0,0,0
2.371378,0,0,0,0,0,0,0,0
2.372762,0,0,0,0,0,0,0,0
2.374253,0,0,0,0,0,0,0,0
2.375627,0,0,0,0,0,0,0,0
2.377113,0,0,0,0,0,0,0,0
2.378595,0,0,0,0,0,0,0,0
2.380084,0,0,0,0,0,0,0,0
2.381568,0,0,0,0,0,0,0,0
2.383305,0,0,0,0,0,0,0,0
2.384792,0,0,0,0,0,0,0,0
2.386275,0,0,0,0,0,0,0,0
2.389320,0,0,0,0,0,0,0,0
2.390806,0,0,0,0,0,0,0,0
2.392288,0,0,0,0,0,0,0,0
2.393795,0,0,0,0,0,0,0,0
2.395280,0,0,0,0,0,0,0,0
2.396818,0,0,0,0,0,0,0,0
2.398190,0,0,0,0,0,0,0,0
2.400281,0,0,0,0,0,0,0,0
2.401780,0,0,0,0,0,0,0,0
2.403258,0,0,0,0,0,0,0,0
2.404748,0,0,0,0,0,0,0,0
2.406184,0,0,0,0,0,0,0,0
2.407619,0,0,0,0,0,0,0,0
2.409055,0,0,0,0,0,0,0,0
2.410577,0,0,0,0,0,0,0,0
2.412190,0,0,0,0,0,0,0,0
2.414005,0,0,0,0,0,0,0,0
2.415342,0,0,0,0,0,0,0,0
2.416633,0,0,0,0,0,0,0,0
2.418068,0,0,0,0,0,0,0,0
2.419503,0,0,0,0,0,0,0,0
2.420959,0,0,0,0,0,0,0,0
2.422443,0,0,0,0,0,0,0,0
2.423927,0,0,0,0,0,0,0,0
2.425419,0,0,0,0,0,0,0,0
2.426747,0,0,0,0,0,0,0,0
2.428073,0,0,0,0,0,0,0,0
2.429507,0,0,0,0,0,0,0,0
2.430833,0,0,0,0,0,0,0,0
2.432160,0,0,0,0,0,0,0,0
2.433488,0,0,0,0,0,0,0,0
2.434813,0,0,0,0,0,0,0,0
2.436222,0,0,0,0,0,0,0,0
2.437549,0,0,0,0,0,0,0,0
2.438885,0,0,0,0,0,0,0,0
2.440540,0,0,0,0,0,0,0,0
2.441956,0,0,0,0,0,0,0,0
2.443391,0,0,0,0,0,0,0,0
2.444719,0,0,0,0,0,0,0,0
2.446045,0,0,0,0,0,0,0,0
2.451853,0,0,0,0,0,0,0,0
2.453320,0,0,0,0,0,0,0,0
2.454756,0,0,0,0,0,0,0,0
2.456320,0,0,0,0,0,0,0,0
2.457861,0,0,0,0,0,0,0,0
2.459343,0,0,0,0,0,0,0,0
2.460849,0,0,0,0,0,0,0,0
2.462283,0,0,0,0,0,0,0,0
2.463717,0,0,0,0,0,0,0,0
2.465155,0,0,0,0,0,0,0,0
2.466589,0,0,0,0,0,0,0,0
2.468052,0,0,0,0,0,0,0,0
2.469488,0,0,0,0,0,0,0,0
2.470925,0,0,0,0,0,0,0,0
2.472359,0,0,0,0,0,0,0,0
2.473738,0,0,0,0,0,0,0,0
2.475183,0,0,0,0,0,0,0,0
2.476697,0,0,0,0,0,0,0,0
2.478140,0,0,0,0,0,0,0,0
2.479577,0,0,0,0,0,0,0,0
2.481011,0,0,0,0,0,0,0,0
2.482445,0,0,0,0,0,0,0,0
2.483881,0,0,0,0,0,0,0,0
2.485320,0,0,0,0,0,0,0,0
2.486757,0,0,0,0,0,0,0,0
2.488205,0,0,0,0,0,0,0,0
2.489649,0,0,0,0,0,0,0,0
2.491077,0,0,0,0,0,0,0,0
2.492557,0,0,0,0,0,0,0,0
2.493973,0,0,0,0,0,0,0,0
2.495446,0,0,0,0,0,0,0,0
2.496880,0,0,0,0,0,0,0,0
2.498323,0,0,0,0,0,0,0,0
2.499776,0,0,0,0,0,0,0,0
2.501239,0,0,0,0,0,0,0,0
2.503047,0,0,0,0,0,0,0,0
2.504481,0,0,0,0,0,0,0,0
2.505814,0,0,0,0,0,0,0,0
2.507246,0,0,0,0,0,0,0,0
2.508684,0,0,0,0,0,0,0,0
2.511586,0,0,0,0,0,0,0,0
2.513022,0,0,0,0,0,0,0,0
2.514457,0,0,0,0,0,0,0,0
2.515909,0,0,0,0,0,0,0,0
2.517345,0,0,0,0,0,0,0,0
2.518788,0,0,0,0,0,0,0,0
2.520223,0,0,0,0,0,0,0,0
2.523284,0,0,0,0,0,0,0,0
2.524721,0,0,0,0,0,0,0,0
2.526055,0,0,0,0,0,0,0,0
2.527499,0,0,0,0,0,0,0,0
2.528939,0,0,0,0,0,0,0,0
2.530375,0,0,0,0,0,0,0,0
2.531828,0,0,0,0,0,0,0,0
2.533263,0,0,0,0,0,0,0,0
2.534700,0,0,0,0,0,0,0,0
2.536134,0,0,0,0,0,0,0,0
2.537568,0,0,0,0,0,0,0,0
2.539013,0,0,0,0,0,0,0,0
2.540452,0,0,0,0,0,0,0,0
2.541860,0,0,0,0,0,0,0,0
2.543293,0,0,0,0,0,0,0,0
2.544729,0,0,0,0,0,0,0,0
2.546163,0,0,0,0,0,0,0,0
2.547690,0,0,0,0,0,0,0,0
2.549133,0,0,0,0,0,0,0,0
2.550616,0,0,0,0,0,0,0,0
2.552102,0,0,0,0,0,0,0,0
2.553585,0,0,0,0,0,0,0,0
2.555071,0,0,0,0,0,0,0,0
2.556558,0,0,0,0,0,0,0,0
2.558033,0,0,0,0,0,0,0,0
2.559822,0,0,0,0,0,0,0,0
2.561309,0,0,0,0,0,0,0,0
2.564849,0,0,0,0,0,0,0,0
2.566333,0,0,0,0,0,0,0,0
2.567819,0,0,0,0,0,0,0,0
2.569305,0,0,0,0,0,0,0,0
2.570799,0,0,0,0,0,0,0,0
2.572282,0,0,0,0,0,0,0,0
2.573844,0,0,0,0,0,0,0,0
2.575330,0,0,0,0,0,0,0,0
2.576816,0,0,0,0,0,0,0,0
2.578298,0,0,0,0,0,0,0,0
2.579807,0,0,0,0,0,0,0,0
2.581297,0,0,0,0,0,0,0,0
2.582784,0,0,0,0,0,0,0,0
2.584266,0,0,0,0,0,0,0,0
2.585774,0,0,0,0,0,0,0,0
2.587258,0,0,0,0,0,0,0,0
2.592644,0,0,0,0,0,0,0,0
2.594096,0,0,0,0,0,0,0,0
2.595432,0,0,0,0,0,0,0,0
2.596886,0,0,0,0,0,0,0,0
2.598321,0,0,0,0,0,0,0,0
2.599756,0,0,0,0,0,0,0,0
2.601192,0,0,0,0,0,0,0,0
2.602627,0,0,0,0,0,0,0,0
2.604080,0,0,0,0,0,0,0,0
2.605522,0,0,0,0,0,0,0,0
2.606957,0,0,0,0,0,0,0,0
2.608392,0,0,0,0,0,0,0,0
2.609828,0,0,0,0,0,0,0,0
2.611264,0,0,0,0,0,0,0,0
2.612700,0,0,0,0,0,0,0,0
2.619687,0,0,0,0,0,0,0,0
2.621039,0,0,0,0,0,0,0,0
2.622474,0,0,0,0,0,0,0,0
2.623910,0,0,0,0,0,0,0,0
2.625346,0,0,0,0,0,0,0,0
2.626782,0,0,0,0,0,0,0,0
2.628233,0,0,0,0,0,0,0,0
2.629670,0,0,0,0,0,0,0,0
2.631214,0,0,0,0,0,0,0,0
2.632588,0,0,0,0,0,0,0,0
2.634075,0,0,0,0,0,0,0,0
2.635452,0,0,0,0,0,0,0,0
2.636987,0,0,0,0,0,0,0,0
2.638526,0,0,0,0,0,0,0,0
2.640007,0,0,0,0,0,0,0,0
2.641510,0,0,0,0,0,0,0,0
2.642883,0,0,0,0,0,0,0,0
2.644368,0,0,0,0,0,0,0,0
2.645830,0,0,0,0,0,0,0,0
2.647314,0,0,0,0,0,0,0,0
2.648710,0,0,0,0,0,0,0,0
2.650193,0,0,0,0,0,0,0,0
2.651690,0,0,0,0,0,0,0,0
2.653090,0,0,0,0,0,0,0,0
2.654575,0,0,0,0,0,0,0,0
2.656103,0,0,0,0,0,0,0,0
2.657589,0,0,0,0,0,0,0,0
2.659016,0,0,0,0,0,0,0,0
2.660390,0,0,0,0,0,0,0,0
2.661858,0,0,0,0,0,0,0,0
2.663350,0,0,0,0,0,0,0,0
2.664800,0,0,0,0,0,0,0,0
2.666239,0,0,0,0,0,0,0,0
2.667674,0,0,0,0,0,0,0,0
2.669111,0,0,0,0,0,0,0,0
2.670547,0,0,0,0,0,0,0,0
2.671988,0,0,0,0,0,0,0,0
2.673425,0,0,0,0,0,0,0,0
2.674861,0,0,0,0,0,0,0,0
2.676300,0,0,0,0,0,0,0,0
2.677784,0,0,0,0,0,0,0,0
2.679219,0,0,0,0,0,0,0,0
2.680645,0,0,0,0,0,0,0,0
2.682097,0,0,0,0,0,0,0,0
2.688633,0,0,0,0,0,0,0,0
2.690119,0,0,0,0,0,0,0,0
2.691602,0,0,0,0,0,0,0,0
2.693001,0,0,0,0,0,0,0,0
2.694495,0,0,0,0,0,0,0,0
2.695929,0,0,0,0,0,0,0,0
2.697362,0,0,0,0,0,0,0,0
2.698799,0,0,0,0,0,0,0,0
2.700251,0,0,0,0,0,0,0,0
2.701741,0,0,0,0,0,0,0,0
2.703227,0,0,0,0,0,0,0,0
2.704564,0,0,0,0,0,0,0,0
2.705961,0,0,0,0,0,0,0,0
2.707442,0,0,0,0,0,0,0,0
2.708949,0,0,0,0,0,0,0,0
2.710428,0,0,0,0,0,0,0,0
2.711909,0,0,0,0,0,0,0,0
2.713316,0,0,0,0,0,0,0,0
2.714799,0,0,0,0,0,0,0,0
2.716309,0,0,0,0,0,0,0,0
2.717835,0,0,0,0,0,0,0,0
2.719317,0,0,0,0,0,0,0,0
2.720804,0,0,0,0,0,0,0,0
2.722301,0,0,0,0,0,0,0,0
2.723814,0,0,0,0,0,0,0,0
2.725301,0,0,0,0,0,0,0,0
2.726784,0,0,0,0,0,0,0,0
2.728265,0,0,0,0,0,0,0,0
2.729773,0,0,0,0,0,0,0,0
2.731255,0,0,0,0,0,0,0,0
2.732666,0,0,0,0,0,0,0,0
2.734165,0,0,0,0,0,0,0,0
2.735649,0,0,0,0,0,0,0,0
2.737134,0,0,0,0,0,0,0,0
2.738615,0,0,0,0,0,0,0,0
2.740106,0,0,0,0,0,0,0,0
2.741591,0,0,0,0,0,0,0,0
2.743075,0,0,0,0,0,0,0,0
2.744564,0,0,0,0,0,0,0,0
2.746009,0,0,0,0,0,0,0,0
2.747492,0,0,0,0,0,0,0,0
2.749000,0,0,0,0,0,0,0,0
2.756681,0,0,0,0,0,0,0,0
2.758173,0,0,0,0,0,0,0,0
2.759655,0,0,0,0,0,0,0,0
2.761141,0,0,0,0,0,0,0,0
2.762623,0,0,0,0,0,0,0,0
2.764128,0,0,0,0,0,0,0,0
2.765613,0,0,0,0,0,0,0,0
2.767095,0,0,0,0,0,0,0,0
2.768612,0,0,0,0,0,0,0,0
2.770002,0,0,0,0,0,0,0,0
2.771486,0,0,0,0,0,0,0,0
2.772993,0,0,0,0,0,0,0,0
2.774481,0,0,0,0,0,0,0,0
2.775965,0,0,0,0,0,0,0,0
2.777451,0,0,0,0,0,0,0,0
2.778943,0,0,0,0,0,0,0,0
2.780372,0,0,0,0,0,0,0,0
2.781896,0,0,0,0,0,0,0,0
2.783379,0,0,0,0,0,0,0,0
2.784866,0,0,0,0,0,0,0,0
2.786349,0,0,0,0,0,0,0,0
2.787855,0,0,0,0,0,0,0,0
2.789342,0,0,0,0,0,0,0,0
2.790781,0,0,0,0,0,0,0,0
2.792220,0,0,0,0,0,0,0,0
2.793656,0,0,0,0,0,0,0,0
2.795091,0,0,0,0,0,0,0,0
2.796527,0,0,0,0,0,0,0,0
2.797936,0,0,0,0,0,0,0,0
2.799427,0,0,0,0,0,0,0,0
2.800800,0,0,0,0,0,0,0,0
2.802283,0,0,0,0,0,0,0,0
2.806354,0,0,0,0,0,0,0,0
2.807840,0,0,0,0,0,0,0,0
2.809323,0,0,0,0,0,0,0,0
2.810816,0,0,0,0,0,0,0,0
2.812300,0,0,0,0,0,0,0,0
2.813838,0,0,0,0,0,0,0,0
2.815818,0,0,0,0,0,0,0,0
2.817303,0,0,0,0,0,0,0,0
2.818786,0,0,0,0,0,0,0,0
2.820282,0,0,0,0,0,0,0,0
2.821877,0,0,0,0,0,0,0,0
2.823361,0,0,0,0,0,0,0,0
2.824844,0,0,0,0,0,0,0,0
2.826327,0,0,0,0,0,0,0,0
2.827834,0,0,0,0,0,0,0,0
2.829319,0,0,0,0,0,0,0,0
2.830804,0,0,0,0,0,0,0,0
2.832295,0,0,0,0,0,0,0,0
2.833787,0,0,0,0,0,0,0,0
2.835271,0,0,0,0,0,0,0,0
2.836756,0,0,0,0,0,0,0,0
2.838141,0,0,0,0,0,0,0,0
2.839740,0,0,0,0,0,0,0,0
2.841225,0,0,0,0,0,0,0,0
2.842750,0,0,0,0,0,0,0,0
2.844235,0,0,0,0,0,0,0,0
2.845792,0,0,0,0,0,0,0,0
2.847272,0,0,0,0,0,0,0,0
2.848755,0,0,0,0,0,0,0,0
2.850238,0,0,0,0,0,0,0,0
2.851721,0,0,0,0,0,0,0,0
2.853126,0,0,0,0,0,0,0,0
2.854658,0,0,0,0,0,0,0,0
2.856144,0,0,0,0,0,0,0,0
2.857629,0,0,0,0,0,0,0,0
2.859115,0,0,0,0,0,0,0,0
2.860662,0,0,0,0,0,0,0,0
2.862775,0,0,0,0,0,0,0,0
2.864217,0,0,0,0,0,0,0,0
2.865653,0,0,0,0,0,0,0,0
2.867089,0,0,0,0,0,0,0,0
2.868524,0,0,0,0,0,0,0,0
2.869941,0,0,0,0,0,0,0,0
2.871425,0,0,0,0,0,0,0,0
2.872909,0,0,0,0,0,0,0,0
2.874407,0,0,0,0,0,0,0,0
2.877851,0,0,0,0,0,0,0,0
2.879335,0,0,0,0,0,0,0,0
2.880823,0,0,0,0,0,0,0,0
2.884682,0,0,0,0,0,0,0,0
2.886180,0,0,0,0,0,0,0,0
2.887668,0,0,0,0,0,0,0,0
2.889165,0,0,0,0,0,0,0,0
2.890648,0,0,0,0,0,0,0,0
2.892157,0,0,0,0,0,0,0,0
2.893638,0,0,0,0,0,0,0,0
2.895122,0,0,0,0,0,0,0,0
2.896613,0,0,0,0,0,0,0,0
2.898006,0,0,0,0,0,0,0,0
2.899488,0,0,0,0,0,0,0,0
2.900996,0,0,0,0,0,0,0,0
2.902396,0,0,0,0,0,0,0,0
2.903880,0,0,0,0,0,0,0,0
2.905409,0,0,0,0,0,0,0,0
2.906932,0,0,0,0,0,0,0,0
2.908391,0,0,0,0,0,0,0,0
2.920794,0,0,0,0,0,0,0,0
2.922237,0,0,0,0,0,0,0,0
2.923673,0,0,0,0,0,0,0,0
2.925027,0,0,0,0,0,0,0,0
2.926462,0,0,0,0,0,0,0,0
2.927903,0,0,0,0,0,0,0,0
2.929338,0,0,0,0,0,0,0,0
2.930776,0,0,0,0,0,0,0,0
2.932214,0,0,0,0,0,0,0,0
2.933660,0,0,0,0,0,0,0,0
2.935096,0,0,0,0,0,0,0,0
2.936531,0,0,0,0,0,0,0,0
2.937956,0,0,0,0,0,0,0,0
2.939414,0,0,0,0,0,0,0,0
2.940893,0,0,0,0,0,0,0,0
2.942333,0,0,0,0,0,0,0,0
2.943775,0,0,0,0,0,0,0,0
2.945211,0,0,0,0,0,0,0,0
2.946662,0,0,0,0,0,0,0,0
2.948116,0,0,0,0,0,0,0,0
2.949555,0,0,0,0,0,0,0,0
2.950993,0,0,0,0,0,0,0,0
2.952431,0,0,0,0,0,0,0,0
2.953855,0,0,0,0,0,0,0,0
2.955289,0,0,0,0,0,0,0,0
2.956728,0,0,0,0,0,0,0,0
2.958163,0,0,0,0,0,0,0,0
2.959599,0,0,0,0,0,0,0,0
2.961037,0,0,0,0,0,0,0,0
2.962477,0,0,0,0,0,0,0,0
2.963937,0,0,0,0,0,0,0,0
2.965375,0,0,0,0,0,0,0,0
2.972661,0,0,0,0,0,0,0,0
2.974104,0,0,0,0,0,0,0,0
2.975543,0,0,0,0,0,0,0,0
2.976977,0,0,0,0,0,0,0,0
2.978342,0,0,0,0,0,0,0,0
2.979798,0,0,0,0,0,0,0,0
2.981239,0,0,0,0,0,0,0,0
2.982673,0,0,0,0,0,0,0,0
2.984114,0,0,0,0,0,0,0,0
2.985551,0,0,0,0,0,0,0,0
2.986995,0,0,0,0,0,0,0,0
2.988435,0,0,0,0,0,0,0,0
2.989917,0,0,0,0,0,0,0,0
2.991412,0,0,0,0,0,0,0,0
2.992908,0,0,0,0,0,0,0,0
2.994401,0,0,0,0,0,0,0,0
2.995890,0,0,0,0,0,0,0,0
3.000680,0,0,0,0,0,0,0,0
3.002121,0,0,0,0,0,0,0,0
3.003557,0,0,0,0,0,0,0,0
3.004911,0,0,0,0,0,0,0,0
3.008065,0,0,0,0,0,0,0,0
3.009552,0,0,0,0,0,0,0,0
3.011039,0,0,0,0,0,0,0,0
3.012663,0,0,0,0,0,0,0,0
3.014150,0,0,0,0,0,0,0,0
3.015642,0,0,0,0,0,0,0,0
3.017129,0,0,0,0,0,0,0,0
3.018614,0,0,0,0,0,0,0,0
3.020123,0,0,0,0,0,0,0,0
3.021608,0,0,0,0,0,0,0,0
3.023093,0,0,0,0,0,0,0,0
3.024586,0,0,0,0,0,0,0,0
3.026018,0,0,0,0,0,0,0,0
3.027504,0,0,0,0,0,0,0,0
3.028997,0,0,0,0,0,0,0,0
3.030435,0,0,0,0,0,0,0,0
3.031871,0,0,0,0,0,0,0,0
3.033307,0,0,0,0,0,0,0,0
3.034744,0,0,0,0,0,0,0,0
3.036205,0,0,0,0,0,0,0,0
3.037672,0,0,0,0,0,0,0,0
3.039123,0,0,0,0,0,0,0,0
3.040559,0,0,0,0,0,0,0,0
3.041960,0,0,0,0,0,0,0,0
3.043396,0,0,0,0,0,0,0,0
3.044832,0,0,0,0,0,0,0,0
3.046275,0,0,0,0,0,0,0,0
3.047712,0,0,0,0,0,0,0,0
3.049150,0,0,0,0,0,0,0,0
3.050606,0,0,0,0,0,0,0,0
3.052059,0,0,0,0,0,0,0,0
3.053495,0,0,0,0,0,0,0,0
3.054931,0,0,0,0,0,0,0,0
3.056373,0,0,0,0,0,0,0,0
3.057811,0,0,0,0,0,0,0,0
3.059249,0,0,0,0,0,0,0,0
3.060685,0,0,0,0,0,0,0,0
3.062123,0,0,0,0,0,0,0,0
3.063560,0,0,0,0,0,0,0,0
3.064998,0,0,0,0,0,0,0,0
3.066441,0,0,0,0,0,0,0,0
3.067900,0,0,0,0,0,0,0,0
3.069338,0,0,0,0,0,0,0,0
3.070779,0,0,0,0,0,0,0,0
3.072217,0,0,0,0,0,0,0,0
3.073654,0,0,0,0,0,0,0,0
3.075095,0,0,0,0,0,0,0,0
3.076539,0,0,0,0,0,0,0,0
3.078062,0,0,0,0,0,0,0,0
3.079590,0,0,0,0,0,0,0,0
3.081117,0,0,0,0,0,0,0,0
3.082638,0,0,0,0,0,0,0,0
3.084205,0,0,0,0,0,0,0,0
3.085770,0,0,0,0,0,0,0,0
3.087263,0,0,0,0,0,0,0,0
3.091027,0,0,0,0,0,0,0,0
3.092513,0,0,0,0,0,0,0,0
3.093928,0,0,0,0,0,0,0,0
3.095414,0,0,0,0,0,0,0,0
3.096902,0,0,0,0,0,0,0,0
3.098395,0,0,0,0,0,0,0,0
3.099906,0,0,0,0,0,0,0,0
3.101394,0,0,0,0,0,0,0,0
3.102880,0,0,0,0,0,0,0,0
3.104364,0,0,0,0,0,0,0,0
3.105852,0,0,0,0,0,0,0,0
3.107337,0,0,0,0,0,0,0,0
3.108866,0,0,0,0,0,0,0,0
3.110440,0,0,0,0,0,0,0,0
3.111922,0,0,0,0,0,0,0,0
3.113417,0,0,0,0,0,0,0,0
3.114902,0,0,0,0,0,0,0,0
3.116410,0,0,0,0,0,0,0,0
3.117838,0,0,0,0,0,0,0,0
3.119717,0,0,0,0,0,0,0,0
3.121203,0,0,0,0,0,0,0,0
3.122789,0,0,0,0,0,0,0,0
3.124283,0,0,0,0,0,0,0,0
3.125844,0,0,0,0,0,0,0,0
3.127282,0,0,0,0,0,0,0,0
3.129132,0,0,0,0,0,0,0,0
3.130574,0,0,0,0,0,0,0,0
3.132029,0,0,0,0,0,0,0,0
3.133469,0,0,0,0,0,0,0,0
3.134955,0,0,0,0,0,0,0,0
3.136439,0,0,0,0,0,0,0,0
3.144497,0,0,0,0,0,0,0,0
3.145901,0,0,0,0,0,0,0,0
3.147389,0,0,0,0,0,0,0,0
3.148874,0,0,0,0,0,0,0,0
3.150313,0,0,0,0,0,0,0,0
3.151751,0,0,0,0,0,0,0,0
3.153189,0,0,0,0,0,0,0,0
3.154629,0,0,0,0,0,0,0,0
3.156078,0,0,0,0,0,0,0,0
3.157520,0,0,0,0,0,0,0,0
3.158967,0,0,0,0,0,0,0,0
3.160405,0,0,0,0,0,0,0,0
3.161850,0,0,0,0,0,0,0,0
3.163290,0,0,0,0,0,0,0,0
3.164732,0,0,0,0,0,0,0,0
3.166175,0,0,0,0,0,0,0,0
3.167613,0,0,0,0,0,0,0,0
3.169051,0,0,0,0,0,0,0,0
3.170489,0,0,0,0,0,0,0,0
3.171943,0,0,0,0,0,0,0,0
3.173382,0,0,0,0,0,0,0,0
3.174819,0,0,0,0,0,0,0,0
3.176264,0,0,0,0,0,0,0,0
3.177716,0,0,0,0,0,0,0,0
3.179187,0,0,0,0,0,0,0,0
3.180662,0,0,0,0,0,0,0,0
3.182106,0,0,0,0,0,0,0,0
3.183545,0,0,0,0,0,0,0,0
3.184984,0,0,0,0,0,0,0,0
3.186428,0,0,0,0,0,0,0,0
3.187884,0,0,0,0,0,0,0,0
3.189325,0,0,0,0,0,0,0,0
3.190815,0,0,0,0,0,0,0,0
3.192303,0,0,0,0,0,0,0,0
3.193788,0,0,0,0,0,0,0,0
3.195297,0,0,0,0,0,0,0,0
3.196744,0,0,0,0,0,0,0,0
3.198183,0,0,0,0,0,0,0,0
3.199624,0,0,0,0,0,0,0,0
3.201063,0,0,0,0,0,0,0,0
3.202502,0,0,0,0,0,0,0,0
3.203960,0,0,0,0,0,0,0,0
3.205400,0,0,0,0,0,0,0,0
3.206844,0,0,0,0,0,0,0,0
3.208352,0,0,0,0,0,0,0,0
3.209740,0,0,0,0,0,0,0,0
3.211178,0,0,0,0,0,0,0,0
3.212661,0,0,0,0,0,0,0,0
3.214071,0,0,0,0,0,0,0,0
3.215507,0,0,0,0,0,0,0,0
3.216952,0,0,0,0,0,0,0,0
3.218391,0,0,0,0,0,0,0,0
3.219855,0,0,0,0,0,0,0,0
3.221299,0,0,0,0,0,0,0,0
3.222749,0,0,0,0,0,0,0,0
3.224187,0,0,0,0,0,0,0,0
3.225628,0,0,0,0,0,0,0,0
3.227074,0,0,0,0,0,0,0,0
3.228514,0,0,0,0,0,0,0,0
3.229972,0,0,0,0,0,0,0,0
3.231411,0,0,0,0,0,0,0,0
3.232851,0,0,0,0,0,0,0,0
3.234288,0,0,0,0,0,0,0,0
3.235725,0,0,0,0,0,0,0,0
3.237169,0,0,0,0,0,0,0,0
3.239703,0,0,0,0,0,0,0,0
3.242062,0,0,0,0,0,0,0,0
3.243548,0,0,0,0,0,0,0,0
3.245059,0,0,0,0,0,0,0,0
3.247995,0,0,0,0,0,0,0,0
3.249492,0,0,0,0,0,0,0,0
3.250981,0,0,0,0,0,0,0,0
3.252468,0,0,0,0,0,0,0,0
3.253935,0,0,0,0,0,0,0,0
3.255420,0,0,0,0,0,0,0,0
3.257083,0,0,0,0,0,0,0,0
3.259632,0,0,0,0,0,0,0,0
3.261151,0,0,0,0,0,0,0,0
3.262634,0,0,0,0,0,0,0,0
3.264114,0,0,0,0,0,0,0,0
3.265597,0,0,0,0,0,0,0,0
3.267080,0,0,0,0,0,0,0,0
3.268563,0,0,0,0,0,0,0,0
3.270141,0,0,0,0,0,0,0,0
3.276890,0,0,0,0,0,0,0,0
3.278430,0,0,0,0,0,0,0,0
3.279916,0,0,0,0,0,0,0,0
3.281396,0,0,0,0,0,0,0,0
3.282887,0,0,0,0,0,0,0,0
3.284365,0,0,0,0,0,0,0,0
3.285770,0,0,0,0,0,0,0,0
3.287206,0,0,0,0,0,0,0,0
3.288633,0,0,0,0,0,0,0,0
3.290076,0,0,0,0,0,0,0,0
3.291513,0,0,0,0,0,0,0,0
3.292977,0,0,0,0,0,0,0,0
3.294422,0,0,0,0,0,0,0,0
3.295857,0,0,0,0,0,0,0,0
3.297291,0,0,0,0,0,0,0,0
3.298740,0,0,0,0,0,0,0,0
3.300202,0,0,0,0,0,0,0,0
3.301638,0,0,0,0,0,0,0,0
3.303086,0,0,0,0,0,0,0,0
3.304527,0,0,0,0,0,0,0,0
3.305960,0,0,0,0,0,0,0,0
3.307399,0,0,0,0,0,0,0,0
3.308836,0,0,0,0,0,0,0,0
3.310275,0,0,0,0,0,0,0,0
3.311714,0,0,0,0,0,0,0,0
3.313159,0,0,0,0,0,0,0,0
3.314598,0,0,0,0,0,0,0,0
3.316053,0,0,0,0,0,0,0,0
3.317490,0,0,0,0,0,0,0,0
3.318929,0,0,0,0,0,0,0,0
3.320367,0,0,0,0,0,0,0,0
3.321740,0,0,0,0,0,0,0,0
3.323184,0,0,0,0,0,0,0,0
3.324644,0,0,0,0,0,0,0,0
3.326085,0,0,0,0,0,0,0,0
3.327523,0,0,0,0,0,0,0,0
3.328984,0,0,0,0,0,0,0,0
3.330423,0,0,0,0,0,0,0,0
3.331881,0,0,0,0,0,0,0,0
3.333331,0,0,0,0,0,0,0,0
3.334775,0,0,0,0,0,0,0,0
3.336212,0,0,0,0,0,0,0,0
3.337651,0,0,0,0,0,0,0,0
3.339090,0,0,0,0,0,0,0,0
3.340529,0,0,0,0,0,0,0,0
3.341980,0,0,0,0,0,0,0,0
3.343423,0,0,0,0,0,0,0,0
3.344863,0,0,0,0,0,0,0,0
3.346300,0,0,0,0,0,0,0,0
3.347739,0,0,0,0,0,0,0,0
3.349178,0,0,0,0,0,0,0,0
3.350615,0,0,0,0,0,0,0,0
3.352053,0,0,0,0,0,0,0,0
3.353495,0,0,0,0,0,0,0,0
3.354979,0,0,0,0,0,0,0,0
3.356466,0,0,0,0,0,0,0,0
3.357919,0,0,0,0,0,0,0,0
3.359357,0,0,0,0,0,0,0,0
3.360797,0,0,0,0,0,0,0,0
3.362237,0,0,0,0,0,0,0,0
3.363684,0,0,0,0,0,0,0,0
3.365173,0,0,0,0,0,0,0,0
3.366661,0,0,0,0,0,0,0,0
3.368147,0,0,0,0,0,0,0,0
3.369638,0,0,0,0,0,0,0,0
3.371125,0,0,0,0,0,0,0,0
3.372615,0,0,0,0,0,0,0,0
3.374159,0,0,0,0,0,0,0,0
3.375647,0,0,0,0,0,0,0,0
3.377168,0,0,0,0,0,0,0,0
3.378659,0,0,0,0,0,0,0,0
3.380173,0,0,0,0,0,0,0,0
3.381669,0,0,0,0,0,0,0,0
3.383158,0,0,0,0,0,0,0,0
3.384637,0,0,0,0,0,0,0,0
3.386127,0,0,0,0,0,0,0,0
3.387616,0,0,0,0,0,0,0,0
3.389125,0,0,0,0,0,0,0,0
3.412675,0,0,0,0,0,0,0,0
3.414123,0,0,0,0,0,0,0,0
3.415562,0,0,0,0,0,0,0,0
3.417000,0,0,0,0,0,0,0,0
3.418439,0,0,0,0,0,0,0,0
3.419887,0,0,0,0,0,0,0,0
3.421327,0,0,0,0,0,0,0,0
3.422764,0,0,0,0,0,0,0,0
3.424206,0,0,0,0,0,0,0,0
3.425644,0,0,0,0,0,0,0,0
3.427159,0,0,0,0,0,0,0,0
3.428597,0,0,0,0,0,0,0,0
3.430036,0,0,0,0,0,0,0,0
3.431474,0,0,0,0,0,0,0,0
3.432913,0,0,0,0,0,0,0,0
3.435704,0,0,0,0,0,0,0,0
3.437162,0,0,0,0,0,0,0,0
3.439645,0,0,0,0,0,0,0,0
3.441083,0,0,0,0,0,0,0,0
3.442520,0,0,0,0,0,0,0,0
3.443962,0,0,0,0,0,0,0,0
3.448750,0,0,0,0,0,0,0,0
3.450237,0,0,0,0,0,0,0,0
3.453442,0,0,0,0,0,0,0,0
3.454930,0,0,0,0,0,0,0,0
3.472702,0,0,0,0,0,0,0,0
3.474197,0,0,0,0,0,0,0,0
3.475688,0,0,0,0,0,0,0,0
3.477198,0,0,0,0,0,0,0,0
3.478685,0,0,0,0,0,0,0,0
3.480168,0,0,0,0,0,0,0,0
3.481657,0,0,0,0,0,0,0,0
3.483145,0,0,0,0,0,0,0,0
3.484682,0,0,0,0,0,0,0,0
3.486173,0,0,0,0,0,0,0,0
3.487663,0,0,0,0,0,0,0,0
3.489153,0,0,0,0,0,0,0,0
3.490646,0,0,0,0,0,0,0,0
3.492156,0,0,0,0,0,0,0,0
3.493647,0,0,0,0,0,0,0,0
3.495092,0,0,0,0,0,0,0,0
3.496529,0,0,0,0,0,0,0,0
3.497958,0,0,0,0,0,0,0,0
3.499397,0,0,0,0,0,0,0,0
3.500841,0,0,0,0,0,0,0,0
3.502388,0,0,0,0,0,0,0,0
3.503876,0,0,0,0,0,0,0,0
3.505367,0,0,0,0,0,0,0,0
3.506862,0,0,0,0,0,0,0,0
3.508353,0,0,0,0,0,0,0,0
3.509842,0,0,0,0,0,0,0,0
3.511330,0,0,0,0,0,0,0,0
3.512817,0,0,0,0,0,0,0,0
3.514302,0,0,0,0,0,0,0,0
3.515819,0,0,0,0,0,0,0,0
3.517306,0,0,0,0,0,0,0,0
3.518791,0,0,0,0,0,0,0,0
3.520276,0,0,0,0,0,0,0,0
3.521791,0,0,0,0,0,0,0,0
3.523277,0,0,0,0,0,0,0,0
3.524768,0,0,0,0,0,0,0,0
3.526263,0,0,0,0,0,0,0,0
3.527752,0,0,0,0,0,0,0,0
3.529242,0,0,0,0,0,0,0,0
3.530730,0,0,0,0,0,0,0,0
3.532240,0,0,0,0,0,0,0,0
3.533804,0,0,0,0,0,0,0,0
3.535294,0,0,0,0,0,0,0,0
3.536788,0,0,0,0,0,0,0,0
3.538275,0,0,0,0,0,0,0,0
3.539785,0,0,0,0,0,0,0,0
3.541272,0,0,0,0,0,0,0,0
3.542757,0,0,0,0,0,0,0,0
3.544244,0,0,0,0,0,0,0,0
3.545754,0,0,0,0,0,0,0,0
3.547250,0,0,0,0,0,0,0,0
3.548740,0,0,0,0,0,0,0,0
3.550230,0,0,0,0,0,0,0,0
3.551719,0,0,0,0,0,0,0,0
3.553208,0,0,0,0,0,0,0,0
3.554696,0,0,0,0,0,0,0,0
3.556205,0,0,0,0,0,0,0,0
3.557746,0,0,0,0,0,0,0,0
3.559184,0,0,0,0,0,0,0,0
3.560627,0,0,0,0,0,0,0,0
3.562066,0,0,0,0,0,0,0,0
3.563506,0,0,0,0,0,0,0,0
3.564965,0,0,0,0,0,0,0,0
3.566451,0,0,0,0,0,0,0,0
3.567944,0,0,0,0,0,0,0,0
3.569431,0,0,0,0,0,0,0,0
3.570917,0,0,0,0,0,0,0,0
3.572405,0,0,0,0,0,0,0,0
3.573917,0,0,0,0,0,0,0,0
3.575404,0,0,0,0,0,0,0,0
3.576892,0,0,0,0,0,0,0,0
3.578386,0,0,0,0,0,0,0,0
3.579898,0,0,0,0,0,0,0,0
3.581385,0,0,0,0,0,0,0,0
3.582871,0,0,0,0,0,0,0,0
3.584356,0,0,0,0,0,0,0,0
3.585807,0,0,0,0,0,0,0,0
3.587293,0,0,0,0,0,0,0,0
3.588787,0,0,0,0,0,0,0,0
3.590274,0,0,0,0,0,0,0,0
3.591761,0,0,0,0,0,0,0,0
3.593248,0,0,0,0,0,0,0,0
3.594734,0,0,0,0,0,0,0,0
3.596245,0,0,0,0,0,0,0,0
3.597817,0,0,0,0,0,0,0,0
3.599310,0,0,0,0,0,0,0,0
3.600798,0,0,0,0,0,0,0,0
3.602285,0,0,0,0,0,0,0,0
3.603792,0,0,0,0,0,0,0,0
3.605282,0,0,0,0,0,0,0,0
3.606776,0,0,0,0,0,0,0,0
3.608268,0,0,0,0,0,0,0,0
3.609805,0,0,0,0,0,0,0,0
3.611293,0,0,0,0,0,0,0,0
3.612779,0,0,0,0,0,0,0,0
3.614264,0,0,0,0,0,0,0,0
3.615750,0,0,0,0,0,0,0,0
3.617236,0,0,0,0,0,0,0,0
3.618731,0,0,0,0,0,0,0,0
3.620224,0,0,0,0,0,0,0,0
3.621800,0,0,0,0,0,0,0,0
3.623287,0,0,0,0,0,0,0,0
3.624774,0,0,0,0,0,0,0,0
3.626260,0,0,0,0,0,0,0,0
3.627771,0,0,0,0,0,0,0,0
3.629255,0,0,0,0,0,0,0,0
3.630702,0,0,0,0,0,0,0,0
3.632140,0,0,0,0,0,0,0,0
3.633579,0,0,0,0,0,0,0,0
3.635017,0,0,0,0,0,0,0,0
3.636456,0,0,0,0,0,0,0,0
3.637929,0,0,0,0,0,0,0,0
3.639412,0,0,0,0,0,0,0,0
3.640886,0,0,0,0,0,0,0,0
3.642331,0,0,0,0,0,0,0,0
3.643773,0,0,0,0,0,0,0,0
3.645130,0,0,0,0,0,0,0,0
3.646570,0,0,0,0,0,0,0,0
3.648059,0,0,0,0,0,0,0,0
3.680646,0,0,0,0,0,0,0,0
3.682145,0,0,0,0,0,0,0,0
3.683634,0,0,0,0,0,0,0,0
3.685146,0,0,0,0,0,0,0,0
3.686631,0,0,0,0,0,0,0,0
3.688115,0,0,0,0,0,0,0,0
3.689602,0,0,0,0,0,0,0,0
3.691109,0,0,0,0,0,0,0,0
3.692691,0,0,0,0,0,0,0,0
3.694147,0,0,0,0,0,0,0,0
3.695629,0,0,0,0,0,0,0,0
3.697069,0,0,0,0,0,0,0,0
3.698516,0,0,0,0,0,0,0,0
3.699971,0,0,0,0,0,0,0,0
3.701409,0,0,0,0,0,0,0,0
3.702850,0,0,0,0,0,0,0,0
3.704289,0,0,0,0,0,0,0,0
3.705748,0,0,0,0,0,0,0,0
3.707124,0,0,0,0,0,0,0,0
3.708566,0,0,0,0,0,0,0,0
3.710019,0,0,0,0,0,0,0,0
3.711505,0,0,0,0,0,0,0,0
3.720029,0,0,0,0,0,0,0,0
3.721520,0,0,0,0,0,0,0,0
3.728816,0,0,0,0,0,0,0,0
3.730255,0,0,0,0,0,0,0,0
3.731696,0,0,0,0,0,0,0,0
3.735561,0,0,0,0,0,0,0,0
3.737001,0,0,0,0,0,0,0,0
3.738437,0,0,0,0,0,0,0,0
3.739894,0,0,0,0,0,0,0,0
3.741332,0,0,0,0,0,0,0,0
3.742771,0,0,0,0,0,0,0,0
3.744230,0,0,0,0,0,0,0,0
3.745671,0,0,0,0,0,0,0,0
3.747108,0,0,0,0,0,0,0,0
3.748547,0,0,0,0,0,0,0,0
3.749906,0,0,0,0,0,0,0,0
3.751343,0,0,0,0,0,0,0,0
3.752782,0,0,0,0,0,0,0,0
3.754220,0,0,0,0,0,0,0,0
3.755662,0,0,0,0,0,0,0,0
3.757118,0,0,0,0,0,0,0,0
3.758555,0,0,0,0,0,0,0,0
3.759993,0,0,0,0,0,0,0,0
3.761432,0,0,0,0,0,0,0,0
3.762870,0,0,0,0,0,0,0,0
3.764309,0,0,0,0,0,0,0,0
3.765779,0,0,0,0,0,0,0,0
3.767265,0,0,0,0,0,0,0,0
3.768753,0,0,0,0,0,0,0,0
3.770239,0,0,0,0,0,0,0,0
3.771725,0,0,0,0,0,0,0,0
3.773237,0,0,0,0,0,0,0,0
3.774722,0,0,0,0,0,0,0,0
3.779122,0,0,0,0,0,0,0,0
3.780609,0,0,0,0,0,0,0,0
3.782070,0,0,0,0,0,0,0,0
3.783507,0,0,0,0,0,0,0,0
3.785816,0,0,0,0,0,0,0,0
3.787272,0,0,0,0,0,0,0,0
3.788709,0,0,0,0,0,0,0,0
3.790208,0,0,0,0,0,0,0,0
3.791695,0,0,0,0,0,0,0,0
3.793181,0,0,0,0,0,0,0,0
3.794670,0,0,0,0,0,0,0,0
3.796181,0,0,0,0,0,0,0,0
3.798879,0,0,0,0,0,0,0,0
3.800365,0,0,0,0,0,0,0,0
3.801915,0,0,0,0,0,0,0,0
3.803402,0,0,0,0,0,0,0,0
3.804888,0,0,0,0,0,0,0,0
3.806375,0,0,0,0,0,0,0,0
3.807863,0,0,0,0,0,0,0,0
3.809351,0,0,0,0,0,0,0,0
3.810837,0,0,0,0,0,0,0,0
3.812330,0,0,0,0,0,0,0,0
3.813841,0,0,0,0,0,0,0,0
3.815334,0,0,0,0,0,0,0,0
3.816823,0,0,0,0,0,0,0,0
3.819128,0,0,0,0,0,0,0,0
3.820688,0,0,0,0,0,0,0,0
3.822174,0,0,0,0,0,0,0,0
3.823654,0,0,0,0,0,0,0,0
3.825621,0,0,0,0,0,0,0,0
3.827109,0,0,0,0,0,0,0,0
3.829089,0,0,0,0,0,0,0,0
3.830576,0,0,0,0,0,0,0,0
3.832495,0,0,0,0,0,0,0,0
3.834002,0,0,0,0,0,0,0,0
3.835489,0,0,0,0,0,0,0,0
3.836988,0,0,0,0,0,0,0,0
3.840720,0,0,0,0,0,0,0,0
3.842210,0,0,0,0,0,0,0,0
3.843698,0,0,0,0,0,0,0,0
3.845183,0,0,0,0,0,0,0,0
3.846623,0,0,0,0,0,0,0,0
3.848061,0,0,0,0,0,0,0,0
3.849500,0,0,0,0,0,0,0,0
3.850951,0,0,0,0,0,0,0,0
3.852391,0,0,0,0,0,0,0,0
3.854795,0,0,0,0,0,0,0,0
3.856287,0,0,0,0,0,0,0,0
3.857749,0,0,0,0,0,0,0,0
3.860349,0,0,0,0,0,0,0,0
3.861790,0,0,0,0,0,0,0,0
3.863909,0,0,0,0,0,0,0,0
3.865348,0,0,0,0,0,0,0,0
3.866794,0,0,0,0,0,0,0,0
3.868254,0,0,0,0,0,0,0,0
3.869752,0,0,0,0,0,0,0,0
3.871238,0,0,0,0,0,0,0,0
3.873337,0,0,0,0,0,0,0,0
3.880733,0,0,0,0,0,0,0,0
3.882221,0,0,0,0,0,0,0,0
3.883706,0,0,0,0,0,0,0,0
3.885204,0,0,0,0,0,0,0,0
3.886690,0,0,0,0,0,0,0,0
3.888182,0,0,0,0,0,0,0,0
3.889670,0,0,0,0,0,0,0,0
3.891168,0,0,0,0,0,0,0,0
3.892740,0,0,0,0,0,0,0,0
3.894250,0,0,0,0,0,0,0,0
3.895929,0,0,0,0,0,0,0,0
3.897561,0,0,0,0,0,0,0,0
3.900427,0,0,0,0,0,0,0,0
3.901916,0,0,0,0,0,0,0,0
3.903401,0,0,0,0,0,0,0,0
3.904890,0,0,0,0,0,0,0,0
3.908072,0,0,0,0,0,0,0,0
3.909589,0,0,0,0,0,0,0,0
3.911094,0,0,0,0,0,0,0,0
3.912587,0,0,0,0,0,0,0,0
3.914073,0,0,0,0,0,0,0,0
3.915559,0,0,0,0,0,0,0,0
3.920634,0,0,0,0,0,0,0,0
3.922121,0,0,0,0,0,0,0,0
3.923605,0,0,0,0,0,0,0,0
3.925112,0,0,0,0,0,0,0,0
3.926549,0,0,0,0,0,0,0,0
3.927989,0,0,0,0,0,0,0,0
3.929427,0,0,0,0,0,0,0,0
3.930864,0,0,0,0,0,0,0,0
3.932319,0,0,0,0,0,0,0,0
3.933772,0,0,0,0,0,0,0,0
3.935210,0,0,0,0,0,0,0,0
3.936631,0,0,0,0,0,0,0,0
3.938078,0,0,0,0,0,0,0,0
3.939515,0,0,0,0,0,0,0,0
3.940940,0,0,0,0,0,0,0,0
3.942426,0,0,0,0,0,0,0,0
3.943911,0,0,0,0,0,0,0,0
3.945402,0,0,0,0,0,0,0,0
3.946886,0,0,0,0,0,0,0,0
3.949817,0,0,0,0,0,0,0,0
3.951304,0,0,0,0,0,0,0,0
3.952824,0,0,0,0,0,0,0,0
3.960747,0,0,0,0,0,0,0,0
3.962241,0,0,0,0,0,0,0,0
3.963778,0,0,0,0,0,0,0,0
3.965265,0,0,0,0,0,0,0,0
3.966758,0,0,0,0,0,0,0,0
3.968244,0,0,0,0,0,0,0,0
3.969755,0,0,0,0,0,0,0,0
3.971240,0,0,0,0,0,0,0,0
3.972737,0,0,0,0,0,0,0,0
3.974258,0,0,0,0,0,0,0,0
3.975745,0,0,0,0,0,0,0,0
3.977239,0,0,0,0,0,0,0,0
3.978726,0,0,0,0,0,0,0,0
3.980212,0,0,0,0,0,0,0,0
3.981749,0,0,0,0,0,0,0,0
3.983193,0,0,0,0,0,0,0,0
3.984634,0,0,0,0,0,0,0,0
3.986073,0,0,0,0,0,0,0,0
3.987510,0,0,0,0,0,0,0,0
3.988968,0,0,0,0,0,0,0,0
3.990406,0,0,0,0,0,0,0,0
3.991843,0,0,0,0,0,0,0,0
3.993288,0,0,0,0,0,0,0,0
3.994725,0,0,0,0,0,0,0,0
3.996164,0,0,0,0,0,0,0,0
3.997601,0,0,0,0,0,0,0,0
3.999040,0,0,0,0,0,0,0,0
4.000403,0,0,0,0,0,0,0,0
4.001852,0,0,0,0,0,0,0,0
4.003298,0,0,0,0,0,0,0,0
4.004739,0,0,0,0,0,0,0,0
4.006183,0,0,0,0,0,0,0,0
4.007638,0,0,0,0,0,0,0,0
4.009124,0,0,0,0,0,0,0,0
4.010610,0,0,0,0,0,0,0,0
4.012095,0,0,0,0,0,0,0,0
4.013597,0,0,0,0,0,0,0,0
4.015086,0,0,0,0,0,0,0,0
4.016572,0,0,0,0,0,0,0,0
4.018008,0,0,0,0,0,0,0,0
4.019494,0,0,0,0,0,0,0,0
4.020986,0,0,0,0,0,0,0,0
4.022562,0,0,0,0,0,0,0,0
4.024131,0,0,0,0,0,0,0,0
4.025622,0,0,0,0,0,0,0,0
4.027127,0,0,0,0,0,0,0,0
4.028576,0,0,0,0,0,0,0,0
4.030048,0,0,0,0,0,0,0,0
4.031533,0,0,0,0,0,0,0,0
4.033019,0,0,0,0,0,0,0,0
4.034464,0,0,0,0,0,0,0,0
4.035920,0,0,0,0,0,0,0,0
4.037361,0,0,0,0,0,0,0,0
4.038850,0,0,0,0,0,0,0,0
4.040335,0,0,0,0,0,0,0,0
4.041792,0,0,0,0,0,0,0,0
4.043276,0,0,0,0,0,0,0,0
4.044703,0,0,0,0,0,0,0,0
4.046193,0,0,0,0,0,0,0,0
4.047679,0,0,0,0,0,0,0,0
4.049166,0,0,0,0,0,0,0,0
4.050652,0,0,0,0,0,0,0,0
4.052162,0,0,0,0,0,0,0,0
4.053649,0,0,0,0,0,0,0,0
4.055143,0,0,0,0,0,0,0,0
4.056639,0,0,0,0,0,0,0,0
4.058137,0,0,0,0,0,0,0,0
4.059685,0,0,0,0,0,0,0,0
4.061236,0,0,0,0,0,0,0,0
4.062678,0,0,0,0,0,0,0,0
4.064140,0,0,0,0,0,0,0,0
4.065646,0,0,0,0,0,0,0,0
4.067088,0,0,0,0,0,0,0,0
4.068525,0,0,0,0,0,0,0,0
4.070022,0,0,0,0,0,0,0,0
4.071907,0,0,0,0,0,0,0,0
4.073345,0,0,0,0,0,0,0,0
4.074919,0,0,0,0,0,0,0,0
4.076510,0,0,0,0,0,0,0,0
4.116742,0,0,0,0,0,0,0,0
4.118146,0,0,0,0,0,0,0,0
4.119586,0,0,0,0,0,0,0,0
4.121076,0,0,0,0,0,0,0,0
4.122563,0,0,0,0,0,0,0,0
4.124078,0,0,0,0,0,0,0,0
4.125566,0,0,0,0,0,0,0,0
4.127050,0,0,0,0,0,0,0,0
4.128545,0,0,0,0,0,0,0,0
4.130010,0,0,0,0,0,0,0,0
4.131496,0,0,0,0,0,0,0,0
4.133004,0,0,0,0,0,0,0,0
4.134442,0,0,0,0,0,0,0,0
4.135880,0,0,0,0,0,0,0,0
4.137323,0,0,0,0,0,0,0,0
4.138769,0,0,0,0,0,0,0,0
4.140225,0,0,0,0,0,0,0,0
4.141668,0,0,0,0,0,0,0,0
4.143157,0,0,0,0,0,0,0,0
4.144661,0,0,0,0,0,0,0,0
4.146171,0,0,0,0,0,0,0,0
4.147681,0,0,0,0,0,0,0,0
4.149207,0,0,0,0,0,0,0,0
4.150650,0,0,0,0,0,0,0,0
4.152092,0,0,0,0,0,0,0,0
4.153532,0,0,0,0,0,0,0,0
4.154971,0,0,0,0,0,0,0,0
4.156448,0,0,0,0,0,0,0,0
4.157896,0,0,0,0,0,0,0,0
4.159391,0,0,0,0,0,0,0,0
4.160826,0,0,0,0,0,0,0,0
4.162260,0,0,0,0,0,0,0,0
4.163693,0,0,0,0,0,0,0,0
4.165144,0,0,0,0,0,0,0,0
4.166577,0,0,0,0,0,0,0,0
4.170641,0,0,0,0,0,0,0,0
4.172081,0,0,0,0,0,0,0,0
4.173557,0,0,0,0,0,0,0,0
4.174992,0,0,0,0,0,0,0,0
4.176425,0,0,0,0,0,0,0,0
4.177844,0,0,0,0,0,0,0,0
4.179278,0,0,0,0,0,0,0,0
4.180711,0,0,0,0,0,0,0,0
4.182152,0,0,0,0,0,0,0,0
4.183586,0,0,0,0,0,0,0,0
4.185020,0,0,0,0,0,0,0,0
4.186454,0,0,0,0,0,0,0,0
4.187904,0,0,0,0,0,0,0,0
4.189350,0,0,0,0,0,0,0,0
4.190783,0,0,0,0,0,0,0,0
4.192224,0,0,0,0,0,0,0,0
4.193663,0,0,0,0,0,0,0,0
4.195101,0,0,0,0,0,0,0,0
4.196544,0,0,0,0,0,0,0,0
4.198012,0,0,0,0,0,0,0,0
4.199499,0,0,0,0,0,0,0,0
4.200986,0,0,0,0,0,0,0,0
4.202479,0,0,0,0,0,0,0,0
4.204012,0,0,0,0,0,0,0,0
4.205498,0,0,0,0,0,0,0,0
4.206983,0,0,0,0,0,0,0,0
4.208467,0,0,0,0,0,0,0,0
4.209895,0,0,0,0,0,0,0,0
4.211379,0,0,0,0,0,0,0,0
4.212894,0,0,0,0,0,0,0,0
4.214379,0,0,0,0,0,0,0,0
4.215863,0,0,0,0,0,0,0,0
4.217349,0,0,0,0,0,0,0,0
4.218836,0,0,0,0,0,0,0,0
4.220320,0,0,0,0,0,0,0,0
4.221829,0,0,0,0,0,0,0,0
4.223343,0,0,0,0,0,0,0,0
4.224831,0,0,0,0,0,0,0,0
4.226316,0,0,0,0,0,0,0,0
4.227814,0,0,0,0,0,0,0,0
4.229429,0,0,0,0,0,0,0,0
4.230916,0,0,0,0,0,0,0,0
4.232399,0,0,0,0,0,0,0,0
4.233916,0,0,0,0,0,0,0,0
4.235401,0,0,0,0,0,0,0,0
4.236884,0,0,0,0,0,0,0,0
4.238368,0,0,0,0,0,0,0,0
4.239852,0,0,0,0,0,0,0,0
4.241339,0,0,0,0,0,0,0,0
4.242824,0,0,0,0,0,0,0,0
4.244330,0,0,0,0,0,0,0,0
4.245838,0,0,0,0,0,0,0,0
4.247377,0,0,0,0,0,0,0,0
4.248863,0,0,0,0,0,0,0,0
4.250350,0,0,0,0,0,0,0,0
4.251840,0,0,0,0,0,0,0,0
4.253426,0,0,0,0,0,0,0,0
4.255023,0,0,0,0,0,0,0,0
4.256531,0,0,0,0,0,0,0,0
4.258015,0,0,0,0,0,0,0,0
4.259501,0,0,0,0,0,0,0,0
4.261011,0,0,0,0,0,0,0,0
4.262495,0,0,0,0,0,0,0,0
4.263980,0,0,0,0,0,0,0,0
4.265475,0,0,0,0,0,0,0,0
4.266962,0,0,0,0,0,0,0,0
4.268449,0,0,0,0,0,0,0,0
4.269913,0,0,0,0,0,0,0,0
4.271350,0,0,0,0,0,0,0,0
4.272795,0,0,0,0,0,0,0,0
4.274246,0,0,0,0,0,0,0,0
4.275701,0,0,0,0,0,0,0,0
4.277145,0,0,0,0,0,0,0,0
4.278582,0,0,0,0,0,0,0,0
4.280019,0,0,0,0,0,0,0,0
4.281457,0,0,0,0,0,0,0,0
4.282895,0,0,0,0,0,0,0,0
4.284332,0,0,0,0,0,0,0,0
4.285782,0,0,0,0,0,0,0,0
4.289693,0,0,0,0,0,0,0,0
4.291132,0,0,0,0,0,0,0,0
4.292570,0,0,0,0,0,0,0,0
4.293979,0,0,0,0,0,0,0,0
4.295417,0,0,0,0,0,0,0,0
4.296861,0,0,0,0,0,0,0,0
4.300092,0,0,0,0,0,0,0,0
4.301532,0,0,0,0,0,0,0,0
4.302970,0,0,0,0,0,0,0,0
4.304409,0,0,0,0,0,0,0,0
4.305852,0,0,0,0,0,0,0,0
4.307299,0,0,0,0,0,0,0,0
4.308739,0,0,0,0,0,0,0,0
4.310181,0,0,0,0,0,0,0,0
4.311670,0,0,0,0,0,0,0,0
4.313149,0,0,0,0,0,0,0,0
4.314583,0,0,0,0,0,0,0,0
4.316063,0,0,0,0,0,0,0,0
4.317506,0,0,0,0,0,0,0,0
4.318942,0,0,0,0,0,0,0,0
4.320379,0,0,0,0,0,0,0,0
4.321818,0,0,0,0,0,0,0,0
4.323266,0,0,0,0,0,0,0,0
4.324701,0,0,0,0,0,0,0,0
4.326138,0,0,0,0,0,0,0,0
4.327580,0,0,0,0,0,0,0,0
4.329016,0,0,0,0,0,0,0,0
4.330450,0,0,0,0,0,0,0,0
4.331904,0,0,0,0,0,0,0,0
4.333340,0,0,0,0,0,0,0,0
4.334777,0,0,0,0,0,0,0,0
4.336215,0,0,0,0,0,0,0,0
4.338426,0,0,0,0,0,0,0,0
4.339882,0,0,0,0,0,0,0,0
4.341384,0,0,0,0,0,0,0,0
4.342840,0,0,0,0,0,0,0,0
4.344279,0,0,0,0,0,0,0,0
4.345738,0,0,0,0,0,0,0,0
4.347177,0,0,0,0,0,0,0,0
4.348655,0,0,0,0,0,0,0,0
4.350096,0,0,0,0,0,0,0,0
4.351534,0,0,0,0,0,0,0,0
4.352974,0,0,0,0,0,0,0,0
4.354412,0,0,0,0,0,0,0,0
4.355868,0,0,0,0,0,0,0,0
4.357306,0,0,0,0,0,0,0,0
4.358750,0,0,0,0,0,0,0,0
4.360188,0,0,0,0,0,0,0,0
4.361625,0,0,0,0,0,0,0,0
4.363064,0,0,0,0,0,0,0,0
4.364503,0,0,0,0,0,0,0,0
4.365961,0,0,0,0,0,0,0,0
4.367399,0,0,0,0,0,0,0,0
4.368844,0,0,0,0,0,0,0,0
4.370291,0,0,0,0,0,0,0,0
4.371731,0,0,0,0,0,0,0,0
4.373188,0,0,0,0,0,0,0,0
4.374639,0,0,0,0,0,0,0,0
4.376078,0,0,0,0,0,0,0,0
4.377518,0,0,0,0,0,0,0,0
4.379014,0,0,0,0,0,0,0,0
4.380526,0,0,0,0,0,0,0,0
4.382038,0,0,0,0,0,0,0,0
4.388743,0,0,0,0,0,0,0,0
4.390240,0,0,0,0,0,0,0,0
4.391745,0,0,0,0,0,0,0,0
4.393264,0,0,0,0,0,0,0,0
4.394778,0,0,0,0,0,0,0,0
4.396268,0,0,0,0,0,0,0,0
4.397847,0,0,0,0,0,0,0,0
4.399285,0,0,0,0,0,0,0,0
4.400728,0,0,0,0,0,0,0,0
4.402169,0,0,0,0,0,0,0,0
4.403616,0,0,0,0,0,0,0,0
4.405075,0,0,0,0,0,0,0,0
4.406515,0,0,0,0,0,0,0,0
4.407952,0,0,0,0,0,0,0,0
4.409390,0,0,0,0,0,0,0,0
4.410838,0,0,0,0,0,0,0,0
4.412277,0,0,0,0,0,0,0,0
4.413770,0,0,0,0,0,0,0,0
4.415257,0,0,0,0,0,0,0,0
4.416751,0,0,0,0,0,0,0,0
4.418216,0,0,0,0,0,0,0,0
4.419653,0,0,0,0,0,0,0,0
4.422711,0,0,0,0,0,0,0,0
4.424150,0,0,0,0,0,0,0,0
4.425595,0,0,0,0,0,0,0,0
4.427032,0,0,0,0,0,0,0,0
4.428470,0,0,0,0,0,0,0,0
4.429926,0,0,0,0,0,0,0,0
4.431370,0,0,0,0,0,0,0,0
4.432809,0,0,0,0,0,0,0,0
4.434247,0,0,0,0,0,0,0,0
4.435684,0,0,0,0,0,0,0,0
4.437140,0,0,0,0,0,0,0,0
4.438579,0,0,0,0,0,0,0,0
4.440017,0,0,0,0,0,0,0,0
4.441477,0,0,0,0,0,0,0,0
4.442916,0,0,0,0,0,0,0,0
4.444354,0,0,0,0,0,0,0,0
4.445775,0,0,0,0,0,0,0,0
4.447213,0,0,0,0,0,0,0,0
4.448634,0,0,0,0,0,0,0,0
4.450072,0,0,0,0,0,0,0,0
4.451515,0,0,0,0,0,0,0,0
4.452971,0,0,0,0,0,0,0,0
4.454484,0,0,0,0,0,0,0,0
4.455931,0,0,0,0,0,0,0,0
4.457371,0,0,0,0,0,0,0,0
4.458858,0,0,0,0,0,0,0,0
4.460343,0,0,0,0,0,0,0,0
4.461850,0,0,0,0,0,0,0,0
4.463339,0,0,0,0,0,0,0,0
4.464827,0,0,0,0,0,0,0,0
4.466314,0,0,0,0,0,0,0,0
4.467824,0,0,0,0,0,0,0,0
4.469308,0,0,0,0,0,0,0,0
4.470746,0,0,0,0,0,0,0,0
4.472192,0,0,0,0,0,0,0,0
4.473630,0,0,0,0,0,0,0,0
4.475156,0,0,0,0,0,0,0,0
4.476595,0,0,0,0,0,0,0,0
4.478089,0,0,0,0,0,0,0,0
4.479574,0,0,0,0,0,0,0,0
4.481061,0,0,0,0,0,0,0,0
4.482562,0,0,0,0,0,0,0,0
4.484073,0,0,0,0,0,0,0,0
4.485561,0,0,0,0,0,0,0,0
4.487066,0,0,0,0,0,0,0,0
4.488552,0,0,0,0,0,0,0,0
4.490019,0,0,0,0,0,0,0,0
4.491505,0,0,0,0,0,0,0,0
4.493011,0,0,0,0,0,0,0,0
4.494497,0,0,0,0,0,0,0,0
4.495982,0,0,0,0,0,0,0,0
4.498689,0,0,0,0,0,0,0,0
4.500180,0,0,0,0,0,0,0,0
4.501667,0,0,0,0,0,0,0,0
4.503166,0,0,0,0,0,0,0,0
4.504637,0,0,0,0,0,0,0,0
4.506129,0,0,0,0,0,0,0,0
4.507615,0,0,0,0,0,0,0,0
4.509127,0,0,0,0,0,0,0,0
4.510565,0,0,0,0,0,0,0,0
4.512050,0,0,0,0,0,0,0,0
4.513820,0,0,0,0,0,0,0,0
4.515309,0,0,0,0,0,0,0,0
4.518984,0,0,0,0,0,0,0,0
4.520471,0,0,0,0,0,0,0,0
4.521898,0,0,0,0,0,0,0,0
4.523385,0,0,0,0,0,0,0,0
4.524907,0,0,0,0,0,0,0,0
4.526395,0,0,0,0,0,0,0,0
4.527881,0,0,0,0,0,0,0,0
4.529370,0,0,0,0,0,0,0,0
4.530856,0,0,0,0,0,0,0,0
4.532364,0,0,0,0,0,0,0,0
4.533846,0,0,0,0,0,0,0,0
4.535288,0,0,0,0,0,0,0,0
4.536726,0,0,0,0,0,0,0,0
4.538163,0,0,0,0,0,0,0,0
4.539600,0,0,0,0,0,0,0,0
4.541057,0,0,0,0,0,0,0,0
4.542543,0,0,0,0,0,0,0,0
4.544030,0,0,0,0,0,0,0,0
4.546964,0,0,0,0,0,0,0,0
4.548474,0,0,0,0,0,0,0,0
4.549924,0,0,0,0,0,0,0,0
4.551425,0,0,0,0,0,0,0,0
4.552912,0,0,0,0,0,0,0,0
4.554401,0,0,0,0,0,0,0,0
4.555904,0,0,0,0,0,0,0,0
4.557406,0,0,0,0,0,0,0,0
4.558894,0,0,0,0,0,0,0,0
4.560898,0,0,0,0,0,0,0,0
4.562387,0,0,0,0,0,0,0,0
4.563875,0,0,0,0,0,0,0,0
4.565404,0,0,0,0,0,0,0,0
4.566906,0,0,0,0,0,0,0,0
4.568393,0,0,0,0,0,0,0,0
4.569802,0,0,0,0,0,0,0,0
4.571291,0,0,0,0,0,0,0,0
4.572778,0,0,0,0,0,0,0,0
4.576230,0,0,0,0,0,0,0,0
4.577764,0,0,0,0,0,0,0,0
4.580723,0,0,0,0,0,0,0,0
4.582161,0,0,0,0,0,0,0,0
4.583593,0,0,0,0,0,0,0,0
4.585029,0,0,0,0,0,0,0,0
4.586462,0,0,0,0,0,0,0,0
4.587918,0,0,0,0,0,0,0,0
4.589323,0,0,0,0,0,0,0,0
4.590809,0,0,0,0,0,0,0,0
4.592293,0,0,0,0,0,0,0,0
4.593785,0,0,0,0,0,0,0,0
4.595272,0,0,0,0,0,0,0,0
4.596758,0,0,0,0,0,0,0,0
4.598167,0,0,0,0,0,0,0,0
4.599657,0,0,0,0,0,0,0,0
4.601147,0,0,0,0,0,0,0,0
4.602637,0,0,0,0,0,0,0,0
4.604147,0,0,0,0,0,0,0,0
4.605629,0,0,0,0,0,0,0,0
4.607067,0,0,0,0,0,0,0,0
4.608542,0,0,0,0,0,0,0,0
4.609960,0,0,0,0,0,0,0,0
4.611397,0,0,0,0,0,0,0,0
4.616716,0,0,0,0,0,0,0,0
4.618204,0,0,0,0,0,0,0,0
4.619696,0,0,0,0,0,0,0,0
4.621205,0,0,0,0,0,0,0,0
4.622657,0,0,0,0,0,0,0,0
4.624138,0,0,0,0,0,0,0,0
4.625633,0,0,0,0,0,0,0,0
4.627119,0,0,0,0,0,0,0,0
4.628664,0,0,0,0,0,0,0,0
4.630164,0,0,0,0,0,0,0,0
4.631651,0,0,0,0,0,0,0,0
4.633142,0,0,0,0,0,0,0,0
4.634628,0,0,0,0,0,0,0,0
4.636138,0,0,0,0,0,0,0,0
4.637625,0,0,0,0,0,0,0,0
4.639116,0,0,0,0,0,0,0,0
4.640606,0,0,0,0,0,0,0,0
4.642092,0,0,0,0,0,0,0,0
4.643578,0,0,0,0,0,0,0,0
4.645087,0,0,0,0,0,0,0,0
4.646576,0,0,0,0,0,0,0,0
4.648061,0,0,0,0,0,0,0,0
4.649549,0,0,0,0,0,0,0,0
4.651040,0,0,0,0,0,0,0,0
4.652527,0,0,0,0,0,0,0,0
4.655180,0,0,0,0,0,0,0,0
4.656640,0,0,0,0,0,0,0,0
4.658127,0,0,0,0,0,0,0,0
4.659623,0,0,0,0,0,0,0,0
4.661117,0,0,0,0,0,0,0,0
4.662602,0,0,0,0,0,0,0,0
4.664089,0,0,0,0,0,0,0,0
4.665577,0,0,0,0,0,0,0,0
4.667063,0,0,0,0,0,0,0,0
4.668552,0,0,0,0,0,0,0,0
4.670037,0,0,0,0,0,0,0,0
4.671531,0,0,0,0,0,0,0,0
4.674486,0,0,0,0,0,0,0,0
4.675995,0,0,0,0,0,0,0,0
4.677480,0,0,0,0,0,0,0,0
4.678851,0,0,0,0,0,0,0,0
4.680287,0,0,0,0,0,0,0,0
4.681748,0,0,0,0,0,0,0,0
4.683189,0,0,0,0,0,0,0,0
4.684665,0,0,0,0,0,0,0,0
4.686152,0,0,0,0,0,0,0,0
4.687640,0,0,0,0,0,0,0,0
4.689127,0,0,0,0,0,0,0,0
4.690616,0,0,0,0,0,0,0,0
4.692145,0,0,0,0,0,0,0,0
4.693630,0,0,0,0,0,0,0,0
4.695115,0,0,0,0,0,0,0,0
4.696602,0,0,0,0,0,0,0,0
4.698113,0,0,0,0,0,0,0,0
4.699617,0,0,0,0,0,0,0,0
4.701128,0,0,0,0,0,0,0,0
4.702616,0,0,0,0,0,0,0,0
4.704102,0,0,0,0,0,0,0,0
4.705588,0,0,0,0,0,0,0,0
4.707074,0,0,0,0,0,0,0,0
4.708580,0,0,0,0,0,0,0,0
4.710094,0,0,0,0,0,0,0,0
4.711579,0,0,0,0,0,0,0,0
4.713082,0,0,0,0,0,0,0,0
4.714566,0,0,0,0,0,0,0,0
4.716077,0,0,0,0,0,0,0,0
4.717566,0,0,0,0,0,0,0,0
4.719059,0,0,0,0,0,0,0,0
4.720544,0,0,0,0,0,0,0,0
4.722030,0,0,0,0,0,0,0,0
4.723599,0,0,0,0,0,0,0,0
4.725112,0,0,0,0,0,0,0,0
4.726551,0,0,0,0,0,0,0,0
4.730754,0,0,0,0,0,0,0,0
4.732195,0,0,0,0,0,0,0,0
4.733638,0,0,0,0,0,0,0,0
4.735077,0,0,0,0,0,0,0,0
4.736514,0,0,0,0,0,0,0,0
4.737961,0,0,0,0,0,0,0,0
4.739395,0,0,0,0,0,0,0,0
4.740834,0,0,0,0,0,0,0,0
4.742272,0,0,0,0,0,0,0,0
4.743715,0,0,0,0,0,0,0,0
4.745151,0,0,0,0,0,0,0,0
4.746590,0,0,0,0,0,0,0,0
4.748046,0,0,0,0,0,0,0,0
4.749484,0,0,0,0,0,0,0,0
4.750934,0,0,0,0,0,0,0,0
4.752373,0,0,0,0,0,0,0,0
4.753820,0,0,0,0,0,0,0,0
4.755259,0,0,0,0,0,0,0,0
4.756698,0,0,0,0,0,0,0,0
4.758136,0,0,0,0,0,0,0,0
4.759574,0,0,0,0,0,0,0,0
4.761014,0,0,0,0,0,0,0,0
4.762454,0,0,0,0,0,0,0,0
4.763918,0,0,0,0,0,0,0,0
4.765385,0,0,0,0,0,0,0,0
4.766824,0,0,0,0,0,0,0,0
4.768268,0,0,0,0,0,0,0,0
4.769740,0,0,0,0,0,0,0,0
4.776675,0,0,0,0,0,0,0,0
4.778173,0,0,0,0,0,0,0,0
4.779660,0,0,0,0,0,0,0,0
4.781173,0,0,0,0,0,0,0,0
4.782660,0,0,0,0,0,0,0,0
4.784149,0,0,0,0,0,0,0,0
4.785638,0,0,0,0,0,0,0,0
4.787124,0,0,0,0,0,0,0,0
4.788662,0,0,0,0,0,0,0,0
4.790228,0,0,0,0,0,0,0,0
4.791717,0,0,0,0,0,0,0,0
4.793204,0,0,0,0,0,0,0,0
4.794691,0,0,0,0,0,0,0,0
4.796186,0,0,0,0,0,0,0,0
4.797677,0,0,0,0,0,0,0,0
4.799170,0,0,0,0,0,0,0,0
4.800637,0,0,0,0,0,0,0,0
4.802124,0,0,0,0,0,0,0,0
4.803618,0,0,0,0,0,0,0,0
4.810171,0,0,0,0,0,0,0,0
4.811665,0,0,0,0,0,0,0,0
4.813174,0,0,0,0,0,0,0,0
4.814613,0,0,0,0,0,0,0,0
4.816050,0,0,0,0,0,0,0,0
4.817488,0,0,0,0,0,0,0,0
4.818926,0,0,0,0,0,0,0,0
4.820392,0,0,0,0,0,0,0,0
4.821889,0,0,0,0,0,0,0,0
4.823375,0,0,0,0,0,0,0,0
4.824864,0,0,0,0,0,0,0,0
4.826350,0,0,0,0,0,0,0,0
4.827860,0,0,0,0,0,0,0,0
4.829349,0,0,0,0,0,0,0,0
4.830835,0,0,0,0,0,0,0,0
4.832327,0,0,0,0,0,0,0,0
4.833784,0,0,0,0,0,0,0,0
4.835270,0,0,0,0,0,0,0,0
4.836755,0,0,0,0,0,0,0,0
4.838242,0,0,0,0,0,0,0,0
4.839730,0,0,0,0,0,0,0,0
4.841218,0,0,0,0,0,0,0,0
4.842710,0,0,0,0,0,0,0,0
4.844219,0,0,0,0,0,0,0,0
4.845793,0,0,0,0,0,0,0,0
4.848977,0,0,0,0,0,0,0,0
4.850467,0,0,0,0,0,0,0,0
4.852660,0,0,0,0,0,0,0,0
4.854155,0,0,0,0,0,0,0,0
4.855650,0,0,0,0,0,0,0,0
4.857136,0,0,0,0,0,0,0,0
4.858624,0,0,0,0,0,0,0,0
4.860138,0,0,0,0,0,0,0,0
4.861626,0,0,0,0,0,0,0,0
4.864634,0,0,0,0,0,0,0,0
4.866156,0,0,0,0,0,0,0,0
4.867644,0,0,0,0,0,0,0,0
4.869159,0,0,0,0,0,0,0,0
4.870648,0,0,0,0,0,0,0,0
4.872137,0,0,0,0,0,0,0,0
4.873623,0,0,0,0,0,0,0,0
4.875109,0,0,0,0,0,0,0,0
4.876602,0,0,0,0,0,0,0,0
4.878089,0,0,0,0,0,0,0,0
4.879578,0,0,0,0,0,0,0,0
4.881067,0,0,0,0,0,0,0,0
4.882558,0,0,0,0,0,0,0,0
4.884066,0,0,0,0,0,0,0,0
4.885551,0,0,0,0,0,0,0,0
4.886996,0,0,0,0,0,0,0,0
4.888434,0,0,0,0,0,0,0,0
4.889850,0,0,0,0,0,0,0,0
4.891288,0,0,0,0,0,0,0,0
4.892728,0,0,0,0,0,0,0,0
4.894214,0,0,0,0,0,0,0,0
4.896282,0,0,0,0,0,0,0,0
4.897810,0,0,0,0,0,0,0,0
4.899298,0,0,0,0,0,0,0,0
4.900787,0,0,0,0,0,0,0,0
4.902274,0,0,0,0,0,0,0,0
4.904451,0,0,0,0,0,0,0,0
4.905902,0,0,0,0,0,0,0,0
4.907390,0,0,0,0,0,0,0,0
4.908912,0,0,0,0,0,0,0,0
4.910399,0,0,0,0,0,0,0,0
4.911885,0,0,0,0,0,0,0,0
4.916714,0,0,0,0,0,0,0,0
4.918223,0,0,0,0,0,0,0,0
4.919718,0,0,0,0,0,0,0,0
4.921206,0,0,0,0,0,0,0,0
4.922691,0,0,0,0,0,0,0,0
4.924177,0,0,0,0,0,0,0,0
4.925666,0,0,0,0,0,0,0,0
4.927153,0,0,0,0,0,0,0,0
4.928636,0,0,0,0,0,0,0,0
4.930132,0,0,0,0,0,0,0,0
4.931618,0,0,0,0,0,0,0,0
4.933130,0,0,0,0,0,0,0,0
4.934617,0,0,0,0,0,0,0,0
4.936103,0,0,0,0,0,0,0,0
4.937670,0,0,0,0,0,0,0,0
4.939229,0,0,0,0,0,0,0,0
4.940851,0,0,0,0,0,0,0,0
4.942290,0,0,0,0,0,0,0,0
4.943727,0,0,0,0,0,0,0,0
4.945165,0,0,0,0,0,0,0,0
4.946602,0,0,0,0,0,0,0,0
4.948040,0,0,0,0,0,0,0,0
4.949481,0,0,0,0,0,0,0,0
4.950974,0,0,0,0,0,0,0,0
4.952470,0,0,0,0,0,0,0,0
4.953896,0,0,0,0,0,0,0,0
4.955381,0,0,0,0,0,0,0,0
4.956868,0,0,0,0,0,0,0,0
4.960466,0,0,0,0,0,0,0,0
4.961906,0,0,0,0,0,0,0,0
4.963392,0,0,0,0,0,0,0,0
4.964877,0,0,0,0,0,0,0,0
4.966328,0,0,0,0,0,0,0,0
4.967771,0,0,0,0,0,0,0,0
4.969215,0,0,0,0,0,0,0,0
4.970652,0,0,0,0,0,0,0,0
4.972100,0,0,0,0,0,0,0,0
4.973546,0,0,0,0,0,0,0,0
4.974983,0,0,0,0,0,0,0,0
4.976420,0,0,0,0,0,0,0,0
4.977909,0,0,0,0,0,0,0,0
4.979267,0,0,0,0,0,0,0,0
4.980709,0,0,0,0,0,0,0,0
4.982162,0,0,0,0,0,0,0,0
4.983614,0,0,0,0,0,0,0,0
4.985064,0,0,0,0,0,0,0,0
4.986501,0,0,0,0,0,0,0,0
4.987955,0,0,0,0,0,0,0,0
4.989395,0,0,0,0,0,0,0,0
4.990833,0,0,0,0,0,0,0,0
4.992277,0,0,0,0,0,0,0,0
4.993735,0,0,0,0,0,0,0,0
4.995173,0,0,0,0,0,0,0,0
4.996648,0,0,0,0,0,0,0,0
4.998087,0,0,0,0,0,0,0,0
5.000416,0,0,0,0,0,0,0,0
5.001853,0,0,0,0,0,0,0,0
5.003302,0,0,0,0,0,0,0,0
5.004751,0,0,0,0,0,0,0,0
5.011089,0,0,0,0,0,0,0,0
5.012529,0,0,0,0,0,0,0,0
5.013951,0,0,0,0,0,0,0,0
5.015539,0,0,0,0,0,0,0,0
5.017030,0,0,0,0,0,0,0,0
5.018518,0,0,0,0,0,0,0,0
5.020030,0,0,0,0,0,0,0,0
5.021518,0,0,0,0,0,0,0,0
5.023005,0,0,0,0,0,0,0,0
5.024496,0,0,0,0,0,0,0,0
5.026015,0,0,0,0,0,0,0,0
5.027501,0,0,0,0,0,0,0,0
5.029003,0,0,0,0,0,0,0,0
5.030442,0,0,0,0,0,0,0,0
5.031880,0,0,0,0,0,0,0,0
5.033320,0,0,0,0,0,0,0,0
5.034761,0,0,0,0,0,0,0,0
5.036199,0,0,0,0,0,0,0,0
5.037637,0,0,0,0,0,0,0,0
5.039076,0,0,0,0,0,0,0,0
5.040516,0,0,0,0,0,0,0,0
5.041963,0,0,0,0,0,0,0,0
5.043401,0,0,0,0,0,0,0,0
5.044865,0,0,0,0,0,0,0,0
5.046331,0,0,0,0,0,0,0,0
5.047767,0,0,0,0,0,0,0,0
5.049204,0,0,0,0,0,0,0,0
5.050641,0,0,0,0,0,0,0,0
5.052100,0,0,0,0,0,0,0,0
5.053539,0,0,0,0,0,0,0,0
5.054983,0,0,0,0,0,0,0,0
5.056420,0,0,0,0,0,0,0,0
5.057892,0,0,0,0,0,0,0,0
5.059331,0,0,0,0,0,0,0,0
5.060770,0,0,0,0,0,0,0,0
5.062210,0,0,0,0,0,0,0,0
5.063648,0,0,0,0,0,0,0,0
5.065093,0,0,0,0,0,0,0,0
5.066532,0,0,0,0,0,0,0,0
5.067987,0,0,0,0,0,0,0,0
5.069426,0,0,0,0,0,0,0,0
5.070924,0,0,0,0,0,0,0,0
5.072357,0,0,0,0,0,0,0,0
5.076582,0,0,0,0,0,0,0,0
5.078046,0,0,0,0,0,0,0,0
5.079532,0,0,0,0,0,0,0,0
5.081019,0,0,0,0,0,0,0,0
5.082505,0,0,0,0,0,0,0,0
5.084015,0,0,0,0,0,0,0,0
5.085502,0,0,0,0,0,0,0,0
5.087639,0,0,0,0,0,0,0,0
5.089139,0,0,0,0,0,0,0,0
5.090700,0,0,0,0,0,0,0,0
5.092218,0,0,0,0,0,0,0,0
5.093670,0,0,0,0,0,0,0,0
5.095107,0,0,0,0,0,0,0,0
5.096551,0,0,0,0,0,0,0,0
5.097996,0,0,0,0,0,0,0,0
5.099482,0,0,0,0,0,0,0,0
5.100936,0,0,0,0,0,0,0,0
5.102371,0,0,0,0,0,0,0,0
5.103806,0,0,0,0,0,0,0,0
5.105272,0,0,0,0,0,0,0,0
5.106710,0,0,0,0,0,0,0,0
5.108149,0,0,0,0,0,0,0,0
5.109593,0,0,0,0,0,0,0,0
5.111001,0,0,0,0,0,0,0,0
5.112440,0,0,0,0,0,0,0,0
5.113865,0,0,0,0,0,0,0,0
5.115301,0,0,0,0,0,0,0,0
5.116736,0,0,0,0,0,0,0,0
5.118177,0,0,0,0,0,0,0,0
5.119620,0,0,0,0,0,0,0,0
5.121076,0,0,0,0,0,0,0,0
5.122514,0,0,0,0,0,0,0,0
5.123970,0,0,0,0,0,0,0,0
5.125442,0,0,0,0,0,0,0,0
5.126880,0,0,0,0,0,0,0,0
5.128739,0,0,0,0,0,0,0,0
5.130183,0,0,0,0,0,0,0,0
5.131621,0,0,0,0,0,0,0,0
5.133106,0,0,0,0,0,0,0,0
5.134545,0,0,0,0,0,0,0,0
5.135983,0,0,0,0,0,0,0,0
5.137422,0,0,0,0,0,0,0,0
5.138859,0,0,0,0,0,0,0,0
5.140302,0,0,0,0,0,0,0,0
5.141773,0,0,0,0,0,0,0,0
5.143211,0,0,0,0,0,0,0,0
5.144631,0,0,0,0,0,0,0,0
5.149676,0,0,0,0,0,0,0,0
5.151120,0,0,0,0,0,0,0,0
5.152556,0,0,0,0,0,0,0,0
5.153956,0,0,0,0,0,0,0,0
5.155393,0,0,0,0,0,0,0,0
5.156832,0,0,0,0,0,0,0,0
5.158270,0,0,0,0,0,0,0,0
5.159708,0,0,0,0,0,0,0,0
5.161150,0,0,0,0,0,0,0,0
5.162595,0,0,0,0,0,0,0,0
5.164033,0,0,0,0,0,0,0,0
5.165470,0,0,0,0,0,0,0,0
5.166910,0,0,0,0,0,0,0,0
5.168347,0,0,0,0,0,0,0,0
5.169740,0,0,0,0,0,0,0,0
5.171185,0,0,0,0,0,0,0,0
5.172645,0,0,0,0,0,0,0,0
5.174083,0,0,0,0,0,0,0,0
5.175523,0,0,0,0,0,0,0,0
5.176962,0,0,0,0,0,0,0,0
5.178419,0,0,0,0,0,0,0,0
5.179870,0,0,0,0,0,0,0,0
5.181314,0,0,0,0,0,0,0,0
5.182753,0,0,0,0,0,0,0,0
5.184191,0,0,0,0,0,0,0,0
5.185629,0,0,0,0,0,0,0,0
5.187068,0,0,0,0,0,0,0,0
5.188504,0,0,0,0,0,0,0,0
5.189969,0,0,0,0,0,0,0,0
5.191412,0,0,0,0,0,0,0,0
5.192862,0,0,0,0,0,0,0,0
5.194300,0,0,0,0,0,0,0,0
5.195739,0,0,0,0,0,0,0,0
5.197180,0,0,0,0,0,0,0,0
5.198620,0,0,0,0,0,0,0,0
5.200057,0,0,0,0,0,0,0,0
5.201502,0,0,0,0,0,0,0,0
5.202940,0,0,0,0,0,0,0,0
5.204395,0,0,0,0,0,0,0,0
5.205861,0,0,0,0,0,0,0,0
5.207298,0,0,0,0,0,0,0,0
5.208737,0,0,0,0,0,0,0,0
5.210175,0,0,0,0,0,0,0,0
5.212007,0,0,0,0,0,0,0,0
5.215011,0,0,0,0,0,0,0,0
5.216450,0,0,0,0,0,0,0,0
5.217850,0,0,0,0,0,0,0,0
5.219325,0,0,0,0,0,0,0,0
5.220765,0,0,0,0,0,0,0,0
5.222207,0,0,0,0,0,0,0,0
5.223646,0,0,0,0,0,0,0,0
5.225083,0,0,0,0,0,0,0,0
5.226523,0,0,0,0,0,0,0,0
5.227985,0,0,0,0,0,0,0,0
5.229424,0,0,0,0,0,0,0,0
5.230862,0,0,0,0,0,0,0,0
5.232304,0,0,0,0,0,0,0,0
5.233743,0,0,0,0,0,0,0,0
5.235181,0,0,0,0,0,0,0,0
5.236695,0,0,0,0,0,0,0,0
5.238134,0,0,0,0,0,0,0,0
5.239572,0,0,0,0,0,0,0,0
5.241657,0,0,0,0,0,0,0,0
5.243100,0,0,0,0,0,0,0,0
5.244555,0,0,0,0,0,0,0,0
5.248542,0,0,0,0,0,0,0,0
5.249971,0,0,0,0,0,0,0,0
5.251408,0,0,0,0,0,0,0,0
5.252846,0,0,0,0,0,0,0,0
5.254289,0,0,0,0,0,0,0,0
5.255727,0,0,0,0,0,0,0,0
5.257167,0,0,0,0,0,0,0,0
5.258604,0,0,0,0,0,0,0,0
5.260042,0,0,0,0,0,0,0,0
5.261481,0,0,0,0,0,0,0,0
5.262919,0,0,0,0,0,0,0,0
5.264362,0,0,0,0,0,0,0,0
5.265813,0,0,0,0,0,0,0,0
5.267301,0,0,0,0,0,0,0,0
5.268739,0,0,0,0,0,0,0,0
5.270179,0,0,0,0,0,0,0,0
5.271618,0,0,0,0,0,0,0,0
5.273056,0,0,0,0,0,0,0,0
5.274498,0,0,0,0,0,0,0,0
5.275953,0,0,0,0,0,0,0,0
5.277392,0,0,0,0,0,0,0,0
5.280142,0,0,0,0,0,0,0,0
5.281581,0,0,0,0,0,0,0,0
5.283026,0,0,0,0,0,0,0,0
5.284481,0,0,0,0,0,0,0,0
5.285980,0,0,0,0,0,0,0,0
5.287470,0,0,0,0,0,0,0,0
5.288957,0,0,0,0,0,0,0,0
5.290455,0,0,0,0,0,0,0,0
5.291941,0,0,0,0,0,0,0,0
5.293433,0,0,0,0,0,0,0,0
5.294919,0,0,0,0,0,0,0,0
5.296411,0,0,0,0,0,0,0,0
5.297901,0,0,0,0,0,0,0,0
5.299393,0,0,0,0,0,0,0,0
5.300883,0,0,0,0,0,0,0,0
5.304637,0,0,0,0,0,0,0,0
5.306192,0,0,0,0,0,0,0,0
5.307685,0,0,0,0,0,0,0,0
5.309194,0,0,0,0,0,0,0,0
5.310631,0,0,0,0,0,0,0,0
5.312068,0,0,0,0,0,0,0,0
5.313506,0,0,0,0,0,0,0,0
5.314944,0,0,0,0,0,0,0,0
5.316383,0,0,0,0,0,0,0,0
5.317836,0,0,0,0,0,0,0,0
5.319322,0,0,0,0,0,0,0,0
5.320811,0,0,0,0,0,0,0,0
5.322297,0,0,0,0,0,0,0,0
5.323809,0,0,0,0,0,0,0,0
5.325296,0,0,0,0,0,0,0,0
5.326786,0,0,0,0,0,0,0,0
5.328287,0,0,0,0,0,0,0,0
5.329788,0,0,0,0,0,0,0,0
5.331277,0,0,0,0,0,0,0,0
5.332765,0,0,0,0,0,0,0,0
5.334252,0,0,0,0,0,0,0,0
5.335741,0,0,0,0,0,0,0,0
5.337231,0,0,0,0,0,0,0,0
5.338723,0,0,0,0,0,0,0,0
5.340922,0,0,0,0,0,0,0,0
5.342409,0,0,0,0,0,0,0,0
5.343901,0,0,0,0,0,0,0,0
5.348682,0,0,0,0,0,0,0,0
5.350197,0,0,0,0,0,0,0,0
5.351684,0,0,0,0,0,0,0,0
5.353173,0,0,0,0,0,0,0,0
5.354659,0,0,0,0,0,0,0,0
5.356175,0,0,0,0,0,0,0,0
5.357662,0,0,0,0,0,0,0,0
5.359149,0,0,0,0,0,0,0,0
5.360642,0,0,0,0,0,0,0,0
5.362139,0,0,0,0,0,0,0,0
5.363626,0,0,0,0,0,0,0,0
5.365110,0,0,0,0,0,0,0,0
5.366556,0,0,0,0,0,0,0,0
5.368041,0,0,0,0,0,0,0,0
5.369988,0,0,0,0,0,0,0,0
5.376795,0,0,0,0,0,0,0,0
5.378282,0,0,0,0,0,0,0,0
5.379802,0,0,0,0,0,0,0,0
5.381289,0,0,0,0,0,0,0,0
5.382731,0,0,0,0,0,0,0,0
5.384169,0,0,0,0,0,0,0,0
5.385608,0,0,0,0,0,0,0,0
5.387045,0,0,0,0,0,0,0,0
5.388497,0,0,0,0,0,0,0,0
5.389980,0,0,0,0,0,0,0,0
5.391467,0,0,0,0,0,0,0,0
5.392958,0,0,0,0,0,0,0,0
5.394445,0,0,0,0,0,0,0,0
5.395955,0,0,0,0,0,0,0,0
5.397452,0,0,0,0,0,0,0,0
5.398940,0,0,0,0,0,0,0,0
5.400359,0,0,0,0,0,0,0,0
5.401784,0,0,0,0,0,0,0,0
5.403274,0,0,0,0,0,0,0,0
5.404760,0,0,0,0,0,0,0,0
5.406246,0,0,0,0,0,0,0,0
5.407732,0,0,0,0,0,0,0,0
5.409220,0,0,0,0,0,0,0,0
5.411360,0,0,0,0,0,0,0,0
5.412848,0,0,0,0,0,0,0,0
5.414342,0,0,0,0,0,0,0,0
5.418097,0,0,0,0,0,0,0,0
5.419587,0,0,0,0,0,0,0,0
5.421094,0,0,0,0,0,0,0,0
5.422581,0,0,0,0,0,0,0,0
5.424066,0,0,0,0,0,0,0,0
5.425564,0,0,0,0,0,0,0,0
5.427050,0,0,0,0,0,0,0,0
5.428562,0,0,0,0,0,0,0,0
5.430037,0,0,0,0,0,0,0,0
5.431546,0,0,0,0,0,0,0,0
5.434563,0,0,0,0,0,0,0,0
5.436056,0,0,0,0,0,0,0,0
5.437542,0,0,0,0,0,0,0,0
5.439031,0,0,0,0,0,0,0,0
5.440518,0,0,0,0,0,0,0,0
5.442009,0,0,0,0,0,0,0,0
5.443494,0,0,0,0,0,0,0,0
5.445005,0,0,0,0,0,0,0,0
5.446497,0,0,0,0,0,0,0,0
5.447984,0,0,0,0,0,0,0,0
5.449470,0,0,0,0,0,0,0,0
5.450978,0,0,0,0,0,0,0,0
5.453769,0,0,0,0,0,0,0,0
5.455207,0,0,0,0,0,0,0,0
5.456631,0,0,0,0,0,0,0,0
5.458002,0,0,0,0,0,0,0,0
5.459438,0,0,0,0,0,0,0,0
5.460897,0,0,0,0,0,0,0,0
5.462384,0,0,0,0,0,0,0,0
5.463869,0,0,0,0,0,0,0,0
5.465357,0,0,0,0,0,0,0,0
5.466849,0,0,0,0,0,0,0,0
5.468363,0,0,0,0,0,0,0,0
5.469857,0,0,0,0,0,0,0,0
5.471356,0,0,0,0,0,0,0,0
5.472841,0,0,0,0,0,0,0,0
5.474426,0,0,0,0,0,0,0,0
5.480634,0,0,0,0,0,0,0,0
5.482127,0,0,0,0,0,0,0,0
5.483612,0,0,0,0,0,0,0,0
5.485123,0,0,0,0,0,0,0,0
5.486609,0,0,0,0,0,0,0,0
5.488130,0,0,0,0,0,0,0,0
5.489615,0,0,0,0,0,0,0,0
5.491102,0,0,0,0,0,0,0,0
5.492596,0,0,0,0,0,0,0,0
5.494084,0,0,0,0,0,0,0,0
5.495578,0,0,0,0,0,0,0,0
5.497066,0,0,0,0,0,0,0,0
5.498551,0,0,0,0,0,0,0,0
5.500062,0,0,0,0,0,0,0,0
5.501550,0,0,0,0,0,0,0,0
5.503042,0,0,0,0,0,0,0,0
5.504528,0,0,0,0,0,0,0,0
5.506017,0,0,0,0,0,0,0,0
5.507527,0,0,0,0,0,0,0,0
5.509013,0,0,0,0,0,0,0,0
5.510519,0,0,0,0,0,0,0,0
5.511970,0,0,0,0,0,0,0,0
5.513416,0,0,0,0,0,0,0,0
5.514854,0,0,0,0,0,0,0,0
5.516292,0,0,0,0,0,0,0,0
5.517775,0,0,0,0,0,0,0,0
5.519211,0,0,0,0,0,0,0,0
5.520633,0,0,0,0,0,0,0,0
5.522072,0,0,0,0,0,0,0,0
5.523515,0,0,0,0,0,0,0,0
5.524972,0,0,0,0,0,0,0,0
5.526409,0,0,0,0,0,0,0,0
5.527846,0,0,0,0,0,0,0,0
5.529284,0,0,0,0,0,0,0,0
5.530724,0,0,0,0,0,0,0,0
5.532183,0,0,0,0,0,0,0,0
5.533625,0,0,0,0,0,0,0,0
5.535063,0,0,0,0,0,0,0,0
5.536500,0,0,0,0,0,0,0,0
5.537864,0,0,0,0,0,0,0,0
5.539302,0,0,0,0,0,0,0,0
5.540739,0,0,0,0,0,0,0,0
5.542182,0,0,0,0,0,0,0,0
5.543625,0,0,0,0,0,0,0,0
5.545064,0,0,0,0,0,0,0,0
5.546501,0,0,0,0,0,0,0,0
5.547940,0,0,0,0,0,0,0,0
5.549380,0,0,0,0,0,0,0,0
5.552641,0,0,0,0,0,0,0,0
5.554087,0,0,0,0,0,0,0,0
5.555529,0,0,0,0,0,0,0,0
5.556987,0,0,0,0,0,0,0,0
5.558425,0,0,0,0,0,0,0,0
5.559862,0,0,0,0,0,0,0,0
5.561300,0,0,0,0,0,0,0,0
5.562738,0,0,0,0,0,0,0,0
5.564179,0,0,0,0,0,0,0,0
5.565618,0,0,0,0,0,0,0,0
5.572642,0,0,0,0,0,0,0,0
5.574080,0,0,0,0,0,0,0,0
5.575521,0,0,0,0,0,0,0,0
5.576959,0,0,0,0,0,0,0,0
5.578396,0,0,0,0,0,0,0,0
5.579852,0,0,0,0,0,0,0,0
5.581291,0,0,0,0,0,0,0,0
5.582729,0,0,0,0,0,0,0,0
5.584166,0,0,0,0,0,0,0,0
5.585610,0,0,0,0,0,0,0,0
5.587048,0,0,0,0,0,0,0,0
5.588487,0,0,0,0,0,0,0,0
5.589910,0,0,0,0,0,0,0,0
5.591350,0,0,0,0,0,0,0,0
5.592790,0,0,0,0,0,0,0,0
5.594227,0,0,0,0,0,0,0,0
5.596748,0,0,0,0,0,0,0,0
5.598187,0,0,0,0,0,0,0,0
5.599624,0,0,0,0,0,0,0,0
5.601064,0,0,0,0,0,0,0,0
5.602501,0,0,0,0,0,0,0,0
5.603957,0,0,0,0,0,0,0,0
5.605395,0,0,0,0,0,0,0,0
5.612641,0,0,0,0,0,0,0,0
5.614081,0,0,0,0,0,0,0,0
5.615517,0,0,0,0,0,0,0,0
5.616959,0,0,0,0,0,0,0,0
5.618400,0,0,0,0,0,0,0,0
5.619838,0,0,0,0,0,0,0,0
5.621277,0,0,0,0,0,0,0,0
5.622717,0,0,0,0,0,0,0,0
5.624156,0,0,0,0,0,0,0,0
5.625593,0,0,0,0,0,0,0,0
5.628702,0,0,0,0,0,0,0,0
5.630143,0,0,0,0,0,0,0,0
5.631581,0,0,0,0,0,0,0,0
5.633021,0,0,0,0,0,0,0,0
5.634461,0,0,0,0,0,0,0,0
5.635902,0,0,0,0,0,0,0,0
5.640630,0,0,0,0,0,0,0,0
5.642069,0,0,0,0,0,0,0,0
5.643507,0,0,0,0,0,0,0,0
5.644964,0,0,0,0,0,0,0,0
5.646484,0,0,0,0,0,0,0,0
5.647927,0,0,0,0,0,0,0,0
5.649364,0,0,0,0,0,0,0,0
5.650801,0,0,0,0,0,0,0,0
5.652255,0,0,0,0,0,0,0,0
5.653734,0,0,0,0,0,0,0,0
5.655172,0,0,0,0,0,0,0,0
5.656609,0,0,0,0,0,0,0,0
5.660659,0,0,0,0,0,0,0,0
5.662098,0,0,0,0,0,0,0,0
5.663535,0,0,0,0,0,0,0,0
5.664973,0,0,0,0,0,0,0,0
5.666412,0,0,0,0,0,0,0,0
5.667868,0,0,0,0,0,0,0,0
5.669309,0,0,0,0,0,0,0,0
5.670747,0,0,0,0,0,0,0,0
5.672186,0,0,0,0,0,0,0,0
5.673624,0,0,0,0,0,0,0,0
5.675062,0,0,0,0,0,0,0,0
5.676517,0,0,0,0,0,0,0,0
5.681745,0,0,0,0,0,0,0,0
5.683182,0,0,0,0,0,0,0,0
5.684673,0,0,0,0,0,0,0,0
5.686166,0,0,0,0,0,0,0,0
5.687652,0,0,0,0,0,0,0,0
5.689138,0,0,0,0,0,0,0,0
5.690626,0,0,0,0,0,0,0,0
5.692746,0,0,0,0,0,0,0,0
5.694232,0,0,0,0,0,0,0,0
5.695717,0,0,0,0,0,0,0,0
5.697205,0,0,0,0,0,0,0,0
5.700769,0,0,0,0,0,0,0,0
5.702258,0,0,0,0,0,0,0,0
5.703746,0,0,0,0,0,0,0,0
5.705233,0,0,0,0,0,0,0,0
5.706719,0,0,0,0,0,0,0,0
5.708228,0,0,0,0,0,0,0,0
5.712636,0,0,0,0,0,0,0,0
5.714125,0,0,0,0,0,0,0,0
5.715607,0,0,0,0,0,0,0,0
5.717117,0,0,0,0,0,0,0,0
5.718600,0,0,0,0,0,0,0,0
5.720091,0,0,0,0,0,0,0,0
5.721604,0,0,0,0,0,0,0,0
5.723092,0,0,0,0,0,0,0,0
5.724606,0,0,0,0,0,0,0,0
5.728629,0,0,0,0,0,0,0,0
5.730069,0,0,0,0,0,0,0,0
5.731507,0,0,0,0,0,0,0,0
5.732947,0,0,0,0,0,0,0,0
5.734385,0,0,0,0,0,0,0,0
5.735829,0,0,0,0,0,0,0,0
5.737269,0,0,0,0,0,0,0,0
5.738708,0,0,0,0,0,0,0,0
5.740163,0,0,0,0,0,0,0,0
5.741601,0,0,0,0,0,0,0,0
5.743041,0,0,0,0,0,0,0,0
5.744479,0,0,0,0,0,0,0,0
5.748659,0,0,0,0,0,0,0,0
5.750099,0,0,0,0,0,0,0,0
5.751536,0,0,0,0,0,0,0,0
5.752974,0,0,0,0,0,0,0,0
5.754412,0,0,0,0,0,0,0,0
5.755870,0,0,0,0,0,0,0,0
5.757368,0,0,0,0,0,0,0,0
5.758808,0,0,0,0,0,0,0,0
5.760246,0,0,0,0,0,0,0,0
5.761726,0,0,0,0,0,0,0,0
5.763164,0,0,0,0,0,0,0,0
5.764641,0,0,0,0,0,0,0,0
5.766132,0,0,0,0,0,0,0,0
5.767616,0,0,0,0,0,0,0,0
5.769103,0,0,0,0,0,0,0,0
5.770587,0,0,0,0,0,0,0,0
5.772098,0,0,0,0,0,0,0,0
5.773585,0,0,0,0,0,0,0,0
5.775070,0,0,0,0,0,0,0,0
5.776561,0,0,0,0,0,0,0,0
5.778007,0,0,0,0,0,0,0,0
5.779493,0,0,0,0,0,0,0,0
5.781002,0,0,0,0,0,0,0,0
5.782488,0,0,0,0,0,0,0,0
5.783973,0,0,0,0,0,0,0,0
5.785460,0,0,0,0,0,0,0,0
5.786953,0,0,0,0,0,0,0,0
5.788447,0,0,0,0,0,0,0,0
5.789915,0,0,0,0,0,0,0,0
5.791403,0,0,0,0,0,0,0,0
5.792897,0,0,0,0,0,0,0,0
5.794480,0,0,0,0,0,0,0,0
5.795987,0,0,0,0,0,0,0,0
5.800630,0,0,0,0,0,0,0,0
5.802069,0,0,0,0,0,0,0,0
5.803507,0,0,0,0,0,0,0,0
5.804963,0,0,0,0,0,0,0,0
5.806402,0,0,0,0,0,0,0,0
5.807844,0,0,0,0,0,0,0,0
5.809286,0,0,0,0,0,0,0,0
5.810726,0,0,0,0,0,0,0,0
5.812165,0,0,0,0,0,0,0,0
5.813603,0,0,0,0,0,0,0,0
5.815042,0,0,0,0,0,0,0,0
5.816479,0,0,0,0,0,0,0,0
5.817897,0,0,0,0,0,0,0,0
5.819386,0,0,0,0,0,0,0,0
5.820874,0,0,0,0,0,0,0,0
5.822363,0,0,0,0,0,0,0,0
5.823851,0,0,0,0,0,0,0,0
5.825342,0,0,0,0,0,0,0,0
5.826830,0,0,0,0,0,0,0,0
5.828322,0,0,0,0,0,0,0,0
5.829833,0,0,0,0,0,0,0,0
5.831322,0,0,0,0,0,0,0,0
5.832810,0,0,0,0,0,0,0,0
5.834305,0,0,0,0,0,0,0,0
5.835886,0,0,0,0,0,0,0,0
5.837395,0,0,0,0,0,0,0,0
5.838888,0,0,0,0,0,0,0,0
5.840372,0,0,0,0,0,0,0,0
5.841882,0,0,0,0,0,0,0,0
5.843375,0,0,0,0,0,0,0,0
5.844862,0,0,0,0,0,0,0,0
5.846348,0,0,0,0,0,0,0,0
5.847832,0,0,0,0,0,0,0,0
5.849323,0,0,0,0,0,0,0,0
5.850809,0,0,0,0,0,0,0,0
5.852317,0,0,0,0,0,0,0,0
5.857795,0,0,0,0,0,0,0,0
5.859281,0,0,0,0,0,0,0,0
5.860773,0,0,0,0,0,0,0,0
5.862214,0,0,0,0,0,0,0,0
5.863653,0,0,0,0,0,0,0,0
5.865091,0,0,0,0,0,0,0,0
5.866529,0,0,0,0,0,0,0,0
5.867985,0,0,0,0,0,0,0,0
5.869430,0,0,0,0,0,0,0,0
5.870945,0,0,0,0,0,0,0,0
5.872437,0,0,0,0,0,0,0,0
5.873912,0,0,0,0,0,0,0,0
5.875350,0,0,0,0,0,0,0,0
5.876798,0,0,0,0,0,0,0,0
5.878284,0,0,0,0,0,0,0,0
5.879752,0,0,0,0,0,0,0,0
5.881192,0,0,0,0,0,0,0,0
5.882630,0,0,0,0,0,0,0,0
5.884067,0,0,0,0,0,0,0,0
5.885550,0,0,0,0,0,0,0,0
5.886988,0,0,0,0,0,0,0,0
5.888429,0,0,0,0,0,0,0,0
5.889852,0,0,0,0,0,0,0,0
5.891291,0,0,0,0,0,0,0,0
5.892727,0,0,0,0,0,0,0,0
5.894162,0,0,0,0,0,0,0,0
5.895597,0,0,0,0,0,0,0,0
5.897031,0,0,0,0,0,0,0,0
5.898466,0,0,0,0,0,0,0,0
5.899917,0,0,0,0,0,0,0,0
5.901359,0,0,0,0,0,0,0,0
5.902797,0,0,0,0,0,0,0,0
5.904234,0,0,0,0,0,0,0,0
5.905673,0,0,0,0,0,0,0,0
5.907111,0,0,0,0,0,0,0,0
5.908567,0,0,0,0,0,0,0,0
5.909970,0,0,0,0,0,0,0,0
5.911413,0,0,0,0,0,0,0,0
5.912852,0,0,0,0,0,0,0,0
5.914292,0,0,0,0,0,0,0,0
5.915731,0,0,0,0,0,0,0,0
5.917175,0,0,0,0,0,0,0,0
5.918613,0,0,0,0,0,0,0,0
5.920052,0,0,0,0,0,0,0,0
5.921495,0,0,0,0,0,0,0,0
5.922933,0,0,0,0,0,0,0,0
5.924389,0,0,0,0,0,0,0,0
5.925831,0,0,0,0,0,0,0,0
5.927268,0,0,0,0,0,0,0,0
5.928708,0,0,0,0,0,0,0,0
5.930160,0,0,0,0,0,0,0,0
5.931603,0,0,0,0,0,0,0,0
5.933058,0,0,0,0,0,0,0,0
5.934498,0,0,0,0,0,0,0,0
5.935936,0,0,0,0,0,0,0,0
5.937375,0,0,0,0,0,0,0,0
5.938818,0,0,0,0,0,0,0,0
5.940272,0,0,0,0,0,0,0,0
5.941765,0,0,0,0,0,0,0,0
5.943204,0,0,0,0,0,0,0,0
5.944631,0,0,0,0,0,0,0,0
5.946070,0,0,0,0,0,0,0,0
5.947507,0,0,0,0,0,0,0,0
5.948963,0,0,0,0,0,0,0,0
5.950402,0,0,0,0,0,0,0,0
5.951847,0,0,0,0,0,0,0,0
5.953287,0,0,0,0,0,0,0,0
5.954724,0,0,0,0,0,0,0,0
5.956164,0,0,0,0,0,0,0,0
5.957608,0,0,0,0,0,0,0,0
5.959184,0,0,0,0,0,0,0,0
5.960637,0,0,0,0,0,0,0,0
5.962134,0,0,0,0,0,0,0,0
5.963623,0,0,0,0,0,0,0,0
5.965117,0,0,0,0,0,0,0,0
5.966603,0,0,0,0,0,0,0,0
5.972653,0,0,0,0,0,0,0,0
5.974148,0,0,0,0,0,0,0,0
5.975635,0,0,0,0,0,0,0,0
5.977123,0,0,0,0,0,0,0,0
5.978609,0,0,0,0,0,0,0,0
5.980097,0,0,0,0,0,0,0,0
5.981584,0,0,0,0,0,0,0,0
5.983071,0,0,0,0,0,0,0,0
5.984564,0,0,0,0,0,0,0,0
5.986011,0,0,0,0,0,0,0,0
5.987458,0,0,0,0,0,0,0,0
5.988968,0,0,0,0,0,0,0,0
5.990455,0,0,0,0,0,0,0,0
5.991941,0,0,0,0,0,0,0,0
5.993429,0,0,0,0,0,0,0,0
5.994927,0,0,0,0,0,0,0,0
5.996413,0,0,0,0,0,0,0,0
5.997935,0,0,0,0,0,0,0,0
5.999423,0,0,0,0,0,0,0,0
6.000910,0,0,0,0,0,0,0,0
6.002396,0,0,0,0,0,0,0,0
6.003883,0,0,0,0,0,0,0,0
6.005379,0,0,0,0,0,0,0,0
6.006867,0,0,0,0,0,0,0,0
6.008354,0,0,0,0,0,0,0,0
6.009791,0,0,0,0,0,0,0,0
6.011278,0,0,0,0,0,0,0,0
6.012765,0,0,0,0,0,0,0,0
6.014284,0,0,0,0,0,0,0,0
6.015778,0,0,0,0,0,0,0,0
6.017267,0,0,0,0,0,0,0,0
6.018752,0,0,0,0,0,0,0,0
6.020262,0,0,0,0,0,0,0,0
6.021828,0,0,0,0,0,0,0,0
6.023266,0,0,0,0,0,0,0,0
6.024705,0,0,0,0,0,0,0,0
6.026167,0,0,0,0,0,0,0,0
6.027606,0,0,0,0,0,0,0,0
6.029067,0,0,0,0,0,0,0,0
6.030551,0,0,0,0,0,0,0,0
6.032037,0,0,0,0,0,0,0,0
6.033524,0,0,0,0,0,0,0,0
6.035011,0,0,0,0,0,0,0,0
6.036507,0,0,0,0,0,0,0,0
6.038039,0,0,0,0,0,0,0,0
6.039525,0,0,0,0,0,0,0,0
6.041011,0,0,0,0,0,0,0,0
6.042565,0,0,0,0,0,0,0,0
6.044269,0,0,0,0,0,0,0,0
6.052660,0,0,0,0,0,0,0,0
6.054157,0,0,0,0,0,0,0,0
6.055644,0,0,0,0,0,0,0,0
6.057132,0,0,0,0,0,0,0,0
6.058619,0,0,0,0,0,0,0,0
6.060129,0,0,0,0,0,0,0,0
6.061617,0,0,0,0,0,0,0,0
6.063104,0,0,0,0,0,0,0,0
6.064599,0,0,0,0,0,0,0,0
6.066086,0,0,0,0,0,0,0,0
6.067573,0,0,0,0,0,0,0,0
6.069084,0,0,0,0,0,0,0,0
6.070569,0,0,0,0,0,0,0,0
6.072055,0,0,0,0,0,0,0,0
6.073540,0,0,0,0,0,0,0,0
6.075035,0,0,0,0,0,0,0,0
6.076544,0,0,0,0,0,0,0,0
6.078053,0,0,0,0,0,0,0,0
6.079536,0,0,0,0,0,0,0,0
6.081023,0,0,0,0,0,0,0,0
6.082511,0,0,0,0,0,0,0,0
6.084022,0,0,0,0,0,0,0,0
6.085519,0,0,0,0,0,0,0,0
6.087005,0,0,0,0,0,0,0,0
6.088488,0,0,0,0,0,0,0,0
6.089977,0,0,0,0,0,0,0,0
6.091461,0,0,0,0,0,0,0,0
6.092969,0,0,0,0,0,0,0,0
6.094409,0,0,0,0,0,0,0,0
6.095853,0,0,0,0,0,0,0,0
6.097350,0,0,0,0,0,0,0,0
6.098848,0,0,0,0,0,0,0,0
6.100302,0,0,0,0,0,0,0,0
6.101724,0,0,0,0,0,0,0,0
6.103211,0,0,0,0,0,0,0,0
6.104698,0,0,0,0,0,0,0,0
6.106193,0,0,0,0,0,0,0,0
6.107680,0,0,0,0,0,0,0,0
6.109193,0,0,0,0,0,0,0,0
6.110677,0,0,0,0,0,0,0,0
6.112162,0,0,0,0,0,0,0,0
6.113650,0,0,0,0,0,0,0,0
6.115139,0,0,0,0,0,0,0,0
6.116667,0,0,0,0,0,0,0,0
6.118159,0,0,0,0,0,0,0,0
6.119646,0,0,0,0,0,0,0,0
6.121133,0,0,0,0,0,0,0,0
6.122619,0,0,0,0,0,0,0,0
6.124134,0,0,0,0,0,0,0,0
6.125624,0,0,0,0,0,0,0,0
6.127119,0,0,0,0,0,0,0,0
6.128606,0,0,0,0,0,0,0,0
6.130094,0,0,0,0,0,0,0,0
6.136632,0,0,0,0,0,0,0,0
6.138136,0,0,0,0,0,0,0,0
6.139625,0,0,0,0,0,0,0,0
6.141069,0,0,0,0,0,0,0,0
6.142510,0,0,0,0,0,0,0,0
6.143949,0,0,0,0,0,0,0,0
6.145389,0,0,0,0,0,0,0,0
6.146829,0,0,0,0,0,0,0,0
6.148290,0,0,0,0,0,0,0,0
6.149816,0,0,0,0,0,0,0,0
6.151347,0,0,0,0,0,0,0,0
6.152835,0,0,0,0,0,0,0,0
6.154319,0,0,0,0,0,0,0,0
6.155825,0,0,0,0,0,0,0,0
6.157310,0,0,0,0,0,0,0,0
6.158754,0,0,0,0,0,0,0,0
6.160192,0,0,0,0,0,0,0,0
6.161632,0,0,0,0,0,0,0,0
6.163069,0,0,0,0,0,0,0,0
6.164509,0,0,0,0,0,0,0,0
6.166009,0,0,0,0,0,0,0,0
6.167495,0,0,0,0,0,0,0,0
6.168992,0,0,0,0,0,0,0,0
6.170479,0,0,0,0,0,0,0,0
6.171989,0,0,0,0,0,0,0,0
6.173477,0,0,0,0,0,0,0,0
6.174963,0,0,0,0,0,0,0,0
6.176450,0,0,0,0,0,0,0,0
6.177902,0,0,0,0,0,0,0,0
6.179397,0,0,0,0,0,0,0,0
6.180884,0,0,0,0,0,0,0,0
6.182371,0,0,0,0,0,0,0,0
6.183857,0,0,0,0,0,0,0,0
6.185343,0,0,0,0,0,0,0,0
6.186829,0,0,0,0,0,0,0,0
6.188317,0,0,0,0,0,0,0,0
6.189848,0,0,0,0,0,0,0,0
6.191334,0,0,0,0,0,0,0,0
6.192827,0,0,0,0,0,0,0,0
6.194312,0,0,0,0,0,0,0,0
6.195823,0,0,0,0,0,0,0,0
6.197310,0,0,0,0,0,0,0,0
6.198795,0,0,0,0,0,0,0,0
6.200289,0,0,0,0,0,0,0,0
6.201786,0,0,0,0,0,0,0,0
6.203272,0,0,0,0,0,0,0,0
6.204758,0,0,0,0,0,0,0,0
6.206244,0,0,0,0,0,0,0,0
6.207730,0,0,0,0,0,0,0,0
6.209218,0,0,0,0,0,0,0,0
6.210709,0,0,0,0,0,0,0,0
6.212196,0,0,0,0,0,0,0,0
6.213762,0,0,0,0,0,0,0,0
6.215249,0,0,0,0,0,0,0,0
6.216733,0,0,0,0,0,0,0,0
6.224644,0,0,0,0,0,0,0,0
6.226138,0,0,0,0,0,0,0,0
6.227628,0,0,0,0,0,0,0,0
6.229115,0,0,0,0,0,0,0,0
6.230605,0,0,0,0,0,0,0,0
6.232092,0,0,0,0,0,0,0,0
6.233580,0,0,0,0,0,0,0,0
6.235065,0,0,0,0,0,0,0,0
6.236581,0,0,0,0,0,0,0,0
6.238004,0,0,0,0,0,0,0,0
6.239441,0,0,0,0,0,0,0,0
6.240880,0,0,0,0,0,0,0,0
6.242317,0,0,0,0,0,0,0,0
6.243773,0,0,0,0,0,0,0,0
6.245214,0,0,0,0,0,0,0,0
6.246706,0,0,0,0,0,0,0,0
6.248192,0,0,0,0,0,0,0,0
6.249695,0,0,0,0,0,0,0,0
6.251182,0,0,0,0,0,0,0,0
6.252684,0,0,0,0,0,0,0,0
6.254173,0,0,0,0,0,0,0,0
6.255660,0,0,0,0,0,0,0,0
6.257155,0,0,0,0,0,0,0,0
6.258640,0,0,0,0,0,0,0,0
6.260127,0,0,0,0,0,0,0,0
6.261614,0,0,0,0,0,0,0,0
6.263100,0,0,0,0,0,0,0,0
6.264588,0,0,0,0,0,0,0,0
6.266007,0,0,0,0,0,0,0,0
6.267501,0,0,0,0,0,0,0,0
6.268999,0,0,0,0,0,0,0,0
6.270487,0,0,0,0,0,0,0,0
6.271971,0,0,0,0,0,0,0,0
6.273459,0,0,0,0,0,0,0,0
6.274945,0,0,0,0,0,0,0,0
6.276474,0,0,0,0,0,0,0,0
6.277922,0,0,0,0,0,0,0,0
6.279408,0,0,0,0,0,0,0,0
6.280894,0,0,0,0,0,0,0,0
6.282417,0,0,0,0,0,0,0,0
6.283926,0,0,0,0,0,0,0,0
6.285411,0,0,0,0,0,0,0,0
6.286901,0,0,0,0,0,0,0,0
6.288406,0,0,0,0,0,0,0,0
6.289947,0,0,0,0,0,0,0,0
6.291456,0,0,0,0,0,0,0,0
6.292972,0,0,0,0,0,0,0,0
6.294416,0,0,0,0,0,0,0,0
6.295852,0,0,0,0,0,0,0,0
6.297289,0,0,0,0,0,0,0,0
6.298729,0,0,0,0,0,0,0,0
6.300165,0,0,0,0,0,0,0,0
6.301601,0,0,0,0,0,0,0,0
6.303042,0,0,0,0,0,0,0,0
6.304479,0,0,0,0,0,0,0,0
6.308642,0,0,0,0,0,0,0,0
6.310088,0,0,0,0,0,0,0,0
6.311525,0,0,0,0,0,0,0,0
6.312964,0,0,0,0,0,0,0,0
6.314405,0,0,0,0,0,0,0,0
6.315861,0,0,0,0,0,0,0,0
6.317300,0,0,0,0,0,0,0,0
6.318741,0,0,0,0,0,0,0,0
6.320184,0,0,0,0,0,0,0,0
6.321624,0,0,0,0,0,0,0,0
6.323063,0,0,0,0,0,0,0,0
6.324502,0,0,0,0,0,0,0,0
6.325942,0,0,0,0,0,0,0,0
6.327379,0,0,0,0,0,0,0,0
6.328819,0,0,0,0,0,0,0,0
6.330263,0,0,0,0,0,0,0,0
6.331702,0,0,0,0,0,0,0,0
6.333160,0,0,0,0,0,0,0,0
6.334600,0,0,0,0,0,0,0,0
6.336039,0,0,0,0,0,0,0,0
6.337534,0,0,0,0,0,0,0,0
6.338973,0,0,0,0,0,0,0,0
6.340416,0,0,0,0,0,0,0,0
6.341861,0,0,0,0,0,0,0,0
6.343299,0,0,0,0,0,0,0,0
6.344739,0,0,0,0,0,0,0,0
6.346182,0,0,0,0,0,0,0,0
6.347620,0,0,0,0,0,0,0,0
6.349075,0,0,0,0,0,0,0,0
6.350519,0,0,0,0,0,0,0,0
6.351958,0,0,0,0,0,0,0,0
6.353396,0,0,0,0,0,0,0,0
6.354833,0,0,0,0,0,0,0,0
6.356288,0,0,0,0,0,0,0,0
6.357790,0,0,0,0,0,0,0,0
6.359230,0,0,0,0,0,0,0,0
6.360632,0,0,0,0,0,0,0,0
6.362071,0,0,0,0,0,0,0,0
6.363508,0,0,0,0,0,0,0,0
6.364963,0,0,0,0,0,0,0,0
6.366401,0,0,0,0,0,0,0,0
6.367838,0,0,0,0,0,0,0,0
6.369279,0,0,0,0,0,0,0,0
6.370720,0,0,0,0,0,0,0,0
6.372159,0,0,0,0,0,0,0,0
6.373597,0,0,0,0,0,0,0,0
6.375035,0,0,0,0,0,0,0,0
6.376473,0,0,0,0,0,0,0,0
6.377851,0,0,0,0,0,0,0,0
6.379288,0,0,0,0,0,0,0,0
6.380733,0,0,0,0,0,0,0,0
6.382174,0,0,0,0,0,0,0,0
6.383613,0,0,0,0,0,0,0,0
6.385051,0,0,0,0,0,0,0,0
6.386489,0,0,0,0,0,0,0,0
6.387944,0,0,0,0,0,0,0,0
6.389382,0,0,0,0,0,0,0,0
6.390824,0,0,0,0,0,0,0,0
6.392264,0,0,0,0,0,0,0,0
6.396389,0,0,0,0,0,0,0,0
6.397831,0,0,0,0,0,0,0,0
6.399269,0,0,0,0,0,0,0,0
6.400707,0,0,0,0,0,0,0,0
6.402150,0,0,0,0,0,0,0,0
6.403587,0,0,0,0,0,0,0,0
6.405044,0,0,0,0,0,0,0,0
6.406481,0,0,0,0,0,0,0,0
6.407920,0,0,0,0,0,0,0,0
6.409361,0,0,0,0,0,0,0,0
6.410799,0,0,0,0,0,0,0,0
6.412243,0,0,0,0,0,0,0,0
6.413724,0,0,0,0,0,0,0,0
6.415162,0,0,0,0,0,0,0,0
6.416600,0,0,0,0,0,0,0,0
6.418040,0,0,0,0,0,0,0,0
6.419478,0,0,0,0,0,0,0,0
6.420933,0,0,0,0,0,0,0,0
6.422376,0,0,0,0,0,0,0,0
6.423813,0,0,0,0,0,0,0,0
6.425252,0,0,0,0,0,0,0,0
6.426690,0,0,0,0,0,0,0,0
6.428129,0,0,0,0,0,0,0,0
6.429567,0,0,0,0,0,0,0,0
6.431005,0,0,0,0,0,0,0,0
6.432447,0,0,0,0,0,0,0,0
6.433850,0,0,0,0,0,0,0,0
6.435288,0,0,0,0,0,0,0,0
6.436727,0,0,0,0,0,0,0,0
6.438166,0,0,0,0,0,0,0,0
6.439605,0,0,0,0,0,0,0,0
6.441045,0,0,0,0,0,0,0,0
6.442487,0,0,0,0,0,0,0,0
6.443941,0,0,0,0,0,0,0,0
6.448634,0,0,0,0,0,0,0,0
6.450072,0,0,0,0,0,0,0,0
6.451511,0,0,0,0,0,0,0,0
6.452957,0,0,0,0,0,0,0,0
6.454395,0,0,0,0,0,0,0,0
6.455834,0,0,0,0,0,0,0,0
6.457272,0,0,0,0,0,0,0,0
6.458710,0,0,0,0,0,0,0,0
6.460147,0,0,0,0,0,0,0,0
6.461585,0,0,0,0,0,0,0,0
6.463029,0,0,0,0,0,0,0,0
6.464466,0,0,0,0,0,0,0,0
6.465846,0,0,0,0,0,0,0,0
6.467293,0,0,0,0,0,0,0,0
6.468728,0,0,0,0,0,0,0,0
6.470162,0,0,0,0,0,0,0,0
6.471597,0,0,0,0,0,0,0,0
6.473037,0,0,0,0,0,0,0,0
6.474474,0,0,0,0,0,0,0,0
6.475930,0,0,0,0,0,0,0,0
6.477372,0,0,0,0,0,0,0,0
6.478858,0,0,0,0,0,0,0,0
6.480345,0,0,0,0,0,0,0,0
6.481785,0,0,0,0,0,0,0,0
6.483277,0,0,0,0,0,0,0,0
6.484763,0,0,0,0,0,0,0,0
6.486247,0,0,0,0,0,0,0,0
6.487734,0,0,0,0,0,0,0,0
6.489220,0,0,0,0,0,0,0,0
6.490704,0,0,0,0,0,0,0,0
6.492192,0,0,0,0,0,0,0,0
6.493737,0,0,0,0,0,0,0,0
6.495230,0,0,0,0,0,0,0,0
6.501862,0,0,0,0,0,0,0,0
6.503419,0,0,0,0,0,0,0,0
6.504999,0,0,0,0,0,0,0,0
6.506641,0,0,0,0,0,0,0,0
6.508151,0,0,0,0,0,0,0,0
6.509636,0,0,0,0,0,0,0,0
6.511074,0,0,0,0,0,0,0,0
6.512511,0,0,0,0,0,0,0,0
6.513962,0,0,0,0,0,0,0,0
6.515405,0,0,0,0,0,0,0,0
6.516844,0,0,0,0,0,0,0,0
6.518280,0,0,0,0,0,0,0,0
6.519717,0,0,0,0,0,0,0,0
6.521157,0,0,0,0,0,0,0,0
6.522594,0,0,0,0,0,0,0,0
6.524048,0,0,0,0,0,0,0,0
6.525490,0,0,0,0,0,0,0,0
6.526928,0,0,0,0,0,0,0,0
6.528379,0,0,0,0,0,0,0,0
6.529818,0,0,0,0,0,0,0,0
6.531262,0,0,0,0,0,0,0,0
6.532703,0,0,0,0,0,0,0,0
6.534158,0,0,0,0,0,0,0,0
6.535607,0,0,0,0,0,0,0,0
6.537046,0,0,0,0,0,0,0,0
6.538485,0,0,0,0,0,0,0,0
6.539941,0,0,0,0,0,0,0,0
6.541380,0,0,0,0,0,0,0,0
6.542818,0,0,0,0,0,0,0,0
6.544256,0,0,0,0,0,0,0,0
6.545713,0,0,0,0,0,0,0,0
6.547152,0,0,0,0,0,0,0,0
6.548605,0,0,0,0,0,0,0,0
6.550044,0,0,0,0,0,0,0,0
6.551483,0,0,0,0,0,0,0,0
6.552922,0,0,0,0,0,0,0,0
6.554361,0,0,0,0,0,0,0,0
6.555820,0,0,0,0,0,0,0,0
6.557263,0,0,0,0,0,0,0,0
6.558749,0,0,0,0,0,0,0,0
6.560235,0,0,0,0,0,0,0,0
6.564684,0,0,0,0,0,0,0,0
6.566181,0,0,0,0,0,0,0,0
6.567740,0,0,0,0,0,0,0,0
6.569232,0,0,0,0,0,0,0,0
6.570721,0,0,0,0,0,0,0,0
6.572212,0,0,0,0,0,0,0,0
6.573756,0,0,0,0,0,0,0,0
6.575288,0,0,0,0,0,0,0,0
6.576785,0,0,0,0,0,0,0,0
6.578272,0,0,0,0,0,0,0,0
6.579784,0,0,0,0,0,0,0,0
6.581273,0,0,0,0,0,0,0,0
6.582714,0,0,0,0,0,0,0,0
6.584151,0,0,0,0,0,0,0,0
6.585590,0,0,0,0,0,0,0,0
6.587034,0,0,0,0,0,0,0,0
6.588476,0,0,0,0,0,0,0,0
6.589911,0,0,0,0,0,0,0,0
6.591398,0,0,0,0,0,0,0,0
6.592884,0,0,0,0,0,0,0,0
6.594368,0,0,0,0,0,0,0,0
6.595874,0,0,0,0,0,0,0,0
6.597366,0,0,0,0,0,0,0,0
6.598850,0,0,0,0,0,0,0,0
6.600288,0,0,0,0,0,0,0,0
6.608632,0,0,0,0,0,0,0,0
6.610126,0,0,0,0,0,0,0,0
6.611610,0,0,0,0,0,0,0,0
6.613121,0,0,0,0,0,0,0,0
6.614607,0,0,0,0,0,0,0,0
6.616090,0,0,0,0,0,0,0,0
6.617597,0,0,0,0,0,0,0,0
6.619084,0,0,0,0,0,0,0,0
6.620691,0,0,0,0,0,0,0,0
6.622137,0,0,0,0,0,0,0,0
6.623574,0,0,0,0,0,0,0,0
6.625015,0,0,0,0,0,0,0,0
6.626453,0,0,0,0,0,0,0,0
6.627908,0,0,0,0,0,0,0,0
6.629355,0,0,0,0,0,0,0,0
6.630846,0,0,0,0,0,0,0,0
6.632335,0,0,0,0,0,0,0,0
6.633787,0,0,0,0,0,0,0,0
6.635271,0,0,0,0,0,0,0,0
6.636758,0,0,0,0,0,0,0,0
6.638243,0,0,0,0,0,0,0,0
6.639727,0,0,0,0,0,0,0,0
6.641219,0,0,0,0,0,0,0,0
6.642703,0,0,0,0,0,0,0,0
6.644212,0,0,0,0,0,0,0,0
6.645747,0,0,0,0,0,0,0,0
6.647238,0,0,0,0,0,0,0,0
6.648726,0,0,0,0,0,0,0,0
6.650224,0,0,0,0,0,0,0,0
6.651720,0,0,0,0,0,0,0,0
6.653236,0,0,0,0,0,0,0,0
6.654671,0,0,0,0,0,0,0,0
6.656107,0,0,0,0,0,0,0,0
6.657567,0,0,0,0,0,0,0,0
6.659043,0,0,0,0,0,0,0,0
6.660481,0,0,0,0,0,0,0,0
6.661921,0,0,0,0,0,0,0,0
6.663392,0,0,0,0,0,0,0,0
6.664827,0,0,0,0,0,0,0,0
6.666264,0,0,0,0,0,0,0,0
6.667742,0,0,0,0,0,0,0,0
6.669224,0,0,0,0,0,0,0,0
6.670765,0,0,0,0,0,0,0,0
6.672202,0,0,0,0,0,0,0,0
6.673638,0,0,0,0,0,0,0,0
6.689762,0,0,0,0,0,0,0,0
6.691241,0,0,0,0,0,0,0,0
6.692685,0,0,0,0,0,0,0,0
6.694127,0,0,0,0,0,0,0,0
6.695564,0,0,0,0,0,0,0,0
6.697001,0,0,0,0,0,0,0,0
6.698439,0,0,0,0,0,0,0,0
6.699902,0,0,0,0,0,0,0,0
6.701340,0,0,0,0,0,0,0,0
6.702777,0,0,0,0,0,0,0,0
6.704223,0,0,0,0,0,0,0,0
6.705662,0,0,0,0,0,0,0,0
6.707099,0,0,0,0,0,0,0,0
6.708537,0,0,0,0,0,0,0,0
6.709973,0,0,0,0,0,0,0,0
6.711434,0,0,0,0,0,0,0,0
6.712873,0,0,0,0,0,0,0,0
6.714311,0,0,0,0,0,0,0,0
6.715768,0,0,0,0,0,0,0,0
6.717204,0,0,0,0,0,0,0,0
6.718642,0,0,0,0,0,0,0,0
6.724860,0,0,0,0,0,0,0,0
6.729822,0,0,0,0,0,0,0,0
6.731314,0,0,0,0,0,0,0,0
6.732801,0,0,0,0,0,0,0,0
6.737785,0,0,0,0,0,0,0,0
6.739269,0,0,0,0,0,0,0,0
6.740827,0,0,0,0,0,0,0,0
6.742271,0,0,0,0,0,0,0,0
6.743708,0,0,0,0,0,0,0,0
6.745147,0,0,0,0,0,0,0,0
6.746653,0,0,0,0,0,0,0,0
6.748091,0,0,0,0,0,0,0,0
6.749532,0,0,0,0,0,0,0,0
6.751020,0,0,0,0,0,0,0,0
6.752511,0,0,0,0,0,0,0,0
6.754015,0,0,0,0,0,0,0,0
6.755511,0,0,0,0,0,0,0,0
6.756998,0,0,0,0,0,0,0,0
6.758485,0,0,0,0,0,0,0,0
6.759972,0,0,0,0,0,0,0,0
6.761462,0,0,0,0,0,0,0,0
6.762952,0,0,0,0,0,0,0,0
6.764462,0,0,0,0,0,0,0,0
6.765890,0,0,0,0,0,0,0,0
6.767378,0,0,0,0,0,0,0,0
6.768876,0,0,0,0,0,0,0,0
6.770364,0,0,0,0,0,0,0,0
6.771857,0,0,0,0,0,0,0,0
6.776643,0,0,0,0,0,0,0,0
6.778135,0,0,0,0,0,0,0,0
6.779621,0,0,0,0,0,0,0,0
6.781108,0,0,0,0,0,0,0,0
6.782548,0,0,0,0,0,0,0,0
6.783991,0,0,0,0,0,0,0,0
6.785428,0,0,0,0,0,0,0,0
6.786868,0,0,0,0,0,0,0,0
6.788323,0,0,0,0,0,0,0,0
6.789778,0,0,0,0,0,0,0,0
6.791216,0,0,0,0,0,0,0,0
6.792633,0,0,0,0,0,0,0,0
6.794077,0,0,0,0,0,0,0,0
6.795515,0,0,0,0,0,0,0,0
6.796964,0,0,0,0,0,0,0,0
6.798401,0,0,0,0,0,0,0,0
6.799839,0,0,0,0,0,0,0,0
6.801282,0,0,0,0,0,0,0,0
6.802728,0,0,0,0,0,0,0,0
6.804189,0,0,0,0,0,0,0,0
6.805631,0,0,0,0,0,0,0,0
6.807071,0,0,0,0,0,0,0,0
6.808524,0,0,0,0,0,0,0,0
6.809959,0,0,0,0,0,0,0,0
6.811397,0,0,0,0,0,0,0,0
6.812836,0,0,0,0,0,0,0,0
6.814279,0,0,0,0,0,0,0,0
6.815717,0,0,0,0,0,0,0,0
6.817156,0,0,0,0,0,0,0,0
6.818595,0,0,0,0,0,0,0,0
6.820049,0,0,0,0,0,0,0,0
6.824628,0,0,0,0,0,0,0,0
6.826073,0,0,0,0,0,0,0,0
6.827511,0,0,0,0,0,0,0,0
6.828969,0,0,0,0,0,0,0,0
6.830455,0,0,0,0,0,0,0,0
6.831944,0,0,0,0,0,0,0,0
6.833431,0,0,0,0,0,0,0,0
6.834918,0,0,0,0,0,0,0,0
6.836433,0,0,0,0,0,0,0,0
6.837915,0,0,0,0,0,0,0,0
6.839399,0,0,0,0,0,0,0,0
6.840886,0,0,0,0,0,0,0,0
6.842373,0,0,0,0,0,0,0,0
6.843880,0,0,0,0,0,0,0,0
6.845365,0,0,0,0,0,0,0,0
6.846856,0,0,0,0,0,0,0,0
6.848343,0,0,0,0,0,0,0,0
6.849784,0,0,0,0,0,0,0,0
6.851271,0,0,0,0,0,0,0,0
6.852758,0,0,0,0,0,0,0,0
6.854246,0,0,0,0,0,0,0,0
6.855731,0,0,0,0,0,0,0,0
6.857231,0,0,0,0,0,0,0,0
6.858723,0,0,0,0,0,0,0,0
6.860209,0,0,0,0,0,0,0,0
6.861821,0,0,0,0,0,0,0,0
6.863308,0,0,0,0,0,0,0,0
6.864801,0,0,0,0,0,0,0,0
6.866288,0,0,0,0,0,0,0,0
6.867807,0,0,0,0,0,0,0,0
6.869294,0,0,0,0,0,0,0,0
6.870783,0,0,0,0,0,0,0,0
6.872268,0,0,0,0,0,0,0,0
6.873777,0,0,0,0,0,0,0,0
6.876690,0,0,0,0,0,0,0,0
6.878185,0,0,0,0,0,0,0,0
6.879670,0,0,0,0,0,0,0,0
6.881159,0,0,0,0,0,0,0,0
6.882646,0,0,0,0,0,0,0,0
6.884134,0,0,0,0,0,0,0,0
6.885621,0,0,0,0,0,0,0,0
6.887108,0,0,0,0,0,0,0,0
6.888600,0,0,0,0,0,0,0,0
6.890088,0,0,0,0,0,0,0,0
6.891574,0,0,0,0,0,0,0,0
6.893082,0,0,0,0,0,0,0,0
6.894521,0,0,0,0,0,0,0,0
6.895956,0,0,0,0,0,0,0,0
6.897395,0,0,0,0,0,0,0,0
6.904634,0,0,0,0,0,0,0,0
6.906122,0,0,0,0,0,0,0,0
6.907609,0,0,0,0,0,0,0,0
6.909129,0,0,0,0,0,0,0,0
6.910615,0,0,0,0,0,0,0,0
6.912104,0,0,0,0,0,0,0,0
6.913591,0,0,0,0,0,0,0,0
6.915078,0,0,0,0,0,0,0,0
6.916567,0,0,0,0,0,0,0,0
6.918040,0,0,0,0,0,0,0,0
6.919538,0,0,0,0,0,0,0,0
6.921026,0,0,0,0,0,0,0,0
6.922516,0,0,0,0,0,0,0,0
6.924004,0,0,0,0,0,0,0,0
6.925493,0,0,0,0,0,0,0,0
6.926981,0,0,0,0,0,0,0,0
6.928467,0,0,0,0,0,0,0,0
6.929904,0,0,0,0,0,0,0,0
6.931386,0,0,0,0,0,0,0,0
6.932871,0,0,0,0,0,0,0,0
6.934357,0,0,0,0,0,0,0,0
6.935843,0,0,0,0,0,0,0,0
6.937329,0,0,0,0,0,0,0,0
6.938813,0,0,0,0,0,0,0,0
6.940326,0,0,0,0,0,0,0,0
6.941869,0,0,0,0,0,0,0,0
6.943355,0,0,0,0,0,0,0,0
6.944840,0,0,0,0,0,0,0,0
6.946326,0,0,0,0,0,0,0,0
6.947819,0,0,0,0,0,0,0,0
6.949307,0,0,0,0,0,0,0,0
6.950802,0,0,0,0,0,0,0,0
6.952290,0,0,0,0,0,0,0,0
6.953785,0,0,0,0,0,0,0,0
6.955271,0,0,0,0,0,0,0,0
6.956756,0,0,0,0,0,0,0,0
6.958245,0,0,0,0,0,0,0,0
6.959733,0,0,0,0,0,0,0,0
6.961227,0,0,0,0,0,0,0,0
6.962714,0,0,0,0,0,0,0,0
6.964223,0,0,0,0,0,0,0,0
6.965770,0,0,0,0,0,0,0,0
6.967263,0,0,0,0,0,0,0,0
6.968750,0,0,0,0,0,0,0,0
6.970237,0,0,0,0,0,0,0,0
6.971732,0,0,0,0,0,0,0,0
6.973237,0,0,0,0,0,0,0,0
6.974675,0,0,0,0,0,0,0,0
6.976112,0,0,0,0,0,0,0,0
6.977551,0,0,0,0,0,0,0,0
6.978988,0,0,0,0,0,0,0,0
6.980429,0,0,0,0,0,0,0,0
6.981927,0,0,0,0,0,0,0,0
6.983412,0,0,0,0,0,0,0,0
6.984899,0,0,0,0,0,0,0,0
6.986386,0,0,0,0,0,0,0,0
6.987898,0,0,0,0,0,0,0,0
6.989385,0,0,0,0,0,0,0,0
6.990872,0,0,0,0,0,0,0,0
6.992364,0,0,0,0,0,0,0,0
6.993852,0,0,0,0,0,0,0,0
7.000634,0,0,0,0,0,0,0,0
7.002123,0,0,0,0,0,0,0,0
7.003616,0,0,0,0,0,0,0,0
7.005130,0,0,0,0,0,0,0,0
7.006616,0,0,0,0,0,0,0,0
7.008103,0,0,0,0,0,0,0,0
7.009593,0,0,0,0,0,0,0,0
7.011079,0,0,0,0,0,0,0,0
7.012570,0,0,0,0,0,0,0,0
7.014034,0,0,0,0,0,0,0,0
7.015521,0,0,0,0,0,0,0,0
7.017012,0,0,0,0,0,0,0,0
7.018497,0,0,0,0,0,0,0,0
7.020008,0,0,0,0,0,0,0,0
7.021497,0,0,0,0,0,0,0,0
7.022985,0,0,0,0,0,0,0,0
7.024476,0,0,0,0,0,0,0,0
7.025962,0,0,0,0,0,0,0,0
7.027447,0,0,0,0,0,0,0,0
7.028958,0,0,0,0,0,0,0,0
7.030511,0,0,0,0,0,0,0,0
7.032003,0,0,0,0,0,0,0,0
7.033491,0,0,0,0,0,0,0,0
7.034985,0,0,0,0,0,0,0,0
7.036496,0,0,0,0,0,0,0,0
7.037989,0,0,0,0,0,0,0,0
7.039476,0,0,0,0,0,0,0,0
7.040963,0,0,0,0,0,0,0,0
7.042447,0,0,0,0,0,0,0,0
7.043955,0,0,0,0,0,0,0,0
7.045443,0,0,0,0,0,0,0,0
7.046894,0,0,0,0,0,0,0,0
7.048332,0,0,0,0,0,0,0,0
7.049739,0,0,0,0,0,0,0,0
7.051177,0,0,0,0,0,0,0,0
7.052615,0,0,0,0,0,0,0,0
7.054126,0,0,0,0,0,0,0,0
7.055617,0,0,0,0,0,0,0,0
7.057105,0,0,0,0,0,0,0,0
7.058590,0,0,0,0,0,0,0,0
7.060079,0,0,0,0,0,0,0,0
7.061563,0,0,0,0,0,0,0,0
7.063051,0,0,0,0,0,0,0,0
7.064537,0,0,0,0,0,0,0,0
7.066019,0,0,0,0,0,0,0,0
7.067520,0,0,0,0,0,0,0,0
7.069031,0,0,0,0,0,0,0,0
7.070518,0,0,0,0,0,0,0,0
7.072113,0,0,0,0,0,0,0,0
7.073668,0,0,0,0,0,0,0,0
7.075160,0,0,0,0,0,0,0,0
7.076607,0,0,0,0,0,0,0,0
7.078068,0,0,0,0,0,0,0,0
7.079503,0,0,0,0,0,0,0,0
7.080939,0,0,0,0,0,0,0,0
7.082374,0,0,0,0,0,0,0,0
7.088629,0,0,0,0,0,0,0,0
7.090073,0,0,0,0,0,0,0,0
7.091511,0,0,0,0,0,0,0,0
7.092967,0,0,0,0,0,0,0,0
7.094405,0,0,0,0,0,0,0,0
7.095843,0,0,0,0,0,0,0,0
7.097281,0,0,0,0,0,0,0,0
7.098718,0,0,0,0,0,0,0,0
7.100179,0,0,0,0,0,0,0,0
7.101622,0,0,0,0,0,0,0,0
7.103061,0,0,0,0,0,0,0,0
7.104499,0,0,0,0,0,0,0,0
7.105939,0,0,0,0,0,0,0,0
7.107378,0,0,0,0,0,0,0,0
7.108819,0,0,0,0,0,0,0,0
7.110262,0,0,0,0,0,0,0,0
7.111700,0,0,0,0,0,0,0,0
7.113140,0,0,0,0,0,0,0,0
7.114578,0,0,0,0,0,0,0,0
7.116032,0,0,0,0,0,0,0,0
7.117470,0,0,0,0,0,0,0,0
7.118910,0,0,0,0,0,0,0,0
7.120354,0,0,0,0,0,0,0,0
7.121741,0,0,0,0,0,0,0,0
7.123178,0,0,0,0,0,0,0,0
7.124641,0,0,0,0,0,0,0,0
7.126080,0,0,0,0,0,0,0,0
7.127519,0,0,0,0,0,0,0,0
7.128957,0,0,0,0,0,0,0,0
7.130398,0,0,0,0,0,0,0,0
7.131854,0,0,0,0,0,0,0,0
7.133292,0,0,0,0,0,0,0,0
7.134730,0,0,0,0,0,0,0,0
7.136168,0,0,0,0,0,0,0,0
7.137607,0,0,0,0,0,0,0,0
7.139045,0,0,0,0,0,0,0,0
7.140491,0,0,0,0,0,0,0,0
7.144636,0,0,0,0,0,0,0,0
7.146127,0,0,0,0,0,0,0,0
7.147611,0,0,0,0,0,0,0,0
7.149099,0,0,0,0,0,0,0,0
7.150591,0,0,0,0,0,0,0,0
7.152075,0,0,0,0,0,0,0,0
7.153560,0,0,0,0,0,0,0,0
7.155050,0,0,0,0,0,0,0,0
7.156539,0,0,0,0,0,0,0,0
7.158030,0,0,0,0,0,0,0,0
7.159517,0,0,0,0,0,0,0,0
7.161012,0,0,0,0,0,0,0,0
7.162498,0,0,0,0,0,0,0,0
7.164009,0,0,0,0,0,0,0,0
7.165497,0,0,0,0,0,0,0,0
7.166981,0,0,0,0,0,0,0,0
7.168467,0,0,0,0,0,0,0,0
7.169899,0,0,0,0,0,0,0,0
7.171391,0,0,0,0,0,0,0,0
7.172877,0,0,0,0,0,0,0,0
7.174361,0,0,0,0,0,0,0,0
7.175849,0,0,0,0,0,0,0,0
7.177335,0,0,0,0,0,0,0,0
7.178821,0,0,0,0,0,0,0,0
7.180311,0,0,0,0,0,0,0,0
7.181893,0,0,0,0,0,0,0,0
7.183331,0,0,0,0,0,0,0,0
7.188661,0,0,0,0,0,0,0,0
7.190150,0,0,0,0,0,0,0,0
7.191636,0,0,0,0,0,0,0,0
7.193139,0,0,0,0,0,0,0,0
7.194625,0,0,0,0,0,0,0,0
7.196114,0,0,0,0,0,0,0,0
7.197600,0,0,0,0,0,0,0,0
7.199087,0,0,0,0,0,0,0,0
7.200572,0,0,0,0,0,0,0,0
7.202012,0,0,0,0,0,0,0,0
7.203507,0,0,0,0,0,0,0,0
7.205020,0,0,0,0,0,0,0,0
7.206509,0,0,0,0,0,0,0,0
7.207999,0,0,0,0,0,0,0,0
7.209489,0,0,0,0,0,0,0,0
7.210976,0,0,0,0,0,0,0,0
7.212486,0,0,0,0,0,0,0,0
7.213988,0,0,0,0,0,0,0,0
7.215476,0,0,0,0,0,0,0,0
7.216964,0,0,0,0,0,0,0,0
7.218450,0,0,0,0,0,0,0,0
7.219960,0,0,0,0,0,0,0,0
7.221448,0,0,0,0,0,0,0,0
7.222935,0,0,0,0,0,0,0,0
7.224431,0,0,0,0,0,0,0,0
7.225897,0,0,0,0,0,0,0,0
7.227384,0,0,0,0,0,0,0,0
7.228873,0,0,0,0,0,0,0,0
7.230361,0,0,0,0,0,0,0,0
7.231846,0,0,0,0,0,0,0,0
7.233333,0,0,0,0,0,0,0,0
7.234827,0,0,0,0,0,0,0,0
7.236338,0,0,0,0,0,0,0,0
7.244651,0,0,0,0,0,0,0,0
7.246146,0,0,0,0,0,0,0,0
7.247637,0,0,0,0,0,0,0,0
7.249124,0,0,0,0,0,0,0,0
7.250610,0,0,0,0,0,0,0,0
7.252121,0,0,0,0,0,0,0,0
7.253607,0,0,0,0,0,0,0,0
7.255095,0,0,0,0,0,0,0,0
7.256588,0,0,0,0,0,0,0,0
7.258077,0,0,0,0,0,0,0,0
7.259565,0,0,0,0,0,0,0,0
7.261076,0,0,0,0,0,0,0,0
7.262561,0,0,0,0,0,0,0,0
7.264048,0,0,0,0,0,0,0,0
7.268662,0,0,0,0,0,0,0,0
7.270114,0,0,0,0,0,0,0,0
7.271552,0,0,0,0,0,0,0,0
7.272991,0,0,0,0,0,0,0,0
7.274430,0,0,0,0,0,0,0,0
7.275887,0,0,0,0,0,0,0,0
7.277329,0,0,0,0,0,0,0,0
7.278817,0,0,0,0,0,0,0,0
7.280310,0,0,0,0,0,0,0,0
7.281786,0,0,0,0,0,0,0,0
7.283273,0,0,0,0,0,0,0,0
7.284759,0,0,0,0,0,0,0,0
7.286247,0,0,0,0,0,0,0,0
7.287731,0,0,0,0,0,0,0,0
7.289227,0,0,0,0,0,0,0,0
7.290728,0,0,0,0,0,0,0,0
7.292219,0,0,0,0,0,0,0,0
7.293771,0,0,0,0,0,0,0,0
7.295210,0,0,0,0,0,0,0,0
7.296632,0,0,0,0,0,0,0,0
7.298072,0,0,0,0,0,0,0,0
7.299510,0,0,0,0,0,0,0,0
7.300975,0,0,0,0,0,0,0,0
7.302465,0,0,0,0,0,0,0,0
7.303954,0,0,0,0,0,0,0,0
7.305401,0,0,0,0,0,0,0,0
7.306841,0,0,0,0,0,0,0,0
7.308280,0,0,0,0,0,0,0,0
7.309776,0,0,0,0,0,0,0,0
7.311226,0,0,0,0,0,0,0,0
7.312633,0,0,0,0,0,0,0,0
7.314074,0,0,0,0,0,0,0,0
7.315512,0,0,0,0,0,0,0,0
7.316954,0,0,0,0,0,0,0,0
7.318516,0,0,0,0,0,0,0,0
7.320055,0,0,0,0,0,0,0,0
7.321564,0,0,0,0,0,0,0,0
7.328636,0,0,0,0,0,0,0,0
7.330006,0,0,0,0,0,0,0,0
7.331445,0,0,0,0,0,0,0,0
7.332904,0,0,0,0,0,0,0,0
7.334350,0,0,0,0,0,0,0,0
7.335788,0,0,0,0,0,0,0,0
7.337226,0,0,0,0,0,0,0,0
7.338664,0,0,0,0,0,0,0,0
7.340120,0,0,0,0,0,0,0,0
7.341557,0,0,0,0,0,0,0,0
7.343002,0,0,0,0,0,0,0,0
7.344442,0,0,0,0,0,0,0,0
7.345859,0,0,0,0,0,0,0,0
7.347297,0,0,0,0,0,0,0,0
7.348735,0,0,0,0,0,0,0,0
7.350173,0,0,0,0,0,0,0,0
7.351611,0,0,0,0,0,0,0,0
7.353054,0,0,0,0,0,0,0,0
7.354493,0,0,0,0,0,0,0,0
7.355948,0,0,0,0,0,0,0,0
7.357389,0,0,0,0,0,0,0,0
7.358831,0,0,0,0,0,0,0,0
7.360268,0,0,0,0,0,0,0,0
7.361723,0,0,0,0,0,0,0,0
7.363168,0,0,0,0,0,0,0,0
7.364645,0,0,0,0,0,0,0,0
7.366084,0,0,0,0,0,0,0,0
7.367522,0,0,0,0,0,0,0,0
7.368960,0,0,0,0,0,0,0,0
7.370397,0,0,0,0,0,0,0,0
7.371838,0,0,0,0,0,0,0,0
7.373289,0,0,0,0,0,0,0,0
7.374728,0,0,0,0,0,0,0,0
7.376165,0,0,0,0,0,0,0,0
7.377605,0,0,0,0,0,0,0,0
7.379097,0,0,0,0,0,0,0,0
7.380534,0,0,0,0,0,0,0,0
7.381970,0,0,0,0,0,0,0,0
7.383416,0,0,0,0,0,0,0,0
7.384854,0,0,0,0,0,0,0,0
7.386294,0,0,0,0,0,0,0,0
7.387732,0,0,0,0,0,0,0,0
7.389190,0,0,0,0,0,0,0,0
7.390629,0,0,0,0,0,0,0,0
7.392069,0,0,0,0,0,0,0,0
7.393512,0,0,0,0,0,0,0,0
7.394951,0,0,0,0,0,0,0,0
7.396434,0,0,0,0,0,0,0,0
7.397870,0,0,0,0,0,0,0,0
7.399445,0,0,0,0,0,0,0,0
7.401012,0,0,0,0,0,0,0,0
7.402497,0,0,0,0,0,0,0,0
7.404011,0,0,0,0,0,0,0,0
7.405495,0,0,0,0,0,0,0,0
7.406932,0,0,0,0,0,0,0,0
7.408369,0,0,0,0,0,0,0,0
7.409741,0,0,0,0,0,0,0,0
7.411180,0,0,0,0,0,0,0,0
7.412697,0,0,0,0,0,0,0,0
7.414142,0,0,0,0,0,0,0,0
7.415580,0,0,0,0,0,0,0,0
7.417016,0,0,0,0,0,0,0,0
7.418454,0,0,0,0,0,0,0,0
7.419908,0,0,0,0,0,0,0,0
7.421348,0,0,0,0,0,0,0,0
7.422787,0,0,0,0,0,0,0,0
7.424230,0,0,0,0,0,0,0,0
7.425669,0,0,0,0,0,0,0,0
7.427107,0,0,0,0,0,0,0,0
7.428561,0,0,0,0,0,0,0,0
7.430007,0,0,0,0,0,0,0,0
7.431498,0,0,0,0,0,0,0,0
7.432996,0,0,0,0,0,0,0,0
7.434532,0,0,0,0,0,0,0,0
7.435993,0,0,0,0,0,0,0,0
7.437451,0,0,0,0,0,0,0,0
7.438933,0,0,0,0,0,0,0,0
7.440369,0,0,0,0,0,0,0,0
7.441740,0,0,0,0,0,0,0,0
7.443178,0,0,0,0,0,0,0,0
7.444677,0,0,0,0,0,0,0,0
7.446117,0,0,0,0,0,0,0,0
7.447686,0,0,0,0,0,0,0,0
7.449161,0,0,0,0,0,0,0,0
7.450818,0,0,0,0,0,0,0,0
7.452252,0,0,0,0,0,0,0,0
7.453723,0,0,0,0,0,0,0,0
7.460664,0,0,0,0,0,0,0,0
7.462104,0,0,0,0,0,0,0,0
7.463542,0,0,0,0,0,0,0,0
7.464981,0,0,0,0,0,0,0,0
7.466427,0,0,0,0,0,0,0,0
7.467883,0,0,0,0,0,0,0,0
7.469322,0,0,0,0,0,0,0,0
7.470761,0,0,0,0,0,0,0,0
7.472198,0,0,0,0,0,0,0,0
7.473639,0,0,0,0,0,0,0,0
7.475078,0,0,0,0,0,0,0,0
7.476523,0,0,0,0,0,0,0,0
7.477975,0,0,0,0,0,0,0,0
7.479415,0,0,0,0,0,0,0,0
7.480853,0,0,0,0,0,0,0,0
7.482292,0,0,0,0,0,0,0,0
7.483731,0,0,0,0,0,0,0,0
7.485188,0,0,0,0,0,0,0,0
7.486633,0,0,0,0,0,0,0,0
7.488071,0,0,0,0,0,0,0,0
7.489511,0,0,0,0,0,0,0,0
7.490948,0,0,0,0,0,0,0,0
7.492401,0,0,0,0,0,0,0,0
7.493862,0,0,0,0,0,0,0,0
7.495304,0,0,0,0,0,0,0,0
7.496750,0,0,0,0,0,0,0,0
7.498188,0,0,0,0,0,0,0,0
7.499628,0,0,0,0,0,0,0,0
7.501068,0,0,0,0,0,0,0,0
7.502510,0,0,0,0,0,0,0,0
7.503948,0,0,0,0,0,0,0,0
7.505387,0,0,0,0,0,0,0,0
7.506832,0,0,0,0,0,0,0,0
7.508286,0,0,0,0,0,0,0,0
7.509777,0,0,0,0,0,0,0,0
7.511214,0,0,0,0,0,0,0,0
7.512633,0,0,0,0,0,0,0,0
7.514072,0,0,0,0,0,0,0,0
7.515511,0,0,0,0,0,0,0,0
7.516978,0,0,0,0,0,0,0,0
7.518468,0,0,0,0,0,0,0,0
7.519994,0,0,0,0,0,0,0,0
7.521559,0,0,0,0,0,0,0,0
7.523057,0,0,0,0,0,0,0,0
7.524569,0,0,0,0,0,0,0,0
7.525990,0,0,0,0,0,0,0,0
7.527436,0,0,0,0,0,0,0,0
7.528876,0,0,0,0,0,0,0,0
7.530315,0,0,0,0,0,0,0,0
7.531770,0,0,0,0,0,0,0,0
7.533213,0,0,0,0,0,0,0,0
7.534700,0,0,0,0,0,0,0,0
7.536187,0,0,0,0,0,0,0,0
7.537717,0,0,0,0,0,0,0,0
7.539211,0,0,0,0,0,0,0,0
7.540701,0,0,0,0,0,0,0,0
7.542190,0,0,0,0,0,0,0,0
7.543675,0,0,0,0,0,0,0,0
7.545165,0,0,0,0,0,0,0,0
7.546650,0,0,0,0,0,0,0,0
7.548168,0,0,0,0,0,0,0,0
7.549653,0,0,0,0,0,0,0,0
7.551091,0,0,0,0,0,0,0,0
7.552529,0,0,0,0,0,0,0,0
7.553961,0,0,0,0,0,0,0,0
7.555398,0,0,0,0,0,0,0,0
7.556838,0,0,0,0,0,0,0,0
7.558301,0,0,0,0,0,0,0,0
7.559740,0,0,0,0,0,0,0,0
7.561179,0,0,0,0,0,0,0,0
7.562617,0,0,0,0,0,0,0,0
7.564070,0,0,0,0,0,0,0,0
7.565511,0,0,0,0,0,0,0,0
7.566950,0,0,0,0,0,0,0,0
7.568397,0,0,0,0,0,0,0,0
7.569858,0,0,0,0,0,0,0,0
7.571297,0,0,0,0,0,0,0,0
7.572737,0,0,0,0,0,0,0,0
7.574174,0,0,0,0,0,0,0,0
7.575612,0,0,0,0,0,0,0,0
7.580642,0,0,0,0,0,0,0,0
7.582100,0,0,0,0,0,0,0,0
7.583540,0,0,0,0,0,0,0,0
7.584979,0,0,0,0,0,0,0,0
7.586418,0,0,0,0,0,0,0,0
7.587859,0,0,0,0,0,0,0,0
7.589299,0,0,0,0,0,0,0,0
7.590737,0,0,0,0,0,0,0,0
7.592185,0,0,0,0,0,0,0,0
7.593624,0,0,0,0,0,0,0,0
7.595061,0,0,0,0,0,0,0,0
7.596515,0,0,0,0,0,0,0,0
7.598014,0,0,0,0,0,0,0,0
7.599500,0,0,0,0,0,0,0,0
7.600988,0,0,0,0,0,0,0,0
7.602483,0,0,0,0,0,0,0,0
7.603998,0,0,0,0,0,0,0,0
7.605484,0,0,0,0,0,0,0,0
7.606969,0,0,0,0,0,0,0,0
7.608455,0,0,0,0,0,0,0,0
7.609896,0,0,0,0,0,0,0,0
7.611382,0,0,0,0,0,0,0,0
7.612914,0,0,0,0,0,0,0,0
7.614400,0,0,0,0,0,0,0,0
7.615887,0,0,0,0,0,0,0,0
7.617373,0,0,0,0,0,0,0,0
7.618861,0,0,0,0,0,0,0,0
7.620378,0,0,0,0,0,0,0,0
7.621866,0,0,0,0,0,0,0,0
7.623310,0,0,0,0,0,0,0,0
7.624749,0,0,0,0,0,0,0,0
7.626187,0,0,0,0,0,0,0,0
7.627625,0,0,0,0,0,0,0,0
7.629084,0,0,0,0,0,0,0,0
7.630576,0,0,0,0,0,0,0,0
7.632067,0,0,0,0,0,0,0,0
7.633563,0,0,0,0,0,0,0,0
7.635051,0,0,0,0,0,0,0,0
7.636559,0,0,0,0,0,0,0,0
7.638032,0,0,0,0,0,0,0,0
7.639517,0,0,0,0,0,0,0,0
7.641003,0,0,0,0,0,0,0,0
7.642490,0,0,0,0,0,0,0,0
7.648635,0,0,0,0,0,0,0,0
7.650130,0,0,0,0,0,0,0,0
7.651616,0,0,0,0,0,0,0,0
7.653125,0,0,0,0,0,0,0,0
7.654622,0,0,0,0,0,0,0,0
7.656108,0,0,0,0,0,0,0,0
7.657594,0,0,0,0,0,0,0,0
7.659079,0,0,0,0,0,0,0,0
7.660567,0,0,0,0,0,0,0,0
7.662030,0,0,0,0,0,0,0,0
7.663517,0,0,0,0,0,0,0,0
7.665012,0,0,0,0,0,0,0,0
7.666500,0,0,0,0,0,0,0,0
7.668008,0,0,0,0,0,0,0,0
7.669494,0,0,0,0,0,0,0,0
7.670981,0,0,0,0,0,0,0,0
7.672472,0,0,0,0,0,0,0,0
7.673898,0,0,0,0,0,0,0,0
7.675391,0,0,0,0,0,0,0,0
7.676880,0,0,0,0,0,0,0,0
7.678366,0,0,0,0,0,0,0,0
7.679852,0,0,0,0,0,0,0,0
7.681339,0,0,0,0,0,0,0,0
7.682825,0,0,0,0,0,0,0,0
7.684314,0,0,0,0,0,0,0,0
7.685850,0,0,0,0,0,0,0,0
7.687339,0,0,0,0,0,0,0,0
7.688827,0,0,0,0,0,0,0,0
7.690312,0,0,0,0,0,0,0,0
7.691825,0,0,0,0,0,0,0,0
7.693314,0,0,0,0,0,0,0,0
7.694800,0,0,0,0,0,0,0,0
7.696295,0,0,0,0,0,0,0,0
7.697785,0,0,0,0,0,0,0,0
7.699272,0,0,0,0,0,0,0,0
7.700759,0,0,0,0,0,0,0,0
7.702247,0,0,0,0,0,0,0,0
7.703734,0,0,0,0,0,0,0,0
7.705220,0,0,0,0,0,0,0,0
7.706715,0,0,0,0,0,0,0,0
7.708225,0,0,0,0,0,0,0,0
7.709779,0,0,0,0,0,0,0,0
7.711264,0,0,0,0,0,0,0,0
7.712751,0,0,0,0,0,0,0,0
7.714236,0,0,0,0,0,0,0,0
7.715722,0,0,0,0,0,0,0,0
7.717238,0,0,0,0,0,0,0,0
7.720629,0,0,0,0,0,0,0,0
7.722069,0,0,0,0,0,0,0,0
7.723505,0,0,0,0,0,0,0,0
7.724965,0,0,0,0,0,0,0,0
7.726452,0,0,0,0,0,0,0,0
7.727949,0,0,0,0,0,0,0,0
7.729436,0,0,0,0,0,0,0,0
7.730877,0,0,0,0,0,0,0,0
7.732320,0,0,0,0,0,0,0,0
7.733781,0,0,0,0,0,0,0,0
7.735219,0,0,0,0,0,0,0,0
7.736632,0,0,0,0,0,0,0,0
7.738079,0,0,0,0,0,0,0,0
7.739519,0,0,0,0,0,0,0,0
7.740957,0,0,0,0,0,0,0,0
7.742396,0,0,0,0,0,0,0,0
7.743837,0,0,0,0,0,0,0,0
7.745276,0,0,0,0,0,0,0,0
7.746806,0,0,0,0,0,0,0,0
7.748302,0,0,0,0,0,0,0,0
7.749838,0,0,0,0,0,0,0,0
7.751324,0,0,0,0,0,0,0,0
7.752817,0,0,0,0,0,0,0,0
7.754304,0,0,0,0,0,0,0,0
7.755816,0,0,0,0,0,0,0,0
7.760635,0,0,0,0,0,0,0,0
7.762129,0,0,0,0,0,0,0,0
7.763615,0,0,0,0,0,0,0,0
7.765125,0,0,0,0,0,0,0,0
7.766616,0,0,0,0,0,0,0,0
7.768104,0,0,0,0,0,0,0,0
7.769590,0,0,0,0,0,0,0,0
7.771081,0,0,0,0,0,0,0,0
7.772575,0,0,0,0,0,0,0,0
7.774030,0,0,0,0,0,0,0,0
7.775518,0,0,0,0,0,0,0,0
7.777002,0,0,0,0,0,0,0,0
7.778487,0,0,0,0,0,0,0,0
7.780001,0,0,0,0,0,0,0,0
7.781487,0,0,0,0,0,0,0,0
7.782982,0,0,0,0,0,0,0,0
7.784470,0,0,0,0,0,0,0,0
7.785898,0,0,0,0,0,0,0,0
7.787383,0,0,0,0,0,0,0,0
7.788872,0,0,0,0,0,0,0,0
7.790357,0,0,0,0,0,0,0,0
7.791843,0,0,0,0,0,0,0,0
7.793338,0,0,0,0,0,0,0,0
7.794834,0,0,0,0,0,0,0,0
7.796321,0,0,0,0,0,0,0,0
7.797874,0,0,0,0,0,0,0,0
7.799311,0,0,0,0,0,0,0,0
7.800749,0,0,0,0,0,0,0,0
7.802187,0,0,0,0,0,0,0,0
7.803635,0,0,0,0,0,0,0,0
7.805094,0,0,0,0,0,0,0,0
7.806585,0,0,0,0,0,0,0,0
7.808072,0,0,0,0,0,0,0,0
7.809559,0,0,0,0,0,0,0,0
7.811044,0,0,0,0,0,0,0,0
7.816633,0,0,0,0,0,0,0,0
7.818127,0,0,0,0,0,0,0,0
7.819616,0,0,0,0,0,0,0,0
7.821127,0,0,0,0,0,0,0,0
7.822614,0,0,0,0,0,0,0,0
7.824101,0,0,0,0,0,0,0,0
7.825586,0,0,0,0,0,0,0,0
7.827071,0,0,0,0,0,0,0,0
7.828587,0,0,0,0,0,0,0,0
7.830081,0,0,0,0,0,0,0,0
7.831577,0,0,0,0,0,0,0,0
7.833066,0,0,0,0,0,0,0,0
7.834552,0,0,0,0,0,0,0,0
7.836060,0,0,0,0,0,0,0,0
7.837551,0,0,0,0,0,0,0,0
7.839061,0,0,0,0,0,0,0,0
7.840550,0,0,0,0,0,0,0,0
7.842008,0,0,0,0,0,0,0,0
7.843496,0,0,0,0,0,0,0,0
7.845008,0,0,0,0,0,0,0,0
7.846495,0,0,0,0,0,0,0,0
7.847979,0,0,0,0,0,0,0,0
7.849474,0,0,0,0,0,0,0,0
7.850996,0,0,0,0,0,0,0,0
7.852521,0,0,0,0,0,0,0,0
7.853994,0,0,0,0,0,0,0,0
7.855444,0,0,0,0,0,0,0,0
7.856884,0,0,0,0,0,0,0,0
7.858322,0,0,0,0,0,0,0,0
7.859785,0,0,0,0,0,0,0,0
7.861225,0,0,0,0,0,0,0,0
7.862662,0,0,0,0,0,0,0,0
7.864101,0,0,0,0,0,0,0,0
7.865541,0,0,0,0,0,0,0,0
7.866979,0,0,0,0,0,0,0,0
7.868435,0,0,0,0,0,0,0,0
7.869874,0,0,0,0,0,0,0,0
7.871311,0,0,0,0,0,0,0,0
7.872749,0,0,0,0,0,0,0,0
7.874193,0,0,0,0,0,0,0,0
7.875630,0,0,0,0,0,0,0,0
7.877068,0,0,0,0,0,0,0,0
7.878507,0,0,0,0,0,0,0,0
7.879951,0,0,0,0,0,0,0,0
7.881391,0,0,0,0,0,0,0,0
7.882829,0,0,0,0,0,0,0,0
7.884269,0,0,0,0,0,0,0,0
7.885803,0,0,0,0,0,0,0,0
7.887273,0,0,0,0,0,0,0,0
7.888710,0,0,0,0,0,0,0,0
7.892659,0,0,0,0,0,0,0,0
7.894100,0,0,0,0,0,0,0,0
7.895538,0,0,0,0,0,0,0,0
7.896978,0,0,0,0,0,0,0,0
7.898416,0,0,0,0,0,0,0,0
7.899871,0,0,0,0,0,0,0,0
7.901317,0,0,0,0,0,0,0,0
7.902755,0,0,0,0,0,0,0,0
7.904192,0,0,0,0,0,0,0,0
7.905632,0,0,0,0,0,0,0,0
7.907070,0,0,0,0,0,0,0,0
7.908508,0,0,0,0,0,0,0,0
7.909966,0,0,0,0,0,0,0,0
7.911410,0,0,0,0,0,0,0,0
7.912851,0,0,0,0,0,0,0,0
7.914289,0,0,0,0,0,0,0,0
7.915726,0,0,0,0,0,0,0,0
7.917182,0,0,0,0,0,0,0,0
7.918619,0,0,0,0,0,0,0,0
7.920065,0,0,0,0,0,0,0,0
7.921509,0,0,0,0,0,0,0,0
7.922948,0,0,0,0,0,0,0,0
7.924386,0,0,0,0,0,0,0,0
7.925828,0,0,0,0,0,0,0,0
7.927267,0,0,0,0,0,0,0,0
7.928707,0,0,0,0,0,0,0,0
7.930144,0,0,0,0,0,0,0,0
7.931589,0,0,0,0,0,0,0,0
7.933048,0,0,0,0,0,0,0,0
7.934487,0,0,0,0,0,0,0,0
7.935924,0,0,0,0,0,0,0,0
7.937362,0,0,0,0,0,0,0,0
7.938798,0,0,0,0,0,0,0,0
7.940251,0,0,0,0,0,0,0,0
7.941767,0,0,0,0,0,0,0,0
7.943250,0,0,0,0,0,0,0,0
7.944687,0,0,0,0,0,0,0,0
7.946126,0,0,0,0,0,0,0,0
7.947565,0,0,0,0,0,0,0,0
7.949020,0,0,0,0,0,0,0,0
7.950459,0,0,0,0,0,0,0,0
7.956641,0,0,0,0,0,0,0,0
7.958082,0,0,0,0,0,0,0,0
7.959521,0,0,0,0,0,0,0,0
7.960959,0,0,0,0,0,0,0,0
7.962404,0,0,0,0,0,0,0,0
7.963861,0,0,0,0,0,0,0,0
7.965301,0,0,0,0,0,0,0,0
7.966739,0,0,0,0,0,0,0,0
7.968178,0,0,0,0,0,0,0,0
7.969617,0,0,0,0,0,0,0,0
7.971055,0,0,0,0,0,0,0,0
7.972499,0,0,0,0,0,0,0,0
7.973939,0,0,0,0,0,0,0,0
7.975376,0,0,0,0,0,0,0,0
7.976815,0,0,0,0,0,0,0,0
7.978254,0,0,0,0,0,0,0,0
7.979693,0,0,0,0,0,0,0,0
7.981153,0,0,0,0,0,0,0,0
7.982597,0,0,0,0,0,0,0,0
7.984037,0,0,0,0,0,0,0,0
7.985474,0,0,0,0,0,0,0,0
7.986912,0,0,0,0,0,0,0,0
7.988367,0,0,0,0,0,0,0,0
7.989780,0,0,0,0,0,0,0,0
7.991218,0,0,0,0,0,0,0,0
7.992633,0,0,0,0,0,0,0,0
7.994072,0,0,0,0,0,0,0,0
7.995509,0,0,0,0,0,0,0,0
7.996964,0,0,0,0,0,0,0,0
7.998452,0,0,0,0,0,0,0,0
7.999889,0,0,0,0,0,0,0,0
8.001327,0,0,0,0,0,0,0,0
8.002772,0,0,0,0,0,0,0,0
8.004212,0,0,0,0,0,0,0,0
8.005650,0,0,0,0,0,0,0,0
8.007087,0,0,0,0,0,0,0,0
8.008525,0,0,0,0,0,0,0,0
8.009958,0,0,0,0,0,0,0,0
8.011395,0,0,0,0,0,0,0,0
8.012884,0,0,0,0,0,0,0,0
8.014333,0,0,0,0,0,0,0,0
8.015770,0,0,0,0,0,0,0,0
8.017211,0,0,0,0,0,0,0,0
8.018649,0,0,0,0,0,0,0,0
8.020104,0,0,0,0,0,0,0,0
8.021543,0,0,0,0,0,0,0,0
8.022986,0,0,0,0,0,0,0,0
8.024424,0,0,0,0,0,0,0,0
8.025852,0,0,0,0,0,0,0,0
8.027292,0,0,0,0,0,0,0,0
8.028732,0,0,0,0,0,0,0,0
8.030171,0,0,0,0,0,0,0,0
8.031611,0,0,0,0,0,0,0,0
8.033056,0,0,0,0,0,0,0,0
8.034494,0,0,0,0,0,0,0,0
8.035951,0,0,0,0,0,0,0,0
8.037392,0,0,0,0,0,0,0,0
8.038893,0,0,0,0,0,0,0,0
8.040331,0,0,0,0,0,0,0,0
8.041740,0,0,0,0,0,0,0,0
8.043182,0,0,0,0,0,0,0,0
8.044642,0,0,0,0,0,0,0,0
8.046082,0,0,0,0,0,0,0,0
8.047518,0,0,0,0,0,0,0,0
8.048956,0,0,0,0,0,0,0,0
8.050392,0,0,0,0,0,0,0,0
8.051845,0,0,0,0,0,0,0,0
8.053293,0,0,0,0,0,0,0,0
8.054735,0,0,0,0,0,0,0,0
8.056173,0,0,0,0,0,0,0,0
8.057620,0,0,0,0,0,0,0,0
8.059058,0,0,0,0,0,0,0,0
8.060494,0,0,0,0,0,0,0,0
8.061935,0,0,0,0,0,0,0,0
8.063380,0,0,0,0,0,0,0,0
8.064822,0,0,0,0,0,0,0,0
8.066317,0,0,0,0,0,0,0,0
8.069856,0,0,0,0,0,0,0,0
8.071340,0,0,0,0,0,0,0,0
8.072826,0,0,0,0,0,0,0,0
8.074324,0,0,0,0,0,0,0,0
8.075822,0,0,0,0,0,0,0,0
8.077309,0,0,0,0,0,0,0,0
8.078804,0,0,0,0,0,0,0,0
8.080303,0,0,0,0,0,0,0,0
8.081839,0,0,0,0,0,0,0,0
8.083332,0,0,0,0,0,0,0,0
8.084868,0,0,0,0,0,0,0,0
8.086465,0,0,0,0,0,0,0,0
8.088051,0,0,0,0,0,0,0,0
8.089636,0,0,0,0,0,0,0,0
8.091215,0,0,0,0,0,0,0,0
8.092911,0,0,0,0,0,0,0,0
8.094535,0,0,0,0,0,0,0,0
8.100490,0,0,0,0,0,0,0,0
8.101936,0,0,0,0,0,0,0,0
8.103373,0,0,0,0,0,0,0,0
8.104812,0,0,0,0,0,0,0,0
8.106254,0,0,0,0,0,0,0,0
8.107689,0,0,0,0,0,0,0,0
8.109150,0,0,0,0,0,0,0,0
8.110636,0,0,0,0,0,0,0,0
8.112074,0,0,0,0,0,0,0,0
8.113513,0,0,0,0,0,0,0,0
8.114997,0,0,0,0,0,0,0,0
8.116500,0,0,0,0,0,0,0,0
8.117995,0,0,0,0,0,0,0,0
8.119490,0,0,0,0,0,0,0,0
8.120976,0,0,0,0,0,0,0,0
8.122458,0,0,0,0,0,0,0,0
8.123948,0,0,0,0,0,0,0,0
8.125432,0,0,0,0,0,0,0,0
8.126929,0,0,0,0,0,0,0,0
8.128415,0,0,0,0,0,0,0,0
8.129892,0,0,0,0,0,0,0,0
8.131378,0,0,0,0,0,0,0,0
8.132829,0,0,0,0,0,0,0,0
8.134268,0,0,0,0,0,0,0,0
8.135708,0,0,0,0,0,0,0,0
8.137154,0,0,0,0,0,0,0,0
8.138592,0,0,0,0,0,0,0,0
8.140050,0,0,0,0,0,0,0,0
8.141494,0,0,0,0,0,0,0,0
8.142987,0,0,0,0,0,0,0,0
8.144474,0,0,0,0,0,0,0,0
8.145902,0,0,0,0,0,0,0,0
8.147398,0,0,0,0,0,0,0,0
8.148887,0,0,0,0,0,0,0,0
8.150380,0,0,0,0,0,0,0,0
8.151875,0,0,0,0,0,0,0,0
8.153381,0,0,0,0,0,0,0,0
8.154866,0,0,0,0,0,0,0,0
8.156375,0,0,0,0,0,0,0,0
8.157873,0,0,0,0,0,0,0,0
8.159309,0,0,0,0,0,0,0,0
8.160744,0,0,0,0,0,0,0,0
8.162177,0,0,0,0,0,0,0,0
8.163611,0,0,0,0,0,0,0,0
8.165068,0,0,0,0,0,0,0,0
8.166556,0,0,0,0,0,0,0,0
8.168051,0,0,0,0,0,0,0,0
8.169540,0,0,0,0,0,0,0,0
8.171025,0,0,0,0,0,0,0,0
8.172513,0,0,0,0,0,0,0,0
8.181546,0,0,0,0,0,0,0,0
8.182995,0,0,0,0,0,0,0,0
8.184435,0,0,0,0,0,0,0,0
8.185858,0,0,0,0,0,0,0,0
8.187308,0,0,0,0,0,0,0,0
8.188750,0,0,0,0,0,0,0,0
8.190210,0,0,0,0,0,0,0,0
8.191686,0,0,0,0,0,0,0,0
8.193129,0,0,0,0,0,0,0,0
8.194566,0,0,0,0,0,0,0,0
8.196041,0,0,0,0,0,0,0,0
8.197477,0,0,0,0,0,0,0,0
8.198915,0,0,0,0,0,0,0,0
8.200352,0,0,0,0,0,0,0,0
8.201745,0,0,0,0,0,0,0,0
8.203190,0,0,0,0,0,0,0,0
8.204664,0,0,0,0,0,0,0,0
8.206103,0,0,0,0,0,0,0,0
8.207539,0,0,0,0,0,0,0,0
8.208974,0,0,0,0,0,0,0,0
8.210409,0,0,0,0,0,0,0,0
8.211859,0,0,0,0,0,0,0,0
8.213300,0,0,0,0,0,0,0,0
8.214740,0,0,0,0,0,0,0,0
8.216179,0,0,0,0,0,0,0,0
8.217618,0,0,0,0,0,0,0,0
8.219056,0,0,0,0,0,0,0,0
8.220495,0,0,0,0,0,0,0,0
8.221938,0,0,0,0,0,0,0,0
8.223382,0,0,0,0,0,0,0,0
8.224822,0,0,0,0,0,0,0,0
8.226260,0,0,0,0,0,0,0,0
8.227697,0,0,0,0,0,0,0,0
8.229153,0,0,0,0,0,0,0,0
8.230598,0,0,0,0,0,0,0,0
8.232033,0,0,0,0,0,0,0,0
8.233477,0,0,0,0,0,0,0,0
8.234916,0,0,0,0,0,0,0,0
8.236355,0,0,0,0,0,0,0,0
8.237772,0,0,0,0,0,0,0,0
8.239210,0,0,0,0,0,0,0,0
8.240632,0,0,0,0,0,0,0,0
8.242070,0,0,0,0,0,0,0,0
8.243514,0,0,0,0,0,0,0,0
8.244971,0,0,0,0,0,0,0,0
8.246408,0,0,0,0,0,0,0,0
8.247847,0,0,0,0,0,0,0,0
8.249286,0,0,0,0,0,0,0,0
8.250723,0,0,0,0,0,0,0,0
8.252178,0,0,0,0,0,0,0,0
8.253625,0,0,0,0,0,0,0,0
8.255111,0,0,0,0,0,0,0,0
8.256598,0,0,0,0,0,0,0,0
8.258087,0,0,0,0,0,0,0,0
8.259575,0,0,0,0,0,0,0,0
8.261085,0,0,0,0,0,0,0,0
8.262571,0,0,0,0,0,0,0,0
8.264064,0,0,0,0,0,0,0,0
8.265552,0,0,0,0,0,0,0,0
8.267037,0,0,0,0,0,0,0,0
8.268523,0,0,0,0,0,0,0,0
8.270113,0,0,0,0,0,0,0,0
8.271765,0,0,0,0,0,0,0,0
8.273544,0,0,0,0,0,0,0,0
8.275038,0,0,0,0,0,0,0,0
8.276551,0,0,0,0,0,0,0,0
8.288634,0,0,0,0,0,0,0,0
8.290130,0,0,0,0,0,0,0,0
8.291617,0,0,0,0,0,0,0,0
8.293127,0,0,0,0,0,0,0,0
8.294625,0,0,0,0,0,0,0,0
8.296113,0,0,0,0,0,0,0,0
8.297600,0,0,0,0,0,0,0,0
8.299086,0,0,0,0,0,0,0,0
8.300603,0,0,0,0,0,0,0,0
8.302093,0,0,0,0,0,0,0,0
8.303579,0,0,0,0,0,0,0,0
8.305067,0,0,0,0,0,0,0,0
8.306552,0,0,0,0,0,0,0,0
8.308063,0,0,0,0,0,0,0,0
8.309551,0,0,0,0,0,0,0,0
8.311046,0,0,0,0,0,0,0,0
8.312535,0,0,0,0,0,0,0,0
8.314017,0,0,0,0,0,0,0,0
8.315505,0,0,0,0,0,0,0,0
8.317015,0,0,0,0,0,0,0,0
8.318505,0,0,0,0,0,0,0,0
8.319991,0,0,0,0,0,0,0,0
8.321486,0,0,0,0,0,0,0,0
8.322973,0,0,0,0,0,0,0,0
8.324480,0,0,0,0,0,0,0,0
8.325971,0,0,0,0,0,0,0,0
8.327457,0,0,0,0,0,0,0,0
8.328943,0,0,0,0,0,0,0,0
8.330431,0,0,0,0,0,0,0,0
8.331937,0,0,0,0,0,0,0,0
8.333424,0,0,0,0,0,0,0,0
8.334911,0,0,0,0,0,0,0,0
8.336396,0,0,0,0,0,0,0,0
8.337896,0,0,0,0,0,0,0,0
8.339382,0,0,0,0,0,0,0,0
8.340868,0,0,0,0,0,0,0,0
8.342416,0,0,0,0,0,0,0,0
8.343904,0,0,0,0,0,0,0,0
8.345386,0,0,0,0,0,0,0,0
8.346858,0,0,0,0,0,0,0,0
8.348309,0,0,0,0,0,0,0,0
8.349767,0,0,0,0,0,0,0,0
8.351214,0,0,0,0,0,0,0,0
8.352679,0,0,0,0,0,0,0,0
8.354116,0,0,0,0,0,0,0,0
8.355612,0,0,0,0,0,0,0,0
8.357122,0,0,0,0,0,0,0,0
8.358608,0,0,0,0,0,0,0,0
8.360099,0,0,0,0,0,0,0,0
8.361589,0,0,0,0,0,0,0,0
8.363082,0,0,0,0,0,0,0,0
8.364570,0,0,0,0,0,0,0,0
8.366028,0,0,0,0,0,0,0,0
8.367513,0,0,0,0,0,0,0,0
8.369001,0,0,0,0,0,0,0,0
8.370488,0,0,0,0,0,0,0,0
8.371998,0,0,0,0,0,0,0,0
8.373493,0,0,0,0,0,0,0,0
8.374979,0,0,0,0,0,0,0,0
8.376459,0,0,0,0,0,0,0,0
8.377899,0,0,0,0,0,0,0,0
8.379388,0,0,0,0,0,0,0,0
8.380873,0,0,0,0,0,0,0,0
8.382360,0,0,0,0,0,0,0,0
8.383855,0,0,0,0,0,0,0,0
8.385343,0,0,0,0,0,0,0,0
8.386830,0,0,0,0,0,0,0,0
8.388345,0,0,0,0,0,0,0,0
8.389839,0,0,0,0,0,0,0,0
8.391326,0,0,0,0,0,0,0,0
8.392821,0,0,0,0,0,0,0,0
8.394315,0,0,0,0,0,0,0,0
8.395822,0,0,0,0,0,0,0,0
8.397315,0,0,0,0,0,0,0,0
8.398810,0,0,0,0,0,0,0,0
8.400294,0,0,0,0,0,0,0,0
8.401784,0,0,0,0,0,0,0,0
8.403270,0,0,0,0,0,0,0,0
8.404765,0,0,0,0,0,0,0,0
8.406253,0,0,0,0,0,0,0,0
8.407739,0,0,0,0,0,0,0,0
8.409227,0,0,0,0,0,0,0,0
8.410717,0,0,0,0,0,0,0,0
8.412229,0,0,0,0,0,0,0,0
8.413772,0,0,0,0,0,0,0,0
8.415215,0,0,0,0,0,0,0,0
8.416630,0,0,0,0,0,0,0,0
8.418070,0,0,0,0,0,0,0,0
8.419509,0,0,0,0,0,0,0,0
8.420952,0,0,0,0,0,0,0,0
8.422435,0,0,0,0,0,0,0,0
8.423920,0,0,0,0,0,0,0,0
8.425415,0,0,0,0,0,0,0,0
8.426901,0,0,0,0,0,0,0,0
8.428411,0,0,0,0,0,0,0,0
8.429922,0,0,0,0,0,0,0,0
8.431407,0,0,0,0,0,0,0,0
8.432893,0,0,0,0,0,0,0,0
8.434380,0,0,0,0,0,0,0,0
8.435895,0,0,0,0,0,0,0,0
8.437388,0,0,0,0,0,0,0,0
8.438884,0,0,0,0,0,0,0,0
8.440372,0,0,0,0,0,0,0,0
8.441862,0,0,0,0,0,0,0,0
8.443348,0,0,0,0,0,0,0,0
8.444834,0,0,0,0,0,0,0,0
8.446329,0,0,0,0,0,0,0,0
8.447825,0,0,0,0,0,0,0,0
8.449322,0,0,0,0,0,0,0,0
8.450821,0,0,0,0,0,0,0,0
8.452306,0,0,0,0,0,0,0,0
8.456629,0,0,0,0,0,0,0,0
8.458075,0,0,0,0,0,0,0,0
8.459512,0,0,0,0,0,0,0,0
8.460970,0,0,0,0,0,0,0,0
8.462506,0,0,0,0,0,0,0,0
8.464039,0,0,0,0,0,0,0,0
8.465527,0,0,0,0,0,0,0,0
8.467015,0,0,0,0,0,0,0,0
8.468535,0,0,0,0,0,0,0,0
8.470028,0,0,0,0,0,0,0,0
8.471514,0,0,0,0,0,0,0,0
8.473001,0,0,0,0,0,0,0,0
8.474487,0,0,0,0,0,0,0,0
8.475995,0,0,0,0,0,0,0,0
8.477481,0,0,0,0,0,0,0,0
8.478972,0,0,0,0,0,0,0,0
8.480459,0,0,0,0,0,0,0,0
8.481898,0,0,0,0,0,0,0,0
8.483385,0,0,0,0,0,0,0,0
8.484873,0,0,0,0,0,0,0,0
8.486360,0,0,0,0,0,0,0,0
8.487847,0,0,0,0,0,0,0,0
8.489342,0,0,0,0,0,0,0,0
8.490829,0,0,0,0,0,0,0,0
8.492318,0,0,0,0,0,0,0,0
8.493842,0,0,0,0,0,0,0,0
8.495328,0,0,0,0,0,0,0,0
8.496817,0,0,0,0,0,0,0,0
8.498303,0,0,0,0,0,0,0,0
8.504636,0,0,0,0,0,0,0,0
8.506126,0,0,0,0,0,0,0,0
8.507611,0,0,0,0,0,0,0,0
8.509121,0,0,0,0,0,0,0,0
8.510674,0,0,0,0,0,0,0,0
8.512160,0,0,0,0,0,0,0,0
8.513648,0,0,0,0,0,0,0,0
8.515133,0,0,0,0,0,0,0,0
8.516645,0,0,0,0,0,0,0,0
8.518138,0,0,0,0,0,0,0,0
8.519624,0,0,0,0,0,0,0,0
8.521119,0,0,0,0,0,0,0,0
8.522605,0,0,0,0,0,0,0,0
8.524114,0,0,0,0,0,0,0,0
8.525602,0,0,0,0,0,0,0,0
8.527087,0,0,0,0,0,0,0,0
8.528572,0,0,0,0,0,0,0,0
8.530010,0,0,0,0,0,0,0,0
8.531503,0,0,0,0,0,0,0,0
8.533015,0,0,0,0,0,0,0,0
8.534501,0,0,0,0,0,0,0,0
8.535986,0,0,0,0,0,0,0,0
8.537475,0,0,0,0,0,0,0,0
8.538964,0,0,0,0,0,0,0,0
8.540473,0,0,0,0,0,0,0,0
8.541918,0,0,0,0,0,0,0,0
8.543352,0,0,0,0,0,0,0,0
8.544787,0,0,0,0,0,0,0,0
8.546221,0,0,0,0,0,0,0,0
8.547655,0,0,0,0,0,0,0,0
8.549109,0,0,0,0,0,0,0,0
8.550595,0,0,0,0,0,0,0,0
8.552086,0,0,0,0,0,0,0,0
8.553573,0,0,0,0,0,0,0,0
8.555059,0,0,0,0,0,0,0,0
8.556567,0,0,0,0,0,0,0,0
8.558044,0,0,0,0,0,0,0,0
8.559530,0,0,0,0,0,0,0,0
8.561020,0,0,0,0,0,0,0,0
8.562512,0,0,0,0,0,0,0,0
8.564001,0,0,0,0,0,0,0,0
8.565493,0,0,0,0,0,0,0,0
8.566980,0,0,0,0,0,0,0,0
8.568471,0,0,0,0,0,0,0,0
8.569900,0,0,0,0,0,0,0,0
8.571397,0,0,0,0,0,0,0,0
8.572906,0,0,0,0,0,0,0,0
8.574390,0,0,0,0,0,0,0,0
8.575877,0,0,0,0,0,0,0,0
8.577364,0,0,0,0,0,0,0,0
8.578849,0,0,0,0,0,0,0,0
8.584636,0,0,0,0,0,0,0,0
8.586131,0,0,0,0,0,0,0,0
8.587616,0,0,0,0,0,0,0,0
8.589126,0,0,0,0,0,0,0,0
8.590611,0,0,0,0,0,0,0,0
8.592099,0,0,0,0,0,0,0,0
8.593587,0,0,0,0,0,0,0,0
8.595075,0,0,0,0,0,0,0,0
8.596589,0,0,0,0,0,0,0,0
8.598079,0,0,0,0,0,0,0,0
8.599564,0,0,0,0,0,0,0,0
8.601051,0,0,0,0,0,0,0,0
8.602538,0,0,0,0,0,0,0,0
8.604045,0,0,0,0,0,0,0,0
8.605585,0,0,0,0,0,0,0,0
8.607123,0,0,0,0,0,0,0,0
8.608561,0,0,0,0,0,0,0,0
8.609969,0,0,0,0,0,0,0,0
8.611408,0,0,0,0,0,0,0,0
8.612856,0,0,0,0,0,0,0,0
8.614290,0,0,0,0,0,0,0,0
8.615725,0,0,0,0,0,0,0,0
8.617164,0,0,0,0,0,0,0,0
8.618601,0,0,0,0,0,0,0,0
8.620064,0,0,0,0,0,0,0,0
8.621500,0,0,0,0,0,0,0,0
8.622940,0,0,0,0,0,0,0,0
8.624380,0,0,0,0,0,0,0,0
8.625819,0,0,0,0,0,0,0,0
8.627278,0,0,0,0,0,0,0,0
8.628718,0,0,0,0,0,0,0,0
8.630158,0,0,0,0,0,0,0,0
8.631598,0,0,0,0,0,0,0,0
8.633037,0,0,0,0,0,0,0,0
8.634476,0,0,0,0,0,0,0,0
8.635932,0,0,0,0,0,0,0,0
8.637377,0,0,0,0,0,0,0,0
8.638817,0,0,0,0,0,0,0,0
8.640256,0,0,0,0,0,0,0,0
8.641712,0,0,0,0,0,0,0,0
8.643154,0,0,0,0,0,0,0,0
8.644595,0,0,0,0,0,0,0,0
8.646035,0,0,0,0,0,0,0,0
8.647475,0,0,0,0,0,0,0,0
8.648921,0,0,0,0,0,0,0,0
8.650360,0,0,0,0,0,0,0,0
8.651801,0,0,0,0,0,0,0,0
8.653241,0,0,0,0,0,0,0,0
8.654685,0,0,0,0,0,0,0,0
8.656129,0,0,0,0,0,0,0,0
8.657573,0,0,0,0,0,0,0,0
8.659012,0,0,0,0,0,0,0,0
8.660452,0,0,0,0,0,0,0,0
8.661863,0,0,0,0,0,0,0,0
8.663302,0,0,0,0,0,0,0,0
8.664761,0,0,0,0,0,0,0,0
8.666198,0,0,0,0,0,0,0,0
8.667643,0,0,0,0,0,0,0,0
8.669101,0,0,0,0,0,0,0,0
8.670543,0,0,0,0,0,0,0,0
8.676663,0,0,0,0,0,0,0,0
8.678110,0,0,0,0,0,0,0,0
8.679550,0,0,0,0,0,0,0,0
8.680988,0,0,0,0,0,0,0,0
8.682443,0,0,0,0,0,0,0,0
8.683897,0,0,0,0,0,0,0,0
8.685336,0,0,0,0,0,0,0,0
8.686785,0,0,0,0,0,0,0,0
8.688229,0,0,0,0,0,0,0,0
8.689704,0,0,0,0,0,0,0,0
8.691141,0,0,0,0,0,0,0,0
8.692581,0,0,0,0,0,0,0,0
8.693972,0,0,0,0,0,0,0,0
8.695410,0,0,0,0,0,0,0,0
8.696850,0,0,0,0,0,0,0,0
8.698294,0,0,0,0,0,0,0,0
8.699734,0,0,0,0,0,0,0,0
8.701194,0,0,0,0,0,0,0,0
8.702635,0,0,0,0,0,0,0,0
8.704090,0,0,0,0,0,0,0,0
8.705532,0,0,0,0,0,0,0,0
8.706971,0,0,0,0,0,0,0,0
8.708426,0,0,0,0,0,0,0,0
8.709863,0,0,0,0,0,0,0,0
8.711301,0,0,0,0,0,0,0,0
8.712742,0,0,0,0,0,0,0,0
8.714181,0,0,0,0,0,0,0,0
8.715620,0,0,0,0,0,0,0,0
8.717079,0,0,0,0,0,0,0,0
8.718522,0,0,0,0,0,0,0,0
8.719960,0,0,0,0,0,0,0,0
8.721398,0,0,0,0,0,0,0,0
8.722835,0,0,0,0,0,0,0,0
8.724274,0,0,0,0,0,0,0,0
8.725761,0,0,0,0,0,0,0,0
8.727199,0,0,0,0,0,0,0,0
8.728633,0,0,0,0,0,0,0,0
8.730073,0,0,0,0,0,0,0,0
8.731511,0,0,0,0,0,0,0,0
8.732968,0,0,0,0,0,0,0,0
8.734406,0,0,0,0,0,0,0,0
8.735843,0,0,0,0,0,0,0,0
8.737283,0,0,0,0,0,0,0,0
8.738733,0,0,0,0,0,0,0,0
8.740186,0,0,0,0,0,0,0,0
8.741625,0,0,0,0,0,0,0,0
8.743063,0,0,0,0,0,0,0,0
8.744500,0,0,0,0,0,0,0,0
8.745940,0,0,0,0,0,0,0,0
8.747378,0,0,0,0,0,0,0,0
8.748839,0,0,0,0,0,0,0,0
8.750279,0,0,0,0,0,0,0,0
8.751716,0,0,0,0,0,0,0,0
8.753155,0,0,0,0,0,0,0,0
8.754592,0,0,0,0,0,0,0,0
8.756031,0,0,0,0,0,0,0,0
8.757470,0,0,0,0,0,0,0,0
8.758915,0,0,0,0,0,0,0,0
8.760353,0,0,0,0,0,0,0,0
8.761740,0,0,0,0,0,0,0,0
8.763178,0,0,0,0,0,0,0,0
8.764663,0,0,0,0,0,0,0,0
8.766102,0,0,0,0,0,0,0,0
8.767538,0,0,0,0,0,0,0,0
8.768988,0,0,0,0,0,0,0,0
8.770476,0,0,0,0,0,0,0,0
8.771997,0,0,0,0,0,0,0,0
8.773485,0,0,0,0,0,0,0,0
8.774970,0,0,0,0,0,0,0,0
8.776457,0,0,0,0,0,0,0,0
8.777895,0,0,0,0,0,0,0,0
8.779399,0,0,0,0,0,0,0,0
8.784632,0,0,0,0,0,0,0,0
8.786121,0,0,0,0,0,0,0,0
8.787616,0,0,0,0,0,0,0,0
8.789071,0,0,0,0,0,0,0,0
8.790514,0,0,0,0,0,0,0,0
8.791952,0,0,0,0,0,0,0,0
8.793392,0,0,0,0,0,0,0,0
8.794834,0,0,0,0,0,0,0,0
8.796273,0,0,0,0,0,0,0,0
8.797760,0,0,0,0,0,0,0,0
8.799198,0,0,0,0,0,0,0,0
8.800631,0,0,0,0,0,0,0,0
8.802069,0,0,0,0,0,0,0,0
8.803507,0,0,0,0,0,0,0,0
8.804963,0,0,0,0,0,0,0,0
8.806401,0,0,0,0,0,0,0,0
8.807838,0,0,0,0,0,0,0,0
8.809276,0,0,0,0,0,0,0,0
8.810721,0,0,0,0,0,0,0,0
8.812178,0,0,0,0,0,0,0,0
8.813616,0,0,0,0,0,0,0,0
8.815056,0,0,0,0,0,0,0,0
8.816492,0,0,0,0,0,0,0,0
8.817931,0,0,0,0,0,0,0,0
8.819370,0,0,0,0,0,0,0,0
8.820831,0,0,0,0,0,0,0,0
8.822268,0,0,0,0,0,0,0,0
8.823706,0,0,0,0,0,0,0,0
8.825146,0,0,0,0,0,0,0,0
8.826583,0,0,0,0,0,0,0,0
8.828022,0,0,0,0,0,0,0,0
8.829463,0,0,0,0,0,0,0,0
8.830962,0,0,0,0,0,0,0,0
8.832449,0,0,0,0,0,0,0,0
8.833899,0,0,0,0,0,0,0,0
8.835386,0,0,0,0,0,0,0,0
8.836873,0,0,0,0,0,0,0,0
8.838364,0,0,0,0,0,0,0,0
8.839897,0,0,0,0,0,0,0,0
8.841393,0,0,0,0,0,0,0,0
8.842880,0,0,0,0,0,0,0,0
8.844392,0,0,0,0,0,0,0,0
8.845844,0,0,0,0,0,0,0,0
8.847278,0,0,0,0,0,0,0,0
8.848712,0,0,0,0,0,0,0,0
8.850147,0,0,0,0,0,0,0,0
8.851596,0,0,0,0,0,0,0,0
8.853050,0,0,0,0,0,0,0,0
8.854536,0,0,0,0,0,0,0,0
8.856021,0,0,0,0,0,0,0,0
8.857509,0,0,0,0,0,0,0,0
8.862255,0,0,0,0,0,0,0,0
8.863773,0,0,0,0,0,0,0,0
8.865259,0,0,0,0,0,0,0,0
8.866747,0,0,0,0,0,0,0,0
8.868254,0,0,0,0,0,0,0,0
8.869822,0,0,0,0,0,0,0,0
8.871307,0,0,0,0,0,0,0,0
8.872793,0,0,0,0,0,0,0,0
8.874286,0,0,0,0,0,0,0,0
8.875800,0,0,0,0,0,0,0,0
8.877287,0,0,0,0,0,0,0,0
8.878770,0,0,0,0,0,0,0,0
8.880254,0,0,0,0,0,0,0,0
8.881835,0,0,0,0,0,0,0,0
8.883327,0,0,0,0,0,0,0,0
8.884850,0,0,0,0,0,0,0,0
8.886288,0,0,0,0,0,0,0,0
8.887725,0,0,0,0,0,0,0,0
8.889164,0,0,0,0,0,0,0,0
8.890603,0,0,0,0,0,0,0,0
8.892058,0,0,0,0,0,0,0,0
8.893500,0,0,0,0,0,0,0,0
8.894995,0,0,0,0,0,0,0,0
8.896482,0,0,0,0,0,0,0,0
8.897978,0,0,0,0,0,0,0,0
8.899462,0,0,0,0,0,0,0,0
8.900972,0,0,0,0,0,0,0,0
8.902460,0,0,0,0,0,0,0,0
8.903946,0,0,0,0,0,0,0,0
8.905441,0,0,0,0,0,0,0,0
8.906928,0,0,0,0,0,0,0,0
8.908414,0,0,0,0,0,0,0,0
8.909935,0,0,0,0,0,0,0,0
8.913412,0,0,0,0,0,0,0,0
8.914904,0,0,0,0,0,0,0,0
8.916428,0,0,0,0,0,0,0,0
8.917936,0,0,0,0,0,0,0,0
8.919372,0,0,0,0,0,0,0,0
8.920808,0,0,0,0,0,0,0,0
8.922269,0,0,0,0,0,0,0,0
8.923762,0,0,0,0,0,0,0,0
8.925198,0,0,0,0,0,0,0,0
8.926682,0,0,0,0,0,0,0,0
8.928117,0,0,0,0,0,0,0,0
8.929554,0,0,0,0,0,0,0,0
8.930990,0,0,0,0,0,0,0,0
8.932464,0,0,0,0,0,0,0,0
8.933866,0,0,0,0,0,0,0,0
8.935311,0,0,0,0,0,0,0,0
8.936752,0,0,0,0,0,0,0,0
8.938187,0,0,0,0,0,0,0,0
8.939621,0,0,0,0,0,0,0,0
8.941075,0,0,0,0,0,0,0,0
8.942511,0,0,0,0,0,0,0,0
8.943946,0,0,0,0,0,0,0,0
8.945385,0,0,0,0,0,0,0,0
8.946830,0,0,0,0,0,0,0,0
8.948269,0,0,0,0,0,0,0,0
8.949764,0,0,0,0,0,0,0,0
8.951203,0,0,0,0,0,0,0,0
8.952633,0,0,0,0,0,0,0,0
8.954071,0,0,0,0,0,0,0,0
8.960630,0,0,0,0,0,0,0,0
8.962076,0,0,0,0,0,0,0,0
8.963514,0,0,0,0,0,0,0,0
8.964969,0,0,0,0,0,0,0,0
8.966455,0,0,0,0,0,0,0,0
8.967940,0,0,0,0,0,0,0,0
8.969434,0,0,0,0,0,0,0,0
8.970923,0,0,0,0,0,0,0,0
8.972442,0,0,0,0,0,0,0,0
8.973926,0,0,0,0,0,0,0,0
8.975412,0,0,0,0,0,0,0,0
8.976900,0,0,0,0,0,0,0,0
8.978387,0,0,0,0,0,0,0,0
8.979897,0,0,0,0,0,0,0,0
8.981386,0,0,0,0,0,0,0,0
8.982881,0,0,0,0,0,0,0,0
8.984370,0,0,0,0,0,0,0,0
8.985860,0,0,0,0,0,0,0,0
8.987344,0,0,0,0,0,0,0,0
8.988833,0,0,0,0,0,0,0,0
8.990322,0,0,0,0,0,0,0,0
8.991808,0,0,0,0,0,0,0,0
8.993306,0,0,0,0,0,0,0,0
8.994795,0,0,0,0,0,0,0,0
8.996305,0,0,0,0,0,0,0,0
8.997837,0,0,0,0,0,0,0,0
8.999322,0,0,0,0,0,0,0,0
9.000809,0,0,0,0,0,0,0,0
9.002298,0,0,0,0,0,0,0,0
9.003847,0,0,0,0,0,0,0,0
9.005413,0,0,0,0,0,0,0,0
9.006851,0,0,0,0,0,0,0,0
9.008289,0,0,0,0,0,0,0,0
9.009764,0,0,0,0,0,0,0,0
9.011201,0,0,0,0,0,0,0,0
9.012643,0,0,0,0,0,0,0,0
9.014136,0,0,0,0,0,0,0,0
9.015625,0,0,0,0,0,0,0,0
9.017114,0,0,0,0,0,0,0,0
9.018602,0,0,0,0,0,0,0,0
9.020115,0,0,0,0,0,0,0,0
9.021604,0,0,0,0,0,0,0,0
9.023091,0,0,0,0,0,0,0,0
9.024588,0,0,0,0,0,0,0,0
9.026084,0,0,0,0,0,0,0,0
9.027576,0,0,0,0,0,0,0,0
9.029088,0,0,0,0,0,0,0,0
9.030574,0,0,0,0,0,0,0,0
9.032061,0,0,0,0,0,0,0,0
9.033546,0,0,0,0,0,0,0,0
9.035043,0,0,0,0,0,0,0,0
9.036532,0,0,0,0,0,0,0,0
9.038040,0,0,0,0,0,0,0,0
9.039527,0,0,0,0,0,0,0,0
9.044664,0,0,0,0,0,0,0,0
9.046165,0,0,0,0,0,0,0,0
9.047659,0,0,0,0,0,0,0,0
9.049149,0,0,0,0,0,0,0,0
9.050634,0,0,0,0,0,0,0,0
9.052143,0,0,0,0,0,0,0,0
9.053631,0,0,0,0,0,0,0,0
9.055117,0,0,0,0,0,0,0,0
9.056609,0,0,0,0,0,0,0,0
9.058097,0,0,0,0,0,0,0,0
9.059585,0,0,0,0,0,0,0,0
9.061096,0,0,0,0,0,0,0,0
9.062592,0,0,0,0,0,0,0,0
9.064077,0,0,0,0,0,0,0,0
9.065562,0,0,0,0,0,0,0,0
9.067057,0,0,0,0,0,0,0,0
9.068567,0,0,0,0,0,0,0,0
9.070035,0,0,0,0,0,0,0,0
9.071520,0,0,0,0,0,0,0,0
9.073007,0,0,0,0,0,0,0,0
9.074491,0,0,0,0,0,0,0,0
9.076001,0,0,0,0,0,0,0,0
9.077497,0,0,0,0,0,0,0,0
9.078984,0,0,0,0,0,0,0,0
9.080470,0,0,0,0,0,0,0,0
9.082211,0,0,0,0,0,0,0,0
9.083699,0,0,0,0,0,0,0,0
9.085207,0,0,0,0,0,0,0,0
9.088634,0,0,0,0,0,0,0,0
9.090135,0,0,0,0,0,0,0,0
9.091622,0,0,0,0,0,0,0,0
9.093130,0,0,0,0,0,0,0,0
9.094616,0,0,0,0,0,0,0,0
9.096103,0,0,0,0,0,0,0,0
9.097590,0,0,0,0,0,0,0,0
9.099076,0,0,0,0,0,0,0,0
9.100569,0,0,0,0,0,0,0,0
9.102029,0,0,0,0,0,0,0,0
9.103513,0,0,0,0,0,0,0,0
9.104999,0,0,0,0,0,0,0,0
9.106485,0,0,0,0,0,0,0,0
9.107973,0,0,0,0,0,0,0,0
9.109460,0,0,0,0,0,0,0,0
9.110970,0,0,0,0,0,0,0,0
9.112459,0,0,0,0,0,0,0,0
9.113897,0,0,0,0,0,0,0,0
9.115382,0,0,0,0,0,0,0,0
9.116871,0,0,0,0,0,0,0,0
9.118362,0,0,0,0,0,0,0,0
9.119861,0,0,0,0,0,0,0,0
9.121357,0,0,0,0,0,0,0,0
9.122844,0,0,0,0,0,0,0,0
9.124330,0,0,0,0,0,0,0,0
9.125841,0,0,0,0,0,0,0,0
9.127331,0,0,0,0,0,0,0,0
9.128819,0,0,0,0,0,0,0,0
9.130305,0,0,0,0,0,0,0,0
9.131821,0,0,0,0,0,0,0,0
9.133309,0,0,0,0,0,0,0,0
9.134797,0,0,0,0,0,0,0,0
9.136284,0,0,0,0,0,0,0,0
9.137795,0,0,0,0,0,0,0,0
9.140570,0,0,0,0,0,0,0,0
9.142034,0,0,0,0,0,0,0,0
9.143518,0,0,0,0,0,0,0,0
9.145006,0,0,0,0,0,0,0,0
9.146492,0,0,0,0,0,0,0,0
9.148001,0,0,0,0,0,0,0,0
9.152633,0,0,0,0,0,0,0,0
9.154126,0,0,0,0,0,0,0,0
9.155613,0,0,0,0,0,0,0,0
9.157122,0,0,0,0,0,0,0,0
9.158606,0,0,0,0,0,0,0,0
9.160092,0,0,0,0,0,0,0,0
9.161578,0,0,0,0,0,0,0,0
9.163066,0,0,0,0,0,0,0,0
9.164579,0,0,0,0,0,0,0,0
9.166029,0,0,0,0,0,0,0,0
9.167514,0,0,0,0,0,0,0,0
9.169010,0,0,0,0,0,0,0,0
9.170495,0,0,0,0,0,0,0,0
9.172011,0,0,0,0,0,0,0,0
9.173497,0,0,0,0,0,0,0,0
9.174991,0,0,0,0,0,0,0,0
9.176478,0,0,0,0,0,0,0,0
9.177964,0,0,0,0,0,0,0,0
9.179450,0,0,0,0,0,0,0,0
9.180962,0,0,0,0,0,0,0,0
9.182447,0,0,0,0,0,0,0,0
9.183935,0,0,0,0,0,0,0,0
9.185437,0,0,0,0,0,0,0,0
9.186922,0,0,0,0,0,0,0,0
9.188433,0,0,0,0,0,0,0,0
9.189915,0,0,0,0,0,0,0,0
9.191409,0,0,0,0,0,0,0,0
9.192894,0,0,0,0,0,0,0,0
9.196515,0,0,0,0,0,0,0,0
9.197981,0,0,0,0,0,0,0,0
9.199420,0,0,0,0,0,0,0,0
9.200857,0,0,0,0,0,0,0,0
9.202295,0,0,0,0,0,0,0,0
9.203735,0,0,0,0,0,0,0,0
9.205193,0,0,0,0,0,0,0,0
9.206631,0,0,0,0,0,0,0,0
9.208074,0,0,0,0,0,0,0,0
9.209513,0,0,0,0,0,0,0,0
9.210951,0,0,0,0,0,0,0,0
9.212404,0,0,0,0,0,0,0,0
9.213862,0,0,0,0,0,0,0,0
9.215299,0,0,0,0,0,0,0,0
9.216739,0,0,0,0,0,0,0,0
9.218183,0,0,0,0,0,0,0,0
9.219624,0,0,0,0,0,0,0,0
9.221079,0,0,0,0,0,0,0,0
9.222518,0,0,0,0,0,0,0,0
9.223955,0,0,0,0,0,0,0,0
9.225392,0,0,0,0,0,0,0,0
9.226830,0,0,0,0,0,0,0,0
9.228273,0,0,0,0,0,0,0,0
9.229756,0,0,0,0,0,0,0,0
9.231193,0,0,0,0,0,0,0,0
9.232630,0,0,0,0,0,0,0,0
9.234068,0,0,0,0,0,0,0,0
9.237782,0,0,0,0,0,0,0,0
9.239277,0,0,0,0,0,0,0,0
9.240767,0,0,0,0,0,0,0,0
9.242253,0,0,0,0,0,0,0,0
9.243739,0,0,0,0,0,0,0,0
9.245226,0,0,0,0,0,0,0,0
9.246711,0,0,0,0,0,0,0,0
9.248197,0,0,0,0,0,0,0,0
9.249714,0,0,0,0,0,0,0,0
9.251252,0,0,0,0,0,0,0,0
9.252734,0,0,0,0,0,0,0,0
9.256634,0,0,0,0,0,0,0,0
9.258123,0,0,0,0,0,0,0,0
9.259612,0,0,0,0,0,0,0,0
9.261108,0,0,0,0,0,0,0,0
9.262594,0,0,0,0,0,0,0,0
9.264082,0,0,0,0,0,0,0,0
9.265569,0,0,0,0,0,0,0,0
9.267056,0,0,0,0,0,0,0,0
9.268542,0,0,0,0,0,0,0,0
9.270039,0,0,0,0,0,0,0,0
9.271530,0,0,0,0,0,0,0,0
9.273017,0,0,0,0,0,0,0,0
9.274501,0,0,0,0,0,0,0,0
9.276011,0,0,0,0,0,0,0,0
9.277495,0,0,0,0,0,0,0,0
9.278979,0,0,0,0,0,0,0,0
9.280463,0,0,0,0,0,0,0,0
9.281903,0,0,0,0,0,0,0,0
9.283388,0,0,0,0,0,0,0,0
9.284887,0,0,0,0,0,0,0,0
9.286368,0,0,0,0,0,0,0,0
9.287849,0,0,0,0,0,0,0,0
9.289287,0,0,0,0,0,0,0,0
9.290722,0,0,0,0,0,0,0,0
9.292167,0,0,0,0,0,0,0,0
9.293602,0,0,0,0,0,0,0,0
9.300688,0,0,0,0,0,0,0,0
9.302178,0,0,0,0,0,0,0,0
9.303663,0,0,0,0,0,0,0,0
9.305147,0,0,0,0,0,0,0,0
9.306765,0,0,0,0,0,0,0,0
9.308271,0,0,0,0,0,0,0,0
9.312640,0,0,0,0,0,0,0,0
9.314140,0,0,0,0,0,0,0,0
9.315625,0,0,0,0,0,0,0,0
9.317114,0,0,0,0,0,0,0,0
9.318599,0,0,0,0,0,0,0,0
9.320084,0,0,0,0,0,0,0,0
9.321569,0,0,0,0,0,0,0,0
9.323055,0,0,0,0,0,0,0,0
9.324562,0,0,0,0,0,0,0,0
9.326025,0,0,0,0,0,0,0,0
9.327511,0,0,0,0,0,0,0,0
9.329001,0,0,0,0,0,0,0,0
9.330485,0,0,0,0,0,0,0,0
9.331972,0,0,0,0,0,0,0,0
9.333457,0,0,0,0,0,0,0,0
9.334949,0,0,0,0,0,0,0,0
9.336481,0,0,0,0,0,0,0,0
9.337996,0,0,0,0,0,0,0,0
9.339535,0,0,0,0,0,0,0,0
9.340991,0,0,0,0,0,0,0,0
9.342427,0,0,0,0,0,0,0,0
9.343861,0,0,0,0,0,0,0,0
9.345302,0,0,0,0,0,0,0,0
9.346736,0,0,0,0,0,0,0,0
9.348188,0,0,0,0,0,0,0,0
9.349622,0,0,0,0,0,0,0,0
9.351059,0,0,0,0,0,0,0,0
9.352497,0,0,0,0,0,0,0,0
9.353936,0,0,0,0,0,0,0,0
9.355380,0,0,0,0,0,0,0,0
9.356827,0,0,0,0,0,0,0,0
9.358264,0,0,0,0,0,0,0,0
9.359702,0,0,0,0,0,0,0,0
9.361145,0,0,0,0,0,0,0,0
9.362582,0,0,0,0,0,0,0,0
9.364020,0,0,0,0,0,0,0,0
9.365464,0,0,0,0,0,0,0,0
9.366903,0,0,0,0,0,0,0,0
9.368340,0,0,0,0,0,0,0,0
9.369745,0,0,0,0,0,0,0,0
9.371259,0,0,0,0,0,0,0,0
9.372709,0,0,0,0,0,0,0,0
9.374148,0,0,0,0,0,0,0,0
9.375592,0,0,0,0,0,0,0,0
9.377031,0,0,0,0,0,0,0,0
9.378468,0,0,0,0,0,0,0,0
9.379922,0,0,0,0,0,0,0,0
9.381361,0,0,0,0,0,0,0,0
9.382798,0,0,0,0,0,0,0,0
9.384236,0,0,0,0,0,0,0,0
9.385702,0,0,0,0,0,0,0,0
9.387142,0,0,0,0,0,0,0,0
9.388596,0,0,0,0,0,0,0,0
9.390036,0,0,0,0,0,0,0,0
9.391475,0,0,0,0,0,0,0,0
9.392915,0,0,0,0,0,0,0,0
9.394352,0,0,0,0,0,0,0,0
9.395812,0,0,0,0,0,0,0,0
9.397254,0,0,0,0,0,0,0,0
9.398741,0,0,0,0,0,0,0,0
9.400232,0,0,0,0,0,0,0,0
9.401736,0,0,0,0,0,0,0,0
9.404653,0,0,0,0,0,0,0,0
9.406148,0,0,0,0,0,0,0,0
9.407636,0,0,0,0,0,0,0,0
9.409124,0,0,0,0,0,0,0,0
9.410608,0,0,0,0,0,0,0,0
9.412121,0,0,0,0,0,0,0,0
9.413604,0,0,0,0,0,0,0,0
9.415093,0,0,0,0,0,0,0,0
9.416587,0,0,0,0,0,0,0,0
9.418074,0,0,0,0,0,0,0,0
9.419562,0,0,0,0,0,0,0,0
9.421075,0,0,0,0,0,0,0,0
9.422559,0,0,0,0,0,0,0,0
9.424045,0,0,0,0,0,0,0,0
9.425532,0,0,0,0,0,0,0,0
9.429861,0,0,0,0,0,0,0,0
9.431344,0,0,0,0,0,0,0,0
9.432827,0,0,0,0,0,0,0,0
9.434312,0,0,0,0,0,0,0,0
9.435822,0,0,0,0,0,0,0,0
9.437314,0,0,0,0,0,0,0,0
9.438800,0,0,0,0,0,0,0,0
9.440293,0,0,0,0,0,0,0,0
9.441784,0,0,0,0,0,0,0,0
9.443268,0,0,0,0,0,0,0,0
9.444756,0,0,0,0,0,0,0,0
9.446241,0,0,0,0,0,0,0,0
9.447727,0,0,0,0,0,0,0,0
9.449213,0,0,0,0,0,0,0,0
9.450705,0,0,0,0,0,0,0,0
9.452212,0,0,0,0,0,0,0,0
9.453772,0,0,0,0,0,0,0,0
9.455257,0,0,0,0,0,0,0,0
9.456742,0,0,0,0,0,0,0,0
9.458228,0,0,0,0,0,0,0,0
9.459714,0,0,0,0,0,0,0,0
9.461237,0,0,0,0,0,0,0,0
9.462726,0,0,0,0,0,0,0,0
9.464218,0,0,0,0,0,0,0,0
9.465720,0,0,0,0,0,0,0,0
9.467208,0,0,0,0,0,0,0,0
9.472634,0,0,0,0,0,0,0,0
9.474131,0,0,0,0,0,0,0,0
9.475618,0,0,0,0,0,0,0,0
9.477127,0,0,0,0,0,0,0,0
9.478615,0,0,0,0,0,0,0,0
9.480107,0,0,0,0,0,0,0,0
9.481592,0,0,0,0,0,0,0,0
9.483087,0,0,0,0,0,0,0,0
9.484586,0,0,0,0,0,0,0,0
9.486030,0,0,0,0,0,0,0,0
9.487516,0,0,0,0,0,0,0,0
9.489005,0,0,0,0,0,0,0,0
9.490591,0,0,0,0,0,0,0,0
9.492175,0,0,0,0,0,0,0,0
9.493664,0,0,0,0,0,0,0,0
9.495165,0,0,0,0,0,0,0,0
9.496643,0,0,0,0,0,0,0,0
9.498132,0,0,0,0,0,0,0,0
9.499619,0,0,0,0,0,0,0,0
9.501130,0,0,0,0,0,0,0,0
9.502615,0,0,0,0,0,0,0,0
9.504102,0,0,0,0,0,0,0,0
9.505597,0,0,0,0,0,0,0,0
9.507084,0,0,0,0,0,0,0,0
9.508589,0,0,0,0,0,0,0,0
9.510079,0,0,0,0,0,0,0,0
9.511565,0,0,0,0,0,0,0,0
9.513052,0,0,0,0,0,0,0,0
9.514537,0,0,0,0,0,0,0,0
9.516052,0,0,0,0,0,0,0,0
9.521783,0,0,0,0,0,0,0,0
9.523271,0,0,0,0,0,0,0,0
9.524757,0,0,0,0,0,0,0,0
9.526250,0,0,0,0,0,0,0,0
9.527735,0,0,0,0,0,0,0,0
9.529221,0,0,0,0,0,0,0,0
9.530704,0,0,0,0,0,0,0,0
9.532189,0,0,0,0,0,0,0,0
9.533676,0,0,0,0,0,0,0,0
9.535160,0,0,0,0,0,0,0,0
9.536638,0,0,0,0,0,0,0,0
9.538125,0,0,0,0,0,0,0,0
9.539611,0,0,0,0,0,0,0,0
9.541121,0,0,0,0,0,0,0,0
9.542607,0,0,0,0,0,0,0,0
9.544095,0,0,0,0,0,0,0,0
9.545582,0,0,0,0,0,0,0,0
9.547076,0,0,0,0,0,0,0,0
9.548586,0,0,0,0,0,0,0,0
9.550049,0,0,0,0,0,0,0,0
9.551496,0,0,0,0,0,0,0,0
9.552986,0,0,0,0,0,0,0,0
9.554476,0,0,0,0,0,0,0,0
9.555987,0,0,0,0,0,0,0,0
9.557481,0,0,0,0,0,0,0,0
9.558920,0,0,0,0,0,0,0,0
9.560365,0,0,0,0,0,0,0,0
9.561740,0,0,0,0,0,0,0,0
9.563178,0,0,0,0,0,0,0,0
9.564659,0,0,0,0,0,0,0,0
9.566099,0,0,0,0,0,0,0,0
9.567543,0,0,0,0,0,0,0,0
9.568983,0,0,0,0,0,0,0,0
9.570421,0,0,0,0,0,0,0,0
9.571877,0,0,0,0,0,0,0,0
9.573316,0,0,0,0,0,0,0,0
9.574753,0,0,0,0,0,0,0,0
9.576190,0,0,0,0,0,0,0,0
9.577634,0,0,0,0,0,0,0,0
9.579073,0,0,0,0,0,0,0,0
9.580512,0,0,0,0,0,0,0,0
9.581970,0,0,0,0,0,0,0,0
9.583407,0,0,0,0,0,0,0,0
9.584846,0,0,0,0,0,0,0,0
9.586286,0,0,0,0,0,0,0,0
9.587733,0,0,0,0,0,0,0,0
9.589245,0,0,0,0,0,0,0,0
9.590730,0,0,0,0,0,0,0,0
9.592216,0,0,0,0,0,0,0,0
9.593724,0,0,0,0,0,0,0,0
9.600630,0,0,0,0,0,0,0,0
9.602126,0,0,0,0,0,0,0,0
9.603611,0,0,0,0,0,0,0,0
9.605120,0,0,0,0,0,0,0,0
9.606604,0,0,0,0,0,0,0,0
9.608090,0,0,0,0,0,0,0,0
9.609582,0,0,0,0,0,0,0,0
9.611145,0,0,0,0,0,0,0,0
9.612655,0,0,0,0,0,0,0,0
9.614142,0,0,0,0,0,0,0,0
9.615627,0,0,0,0,0,0,0,0
9.617113,0,0,0,0,0,0,0,0
9.618598,0,0,0,0,0,0,0,0
9.620106,0,0,0,0,0,0,0,0
9.621593,0,0,0,0,0,0,0,0
9.623184,0,0,0,0,0,0,0,0
9.624704,0,0,0,0,0,0,0,0
9.626194,0,0,0,0,0,0,0,0
9.627679,0,0,0,0,0,0,0,0
9.629188,0,0,0,0,0,0,0,0
9.630625,0,0,0,0,0,0,0,0
9.632063,0,0,0,0,0,0,0,0
9.633519,0,0,0,0,0,0,0,0
9.634960,0,0,0,0,0,0,0,0
9.636399,0,0,0,0,0,0,0,0
9.637909,0,0,0,0,0,0,0,0
9.639395,0,0,0,0,0,0,0,0
9.640882,0,0,0,0,0,0,0,0
9.642368,0,0,0,0,0,0,0,0
9.643977,0,0,0,0,0,0,0,0
9.645468,0,0,0,0,0,0,0,0
9.646956,0,0,0,0,0,0,0,0
9.648444,0,0,0,0,0,0,0,0
9.649900,0,0,0,0,0,0,0,0
9.651388,0,0,0,0,0,0,0,0
9.652878,0,0,0,0,0,0,0,0
9.654375,0,0,0,0,0,0,0,0
9.655866,0,0,0,0,0,0,0,0
9.657354,0,0,0,0,0,0,0,0
9.658841,0,0,0,0,0,0,0,0
9.660383,0,0,0,0,0,0,0,0
9.661936,0,0,0,0,0,0,0,0
9.663424,0,0,0,0,0,0,0,0
9.664932,0,0,0,0,0,0,0,0
9.666517,0,0,0,0,0,0,0,0
9.668038,0,0,0,0,0,0,0,0
9.669591,0,0,0,0,0,0,0,0
9.671025,0,0,0,0,0,0,0,0
9.672460,0,0,0,0,0,0,0,0
9.673847,0,0,0,0,0,0,0,0
9.675287,0,0,0,0,0,0,0,0
9.676722,0,0,0,0,0,0,0,0
9.678208,0,0,0,0,0,0,0,0
9.679700,0,0,0,0,0,0,0,0
9.681187,0,0,0,0,0,0,0,0
9.684653,0,0,0,0,0,0,0,0
9.686148,0,0,0,0,0,0,0,0
9.687639,0,0,0,0,0,0,0,0
9.689126,0,0,0,0,0,0,0,0
9.690620,0,0,0,0,0,0,0,0
9.692129,0,0,0,0,0,0,0,0
9.693617,0,0,0,0,0,0,0,0
9.695103,0,0,0,0,0,0,0,0
9.696609,0,0,0,0,0,0,0,0
9.698111,0,0,0,0,0,0,0,0
9.699615,0,0,0,0,0,0,0,0
9.701089,0,0,0,0,0,0,0,0
9.702528,0,0,0,0,0,0,0,0
9.704005,0,0,0,0,0,0,0,0
9.705485,0,0,0,0,0,0,0,0
9.706959,0,0,0,0,0,0,0,0
9.708432,0,0,0,0,0,0,0,0
9.709907,0,0,0,0,0,0,0,0
9.711341,0,0,0,0,0,0,0,0
9.712778,0,0,0,0,0,0,0,0
9.714224,0,0,0,0,0,0,0,0
9.715730,0,0,0,0,0,0,0,0
9.717424,0,0,0,0,0,0,0,0
9.718900,0,0,0,0,0,0,0,0
9.720560,0,0,0,0,0,0,0,0
9.721978,0,0,0,0,0,0,0,0
9.723415,0,0,0,0,0,0,0,0
9.724871,0,0,0,0,0,0,0,0
9.729756,0,0,0,0,0,0,0,0
9.731191,0,0,0,0,0,0,0,0
9.732647,0,0,0,0,0,0,0,0
9.734086,0,0,0,0,0,0,0,0
9.735522,0,0,0,0,0,0,0,0
9.736959,0,0,0,0,0,0,0,0
9.738395,0,0,0,0,0,0,0,0
9.739858,0,0,0,0,0,0,0,0
9.741295,0,0,0,0,0,0,0,0
9.748066,0,0,0,0,0,0,0,0
9.749512,0,0,0,0,0,0,0,0
9.750957,0,0,0,0,0,0,0,0
9.752393,0,0,0,0,0,0,0,0
9.753832,0,0,0,0,0,0,0,0
9.755269,0,0,0,0,0,0,0,0
9.756710,0,0,0,0,0,0,0,0
9.758150,0,0,0,0,0,0,0,0
9.759586,0,0,0,0,0,0,0,0
9.761030,0,0,0,0,0,0,0,0
9.762466,0,0,0,0,0,0,0,0
9.763921,0,0,0,0,0,0,0,0
9.765358,0,0,0,0,0,0,0,0
9.766795,0,0,0,0,0,0,0,0
9.768232,0,0,0,0,0,0,0,0
9.769670,0,0,0,0,0,0,0,0
9.771124,0,0,0,0,0,0,0,0
9.772562,0,0,0,0,0,0,0,0
9.774020,0,0,0,0,0,0,0,0
9.775459,0,0,0,0,0,0,0,0
9.776898,0,0,0,0,0,0,0,0
9.778336,0,0,0,0,0,0,0,0
9.779791,0,0,0,0,0,0,0,0
9.781237,0,0,0,0,0,0,0,0
9.782723,0,0,0,0,0,0,0,0
9.784207,0,0,0,0,0,0,0,0
9.785765,0,0,0,0,0,0,0,0
9.787519,0,0,0,0,0,0,0,0
9.789030,0,0,0,0,0,0,0,0
9.790609,0,0,0,0,0,0,0,0
9.794272,0,0,0,0,0,0,0,0
9.795869,0,0,0,0,0,0,0,0
9.797307,0,0,0,0,0,0,0,0
9.798742,0,0,0,0,0,0,0,0
9.800177,0,0,0,0,0,0,0,0
9.801613,0,0,0,0,0,0,0,0
9.803054,0,0,0,0,0,0,0,0
9.804489,0,0,0,0,0,0,0,0
9.805946,0,0,0,0,0,0,0,0
9.807386,0,0,0,0,0,0,0,0
9.808825,0,0,0,0,0,0,0,0
9.810263,0,0,0,0,0,0,0,0
9.811701,0,0,0,0,0,0,0,0
9.813162,0,0,0,0,0,0,0,0
9.814604,0,0,0,0,0,0,0,0
9.816042,0,0,0,0,0,0,0,0
9.817479,0,0,0,0,0,0,0,0
9.818916,0,0,0,0,0,0,0,0
9.820354,0,0,0,0,0,0,0,0
9.821773,0,0,0,0,0,0,0,0
9.823216,0,0,0,0,0,0,0,0
9.824701,0,0,0,0,0,0,0,0
9.826184,0,0,0,0,0,0,0,0
9.827667,0,0,0,0,0,0,0,0
9.829174,0,0,0,0,0,0,0,0
9.830657,0,0,0,0,0,0,0,0
9.832154,0,0,0,0,0,0,0,0
9.833644,0,0,0,0,0,0,0,0
9.835132,0,0,0,0,0,0,0,0
9.845677,0,0,0,0,0,0,0,0
9.847171,0,0,0,0,0,0,0,0
9.848637,0,0,0,0,0,0,0,0
9.850124,0,0,0,0,0,0,0,0
9.851615,0,0,0,0,0,0,0,0
9.853102,0,0,0,0,0,0,0,0
9.854589,0,0,0,0,0,0,0,0
9.856079,0,0,0,0,0,0,0,0
9.884868,0,0,0,0,0,0,0,0
9.886306,0,0,0,0,0,0,0,0
9.887795,0,0,0,0,0,0,0,0
9.889280,0,0,0,0,0,0,0,0
9.890765,0,0,0,0,0,0,0,0
9.892267,0,0,0,0,0,0,0,0
9.893831,0,0,0,0,0,0,0,0
9.895317,0,0,0,0,0,0,0,0
9.896806,0,0,0,0,0,0,0,0
9.898300,0,0,0,0,0,0,0,0
9.899809,0,0,0,0,0,0,0,0
9.901295,0,0,0,0,0,0,0,0
9.912640,0,0,0,0,0,0,0,0
9.916738,0,0,0,0,0,0,0,0
9.918235,0,0,0,0,0,0,0,0
9.920067,0,0,0,0,0,0,0,0
9.922611,0,0,0,0,0,0,0,0
9.924099,0,0,0,0,0,0,0,0
9.932884,0,0,0,0,0,0,0,0
9.937789,0,0,0,0,0,0,0,0
9.939282,0,0,0,0,0,0,0,0
9.940769,0,0,0,0,0,0,0,0
9.942260,0,0,0,0,0,0,0,0
9.943744,0,0,0,0,0,0,0,0
9.945244,0,0,0,0,0,0,0,0
9.946737,0,0,0,0,0,0,0,0
9.948748,0,0,0,0,0,0,0,0
9.950258,0,0,0,0,0,0,0,0
9.951745,0,0,0,0,0,0,0,0
9.953230,0,0,0,0,0,0,0,0
9.955617,0,0,0,0,0,0,0,0
9.957138,0,0,0,0,0,0,0,0
9.962152,0,0,0,0,0,0,0,0
9.963592,0,0,0,0,0,0,0,0
9.980685,0,0,0,0,0,0,0,0
9.982080,0,0,0,0,0,0,0,0
9.983518,0,0,0,0,0,0,0,0
9.984955,0,0,0,0,0,0,0,0
9.986394,0,0,0,0,0,0,0,0
9.987849,0,0,0,0,0,0,0,0
9.989284,0,0,0,0,0,0,0,0
9.990719,0,0,0,0,0,0,0,0
9.996712,0,0,0,0,0,0,0,0
9.998151,0,0,0,0,0,0,0,0
9.999714,0,0,0,0,0,0,0,0
