elapsed_s,CP_MEMORY_POOL_BELOW_THRESH,CP_AHB_WR_STALL_PRE_DRAWS,CP_AHB_STALL_SQE_GMU,CP_AHB_STALL_SQE_WR_OTHER,CP_AHB_STALL_SQE_RD_OTHER,CP_CLUSTER_FE_U_EMPTY,CP_CLUSTER_FE_S_EMPTY,CP_CLUSTER_SP_VS_EMPTY,CP_CLUSTER_VPC_US_EMPTY,CP_CLUSTER_VPC_VS_EMPTY,CP_CLUSTER_GRAS_EMPTY,CP_CLUSTER_SP_PS_EMPTY,CP_CLUSTER_VPC_PS_EMPTY,CP_CLUSTER_PS_EMPTY
0.001114,0,0,0,0,0,397754,394266,398773,395322,399829,396377,400883,397450,401978
0.002809,0,0,0,0,0,436258,440254,436336,442876,500530,511340,504240,508732,504297
0.004499,0,0,0,0,0,449516,447805,447235,449334,388971,378416,386021,385681,386993
0.006046,0,0,0,0,0,379299,380497,380478,375300,373503,376714,371757,371112,369724
0.007514,0,0,0,0,0,367472,367472,367468,367452,367546,367545,367581,367525,367519
0.008994,0,0,0,0,0,366429,366463,366484,366485,366403,366405,366364,366380,366384
0.010458,0,0,0,0,0,372171,372115,372093,372090,372090,372070,372029,371992,372005
0.011927,0,0,0,0,0,353944,353709,353434,353178,352903,352647,352375,352117,351845
0.013415,0,0,0,0,0,352868,352827,352827,352866,352866,352865,352863,352841,352822
0.014893,0,0,0,0,0,352730,352729,352711,352687,352668,352666,352644,352646,418180
0.016462,0,0,0,0,0,420951,420950,420948,420930,420947,420945,421002,421001,355483
0.018214,0,0,0,0,0,348485,349558,349908,349925,349965,350005,349968,354082,350865
0.019719,0,0,0,0,0,348716,347501,346992,346796,346577,346360,346183,341909,344947
0.021183,0,0,0,0,0,343355,343319,343316,343315,343351,343350,343348,343348,343348
0.022641,0,0,0,0,0,345011,344993,344991,344991,344990,344988,344969,344986,344985
0.024101,0,0,0,0,0,344056,344071,344072,344069,344031,344031,344048,344029,344028
0.025559,0,0,0,0,0,343100,343099,343098,343098,343099,343097,343096,343116,343151
0.027055,0,0,0,0,0,398036,396541,402302,406881,408660,411673,409455,409590,409963
0.028554,0,0,0,0,0,340975,342040,335866,330893,328699,325333,327138,326550,325688
0.029927,0,0,0,0,0,325682,325679,325679,325618,325618,325557,325538,325554,325554
0.031298,0,0,0,0,0,383348,380900,378422,375995,373528,371073,368623,366157,363706
0.032712,0,0,0,0,0,284590,284559,284557,284539,284509,284468,284427,284396,284388
0.034059,0,0,0,0,0,285836,285824,285803,285791,285789,285788,285797,285786,285796
0.035381,0,0,0,0,0,320623,321514,322413,323303,324201,325070,325951,326823,327692
0.036779,0,0,0,0,0,337171,338197,338480,338538,338530,338539,339544,341080,341626
0.038198,0,0,0,0,0,336611,335602,335310,335240,335246,335235,334210,332679,332142
0.039598,0,0,0,0,0,333097,333085,333133,333124,333123,333144,333326,333366,333529
0.041018,0,0,0,0,0,334346,334532,334588,334781,334917,334974,334907,334954,334847
0.042424,0,0,0,0,0,333547,333491,333461,333321,333389,333377,333376,333502,333610
0.043828,0,0,0,0,0,331827,331698,331608,331559,331335,331286,331175,330959,330781
0.045225,0,0,0,0,0,330073,330090,330089,330089,330087,330075,330092,330083,330071
0.046621,0,0,0,0,0,331815,331795,331807,331805,331823,331833,331815,331832,331831
0.048047,0,0,0,0,0,332485,332384,332214,332077,332762,332738,332589,332864,333119
0.049449,0,0,0,0,0,330188,330130,330158,330147,329812,329687,329697,330137,329879
0.050849,0,0,0,0,0,333478,333604,333779,333943,333493,333628,333814,333009,333038
0.052268,0,0,0,0,0,329317,329930,330410,330430,330418,330377,330259,330198,330032
0.053666,0,0,0,0,0,329047,328364,327716,327547,327576,327545,327475,327475,327525
0.055062,0,0,0,0,0,328887,328827,329157,329148,330175,330088,330085,331464,331470
0.056467,0,0,0,0,0,331645,331665,331322,331322,330224,330243,330251,328880,328839
0.057864,0,0,0,0,0,328655,328669,328662,328679,328660,328659,328669,328657,328626
0.059407,0,0,2021,0,0,588014,589067,587610,587454,589296,589355,587210,589606,586973
0.060871,0,0,0,0,0,327510,327529,327518,327605,327457,327385,327367,327347,327346
0.062327,0,0,0,0,0,324293,324183,324094,323983,323963,323944,323803,323737,323659
0.063766,0,0,0,0,0,326222,326203,326191,326201,326190,326189,326198,326245,326282
0.065206,0,0,0,0,0,326641,326816,326961,327001,327139,327292,327449,327484,327603
0.066647,0,0,0,0,0,325847,325717,325592,325610,325488,325334,325205,325302,325272
0.068085,0,0,0,0,0,326774,326865,327000,327028,327086,327242,327319,327224,327229
0.069526,0,0,0,0,0,542643,751780,533670,529537,756818,758418,358374,761726,282089
0.070820,0,0,0,0,0,668283,854188,678302,683584,854217,854233,546934,854198,492417
0.072257,0,0,0,0,0,465079,465580,465588,465532,465515,469681,469439,469443,469443
0.073760,0,0,0,0,0,478757,478288,478270,478340,478385,474363,474631,474730,474742
0.075249,0,0,0,0,0,467723,467810,467931,467974,468131,468115,468191,468349,468422
0.076690,0,0,0,0,0,458696,458564,458575,458590,458667,458604,458554,458427,458452
0.078129,0,0,0,0,0,455189,455396,455323,455323,455200,455276,455333,455328,455519
0.079781,0,0,0,0,0,493152,492954,493161,493142,493273,493229,493390,493358,493287
0.081240,0,0,0,0,0,484661,484703,484687,484677,484518,484528,484427,484526,484613
0.082681,0,0,0,0,0,456860,456866,456847,456872,456854,457035,456984,456990,456812
0.084172,0,0,0,0,0,465290,465172,464951,464817,464772,464491,464359,464163,464003
0.085605,0,0,0,0,0,468186,468195,468182,468166,468181,468180,468178,468179,468188
0.087040,0,0,0,0,0,545476,545477,545489,545505,545426,545424,545429,546187,546186
0.088559,0,0,0,0,0,450700,450687,450686,450667,450673,450667,450650,449977,450065
0.089991,0,0,0,0,0,468276,468286,468256,468268,468266,468272,468281,468193,468105
0.091482,0,0,0,0,0,464591,464589,464589,464604,464620,464612,464601,464589,464586
0.092915,0,0,0,0,0,445062,445046,445078,445059,445024,445028,445027,445036,445037
0.094354,0,0,0,0,0,455502,455500,455484,455484,455483,455467,455453,455454,455463
0.095784,0,0,0,0,0,467786,467820,468444,468448,469196,469205,469234,470644,476355
0.097225,0,0,0,0,0,457504,457545,456929,456927,456189,456178,456175,454746,449022
0.098657,0,0,0,0,0,450666,450590,450588,450588,450594,450602,450584,450599,450588
0.100086,0,0,0,0,0,454573,454163,453756,453353,452955,452547,452151,451753,451366
0.101495,0,0,0,0,0,452277,452277,452276,452276,452275,452275,452289,452334,452334
0.102905,0,0,0,0,0,451646,451645,451637,451641,451640,451638,451634,451587,451586
0.104316,0,0,0,0,0,451740,451793,451799,451799,451781,451792,451796,451857,451855
0.105728,0,0,0,0,0,449924,449870,449863,449862,449860,449865,449847,449785,449785
0.107171,0,0,0,0,0,440945,441349,441733,442127,442534,442929,443308,443780,444173
0.108815,0,0,0,0,0,468294,468382,468397,468379,468367,468365,468381,468303,468287
0.110377,0,0,0,0,0,479658,479567,479578,479682,479698,479691,479690,479706,479721
0.111852,0,0,0,0,0,474279,474286,474329,474240,474311,474310,474325,474306,474305
0.113428,0,0,0,0,0,485468,485476,485436,485430,485356,485361,485442,485530,485530
0.115075,0,0,0,0,0,491065,491048,491032,491036,491030,491047,490957,490869,490884
0.116699,0,0,0,0,0,486924,486930,486922,486905,486893,486874,486950,486949,486931
0.118303,0,0,0,0,0,483987,483984,484001,484016,484014,484008,483937,483935,483918
0.119911,0,0,0,0,0,485492,485519,485500,485483,485483,485486,485452,485450,485466
0.121391,0,0,0,0,0,474631,474614,474614,474645,474656,474657,474671,474760,474758
0.122967,0,0,0,0,0,572237,572218,611908,612740,612875,612868,612868,612795,612795
0.124563,0,0,0,0,0,516751,516751,477047,476198,476120,476125,476139,476193,476190
0.126012,0,0,0,0,0,463187,463186,463212,463195,463140,463138,463121,463033,463031
0.127475,0,0,0,0,0,472765,472764,472769,472778,472759,472759,472760,472790,472791
0.128919,0,0,0,0,0,459820,459818,459818,459817,459833,459815,459828,459812,459794
0.130360,0,0,0,0,0,458193,458210,458186,458174,458158,458172,458174,458172,458172
0.131841,0,0,0,0,0,472181,472164,472169,472179,472175,472159,472156,472156,472170
0.133411,0,0,0,0,0,487578,487580,487562,487648,487666,487681,487665,487662,487646
0.135016,0,0,0,0,0,489699,489755,489770,489687,489680,489679,489694,489781,489781
0.136621,0,0,0,0,0,481236,481262,481261,481343,481347,481330,481330,481242,481256
0.138229,0,0,0,0,0,481249,481165,481192,481104,481102,481101,481082,481081,481094
0.139707,0,0,0,0,0,477081,477092,477064,477062,477063,477133,477149,477219,477204
0.141285,0,0,0,0,0,484584,484583,484593,484597,484590,484534,484533,484445,484444
0.142887,0,0,0,0,0,483808,483807,483805,483804,483793,483787,483803,483889,483888
0.144541,0,0,0,0,0,484633,484616,484588,484587,484602,484617,484598,484526,484527
0.146144,0,0,0,0,0,493609,493659,493685,493684,493677,493648,493632,493630,493615
0.147696,0,0,0,0,0,495963,495928,495910,495998,496003,496013,496011,496000,495993
0.149348,0,0,0,0,0,483278,483337,483343,483248,483245,483250,483261,483261,483277
0.150948,0,0,0,0,0,452292,452214,452222,452314,452315,452326,542427,540412,540395
0.152484,0,0,0,0,0,564619,564618,564636,564546,564599,564588,474545,476552,476567
0.153932,0,0,0,0,0,455913,455918,455884,455869,455796,455776,455808,455840,455841
0.155464,0,0,0,0,0,475270,475263,475295,475293,475309,475325,475230,475229,475228
0.156909,0,0,0,0,0,458571,458571,458570,458585,458656,458727,458731,458713,458711
0.158350,0,0,0,0,0,457516,457530,457494,457476,457387,457315,457282,457282,457281
0.159805,0,0,0,0,0,470364,470354,470369,470369,470385,470378,470410,470424,470423
0.161366,0,0,0,0,0,486511,486518,486524,486523,486605,486593,486591,486574,486556
0.162970,0,0,0,0,0,569310,569310,569287,569285,569185,584318,584318,585521,586121
0.164544,0,0,0,0,0,499527,499514,499591,499602,499598,484480,484480,483276,482674
0.166119,0,0,0,0,0,484387,484381,484319,484324,484340,484334,484332,484314,484330
0.167726,0,0,0,0,0,487069,487083,487071,487158,487154,487157,487140,487138,487126
0.169331,0,0,0,0,0,484544,484534,484560,484454,484452,484453,484467,484570,484563
0.170946,0,0,0,0,0,541757,541767,541739,541749,541753,541807,541806,541718,541717
0.172600,0,0,0,0,0,484568,484550,484548,484548,484548,484546,484546,484631,484630
0.174204,0,0,0,0,0,486933,486949,486976,486979,486962,486901,486898,486811,486843
0.175812,0,0,0,0,0,485323,485306,485305,485287,485285,485288,485284,485298,485281
0.177418,0,0,0,0,0,483846,483860,483826,483916,483930,483913,483917,483900,483898
0.179063,0,0,0,0,0,491405,491405,491404,491330,491330,491328,491320,491408,491408
0.180671,0,0,0,0,0,485235,485223,485222,485308,485307,485319,485308,485220,485219
0.182164,0,0,0,0,0,446186,445936,445686,445348,445100,444849,444632,444466,444216
0.183744,0,0,0,0,0,467174,467167,467156,467139,467137,467128,467105,467095,467094
0.185349,0,0,0,0,0,464351,464355,464363,464378,464360,464373,464363,464298,464297
0.186953,0,0,0,0,0,515349,515343,515349,515418,515427,515426,515493,515481,515471
0.188607,0,0,0,0,0,462773,462770,462769,462700,462700,462699,462630,462714,462724
0.190209,0,0,0,0,0,465030,465047,465056,465037,465027,465095,465109,465024,465021
0.191817,0,0,0,0,0,474561,474544,474533,474542,474555,474485,474479,474468,474468
0.193436,0,0,0,0,0,475238,475252,475262,475267,475261,475244,475248,475271,475281
0.195081,0,0,0,0,0,468622,468610,468584,468578,468583,468596,468579,468574,468563
0.196690,0,0,0,0,0,463957,463952,463965,463964,463963,463964,463973,463961,463959
0.198293,0,0,0,0,0,463695,463736,463735,463740,463723,463717,463706,463704,463704
0.199900,0,0,0,0,0,463825,463782,463779,463763,463778,463777,463860,463859,463857
0.201505,0,0,0,0,0,472472,472487,472500,472597,472595,472594,472523,472524,472522
0.203150,0,0,0,0,0,470971,470955,470941,470855,470840,470840,470824,470822,470821
0.204773,0,0,0,0,0,464694,464708,464707,464776,464774,464771,464760,464760,464760
0.206376,0,0,0,0,0,463385,463435,463451,463377,463392,463380,463406,463414,463414
0.207983,0,0,0,0,0,465132,465079,465077,465076,465076,465092,465060,465117,465114
0.209588,0,0,0,0,0,463902,463892,463861,463849,463831,463824,463839,463769,463770
0.211234,0,0,0,0,0,450621,450614,450638,450637,450636,450641,450654,450638,450636
0.212701,0,0,0,0,0,455831,455845,455829,455843,455859,455842,455836,455851,455850
0.214147,0,0,0,0,0,461617,461617,461605,461621,461603,461686,461674,461657,461656
0.215729,0,0,0,0,0,465653,465637,465668,465729,465729,465658,465674,465688,465687
0.217489,0,0,0,0,0,478846,478928,478910,478831,478840,478841,478841,478924,478923
0.219043,0,0,0,0,0,564840,564761,565568,566618,566616,566616,566623,566555,566555
0.220615,0,0,0,0,0,522141,522219,521395,520342,520347,520413,520397,520380,520368
0.222111,0,0,0,0,0,481105,481020,482028,482013,484012,483928,483932,485091,485493
0.223656,0,0,0,0,0,1064823,1064827,1063828,1063841,1061824,1061848,1061847,1060686,1060350
0.226451,0,0,0,0,0,480964,480973,480971,481113,481165,482483,483222,483220,483152
0.228071,0,0,0,0,0,483950,483965,488143,488272,488261,486941,486242,486299,486332
0.229640,0,0,0,0,0,471357,471351,467219,466997,467027,467041,467036,467034,467066
0.231073,0,0,0,0,0,446988,447596,451686,451207,451199,451215,451204,451189,451182
0.232479,0,0,0,0,0,458722,458132,454077,454562,454547,454545,454559,454570,454573
0.233875,0,0,0,0,0,464015,464000,463971,463969,463983,463967,463966,463963,463963
0.235369,0,0,0,0,0,451203,451173,451116,451055,451055,451028,450986,450931,450874
0.236878,0,0,0,0,0,450008,450004,450007,450093,450022,450016,450013,450013,450011
0.238315,0,0,0,0,0,431867,431871,431855,431764,431764,431768,431752,431752,431750
0.239753,0,0,0,0,0,440029,440021,440036,440040,440038,440032,440032,440022,440022
0.241323,0,0,0,0,0,463654,463727,463721,463720,463719,463791,463788,463880,463879
0.242926,0,0,0,0,0,577791,577718,577805,577799,606470,606610,606626,606625,612386
0.244671,0,0,0,0,0,495866,495863,495795,495793,467137,466911,466894,466794,461031
0.246273,0,0,0,0,0,464657,464674,464668,464657,464656,464665,464664,464762,464761
0.247894,0,0,0,0,0,458610,458593,458580,458579,458579,458568,458577,458482,458481
0.249490,0,0,0,0,0,458826,458840,458850,458949,458946,458945,458934,458969,458952
0.251128,0,0,0,0,0,610006,610005,609978,609961,609944,609944,609953,609916,609931
0.252745,0,0,0,0,0,464024,464022,464030,463962,463977,463987,463992,464068,464068
0.254319,0,0,0,0,0,464451,464436,464441,464518,464517,464521,464514,464435,464432
0.255926,0,0,0,0,0,465017,465015,465042,464946,464930,464996,465001,465022,465022
0.257529,0,0,0,0,0,463794,463794,463781,463890,463906,463821,463804,463802,463874
0.259187,0,0,0,0,0,468157,468171,468249,468237,468219,468219,468229,468217,468133
0.260795,0,0,0,0,0,463351,463334,463239,463223,463232,463246,463235,463236,463242
0.262398,0,0,0,0,0,464241,464255,464264,464179,464168,464166,464174,464172,464174
0.264004,0,0,0,0,0,464322,464311,464296,464395,464394,464379,464367,464350,464348
0.265608,0,0,0,0,0,463326,463336,463339,463332,463348,463347,463362,463362,463362
0.267253,0,0,0,0,0,418326,418377,418393,418393,418390,418415,418416,418429,418429
0.268879,0,0,0,0,0,463108,463055,463031,463020,463019,463006,463000,463001,462997
0.270494,0,0,0,0,0,461343,461353,461358,461288,461283,461284,461286,461284,461284
0.272099,0,0,0,0,0,463560,463532,463516,463598,463601,463678,463677,463675,463675
0.273703,0,0,0,0,0,464864,464931,464959,464954,464938,464842,464827,464841,464824
0.275351,0,0,0,0,0,466139,466101,466154,466159,466169,466184,466208,466183,466182
0.276954,0,0,0,0,0,457576,457544,457485,457483,457487,457480,457469,457478,457494
0.278555,0,0,0,0,0,462928,462927,462932,462842,462825,462814,462787,462853,462852
0.280159,0,0,0,0,0,462898,462913,462880,462979,463077,463092,463111,463044,463043
0.281775,0,0,0,0,0,474657,474647,474657,474628,474527,474526,474531,474554,474553
0.283423,0,0,0,0,0,465197,465189,465208,465134,465149,465132,465116,465090,465088
0.285028,0,0,0,0,0,463063,463077,463062,463051,463046,463061,463042,463116,463099
0.286629,0,0,0,0,0,473488,473487,473501,473612,473614,473608,473639,473548,473563
0.288158,0,0,0,0,0,454433,454433,454415,454313,454314,454317,454313,454326,454315
0.289602,0,0,0,0,0,458701,458742,458741,458729,458722,458722,458708,458694,458703
0.291082,0,0,0,0,0,458450,458407,458423,458422,458495,458489,458505,458534,458533
0.292527,0,0,0,0,0,458675,458658,458652,458651,458566,458569,458552,458535,458535
0.293960,0,0,0,0,0,432014,432020,431991,432016,432031,432024,432096,432095,432094
0.295397,0,0,0,0,0,436358,436355,436366,436354,436337,436327,436270,436269,436266
0.296833,0,0,0,0,0,433622,433648,433662,433662,433661,433671,433668,433708,433693
0.298267,0,0,0,0,0,425643,425615,425616,425614,425613,425684,425668,425611,425624
0.299692,0,0,0,0,0,434971,434587,434238,433927,433600,433155,432818,432453,432075
0.301098,0,0,0,0,0,428748,428731,428688,428620,428594,428576,428533,428532,428531
0.302500,0,0,0,0,0,430250,430249,430249,430247,430229,430243,430242,430242,430241
0.303911,0,0,0,0,0,436829,436833,436832,436826,436815,436799,436799,436799,436798
0.305315,0,0,0,0,0,428741,428740,428749,428754,428768,428766,428765,428763,428762
0.306745,0,0,0,0,0,475683,475473,475261,475008,474766,474530,474335,474134,473897
0.308177,0,0,0,0,0,426493,426449,426396,426390,426379,426388,426327,426290,426300
0.309563,0,0,0,0,0,416361,416377,416386,416441,416440,416428,416482,416465,416437
0.310948,0,0,0,0,0,417410,417409,417465,417408,417422,417433,417393,417403,417401
0.312388,0,0,0,0,0,417656,417648,417591,417609,417589,417577,417586,417606,417604
0.313773,0,0,0,0,0,416250,416250,416237,416222,416235,416234,416219,416202,416203
0.315193,0,0,0,0,0,413968,413353,412765,412159,411544,410923,410324,409708,409103
0.316515,0,0,0,0,0,400744,400754,400770,400812,400836,400867,400891,400944,400985
0.317811,0,0,0,0,0,502896,502895,502892,502860,502865,502874,502863,502829,502818
0.319213,0,0,0,0,0,501286,501274,501242,501230,501225,501198,501181,501170,501168
0.320612,0,0,0,0,0,493727,493727,493726,493724,493696,493696,493679,493661,493634
0.322011,0,0,0,0,0,500513,500537,500551,500551,500592,500606,500621,500646,500656
0.323433,0,0,0,0,0,438787,440114,441389,442659,443892,445150,446420,447685,448943
0.324829,0,0,0,0,0,440134,440066,440061,440080,440073,440073,440076,440071,440087
0.326238,0,0,0,0,0,469311,469451,469659,469778,470061,470255,470354,470605,470815
0.327641,0,0,0,0,0,458106,458263,458320,458388,458345,458543,458679,458551,458322
0.329039,0,0,0,0,0,452712,452417,452149,451954,451717,451322,451154,451027,451028
0.330429,0,0,0,0,0,452468,452466,452464,452453,452446,452447,452375,452373,452372
0.331836,0,0,0,0,0,522695,522652,522609,522552,522514,522463,522422,522354,522309
0.333341,0,0,0,0,0,444451,444461,444477,444642,444893,444892,444959,444963,444974
0.334798,0,0,0,0,0,454563,454745,454801,454642,454447,454604,454713,454949,455230
0.337179,0,0,0,0,0,468568,468369,468351,468355,468365,468212,468028,467817,467523
0.338634,0,0,0,0,0,450654,450669,450652,450746,450803,450813,450860,450955,451053
0.340078,0,0,0,0,0,441900,441883,441813,441719,441591,441574,441530,441401,441301
0.341517,0,0,0,0,0,436155,436159,436186,436184,436178,436182,436166,436181,436181
0.342971,0,0,0,0,0,888714,889523,888426,888458,889750,890490,890287,892909,891207
0.344583,0,0,0,0,0,444562,444605,444672,444754,444765,444106,442806,441808,441877
0.346024,0,0,0,0,0,463836,464033,464090,464032,463878,463794,463778,463677,463598
0.347463,0,0,0,0,0,428187,427963,427852,427709,427708,427818,427916,428047,428054
0.348917,0,0,0,0,0,448475,448456,448607,448664,448750,448904,448845,448754,448911
0.350353,0,0,0,0,0,428835,428850,428665,428613,428535,428268,428282,428325,428225
0.351788,0,0,0,0,0,459175,459175,459205,459198,459203,459212,459169,459058,458999
0.353259,0,0,0,0,0,571195,697985,560825,555327,698651,698872,434440,699339,375841
0.354554,0,0,0,0,0,744573,1008603,753125,758337,1008722,1008737,563925,1008772,484293
0.355990,0,0,0,0,0,452213,452212,452226,452165,452149,452165,452153,452152,452163
0.357439,0,0,0,0,0,487783,487860,487830,487916,487912,487921,488026,488054,488733
0.358881,0,0,0,0,0,457947,457989,458013,458195,458415,458635,458659,458909,458271
0.360333,0,0,0,0,0,474761,474657,474920,474742,474565,474416,474399,474338,474536
0.361774,0,0,0,0,0,459903,460209,460242,460457,460692,460901,461093,460959,460967
0.363261,0,0,0,0,0,460251,460073,459863,459701,459454,459375,459197,459215,459154
0.364834,0,0,0,0,0,456828,456801,456772,456657,456754,456635,456532,456546,456430
0.366273,0,0,0,0,0,457549,457443,457385,457340,457208,457120,457102,456968,456878
0.367741,0,0,0,0,0,468422,468404,468390,468387,468385,468351,468356,468367,468384
0.369175,0,0,0,0,0,454055,454071,454069,454070,454069,454849,455417,455416,461178
0.370622,0,0,0,0,0,463146,463206,463216,463214,463228,462453,461876,461876,456111
0.372054,0,0,0,0,0,468310,468303,468275,468290,468274,468272,468272,468303,468269
0.373485,0,0,0,0,0,465603,465547,465546,465539,465555,465538,465525,465475,465490
0.374915,0,0,0,0,0,466326,466326,466395,466400,466383,466381,466379,466394,466394
0.376438,0,0,0,0,0,467520,467519,467491,468284,468281,468309,468298,471081,471669
0.377874,0,0,0,0,0,483063,483050,483032,482237,482238,482209,482230,479445,478855
0.379420,0,0,0,0,0,465977,465987,465975,465985,466000,466010,466015,466013,466013
0.381131,0,0,0,0,0,470093,470080,470091,470063,470062,470050,470033,470032,470031
0.382564,0,0,0,0,0,450086,450085,450084,450101,450084,450093,450091,450081,450080
0.383998,0,0,0,0,0,468227,468238,468226,468208,468222,468222,468221,468231,468245
0.385432,0,0,0,0,0,468679,468668,468650,468648,468630,468618,468617,468615,468581
0.386866,0,0,0,0,0,507360,507353,507368,507455,507471,507470,507479,507494,507495
0.388334,0,0,0,0,0,469671,469671,469698,469609,469610,469625,469624,469595,469610
0.389769,0,0,0,0,0,451016,451030,451011,451010,451008,451007,450997,451008,451007
0.391211,0,0,0,0,0,524021,524008,523992,524007,524007,524001,524014,523997,523996
0.393132,0,0,0,0,0,468681,468675,468679,468662,468731,468730,468731,468746,468728
0.394567,0,0,0,0,0,469607,469612,469622,469621,469549,469548,469529,469545,469561
0.396004,0,0,0,0,0,458889,458899,458887,458885,458877,458864,458865,458848,458846
0.397445,0,0,0,0,0,457141,457201,457184,457202,457191,457202,457217,457215,457213
0.398885,0,0,0,0,0,455837,455764,455863,455860,455875,455873,455872,455855,455843
0.400326,0,0,0,0,0,481466,481492,481418,481418,481489,481494,481563,481561,481574
0.401904,0,0,0,0,0,485567,485550,485566,485559,485470,485470,485380,485396,485525
0.403526,0,0,0,0,0,573657,573645,573629,573633,573643,573729,573713,573800,573666
0.405208,0,0,0,0,0,480420,480492,480489,480471,480475,480372,480388,480297,480280
0.406668,0,0,0,0,0,465224,465161,465176,465175,465159,465157,465156,465140,465156
0.408115,0,0,0,0,0,461301,461317,461273,461372,461371,461385,461384,461400,461399
0.409560,0,0,0,0,0,462062,462028,462042,461943,461985,461979,462011,461994,461976
0.411038,0,0,0,0,0,476129,476128,476113,476110,476081,476080,476063,476062,476079
0.412494,0,0,0,0,0,453332,453082,452848,452627,452378,452117,451862,451644,451394
0.414064,0,0,0,0,0,464326,464340,464348,464321,464320,464335,464334,464318,464316
0.415671,0,0,0,0,0,464374,464373,464373,464388,464371,464371,464370,464368,464384
0.417278,0,0,0,0,0,464390,464363,464362,464361,464377,464370,464373,464373,464372
0.418883,0,0,0,0,0,513802,513811,513784,579317,578737,578812,578806,578878,578872
0.420626,0,0,0,0,0,518316,518315,518357,452805,453382,453304,453310,453237,453224
0.422230,0,0,0,0,0,465266,465296,465263,465277,465276,465291,465288,465287,465288
0.423849,0,0,0,0,0,464606,464574,464587,464572,464570,464544,464545,464541,464524
0.425456,0,0,0,0,0,465034,465048,465049,465047,465030,465028,465026,465013,465011
0.427103,0,0,0,0,0,517042,517025,517029,517038,517138,517154,517148,517235,517250
0.428631,0,0,0,0,0,454086,454092,454069,454073,453973,453956,453943,453884,453883
0.430077,0,0,0,0,0,442278,442271,442275,442276,442274,442283,442284,442283,442282
0.431651,0,0,0,0,0,467792,467791,467792,467785,467799,467803,467800,467783,467767
0.433257,0,0,0,0,0,464147,464151,464133,464132,464130,464131,464142,464131,464129
0.434748,0,0,0,0,0,500803,500813,500828,500827,500826,500824,500823,500831,500847
0.436368,0,0,0,0,0,466195,466184,466251,466249,466249,466247,466246,466247,466235
0.437975,0,0,0,0,0,462414,462407,462321,462337,462337,462320,462324,462323,462316
0.439582,0,0,0,0,0,465019,465017,465032,465015,465012,465029,465023,465010,465121
0.441188,0,0,0,0,0,464878,464878,464864,464867,464863,464860,464848,464857,464759
0.442791,0,0,0,0,0,511296,511294,511291,511276,511348,511348,511331,511404,511403
0.444442,0,0,0,0,0,466313,466329,466355,466354,466284,466335,466366,466292,466293
0.446062,0,0,0,0,0,465233,465285,465288,465298,465297,465245,465228,465226,465225
0.447670,0,0,0,0,0,464035,463970,463946,463935,463934,463931,463941,463940,463928
0.449276,0,0,0,0,0,465692,465685,465692,465691,465675,465675,465731,465732,465725
0.450881,0,0,0,0,0,511759,511776,511769,511781,589620,590582,590529,590627,590642
0.452494,0,0,0,0,0,532349,532337,532353,532353,454512,453542,453541,453440,453455
0.454068,0,0,0,0,0,464288,464350,464338,464335,464334,464323,464305,464289,464256
0.455673,0,0,0,0,0,459578,459534,459550,459546,459562,459576,459586,459600,459614
0.457319,0,0,0,0,0,458547,458519,458501,458574,458567,458551,458540,458539,458539
0.458913,0,0,0,0,0,663744,666421,667020,666948,666952,666961,666961,666959,667043
0.460588,0,0,0,0,0,459470,456797,456190,456191,456201,456207,456188,456188,456103
0.462038,0,0,0,0,0,443757,443757,443756,443739,443711,443707,443738,443737,443735
0.463484,0,0,0,0,0,442917,442926,443016,443029,443027,443013,443007,443006,443004
0.464926,0,0,0,0,0,438644,438627,438551,438552,438568,438576,438566,438565,438555
0.466366,0,0,0,0,0,438503,438519,438507,438506,438499,438504,438518,438515,438509
0.467861,0,0,0,0,0,449991,449973,449973,449966,449953,449968,449961,449963,449976
0.469433,0,0,0,0,0,463749,463750,463733,463739,463755,463723,463712,463694,463694
0.471036,0,0,0,0,0,470250,470247,470273,470355,470355,470363,470363,470377,470376
0.472648,0,0,0,0,0,461895,461894,461866,461781,461764,461822,461836,461863,461862
0.474251,0,0,0,0,0,463578,463577,463592,463591,463684,463629,463680,463652,463652
0.475859,0,0,0,0,0,466472,466471,466486,466479,466468,466453,466467,466466,466454
0.477466,0,0,0,0,0,464256,464255,464322,464322,464252,464251,464167,464208,464218
0.479085,0,0,0,0,0,469271,469285,469210,469215,469292,469290,469279,469220,469218
0.480694,0,0,0,0,0,464761,464745,464736,464814,464719,464734,464758,464784,464783
0.482298,0,0,0,0,0,465407,465411,465419,465338,465434,465448,465443,465432,465447
0.483908,0,0,0,0,0,466097,466091,466079,466078,466067,466033,466022,466020,465987
0.485513,0,0,0,0,0,464787,464793,464786,464770,464682,464698,464711,464694,464692
0.487117,0,0,0,0,0,468822,468814,468887,468901,468916,468900,468895,468926,468925
0.488721,0,0,0,0,0,458472,458486,458412,458410,458410,458420,458424,458391,458407
0.490329,0,0,0,0,0,459547,459531,459535,459530,459514,459501,459500,459515,459515
0.491814,0,0,0,0,0,481462,481462,482217,482214,487895,485396,485421,485430,485428
0.493298,0,0,0,0,0,447122,447125,446378,446383,440711,443209,443165,443169,443168
0.494740,0,0,0,0,0,437698,437698,437699,437699,437770,437780,437779,437764,437763
0.496182,0,0,0,0,0,431011,431035,431048,431041,430972,430977,430987,430986,430985
0.497622,0,0,0,0,0,439467,439451,439439,439428,439411,439404,439409,439391,439391
0.499096,0,0,0,0,0,457283,456295,460848,458907,458921,458921,458920,458917,458914
0.500552,0,0,0,0,0,462866,463837,459266,461205,461200,461202,461186,461218,461217
0.502118,0,0,0,0,0,463849,463862,463846,463845,463850,463844,463858,463857,463856
0.503919,0,0,0,0,0,541477,541477,541476,541486,541483,541555,541554,541565,541565
0.505499,0,0,0,0,0,456737,460907,460321,460798,460798,460729,460712,460669,460668
0.506952,0,0,0,0,0,660646,656458,657058,656568,656760,656760,657626,658646,658629
0.508604,0,0,0,0,0,439687,439692,439686,439684,439474,439472,438620,437613,437612
0.510046,0,0,0,0,0,437927,437920,437909,437909,437924,437908,437907,437906,437920
0.511499,0,0,0,0,0,455360,455364,455362,455361,455354,455370,455353,455352,455353
0.512940,0,0,0,0,0,438714,438709,438724,438739,438737,438736,438751,438734,438732
0.514508,0,0,0,0,0,459474,459477,459470,459453,459458,459458,459451,459455,459455
0.516073,0,0,0,0,0,534118,534127,534142,534157,534141,534133,534138,534147,534130
0.517598,0,0,0,0,0,445862,445851,445850,445848,445858,445861,445861,445861,445875
0.519043,0,0,0,0,0,450797,450807,450790,450791,450794,450788,450786,450785,450784
0.520492,0,0,0,0,0,435537,435526,435526,435508,435492,435496,435479,435478,435477
0.521936,0,0,0,0,0,437592,437601,437621,437630,437645,437645,437727,437727,437710
0.523507,0,0,0,0,0,472878,472863,472845,472851,472844,472843,472775,472757,472774
0.525032,0,0,0,0,0,448476,448474,448515,448496,448501,448485,448477,448492,448479
0.526469,0,0,0,0,0,425319,425317,425343,425343,425326,425341,425331,425330,425339
0.527911,0,0,0,0,0,439446,439462,439403,439402,439400,439382,439381,439365,439354
0.529351,0,0,0,0,0,452169,452152,452167,452166,452166,452180,452190,452220,452229
0.530790,0,0,0,0,0,473258,473273,473261,473286,473301,473285,473283,473256,473255
0.532280,0,0,0,0,0,451619,451601,451569,451542,451524,451539,451544,451553,451563
0.533883,0,0,0,0,0,462936,462936,462966,462977,462992,463001,463084,463082,463069
0.535488,0,0,0,0,0,464349,464362,464346,464349,464343,464332,464231,464232,464216
0.537091,0,0,0,0,0,462962,462978,462986,462985,462983,462983,462999,462981,462995
0.538695,0,0,0,0,0,465247,465221,465195,465177,465178,465244,465241,465240,465272
0.540300,0,0,0,0,0,464212,464236,464261,464345,464350,464290,464290,464304,464272
0.541904,0,0,0,0,0,463076,463116,463115,463031,463029,463017,463001,462985,462984
0.543523,0,0,0,0,0,493848,493774,493773,493787,493785,493797,493810,493811,493808
0.545033,0,0,0,0,0,456135,456135,456124,456122,456116,456087,456087,456099,456100
0.546479,0,0,0,0,0,440508,440563,440546,440530,440550,440561,440618,440619,440618
0.548053,0,0,0,0,0,464667,464614,464613,464697,464748,464746,464660,464657,464656
0.549658,0,0,0,0,0,463436,463436,463445,463375,463307,463295,463315,463331,463328
0.551261,0,0,0,0,0,600218,600216,600216,600215,600215,600241,600246,600214,600214
0.552972,0,0,0,0,0,455006,455033,455031,455029,455010,455010,455010,455007,455007
0.554430,0,0,0,0,0,448131,448097,448102,448097,448112,448101,448094,448126,448108
0.555871,0,0,0,0,0,442750,442750,442759,442763,442762,442744,442743,442725,442739
0.557442,0,0,0,0,0,464504,464501,464475,464457,464457,464457,464459,464460,464459
0.559047,0,0,0,0,0,468886,468887,468910,468941,468923,468933,468949,468947,469030
0.560654,0,0,0,0,0,458692,458695,458679,458648,458664,458652,458620,458618,458535
0.562249,0,0,0,0,0,460776,460787,460792,460805,460788,460786,460795,460794,460877
0.563726,0,0,0,0,0,453732,453782,453796,453791,453806,453820,453821,453821,453749
0.565314,0,0,0,0,0,464386,464333,464310,464298,464281,464264,464268,464251,464236
0.566919,0,0,0,0,0,463848,463831,463837,463847,463847,517111,517687,518978,519046
0.568578,0,0,0,0,0,520674,520672,520670,520659,520667,467402,466822,465544,465474
0.570081,0,0,0,0,0,468721,468748,468805,468846,468877,468918,468943,468970,468995
0.571557,0,0,0,0,0,450596,450600,450551,450549,450705,450715,450714,450729,450732
0.572956,0,0,0,0,0,451924,451923,452023,452033,451874,451878,451878,451861,451861
0.574350,0,0,0,0,0,450835,450818,450733,450722,450722,450703,450687,450686,450685
0.575755,0,0,0,0,0,453915,453924,453953,453952,453950,453951,453950,453948,453947
0.577147,0,0,0,0,0,450763,450767,450747,450744,450744,450744,450758,450747,450758
0.578538,0,0,0,0,0,450807,450807,450812,450812,450810,450818,450809,450818,450815
0.579922,0,0,0,0,0,436617,436212,435800,435490,435127,434711,434309,433919,433515
0.581283,0,0,0,0,0,431024,431018,431032,430946,430929,430945,430986,431001,430995
0.582644,0,0,0,0,0,427485,427541,427530,427515,427488,427455,427427,427411,427467
0.584002,0,0,0,0,0,428357,428329,428313,428310,428327,428368,428352,428334,428297
0.585361,0,0,0,0,0,428079,428064,428079,428078,428076,428059,428062,428071,428070
0.586729,0,0,0,0,0,429107,429088,429071,429070,429069,429053,429037,429084,429067
0.588134,0,0,0,0,0,421317,421066,420824,420593,420334,420096,419875,419574,419321
0.589475,0,0,0,0,0,419890,419904,419917,419926,419931,419930,419914,419930,419928
0.590815,0,0,0,0,0,419536,419534,419560,419548,419540,419540,419554,419538,419537
0.592156,0,0,0,0,0,422963,423105,423062,424064,424122,424125,424118,424123,424117
0.593499,0,0,0,0,0,428783,428657,428657,427648,427593,427589,427577,427568,427573
0.594835,0,0,0,0,0,446779,446761,446765,446780,446791,446788,446798,446829,446828
0.596240,0,0,0,0,0,508452,507821,507201,506570,505939,505309,504694,504064,503459
0.597643,0,0,0,0,0,501627,501626,501624,501608,501590,501620,501646,501644,501632
0.599043,0,0,0,0,0,408587,409411,410963,411479,412309,417285,417137,417615,417609
0.600352,0,0,0,0,0,509704,508867,507313,506793,505978,500968,501076,500599,500598
0.601750,0,0,0,0,0,500031,500025,500024,500024,500023,500039,500081,500078,500103
0.603162,0,0,0,0,0,442845,449445,447841,449098,451104,453956,455184,461128,460266
0.604559,0,0,0,0,0,471861,466545,469423,469440,468692,467097,467111,462477,465554
0.605957,0,0,0,0,0,460288,460460,460653,460962,461182,461366,461557,461824,460872
0.607395,0,0,0,0,0,457910,457936,457962,457876,457906,457972,457947,457736,457819
0.608818,0,0,0,0,0,454807,456069,459942,458460,458205,457938,458625,459059,459698
0.610218,0,0,0,0,0,457738,456264,452153,453407,453408,453422,452539,451960,451193
0.611623,0,0,0,0,0,443872,443860,443843,443801,443758,443740,443765,443755,443737
0.613125,0,0,0,0,0,456933,457017,457015,457097,457112,457096,457052,457052,457051
0.614578,0,0,0,0,0,459011,459189,459430,459625,459901,460168,460351,460459,460685
0.616341,0,0,0,0,0,498759,498489,498245,498049,497769,497505,497305,497195,496978
0.617838,0,0,0,0,0,443522,443596,443596,443527,443663,443689,443704,443687,443750
0.619366,0,0,0,0,0,448859,448799,448803,448798,448661,448633,448626,448639,448565
0.620806,0,0,0,0,0,434507,434589,434585,434586,434599,434598,434602,434686,434695
0.622246,0,0,2557,0,0,756340,757367,755673,755539,757338,757336,754937,757235,754399
0.624456,0,0,0,0,0,454528,454643,454794,454920,455059,455168,455156,455301,455385
0.625895,0,0,0,0,0,429582,429549,429426,429308,429155,429040,429081,429003,428985
0.627358,0,0,0,0,0,451893,451908,451902,451891,451958,451962,451929,451861,451791
0.628796,0,0,0,0,0,435671,435695,435862,436046,436128,436347,436589,436708,436907
0.630245,0,0,0,0,0,452265,452292,452348,452287,452413,452428,452326,452214,452014
0.631684,0,0,0,0,0,437704,437687,437702,437829,437686,437575,437725,437840,437966
0.633122,0,0,0,0,0,734227,1010860,721820,715926,1011014,1011152,485505,1011194,377153
0.634415,0,0,0,0,0,579198,694144,590189,601251,697443,697426,519087,697486,488655
0.635924,0,0,0,0,0,470672,469921,469893,464108,466542,466541,466529,466526,466525
0.637381,0,0,0,0,0,483910,483972,484218,484411,484514,484849,484962,485270,485560
0.638822,0,0,0,0,0,458878,458887,458885,458867,458796,458607,458662,458475,458299
0.640272,0,0,0,0,0,477405,477349,477338,477276,477257,477811,477683,482537,479478
0.641719,0,0,0,0,0,460730,460948,460959,460975,461079,460473,460703,455803,458876
0.643207,0,0,0,0,0,552632,552572,552526,552514,552645,552803,552658,552827,552870
0.644729,0,0,0,0,0,477275,477288,477287,477270,477147,477063,477241,477284,477432
0.646172,0,0,0,0,0,452039,451847,451653,451565,451509,451334,451078,450786,450461
0.647655,0,0,0,0,0,1270444,1270446,1270430,1270426,1270354,1270348,1270264,1270262,1270259
0.649823,0,0,0,0,0,457440,457452,457473,457458,457441,457426,457448,457448,457449
0.651506,0,0,0,0,0,457590,457323,457071,456822,456572,456352,456093,455912,455661
0.652970,0,0,0,0,0,430846,430845,430830,430843,430854,430841,430839,430754,430754
0.654400,0,0,0,0,0,427719,427724,427732,427731,427720,427714,427728,427728,427799
0.659416,0,0,0,0,0,501175,501183,501238,501248,501277,501276,501293,501333,501260
0.660866,0,0,0,0,0,452907,452907,452934,452933,453688,453719,457824,457590,457589
0.662296,0,0,0,0,0,457092,457091,457021,457110,456332,456331,452207,452439,452440
0.663747,0,0,0,0,0,449291,449274,449263,449156,449145,449119,449119,449092,449171
0.665181,0,0,0,0,0,455492,455491,455475,455465,455475,455473,455456,455437,455354
0.666612,0,0,0,0,0,430483,430498,430497,431236,431785,435890,435729,435730,435729
0.668051,0,0,0,0,0,449373,451546,449492,449548,449448,445324,445482,445479,445478
0.669503,0,0,0,0,0,433656,431480,433531,432743,432295,432312,432310,432324,432309
0.670936,0,0,0,0,0,458215,458214,458223,458226,458210,458192,458207,593378,591599
0.672510,0,0,0,0,0,587283,587281,587267,587266,587281,587290,587348,452161,453952
0.673948,0,0,0,0,0,431750,431750,431780,431779,431830,431835,431770,431775,431775
0.675427,0,0,0,0,0,450128,450140,450112,450113,450054,450052,450057,450048,450031
0.676863,0,0,0,0,0,449610,449582,449580,449562,449562,449620,449603,449603,449617
0.678296,0,0,0,0,0,426449,426448,426463,426472,426460,426400,426415,426431,426432
0.679731,0,0,0,0,0,537359,537363,537330,537345,537343,537326,537324,537323,537320
0.681416,0,0,0,0,0,434491,434484,434525,434498,434514,434530,434525,434524,434523
0.682878,0,0,0,0,0,503324,503323,503297,503305,503289,503287,503291,503290,503299
0.684431,0,0,0,0,0,505694,505694,505692,505682,505748,505748,505746,505729,505719
0.685911,0,0,0,0,0,451767,451766,451781,451805,451751,451819,451829,451844,451841
0.687354,0,0,0,0,0,463768,463782,463761,463766,463749,463675,463648,463647,463662
0.688794,0,0,0,0,0,436808,436796,436810,436779,436795,436793,436791,436779,436747
0.690232,0,0,0,0,0,522762,522756,522754,522753,522752,522756,522755,522765,522764
0.691892,0,0,0,0,0,464679,464695,464684,464693,464677,464660,464660,464658,464674
0.693509,0,0,0,0,0,464211,464193,464203,464190,464219,464228,464244,464244,464227
0.695110,0,0,0,0,0,500258,500257,500272,500298,500533,500522,501287,502251,502265
0.696740,0,0,0,0,0,465781,465785,465753,465742,465490,465501,464715,463749,463747
0.698343,0,0,0,0,0,464688,464688,464703,464701,464683,464681,464699,464682,464682
0.699950,0,0,0,0,0,462557,462557,462539,462538,462554,462542,462535,462550,462538
0.701553,0,0,0,0,0,472414,472407,472413,472411,472394,472418,472422,472421,472442
0.703154,0,0,0,0,0,477016,477098,477080,477065,477080,477065,477065,477064,477067
0.704650,0,0,0,0,0,456336,456252,456265,456274,456257,456260,456258,456257,456241
0.706225,0,0,0,0,0,464533,464531,464532,464522,464537,464521,464588,464586,464595
0.707873,0,0,0,0,0,464683,464699,464683,464697,464689,464689,464619,464620,464609
0.709478,0,0,0,0,0,462131,462147,462172,462169,462175,462198,462198,462197,462196
0.711080,0,0,0,0,0,477254,477234,477207,477203,477202,477176,477159,477156,477155
0.712689,0,0,0,0,0,462012,462013,462037,462041,462026,462034,462049,462033,462020
0.714290,0,0,0,0,0,463250,463231,463218,463203,463215,463231,463231,463246,463257
0.715787,0,0,0,0,0,452283,452300,452294,452306,452289,452262,452261,452270,452269
0.717363,0,0,0,0,0,460896,460878,460899,460978,460992,461007,460999,460978,460977
0.718965,0,0,0,0,0,528482,528482,528477,528397,528381,528364,557040,557846,557844
0.720663,0,0,0,0,0,492142,492141,492139,492138,492137,492150,463472,462674,462663
0.722265,0,0,0,0,0,473608,473611,473594,473594,473609,473605,473594,473593,473603
0.723871,0,0,0,0,0,472112,472106,472122,472104,472172,472176,472175,472173,472157
0.725475,0,0,0,0,0,462901,462900,462888,462902,462828,462826,462826,462826,462840
0.727092,0,0,0,0,0,466684,466687,466696,466696,466696,466695,466692,466676,466664
0.728696,0,0,0,0,0,491578,491573,491561,491554,491542,491542,491558,491573,491583
0.730918,0,0,0,0,0,584501,584558,584552,584626,584623,584637,584631,584662,584660
0.732508,0,0,0,0,0,449514,449460,449450,449374,449390,449373,449371,449353,449354
0.733946,0,0,0,0,0,434597,434607,434631,434637,434630,434630,434618,434601,434599
0.735394,0,0,0,0,0,465202,465190,465189,465214,465219,465213,465228,465226,465225
0.736853,0,0,0,0,0,451198,451197,451181,451137,451135,451139,451133,451123,451122
0.738308,0,0,0,0,0,452241,452235,452254,452263,452263,452262,452251,452245,452228
0.739787,0,0,0,0,0,452177,452249,452228,452248,452242,452241,452256,452270,452285
0.741227,0,0,0,0,0,436675,436618,436621,436600,436589,436588,436571,436569,436569
0.742665,0,0,0,0,0,454049,454038,454048,454051,454049,454043,454058,454041,454040
0.744107,0,0,0,0,0,501512,501521,501521,501505,501505,501493,501492,501508,501507
0.745733,0,0,0,0,0,461918,461916,461914,461913,461927,461926,461978,461993,461991
0.747381,0,0,0,0,0,472785,472801,472790,472789,472783,472798,472744,472710,472710
0.749003,0,0,0,0,0,463471,463438,463453,463452,463450,463448,463447,463473,463471
0.750604,0,0,0,0,0,461059,461063,461056,461056,461061,461056,461053,461026,461026
0.752207,0,0,0,0,0,462400,462399,462414,462422,462405,462408,462394,462393,462390
0.753689,0,0,0,0,0,457124,457175,457133,457122,457137,457137,457146,457160,457150
0.755314,0,0,0,0,0,463407,463349,463363,463361,463344,463338,463315,463315,463324
0.756918,0,0,0,0,0,464832,464897,464897,464913,464911,464899,464920,464919,464917
0.758522,0,0,0,0,0,466589,466553,466535,466528,466544,466559,466546,466546,466546
0.760012,0,0,0,0,0,452487,452471,452502,452502,452484,452484,452484,452482,452481
0.761457,0,0,0,0,0,460586,460567,460550,460539,460538,460521,460535,460535,460535
0.762896,0,0,0,0,0,486924,486939,486934,486948,486948,486945,551693,551774,551772
0.764481,0,0,0,0,0,518331,518331,518333,518332,518331,518342,453592,453508,453507
0.765921,0,0,0,0,0,458522,458505,458490,458488,458498,458502,458470,458459,458458
0.767411,0,0,0,0,0,450077,450077,450074,450073,450061,450060,450086,450095,450094
0.768847,0,0,0,0,0,427278,427277,427294,427289,427304,427303,427300,427298,427286
0.770291,0,0,0,0,0,438807,438810,438819,438822,438817,438817,438806,438806,438800
0.771729,0,0,0,0,0,439055,439064,439036,439021,439018,439015,439000,438999,439003
0.773170,0,0,0,0,0,436153,436153,436194,436209,436197,436190,436220,436219,436230
0.774609,0,0,0,0,0,436553,436536,436525,436518,436534,436539,436605,436604,436603
0.776179,0,0,0,0,0,466075,466148,466131,466130,466129,466129,466071,466085,466067
0.777783,0,0,0,0,0,463144,463075,463058,463046,463029,463021,463010,462978,462982
0.779432,0,0,0,0,0,464897,464906,464921,464920,464918,464909,464961,464975,464969
0.781050,0,0,0,0,0,464762,464818,464827,464841,464841,464849,464794,464794,464810
0.782653,0,0,0,0,0,464597,464524,464523,464521,464536,464537,464536,464520,464518
0.784258,0,0,0,0,0,464939,464942,464926,464927,464994,464981,464980,464994,464992
0.785863,0,0,0,0,0,463004,463014,463018,463017,462932,462942,462925,462924,462925
0.787511,0,0,0,0,0,465116,465105,465099,465097,465113,465111,465184,465167,465165
0.789117,0,0,0,0,0,465290,465299,465286,465270,465268,465256,465198,465213,465222
0.790720,0,0,0,0,0,473908,473907,473949,473963,473958,473958,473958,473955,473945
0.792336,0,0,0,0,0,464715,464714,464687,464682,464669,464668,464651,464642,464624
0.793939,0,0,0,0,0,464415,464403,464395,464484,464483,464497,464522,464516,464521
0.795887,0,0,0,0,0,461137,461137,461127,461118,461133,461133,461115,461144,461153
0.797372,0,0,0,0,0,455968,455977,455976,455897,455895,455879,455868,455864,455852
0.798818,0,0,0,0,0,442236,442225,442250,442318,442318,442343,442357,442344,442352
0.800263,0,0,0,0,0,441128,441121,441136,441066,441066,441048,441048,441033,441023
0.801699,0,0,0,0,0,433749,433753,433721,433721,433703,433709,433702,433731,433741
0.803181,0,0,0,0,0,503608,503602,503605,503671,503682,503679,503668,503651,503635
0.804670,0,0,0,0,0,426638,426652,426653,426584,426570,426565,426581,426581,426594
0.806230,0,0,0,0,0,462006,461990,462003,462082,462099,462113,462111,462093,462082
0.807703,0,0,0,0,0,454577,454581,454577,454481,454479,454463,454435,454450,454470
0.809278,0,0,0,0,0,463779,463774,463761,463771,463771,463759,463784,463783,463772
0.810880,0,0,0,0,0,512320,512322,512317,512320,590142,590940,591008,591076,591060
0.812492,0,0,0,0,0,531378,531390,531403,531403,453561,452762,452694,452624,452637
0.814075,0,0,0,0,0,464808,464789,464788,464804,464815,464828,464825,464824,464826
0.815680,0,0,0,0,0,464341,464341,464330,464312,464311,464311,464278,464278,464290
0.817286,0,0,0,0,0,464244,464248,464272,464265,464269,464253,464311,464294,464277
0.818889,0,0,0,0,0,513487,513497,579022,576295,576360,576375,576342,576386,576470
0.820628,0,0,0,0,0,518396,518384,452842,455557,455490,455473,455474,455431,455346
0.822231,0,0,0,0,0,462413,462438,462439,462438,462420,462419,462423,462443,462432
0.823837,0,0,0,0,0,474783,474766,474755,474768,474779,474777,474775,474749,474759
0.825453,0,0,0,0,0,464823,464807,464818,464813,464817,464817,464816,464831,464897
0.827095,0,0,0,0,0,492108,492112,492092,492082,492081,492095,492077,492076,491991
0.828724,0,0,0,0,0,464473,464472,464486,464499,464493,464507,464507,464506,464521
0.830327,0,0,0,0,0,463916,463914,463898,463982,463985,463964,463964,463963,463961
0.831933,0,0,0,0,0,464745,464741,464771,464685,464684,464672,464680,464679,464680
0.833538,0,0,0,0,0,464971,464968,464940,464942,464925,464925,464914,464923,464911
0.835184,0,0,0,0,0,469224,469225,469235,469232,469247,469255,469254,469232,469227
0.836806,0,0,0,0,0,464320,464319,464317,464300,464283,464288,464286,464281,464283
0.838409,0,0,0,0,0,465884,465888,465914,465928,465943,465927,465925,465923,465933
0.840017,0,0,0,0,0,464649,464711,464689,464685,464684,464682,464667,464699,464699
0.841621,0,0,0,0,0,465644,465574,465558,465562,465557,465597,465711,465694,465692
0.843307,0,0,0,0,0,462340,462339,462347,462347,462350,462318,462234,462232,462231
0.844913,0,0,0,0,0,464130,464130,464128,464125,464109,464097,464096,464094,464095
0.846516,0,0,0,0,0,474373,474371,474346,474345,474343,474427,474426,474510,474491
0.848135,0,0,0,0,0,463241,463247,463330,463324,463324,463254,463237,463152,463167
0.849739,0,0,0,0,0,465966,465957,465915,465918,465943,465943,465926,465924,465939
0.851388,0,0,0,0,0,465630,465645,465645,465640,465612,465610,465641,465651,465634
0.852993,0,0,0,0,0,463279,463280,463318,463322,463320,463304,463303,463293,463293
0.854596,0,0,0,0,0,463173,463170,463118,463111,463128,463144,463127,463109,463108
0.856201,0,0,0,0,0,465419,465409,465402,465405,465399,465397,465411,465453,465450
0.857806,0,0,0,0,0,462854,462847,462835,462837,462824,462817,462818,462790,462805
0.859467,0,0,0,0,0,476301,476315,476341,476332,476347,476353,476336,476334,476301
0.861073,0,0,0,0,0,465637,465621,465593,465593,465578,465576,465590,465589,465590
0.862676,0,0,0,0,0,464077,464076,464102,464107,464121,464104,464097,464097,464111
0.864280,0,0,0,0,0,465482,465497,465479,465479,465478,465487,465476,465475,465463
0.865885,0,0,0,0,0,464226,464225,464241,464239,464238,464236,464252,464250,464260
0.867534,0,0,0,0,0,465137,465135,465109,465119,465119,465118,465116,465132,465131
0.869140,0,0,0,0,0,463379,463352,463360,463348,463331,463330,463329,463312,463294
0.870758,0,0,0,0,0,463066,463091,463064,463063,463060,463050,463033,463033,463049
0.872362,0,0,0,0,0,458191,458176,458191,458190,458190,458199,458212,458211,458210
0.873956,0,0,0,0,0,458528,458527,458523,458517,458532,458537,458532,458547,458563
0.875535,0,0,0,0,0,552555,552559,552556,552544,552542,552542,552514,552497,552479
0.877204,0,0,0,0,0,462759,462770,462773,462781,462797,462789,462890,462878,462876
0.878678,0,0,0,0,0,451301,451287,451313,451304,451270,451270,451199,451192,451192
0.880252,0,0,0,0,0,464573,464584,464567,464581,464592,464596,464564,464568,464578
0.881868,0,0,0,0,0,472832,472830,472830,472913,472901,472894,472925,472951,472940
0.883515,0,0,0,0,0,463852,463835,463834,463734,463748,463753,463735,463787,463786
0.885119,0,0,0,0,0,463640,463638,463641,463650,463650,463650,463650,463663,463661
0.886721,0,0,0,0,0,463345,463350,463344,463347,463342,463341,463339,463255,463254
0.888323,0,0,0,0,0,464160,464154,464158,464143,464129,464121,464122,464121,464119
0.889926,0,0,0,0,0,461725,461740,461734,461747,461847,461905,461918,461918,461902
0.891809,0,0,0,0,0,467081,467065,467055,467039,467022,466963,466948,466961,466975
0.893430,0,0,0,0,0,462495,462495,462508,462517,462432,462436,462434,462418,462418
0.895031,0,0,0,0,0,469704,469702,469686,469685,469683,469666,469680,469680,469679
0.896640,0,0,0,0,0,464726,464730,464722,464711,464727,464726,464725,464724,464707
0.898241,0,0,0,0,0,463360,463358,463374,463389,463382,463397,463380,463378,463394
0.899848,0,0,0,0,0,462762,462763,462819,462813,462832,462826,462826,462824,462823
0.901453,0,0,0,0,0,471237,471244,471178,471181,471150,471149,471147,471137,471119
0.903053,0,0,0,0,0,467515,467505,467514,467513,467523,467526,467510,467519,467533
0.904674,0,0,0,0,0,462515,462512,462525,462520,462508,462507,462538,462538,462538
0.906276,0,0,0,0,0,462191,462243,462210,462198,462198,462198,462180,462162,462160
0.907881,0,0,0,0,0,462285,462243,462258,462272,462280,462265,462265,462311,462312
0.909485,0,0,0,0,0,462319,462304,462277,462286,462274,462272,462270,462255,462253
0.911086,0,0,0,0,0,468871,468936,468951,468941,468952,468950,468965,468931,468930
0.912694,0,0,0,0,0,462180,462112,462120,462104,462108,462122,462190,462217,462204
0.914295,0,0,0,0,0,461735,461739,461737,461751,461818,461813,461743,461715,461715
0.915914,0,0,0,0,0,473662,473655,473646,473643,473569,473559,473559,473598,473609
0.917518,0,0,0,0,0,462889,462888,462871,462873,462872,462870,462869,462841,462839
0.919119,0,0,0,0,0,468272,468271,468302,468295,468283,468365,468433,468432,468421
0.920729,0,0,0,0,0,462737,462735,462734,462732,462746,462662,462592,462594,462587
0.922331,0,0,0,0,0,461934,461934,461917,462002,462001,462014,461997,461994,462009
0.923974,0,0,0,0,0,464734,464734,464749,464662,464646,464645,464644,464643,464658
0.925577,0,0,0,0,0,461689,461760,461743,461743,461758,461758,461757,461741,461707
0.927191,0,0,0,0,0,467021,466946,466946,466944,466943,466942,466951,466966,466972
0.928799,0,0,0,0,0,463700,463716,463715,463705,463770,463763,463768,463767,463777
0.930402,0,0,0,0,0,462245,462233,462242,462256,462172,462172,462155,462143,462141
0.932007,0,0,0,0,0,473000,473000,472999,472998,473007,473010,473025,473035,473044
0.933612,0,0,0,0,0,463278,463277,463275,463273,463273,463272,463272,463272,463287
0.935214,0,0,0,0,0,463628,463627,463599,463594,463583,463582,463581,463578,463551
0.936817,0,0,0,0,0,462126,462151,462152,462140,462148,462148,462130,462130,462129
0.938307,0,0,0,0,0,449125,448679,448294,447905,447561,447156,446772,446360,445957
0.939888,0,0,0,0,0,445018,445046,445031,445031,444967,444966,444951,444974,444963
0.941491,0,0,0,0,0,441429,441413,441425,441424,441422,441437,441421,441406,441420
0.943092,0,0,0,0,0,444679,444678,444650,444649,444648,444608,444607,444605,444603
0.944698,0,0,0,0,0,443910,443938,443961,443960,443959,443972,444059,444063,444063
0.946301,0,0,0,0,0,443314,443284,443365,443339,443325,443334,443245,443230,443215
0.947908,0,0,0,0,0,444520,444528,444449,444473,444495,444499,444482,444482,444480
0.949525,0,0,0,0,0,442756,442746,442754,442758,442757,442765,442794,442802,442818
0.951126,0,0,0,0,0,446997,447010,447048,447031,447031,447007,447002,446992,446989
0.952733,0,0,0,0,0,443663,443663,443600,443609,443598,443580,443593,443590,443575
0.954235,0,0,0,0,0,437695,437678,437701,437705,437714,437730,437705,437691,437689
0.955861,0,0,0,0,0,446320,446320,446309,446304,446293,446362,446376,446389,446388
0.957466,0,0,0,0,0,443493,443492,443486,443475,443498,443436,443497,443510,443519
0.959068,0,0,0,0,0,447622,447635,447625,447634,447608,447606,447543,447513,447503
0.960690,0,0,0,0,0,445092,445144,445167,445141,445127,445127,445125,445147,445145
0.962295,0,0,0,0,0,443638,443569,443558,443580,443594,443569,443578,443569,443568
0.963903,0,0,0,0,0,445674,445673,445658,445649,445657,445669,445669,445744,445743
0.965509,0,0,0,0,0,444262,444276,444274,444283,444272,444257,444231,444177,444177
0.967112,0,0,0,0,0,398516,398500,411845,412540,413057,413698,414200,414175,418270
0.968562,0,0,0,0,0,453795,453795,440487,439781,439272,438644,438164,438163,434066
0.970007,0,0,0,0,0,433168,433167,433142,433150,433139,433122,433097,433121,433119
0.971630,0,0,0,0,0,445701,445700,445710,445713,445698,445723,445736,445720,445733
0.973293,0,0,0,0,0,447455,447454,447519,447499,447512,447502,447497,447515,447509
0.974898,0,0,0,0,0,444068,444067,443998,444017,444025,444023,444012,443992,443996
0.976606,0,0,0,0,0,439812,439826,439801,439848,439847,439847,439869,439883,439882
0.978198,0,0,0,0,0,440846,440894,440894,440839,440906,440914,440905,440889,440888
0.979673,0,0,0,0,0,434407,434353,434366,434339,434247,434221,434230,434219,434219
0.981249,0,0,0,0,0,444457,444445,444444,444445,444466,444480,444479,444478,444463
0.982866,0,0,0,0,0,444059,444059,444058,444080,444072,444080,444070,445423,445447
0.984342,0,0,0,0,0,436439,436490,436483,436474,436471,436485,436493,435153,435111
0.985917,0,0,0,0,0,444077,444024,444038,444052,444062,444062,444050,444122,444214
0.987567,0,0,0,0,0,444868,444880,444855,444849,444838,444799,444783,444704,444640
0.989173,0,0,0,0,0,444307,444293,444317,444383,444382,444404,444419,444408,444402
0.990776,0,0,0,0,0,442694,442693,442690,442611,442611,442610,442609,442618,442608
0.992382,0,0,0,0,0,444420,444418,444419,444433,444416,444391,444384,444388,444385
0.994002,0,0,0,0,0,445184,445183,445181,445167,445181,445204,445209,445203,445218
0.995651,0,0,0,0,0,447303,447312,447301,447285,447270,447245,447253,447319,447303
0.997257,0,0,0,0,0,444358,444362,444357,444384,444407,444420,444395,444303,444303
0.998859,0,0,0,0,0,444766,444759,444773,444772,444771,444768,444778,444806,444805
1.000334,0,0,0,0,0,429012,429012,429011,429010,429009,429011,428985,428983,428966
1.001935,0,0,0,0,0,439982,439972,440025,440010,440007,440004,440017,439989,440003
1.003482,0,0,0,0,0,527750,527748,527682,527667,527720,527743,527767,527880,527880
1.005061,0,0,0,0,0,455083,455082,455092,455106,455042,455028,455001,454924,454937
1.006551,0,0,0,0,0,435663,435663,435661,435644,435654,435642,435642,435626,435611
1.007963,0,0,0,0,0,459188,459186,459176,459198,459187,459172,459171,459170,459183
1.010728,0,0,0,0,0,827614,831746,831310,831350,831397,831463,831617,831762,831809
1.012569,0,0,0,0,0,442516,438484,438967,438979,438983,438964,438875,438767,438757
1.013972,0,0,0,0,0,435668,435617,435679,435679,435678,435743,435724,435742,435726
1.015386,0,0,0,0,0,434729,434715,434652,434636,434634,434596,434594,434579,434592
1.016780,0,0,0,0,0,435057,435056,435055,435082,435062,435060,435080,435073,435073
1.018220,0,0,0,0,0,433620,433619,433616,433601,433615,433606,433586,433604,433598
1.019633,0,0,0,0,0,439158,439117,439064,439000,438962,438992,438956,438889,438839
1.021210,0,0,0,0,0,442557,442557,442571,442586,442559,442482,442482,442488,442525
1.022812,0,0,0,0,0,445337,445336,445333,445332,445356,445345,445353,445345,445305
1.024417,0,0,0,0,0,446268,446266,446266,446264,446262,446261,446236,446220,446220
1.025911,0,0,0,0,0,437658,437672,437685,437656,437631,437679,437692,437714,437728
1.027405,0,0,0,0,0,435116,435100,435085,435113,435112,435071,435056,435071,435069
1.030000,0,0,0,0,0,463255,463255,463307,463469,463522,463677,463738,463780,463804
1.031476,0,0,0,0,0,436492,436491,436423,436243,436212,436070,436022,435963,435924
1.032920,0,0,0,0,0,430021,430020,430023,430009,429984,429970,429968,429942,429940
1.034356,0,0,0,0,0,430116,430115,430115,430136,430150,430149,430149,430173,430172
1.035794,0,0,0,0,0,436199,436199,436192,436182,436191,436179,436163,436162,436175
1.037298,0,0,0,0,0,434637,434650,434625,434635,434622,434632,434645,434645,434629
1.038739,0,0,0,0,0,433613,433596,433626,433623,433624,433623,433622,433634,433633
1.040182,0,0,0,0,0,434039,434049,434056,434061,434068,434057,434043,434004,434004
1.041623,0,0,0,0,0,433956,433945,433929,433914,433914,433922,433946,433945,433946
1.043099,0,0,0,0,0,436965,436964,436978,436987,436976,436976,436947,437025,437022
1.044543,0,0,0,0,0,432547,432556,432555,432557,432543,432556,432644,432579,432593
1.045983,0,0,0,0,0,434328,434327,434317,434289,434287,434247,434183,434181,434179
1.047440,0,0,0,0,0,434897,434900,434947,434960,434984,434998,434995,434994,434980
1.048881,0,0,0,0,0,434933,434918,434877,434886,434875,434883,434860,434860,434858
1.050322,0,0,0,0,0,490772,490772,490763,490761,490760,490774,490796,490795,490794
1.051955,0,0,0,0,0,444144,444210,444219,444233,444242,444217,444216,444214,444214
1.053560,0,0,0,0,0,445534,445466,445454,445438,445426,445436,445426,445513,445525
1.055165,0,0,0,0,0,450320,450387,450367,450372,450381,450368,450377,450289,450274
1.056775,0,0,0,0,0,444308,444252,444255,444249,444240,444249,444238,444221,444221
1.058393,0,0,0,0,0,445016,445001,445035,445024,445085,445074,445084,445112,445096
1.060001,0,0,0,0,0,444827,444825,444790,444789,444734,444812,444786,444757,444770
1.061607,0,0,0,0,0,444335,444350,444349,444358,444348,444341,444368,444405,444406
1.063212,0,0,0,0,0,447165,447150,447173,447171,447181,447122,447092,447091,447128
1.064815,0,0,0,0,0,439080,439078,439066,439051,439116,439103,439141,439101,439059
1.066408,0,0,0,0,0,438802,438816,438825,438916,438839,438821,438790,438820,438820
1.067883,0,0,0,0,0,436020,436003,435964,435949,435961,435985,435990,435983,435997
1.069468,0,0,0,0,0,443363,443363,443469,443404,443389,443363,443435,443424,443423
1.071071,0,0,0,0,0,448671,448670,448576,448566,448551,448549,448485,448562,448546
1.072682,0,0,0,0,0,443332,443341,443355,443363,443376,443414,443413,443350,443359
1.074285,0,0,0,0,0,444318,444308,444318,444322,444330,444315,444319,444389,444392
1.075893,0,0,0,0,0,444980,444978,444976,444961,444951,444951,444935,444833,444818
1.077499,0,0,0,0,0,443634,443646,443697,443706,443704,443679,443687,443701,443701
1.079103,0,0,0,0,0,468553,468538,468485,468561,468561,468559,468522,468521,468519
1.080763,0,0,0,0,0,439066,439066,439036,439039,439048,439063,439084,439097,439096
1.082358,0,0,0,0,0,439500,439498,439516,439511,439501,439484,439497,439481,439479
1.083831,0,0,0,0,0,434721,434722,434730,434651,434649,434674,434663,434648,434648
1.085405,0,0,0,0,0,443371,443369,443437,443513,443513,443486,443481,443524,443509
1.087008,0,0,0,0,0,447779,447788,447708,447684,447692,447706,447695,447675,447702
1.088616,0,0,0,0,0,442628,442602,442603,442601,442601,442600,442598,442572,442558
1.090217,0,0,0,0,0,443545,443559,443556,443555,443553,443552,443552,443551,443549
1.091837,0,0,0,0,0,442972,442970,442970,442970,442968,442967,442990,443003,443001
1.093442,0,0,0,0,0,443565,443565,443573,443602,443577,443586,443576,443585,443600
1.095043,0,0,0,0,0,447614,447622,447597,447503,447604,447594,447603,447668,447652
1.096650,0,0,0,0,0,444177,444166,444181,444190,444180,444164,444162,444162,444162
1.098252,0,0,0,0,0,442797,442811,442795,442871,442792,442829,442814,442828,442826
1.099858,0,0,0,0,0,444670,444654,444653,444643,444651,444625,444615,444532,444546
1.101462,0,0,0,0,0,443171,443156,443169,443177,443167,443151,443188,443163,443148
1.103077,0,0,0,0,0,447201,447282,447291,447290,447289,447328,447312,447326,447325
1.104684,0,0,0,0,0,443703,443636,443625,443623,443622,443607,443583,443581,443579
1.106286,0,0,0,0,0,443904,443916,443911,443915,443924,443922,443949,443959,443972
1.107892,0,0,0,0,0,443384,443370,443368,443354,443353,443342,443337,443326,443311
1.109496,0,0,0,0,0,442049,442047,442052,441959,441996,442073,442071,442148,442147
1.111099,0,0,0,0,0,538457,538455,538464,538477,538427,538374,538374,538309,538333
1.112672,0,0,0,0,0,433819,433819,433826,433825,433825,433809,433797,433805,433780
1.114125,0,0,0,0,0,432493,432502,432483,432491,432489,432488,432473,432525,432525
1.115741,0,0,0,0,0,445313,445301,445309,445313,445324,445313,445321,445259,445256
1.117345,0,0,0,0,0,444886,444900,444899,444971,444959,444944,444958,444942,444940
1.118947,0,0,0,0,0,504111,501708,501770,501760,501768,501781,501781,501818,501841
1.120641,0,0,0,0,0,442278,444680,444616,444614,444614,444611,444596,444635,444625
1.122244,0,0,0,0,0,443908,443893,443881,443865,443865,443866,443863,443782,443767
1.123726,0,0,0,0,0,438145,438144,438144,438090,438077,438101,438090,438115,438114
1.125193,0,0,0,0,0,434362,434361,434356,434346,434330,434290,434291,434275,434273
1.126636,0,0,0,0,0,432701,432699,432698,432697,432697,432734,432756,432745,432745
1.128079,0,0,0,0,0,433385,433383,433382,433380,433403,433379,433355,433339,433339
1.129518,0,0,0,0,0,433543,433605,433604,433619,433695,433692,433715,433754,433767
1.130958,0,0,0,0,0,529716,529653,529656,529648,558234,559509,559484,559535,565216
1.132560,0,0,0,0,0,654863,654910,655422,655475,626840,625641,625688,630703,624313
1.134593,0,0,0,0,0,518516,518468,517939,517902,517861,517793,517742,512662,513378
1.136148,0,0,0,0,0,433641,433639,433638,433610,433644,433647,433647,433642,433631
1.137590,0,0,0,0,0,430404,430404,430428,430413,430363,430333,430357,430346,430330
1.139064,0,0,0,0,0,523823,523821,524299,524312,524825,525521,525524,525611,526141
1.140600,0,0,0,0,0,433111,433111,432630,432644,432130,431456,431440,431362,430846
1.142035,0,0,0,0,0,430193,430192,430177,430161,430160,430134,430120,430118,430101
1.143468,0,0,0,0,0,428984,428991,428995,429083,429096,429120,429132,429130,429130
1.145194,0,0,0,0,0,454195,454223,454271,454245,454563,454607,454641,458779,458022
1.146720,0,0,0,0,0,486486,486485,486485,486483,486211,486257,486275,482175,482982
1.148236,0,0,0,0,0,438109,438069,438014,437951,437912,437834,437780,437817,437778
1.149683,0,0,0,0,0,432928,432995,433071,433070,433044,433091,433089,433002,432986
1.151123,0,0,0,0,0,529142,529074,528932,529627,529641,529593,529563,529639,530890
1.152664,0,0,0,0,0,432494,432502,432579,431896,431904,431879,431917,431839,430586
1.154103,0,0,0,0,0,433129,433119,433104,433089,433088,433086,433087,433085,433084
1.155543,0,0,0,0,0,430928,430936,430950,430962,430961,430960,430957,430956,430956
1.156987,0,0,0,0,0,429140,429130,429129,429189,429193,429203,429192,429200,429212
1.158456,0,0,0,0,0,429865,429926,429899,429810,429804,429792,429788,429792,429778
1.159890,0,0,0,0,0,408568,408505,408515,408528,408503,408525,408539,408539,408546
1.161429,0,0,0,0,0,441512,441511,441524,441615,441639,441615,441597,441581,441587
1.163063,0,0,0,0,0,531043,531057,531031,530948,530937,530922,530936,530936,530919
1.164756,0,0,0,0,0,445446,445496,445506,445495,445504,445516,445492,445499,445512
1.166360,0,0,0,0,0,443867,443799,443812,443903,443902,443901,443899,443875,443861
1.167979,0,0,0,0,0,447111,447111,447109,447029,447028,447029,447029,447130,447128
1.169586,0,0,0,0,0,445408,445416,445406,445401,445390,445413,445435,445424,445424
1.171232,0,0,0,0,0,487825,487815,487810,487801,487800,487783,487773,487717,487716
1.172881,0,0,0,0,0,445364,445362,445375,445383,445382,445358,445366,445342,445342
1.174485,0,0,0,0,0,445178,445179,445168,445151,445164,445187,445176,445185,445197
1.176092,0,0,0,0,0,445147,445131,445116,445120,445116,445105,445114,445102,445087
1.177698,0,0,0,0,0,445860,445873,445886,445895,445883,445892,445882,445867,445866
1.179360,0,0,0,0,0,440536,440536,440535,440534,440533,440507,440515,440529,440528
1.180956,0,0,0,0,0,439616,439613,439622,439689,439687,439686,439685,439685,439683
1.182550,0,0,0,0,0,439160,439159,439158,439157,439155,439180,439155,439154,439152
1.184019,0,0,0,0,0,430136,430151,430125,430057,430058,430055,430070,430155,430170
1.185585,0,0,0,0,0,440205,440190,440204,440279,440278,440255,440247,440160,440159
1.187220,0,0,0,0,0,428194,428193,428201,428114,428191,428227,428241,428254,428248
1.188681,0,0,0,0,0,436214,436197,436174,436173,436103,436078,436062,436060,436049
1.190140,0,0,0,0,0,436079,436093,436115,436137,436142,436126,436102,436087,436087
1.191716,0,0,0,0,0,444342,444342,444331,444316,444300,444323,444351,444452,444449
1.193323,0,0,0,0,0,443826,443823,443833,443809,443793,443792,443792,443699,443792
1.194926,0,0,0,0,0,562406,562435,562403,562430,574756,576059,576066,576891,576812
1.196541,0,0,0,0,0,449379,449348,449378,449347,437020,435729,435703,434876,434861
1.198116,0,0,0,0,0,446414,446429,446413,446427,446440,446425,446450,446516,446530
1.199723,0,0,0,0,0,444191,444175,444188,444199,444197,444173,444171,444171,444154
1.201341,0,0,0,0,0,444695,444694,444685,444682,444681,444704,444694,444702,444702
1.202945,0,0,0,0,0,492968,492977,492985,493067,493076,493064,493072,492984,492982
1.204600,0,0,0,0,0,444343,444347,444321,444213,444213,444212,444212,444211,444210
1.206203,0,0,0,0,0,444593,444577,444575,444590,444588,444611,444600,444609,444623
1.207811,0,0,0,0,0,444516,444516,444529,444536,444524,444509,444493,444483,444467
1.209417,0,0,0,0,0,443349,443358,443383,443371,443380,443370,443472,443469,443483
1.211064,0,0,0,0,0,449148,449136,449092,449185,449185,449184,449081,449067,449052
1.212564,0,0,0,0,0,415483,415161,414866,414462,414143,413830,413530,413248,412937
1.214140,0,0,0,0,0,410507,410515,410523,410522,410581,410582,410583,410652,410674
1.215749,0,0,0,0,0,415872,415884,415884,415910,415857,415846,415916,415852,415819
1.217356,0,0,0,0,0,414795,414785,414796,414768,414757,414766,414695,414758,414778
1.218960,0,0,0,0,0,474703,474697,474661,474659,474648,474646,507139,511257,510343
1.220674,0,0,0,0,0,448743,448756,448769,448791,448814,448813,416318,412125,413039
1.222279,0,0,0,0,0,414049,414025,414033,414001,413985,413985,413983,414019,414026
1.223899,0,0,0,0,0,413943,413942,413977,413985,413975,413973,413973,413935,413912
1.225506,0,0,0,0,0,414107,414107,414069,414068,414140,414139,414137,414136,414135
1.227152,0,0,0,0,0,418059,418116,418129,418200,418135,418149,418147,418147,418145
1.228763,0,0,0,0,0,414746,414696,414682,414622,414635,414641,414642,414655,414655
1.230368,0,0,0,0,0,413507,413496,413486,413471,413457,413435,413431,413475,413488
1.231976,0,0,0,0,0,414234,414279,414264,414277,414298,414287,414288,414228,414212
1.233583,0,0,0,0,0,414102,414079,414099,414085,414061,414061,414059,414116,414130
1.235243,0,0,0,0,0,403251,403257,403236,403225,403226,403232,403232,403231,403216
1.236711,0,0,0,0,0,406969,406939,406960,406969,406958,406958,406967,406897,406895
1.238195,0,0,0,0,0,404727,404724,404713,404721,404720,404719,404718,404740,404739
1.239773,0,0,0,0,0,414381,414379,414387,414368,414376,414447,414437,414483,414483
1.241380,0,0,0,0,0,414017,414005,413981,413988,413978,413906,413905,413846,413844
1.242984,0,0,0,0,0,417054,417087,417101,417124,417132,417144,417140,417161,417161
1.244595,0,0,0,0,0,413329,413315,413300,413289,413301,413287,413289,413323,413334
1.246213,0,0,0,0,0,413412,413412,413411,413397,413446,413539,413558,413490,413478
1.247821,0,0,0,0,0,414439,414487,414500,414499,414434,414360,414351,414359,414357
1.249428,0,0,0,0,0,414317,414315,414300,414299,414299,414266,414262,414253,414264
1.251076,0,0,0,0,0,419209,419159,419172,419180,419171,419180,419241,419248,419235
1.252687,0,0,0,0,0,409869,409868,409876,409893,409900,409921,409849,409906,409909
1.254293,0,0,0,0,0,415042,415042,415018,414990,414988,414956,414955,414896,414904
1.255901,0,0,0,0,0,415125,415124,415135,415206,415207,415224,415212,415212,415212
1.257395,0,0,0,0,0,405904,405938,405961,405925,405945,405935,405935,405932,405976
1.258973,0,0,0,0,0,470131,470145,470157,470177,494767,495498,495564,495627,497079
1.260672,0,0,0,0,0,442828,442812,442799,442797,418219,417522,417463,417398,415898
1.262277,0,0,0,0,0,414614,414577,414575,414540,414529,414501,414514,414536,414526
1.263887,0,0,0,0,0,413855,413905,413877,413889,413889,413924,413909,413886,413922
1.265494,0,0,0,0,0,416094,416056,416083,416082,416076,416030,416043,416064,416035
1.267142,0,0,0,0,0,418432,418417,418415,418486,418500,418521,418519,418518,418507
1.268767,0,0,0,0,0,414765,414813,414785,414677,414653,414652,414665,414678,414696
1.270373,0,0,0,0,0,412695,412672,412708,412719,412740,412754,412749,412703,412692
1.271980,0,0,0,0,0,415655,415664,415640,415652,415638,415637,415626,415643,415643
1.273587,0,0,0,0,0,413857,413869,413904,413914,413927,413910,413896,413887,413921
1.275235,0,0,0,0,0,462401,462365,462421,462397,462395,462410,462432,462430,462395
1.276766,0,0,0,0,0,405959,405957,405863,405884,405884,405882,405880,405879,405867
1.278212,0,0,0,0,0,404641,404640,404697,404696,404673,404673,404672,404661,404715
1.279797,0,0,0,0,0,413387,413422,413362,413362,413368,413330,413321,413343,413334
1.281404,0,0,0,0,0,415031,415016,415051,415012,414989,415002,415008,415068,415043
1.283009,0,0,0,0,0,419041,419031,419044,419139,419161,419145,419136,419157,419170
1.284621,0,0,0,0,0,414693,414679,414651,414582,414580,414603,414590,414492,414549
1.286226,0,0,0,0,0,415394,415392,415369,415376,415375,415365,415385,415384,415290
1.287834,0,0,0,0,0,409981,409995,409981,410017,410029,410050,410028,410028,410035
1.289433,0,0,0,0,0,409787,409772,409783,409818,409805,409768,409779,409792,409791
1.291085,0,0,0,0,0,426660,426659,426658,426572,426619,426632,426640,426687,426686
1.292704,0,0,0,0,0,411581,411580,411580,411650,411577,411553,411531,411563,411576
1.294305,0,0,0,0,0,414606,439181,436779,436792,436828,436850,436870,436788,436808
1.295936,0,0,0,0,0,440970,416392,418792,418791,418776,418811,418811,418795,418787
1.297546,0,0,0,0,0,413902,413915,413900,413890,413888,413895,413886,413908,413878
1.299193,0,0,0,0,0,417040,417049,417061,417047,417047,416989,416964,416964,416987
1.300803,0,0,0,0,0,413020,413018,413018,412945,412957,412991,413021,412997,412973
1.302420,0,0,0,0,0,413682,413718,413706,413714,413677,413740,413763,413810,413831
1.304027,0,0,0,0,0,413994,413935,413981,414066,414087,414000,413989,413963,413931
1.305633,0,0,0,0,0,413312,413309,413295,413184,413176,413198,413184,413223,413240
1.307177,0,0,0,0,0,419652,419652,419650,419700,419721,419706,419682,419608,419598
1.308789,0,0,0,0,0,413481,413526,413515,413479,413477,413476,413490,413512,413519
1.310393,0,0,0,0,0,413798,413749,413723,413793,413794,413792,413776,413762,413754
1.312000,0,0,0,0,0,414794,414795,414806,414791,414754,414730,414743,414755,414754
1.313495,0,0,0,0,0,405217,405382,405539,405637,405815,405995,406160,406326,406503
1.315120,0,0,0,0,0,421707,421670,421681,421675,421675,421667,421666,421665,421651
1.316734,0,0,0,0,0,414625,414638,414625,414701,414708,414705,414705,414689,414702
1.318378,0,0,0,0,0,414206,414213,414212,414220,414200,414208,414207,414208,414193
1.319989,0,0,0,0,0,416128,416119,416118,416117,416116,416124,416113,416126,416138
1.321599,0,0,0,0,0,416363,416352,416359,416358,416358,416347,416343,416341,416328
1.323251,0,0,0,0,0,393304,393336,393327,393254,393261,393254,393265,393264,393275
1.324806,0,0,0,0,0,406871,406861,406869,406869,406859,406864,406863,406864,406922
1.326256,0,0,0,0,0,405444,405421,405411,405409,405427,405405,405382,405379,405293
1.327834,0,0,0,0,0,415260,415275,415252,415322,415325,415347,415355,415331,415344
1.329445,0,0,0,0,0,414816,414817,414836,414837,414824,414812,414824,414847,414858
1.331096,0,0,0,0,0,438924,438922,438924,438914,438912,438944,438920,438905,438905
1.332732,0,0,0,0,0,414699,414688,414685,414692,414682,414658,414680,414692,414691
1.334340,0,0,0,0,0,415374,415397,415460,415468,415476,415466,415465,415463,415448
1.335962,0,0,0,0,0,417158,417142,417078,417066,417056,417064,417065,417052,417052
1.337572,0,0,0,0,0,414911,414903,414892,414831,414837,414814,414810,414800,414799
1.339224,0,0,0,0,0,453833,453902,453924,453994,453985,454007,454006,454028,454041
1.340877,0,0,0,0,0,415088,415017,415002,414984,415002,415000,414977,414976,414960
1.342485,0,0,0,0,0,415638,415645,415636,415651,415632,415618,415640,415638,415637
1.344096,0,0,0,0,0,417139,417191,417208,417190,417199,417212,417196,417196,417209
1.345706,0,0,0,0,0,415413,415359,415350,415349,415355,415345,415346,415344,415342
1.347374,0,0,0,0,0,416264,416268,416275,416262,416266,416273,416285,416269,416245
1.348984,0,0,0,0,0,414974,414959,414949,414897,414872,414880,414871,414884,414894
1.350593,0,0,0,0,0,414970,414969,414968,415039,415049,415017,415024,415024,415036
1.352203,0,0,0,0,0,413620,413641,413641,413631,413616,413651,413722,413649,413634
1.353809,0,0,0,0,0,407252,407243,407251,407250,407272,407248,407174,407245,407233
1.355336,0,0,0,0,0,411585,411641,411645,411589,411570,411578,411566,411542,411567
1.356796,0,0,0,0,0,404880,404872,404856,404856,404855,404863,404864,404874,404930
1.358383,0,0,0,0,0,413801,413786,413795,413785,413793,413774,413769,413780,413699
1.359994,0,0,0,0,0,416301,416257,416246,416308,416317,416316,416316,416314,416312
1.361605,0,0,0,0,0,415604,415597,415586,415594,415591,415590,415603,415604,415626
1.363257,0,0,0,0,0,394939,394951,394969,394959,394950,394958,394956,394953,394939
1.364800,0,0,0,0,0,406307,406292,406282,406219,406208,406207,406206,406206,406218
1.366248,0,0,0,0,0,405503,405524,405525,405513,405521,405579,405556,405542,405518
1.367828,0,0,0,0,0,415651,415642,415648,415657,415656,415586,415608,415678,415664
1.369324,0,0,0,0,0,405055,405040,405044,405052,405042,405050,405035,404954,404976
1.370904,0,0,0,0,0,511670,511764,511748,511801,511810,511809,511821,511843,536432
1.372651,0,0,0,0,0,440217,440113,440122,440122,440121,440107,440164,440153,415575
1.374260,0,0,0,0,0,415100,415107,415110,415138,415138,415127,415068,415077,415076
1.375872,0,0,0,0,0,364783,364804,364789,364695,364694,364780,364779,364858,364849
1.377273,0,0,0,0,0,411735,411703,411784,411781,411779,411706,411714,411624,411603
1.378733,0,0,0,0,0,445186,445195,445114,445106,445177,445195,445175,445155,445172
1.380239,0,0,0,0,0,406236,406235,406233,406240,406217,406205,406215,406218,406199
1.381687,0,0,0,0,0,405990,405987,405986,405977,405936,405926,405924,406005,406032
1.383133,0,0,0,0,0,438967,438967,439678,440645,440634,440702,440692,440618,440604
1.384610,0,0,0,0,0,406421,406407,405685,404734,404724,404662,404670,404684,404695
1.386183,0,0,0,0,0,415168,415181,415189,415189,415187,415188,415173,415148,415149
1.387836,0,0,0,0,0,415058,415046,415054,415034,415052,415042,415055,415077,415062
1.389767,0,0,0,0,0,418411,418433,418431,418440,418422,418429,418413,418412,418425
1.391396,0,0,0,0,0,412560,412560,412550,412558,412556,412615,412629,412627,412624
1.392998,0,0,0,0,0,412807,412819,412829,412890,412898,412830,412815,412816,412802
1.394598,0,0,0,0,0,411538,411523,411513,411449,411447,411454,411458,411457,411469
1.396076,0,0,0,0,0,405772,405757,405805,405845,405831,405829,405838,405894,405872
1.397693,0,0,0,0,0,416079,416093,416051,415991,416003,416004,416002,415943,415964
1.399305,0,0,0,0,0,415483,415467,415458,415466,415457,415455,415454,415499,415488
1.400917,0,0,0,0,0,415928,415920,415926,415924,415910,415895,415885,415838,415833
1.402538,0,0,0,0,0,416870,416891,416881,416891,416903,416924,416922,416909,416922
1.404151,0,0,0,0,0,416333,416317,416307,416377,416377,416369,416376,416374,416373
1.405763,0,0,0,0,0,415988,415989,415989,415916,415913,415912,415913,415983,415946
1.407377,0,0,0,0,0,416623,416620,416629,416618,416619,416626,416616,416601,416613
1.408989,0,0,0,0,0,415195,415217,415265,415281,415273,415264,415272,415286,415286
1.410599,0,0,0,0,0,416667,416643,416583,416575,416580,416579,416578,416518,416525
1.412211,0,0,0,0,0,417125,417115,417133,417114,417158,417157,417155,417214,417213
1.413838,0,0,0,0,0,416093,416103,416091,416099,416062,416038,416039,415977,415968
1.415450,0,0,0,0,0,416244,416265,416279,416277,416263,416285,416260,416260,416280
1.417061,0,0,0,0,0,415745,415722,415706,415707,415719,415730,415751,415750,415737
1.418671,0,0,0,0,0,415418,415429,415429,415436,415496,415482,415482,415482,415480
1.420281,0,0,0,0,0,415780,415766,415764,415754,415693,415683,415682,415738,415751
1.421893,0,0,0,0,0,415799,415811,415825,415833,415830,415829,415829,415841,415840
1.423508,0,0,0,0,0,416091,416091,416084,416075,416065,416059,416058,416045,416034
1.425134,0,0,0,0,0,416119,416105,416096,416094,416166,416164,416164,416163,416150
1.426745,0,0,0,0,0,457019,457017,457017,457006,456952,456966,456954,456964,456971
1.428535,0,0,0,0,0,396224,396222,396256,397144,397156,397205,397227,402799,400120
1.430130,0,0,0,0,0,420994,421003,420967,420087,420064,420013,419988,414330,417008
1.431606,0,0,0,0,0,408328,408327,408325,408325,408313,408299,408307,408321,408333
1.433064,0,0,0,0,0,408468,408472,408470,408477,408485,408489,408489,408486,408484
1.434518,0,0,0,0,0,405149,405197,405206,405197,405196,405195,405193,405192,405192
1.435982,0,0,0,0,0,406356,406315,406306,406303,406303,406300,406287,406286,406284
1.437431,0,0,0,0,0,407177,407154,407152,407141,407140,407149,407161,407162,407148
1.439007,0,0,0,0,0,419574,419585,419585,419603,419593,419591,419590,419575,419588
1.440623,0,0,0,0,0,415263,415263,415270,415251,415268,415245,415244,415255,415254
1.442233,0,0,0,0,0,415518,415503,415493,415502,415482,415506,415577,415576,415575
1.443848,0,0,0,0,0,417269,417290,417290,417351,417370,417357,417283,417271,417270
1.445460,0,0,0,0,0,415838,415829,415814,415750,415730,415740,415741,415810,415794
1.447084,0,0,0,0,0,419413,419397,419401,419400,419479,419451,419440,419367,419368
1.448701,0,0,0,0,0,414758,414759,414829,414829,414757,414781,414790,414789,414787
1.450311,0,0,0,0,0,414927,414939,414910,414918,414908,414907,414892,414906,414918
1.451925,0,0,0,0,0,416640,416625,416580,416578,416550,416542,416553,416552,416539
1.453538,0,0,0,0,0,414669,414677,414685,414676,414702,414718,414708,414752,414741
1.455148,0,0,0,0,0,421861,421842,421850,421849,421848,421860,421870,421800,421822
1.456643,0,0,0,0,0,408356,408364,408346,408354,408360,408328,408313,408312,408299
1.458242,0,0,0,0,0,415696,415696,415730,415728,415729,415728,415740,415749,415772
1.459856,0,0,0,0,0,416068,416066,416036,416091,416076,416084,416084,416096,416084
1.461469,0,0,0,0,0,415738,415736,415748,415683,415695,415685,415684,415683,415680
1.463079,0,0,0,0,0,419432,419442,419429,419418,419405,419391,419388,419373,419387
1.464695,0,0,0,0,0,416162,416150,416150,416159,416170,416183,416183,416196,416182
1.466306,0,0,0,0,0,414611,414625,414631,414630,414631,414628,414627,414685,414682
1.467921,0,0,0,0,0,417458,417443,417427,417425,417410,417432,417431,417372,417372
1.469546,0,0,0,0,0,415794,415807,415814,415895,415896,415881,415880,415879,415864
1.471157,0,0,0,0,0,420422,420407,420435,420361,420326,420327,420326,420324,420310
1.472773,0,0,0,0,0,415069,415069,415029,415029,415064,415047,415024,415023,415049
1.474382,0,0,0,0,0,416014,416025,416056,416038,416047,416046,416067,416066,416042
1.475997,0,0,0,0,0,412488,412546,412523,412603,412614,412628,412699,412698,412720
1.477636,0,0,0,0,0,411650,411648,411633,411633,411609,411631,411557,411556,411556
1.479237,0,0,0,0,0,446627,446555,448252,448185,449517,450222,482982,484508,484491
1.480833,0,0,0,0,0,450557,450570,448894,448948,447633,446894,414133,412662,412677
1.482463,0,0,0,0,0,504670,504678,504717,504640,504630,505371,505563,505599,505598
1.484460,0,0,0,0,0,408725,408700,409167,409863,413959,412369,412584,412489,412473
1.485917,0,0,0,0,0,410761,410761,410235,409558,405459,406292,405882,405880,405872
1.487368,0,0,0,0,0,406515,406527,406542,406526,406525,406533,406532,406532,406530
1.488814,0,0,0,0,0,406296,406282,406273,406256,406243,406246,406245,406231,406251
1.490260,0,0,0,0,0,406701,406701,406709,406730,406743,406742,406727,406726,406704
1.491723,0,0,0,0,0,431227,430738,430241,429741,429233,428741,428235,427727,427220
1.493350,0,0,0,0,0,383406,383417,383404,383416,383488,383459,383458,383478,383506
1.494954,0,0,0,0,0,425333,425354,425406,425397,425351,425371,425390,425447,425437
1.496609,0,0,0,0,0,378317,378282,378249,378269,378258,378265,378243,378163,378150
1.498204,0,0,0,0,0,379135,379222,379192,379266,379233,379223,379243,379233,379233
1.499680,0,0,0,0,0,373914,373892,373911,373823,373842,373842,373853,373873,373871
1.501256,0,0,0,0,0,382138,382050,382049,382035,382026,382025,382012,382078,382085
1.502872,0,0,0,0,0,382061,382080,382091,382090,382110,382184,382154,382082,382073
1.504528,0,0,0,0,0,382500,382520,382495,382486,382472,382396,382416,382415,382439
1.506133,0,0,0,0,0,381169,381169,381179,381185,381164,381151,381137,381129,381102
1.507780,0,0,0,0,0,385153,385151,385151,385242,385262,385349,385360,385369,385379
1.509388,0,0,0,0,0,384337,384336,384348,384254,384267,384198,384176,384164,384161
1.510993,0,0,0,0,0,385850,385849,385836,385849,385846,385844,385864,385884,385875
1.512602,0,0,0,0,0,381697,381662,381673,381672,381659,381660,381647,381657,381690
1.514218,0,0,0,0,0,381885,381931,381917,381895,381915,381892,381891,381858,381815
1.515868,0,0,0,0,0,385264,385241,385240,385249,385226,385217,385291,385348,385343
1.517474,0,0,0,0,0,381750,381757,381743,381753,381732,381740,381663,381663,381748
1.519077,0,0,0,0,0,386635,386635,386633,386600,386599,386609,386630,386582,386507
1.520686,0,0,0,0,0,378475,378453,378442,378451,378472,378472,378470,378456,378434
1.522290,0,0,0,0,0,381807,381827,381838,381839,381837,381814,381868,381867,381900
1.523897,0,0,0,0,0,382466,382445,382457,382476,382475,382482,382406,382474,382459
1.525515,0,0,0,0,0,381686,381718,381704,381683,381694,381714,381747,381757,381791
1.527118,0,0,0,0,0,387173,387159,387183,387202,387188,387201,387187,387165,387138
1.528728,0,0,0,0,0,382028,382060,382046,382058,382058,382035,382035,382055,382046
1.530331,0,0,0,0,0,383254,383207,383198,383160,383217,383225,383202,383201,383213
1.531939,0,0,0,0,0,384192,384195,384190,384258,384199,384210,384223,384176,384183
1.533544,0,0,0,0,0,381131,381164,381163,381105,381095,381082,381067,381032,381011
1.535148,0,0,0,0,0,387258,387198,387210,387222,387220,387207,387205,387264,387271
1.536647,0,0,0,0,0,376627,376680,376671,376702,376724,376748,376789,376754,376786
1.538223,0,0,0,0,0,382858,382849,382876,382863,382853,382852,382831,382839,382808
1.539873,0,0,0,0,0,382335,382334,382333,382391,382405,382383,382416,382413,382425
1.541394,0,0,0,0,0,384302,384293,384271,384212,384203,384222,384188,384189,384175
1.543000,0,0,0,0,0,386341,386349,386368,386357,386378,386356,386421,386420,386440
1.544723,0,0,0,0,0,383915,383914,383914,383948,383946,383966,383911,383897,383888
1.546328,0,0,0,0,0,381700,381686,381664,381695,381694,381693,381713,381724,381790
1.547881,0,0,0,0,0,382492,382494,382580,382514,382513,382513,382491,382511,382430
1.549390,0,0,0,0,0,373863,373863,373797,373803,373794,373805,373811,373789,373809
1.550837,0,0,0,0,0,374948,374935,374926,374912,374900,374899,374976,374955,374942
1.552282,0,0,0,0,0,373672,373692,373666,373657,373668,373662,373566,373594,373605
1.553723,0,0,0,0,0,373511,373509,373553,373552,373526,373529,373558,373549,373536
1.555212,0,0,0,0,0,380317,380325,380302,380314,380346,380334,380300,380298,380288
1.556700,0,0,0,0,0,373147,373125,373124,373111,373076,373073,373085,373163,373183
1.558283,0,0,0,0,0,383072,383091,383070,383068,383101,383101,383087,383066,383074
1.559892,0,0,0,0,0,385589,385589,385621,385641,385619,385618,385609,385550,385549
1.561499,0,0,0,0,0,384227,384225,384278,384257,384269,384302,384308,384285,384262
1.563148,0,0,0,0,0,388363,388341,388307,388373,388380,388345,388379,388399,388403
1.564760,0,0,0,0,0,383837,383836,383790,383734,383711,383698,383676,383741,383748
1.566366,0,0,0,0,0,383696,383696,383707,383693,383680,383692,383668,383589,383555
1.567975,0,0,0,0,0,384425,384457,384444,384456,384481,384500,384521,384599,384632
1.569597,0,0,0,0,0,383531,383496,383495,383494,383547,383547,383533,383458,383455
1.571246,0,0,0,0,0,403669,403681,403713,403773,403719,403709,403721,403728,403737
1.572877,0,0,0,0,0,382232,382240,382218,382156,382150,382136,382136,382134,382125
1.574483,0,0,0,0,0,381492,381471,381445,381456,381454,381433,381418,381418,381428
1.576091,0,0,0,0,0,380883,380881,380925,380979,381003,381022,381034,381041,381040
1.577690,0,0,0,0,0,379371,379374,379361,379280,379260,379260,379246,379224,379211
1.579420,0,0,0,0,0,383908,383881,383860,383938,383924,383922,383943,383932,383911
1.581035,0,0,0,0,0,382812,382833,382843,382763,382794,382815,382805,382826,382846
1.582640,0,0,0,0,0,381992,382003,382010,382009,382022,382020,381999,382008,382006
1.584245,0,0,0,0,0,383561,383536,383507,383528,383492,383478,383477,383479,383487
1.585851,0,0,0,0,0,382853,382943,382971,382961,382969,382972,382999,383052,383043
1.587501,0,0,0,0,0,384268,384188,384179,384231,384230,384218,384223,384163,384161
1.589107,0,0,0,0,0,381710,381722,381709,381663,381653,381660,381659,381637,381636
1.590710,0,0,0,0,0,382231,382218,382238,382208,382229,382240,382225,382269,382289
1.592201,0,0,0,0,0,373365,373486,373597,373811,373922,374033,374165,374266,374378
1.593783,0,0,0,0,0,385484,385507,385514,385464,385471,385470,385469,385535,385533
1.595438,0,0,0,0,0,385063,385020,385010,385017,385003,385016,385015,385034,385025
1.597048,0,0,0,0,0,373025,373044,373056,373042,373046,373053,373052,372964,372960
1.598646,0,0,0,0,0,388683,388695,388682,388683,388682,388679,388679,388677,388674
1.600261,0,0,0,0,0,380834,380887,380898,380875,380949,380941,380960,380959,380958
1.601864,0,0,0,0,0,381785,381729,381736,381747,381667,381667,381645,381645,381657
1.603443,0,0,0,0,0,379876,379884,379895,379903,379893,379879,379879,379957,379943
1.605030,0,0,0,0,0,384275,384260,384239,384251,384283,384303,384301,384220,384232
1.606640,0,0,0,0,0,383861,383865,383859,383836,383803,383792,383813,383880,383913
1.608251,0,0,0,0,0,384711,384706,384723,384797,384808,384816,384795,384726,384691
1.609862,0,0,0,0,0,385016,385018,385025,384937,384945,384935,384920,384986,384973
1.611519,0,0,0,0,0,387060,387056,387047,387067,387044,387031,387043,387042,387054
1.613132,0,0,0,0,0,385716,385686,385693,385726,385738,385757,385756,385688,385674
1.614755,0,0,0,0,0,384782,384815,384813,384791,384798,384777,384775,384774,384786
1.616367,0,0,0,0,0,384770,384768,384735,384733,384713,384744,384765,384831,384829
1.617979,0,0,0,0,0,383743,383749,383769,383769,383766,383812,383797,383743,383775
1.619636,0,0,0,0,0,386703,386670,386680,386667,386678,386607,386612,386598,386564
1.621249,0,0,0,0,0,384619,384643,384643,384654,384649,384639,384637,384636,384623
1.622858,0,0,0,0,0,383269,383277,383275,383263,383254,383264,383272,383271,383269
1.624339,0,0,0,0,0,376183,376181,376160,376135,376155,376144,376121,376120,376132
1.625931,0,0,0,0,0,384788,384754,384732,384733,384733,384732,384731,384730,384728
1.627588,0,0,0,0,0,385322,385354,385374,385452,385462,385494,385481,385533,385526
1.629200,0,0,0,0,0,385004,385037,385036,384990,384989,384975,384986,384931,384938
1.630810,0,0,0,0,0,384841,384786,384784,384782,384770,384748,384747,384801,384767
1.632421,0,0,0,0,0,387790,387789,387790,387830,387799,387819,387839,387784,387814
1.634031,0,0,0,0,0,384225,384226,384244,384189,384196,384174,384153,384150,384139
1.635685,0,0,0,0,0,382324,382309,382309,382308,382308,382320,382339,382394,382383
1.637344,0,0,0,0,0,384380,384392,384369,384435,384446,384452,384430,384440,384441
1.638952,0,0,0,0,0,447021,447018,447039,446985,446979,446951,446938,459160,458716
1.640653,0,0,0,0,0,397568,397497,397320,397173,397019,396884,396816,384472,384788
1.642259,0,0,0,0,0,382682,382752,382906,383049,383228,383375,383467,383520,383664
1.643872,0,0,0,0,0,388234,388254,388274,388262,388239,388252,388237,388325,388336
1.645485,0,0,0,0,0,385872,385838,385836,385835,385833,385832,385833,385743,385730
1.647094,0,0,0,0,0,409015,409046,409046,409031,409030,409008,409006,409006,408992
1.648608,0,0,0,0,0,373239,373231,373197,373187,373184,373183,373194,373192,373204
1.650186,0,0,0,0,0,385620,385627,385624,385625,385602,385615,385610,385609,385608
1.651840,0,0,0,0,0,386385,386363,386417,386482,386493,386479,386469,386503,386502
1.653453,0,0,0,0,0,384479,384477,384423,384356,384376,384408,384407,384372,384359
1.655061,0,0,0,0,0,389151,389151,389150,389170,389147,389113,389179,389244,389255
1.656677,0,0,0,0,0,385051,385063,385095,385106,385126,385125,385058,384990,384977
1.658288,0,0,0,0,0,384472,384478,384476,384452,384443,384442,384440,384440,384451
1.659917,0,0,0,0,0,386067,386067,386025,386013,386010,386033,386041,386018,386005
1.661530,0,0,0,0,0,385174,385173,385213,385212,385201,385198,385188,385209,385253
1.663140,0,0,0,0,0,389128,389106,389139,389150,389204,389181,389180,389167,389145
1.664757,0,0,0,0,0,383965,383977,383964,384031,383975,383981,383994,384004,383992
1.666368,0,0,0,0,0,384321,384328,384306,384300,384324,384336,384320,384319,384305
1.667982,0,0,0,0,0,386053,386030,386007,385965,385972,385984,385993,385973,385984
1.669595,0,0,0,0,0,384865,384853,384840,384827,384806,384793,384783,384801,384800
1.671219,0,0,0,0,0,387704,387726,387758,387757,387755,387733,387752,387752,387739
1.672834,0,0,0,0,0,385260,385260,385260,385269,385266,385264,385255,385252,385264
1.674444,0,0,0,0,0,385044,385039,385017,385019,385041,385061,385049,385049,385047
1.676058,0,0,0,0,0,385945,385956,385934,385898,385886,385863,385862,385849,385815
1.677668,0,0,0,0,0,386048,386027,386035,386068,386054,386054,386032,386044,386064
1.679364,0,0,0,0,0,362916,362927,362960,362959,363024,363014,363054,363052,363051
1.680821,0,0,0,0,0,377501,377575,377531,377517,377442,377462,377449,377461,377473
1.682281,0,0,0,0,0,377074,377007,377014,377026,377057,377054,377023,377008,377007
1.683863,0,0,0,0,0,384429,384414,384426,384392,384379,384368,384388,384443,384454
1.685475,0,0,0,0,0,384581,384585,384606,384637,384648,384656,384655,384612,384599
1.687085,0,0,0,0,0,389331,389326,389303,389335,389315,389293,389292,389278,389276
1.688700,0,0,0,0,0,384532,384521,384521,384454,384428,384439,384439,384437,384437
1.690310,0,0,0,0,0,384428,384429,384436,384502,384512,384512,384510,384510,384497
1.691924,0,0,0,0,0,384866,384918,384907,384915,384994,384992,384992,385058,385067
1.693551,0,0,0,0,0,385682,385641,385662,385659,385590,385589,385589,385522,385509
1.695159,0,0,0,0,0,389582,389587,389578,389558,389559,389600,389597,389608,389609
1.696776,0,0,0,0,0,384878,384845,384852,384783,384780,384746,384757,384744,384755
1.698386,0,0,0,0,0,385416,385428,385427,385461,385447,385436,385424,385424,385410
1.700001,0,0,0,0,0,384726,384746,384719,384709,384708,384710,384709,384773,384784
1.701612,0,0,0,0,0,384769,384776,384768,384778,384866,384863,384862,384795,384782
1.703223,0,0,0,0,0,419012,419035,419055,419044,418963,419020,419059,419058,419048
1.704883,0,0,0,0,0,381243,381177,381188,381260,381264,381240,381186,381172,381172
1.706484,0,0,0,0,0,379995,380007,379984,379971,379957,379922,379914,379924,379945
1.707963,0,0,0,0,0,375146,375165,375185,375144,375163,375161,375179,375180,375178
1.709543,0,0,0,0,0,383152,383142,383142,383206,383207,383207,383206,383271,383256
1.711152,0,0,0,0,0,387271,387278,387332,387243,387220,387219,387239,387172,387183
1.712766,0,0,0,0,0,384209,384209,384154,384228,384240,384247,384237,384236,384235
1.714374,0,0,0,0,0,383679,383665,383642,383629,383640,383618,383605,383604,383604
1.715875,0,0,0,0,0,375731,375743,375729,375687,375696,375694,375694,375692,375692
1.717493,0,0,0,0,0,383918,383917,383928,383915,383879,383891,383890,383889,383874
1.719101,0,0,0,0,0,462990,462979,463022,463011,463032,463030,463030,463028,463040
1.720680,0,0,0,0,0,375764,375765,375717,375728,375713,375713,375723,375778,375769
1.722129,0,0,0,0,0,374628,374614,374617,374593,374617,374637,374622,374567,374562
1.723752,0,0,0,0,0,385030,385058,385055,385066,385053,385032,385031,385118,385188
1.725362,0,0,0,0,0,384375,384345,384346,384420,384398,384397,384398,384307,384248
1.726984,0,0,0,0,0,387905,387904,387925,387923,387935,387988,387987,387987,387985
1.728597,0,0,0,0,0,383371,383392,383357,383357,383355,383287,383351,383351,383352
1.730205,0,0,0,0,0,383560,383557,383589,383575,383575,383587,383520,383519,383549
1.731860,0,0,0,0,0,386246,386221,386211,386224,386222,386229,386240,386239,386205
1.733471,0,0,0,0,0,383942,383958,383966,383897,383884,383875,383862,383860,383847
1.735078,0,0,0,0,0,388114,388112,388111,388123,388156,388187,388208,388206,388217
1.736692,0,0,0,0,0,385421,385408,385386,385440,385418,385392,385381,385382,385369
1.738313,0,0,0,0,0,384020,384031,384049,383994,383967,383960,383946,384012,384023
1.739926,0,0,0,0,0,384910,384897,384876,384915,384952,384971,384970,384902,384901
1.741537,0,0,0,0,0,383911,383910,383898,383842,383816,383814,383817,383827,383826
1.743145,0,0,0,0,0,387056,387042,387062,387054,387076,387053,387050,387037,387036
1.744758,0,0,0,0,0,384739,384772,384749,384835,384832,384832,384830,384830,384817
1.746368,0,0,0,0,0,383879,383911,383936,383868,383878,383886,383887,383965,383963
1.747982,0,0,0,0,0,385632,385589,385583,385629,385630,385640,385637,385557,385571
1.749606,0,0,0,0,0,384451,384417,384417,384348,384314,384314,384314,384312,384309
1.751215,0,0,0,0,0,383638,383667,383690,383711,383716,383674,383672,383672,383671
1.752824,0,0,0,0,0,382231,382209,382182,382234,382240,382259,382259,382258,382257
1.754430,0,0,0,0,0,382401,382433,382412,382358,382365,382377,382383,398778,398546
1.755940,0,0,0,0,0,396081,396071,396104,396102,396080,396075,396066,379648,379867
1.757530,0,0,0,0,0,384861,384924,384901,384900,384908,384923,384943,384963,384973
1.759140,0,0,0,0,0,390549,390480,390481,390480,390491,390477,390476,390528,390539
1.760770,0,0,0,0,0,386543,386554,386573,386539,386550,386557,386534,386481,386468
1.762380,0,0,0,0,0,384572,384563,384528,384527,384513,384492,384492,384589,384589
1.763995,0,0,0,0,0,385116,385082,385115,385148,385160,385146,385145,385045,385031
1.765607,0,0,0,0,0,384523,384563,384562,384548,384526,384559,384559,384558,384568
1.767218,0,0,0,0,0,387756,387743,387722,387733,387740,387718,387716,387715,387703
1.768832,0,0,0,0,0,384267,384266,384263,384229,384229,384228,384227,384225,384235
1.770442,0,0,0,0,0,386442,386467,386488,386475,386465,386485,386485,386484,386472
1.771940,0,0,0,0,0,353574,353047,352531,352062,351567,351055,350573,350169,349671
1.773397,0,0,0,0,0,333689,333696,333688,333687,333646,333627,333666,333547,333574
1.774846,0,0,0,0,0,332984,332967,332975,332974,333003,333000,332931,332941,332930
1.776295,0,0,0,0,0,333436,333436,333434,333432,333431,333431,333447,333457,333468
1.777743,0,0,0,0,0,332969,332982,332974,332974,332984,333001,332981,333047,333076
1.779227,0,0,0,0,0,333806,333790,333796,333784,333766,333765,333783,333715,333672
1.780676,0,0,0,0,0,332379,332386,332404,332414,332399,332398,332391,332409,332408
1.782267,0,0,0,0,0,340198,340188,340169,340233,340256,340237,340241,340229,340211
1.783882,0,0,0,0,0,341583,341583,341581,341515,341521,341557,341549,341531,341518
1.785495,0,0,0,0,0,339685,339691,339683,339681,339670,339642,339649,339675,339674
1.787148,0,0,0,0,0,344406,344398,344404,344404,344403,344402,344402,344372,344371
1.788765,0,0,0,0,0,339631,339685,339684,339683,339704,339711,339709,339720,339758
1.790376,0,0,0,0,0,341442,341392,341392,341391,341349,341348,341348,341346,341336
1.791991,0,0,0,0,0,339732,339743,339741,339740,339758,339768,339767,339765,339763
1.793616,0,0,0,0,0,341145,341152,341162,341161,341160,341141,341158,341158,341128
1.795337,0,0,0,0,0,389932,389930,389910,389910,389897,389896,389858,389866,389887
1.797050,0,0,0,0,0,341095,341087,341077,341075,341096,341074,341102,341111,341116
1.798660,0,0,0,0,0,339370,339358,339374,339373,339361,339399,339387,339416,339409
1.800271,0,0,0,0,0,340283,340282,340274,340310,340313,340301,340300,340221,340239
1.801882,0,0,0,0,0,340161,340208,340207,340170,340176,340186,340186,340274,340261
1.803539,0,0,0,0,0,342016,341967,341965,342022,342021,342010,341990,341937,341929
1.805165,0,0,0,0,0,340114,340102,340108,340048,340030,340028,340056,340036,340043
1.806774,0,0,0,0,0,340004,340015,339986,339985,339991,340011,340000,340018,340009
1.808386,0,0,0,0,0,337188,337204,337243,337278,337280,337269,337268,337249,337226
1.809987,0,0,0,0,0,337459,337434,337421,337442,337449,337438,337436,337444,337484
1.811552,0,0,0,0,0,368117,368122,368114,368055,368054,368063,368062,368130,368109
1.813053,0,0,0,0,0,332515,332507,332503,332492,332472,332443,332423,332362,332361
1.814500,0,0,0,0,0,332386,332356,332384,332375,332381,332378,332378,332378,332367
1.815960,0,0,0,0,0,331162,331197,331167,331243,331242,331252,331281,331331,331337
1.817539,0,0,0,0,0,341787,341778,341759,341699,341709,341775,341743,341691,341693
1.819193,0,0,0,0,0,343816,343816,343863,343844,343831,343753,343771,343821,343798
1.820810,0,0,0,0,0,340264,340263,340214,340231,340242,340270,340271,340288,340374
1.822421,0,0,0,0,0,339402,339408,339436,339435,339423,339404,339390,339371,339305
1.824032,0,0,0,0,0,341060,341052,341050,341049,341059,341054,341057,341055,341052
1.825644,0,0,0,0,0,339764,339829,339829,339828,339827,339838,339855,339784,339793
1.827314,0,0,0,0,0,340346,340279,340277,340324,340334,340344,340321,340332,340312
1.828926,0,0,0,0,0,340165,340230,340240,340192,340180,340166,340159,340165,340174
1.830536,0,0,0,0,0,340773,340732,340731,340729,340728,340739,340755,340736,340756
1.832148,0,0,0,0,0,340790,340771,340753,340752,340751,340750,340749,340847,340824
1.833760,0,0,0,0,0,339974,339972,339978,339976,339975,339954,339945,339845,339837
1.835416,0,0,0,0,0,341741,341740,341739,341739,341738,341746,341736,341805,341822
1.837029,0,0,0,0,0,342440,342438,342437,342485,342483,342482,342491,342421,342420
1.838656,0,0,0,0,0,340438,340438,340428,340426,340416,340419,340425,340422,340413
1.840268,0,0,0,0,0,340194,340192,340201,340142,340122,340116,340108,340126,340126
1.841878,0,0,0,0,0,340181,340223,340221,340259,340298,340309,340315,340314,340301
1.843536,0,0,0,0,0,341125,341074,341073,341014,341002,340990,340990,341029,341027
1.845149,0,0,0,0,0,340167,340185,340195,340224,340223,340192,340173,340132,340143
1.846758,0,0,0,0,0,340440,340416,340397,340366,340365,340394,340410,340402,340390
1.848371,0,0,0,0,0,339885,339889,339894,339923,339881,339892,339892,339938,339937
1.849996,0,0,0,0,0,339464,339481,339481,339479,339519,339517,339515,339457,339456
1.851652,0,0,0,0,0,341277,341258,341227,341216,341215,341214,341195,341269,341279
1.853265,0,0,0,0,0,339912,339911,339940,339949,339919,339897,339906,339858,339835
1.854875,0,0,0,0,0,340503,340509,340500,340499,340516,340535,340553,340582,340610
1.856563,0,0,0,0,0,341491,341501,341519,341490,341500,341489,341459,341446,341438
1.858177,0,0,0,0,0,340153,340142,340130,340215,340213,340185,340202,340212,340211
1.859834,0,0,0,0,0,340788,340808,340807,340747,340748,340784,340785,340725,340731
1.861461,0,0,0,0,0,339695,339672,339672,339682,339670,339659,339648,339706,339718
1.863070,0,0,0,0,0,342320,342337,342317,342307,342315,342314,342303,342244,342212
1.864685,0,0,0,0,0,340209,340191,340200,340168,340168,340156,340167,340196,340213
1.866296,0,0,0,0,0,339855,339894,339901,340000,340000,340010,340025,339994,339975
1.867911,0,0,0,0,0,340107,340054,340065,339982,339962,339950,339931,339960,340028
1.869524,0,0,0,0,0,339744,339754,339712,339713,339770,339792,339798,339797,339715
1.871134,0,0,0,0,0,344378,344377,344406,344414,344362,344360,344360,344340,344351
1.872641,0,0,0,0,0,350292,352786,355260,357717,360240,362699,365222,367754,370242
1.874298,0,0,0,0,0,381731,381708,381690,381687,381629,381627,381626,381625,381600
1.875987,0,0,0,0,0,380626,380626,380625,380625,380624,380623,380623,380602,380620
1.877709,0,0,0,0,0,374637,374638,374656,374655,374653,374670,374632,374651,374633
1.879396,0,0,0,0,0,375927,375910,375905,375907,375907,375906,375883,375922,375939
1.881081,0,0,0,0,0,374251,374308,374249,374324,374345,374322,374321,374224,374222
1.882778,0,0,0,0,0,415311,415269,415329,415247,415224,415228,415228,415283,415285
1.884621,0,0,0,0,0,379051,379069,379068,379069,379067,379084,379081,379025,379021
1.886305,0,0,0,0,0,374373,374350,374350,374348,374352,374328,374350,374344,374324
1.887992,0,0,0,0,0,381936,381939,381915,381915,381913,381912,381889,381893,381911
1.889678,0,0,0,0,0,378533,378527,378531,378530,378526,378528,378528,378544,378543
1.891413,0,0,0,0,0,376212,376212,376209,376207,376206,376207,376206,376183,376185
1.893112,0,0,0,0,0,374597,374618,374637,374635,374635,374632,374629,374652,374648
1.894797,0,0,0,0,0,377940,377901,377877,377877,377880,377876,377898,377873,377854
1.896346,0,0,0,0,0,368514,368533,368533,368554,368546,368547,368528,368567,368585
1.898001,0,0,0,0,0,378836,378831,378832,378811,378833,378829,378824,378787,378786
1.899737,0,0,0,0,0,376776,376775,376793,376850,376831,376832,376830,376829,376828
1.901423,0,0,0,0,0,373395,373433,373432,373372,373372,373370,373370,373428,373427
1.903120,0,0,0,0,0,382152,382111,382111,382110,382109,382108,382107,382046,382044
1.904811,0,0,0,0,0,374536,374519,374515,374517,374511,374510,374513,374510,374510
1.906494,0,0,0,0,0,374441,374460,374458,374457,374457,374455,374455,374454,374452
1.908181,0,0,0,0,0,374868,374867,374848,374843,374846,374847,374862,374860,374861
1.909866,0,0,0,0,0,379253,379230,379230,379230,379225,379227,379205,379227,379223
1.911552,0,0,0,0,0,371967,371984,372004,372062,372063,372057,372058,372039,372038
1.913244,0,0,0,0,0,374640,374639,374619,374558,374554,374559,374556,374551,374555
1.914918,0,0,0,0,0,523033,523033,523050,523578,523600,524826,524829,524846,524824
1.916802,0,0,0,0,0,381127,381129,381108,380601,380577,379366,379361,379399,379419
1.918483,0,0,0,0,0,377796,377774,377795,377771,377770,377751,377751,377693,377669
1.920168,0,0,0,0,0,374757,374778,374770,374832,374832,374827,374829,374829,374870
1.921852,0,0,0,0,0,377616,377593,377575,377515,377514,377514,377513,377510,377508
1.923597,0,0,0,0,0,378981,379000,379001,378999,378998,378996,378994,378993,378994
1.925281,0,0,0,0,0,377347,377365,377363,377363,377380,377441,377438,377459,377434
1.926963,0,0,0,0,0,446087,447594,448493,452587,457108,453424,453422,453400,453403
1.928761,0,0,0,0,0,385761,384213,383314,379215,374695,378316,378315,378318,378313
1.930443,0,0,0,0,0,376420,376439,376454,376513,376491,376490,376493,376487,376509
1.932128,0,0,0,0,0,373661,373658,373643,373581,373579,373580,373574,373575,373554
1.933825,0,0,0,0,0,377110,377130,377124,377186,377186,377181,377186,377184,377180
1.935509,0,0,0,0,0,380584,380566,380566,380561,380562,380562,380556,380558,380558
1.937193,0,0,0,0,0,379176,379172,379173,379114,379111,379113,379111,379166,379169
1.938876,0,0,0,0,0,470936,471095,471092,471149,483438,485677,486598,483694,483867
1.940716,0,0,0,0,0,386170,386011,386010,386013,373721,371478,370560,373461,373281
1.942398,0,0,0,0,0,373136,373135,373133,373093,373091,373091,373090,373047,373050
1.944096,0,0,0,0,0,375225,375261,375265,375301,375301,375300,375355,375336,375335
1.945780,0,0,0,0,0,374981,374940,374939,374955,374958,374957,374895,374899,374896
1.947513,0,0,0,0,0,374906,374904,374920,374842,374841,374838,374838,374855,374853
1.949196,0,0,0,0,0,377830,377833,377810,377867,377867,377866,377924,377905,377904
1.950878,0,0,0,0,0,378066,378085,378089,378106,378104,428073,428013,428246,428244
1.952662,0,0,0,0,0,423961,423959,423994,423917,423916,373945,373944,373709,373708
1.954356,0,0,0,0,0,376844,376803,376783,376840,376835,376838,376838,376833,376854
1.955908,0,0,0,0,0,373079,373099,373078,373022,373021,373017,373019,373018,372995
1.957566,0,0,0,0,0,372642,372639,376735,376730,376730,376732,376728,376727,376708
1.959472,0,0,0,0,0,379303,379323,379337,379340,379339,379333,379336,379336,379352
1.961022,0,0,0,0,0,371554,371534,371515,371514,371513,371514,371511,371510,371532
1.962577,0,0,0,0,0,367689,367689,367707,367706,367705,367704,367702,367701,367678
1.964096,0,0,0,0,0,372604,372602,372605,372601,372599,372601,372598,372596,372618
1.965625,0,0,0,0,0,368734,368730,368709,368708,368706,368706,368706,368726,368703
1.967140,0,0,0,0,0,373040,373024,373020,373018,373022,373036,373038,373015,372996
1.968654,0,0,0,0,0,371079,371075,371075,371078,371073,371054,371053,371053,371070
1.970303,0,0,0,0,0,378913,378929,378948,378944,378947,378945,378942,379002,379000
1.971990,0,0,0,0,0,376219,376219,376200,376259,376254,376256,376272,376213,376213
1.973676,0,0,0,0,0,374926,374909,374905,374844,374848,374843,374823,374881,374880
1.975363,0,0,0,0,0,379178,379177,379176,379234,379232,379231,379231,379230,379228
1.977063,0,0,0,0,0,374880,374898,374898,374860,374856,374858,374856,374794,374796
1.978746,0,0,0,0,0,411173,411172,411170,411145,411147,411144,411143,411146,411142
1.980431,0,0,0,0,0,371292,371310,371313,371313,371331,371329,371328,371326,371326
1.982087,0,0,0,0,0,377692,377709,377708,377708,377684,377705,377704,377762,377760
1.983774,0,0,0,0,0,379576,379535,379534,379533,379532,379512,379511,379507,379509
1.985461,0,0,0,0,0,378403,378402,378403,378419,378422,378418,378439,378378,378397
1.987074,0,0,0,0,0,354258,353656,353050,352415,351811,351213,350592,349992,349369
1.988737,0,0,0,0,0,338374,338341,338393,338410,338409,338407,338404,338404,338384
1.990422,0,0,0,0,0,337339,337390,337337,337335,337334,337333,337334,337332,337351
1.992109,0,0,0,0,0,348361,348307,348305,348305,348304,348303,348301,348301,348280
1.993794,0,0,0,0,0,347855,347853,347870,347852,347851,347850,347847,347845,347916
1.995530,0,0,0,0,0,337814,337830,337796,337864,337864,337915,337916,337915,337842
1.997096,0,0,0,0,0,343264,343264,343262,343207,343207,343153,343152,343152,343151
1.998617,0,0,0,0,0,342106,342088,342103,342103,342100,342099,342098,342097,342097
2.000086,0,0,0,0,0,342314,342329,342313,342312,342312,342311,342312,342363,342360
