elapsed_s,VPC_NEVER_COUNT,VPC_FE_BUSY_CYCLES,VPC_FE_WORKING_CYCLES,VPC_FE_STALL_CYCLES_VFD_WACK,VPC_FE_STARVE_CYCLES_SP,VPC_FE_PC_PRIMITIVES
0.001140,0,0,0,0,0,0
0.002971,0,0,0,0,0,0
0.004686,0,0,0,0,0,0
0.006284,0,0,0,0,0,0
0.007836,0,0,0,0,0,0
0.009481,0,0,0,0,0,0
0.011048,0,0,0,0,0,0
0.012677,0,0,0,0,0,0
0.014258,0,0,0,0,0,0
0.015779,0,0,0,0,0,0
0.017397,0,0,0,0,0,0
0.018972,0,0,0,0,0,0
0.020492,0,0,0,0,0,0
0.021945,0,0,0,0,0,0
0.023459,0,0,0,0,0,0
0.024991,0,0,0,0,0,0
0.026602,0,0,0,0,0,0
0.028137,0,0,0,0,0,0
0.029711,0,0,0,0,0,0
0.031149,0,0,0,0,0,0
0.032588,0,0,0,0,0,0
0.034078,0,0,0,0,0,0
0.035517,0,0,0,0,0,0
0.036980,0,0,0,0,0,0
0.038479,0,0,0,0,0,0
0.039922,0,0,0,0,0,0
0.041360,0,0,0,0,0,0
0.042800,0,0,0,0,0,0
0.044240,0,0,0,0,0,0
0.045751,0,0,0,0,0,0
0.047191,0,0,0,0,0,0
0.048631,0,0,0,0,0,0
0.050077,0,0,0,0,0,0
0.051517,0,0,0,0,0,0
0.052980,0,0,0,0,0,0
0.054532,0,0,0,0,0,0
0.055971,0,0,0,0,0,0
0.057412,0,0,0,0,0,0
0.058848,0,0,0,0,0,0
0.060290,0,0,0,0,0,0
0.061707,0,0,0,0,0,0
0.063230,0,0,0,0,0,0
0.064718,0,0,0,0,0,0
0.066207,0,0,0,0,0,0
0.067675,0,0,0,0,0,0
0.069156,0,0,0,0,0,0
0.070714,0,0,0,0,0,0
0.072239,0,0,0,0,0,0
0.073813,0,0,0,0,0,0
0.075339,0,0,0,0,0,0
0.076925,0,0,0,0,0,0
0.078586,0,0,0,0,0,0
0.080143,0,0,0,0,0,0
0.081729,0,0,0,0,0,0
0.083256,0,0,0,0,0,0
0.084822,0,0,0,0,0,0
0.086349,0,0,0,0,0,0
0.087879,0,0,0,0,0,0
0.089410,0,0,0,0,0,0
0.090922,0,0,0,0,0,0
0.092450,0,0,0,0,0,0
0.094269,0,2856,1293,0,0,0
0.095929,0,0,0,0,0,0
0.097517,0,0,0,0,0,0
0.099101,0,0,0,0,0,0
0.100717,0,0,0,0,0,0
0.102282,0,0,0,0,0,0
0.103780,0,0,0,0,0,0
0.105268,0,0,0,0,0,0
0.106780,0,0,0,0,0,0
0.108271,0,0,0,0,0,0
0.109670,0,0,0,0,0,0
0.111160,0,0,0,0,0,0
0.112651,0,0,0,0,0,0
0.114147,0,0,0,0,0,0
0.115661,0,0,0,0,0,0
0.117172,0,0,0,0,0,0
0.118775,0,0,0,0,0,0
0.120436,0,0,0,0,0,0
0.122039,0,0,0,0,0,0
0.123825,0,5202,1323,0,0,0
0.125286,0,5454,4644,0,0,0
0.126397,0,4953,4320,0,0,0
0.127565,0,3630,2961,0,0,0
0.129079,0,0,0,0,0,0
0.130502,0,0,0,0,0,0
0.131834,0,0,0,0,0,0
0.133191,0,0,0,0,0,0
0.134585,0,0,0,0,0,0
0.135925,0,0,0,0,0,0
0.137256,0,0,0,0,0,0
0.138589,0,0,0,0,0,0
0.139920,0,0,0,0,0,0
0.141281,0,0,0,0,0,0
0.142610,0,0,0,0,0,0
0.143931,0,0,0,0,0,0
0.145253,0,0,0,0,0,0
0.146581,0,0,0,0,0,0
0.147901,0,0,0,0,0,0
0.149244,0,0,0,0,0,0
0.150575,0,0,0,0,0,0
0.151893,0,0,0,0,0,0
0.153222,0,0,0,0,0,0
0.154566,0,0,0,0,0,0
0.155889,0,0,0,0,0,0
0.157248,0,0,0,0,0,0
0.158679,0,0,0,0,0,0
0.160025,0,0,0,0,0,0
0.161375,0,0,0,0,0,0
0.162723,0,0,0,0,0,0
0.164072,0,0,0,0,0,0
0.165615,0,0,0,0,0,0
0.167291,0,0,0,0,0,0
0.168800,0,0,0,0,0,0
0.170287,0,0,0,0,0,0
0.171767,0,0,0,0,0,0
0.173299,0,0,0,0,0,0
0.174761,0,0,0,0,0,0
0.176238,0,0,0,0,0,0
0.177728,0,0,0,0,0,0
0.179221,0,0,0,0,0,0
0.180750,0,0,0,0,0,0
0.182417,0,0,0,0,0,0
0.183982,0,0,0,0,0,0
0.185764,0,0,0,0,0,0
0.187512,0,0,0,0,0,0
0.189118,0,0,0,0,0,0
0.190833,0,0,0,0,0,0
0.192561,0,0,0,0,0,0
0.194293,0,0,0,0,0,0
0.196023,0,0,0,0,0,0
0.197757,0,0,0,0,0,0
0.199486,0,0,0,0,0,0
0.201232,0,0,0,0,0,0
0.202968,0,0,0,0,0,0
0.204762,0,0,0,0,0,0
0.206492,0,0,0,0,0,0
0.208221,0,0,0,0,0,0
0.209953,0,0,0,0,0,0
0.211516,0,0,0,0,0,0
0.213269,0,0,0,0,0,0
0.215007,0,0,0,0,0,0
0.216733,0,0,0,0,0,0
0.218464,0,0,0,0,0,0
0.220193,0,0,0,0,0,0
0.222011,0,0,0,0,0,0
0.223742,0,0,0,0,0,0
0.225475,0,0,0,0,0,0
0.227206,0,0,0,0,0,0
0.228996,0,0,0,0,0,0
0.230679,0,0,0,0,0,0
0.232378,0,0,0,0,0,0
0.234109,0,0,0,0,0,0
0.235838,0,0,0,0,0,0
0.237572,0,0,0,0,0,0
0.239286,0,0,0,0,0,0
0.241009,0,0,0,0,0,0
0.242747,0,0,0,0,0,0
0.244243,0,0,0,0,0,0
0.245838,0,0,0,0,0,0
0.247326,0,0,0,0,0,0
0.248811,0,0,0,0,0,0
0.250295,0,0,0,0,0,0
0.251972,0,0,0,0,0,0
0.253535,0,0,0,0,0,0
0.255226,0,0,0,0,0,0
0.256952,0,0,0,0,0,0
0.258822,0,0,0,0,0,0
0.260616,0,0,0,0,0,0
0.262346,0,0,0,0,0,0
0.263908,0,0,0,0,0,0
0.265599,0,0,0,0,0,0
0.267328,0,0,0,0,0,0
0.269119,0,0,0,0,0,0
0.270854,0,0,0,0,0,0
0.272580,0,0,0,0,0,0
0.274144,0,0,0,0,0,0
0.275836,0,0,0,0,0,0
0.277569,0,0,0,0,0,0
0.279285,0,0,0,0,0,0
0.280999,0,0,0,0,0,0
0.283042,0,0,0,0,0,0
0.284631,0,0,0,0,0,0
0.286155,0,0,0,0,0,0
0.287655,0,0,0,0,0,0
0.289144,0,0,0,0,0,0
0.290636,0,0,0,0,0,0
0.292315,0,0,0,0,0,0
0.294050,0,0,0,0,0,0
0.295614,0,0,0,0,0,0
0.297300,0,0,0,0,0,0
0.299022,0,0,0,0,0,0
0.300798,0,0,0,0,0,0
0.302334,0,0,0,0,0,0
0.303982,0,0,0,0,0,0
0.306061,0,0,0,0,0,0
0.307585,0,0,0,0,0,0
0.309131,0,0,0,0,0,0
0.310809,0,0,0,0,0,0
0.312296,0,0,0,0,0,0
0.313780,0,0,0,0,0,0
0.315259,0,0,0,0,0,0
0.316789,0,0,0,0,0,0
0.318284,0,0,0,0,0,0
0.319961,0,0,0,0,0,0
0.321689,0,0,0,0,0,0
0.323416,0,0,0,0,0,0
0.325202,0,0,0,0,0,0
0.326779,0,0,0,0,0,0
0.328307,0,0,0,0,0,0
0.329993,0,0,0,0,0,0
0.331722,0,0,0,0,0,0
0.333452,0,0,0,0,0,0
0.335182,0,0,0,0,0,0
0.336906,0,0,0,0,0,0
0.338464,0,0,0,0,0,0
0.340150,0,0,0,0,0,0
0.341880,0,0,0,0,0,0
0.343608,0,0,0,0,0,0
0.345334,0,0,0,0,0,0
0.346940,0,0,0,0,0,0
0.348466,0,0,0,0,0,0
0.350031,0,0,0,0,0,0
0.351524,0,0,0,0,0,0
0.353015,0,0,0,0,0,0
0.354616,0,0,0,0,0,0
0.356109,0,0,0,0,0,0
0.357794,0,0,0,0,0,0
0.359527,0,0,0,0,0,0
0.361238,0,0,0,0,0,0
0.362898,0,0,0,0,0,0
0.364860,0,0,0,0,0,0
0.366400,0,0,0,0,0,0
0.368087,0,0,0,0,0,0
0.369649,0,0,0,0,0,0
0.371321,0,0,0,0,0,0
0.373096,0,0,0,0,0,0
0.374909,0,0,0,0,0,0
0.376852,0,0,0,0,0,0
0.378357,0,0,0,0,0,0
0.379876,0,0,0,0,0,0
0.381563,0,0,0,0,0,0
0.383278,0,0,0,0,0,0
0.384990,0,0,0,0,0,0
0.387282,0,0,0,0,0,0
0.389036,0,0,0,0,0,0
0.390863,0,0,0,0,0,0
0.392591,0,0,0,0,0,0
0.394319,0,0,0,0,0,0
0.396050,0,0,0,0,0,0
0.397782,0,0,0,0,0,0
0.399512,0,0,0,0,0,0
0.401256,0,0,0,0,0,0
0.402981,0,0,0,0,0,0
0.404757,0,0,0,0,0,0
0.406293,0,0,0,0,0,0
0.407980,0,0,0,0,0,0
0.409713,0,0,0,0,0,0
0.411273,0,0,0,0,0,0
0.413025,0,0,0,0,0,0
0.414705,0,0,0,0,0,0
0.416389,0,0,0,0,0,0
0.418121,0,0,0,0,0,0
0.419835,0,0,0,0,0,0
0.421701,0,0,0,0,0,0
0.423265,0,0,0,0,0,0
0.424741,0,0,0,0,0,0
0.426359,0,0,0,0,0,0
0.428102,0,0,0,0,0,0
0.430283,0,0,0,0,0,0
0.432020,0,0,0,0,0,0
0.433520,0,0,0,0,0,0
0.435018,0,0,0,0,0,0
0.436498,0,0,0,0,0,0
0.437978,0,0,0,0,0,0
0.439466,0,0,0,0,0,0
0.441140,0,0,0,0,0,0
0.442890,0,0,0,0,0,0
0.444679,0,0,0,0,0,0
0.446407,0,0,0,0,0,0
0.448134,0,0,0,0,0,0
0.449863,0,0,0,0,0,0
0.451590,0,0,0,0,0,0
0.453151,0,0,0,0,0,0
0.454840,0,0,0,0,0,0
0.456566,0,0,0,0,0,0
0.458294,0,0,0,0,0,0
0.460023,0,0,0,0,0,0
0.461754,0,0,0,0,0,0
0.463501,0,0,0,0,0,0
0.465226,0,0,0,0,0,0
0.466959,0,0,0,0,0,0
0.469718,0,0,0,0,0,0
0.471330,0,0,0,0,0,0
0.472841,0,0,0,0,0,0
0.474344,0,0,0,0,0,0
0.475917,0,0,0,0,0,0
0.477558,0,0,0,0,0,0
0.479071,0,0,0,0,0,0
0.480628,0,0,0,0,0,0
0.482298,0,0,0,0,0,0
0.483843,0,0,0,0,0,0
0.485434,0,0,0,0,0,0
0.487019,0,0,0,0,0,0
0.488579,0,0,0,0,0,0
0.490140,0,0,0,0,0,0
0.491627,0,0,0,0,0,0
0.493113,0,0,0,0,0,0
0.494757,0,0,0,0,0,0
0.496491,0,0,0,0,0,0
0.498180,0,0,0,0,0,0
0.499937,0,0,0,0,0,0
0.501758,0,0,0,0,0,0
0.503571,0,0,0,0,0,0
0.505541,0,0,0,0,0,0
0.507760,0,0,0,0,0,0
0.509395,0,0,0,0,0,0
0.511176,0,0,0,0,0,0
0.512993,0,0,0,0,0,0
0.514763,0,0,0,0,0,0
0.516620,0,0,0,0,0,0
0.518264,0,0,0,0,0,0
0.520043,0,0,0,0,0,0
0.521863,0,0,0,0,0,0
0.523735,0,0,0,0,0,0
0.525558,0,0,0,0,0,0
0.527377,0,0,0,0,0,0
0.529015,0,0,0,0,0,0
0.530946,0,0,0,0,0,0
0.532840,0,0,0,0,0,0
0.534606,0,0,0,0,0,0
0.536216,0,0,0,0,0,0
0.537787,0,0,0,0,0,0
0.539363,0,0,0,0,0,0
0.540991,0,0,0,0,0,0
0.542793,0,0,0,0,0,0
0.544820,0,0,0,0,0,0
0.546437,0,0,0,0,0,0
0.548216,0,0,0,0,0,0
0.549938,0,0,0,0,0,0
0.551719,0,0,0,0,0,0
0.553546,0,0,0,0,0,0
0.555371,0,0,0,0,0,0
0.557270,0,0,0,0,0,0
0.559102,0,0,0,0,0,0
0.560942,0,0,0,0,0,0
0.562715,0,0,0,0,0,0
0.564494,0,0,0,0,0,0
0.566127,0,0,0,0,0,0
0.567703,0,0,0,0,0,0
0.569482,0,0,0,0,0,0
0.571326,0,0,0,0,0,0
0.573226,0,0,0,0,0,0
0.575057,0,0,0,0,0,0
0.576876,0,0,0,0,0,0
0.578846,0,0,0,0,0,0
0.580745,0,0,0,0,0,0
0.582388,0,0,0,0,0,0
0.584170,0,0,0,0,0,0
0.585995,0,0,0,0,0,0
0.587818,0,0,0,0,0,0
0.589646,0,0,0,0,0,0
0.591455,0,0,0,0,0,0
0.593279,0,0,0,0,0,0
0.594900,0,0,0,0,0,0
0.596480,0,0,0,0,0,0
0.598283,0,0,0,0,0,0
0.600092,0,0,0,0,0,0
0.601745,0,0,0,0,0,0
0.603474,0,0,0,0,0,0
0.605368,0,0,0,0,0,0
0.607125,0,0,0,0,0,0
0.608901,0,0,0,0,0,0
0.610673,0,0,0,0,0,0
0.612450,0,0,0,0,0,0
0.614008,0,0,0,0,0,0
0.616114,0,0,0,0,0,0
0.617842,0,0,0,0,0,0
0.619570,0,0,0,0,0,0
0.621357,0,0,0,0,0,0
0.623215,0,0,0,0,0,0
0.624956,0,0,0,0,0,0
0.626757,0,0,0,0,0,0
0.628483,0,0,0,0,0,0
0.630023,0,0,0,0,0,0
0.631523,0,0,0,0,0,0
0.633206,0,0,0,0,0,0
0.634938,0,0,0,0,0,0
0.636503,0,0,0,0,0,0
0.638365,0,0,0,0,0,0
0.640185,0,0,0,0,0,0
0.642006,0,0,0,0,0,0
0.643616,0,0,0,0,0,0
0.645485,0,0,0,0,0,0
0.647130,0,0,0,0,0,0
0.648911,0,0,0,0,0,0
0.650693,0,0,0,0,0,0
0.652473,0,0,0,0,0,0
0.654103,0,0,0,0,0,0
0.655886,0,0,0,0,0,0
0.657531,0,0,0,0,0,0
0.659299,0,0,0,0,0,0
0.661182,0,0,0,0,0,0
0.662916,0,0,0,0,0,0
0.664488,0,0,0,0,0,0
0.666369,0,0,0,0,0,0
0.668233,0,0,0,0,0,0
0.670140,0,0,0,0,0,0
0.671964,0,0,0,0,0,0
0.673788,0,0,0,0,0,0
0.675609,0,0,0,0,0,0
0.677511,0,0,0,0,0,0
0.679150,0,0,0,0,0,0
0.680729,0,0,0,0,0,0
0.682383,0,0,0,0,0,0
0.683942,0,0,0,0,0,0
0.685949,0,0,0,0,0,0
0.687653,0,0,0,0,0,0
0.689870,0,0,0,0,0,0
0.692255,0,0,0,0,0,0
0.694074,0,0,0,0,0,0
0.695772,0,0,0,0,0,0
0.697329,0,0,0,0,0,0
0.698976,0,0,0,0,0,0
0.700643,0,0,0,0,0,0
0.702206,0,0,0,0,0,0
0.703764,0,0,0,0,0,0
0.705321,0,0,0,0,0,0
0.706846,0,0,0,0,0,0
0.708587,0,0,0,0,0,0
0.710153,0,0,0,0,0,0
0.711725,0,0,0,0,0,0
0.713280,0,0,0,0,0,0
0.714929,0,0,0,0,0,0
0.716485,0,0,0,0,0,0
0.718051,0,0,0,0,0,0
0.719808,0,0,0,0,0,0
0.721782,0,0,0,0,0,0
0.723931,0,0,0,0,0,0
0.725672,0,0,0,0,0,0
0.727460,0,0,0,0,0,0
0.729918,0,0,0,0,0,0
0.731613,0,0,0,0,0,0
0.733203,0,0,0,0,0,0
0.734887,0,0,0,0,0,0
0.736452,0,0,0,0,0,0
0.738020,0,0,0,0,0,0
0.739586,0,0,0,0,0,0
0.741219,0,0,0,0,0,0
0.742787,0,0,0,0,0,0
0.744556,0,0,0,0,0,0
0.746203,0,0,0,0,0,0
0.747984,0,0,0,0,0,0
0.749807,0,0,0,0,0,0
0.753246,0,0,0,0,0,0
0.754863,0,0,0,0,0,0
0.756467,0,0,0,0,0,0
0.758116,0,0,0,0,0,0
0.759681,0,0,0,0,0,0
0.761243,0,0,0,0,0,0
0.762811,0,0,0,0,0,0
0.764374,0,0,0,0,0,0
0.766011,0,0,0,0,0,0
0.767590,0,0,0,0,0,0
0.769154,0,0,0,0,0,0
0.770723,0,0,0,0,0,0
0.772286,0,0,0,0,0,0
0.774127,0,0,0,0,0,0
0.775746,0,0,0,0,0,0
0.777531,0,0,0,0,0,0
0.779158,0,0,0,0,0,0
0.781147,0,0,0,0,0,0
0.782897,0,0,0,0,0,0
0.784392,0,0,0,0,0,0
0.785905,0,0,0,0,0,0
0.787394,0,0,0,0,0,0
0.788935,0,0,0,0,0,0
0.791172,0,0,0,0,0,0
0.792680,0,0,0,0,0,0
0.794173,0,0,0,0,0,0
0.795671,0,0,0,0,0,0
0.797209,0,0,0,0,0,0
0.798827,0,0,0,0,0,0
0.800305,0,0,0,0,0,0
0.801800,0,0,0,0,0,0
0.803560,0,0,0,0,0,0
0.805688,0,0,0,0,0,0
0.807602,0,0,0,0,0,0
0.809200,0,0,0,0,0,0
0.810888,0,0,0,0,0,0
0.812465,0,0,0,0,0,0
0.814100,0,0,0,0,0,0
0.815874,0,0,0,0,0,0
0.817701,0,0,0,0,0,0
0.819521,0,0,0,0,0,0
0.821423,0,0,0,0,0,0
0.823267,0,0,0,0,0,0
0.825087,0,0,0,0,0,0
0.826915,0,0,0,0,0,0
0.828814,0,0,0,0,0,0
0.830637,0,0,0,0,0,0
0.832459,0,0,0,0,0,0
0.834303,0,0,0,0,0,0
0.836125,0,0,0,0,0,0
0.837949,0,0,0,0,0,0
0.839759,0,0,0,0,0,0
0.841712,0,0,0,0,0,0
0.843264,0,0,0,0,0,0
0.845168,0,0,0,0,0,0
0.846748,0,0,0,0,0,0
0.848318,0,0,0,0,0,0
0.849889,0,0,0,0,0,0
0.851457,0,0,0,0,0,0
0.853304,0,0,0,0,0,0
0.854936,0,0,0,0,0,0
0.856528,0,0,0,0,0,0
0.858306,0,0,0,0,0,0
0.860131,0,0,0,0,0,0
0.861954,0,0,0,0,0,0
0.863778,0,0,0,0,0,0
0.865605,0,0,0,0,0,0
0.867449,0,0,0,0,0,0
0.869349,0,0,0,0,0,0
0.871327,0,0,0,0,0,0
0.873145,0,0,0,0,0,0
0.874974,0,0,0,0,0,0
0.876874,0,0,0,0,0,0
0.878644,0,0,0,0,0,0
0.880426,0,0,0,0,0,0
0.882252,0,0,0,0,0,0
0.884063,0,0,0,0,0,0
0.886020,0,0,0,0,0,0
0.887807,0,0,0,0,0,0
0.889452,0,0,0,0,0,0
0.891235,0,0,0,0,0,0
0.893137,0,0,0,0,0,0
0.894966,0,0,0,0,0,0
0.896784,0,0,0,0,0,0
0.898607,0,0,0,0,0,0
0.900437,0,0,0,0,0,0
0.902360,0,0,0,0,0,0
0.904010,0,0,0,0,0,0
0.905810,0,0,0,0,0,0
0.907659,0,0,0,0,0,0
0.909283,0,0,0,0,0,0
0.911101,0,0,0,0,0,0
0.912923,0,0,0,0,0,0
0.914886,0,0,0,0,0,0
0.916771,0,0,0,0,0,0
0.918385,0,0,0,0,0,0
0.920164,0,0,0,0,0,0
0.922008,0,0,0,0,0,0
0.923830,0,0,0,0,0,0
0.925656,0,0,0,0,0,0
0.927478,0,0,0,0,0,0
0.929298,0,0,0,0,0,0
0.931122,0,0,0,0,0,0
0.933039,0,0,0,0,0,0
0.934869,0,0,0,0,0,0
0.936686,0,0,0,0,0,0
0.938507,0,0,0,0,0,0
0.940328,0,0,0,0,0,0
0.941878,0,0,0,0,0,0
0.943510,0,0,0,0,0,0
0.945288,0,0,0,0,0,0
0.947118,0,0,0,0,0,0
0.949017,0,0,0,0,0,0
0.950798,0,0,0,0,0,0
0.952576,0,0,0,0,0,0
0.954417,0,0,0,0,0,0
0.956242,0,0,0,0,0,0
0.958146,0,0,0,0,0,0
0.959952,0,0,0,0,0,0
0.961800,0,0,0,0,0,0
0.963413,0,0,0,0,0,0
0.965114,0,0,0,0,0,0
0.966852,0,0,0,0,0,0
0.968423,0,0,0,0,0,0
0.969995,0,0,0,0,0,0
0.971742,0,0,0,0,0,0
0.973568,0,0,0,0,0,0
0.975213,0,0,0,0,0,0
0.976995,0,0,0,0,0,0
0.978986,0,0,0,0,0,0
0.980944,0,0,0,0,0,0
0.982854,0,0,0,0,0,0
0.984675,0,0,0,0,0,0
0.986520,0,0,0,0,0,0
0.988342,0,0,0,0,0,0
0.990251,0,0,0,0,0,0
0.992076,0,0,0,0,0,0
0.993902,0,0,0,0,0,0
0.995726,0,0,0,0,0,0
0.997367,0,0,0,0,0,0
0.999287,0,0,0,0,0,0
1.001108,0,0,0,0,0,0
1.002939,0,0,0,0,0,0
1.004836,0,0,0,0,0,0
1.006451,0,0,0,0,0,0
1.008037,0,0,0,0,0,0
1.009602,0,0,0,0,0,0
1.011373,0,0,0,0,0,0
1.013180,0,0,0,0,0,0
1.014867,0,0,0,0,0,0
1.016438,0,0,0,0,0,0
1.018000,0,0,0,0,0,0
1.019575,0,0,0,0,0,0
1.021205,0,0,0,0,0,0
1.022876,0,0,0,0,0,0
1.024433,0,0,0,0,0,0
1.026038,0,0,0,0,0,0
1.027800,0,0,0,0,0,0
1.029616,0,0,0,0,0,0
1.031458,0,0,0,0,0,0
1.033276,0,0,0,0,0,0
1.035105,0,0,0,0,0,0
1.037004,0,0,0,0,0,0
1.038767,0,0,0,0,0,0
1.040543,0,0,0,0,0,0
1.042186,0,0,0,0,0,0
1.043967,0,0,0,0,0,0
1.045792,0,0,0,0,0,0
1.047615,0,0,0,0,0,0
1.049436,0,0,0,0,0,0
1.051257,0,0,0,0,0,0
1.053174,0,0,0,0,0,0
1.054860,0,0,0,0,0,0
1.056433,0,0,0,0,0,0
1.058209,0,0,0,0,0,0
1.060028,0,0,0,0,0,0
1.061847,0,0,0,0,0,0
1.063685,0,0,0,0,0,0
1.065491,0,0,0,0,0,0
1.067213,0,0,0,0,0,0
1.068823,0,0,0,0,0,0
1.070515,0,0,0,0,0,0
1.072247,0,0,0,0,0,0
1.073814,0,0,0,0,0,0
1.075503,0,0,0,0,0,0
1.077294,0,0,0,0,0,0
1.079023,0,0,0,0,0,0
1.080734,0,0,0,0,0,0
1.082443,0,0,0,0,0,0
1.084031,0,0,0,0,0,0
1.085947,0,0,0,0,0,0
1.087670,0,0,0,0,0,0
1.089493,0,0,0,0,0,0
1.091269,0,0,0,0,0,0
1.093166,0,0,0,0,0,0
1.094750,0,0,0,0,0,0
1.096320,0,0,0,0,0,0
1.098091,0,0,0,0,0,0
1.099913,0,0,0,0,0,0
1.101741,0,0,0,0,0,0
1.103564,0,0,0,0,0,0
1.105205,0,0,0,0,0,0
1.107002,0,0,0,0,0,0
1.108896,0,0,0,0,0,0
1.110661,0,0,0,0,0,0
1.112452,0,0,0,0,0,0
1.114279,0,0,0,0,0,0
1.116126,0,0,0,0,0,0
1.117952,0,0,0,0,0,0
1.119780,0,0,0,0,0,0
1.121753,0,0,0,0,0,0
1.123478,0,0,0,0,0,0
1.125140,0,0,0,0,0,0
1.126739,0,0,0,0,0,0
1.128310,0,0,0,0,0,0
1.129881,0,0,0,0,0,0
1.131450,0,0,0,0,0,0
1.133299,0,0,0,0,0,0
1.135122,0,0,0,0,0,0
1.136764,0,0,0,0,0,0
1.138548,0,0,0,0,0,0
1.140510,0,0,0,0,0,0
1.142879,0,0,0,0,0,0
1.144548,0,0,0,0,0,0
1.146103,0,0,0,0,0,0
1.147759,0,0,0,0,0,0
1.149456,0,0,0,0,0,0
1.151050,0,0,0,0,0,0
1.153877,0,0,0,0,0,0
1.156410,0,0,0,0,0,0
1.158086,0,0,0,0,0,0
1.159657,0,0,0,0,0,0
1.161215,0,0,0,0,0,0
1.162793,0,0,0,0,0,0
1.164360,0,0,0,0,0,0
1.165994,0,0,0,0,0,0
1.167554,0,0,0,0,0,0
1.169126,0,0,0,0,0,0
1.170775,0,0,0,0,0,0
1.172333,0,0,0,0,0,0
1.173905,0,0,0,0,0,0
1.175472,0,0,0,0,0,0
1.177037,0,0,0,0,0,0
1.178873,0,0,0,0,0,0
1.180790,0,0,0,0,0,0
1.182612,0,0,0,0,0,0
1.184431,0,0,0,0,0,0
1.186254,0,0,0,0,0,0
1.188075,0,0,0,0,0,0
1.189897,0,0,0,0,0,0
1.191539,0,0,0,0,0,0
1.193314,0,0,0,0,0,0
1.195098,0,0,0,0,0,0
1.196786,0,0,0,0,0,0
1.198559,0,0,0,0,0,0
1.200382,0,0,0,0,0,0
1.202306,0,0,0,0,0,0
1.204024,0,0,0,0,0,0
1.205613,0,0,0,0,0,0
1.207337,0,0,0,0,0,0
1.208911,0,0,0,0,0,0
1.210574,0,0,0,0,0,0
1.212158,0,0,0,0,0,0
1.213732,0,0,0,0,0,0
1.215302,0,0,0,0,0,0
1.216868,0,0,0,0,0,0
1.218440,0,0,0,0,0,0
1.220007,0,0,0,0,0,0
1.221859,0,0,0,0,0,0
1.223503,0,0,0,0,0,0
1.225285,0,0,0,0,0,0
1.227118,0,0,0,0,0,0
1.229018,0,0,0,0,0,0
1.230996,0,0,0,0,0,0
1.232818,0,0,0,0,0,0
1.234456,0,0,0,0,0,0
1.236239,0,0,0,0,0,0
1.238145,0,0,0,0,0,0
1.239970,0,0,0,0,0,0
1.241799,0,0,0,0,0,0
1.243625,0,0,0,0,0,0
1.245269,0,0,0,0,0,0
1.247059,0,0,0,0,0,0
1.248880,0,0,0,0,0,0
1.250642,0,0,0,0,0,0
1.252425,0,0,0,0,0,0
1.254334,0,0,0,0,0,0
1.255980,0,0,0,0,0,0
1.257769,0,0,0,0,0,0
1.259581,0,0,0,0,0,0
1.261629,0,0,0,0,0,0
1.263423,0,0,0,0,0,0
1.265013,0,0,0,0,0,0
1.266674,0,0,0,0,0,0
1.268448,0,0,0,0,0,0
1.270354,0,0,0,0,0,0
1.272179,0,0,0,0,0,0
1.273867,0,0,0,0,0,0
1.275653,0,0,0,0,0,0
1.277482,0,0,0,0,0,0
1.279298,0,0,0,0,0,0
1.281118,0,0,0,0,0,0
1.282945,0,0,0,0,0,0
1.284691,0,0,0,0,0,0
1.286281,0,0,0,0,0,0
1.287881,0,0,0,0,0,0
1.289663,0,0,0,0,0,0
1.291486,0,0,0,0,0,0
1.293537,0,0,0,0,0,0
1.295244,0,0,0,0,0,0
1.296817,0,0,0,0,0,0
1.298400,0,0,0,0,0,0
1.300176,0,0,0,0,0,0
1.302082,0,0,0,0,0,0
1.303902,0,0,0,0,0,0
1.305727,0,0,0,0,0,0
1.307473,0,0,0,0,0,0
1.309159,0,0,0,0,0,0
1.310901,0,0,0,0,0,0
1.312469,0,0,0,0,0,0
1.314033,0,0,0,0,0,0
1.315603,0,0,0,0,0,0
1.317460,0,0,0,0,0,0
1.319096,0,0,0,0,0,0
1.320674,0,0,0,0,0,0
1.322487,0,0,0,0,0,0
1.324146,0,0,0,0,0,0
1.326029,0,0,0,0,0,0
1.327697,0,0,0,0,0,0
1.329503,0,0,0,0,0,0
1.331329,0,0,0,0,0,0
1.333230,0,0,0,0,0,0
1.335062,0,0,0,0,0,0
1.336883,0,0,0,0,0,0
1.338666,0,0,0,0,0,0
1.340259,0,0,0,0,0,0
1.341912,0,0,0,0,0,0
1.343482,0,0,0,0,0,0
1.345050,0,0,0,0,0,0
1.346762,0,0,0,0,0,0
1.348535,0,0,0,0,0,0
1.350366,0,0,0,0,0,0
1.352011,0,0,0,0,0,0
1.353798,0,0,0,0,0,0
1.355616,0,0,0,0,0,0
1.357477,0,0,0,0,0,0
1.359301,0,0,0,0,0,0
1.361122,0,0,0,0,0,0
1.362775,0,0,0,0,0,0
1.364636,0,0,0,0,0,0
1.366461,0,0,0,0,0,0
1.368285,0,0,0,0,0,0
1.370112,0,0,0,0,0,0
1.371938,0,0,0,0,0,0
1.373581,0,0,0,0,0,0
1.375364,0,0,0,0,0,0
1.377094,0,0,0,0,0,0
1.378939,0,0,0,0,0,0
1.380626,0,0,0,0,0,0
1.382195,0,0,0,0,0,0
1.383888,0,0,0,0,0,0
1.385456,0,0,0,0,0,0
1.387053,0,0,0,0,0,0
1.388678,0,0,0,0,0,0
1.390222,0,0,0,0,0,0
1.391740,0,0,0,0,0,0
1.393257,0,0,0,0,0,0
1.394903,0,0,0,0,0,0
1.396419,0,0,0,0,0,0
1.397984,0,0,0,0,0,0
1.399760,0,0,0,0,0,0
1.401589,0,0,0,0,0,0
1.403417,0,0,0,0,0,0
1.405138,0,0,0,0,0,0
1.406931,0,0,0,0,0,0
1.408754,0,0,0,0,0,0
1.410581,0,0,0,0,0,0
1.412409,0,0,0,0,0,0
1.414318,0,0,0,0,0,0
1.416166,0,0,0,0,0,0
1.417994,0,0,0,0,0,0
1.419822,0,0,0,0,0,0
1.421656,0,0,0,0,0,0
1.423483,0,0,0,0,0,0
1.425309,0,0,0,0,0,0
1.427078,0,0,0,0,0,0
1.428927,0,0,0,0,0,0
1.430845,0,0,0,0,0,0
1.432644,0,0,0,0,0,0
1.434363,0,0,0,0,0,0
1.436032,0,0,0,0,0,0
1.437631,0,0,0,0,0,0
1.439267,0,0,0,0,0,0
1.440900,0,0,0,0,0,0
1.442397,0,0,0,0,0,0
1.444166,0,0,0,0,0,0
1.446071,0,0,0,0,0,0
1.447714,0,0,0,0,0,0
1.449502,0,0,0,0,0,0
1.451327,0,0,0,0,0,0
1.453230,0,0,0,0,0,0
1.455063,0,0,0,0,0,0
1.456885,0,0,0,0,0,0
1.458861,0,0,0,0,0,0
1.460763,0,0,0,0,0,0
1.462587,0,0,0,0,0,0
1.464410,0,0,0,0,0,0
1.466341,0,0,0,0,0,0
1.468165,0,0,0,0,0,0
1.469895,0,0,0,0,0,0
1.471681,0,0,0,0,0,0
1.473507,0,0,0,0,0,0
1.475333,0,0,0,0,0,0
1.477236,0,0,0,0,0,0
1.479069,0,0,0,0,0,0
1.480910,0,0,0,0,0,0
1.482890,0,0,0,0,0,0
1.484791,0,0,0,0,0,0
1.486614,0,0,0,0,0,0
1.488239,0,0,0,0,0,0
1.490029,0,0,0,0,0,0
1.491677,0,0,0,0,0,0
1.493469,0,0,0,0,0,0
1.495283,0,0,0,0,0,0
1.497092,0,0,0,0,0,0
1.498895,0,0,0,0,0,0
1.500939,0,0,0,0,0,0
1.502808,0,0,0,0,0,0
1.504582,0,0,0,0,0,0
1.506405,0,0,0,0,0,0
1.508231,0,0,0,0,0,0
1.510136,0,0,0,0,0,0
1.511746,0,0,0,0,0,0
1.513559,0,0,0,0,0,0
1.515481,0,0,0,0,0,0
1.517532,0,0,0,0,0,0
1.519163,0,0,0,0,0,0
1.520740,0,0,0,0,0,0
1.522614,0,0,0,0,0,0
1.524257,0,0,0,0,0,0
1.526121,0,0,0,0,0,0
1.527944,0,0,0,0,0,0
1.529769,0,0,0,0,0,0
1.531590,0,0,0,0,0,0
1.533489,0,0,0,0,0,0
1.535486,0,0,0,0,0,0
1.537192,0,0,0,0,0,0
1.538789,0,0,0,0,0,0
1.540274,0,0,0,0,0,0
1.541821,0,0,0,0,0,0
1.543487,0,0,0,0,0,0
1.545201,0,0,0,0,0,0
1.546805,0,0,0,0,0,0
1.548304,0,0,0,0,0,0
1.550055,0,0,0,0,0,0
1.551789,0,0,0,0,0,0
1.553525,0,0,0,0,0,0
1.555241,0,0,0,0,0,0
1.557022,0,0,0,0,0,0
1.558706,0,0,0,0,0,0
1.560228,0,0,0,0,0,0
1.562029,0,0,0,0,0,0
1.563889,0,0,0,0,0,0
1.565595,0,0,0,0,0,0
1.567376,0,0,0,0,0,0
1.569218,0,0,0,0,0,0
1.571050,0,0,0,0,0,0
1.572952,0,0,0,0,0,0
1.574930,0,0,0,0,0,0
1.576754,0,0,0,0,0,0
1.578577,0,0,0,0,0,0
1.580223,0,0,0,0,0,0
1.582093,0,0,0,0,0,0
1.583919,0,0,0,0,0,0
1.585746,0,0,0,0,0,0
1.587573,0,0,0,0,0,0
1.589479,0,0,0,0,0,0
1.591327,0,0,0,0,0,0
1.593152,0,0,0,0,0,0
1.594978,0,0,0,0,0,0
1.596882,0,0,0,0,0,0
1.598661,0,0,0,0,0,0
1.600442,0,0,0,0,0,0
1.602091,0,0,0,0,0,0
1.603878,0,0,0,0,0,0
1.605710,0,0,0,0,0,0
1.607537,0,0,0,0,0,0
1.609359,0,0,0,0,0,0
1.611338,0,0,0,0,0,0
1.613259,0,0,0,0,0,0
1.615083,0,0,0,0,0,0
1.616890,0,0,0,0,0,0
1.618716,0,0,0,0,0,0
1.620482,0,0,0,0,0,0
1.622108,0,0,0,0,0,0
1.623903,0,0,0,0,0,0
1.625728,0,0,0,0,0,0
1.627552,0,0,0,0,0,0
1.629454,0,0,0,0,0,0
1.631080,0,0,0,0,0,0
1.632863,0,0,0,0,0,0
1.634833,0,0,0,0,0,0
1.636449,0,0,0,0,0,0
1.638095,0,0,0,0,0,0
1.639669,0,0,0,0,0,0
1.641237,0,0,0,0,0,0
1.642907,0,0,0,0,0,0
1.644491,0,0,0,0,0,0
1.646066,0,0,0,0,0,0
1.647627,0,0,0,0,0,0
1.649186,0,0,0,0,0,0
1.650856,0,0,0,0,0,0
1.652707,0,0,0,0,0,0
1.654530,0,0,0,0,0,0
1.656370,0,0,0,0,0,0
1.660697,0,0,0,0,0,0
1.662288,0,0,0,0,0,0
1.663851,0,0,0,0,0,0
1.665480,0,0,0,0,0,0
1.667076,0,0,0,0,0,0
1.668834,0,0,0,0,0,0
1.670639,0,0,0,0,0,0
1.672155,0,0,0,0,0,0
1.673673,0,0,0,0,0,0
1.675218,0,0,0,0,0,0
1.676809,0,0,0,0,0,0
1.678633,0,0,0,0,0,0
1.680295,0,0,0,0,0,0
1.682084,0,0,0,0,0,0
1.683651,0,0,0,0,0,0
1.685466,0,0,0,0,0,0
1.687113,0,0,0,0,0,0
1.688695,0,0,0,0,0,0
1.690267,0,0,0,0,0,0
1.691835,0,0,0,0,0,0
1.693471,0,0,0,0,0,0
1.695015,0,0,0,0,0,0
1.696589,0,0,0,0,0,0
1.698160,0,0,0,0,0,0
1.699743,0,0,0,0,0,0
1.701463,0,0,0,0,0,0
1.703106,0,0,0,0,0,0
1.704875,0,0,0,0,0,0
1.706774,0,0,0,0,0,0
1.708676,0,0,0,0,0,0
1.710320,0,0,0,0,0,0
1.712034,0,0,0,0,0,0
1.713692,0,0,0,0,0,0
1.715526,0,0,0,0,0,0
1.717483,0,0,0,0,0,0
1.719181,0,0,0,0,0,0
1.720814,0,0,0,0,0,0
1.722386,0,0,0,0,0,0
1.723952,0,0,0,0,0,0
1.725590,0,0,0,0,0,0
1.727158,0,0,0,0,0,0
1.728724,0,0,0,0,0,0
1.730497,0,0,0,0,0,0
1.732142,0,0,0,0,0,0
1.733926,0,0,0,0,0,0
1.735589,0,0,0,0,0,0
1.737164,0,0,0,0,0,0
1.738841,0,0,0,0,0,0
1.740408,0,0,0,0,0,0
1.742075,0,0,0,0,0,0
1.743657,0,0,0,0,0,0
1.745432,0,0,0,0,0,0
1.747255,0,0,0,0,0,0
1.749154,0,0,0,0,0,0
1.751051,0,0,0,0,0,0
1.752743,0,0,0,0,0,0
1.754355,0,0,0,0,0,0
1.755930,0,0,0,0,0,0
1.757577,0,0,0,0,0,0
1.759146,0,0,0,0,0,0
1.760713,0,0,0,0,0,0
1.762280,0,0,0,0,0,0
1.764053,0,0,0,0,0,0
1.765970,0,0,0,0,0,0
1.767795,0,0,0,0,0,0
1.769618,0,0,0,0,0,0
1.771248,0,0,0,0,0,0
1.773116,0,0,0,0,0,0
1.774949,0,0,0,0,0,0
1.776593,0,0,0,0,0,0
1.778377,0,0,0,0,0,0
1.780204,0,0,0,0,0,0
1.782111,0,0,0,0,0,0
1.783741,0,0,0,0,0,0
1.785531,0,0,0,0,0,0
1.787377,0,0,0,0,0,0
1.789280,0,0,0,0,0,0
1.791113,0,0,0,0,0,0
1.792936,0,0,0,0,0,0
1.794713,0,0,0,0,0,0
1.796483,0,0,0,0,0,0
1.798332,0,0,0,0,0,0
1.799995,0,0,0,0,0,0
1.802027,0,0,0,0,0,0
1.803847,0,0,0,0,0,0
1.805678,0,0,0,0,0,0
1.807505,0,0,0,0,0,0
1.809350,0,0,0,0,0,0
1.811322,0,0,0,0,0,0
1.813224,0,0,0,0,0,0
1.815058,0,0,0,0,0,0
1.816881,0,0,0,0,0,0
1.818847,0,0,0,0,0,0
1.820490,0,0,0,0,0,0
1.822064,0,0,0,0,0,0
1.823843,0,0,0,0,0,0
1.825667,0,0,0,0,0,0
1.827493,0,0,0,0,0,0
1.829549,0,0,0,0,0,0
1.831402,0,0,0,0,0,0
1.833224,0,0,0,0,0,0
1.835059,0,0,0,0,0,0
1.836959,0,0,0,0,0,0
1.838722,0,0,0,0,0,0
1.840504,0,0,0,0,0,0
1.842155,0,0,0,0,0,0
1.843944,0,0,0,0,0,0
1.845776,0,0,0,0,0,0
1.847603,0,0,0,0,0,0
1.849432,0,0,0,0,0,0
1.851259,0,0,0,0,0,0
1.853180,0,0,0,0,0,0
1.854817,0,0,0,0,0,0
1.856385,0,0,0,0,0,0
1.857950,0,0,0,0,0,0
1.859822,0,0,0,0,0,0
1.861711,0,0,0,0,0,0
1.863451,0,0,0,0,0,0
1.865236,0,0,0,0,0,0
1.867070,0,0,0,0,0,0
1.868946,0,0,0,0,0,0
1.870723,0,0,0,0,0,0
1.872303,0,0,0,0,0,0
1.873896,0,0,0,0,0,0
1.875470,0,0,0,0,0,0
1.877116,0,0,0,0,0,0
1.878898,0,0,0,0,0,0
1.880721,0,0,0,0,0,0
1.882547,0,0,0,0,0,0
1.884194,0,0,0,0,0,0
1.886063,0,0,0,0,0,0
1.887890,0,0,0,0,0,0
1.889717,0,0,0,0,0,0
1.891543,0,0,0,0,0,0
1.893448,0,0,0,0,0,0
1.895295,0,0,0,0,0,0
1.897118,0,0,0,0,0,0
1.898951,0,0,0,0,0,0
1.900852,0,0,0,0,0,0
1.902466,0,0,0,0,0,0
1.904167,0,0,0,0,0,0
1.905740,0,0,0,0,0,0
1.907512,0,0,0,0,0,0
1.909124,0,0,0,0,0,0
1.910818,0,0,0,0,0,0
1.912793,0,0,0,0,0,0
1.914355,0,0,0,0,0,0
1.915814,0,0,0,0,0,0
1.917309,0,0,0,0,0,0
1.918804,0,0,0,0,0,0
1.920292,0,0,0,0,0,0
1.921903,0,0,0,0,0,0
1.924392,0,0,0,0,0,0
1.926063,0,0,0,0,0,0
1.927637,0,0,0,0,0,0
1.929207,0,0,0,0,0,0
1.930820,0,0,0,0,0,0
1.932391,0,0,0,0,0,0
1.934236,0,0,0,0,0,0
1.935860,0,0,0,0,0,0
1.937667,0,0,0,0,0,0
1.939480,0,0,0,0,0,0
1.941367,0,0,0,0,0,0
1.943173,0,0,0,0,0,0
1.944750,0,0,0,0,0,0
1.946529,0,0,0,0,0,0
1.948171,0,0,0,0,0,0
1.949956,0,0,0,0,0,0
1.951777,0,0,0,0,0,0
1.953603,0,0,0,0,0,0
1.955426,0,0,0,0,0,0
1.957325,0,0,0,0,0,0
1.958994,0,0,0,0,0,0
1.960566,0,0,0,0,0,0
1.962539,0,0,0,0,0,0
1.964112,0,0,0,0,0,0
1.965697,0,0,0,0,0,0
1.967260,0,0,0,0,0,0
1.968819,0,0,0,0,0,0
1.970398,0,0,0,0,0,0
1.972177,0,0,0,0,0,0
1.974087,0,0,0,0,0,0
1.975899,0,0,0,0,0,0
1.977742,0,0,0,0,0,0
1.979512,0,0,0,0,0,0
1.981195,0,0,0,0,0,0
1.982765,0,0,0,0,0,0
1.984335,0,0,0,0,0,0
1.985907,0,0,0,0,0,0
1.987678,0,0,0,0,0,0
1.989506,0,0,0,0,0,0
1.991151,0,0,0,0,0,0
1.992932,0,0,0,0,0,0
1.994902,0,0,0,0,0,0
1.996802,0,0,0,0,0,0
1.998625,0,0,0,0,0,0
2.000452,0,0,0,0,0,0
2.002124,0,0,0,0,0,0
2.003937,0,0,0,0,0,0
2.005764,0,0,0,0,0,0
2.007622,0,0,0,0,0,0
2.009347,0,0,0,0,0,0
2.010904,0,0,0,0,0,0
2.012676,0,0,0,0,0,0
2.014406,0,0,0,0,0,0
2.016137,0,0,0,0,0,0
2.017871,0,0,0,0,0,0
2.019604,0,0,0,0,0,0
2.021532,0,0,0,0,0,0
2.023045,0,0,0,0,0,0
2.024545,0,0,0,0,0,0
2.026232,0,0,0,0,0,0
2.027964,0,0,0,0,0,0
2.029702,0,0,0,0,0,0
2.031435,0,0,0,0,0,0
2.033177,0,0,0,0,0,0
2.034818,0,0,0,0,0,0
2.036385,0,0,0,0,0,0
2.038158,0,0,0,0,0,0
2.039859,0,0,0,0,0,0
2.041541,0,0,0,0,0,0
2.043401,0,0,0,0,0,0
2.045322,0,0,0,0,0,0
2.047178,0,0,0,0,0,0
2.048796,0,0,0,0,0,0
2.050578,0,0,0,0,0,0
2.052404,0,0,0,0,0,0
2.054311,0,0,0,0,0,0
2.055959,0,0,0,0,0,0
2.057747,0,0,0,0,0,0
2.059572,0,0,0,0,0,0
2.061479,0,0,0,0,0,0
2.063304,0,0,0,0,0,0
2.065126,0,0,0,0,0,0
2.066979,0,0,0,0,0,0
2.068881,0,0,0,0,0,0
2.070637,0,0,0,0,0,0
2.072419,0,0,0,0,0,0
2.074243,0,0,0,0,0,0
2.076068,0,0,0,0,0,0
2.077794,0,0,0,0,0,0
2.079581,0,0,0,0,0,0
2.081560,0,0,0,0,0,0
2.083398,0,0,0,0,0,0
2.085296,0,0,0,0,0,0
2.087123,0,0,0,0,0,0
2.088967,0,0,0,0,0,0
2.090946,0,0,0,0,0,0
2.092845,0,0,0,0,0,0
2.094662,0,0,0,0,0,0
2.096472,0,0,0,0,0,0
2.098088,0,0,0,0,0,0
2.099704,0,0,0,0,0,0
2.101533,0,0,0,0,0,0
2.103168,0,0,0,0,0,0
2.104948,0,0,0,0,0,0
2.106714,0,0,0,0,0,0
2.108491,0,0,0,0,0,0
2.110146,0,0,0,0,0,0
2.111720,0,0,0,0,0,0
2.113763,0,0,0,0,0,0
2.115399,0,0,0,0,0,0
2.117038,0,0,0,0,0,0
2.118675,0,0,0,0,0,0
2.120259,0,0,0,0,0,0
2.121831,0,0,0,0,0,0
2.123602,0,0,0,0,0,0
2.125226,0,0,0,0,0,0
2.127017,0,0,0,0,0,0
2.128839,0,0,0,0,0,0
2.130815,0,0,0,0,0,0
2.132718,0,0,0,0,0,0
2.134546,0,0,0,0,0,0
2.136374,0,0,0,0,0,0
2.138203,0,0,0,0,0,0
2.140029,0,0,0,0,0,0
2.141752,0,0,0,0,0,0
2.143539,0,0,0,0,0,0
2.145363,0,0,0,0,0,0
2.147342,0,0,0,0,0,0
2.149246,0,0,0,0,0,0
2.151079,0,0,0,0,0,0
2.152923,0,0,0,0,0,0
2.154680,0,0,0,0,0,0
2.156448,0,0,0,0,0,0
2.158331,0,0,0,0,0,0
2.159993,0,0,0,0,0,0
2.161884,0,0,0,0,0,0
2.163539,0,0,0,0,0,0
2.165121,0,0,0,0,0,0
2.166902,0,0,0,0,0,0
2.168726,0,0,0,0,0,0
2.170551,0,0,0,0,0,0
2.172381,0,0,0,0,0,0
2.174310,0,0,0,0,0,0
2.176137,0,0,0,0,0,0
2.177966,0,0,0,0,0,0
2.179792,0,0,0,0,0,0
2.181624,0,0,0,0,0,0
2.183454,0,0,0,0,0,0
2.185097,0,0,0,0,0,0
2.186886,0,0,0,0,0,0
2.188788,0,0,0,0,0,0
2.190615,0,0,0,0,0,0
2.192442,0,0,0,0,0,0
2.194272,0,0,0,0,0,0
2.196119,0,0,0,0,0,0
2.197950,0,0,0,0,0,0
2.199776,0,0,0,0,0,0
2.201604,0,0,0,0,0,0
2.203429,0,0,0,0,0,0
2.205332,0,0,0,0,0,0
2.207114,0,0,0,0,0,0
2.208691,0,0,0,0,0,0
2.210473,0,0,0,0,0,0
2.212301,0,0,0,0,0,0
2.214157,0,0,0,0,0,0
2.215968,0,0,0,0,0,0
2.217693,0,0,0,0,0,0
2.219411,0,0,0,0,0,0
2.221324,0,0,0,0,0,0
2.223007,0,0,0,0,0,0
2.224584,0,0,0,0,0,0
2.226364,0,0,0,0,0,0
2.227999,0,0,0,0,0,0
2.229604,0,0,0,0,0,0
2.231433,0,0,0,0,0,0
2.233258,0,0,0,0,0,0
2.235092,0,0,0,0,0,0
2.237002,0,0,0,0,0,0
2.238998,0,0,0,0,0,0
2.240821,0,0,0,0,0,0
2.242644,0,0,0,0,0,0
2.244467,0,0,0,0,0,0
2.246097,0,0,0,0,0,0
2.247704,0,0,0,0,0,0
2.249293,0,0,0,0,0,0
2.250869,0,0,0,0,0,0
2.252436,0,0,0,0,0,0
2.254074,0,0,0,0,0,0
2.255641,0,0,0,0,0,0
2.257523,0,0,0,0,0,0
2.259348,0,0,0,0,0,0
2.261271,0,0,0,0,0,0
2.263105,0,0,0,0,0,0
2.264925,0,0,0,0,0,0
2.266932,0,0,0,0,0,0
2.268811,0,0,0,0,0,0
2.270642,0,0,0,0,0,0
2.272246,0,0,0,0,0,0
2.274267,0,0,0,0,0,0
2.275970,0,0,0,0,0,0
2.277704,0,0,0,0,0,0
2.279416,0,0,0,0,0,0
2.280970,0,0,0,0,0,0
2.282726,0,0,0,0,0,0
2.284294,0,0,0,0,0,0
2.286052,0,0,0,0,0,0
2.287614,0,0,0,0,0,0
2.289181,0,0,0,0,0,0
2.290892,0,0,0,0,0,0
2.292732,0,0,0,0,0,0
2.294370,0,0,0,0,0,0
2.296155,0,0,0,0,0,0
2.297984,0,0,0,0,0,0
2.299808,0,0,0,0,0,0
2.301639,0,0,0,0,0,0
2.303464,0,0,0,0,0,0
2.305309,0,0,0,0,0,0
2.307002,0,0,0,0,0,0
2.308841,0,0,0,0,0,0
2.310420,0,0,0,0,0,0
2.311983,0,0,0,0,0,0
2.313634,0,0,0,0,0,0
2.315459,0,0,0,0,0,0
2.317097,0,0,0,0,0,0
2.318711,0,0,0,0,0,0
2.320281,0,0,0,0,0,0
2.321854,0,0,0,0,0,0
2.323626,0,0,0,0,0,0
2.325324,0,0,0,0,0,0
2.327282,0,0,0,0,0,0
2.329111,0,0,0,0,0,0
2.330942,0,0,0,0,0,0
2.332844,0,0,0,0,0,0
2.334463,0,0,0,0,0,0
2.336234,0,0,0,0,0,0
2.337867,0,0,0,0,0,0
2.339848,0,0,0,0,0,0
2.341733,0,0,0,0,0,0
2.343653,0,0,0,0,0,0
2.345479,0,0,0,0,0,0
2.347301,0,0,0,0,0,0
2.349219,0,0,0,0,0,0
2.351047,0,0,0,0,0,0
2.352889,0,0,0,0,0,0
2.354860,0,0,0,0,0,0
2.356415,0,0,0,0,0,0
2.358193,0,0,0,0,0,0
2.359839,0,0,0,0,0,0
2.361626,0,0,0,0,0,0
2.363452,0,0,0,0,0,0
2.365352,0,0,0,0,0,0
2.367329,0,0,0,0,0,0
2.369149,0,0,0,0,0,0
2.370998,0,0,0,0,0,0
2.372897,0,0,0,0,0,0
2.374451,0,0,0,0,0,0
2.376132,0,0,0,0,0,0
2.377677,0,0,0,0,0,0
2.379365,0,0,0,0,0,0
2.380951,0,0,0,0,0,0
2.382663,0,0,0,0,0,0
2.384490,0,0,0,0,0,0
2.386317,0,0,0,0,0,0
2.388142,0,0,0,0,0,0
2.389962,0,0,0,0,0,0
2.391802,0,0,0,0,0,0
2.393624,0,0,0,0,0,0
2.395437,0,0,0,0,0,0
2.397323,0,0,0,0,0,0
2.399047,0,0,0,0,0,0
2.400592,0,0,0,0,0,0
2.402188,0,0,0,0,0,0
2.403967,0,0,0,0,0,0
2.405796,0,0,0,0,0,0
2.407624,0,0,0,0,0,0
2.409455,0,0,0,0,0,0
2.411280,0,0,0,0,0,0
2.413200,0,0,0,0,0,0
2.415034,0,0,0,0,0,0
2.416856,0,0,0,0,0,0
2.418624,0,0,0,0,0,0
2.420417,0,0,0,0,0,0
2.422012,0,0,0,0,0,0
2.423611,0,0,0,0,0,0
2.425607,0,0,0,0,0,0
2.427413,0,0,0,0,0,0
2.429299,0,0,0,0,0,0
2.431003,0,0,0,0,0,0
2.432785,0,0,0,0,0,0
2.434427,0,0,0,0,0,0
2.436211,0,0,0,0,0,0
2.438115,0,0,0,0,0,0
2.439943,0,0,0,0,0,0
2.441772,0,0,0,0,0,0
2.443597,0,0,0,0,0,0
2.445321,0,0,0,0,0,0
2.447116,0,0,0,0,0,0
2.448938,0,0,0,0,0,0
2.450904,0,0,0,0,0,0
2.452793,0,0,0,0,0,0
2.454402,0,0,0,0,0,0
2.456190,0,0,0,0,0,0
2.457871,0,0,0,0,0,0
2.459593,0,0,0,0,0,0
2.461507,0,0,0,0,0,0
2.463233,0,0,0,0,0,0
2.465012,0,0,0,0,0,0
2.466809,0,0,0,0,0,0
2.468667,0,0,0,0,0,0
2.470488,0,0,0,0,0,0
2.472309,0,0,0,0,0,0
2.474133,0,0,0,0,0,0
2.475957,0,0,0,0,0,0
2.477603,0,0,0,0,0,0
2.479387,0,0,0,0,0,0
2.481207,0,0,0,0,0,0
2.483035,0,0,0,0,0,0
2.484934,0,0,0,0,0,0
2.486904,0,0,0,0,0,0
2.488545,0,0,0,0,0,0
2.490333,0,0,0,0,0,0
2.492156,0,0,0,0,0,0
2.493982,0,0,0,0,0,0
2.495807,0,0,0,0,0,0
2.497633,0,0,0,0,0,0
2.499278,0,0,0,0,0,0
2.501140,0,0,0,0,0,0
2.502971,0,0,0,0,0,0
2.504793,0,0,0,0,0,0
2.506617,0,0,0,0,0,0
2.508443,0,0,0,0,0,0
2.510170,0,0,0,0,0,0
2.511953,0,0,0,0,0,0
2.513779,0,0,0,0,0,0
2.515398,0,0,0,0,0,0
2.517288,0,0,0,0,0,0
2.518953,0,0,0,0,0,0
2.521061,0,0,0,0,0,0
2.522697,0,0,0,0,0,0
2.524499,0,0,0,0,0,0
2.526333,0,0,0,0,0,0
2.527954,0,0,0,0,0,0
2.529737,0,0,0,0,0,0
2.531384,0,0,0,0,0,0
2.533240,0,0,0,0,0,0
2.535067,0,0,0,0,0,0
2.536719,0,0,0,0,0,0
2.538294,0,0,0,0,0,0
2.540060,0,0,0,0,0,0
2.541767,0,0,0,0,0,0
2.543554,0,0,0,0,0,0
2.545533,0,0,0,0,0,0
2.547357,0,0,0,0,0,0
2.549259,0,0,0,0,0,0
2.551093,0,0,0,0,0,0
2.552737,0,0,0,0,0,0
2.554525,0,0,0,0,0,0
2.556353,0,0,0,0,0,0
2.558262,0,0,0,0,0,0
2.560090,0,0,0,0,0,0
2.561920,0,0,0,0,0,0
2.563767,0,0,0,0,0,0
2.565599,0,0,0,0,0,0
2.567425,0,0,0,0,0,0
2.569249,0,0,0,0,0,0
2.571084,0,0,0,0,0,0
2.572987,0,0,0,0,0,0
2.574748,0,0,0,0,0,0
2.576518,0,0,0,0,0,0
2.578332,0,0,0,0,0,0
2.579994,0,0,0,0,0,0
2.581882,0,0,0,0,0,0
2.583721,0,0,0,0,0,0
2.585360,0,0,0,0,0,0
2.586957,0,0,0,0,0,0
2.588605,0,0,0,0,0,0
2.590380,0,0,0,0,0,0
2.592203,0,0,0,0,0,0
2.594032,0,0,0,0,0,0
2.595677,0,0,0,0,0,0
2.597467,0,0,0,0,0,0
2.599294,0,0,0,0,0,0
2.601115,0,0,0,0,0,0
2.602947,0,0,0,0,0,0
2.604848,0,0,0,0,0,0
2.606809,0,0,0,0,0,0
2.608633,0,0,0,0,0,0
2.610456,0,0,0,0,0,0
2.612280,0,0,0,0,0,0
2.614187,0,0,0,0,0,0
2.616012,0,0,0,0,0,0
2.617660,0,0,0,0,0,0
2.619446,0,0,0,0,0,0
2.621348,0,0,0,0,0,0
2.623030,0,0,0,0,0,0
2.624608,0,0,0,0,0,0
2.626387,0,0,0,0,0,0
2.628230,0,0,0,0,0,0
2.630136,0,0,0,0,0,0
2.631959,0,0,0,0,0,0
2.633788,0,0,0,0,0,0
2.635599,0,0,0,0,0,0
2.637643,0,0,0,0,0,0
2.639303,0,0,0,0,0,0
2.640909,0,0,0,0,0,0
2.642551,0,0,0,0,0,0
2.644336,0,0,0,0,0,0
2.646244,0,0,0,0,0,0
2.648070,0,0,0,0,0,0
2.649920,0,0,0,0,0,0
2.651746,0,0,0,0,0,0
2.653576,0,0,0,0,0,0
2.655405,0,0,0,0,0,0
2.657227,0,0,0,0,0,0
2.659059,0,0,0,0,0,0
2.660782,0,0,0,0,0,0
2.662569,0,0,0,0,0,0
2.664395,0,0,0,0,0,0
2.666224,0,0,0,0,0,0
2.668051,0,0,0,0,0,0
2.669881,0,0,0,0,0,0
2.671728,0,0,0,0,0,0
2.673557,0,0,0,0,0,0
2.675370,0,0,0,0,0,0
2.677256,0,0,0,0,0,0
2.678872,0,0,0,0,0,0
2.680451,0,0,0,0,0,0
2.682042,0,0,0,0,0,0
2.683613,0,0,0,0,0,0
2.685251,0,0,0,0,0,0
2.686821,0,0,0,0,0,0
2.688592,0,0,0,0,0,0
2.690417,0,0,0,0,0,0
2.692241,0,0,0,0,0,0
2.694110,0,0,0,0,0,0
2.695887,0,0,0,0,0,0
2.697741,0,0,0,0,0,0
2.699654,0,0,0,0,0,0
2.701552,0,0,0,0,0,0
2.703474,0,0,0,0,0,0
2.705112,0,0,0,0,0,0
2.706903,0,0,0,0,0,0
2.708804,0,0,0,0,0,0
2.710787,0,0,0,0,0,0
2.712613,0,0,0,0,0,0
2.714436,0,0,0,0,0,0
2.716115,0,0,0,0,0,0
2.717913,0,0,0,0,0,0
2.719740,0,0,0,0,0,0
2.721567,0,0,0,0,0,0
2.723393,0,0,0,0,0,0
2.725295,0,0,0,0,0,0
2.726944,0,0,0,0,0,0
2.728727,0,0,0,0,0,0
2.730551,0,0,0,0,0,0
2.732379,0,0,0,0,0,0
2.734286,0,0,0,0,0,0
2.736113,0,0,0,0,0,0
2.737962,0,0,0,0,0,0
2.739776,0,0,0,0,0,0
2.741733,0,0,0,0,0,0
2.743349,0,0,0,0,0,0
2.744984,0,0,0,0,0,0
2.746635,0,0,0,0,0,0
2.748221,0,0,0,0,0,0
2.749875,0,0,0,0,0,0
2.751653,0,0,0,0,0,0
2.753481,0,0,0,0,0,0
2.755294,0,0,0,0,0,0
2.757179,0,0,0,0,0,0
2.758972,0,0,0,0,0,0
2.760719,0,0,0,0,0,0
2.762349,0,0,0,0,0,0
2.764158,0,0,0,0,0,0
2.765983,0,0,0,0,0,0
2.767806,0,0,0,0,0,0
2.769453,0,0,0,0,0,0
2.771234,0,0,0,0,0,0
2.773135,0,0,0,0,0,0
2.774963,0,0,0,0,0,0
2.776783,0,0,0,0,0,0
2.778605,0,0,0,0,0,0
2.780448,0,0,0,0,0,0
2.782348,0,0,0,0,0,0
2.784187,0,0,0,0,0,0
2.785855,0,0,0,0,0,0
2.787642,0,0,0,0,0,0
2.789265,0,0,0,0,0,0
2.791076,0,0,0,0,0,0
2.792899,0,0,0,0,0,0
2.794674,0,0,0,0,0,0
2.796456,0,0,0,0,0,0
2.798094,0,0,0,0,0,0
2.799672,0,0,0,0,0,0
2.801475,0,0,0,0,0,0
2.803301,0,0,0,0,0,0
2.805203,0,0,0,0,0,0
2.807037,0,0,0,0,0,0
2.808860,0,0,0,0,0,0
2.810836,0,0,0,0,0,0
2.812481,0,0,0,0,0,0
2.814296,0,0,0,0,0,0
2.816108,0,0,0,0,0,0
2.817720,0,0,0,0,0,0
2.819445,0,0,0,0,0,0
2.821299,0,0,0,0,0,0
2.823035,0,0,0,0,0,0
2.824817,0,0,0,0,0,0
2.826644,0,0,0,0,0,0
2.828470,0,0,0,0,0,0
2.830105,0,0,0,0,0,0
2.831887,0,0,0,0,0,0
2.833539,0,0,0,0,0,0
2.835328,0,0,0,0,0,0
2.837228,0,0,0,0,0,0
2.839060,0,0,0,0,0,0
2.840883,0,0,0,0,0,0
2.842643,0,0,0,0,0,0
2.844434,0,0,0,0,0,0
2.846230,0,0,0,0,0,0
2.847983,0,0,0,0,0,0
2.849811,0,0,0,0,0,0
2.851631,0,0,0,0,0,0
2.853459,0,0,0,0,0,0
2.855103,0,0,0,0,0,0
2.856882,0,0,0,0,0,0
2.858855,0,0,0,0,0,0
2.860759,0,0,0,0,0,0
2.862586,0,0,0,0,0,0
2.864413,0,0,0,0,0,0
2.866262,0,0,0,0,0,0
2.868089,0,0,0,0,0,0
2.869919,0,0,0,0,0,0
2.871747,0,0,0,0,0,0
2.873573,0,0,0,0,0,0
2.875386,0,0,0,0,0,0
2.877096,0,0,0,0,0,0
2.878818,0,0,0,0,0,0
2.880730,0,0,0,0,0,0
2.882609,0,0,0,0,0,0
2.884529,0,0,0,0,0,0
2.886160,0,0,0,0,0,0
2.887962,0,0,0,0,0,0
2.889792,0,0,0,0,0,0
2.891617,0,0,0,0,0,0
2.893522,0,0,0,0,0,0
2.895181,0,0,0,0,0,0
2.896852,0,0,0,0,0,0
2.898608,0,0,0,0,0,0
2.902344,0,0,0,0,0,0
2.903881,0,0,0,0,0,0
2.905458,0,0,0,0,0,0
2.907027,0,0,0,0,0,0
2.908678,0,0,0,0,0,0
2.910248,0,0,0,0,0,0
2.911864,0,0,0,0,0,0
2.913468,0,0,0,0,0,0
2.915032,0,0,0,0,0,0
2.916671,0,0,0,0,0,0
2.918253,0,0,0,0,0,0
2.919840,0,0,0,0,0,0
2.921413,0,0,0,0,0,0
2.923189,0,0,0,0,0,0
2.924898,0,0,0,0,0,0
2.926801,0,0,0,0,0,0
2.928437,0,0,0,0,0,0
2.930030,0,0,0,0,0,0
2.931605,0,0,0,0,0,0
2.933245,0,0,0,0,0,0
2.934813,0,0,0,0,0,0
2.936573,0,0,0,0,0,0
2.938182,0,0,0,0,0,0
2.939740,0,0,0,0,0,0
2.941387,0,0,0,0,0,0
2.942959,0,0,0,0,0,0
2.944734,0,0,0,0,0,0
2.946558,0,0,0,0,0,0
2.948386,0,0,0,0,0,0
2.950296,0,0,0,0,0,0
2.952143,0,0,0,0,0,0
2.953970,0,0,0,0,0,0
2.955794,0,0,0,0,0,0
2.957623,0,0,0,0,0,0
2.959449,0,0,0,0,0,0
2.961271,0,0,0,0,0,0
2.963605,0,0,0,0,0,0
2.965688,0,0,0,0,0,0
2.967509,0,0,0,0,0,0
2.969318,0,0,0,0,0,0
2.970900,0,0,0,0,0,0
2.972468,0,0,0,0,0,0
2.974133,0,0,0,0,0,0
2.975912,0,0,0,0,0,0
2.977740,0,0,0,0,0,0
2.979565,0,0,0,0,0,0
2.981473,0,0,0,0,0,0
2.983299,0,0,0,0,0,0
2.984943,0,0,0,0,0,0
2.986676,0,0,0,0,0,0
2.988455,0,0,0,0,0,0
2.990289,0,0,0,0,0,0
2.991912,0,0,0,0,0,0
2.993694,0,0,0,0,0,0
2.995330,0,0,0,0,0,0
2.997174,0,0,0,0,0,0
2.998860,0,0,0,0,0,0
3.000891,0,0,0,0,0,0
3.002590,0,0,0,0,0,0
3.004372,0,0,0,0,0,0
3.006100,0,0,0,0,0,0
3.007887,0,0,0,0,0,0
3.009716,0,0,0,0,0,0
3.011545,0,0,0,0,0,0
3.013453,0,0,0,0,0,0
3.015279,0,0,0,0,0,0
3.017122,0,0,0,0,0,0
3.018955,0,0,0,0,0,0
3.020858,0,0,0,0,0,0
3.022782,0,0,0,0,0,0
3.024607,0,0,0,0,0,0
3.026433,0,0,0,0,0,0
3.028076,0,0,0,0,0,0
3.029866,0,0,0,0,0,0
3.031695,0,0,0,0,0,0
3.033522,0,0,0,0,0,0
3.035348,0,0,0,0,0,0
3.037249,0,0,0,0,0,0
3.039102,0,0,0,0,0,0
3.040925,0,0,0,0,0,0
3.042687,0,0,0,0,0,0
3.044469,0,0,0,0,0,0
3.046103,0,0,0,0,0,0
3.047885,0,0,0,0,0,0
3.049536,0,0,0,0,0,0
3.051376,0,0,0,0,0,0
3.053279,0,0,0,0,0,0
3.055102,0,0,0,0,0,0
3.056909,0,0,0,0,0,0
3.058730,0,0,0,0,0,0
3.060717,0,0,0,0,0,0
3.062349,0,0,0,0,0,0
3.064160,0,0,0,0,0,0
3.065985,0,0,0,0,0,0
3.067809,0,0,0,0,0,0
3.069637,0,0,0,0,0,0
3.071280,0,0,0,0,0,0
3.073062,0,0,0,0,0,0
3.074889,0,0,0,0,0,0
3.076787,0,0,0,0,0,0
3.078610,0,0,0,0,0,0
3.080434,0,0,0,0,0,0
3.082279,0,0,0,0,0,0
3.084102,0,0,0,0,0,0
3.085925,0,0,0,0,0,0
3.087747,0,0,0,0,0,0
3.089571,0,0,0,0,0,0
3.091394,0,0,0,0,0,0
3.093116,0,0,0,0,0,0
3.094904,0,0,0,0,0,0
3.096721,0,0,0,0,0,0
3.098544,0,0,0,0,0,0
3.100365,0,0,0,0,0,0
3.102271,0,0,0,0,0,0
3.104116,0,0,0,0,0,0
3.105941,0,0,0,0,0,0
3.107764,0,0,0,0,0,0
3.109590,0,0,0,0,0,0
3.111412,0,0,0,0,0,0
3.113233,0,0,0,0,0,0
3.114874,0,0,0,0,0,0
3.116617,0,0,0,0,0,0
3.118219,0,0,0,0,0,0
3.120093,0,0,0,0,0,0
3.121983,0,0,0,0,0,0
3.123906,0,0,0,0,0,0
3.125756,0,0,0,0,0,0
3.127583,0,0,0,0,0,0
3.129563,0,0,0,0,0,0
3.131403,0,0,0,0,0,0
3.133304,0,0,0,0,0,0
3.134891,0,0,0,0,0,0
3.136490,0,0,0,0,0,0
3.138275,0,0,0,0,0,0
3.140103,0,0,0,0,0,0
3.141933,0,0,0,0,0,0
3.143758,0,0,0,0,0,0
3.145587,0,0,0,0,0,0
3.147434,0,0,0,0,0,0
3.149336,0,0,0,0,0,0
3.150969,0,0,0,0,0,0
3.152752,0,0,0,0,0,0
3.154579,0,0,0,0,0,0
3.156406,0,0,0,0,0,0
3.158138,0,0,0,0,0,0
3.159925,0,0,0,0,0,0
3.161753,0,0,0,0,0,0
3.163581,0,0,0,0,0,0
3.165487,0,0,0,0,0,0
3.167314,0,0,0,0,0,0
3.169156,0,0,0,0,0,0
3.170822,0,0,0,0,0,0
3.172399,0,0,0,0,0,0
3.174259,0,0,0,0,0,0
3.176071,0,0,0,0,0,0
3.177719,0,0,0,0,0,0
3.179523,0,0,0,0,0,0
3.181467,0,0,0,0,0,0
3.183187,0,0,0,0,0,0
3.184968,0,0,0,0,0,0
3.186734,0,0,0,0,0,0
3.188517,0,0,0,0,0,0
3.190175,0,0,0,0,0,0
3.191755,0,0,0,0,0,0
3.193538,0,0,0,0,0,0
3.195366,0,0,0,0,0,0
3.197267,0,0,0,0,0,0
3.199101,0,0,0,0,0,0
3.200743,0,0,0,0,0,0
3.202530,0,0,0,0,0,0
3.204356,0,0,0,0,0,0
3.206264,0,0,0,0,0,0
3.208091,0,0,0,0,0,0
3.209920,0,0,0,0,0,0
3.211767,0,0,0,0,0,0
3.213599,0,0,0,0,0,0
3.215425,0,0,0,0,0,0
3.217249,0,0,0,0,0,0
3.219084,0,0,0,0,0,0
3.220985,0,0,0,0,0,0
3.222748,0,0,0,0,0,0
3.224532,0,0,0,0,0,0
3.226358,0,0,0,0,0,0
3.228185,0,0,0,0,0,0
3.230096,0,0,0,0,0,0
3.231923,0,0,0,0,0,0
3.233773,0,0,0,0,0,0
3.235585,0,0,0,0,0,0
3.237630,0,0,0,0,0,0
3.239546,0,0,0,0,0,0
3.241326,0,0,0,0,0,0
3.242910,0,0,0,0,0,0
3.244504,0,0,0,0,0,0
3.246315,0,0,0,0,0,0
3.248143,0,0,0,0,0,0
3.249973,0,0,0,0,0,0
3.251785,0,0,0,0,0,0
3.253743,0,0,0,0,0,0
3.255383,0,0,0,0,0,0
3.257009,0,0,0,0,0,0
3.258860,0,0,0,0,0,0
3.260760,0,0,0,0,0,0
3.262586,0,0,0,0,0,0
3.264411,0,0,0,0,0,0
3.266061,0,0,0,0,0,0
3.267845,0,0,0,0,0,0
3.269672,0,0,0,0,0,0
3.271499,0,0,0,0,0,0
3.273320,0,0,0,0,0,0
3.275106,0,0,0,0,0,0
3.276789,0,0,0,0,0,0
3.278365,0,0,0,0,0,0
3.279935,0,0,0,0,0,0
3.281503,0,0,0,0,0,0
3.283068,0,0,0,0,0,0
3.284712,0,0,0,0,0,0
3.286489,0,0,0,0,0,0
3.288132,0,0,0,0,0,0
3.289719,0,0,0,0,0,0
3.291502,0,0,0,0,0,0
3.293126,0,0,0,0,0,0
3.294906,0,0,0,0,0,0
3.296714,0,0,0,0,0,0
3.298434,0,0,0,0,0,0
3.300009,0,0,0,0,0,0
3.301970,0,0,0,0,0,0
3.303821,0,0,0,0,0,0
3.305648,0,0,0,0,0,0
3.307469,0,0,0,0,0,0
3.309221,0,0,0,0,0,0
3.310885,0,0,0,0,0,0
3.312470,0,0,0,0,0,0
3.314155,0,0,0,0,0,0
3.315711,0,0,0,0,0,0
3.317197,0,0,0,0,0,0
3.318757,0,0,0,0,0,0
3.320212,0,0,0,0,0,0
3.321656,0,0,0,0,0,0
3.323102,0,0,0,0,0,0
3.324789,0,0,0,0,0,0
3.326498,0,0,0,0,0,0
3.328125,0,0,0,0,0,0
3.329907,0,0,0,0,0,0
3.331550,0,0,0,0,0,0
3.333563,0,0,0,0,0,0
3.335398,0,0,0,0,0,0
3.337218,0,0,0,0,0,0
3.339047,0,0,0,0,0,0
3.340948,0,0,0,0,0,0
3.342917,0,0,0,0,0,0
3.344736,0,0,0,0,0,0
3.346560,0,0,0,0,0,0
3.348381,0,0,0,0,0,0
3.350287,0,0,0,0,0,0
3.351912,0,0,0,0,0,0
3.353518,0,0,0,0,0,0
3.355284,0,0,0,0,0,0
3.356982,0,0,0,0,0,0
3.358808,0,0,0,0,0,0
3.360378,0,0,0,0,0,0
3.362275,0,0,0,0,0,0
3.364138,0,0,0,0,0,0
3.365964,0,0,0,0,0,0
3.367787,0,0,0,0,0,0
3.369612,0,0,0,0,0,0
3.371428,0,0,0,0,0,0
3.373157,0,0,0,0,0,0
3.374812,0,0,0,0,0,0
3.376383,0,0,0,0,0,0
3.377956,0,0,0,0,0,0
3.379533,0,0,0,0,0,0
3.381170,0,0,0,0,0,0
3.382949,0,0,0,0,0,0
3.384772,0,0,0,0,0,0
3.386416,0,0,0,0,0,0
3.388201,0,0,0,0,0,0
3.390109,0,0,0,0,0,0
3.392071,0,0,0,0,0,0
3.393751,0,0,0,0,0,0
3.395522,0,0,0,0,0,0
3.397222,0,0,0,0,0,0
3.398812,0,0,0,0,0,0
3.400430,0,0,0,0,0,0
3.402316,0,0,0,0,0,0
3.403939,0,0,0,0,0,0
3.405512,0,0,0,0,0,0
3.407075,0,0,0,0,0,0
3.408662,0,0,0,0,0,0
3.410225,0,0,0,0,0,0
3.411785,0,0,0,0,0,0
3.413556,0,0,0,0,0,0
3.415122,0,0,0,0,0,0
3.416682,0,0,0,0,0,0
3.418471,0,0,0,0,0,0
3.420131,0,0,0,0,0,0
3.421688,0,0,0,0,0,0
3.423508,0,0,0,0,0,0
3.425333,0,0,0,0,0,0
3.426968,0,0,0,0,0,0
3.428827,0,0,0,0,0,0
3.430471,0,0,0,0,0,0
3.432257,0,0,0,0,0,0
3.434086,0,0,0,0,0,0
3.435912,0,0,0,0,0,0
3.437743,0,0,0,0,0,0
3.439559,0,0,0,0,0,0
3.441193,0,0,0,0,0,0
3.442785,0,0,0,0,0,0
3.444626,0,0,0,0,0,0
3.446245,0,0,0,0,0,0
3.448029,0,0,0,0,0,0
3.449858,0,0,0,0,0,0
3.451708,0,0,0,0,0,0
3.453537,0,0,0,0,0,0
3.455363,0,0,0,0,0,0
3.457187,0,0,0,0,0,0
3.458825,0,0,0,0,0,0
3.460403,0,0,0,0,0,0
3.462076,0,0,0,0,0,0
3.463854,0,0,0,0,0,0
3.465681,0,0,0,0,0,0
3.467509,0,0,0,0,0,0
3.469416,0,0,0,0,0,0
3.471241,0,0,0,0,0,0
3.473084,0,0,0,0,0,0
3.474907,0,0,0,0,0,0
3.476799,0,0,0,0,0,0
3.478476,0,0,0,0,0,0
3.480133,0,0,0,0,0,0
3.482141,0,0,0,0,0,0
3.483733,0,0,0,0,0,0
3.485315,0,0,0,0,0,0
3.487092,0,0,0,0,0,0
3.488716,0,0,0,0,0,0
3.490500,0,0,0,0,0,0
3.492322,0,0,0,0,0,0
3.494248,0,0,0,0,0,0
3.496071,0,0,0,0,0,0
3.497896,0,0,0,0,0,0
3.499518,0,0,0,0,0,0
3.501535,0,0,0,0,0,0
3.503358,0,0,0,0,0,0
3.504998,0,0,0,0,0,0
3.506870,0,0,0,0,0,0
3.508772,0,0,0,0,0,0
3.510595,0,0,0,0,0,0
3.512418,0,0,0,0,0,0
3.514243,0,0,0,0,0,0
3.516174,0,0,0,0,0,0
3.517875,0,0,0,0,0,0
3.519667,0,0,0,0,0,0
3.521493,0,0,0,0,0,0
3.523407,0,0,0,0,0,0
3.525308,0,0,0,0,0,0
3.527036,0,0,0,0,0,0
3.528612,0,0,0,0,0,0
3.530391,0,0,0,0,0,0
3.532213,0,0,0,0,0,0
3.534119,0,0,0,0,0,0
3.535932,0,0,0,0,0,0
3.537769,0,0,0,0,0,0
3.539525,0,0,0,0,0,0
3.541224,0,0,0,0,0,0
3.542827,0,0,0,0,0,0
3.544398,0,0,0,0,0,0
3.545971,0,0,0,0,0,0
3.547541,0,0,0,0,0,0
3.549552,0,0,0,0,0,0
3.551386,0,0,0,0,0,0
3.553210,0,0,0,0,0,0
3.555044,0,0,0,0,0,0
3.556946,0,0,0,0,0,0
3.558919,0,0,0,0,0,0
3.560744,0,0,0,0,0,0
3.562570,0,0,0,0,0,0
3.564396,0,0,0,0,0,0
3.566306,0,0,0,0,0,0
3.568132,0,0,0,0,0,0
3.569784,0,0,0,0,0,0
3.571571,0,0,0,0,0,0
3.573477,0,0,0,0,0,0
3.575303,0,0,0,0,0,0
3.577128,0,0,0,0,0,0
3.578961,0,0,0,0,0,0
3.580884,0,0,0,0,0,0
3.582659,0,0,0,0,0,0
3.584441,0,0,0,0,0,0
3.586269,0,0,0,0,0,0
3.588095,0,0,0,0,0,0
3.589923,0,0,0,0,0,0
3.591569,0,0,0,0,0,0
3.593355,0,0,0,0,0,0
3.595310,0,0,0,0,0,0
3.597195,0,0,0,0,0,0
3.598913,0,0,0,0,0,0
3.600664,0,0,0,0,0,0
3.602304,0,0,0,0,0,0
3.604085,0,0,0,0,0,0
3.605912,0,0,0,0,0,0
3.607736,0,0,0,0,0,0
3.609564,0,0,0,0,0,0
3.611388,0,0,0,0,0,0
3.613108,0,0,0,0,0,0
3.614896,0,0,0,0,0,0
3.617203,0,0,0,0,0,0
3.618859,0,0,0,0,0,0
3.620425,0,0,0,0,0,0
3.622062,0,0,0,0,0,0
3.623838,0,0,0,0,0,0
3.625836,0,0,0,0,0,0
3.627682,0,0,0,0,0,0
3.629508,0,0,0,0,0,0
3.631135,0,0,0,0,0,0
3.632919,0,0,0,0,0,0
3.634694,0,0,0,0,0,0
3.636477,0,0,0,0,0,0
3.638114,0,0,0,0,0,0
3.639898,0,0,0,0,0,0
3.641724,0,0,0,0,0,0
3.643355,0,0,0,0,0,0
3.645242,0,0,0,0,0,0
3.647078,0,0,0,0,0,0
3.648901,0,0,0,0,0,0
3.650877,0,0,0,0,0,0
3.652778,0,0,0,0,0,0
3.654602,0,0,0,0,0,0
3.656240,0,0,0,0,0,0
3.657813,0,0,0,0,0,0
3.659523,0,0,0,0,0,0
3.661510,0,0,0,0,0,0
3.663105,0,0,0,0,0,0
3.664682,0,0,0,0,0,0
3.666474,0,0,0,0,0,0
3.668300,0,0,0,0,0,0
3.670154,0,0,0,0,0,0
3.671980,0,0,0,0,0,0
3.673806,0,0,0,0,0,0
3.675632,0,0,0,0,0,0
3.677352,0,0,0,0,0,0
3.678953,0,0,0,0,0,0
3.680730,0,0,0,0,0,0
3.682553,0,0,0,0,0,0
3.684379,0,0,0,0,0,0
3.686285,0,0,0,0,0,0
3.688128,0,0,0,0,0,0
3.689956,0,0,0,0,0,0
3.691780,0,0,0,0,0,0
3.693609,0,0,0,0,0,0
3.695258,0,0,0,0,0,0
3.697044,0,0,0,0,0,0
3.698693,0,0,0,0,0,0
3.700473,0,0,0,0,0,0
3.702104,0,0,0,0,0,0
3.703884,0,0,0,0,0,0
3.705710,0,0,0,0,0,0
3.707533,0,0,0,0,0,0
3.709173,0,0,0,0,0,0
3.711106,0,0,0,0,0,0
3.712933,0,0,0,0,0,0
3.714694,0,0,0,0,0,0
3.716459,0,0,0,0,0,0
3.718499,0,0,0,0,0,0
3.720195,0,0,0,0,0,0
3.722229,0,0,0,0,0,0
3.723936,0,0,0,0,0,0
3.725658,0,0,0,0,0,0
3.727237,0,0,0,0,0,0
3.728809,0,0,0,0,0,0
3.730402,0,0,0,0,0,0
3.731963,0,0,0,0,0,0
3.733603,0,0,0,0,0,0
3.735174,0,0,0,0,0,0
3.736742,0,0,0,0,0,0
3.738311,0,0,0,0,0,0
3.740085,0,0,0,0,0,0
3.741868,0,0,0,0,0,0
3.743654,0,0,0,0,0,0
3.745484,0,0,0,0,0,0
3.747311,0,0,0,0,0,0
3.749214,0,0,0,0,0,0
3.751046,0,0,0,0,0,0
3.752891,0,0,0,0,0,0
3.754651,0,0,0,0,0,0
3.756433,0,0,0,0,0,0
3.758344,0,0,0,0,0,0
3.760166,0,0,0,0,0,0
3.761996,0,0,0,0,0,0
3.763631,0,0,0,0,0,0
3.765655,0,0,0,0,0,0
3.767281,0,0,0,0,0,0
3.768907,0,0,0,0,0,0
3.770561,0,0,0,0,0,0
3.772133,0,0,0,0,0,0
3.773785,0,0,0,0,0,0
3.775347,0,0,0,0,0,0
3.777109,0,0,0,0,0,0
3.779088,0,0,0,0,0,0
3.781048,0,0,0,0,0,0
3.782711,0,0,0,0,0,0
3.784544,0,0,0,0,0,0
3.786399,0,0,0,0,0,0
3.788125,0,0,0,0,0,0
3.789936,0,0,0,0,0,0
3.791757,0,0,0,0,0,0
3.794222,0,0,0,0,0,0
3.795878,0,0,0,0,0,0
3.797636,0,0,0,0,0,0
3.799414,0,0,0,0,0,0
3.801023,0,0,0,0,0,0
3.802998,0,0,0,0,0,0
3.804901,0,0,0,0,0,0
3.806796,0,0,0,0,0,0
3.808581,0,0,0,0,0,0
3.810405,0,0,0,0,0,0
3.812231,0,0,0,0,0,0
3.814141,0,0,0,0,0,0
3.815968,0,0,0,0,0,0
3.817818,0,0,0,0,0,0
3.819646,0,0,0,0,0,0
3.821476,0,0,0,0,0,0
3.823303,0,0,0,0,0,0
3.825126,0,0,0,0,0,0
3.826956,0,0,0,0,0,0
3.828679,0,0,0,0,0,0
3.830467,0,0,0,0,0,0
3.832295,0,0,0,0,0,0
3.834125,0,0,0,0,0,0
3.835938,0,0,0,0,0,0
3.837741,0,0,0,0,0,0
3.839660,0,0,0,0,0,0
3.841443,0,0,0,0,0,0
3.843168,0,0,0,0,0,0
3.845031,0,0,0,0,0,0
3.847028,0,0,0,0,0,0
3.848852,0,0,0,0,0,0
3.850575,0,0,0,0,0,0
3.852363,0,0,0,0,0,0
3.854274,0,0,0,0,0,0
3.856100,0,0,0,0,0,0
3.857930,0,0,0,0,0,0
3.859756,0,0,0,0,0,0
3.861406,0,0,0,0,0,0
3.863193,0,0,0,0,0,0
3.865017,0,0,0,0,0,0
3.867017,0,0,0,0,0,0
3.868919,0,0,0,0,0,0
3.870832,0,0,0,0,0,0
3.872475,0,0,0,0,0,0
3.874263,0,0,0,0,0,0
3.876088,0,0,0,0,0,0
3.877918,0,0,0,0,0,0
3.879760,0,0,0,0,0,0
3.881586,0,0,0,0,0,0
3.883435,0,0,0,0,0,0
3.885336,0,0,0,0,0,0
3.887042,0,0,0,0,0,0
3.888825,0,0,0,0,0,0
3.890651,0,0,0,0,0,0
3.892477,0,0,0,0,0,0
3.894139,0,0,0,0,0,0
3.895710,0,0,0,0,0,0
3.897784,0,0,0,0,0,0
3.899543,0,0,0,0,0,0
3.901458,0,0,0,0,0,0
3.903182,0,0,0,0,0,0
3.904977,0,0,0,0,0,0
3.906754,0,0,0,0,0,0
3.908535,0,0,0,0,0,0
3.910171,0,0,0,0,0,0
3.911747,0,0,0,0,0,0
3.913526,0,0,0,0,0,0
3.915172,0,0,0,0,0,0
3.917033,0,0,0,0,0,0
3.919038,0,0,0,0,0,0
3.920826,0,0,0,0,0,0
3.922651,0,0,0,0,0,0
3.924476,0,0,0,0,0,0
3.926133,0,0,0,0,0,0
3.927713,0,0,0,0,0,0
3.929496,0,0,0,0,0,0
3.931324,0,0,0,0,0,0
3.933226,0,0,0,0,0,0
3.935059,0,0,0,0,0,0
3.936699,0,0,0,0,0,0
3.938484,0,0,0,0,0,0
3.940312,0,0,0,0,0,0
3.942169,0,0,0,0,0,0
3.943998,0,0,0,0,0,0
3.945826,0,0,0,0,0,0
3.947673,0,0,0,0,0,0
3.949505,0,0,0,0,0,0
3.951332,0,0,0,0,0,0
3.952963,0,0,0,0,0,0
3.954687,0,0,0,0,0,0
3.956450,0,0,0,0,0,0
3.958343,0,0,0,0,0,0
3.960005,0,0,0,0,0,0
3.961809,0,0,0,0,0,0
3.963676,0,0,0,0,0,0
3.965566,0,0,0,0,0,0
3.967346,0,0,0,0,0,0
3.969172,0,0,0,0,0,0
3.970888,0,0,0,0,0,0
3.972455,0,0,0,0,0,0
3.974098,0,0,0,0,0,0
3.975876,0,0,0,0,0,0
3.977707,0,0,0,0,0,0
3.979352,0,0,0,0,0,0
3.981215,0,0,0,0,0,0
3.983049,0,0,0,0,0,0
3.984874,0,0,0,0,0,0
3.986845,0,0,0,0,0,0
3.988732,0,0,0,0,0,0
3.990367,0,0,0,0,0,0
3.992150,0,0,0,0,0,0
3.993978,0,0,0,0,0,0
3.995808,0,0,0,0,0,0
3.997637,0,0,0,0,0,0
3.999465,0,0,0,0,0,0
4.001109,0,0,0,0,0,0
4.002903,0,0,0,0,0,0
4.004804,0,0,0,0,0,0
4.006625,0,0,0,0,0,0
4.008450,0,0,0,0,0,0
4.010277,0,0,0,0,0,0
4.012124,0,0,0,0,0,0
4.013953,0,0,0,0,0,0
4.015765,0,0,0,0,0,0
4.017721,0,0,0,0,0,0
4.019623,0,0,0,0,0,0
4.021320,0,0,0,0,0,0
4.023192,0,0,0,0,0,0
4.024872,0,0,0,0,0,0
4.026445,0,0,0,0,0,0
4.030190,0,0,0,0,0,0
4.032173,0,0,0,0,0,0
4.033780,0,0,0,0,0,0
4.035351,0,0,0,0,0,0
4.036990,0,0,0,0,0,0
4.038717,0,0,0,0,0,0
4.040283,0,0,0,0,0,0
4.041855,0,0,0,0,0,0
4.043425,0,0,0,0,0,0
4.045078,0,0,0,0,0,0
4.046650,0,0,0,0,0,0
4.048299,0,0,0,0,0,0
4.049937,0,0,0,0,0,0
4.051505,0,0,0,0,0,0
4.053139,0,0,0,0,0,0
4.054713,0,0,0,0,0,0
4.056297,0,0,0,0,0,0
4.057865,0,0,0,0,0,0
4.059638,0,0,0,0,0,0
4.061470,0,0,0,0,0,0
4.063297,0,0,0,0,0,0
4.065119,0,0,0,0,0,0
4.066772,0,0,0,0,0,0
4.068635,0,0,0,0,0,0
4.070463,0,0,0,0,0,0
4.072291,0,0,0,0,0,0
4.074119,0,0,0,0,0,0
4.075932,0,0,0,0,0,0
4.078028,0,0,0,0,0,0
4.079749,0,0,0,0,0,0
4.081527,0,0,0,0,0,0
4.083145,0,0,0,0,0,0
4.085003,0,0,0,0,0,0
4.086997,0,0,0,0,0,0
4.088637,0,0,0,0,0,0
4.090421,0,0,0,0,0,0
4.092296,0,0,0,0,0,0
4.094150,0,0,0,0,0,0
4.095973,0,0,0,0,0,0
4.097799,0,0,0,0,0,0
4.099642,0,0,0,0,0,0
4.101470,0,0,0,0,0,0
4.103294,0,0,0,0,0,0
4.105113,0,0,0,0,0,0
4.106942,0,0,0,0,0,0
4.108840,0,0,0,0,0,0
4.110609,0,0,0,0,0,0
4.112392,0,0,0,0,0,0
4.114215,0,0,0,0,0,0
4.116039,0,0,0,0,0,0
4.117863,0,0,0,0,0,0
4.119588,0,0,0,0,0,0
4.121418,0,0,0,0,0,0
4.123247,0,0,0,0,0,0
4.125148,0,0,0,0,0,0
4.126977,0,0,0,0,0,0
4.128800,0,0,0,0,0,0
4.130627,0,0,0,0,0,0
4.132271,0,0,0,0,0,0
4.134139,0,0,0,0,0,0
4.135951,0,0,0,0,0,0
4.137677,0,0,0,0,0,0
4.139601,0,0,0,0,0,0
4.141306,0,0,0,0,0,0
4.142895,0,0,0,0,0,0
4.144465,0,0,0,0,0,0
4.146035,0,0,0,0,0,0
4.147602,0,0,0,0,0,0
4.149458,0,0,0,0,0,0
4.151283,0,0,0,0,0,0
4.152925,0,0,0,0,0,0
4.154676,0,0,0,0,0,0
4.156457,0,0,0,0,0,0
4.158291,0,0,0,0,0,0
4.159907,0,0,0,0,0,0
4.161612,0,0,0,0,0,0
4.163208,0,0,0,0,0,0
4.165063,0,0,0,0,0,0
4.166896,0,0,0,0,0,0
4.168718,0,0,0,0,0,0
4.170544,0,0,0,0,0,0
4.172371,0,0,0,0,0,0
4.174100,0,0,0,0,0,0
4.175887,0,0,0,0,0,0
4.177714,0,0,0,0,0,0
4.179542,0,0,0,0,0,0
4.181451,0,0,0,0,0,0
4.183277,0,0,0,0,0,0
4.185120,0,0,0,0,0,0
4.186949,0,0,0,0,0,0
4.188852,0,0,0,0,0,0
4.190624,0,0,0,0,0,0
4.192407,0,0,0,0,0,0
4.194232,0,0,0,0,0,0
4.195866,0,0,0,0,0,0
4.197877,0,0,0,0,0,0
4.199643,0,0,0,0,0,0
4.201476,0,0,0,0,0,0
4.203163,0,0,0,0,0,0
4.205021,0,0,0,0,0,0
4.206816,0,0,0,0,0,0
4.208599,0,0,0,0,0,0
4.210426,0,0,0,0,0,0
4.212236,0,0,0,0,0,0
4.213924,0,0,0,0,0,0
4.215694,0,0,0,0,0,0
4.217422,0,0,0,0,0,0
4.219110,0,0,0,0,0,0
4.220940,0,0,0,0,0,0
4.222849,0,0,0,0,0,0
4.224568,0,0,0,0,0,0
4.226078,0,0,0,0,0,0
4.227786,0,0,0,0,0,0
4.229602,0,0,0,0,0,0
4.231335,0,0,0,0,0,0
4.233065,0,0,0,0,0,0
4.234804,0,0,0,0,0,0
4.236623,0,0,0,0,0,0
4.238419,0,0,0,0,0,0
4.240837,0,0,0,0,0,0
4.242848,0,0,0,0,0,0
4.244360,0,0,0,0,0,0
4.245929,0,0,0,0,0,0
4.247444,0,0,0,0,0,0
4.249584,0,0,0,0,0,0
4.251192,0,0,0,0,0,0
4.252898,0,0,0,0,0,0
4.254455,0,0,0,0,0,0
4.255998,0,0,0,0,0,0
4.257603,0,0,0,0,0,0
4.259192,0,0,0,0,0,0
4.260754,0,0,0,0,0,0
4.262188,0,0,0,0,0,0
4.263622,0,0,0,0,0,0
4.265054,0,0,0,0,0,0
4.266613,0,0,0,0,0,0
4.268080,0,0,0,0,0,0
4.269550,0,0,0,0,0,0
4.270998,0,0,0,0,0,0
4.272530,0,0,0,0,0,0
4.274069,0,0,0,0,0,0
4.275508,0,0,0,0,0,0
4.277086,0,0,0,0,0,0
4.278615,0,0,0,0,0,0
4.280149,0,0,0,0,0,0
4.281824,0,0,0,0,0,0
4.283345,0,0,0,0,0,0
4.284943,0,0,0,0,0,0
4.286726,0,0,0,0,0,0
4.288502,0,0,0,0,0,0
4.290210,0,0,0,0,0,0
4.291962,0,0,0,0,0,0
4.293650,0,0,0,0,0,0
4.295267,0,0,0,0,0,0
4.296994,0,0,0,0,0,0
4.299043,0,0,0,0,0,0
4.300721,0,0,0,0,0,0
4.302282,0,0,0,0,0,0
4.304260,0,0,0,0,0,0
4.306025,0,0,0,0,0,0
4.307535,0,0,0,0,0,0
4.309113,0,0,0,0,0,0
4.310740,0,0,0,0,0,0
4.313801,0,0,0,0,0,0
4.315328,0,0,0,0,0,0
4.316928,0,0,0,0,0,0
4.318600,0,0,0,0,0,0
4.320174,0,0,0,0,0,0
4.321851,0,0,0,0,0,0
4.323440,0,0,0,0,0,0
4.325024,0,0,0,0,0,0
4.326831,0,0,0,0,0,0
4.328399,0,0,0,0,0,0
4.329965,0,0,0,0,0,0
4.331536,0,0,0,0,0,0
4.333171,0,0,0,0,0,0
4.334745,0,0,0,0,0,0
4.336536,0,0,0,0,0,0
4.338364,0,0,0,0,0,0
4.340191,0,0,0,0,0,0
4.342100,0,0,0,0,0,0
4.343912,0,0,0,0,0,0
4.346035,0,0,0,0,0,0
4.347980,0,0,0,0,0,0
4.350050,0,0,0,0,0,0
4.351695,0,0,0,0,0,0
4.353312,0,0,0,0,0,0
4.354858,0,0,0,0,0,0
4.356428,0,0,0,0,0,0
4.358174,0,0,0,0,0,0
4.359742,0,0,0,0,0,0
4.361310,0,0,0,0,0,0
4.363065,0,0,0,0,0,0
4.364906,0,0,0,0,0,0
4.366907,0,0,0,0,0,0
4.368511,0,0,0,0,0,0
4.370120,0,0,0,0,0,0
4.371695,0,0,0,0,0,0
4.373331,0,0,0,0,0,0
4.374904,0,0,0,0,0,0
4.376470,0,0,0,0,0,0
4.378041,0,0,0,0,0,0
4.379837,0,0,0,0,0,0
4.381647,0,0,0,0,0,0
4.383432,0,0,0,0,0,0
4.385252,0,0,0,0,0,0
4.387082,0,0,0,0,0,0
4.389026,0,0,0,0,0,0
4.390830,0,0,0,0,0,0
4.392401,0,0,0,0,0,0
4.393968,0,0,0,0,0,0
4.395534,0,0,0,0,0,0
4.397183,0,0,0,0,0,0
4.398709,0,0,0,0,0,0
4.400221,0,0,0,0,0,0
4.401855,0,0,0,0,0,0
4.403739,0,0,0,0,0,0
4.405337,0,0,0,0,0,0
4.406945,0,0,0,0,0,0
4.408505,0,0,0,0,0,0
4.410706,0,0,0,0,0,0
4.412318,0,0,0,0,0,0
4.413963,0,0,0,0,0,0
4.415536,0,0,0,0,0,0
4.417106,0,0,0,0,0,0
4.418679,0,0,0,0,0,0
4.420246,0,0,0,0,0,0
4.421891,0,0,0,0,0,0
4.423683,0,0,0,0,0,0
4.425513,0,0,0,0,0,0
4.427339,0,0,0,0,0,0
4.429320,0,0,0,0,0,0
4.430986,0,0,0,0,0,0
4.432766,0,0,0,0,0,0
4.434405,0,0,0,0,0,0
4.436192,0,0,0,0,0,0
4.438100,0,0,0,0,0,0
4.439925,0,0,0,0,0,0
4.441746,0,0,0,0,0,0
4.443573,0,0,0,0,0,0
4.445217,0,0,0,0,0,0
4.447007,0,0,0,0,0,0
4.448829,0,0,0,0,0,0
4.450450,0,0,0,0,0,0
4.452233,0,0,0,0,0,0
4.454142,0,0,0,0,0,0
4.455791,0,0,0,0,0,0
4.457578,0,0,0,0,0,0
4.459407,0,0,0,0,0,0
4.461309,0,0,0,0,0,0
4.462935,0,0,0,0,0,0
4.464701,0,0,0,0,0,0
4.466337,0,0,0,0,0,0
4.467960,0,0,0,0,0,0
4.469813,0,0,0,0,0,0
4.471638,0,0,0,0,0,0
4.473464,0,0,0,0,0,0
4.475287,0,0,0,0,0,0
4.477007,0,0,0,0,0,0
4.478945,0,0,0,0,0,0
4.480765,0,0,0,0,0,0
4.482586,0,0,0,0,0,0
4.484409,0,0,0,0,0,0
4.486313,0,0,0,0,0,0
4.488153,0,0,0,0,0,0
4.490011,0,0,0,0,0,0
4.491834,0,0,0,0,0,0
4.493662,0,0,0,0,0,0
4.495485,0,0,0,0,0,0
4.497298,0,0,0,0,0,0
4.499077,0,0,0,0,0,0
4.500829,0,0,0,0,0,0
4.502426,0,0,0,0,0,0
4.504001,0,0,0,0,0,0
4.505576,0,0,0,0,0,0
4.507149,0,0,0,0,0,0
4.508794,0,0,0,0,0,0
4.510586,0,0,0,0,0,0
4.512397,0,0,0,0,0,0
4.514011,0,0,0,0,0,0
4.515790,0,0,0,0,0,0
4.517418,0,0,0,0,0,0
4.519554,0,0,0,0,0,0
4.521813,0,0,0,0,0,0
4.523444,0,0,0,0,0,0
4.525047,0,0,0,0,0,0
4.526871,0,0,0,0,0,0
4.528566,0,0,0,0,0,0
4.530562,0,0,0,0,0,0
4.533493,0,0,0,0,0,0
4.535084,0,0,0,0,0,0
4.536652,0,0,0,0,0,0
4.538287,0,0,0,0,0,0
4.539856,0,0,0,0,0,0
4.541618,0,0,0,0,0,0
4.543195,0,0,0,0,0,0
4.544753,0,0,0,0,0,0
4.546313,0,0,0,0,0,0
4.547873,0,0,0,0,0,0
4.549579,0,0,0,0,0,0
4.551151,0,0,0,0,0,0
4.552925,0,0,0,0,0,0
4.554903,0,0,0,0,0,0
4.556806,0,0,0,0,0,0
4.558632,0,0,0,0,0,0
4.560990,0,0,0,0,0,0
4.563101,0,0,0,0,0,0
4.564908,0,0,0,0,0,0
4.566636,0,0,0,0,0,0
4.568369,0,0,0,0,0,0
4.570090,0,0,0,0,0,0
4.572071,0,0,0,0,0,0
4.574008,0,0,0,0,0,0
4.575572,0,0,0,0,0,0
4.577100,0,0,0,0,0,0
4.578792,0,0,0,0,0,0
4.580303,0,0,0,0,0,0
4.581926,0,0,0,0,0,0
4.583487,0,0,0,0,0,0
4.585047,0,0,0,0,0,0
4.586843,0,0,0,0,0,0
4.588444,0,0,0,0,0,0
4.590170,0,0,0,0,0,0
4.591788,0,0,0,0,0,0
4.593359,0,0,0,0,0,0
4.595000,0,0,0,0,0,0
4.597009,0,0,0,0,0,0
4.598686,0,0,0,0,0,0
4.600257,0,0,0,0,0,0
4.601784,0,0,0,0,0,0
4.603457,0,0,0,0,0,0
4.605058,0,0,0,0,0,0
4.607002,0,0,0,0,0,0
4.608575,0,0,0,0,0,0
4.610172,0,0,0,0,0,0
4.611744,0,0,0,0,0,0
4.613386,0,0,0,0,0,0
4.614947,0,0,0,0,0,0
4.616507,0,0,0,0,0,0
4.618077,0,0,0,0,0,0
4.619879,0,0,0,0,0,0
4.621527,0,0,0,0,0,0
4.623307,0,0,0,0,0,0
4.625129,0,0,0,0,0,0
4.626959,0,0,0,0,0,0
4.628860,0,0,0,0,0,0
4.630832,0,0,0,0,0,0
4.632502,0,0,0,0,0,0
4.634288,0,0,0,0,0,0
4.636111,0,0,0,0,0,0
4.638025,0,0,0,0,0,0
4.639853,0,0,0,0,0,0
4.641680,0,0,0,0,0,0
4.643323,0,0,0,0,0,0
4.645173,0,0,0,0,0,0
4.646860,0,0,0,0,0,0
4.648435,0,0,0,0,0,0
4.650323,0,0,0,0,0,0
4.652145,0,0,0,0,0,0
4.653868,0,0,0,0,0,0
4.655655,0,0,0,0,0,0
4.657486,0,0,0,0,0,0
4.659311,0,0,0,0,0,0
4.661213,0,0,0,0,0,0
4.663047,0,0,0,0,0,0
4.664893,0,0,0,0,0,0
4.666651,0,0,0,0,0,0
4.668419,0,0,0,0,0,0
4.670118,0,0,0,0,0,0
4.672377,0,0,0,0,0,0
4.674209,0,0,0,0,0,0
4.675721,0,0,0,0,0,0
4.677584,0,0,0,0,0,0
4.679040,0,0,0,0,0,0
4.680483,0,0,0,0,0,0
4.682061,0,0,0,0,0,0
4.684798,0,0,0,0,0,0
4.686384,0,0,0,0,0,0
4.687953,0,0,0,0,0,0
4.689525,0,0,0,0,0,0
4.691086,0,0,0,0,0,0
4.692713,0,0,0,0,0,0
4.694294,0,0,0,0,0,0
4.695939,0,0,0,0,0,0
4.697530,0,0,0,0,0,0
4.699099,0,0,0,0,0,0
4.700737,0,0,0,0,0,0
4.702309,0,0,0,0,0,0
4.703867,0,0,0,0,0,0
4.705948,0,0,0,0,0,0
4.707938,0,0,0,0,0,0
4.709630,0,0,0,0,0,0
4.711454,0,0,0,0,0,0
4.713029,0,0,0,0,0,0
4.714741,0,0,0,0,0,0
4.716310,0,0,0,0,0,0
4.717962,0,0,0,0,0,0
4.719729,0,0,0,0,0,0
4.721590,0,0,0,0,0,0
4.723220,0,0,0,0,0,0
4.724880,0,0,0,0,0,0
4.726654,0,0,0,0,0,0
4.728292,0,0,0,0,0,0
4.730077,0,0,0,0,0,0
4.731904,0,0,0,0,0,0
4.733728,0,0,0,0,0,0
4.735551,0,0,0,0,0,0
4.737354,0,0,0,0,0,0
4.739700,0,0,0,0,0,0
4.741321,0,0,0,0,0,0
4.742906,0,0,0,0,0,0
4.744478,0,0,0,0,0,0
4.746052,0,0,0,0,0,0
4.747623,0,0,0,0,0,0
4.749195,0,0,0,0,0,0
4.750796,0,0,0,0,0,0
4.752569,0,0,0,0,0,0
4.754396,0,0,0,0,0,0
4.756222,0,0,0,0,0,0
4.758132,0,0,0,0,0,0
4.759958,0,0,0,0,0,0
4.761609,0,0,0,0,0,0
4.763382,0,0,0,0,0,0
4.765269,0,0,0,0,0,0
4.766887,0,0,0,0,0,0
4.768461,0,0,0,0,0,0
4.770394,0,0,0,0,0,0
4.772023,0,0,0,0,0,0
4.773642,0,0,0,0,0,0
4.775213,0,0,0,0,0,0
4.776712,0,0,0,0,0,0
4.778201,0,0,0,0,0,0
4.779652,0,0,0,0,0,0
4.781144,0,0,0,0,0,0
4.782941,0,0,0,0,0,0
4.785897,0,0,0,0,0,0
4.787464,0,0,0,0,0,0
4.789090,0,0,0,0,0,0
4.790812,0,0,0,0,0,0
4.792440,0,0,0,0,0,0
4.794023,0,0,0,0,0,0
4.796001,0,0,0,0,0,0
4.797640,0,0,0,0,0,0
4.799207,0,0,0,0,0,0
4.800772,0,0,0,0,0,0
4.802606,0,0,0,0,0,0
4.804343,0,0,0,0,0,0
4.805926,0,0,0,0,0,0
4.807486,0,0,0,0,0,0
4.809044,0,0,0,0,0,0
4.810894,0,0,0,0,0,0
4.812454,0,0,0,0,0,0
4.814082,0,0,0,0,0,0
4.815865,0,0,0,0,0,0
4.817693,0,0,0,0,0,0
4.819518,0,0,0,0,0,0
4.821422,0,0,0,0,0,0
4.823235,0,0,0,0,0,0
4.825053,0,0,0,0,0,0
4.826925,0,0,0,0,0,0
4.829167,0,0,0,0,0,0
4.830751,0,0,0,0,0,0
4.832325,0,0,0,0,0,0
4.833900,0,0,0,0,0,0
4.835677,0,0,0,0,0,0
4.837320,0,0,0,0,0,0
4.839112,0,0,0,0,0,0
4.840935,0,0,0,0,0,0
4.842697,0,0,0,0,0,0
4.844480,0,0,0,0,0,0
4.846317,0,0,0,0,0,0
4.847966,0,0,0,0,0,0
4.849754,0,0,0,0,0,0
4.851581,0,0,0,0,0,0
4.853486,0,0,0,0,0,0
4.855311,0,0,0,0,0,0
4.857135,0,0,0,0,0,0
4.858988,0,0,0,0,0,0
4.860890,0,0,0,0,0,0
4.862864,0,0,0,0,0,0
4.864689,0,0,0,0,0,0
4.866515,0,0,0,0,0,0
4.868342,0,0,0,0,0,0
4.870074,0,0,0,0,0,0
4.871860,0,0,0,0,0,0
4.873699,0,0,0,0,0,0
4.875562,0,0,0,0,0,0
4.877468,0,0,0,0,0,0
4.879296,0,0,0,0,0,0
4.881139,0,0,0,0,0,0
4.882963,0,0,0,0,0,0
4.884849,0,0,0,0,0,0
4.886467,0,0,0,0,0,0
4.888109,0,0,0,0,0,0
4.890001,0,0,0,0,0,0
4.891676,0,0,0,0,0,0
4.893332,0,0,0,0,0,0
4.895113,0,0,0,0,0,0
4.896935,0,0,0,0,0,0
4.898911,0,0,0,0,0,0
4.900812,0,0,0,0,0,0
4.902453,0,0,0,0,0,0
4.904236,0,0,0,0,0,0
4.906062,0,0,0,0,0,0
4.907888,0,0,0,0,0,0
4.909717,0,0,0,0,0,0
4.911543,0,0,0,0,0,0
4.913187,0,0,0,0,0,0
4.914766,0,0,0,0,0,0
4.916335,0,0,0,0,0,0
4.918136,0,0,0,0,0,0
4.919961,0,0,0,0,0,0
4.921787,0,0,0,0,0,0
4.923463,0,0,0,0,0,0
4.925334,0,0,0,0,0,0
4.927125,0,0,0,0,0,0
4.928691,0,0,0,0,0,0
4.930459,0,0,0,0,0,0
4.932287,0,0,0,0,0,0
4.934019,0,0,0,0,0,0
4.935806,0,0,0,0,0,0
4.937636,0,0,0,0,0,0
4.939462,0,0,0,0,0,0
4.941365,0,0,0,0,0,0
4.943328,0,0,0,0,0,0
4.945155,0,0,0,0,0,0
4.946988,0,0,0,0,0,0
4.948708,0,0,0,0,0,0
4.950748,0,0,0,0,0,0
4.952363,0,0,0,0,0,0
4.953943,0,0,0,0,0,0
4.955530,0,0,0,0,0,0
4.957177,0,0,0,0,0,0
4.958750,0,0,0,0,0,0
4.960525,0,0,0,0,0,0
4.962350,0,0,0,0,0,0
4.964169,0,0,0,0,0,0
4.966589,0,0,0,0,0,0
4.968174,0,0,0,0,0,0
4.969739,0,0,0,0,0,0
4.971301,0,0,0,0,0,0
4.972930,0,0,0,0,0,0
4.974717,0,0,0,0,0,0
4.976400,0,0,0,0,0,0
4.978178,0,0,0,0,0,0
4.979991,0,0,0,0,0,0
4.982105,0,0,0,0,0,0
4.983885,0,0,0,0,0,0
4.985531,0,0,0,0,0,0
4.987064,0,0,0,0,0,0
4.988640,0,0,0,0,0,0
4.990327,0,0,0,0,0,0
4.991784,0,0,0,0,0,0
4.993233,0,0,0,0,0,0
4.994681,0,0,0,0,0,0
4.996122,0,0,0,0,0,0
4.997955,0,0,0,0,0,0
5.000668,0,0,0,0,0,0
5.002229,0,0,0,0,0,0
5.003788,0,0,0,0,0,0
5.005593,0,0,0,0,0,0
5.007246,0,0,0,0,0,0
5.008897,0,0,0,0,0,0
5.010456,0,0,0,0,0,0
5.012016,0,0,0,0,0,0
5.013691,0,0,0,0,0,0
5.015260,0,0,0,0,0,0
5.016828,0,0,0,0,0,0
5.018605,0,0,0,0,0,0
5.020250,0,0,0,0,0,0
5.022121,0,0,0,0,0,0
5.023947,0,0,0,0,0,0
5.025776,0,0,0,0,0,0
5.027603,0,0,0,0,0,0
5.029511,0,0,0,0,0,0
5.031343,0,0,0,0,0,0
5.033151,0,0,0,0,0,0
5.035076,0,0,0,0,0,0
5.036978,0,0,0,0,0,0
5.038890,0,0,0,0,0,0
5.040715,0,0,0,0,0,0
5.042356,0,0,0,0,0,0
5.044142,0,0,0,0,0,0
5.045971,0,0,0,0,0,0
5.047798,0,0,0,0,0,0
5.049626,0,0,0,0,0,0
5.051452,0,0,0,0,0,0
5.053516,0,0,0,0,0,0
5.055091,0,0,0,0,0,0
5.056875,0,0,0,0,0,0
5.058776,0,0,0,0,0,0
5.060679,0,0,0,0,0,0
5.062504,0,0,0,0,0,0
5.064315,0,0,0,0,0,0
5.065933,0,0,0,0,0,0
5.067691,0,0,0,0,0,0
5.069593,0,0,0,0,0,0
5.071260,0,0,0,0,0,0
5.072828,0,0,0,0,0,0
5.074411,0,0,0,0,0,0
5.075981,0,0,0,0,0,0
5.077620,0,0,0,0,0,0
5.079394,0,0,0,0,0,0
5.081217,0,0,0,0,0,0
5.083050,0,0,0,0,0,0
5.084772,0,0,0,0,0,0
5.086556,0,0,0,0,0,0
5.088381,0,0,0,0,0,0
5.090210,0,0,0,0,0,0
5.092034,0,0,0,0,0,0
5.093860,0,0,0,0,0,0
5.095706,0,0,0,0,0,0
5.097532,0,0,0,0,0,0
5.099361,0,0,0,0,0,0
5.101262,0,0,0,0,0,0
5.103095,0,0,0,0,0,0
5.104918,0,0,0,0,0,0
5.106671,0,0,0,0,0,0
5.108457,0,0,0,0,0,0
5.110292,0,0,0,0,0,0
5.111913,0,0,0,0,0,0
5.113766,0,0,0,0,0,0
5.115593,0,0,0,0,0,0
5.117233,0,0,0,0,0,0
5.119025,0,0,0,0,0,0
5.120847,0,0,0,0,0,0
5.122464,0,0,0,0,0,0
5.124039,0,0,0,0,0,0
5.125639,0,0,0,0,0,0
5.127433,0,0,0,0,0,0
5.129241,0,0,0,0,0,0
5.130945,0,0,0,0,0,0
5.132685,0,0,0,0,0,0
5.134317,0,0,0,0,0,0
5.135883,0,0,0,0,0,0
5.137557,0,0,0,0,0,0
5.139127,0,0,0,0,0,0
5.140764,0,0,0,0,0,0
5.142333,0,0,0,0,0,0
5.144106,0,0,0,0,0,0
5.145932,0,0,0,0,0,0
5.147575,0,0,0,0,0,0
5.149439,0,0,0,0,0,0
5.151262,0,0,0,0,0,0
5.153082,0,0,0,0,0,0
5.154910,0,0,0,0,0,0
5.156811,0,0,0,0,0,0
5.158450,0,0,0,0,0,0
5.160232,0,0,0,0,0,0
5.162058,0,0,0,0,0,0
5.163883,0,0,0,0,0,0
5.165712,0,0,0,0,0,0
5.167535,0,0,0,0,0,0
5.169177,0,0,0,0,0,0
5.170964,0,0,0,0,0,0
5.172862,0,0,0,0,0,0
5.174833,0,0,0,0,0,0
5.176655,0,0,0,0,0,0
5.178478,0,0,0,0,0,0
5.180320,0,0,0,0,0,0
5.182224,0,0,0,0,0,0
5.184088,0,0,0,0,0,0
5.185704,0,0,0,0,0,0
5.187427,0,0,0,0,0,0
5.189285,0,0,0,0,0,0
5.191033,0,0,0,0,0,0
5.192817,0,0,0,0,0,0
5.194645,0,0,0,0,0,0
5.196468,0,0,0,0,0,0
5.198093,0,0,0,0,0,0
5.199873,0,0,0,0,0,0
5.201440,0,0,0,0,0,0
5.203098,0,0,0,0,0,0
5.204892,0,0,0,0,0,0
5.206626,0,0,0,0,0,0
5.208351,0,0,0,0,0,0
5.210069,0,0,0,0,0,0
5.211717,0,0,0,0,0,0
5.213508,0,0,0,0,0,0
5.215333,0,0,0,0,0,0
5.217155,0,0,0,0,0,0
5.218822,0,0,0,0,0,0
5.220683,0,0,0,0,0,0
5.222531,0,0,0,0,0,0
5.224360,0,0,0,0,0,0
5.226189,0,0,0,0,0,0
5.228017,0,0,0,0,0,0
5.229846,0,0,0,0,0,0
5.231672,0,0,0,0,0,0
5.233315,0,0,0,0,0,0
5.235098,0,0,0,0,0,0
5.236985,0,0,0,0,0,0
5.239218,0,0,0,0,0,0
5.241050,0,0,0,0,0,0
5.242966,0,0,0,0,0,0
5.244885,0,0,0,0,0,0
5.246716,0,0,0,0,0,0
5.248292,0,0,0,0,0,0
5.249887,0,0,0,0,0,0
5.251458,0,0,0,0,0,0
5.253094,0,0,0,0,0,0
5.254680,0,0,0,0,0,0
5.256455,0,0,0,0,0,0
5.258284,0,0,0,0,0,0
5.260108,0,0,0,0,0,0
5.261934,0,0,0,0,0,0
5.263758,0,0,0,0,0,0
5.265606,0,0,0,0,0,0
5.267431,0,0,0,0,0,0
5.269328,0,0,0,0,0,0
5.271070,0,0,0,0,0,0
5.272646,0,0,0,0,0,0
5.274224,0,0,0,0,0,0
5.275814,0,0,0,0,0,0
5.277671,0,0,0,0,0,0
5.279494,0,0,0,0,0,0
5.281315,0,0,0,0,0,0
5.282955,0,0,0,0,0,0
5.284810,0,0,0,0,0,0
5.286485,0,0,0,0,0,0
5.288279,0,0,0,0,0,0
5.290110,0,0,0,0,0,0
5.291777,0,0,0,0,0,0
5.293647,0,0,0,0,0,0
5.295475,0,0,0,0,0,0
5.297121,0,0,0,0,0,0
5.298906,0,0,0,0,0,0
5.300793,0,0,0,0,0,0
5.302406,0,0,0,0,0,0
5.304221,0,0,0,0,0,0
5.305837,0,0,0,0,0,0
5.307645,0,0,0,0,0,0
5.309517,0,0,0,0,0,0
5.311457,0,0,0,0,0,0
5.313329,0,0,0,0,0,0
5.314904,0,0,0,0,0,0
5.316470,0,0,0,0,0,0
5.318123,0,0,0,0,0,0
5.319685,0,0,0,0,0,0
5.321244,0,0,0,0,0,0
5.323028,0,0,0,0,0,0
5.324766,0,0,0,0,0,0
5.326556,0,0,0,0,0,0
5.328207,0,0,0,0,0,0
5.330001,0,0,0,0,0,0
5.331831,0,0,0,0,0,0
5.333665,0,0,0,0,0,0
5.335492,0,0,0,0,0,0
5.337318,0,0,0,0,0,0
5.339042,0,0,0,0,0,0
5.340699,0,0,0,0,0,0
5.342482,0,0,0,0,0,0
5.344294,0,0,0,0,0,0
5.345909,0,0,0,0,0,0
5.347689,0,0,0,0,0,0
5.349332,0,0,0,0,0,0
5.351114,0,0,0,0,0,0
5.352735,0,0,0,0,0,0
5.354519,0,0,0,0,0,0
5.356425,0,0,0,0,0,0
5.358336,0,0,0,0,0,0
5.359983,0,0,0,0,0,0
5.361771,0,0,0,0,0,0
5.363384,0,0,0,0,0,0
5.365234,0,0,0,0,0,0
5.366951,0,0,0,0,0,0
5.368529,0,0,0,0,0,0
5.370245,0,0,0,0,0,0
5.372068,0,0,0,0,0,0
5.373896,0,0,0,0,0,0
5.375721,0,0,0,0,0,0
5.377549,0,0,0,0,0,0
5.379600,0,0,0,0,0,0
5.381255,0,0,0,0,0,0
5.383048,0,0,0,0,0,0
5.384874,0,0,0,0,0,0
5.386850,0,0,0,0,0,0
5.388756,0,0,0,0,0,0
5.390581,0,0,0,0,0,0
5.392431,0,0,0,0,0,0
5.394260,0,0,0,0,0,0
5.396087,0,0,0,0,0,0
5.397916,0,0,0,0,0,0
5.399742,0,0,0,0,0,0
5.401570,0,0,0,0,0,0
5.403218,0,0,0,0,0,0
5.405081,0,0,0,0,0,0
5.406911,0,0,0,0,0,0
5.408734,0,0,0,0,0,0
5.410560,0,0,0,0,0,0
5.412386,0,0,0,0,0,0
5.414313,0,0,0,0,0,0
5.416142,0,0,0,0,0,0
5.417971,0,0,0,0,0,0
5.419797,0,0,0,0,0,0
5.421627,0,0,0,0,0,0
5.423440,0,0,0,0,0,0
5.425074,0,0,0,0,0,0
5.426830,0,0,0,0,0,0
5.428423,0,0,0,0,0,0
5.430282,0,0,0,0,0,0
5.432299,0,0,0,0,0,0
5.433887,0,0,0,0,0,0
5.435494,0,0,0,0,0,0
5.437181,0,0,0,0,0,0
5.438757,0,0,0,0,0,0
5.440327,0,0,0,0,0,0
5.442109,0,0,0,0,0,0
5.443937,0,0,0,0,0,0
5.445589,0,0,0,0,0,0
5.447366,0,0,0,0,0,0
5.449177,0,0,0,0,0,0
5.451222,0,0,0,0,0,0
5.453121,0,0,0,0,0,0
5.454949,0,0,0,0,0,0
5.456789,0,0,0,0,0,0
5.458460,0,0,0,0,0,0
5.460242,0,0,0,0,0,0
5.462148,0,0,0,0,0,0
5.463973,0,0,0,0,0,0
5.465799,0,0,0,0,0,0
5.467444,0,0,0,0,0,0
5.469303,0,0,0,0,0,0
5.472170,0,0,0,0,0,0
5.473828,0,0,0,0,0,0
5.475397,0,0,0,0,0,0
5.477026,0,0,0,0,0,0
5.478839,0,0,0,0,0,0
5.480408,0,0,0,0,0,0
5.481981,0,0,0,0,0,0
5.483543,0,0,0,0,0,0
5.485170,0,0,0,0,0,0
5.486779,0,0,0,0,0,0
5.488339,0,0,0,0,0,0
5.489941,0,0,0,0,0,0
5.491497,0,0,0,0,0,0
5.493046,0,0,0,0,0,0
5.494719,0,0,0,0,0,0
5.496234,0,0,0,0,0,0
5.497752,0,0,0,0,0,0
5.499279,0,0,0,0,0,0
5.500890,0,0,0,0,0,0
5.502456,0,0,0,0,0,0
5.504226,0,0,0,0,0,0
5.506051,0,0,0,0,0,0
5.507877,0,0,0,0,0,0
5.509705,0,0,0,0,0,0
5.511350,0,0,0,0,0,0
5.513130,0,0,0,0,0,0
5.514959,0,0,0,0,0,0
5.516856,0,0,0,0,0,0
5.519337,0,0,0,0,0,0
5.521159,0,0,0,0,0,0
5.523084,0,0,0,0,0,0
5.524755,0,0,0,0,0,0
5.526337,0,0,0,0,0,0
5.528115,0,0,0,0,0,0
5.529940,0,0,0,0,0,0
5.531765,0,0,0,0,0,0
5.533492,0,0,0,0,0,0
5.535073,0,0,0,0,0,0
5.536644,0,0,0,0,0,0
5.538414,0,0,0,0,0,0
5.539996,0,0,0,0,0,0
5.541690,0,0,0,0,0,0
5.543455,0,0,0,0,0,0
5.545283,0,0,0,0,0,0
5.546927,0,0,0,0,0,0
5.549041,0,0,0,0,0,0
5.550966,0,0,0,0,0,0
5.552779,0,0,0,0,0,0
5.554396,0,0,0,0,0,0
5.555993,0,0,0,0,0,0
5.557853,0,0,0,0,0,0
5.559681,0,0,0,0,0,0
5.561510,0,0,0,0,0,0
5.563335,0,0,0,0,0,0
5.565237,0,0,0,0,0,0
5.567093,0,0,0,0,0,0
5.568917,0,0,0,0,0,0
5.570689,0,0,0,0,0,0
5.572274,0,0,0,0,0,0
5.574136,0,0,0,0,0,0
5.575965,0,0,0,0,0,0
5.577617,0,0,0,0,0,0
5.579405,0,0,0,0,0,0
5.581308,0,0,0,0,0,0
5.582943,0,0,0,0,0,0
5.584723,0,0,0,0,0,0
5.586548,0,0,0,0,0,0
5.588394,0,0,0,0,0,0
5.590303,0,0,0,0,0,0
5.592129,0,0,0,0,0,0
5.593955,0,0,0,0,0,0
5.595781,0,0,0,0,0,0
5.597611,0,0,0,0,0,0
5.599261,0,0,0,0,0,0
5.601044,0,0,0,0,0,0
5.602868,0,0,0,0,0,0
5.604755,0,0,0,0,0,0
5.606443,0,0,0,0,0,0
5.608244,0,0,0,0,0,0
5.609910,0,0,0,0,0,0
5.611690,0,0,0,0,0,0
5.613518,0,0,0,0,0,0
5.615342,0,0,0,0,0,0
5.617162,0,0,0,0,0,0
5.618794,0,0,0,0,0,0
5.620381,0,0,0,0,0,0
5.622240,0,0,0,0,0,0
5.624058,0,0,0,0,0,0
5.625795,0,0,0,0,0,0
5.627561,0,0,0,0,0,0
5.629217,0,0,0,0,0,0
5.630809,0,0,0,0,0,0
5.632399,0,0,0,0,0,0
5.633976,0,0,0,0,0,0
5.635543,0,0,0,0,0,0
5.637552,0,0,0,0,0,0
5.639401,0,0,0,0,0,0
5.641047,0,0,0,0,0,0
5.642730,0,0,0,0,0,0
5.644634,0,0,0,0,0,0
5.646627,0,0,0,0,0,0
5.648698,0,0,0,0,0,0
5.650466,0,0,0,0,0,0
5.652189,0,0,0,0,0,0
5.653849,0,0,0,0,0,0
5.655370,0,0,0,0,0,0
5.656889,0,0,0,0,0,0
5.658645,0,0,0,0,0,0
5.660207,0,0,0,0,0,0
5.661732,0,0,0,0,0,0
5.663308,0,0,0,0,0,0
5.665069,0,0,0,0,0,0
5.666970,0,0,0,0,0,0
5.668759,0,0,0,0,0,0
5.670257,0,0,0,0,0,0
5.671750,0,0,0,0,0,0
5.673332,0,0,0,0,0,0
5.674906,0,0,0,0,0,0
5.676753,0,0,0,0,0,0
5.678594,0,0,0,0,0,0
5.680274,0,0,0,0,0,0
5.681917,0,0,0,0,0,0
5.683603,0,0,0,0,0,0
5.685184,0,0,0,0,0,0
5.686995,0,0,0,0,0,0
5.689936,0,0,0,0,0,0
5.691551,0,0,0,0,0,0
5.693348,0,0,0,0,0,0
5.695471,0,0,0,0,0,0
5.697546,0,0,0,0,0,0
5.699257,0,0,0,0,0,0
5.700816,0,0,0,0,0,0
5.702555,0,0,0,0,0,0
5.704164,0,0,0,0,0,0
5.706111,0,0,0,0,0,0
5.707752,0,0,0,0,0,0
5.709242,0,0,0,0,0,0
5.711196,0,0,0,0,0,0
5.714045,0,0,0,0,0,0
5.715657,0,0,0,0,0,0
5.717339,0,0,0,0,0,0
5.718848,0,0,0,0,0,0
5.720319,0,0,0,0,0,0
5.721845,0,0,0,0,0,0
5.723287,0,0,0,0,0,0
5.724821,0,0,0,0,0,0
5.726282,0,0,0,0,0,0
5.727738,0,0,0,0,0,0
5.729171,0,0,0,0,0,0
5.730610,0,0,0,0,0,0
5.732044,0,0,0,0,0,0
5.733558,0,0,0,0,0,0
5.736497,0,0,0,0,0,0
5.738081,0,0,0,0,0,0
5.739658,0,0,0,0,0,0
5.741298,0,0,0,0,0,0
5.742875,0,0,0,0,0,0
5.744443,0,0,0,0,0,0
5.746013,0,0,0,0,0,0
5.747794,0,0,0,0,0,0
5.749449,0,0,0,0,0,0
5.751032,0,0,0,0,0,0
5.752604,0,0,0,0,0,0
5.754178,0,0,0,0,0,0
5.755749,0,0,0,0,0,0
5.757321,0,0,0,0,0,0
5.759088,0,0,0,0,0,0
5.760916,0,0,0,0,0,0
5.762995,0,0,0,0,0,0
5.764897,0,0,0,0,0,0
5.766807,0,0,0,0,0,0
5.768629,0,0,0,0,0,0
5.770434,0,0,0,0,0,0
5.771996,0,0,0,0,0,0
5.773753,0,0,0,0,0,0
5.775484,0,0,0,0,0,0
5.777213,0,0,0,0,0,0
5.778939,0,0,0,0,0,0
5.780716,0,0,0,0,0,0
5.782275,0,0,0,0,0,0
5.783992,0,0,0,0,0,0
5.785778,0,0,0,0,0,0
5.787415,0,0,0,0,0,0
5.789173,0,0,0,0,0,0
5.790902,0,0,0,0,0,0
5.792461,0,0,0,0,0,0
5.794155,0,0,0,0,0,0
5.795888,0,0,0,0,0,0
5.797695,0,0,0,0,0,0
5.799446,0,0,0,0,0,0
5.801266,0,0,0,0,0,0
5.803115,0,0,0,0,0,0
5.805017,0,0,0,0,0,0
5.806999,0,0,0,0,0,0
5.808819,0,0,0,0,0,0
5.810644,0,0,0,0,0,0
5.812455,0,0,0,0,0,0
5.814107,0,0,0,0,0,0
5.815942,0,0,0,0,0,0
5.817771,0,0,0,0,0,0
5.819598,0,0,0,0,0,0
5.821505,0,0,0,0,0,0
5.823330,0,0,0,0,0,0
5.825173,0,0,0,0,0,0
5.827063,0,0,0,0,0,0
5.828925,0,0,0,0,0,0
5.830841,0,0,0,0,0,0
5.832662,0,0,0,0,0,0
5.834487,0,0,0,0,0,0
5.836136,0,0,0,0,0,0
5.837925,0,0,0,0,0,0
5.839737,0,0,0,0,0,0
5.841689,0,0,0,0,0,0
5.843456,0,0,0,0,0,0
5.845129,0,0,0,0,0,0
5.846726,0,0,0,0,0,0
5.848299,0,0,0,0,0,0
5.849874,0,0,0,0,0,0
5.851650,0,0,0,0,0,0
5.853482,0,0,0,0,0,0
5.855309,0,0,0,0,0,0
5.856952,0,0,0,0,0,0
5.858884,0,0,0,0,0,0
5.860954,0,0,0,0,0,0
5.862768,0,0,0,0,0,0
5.864351,0,0,0,0,0,0
5.866122,0,0,0,0,0,0
5.867751,0,0,0,0,0,0
5.869395,0,0,0,0,0,0
5.871149,0,0,0,0,0,0
5.872974,0,0,0,0,0,0
5.874960,0,0,0,0,0,0
5.876863,0,0,0,0,0,0
5.878587,0,0,0,0,0,0
5.880370,0,0,0,0,0,0
5.882198,0,0,0,0,0,0
5.884026,0,0,0,0,0,0
5.885854,0,0,0,0,0,0
5.887682,0,0,0,0,0,0
5.889529,0,0,0,0,0,0
5.891356,0,0,0,0,0,0
5.893258,0,0,0,0,0,0
5.895092,0,0,0,0,0,0
5.896915,0,0,0,0,0,0
5.898883,0,0,0,0,0,0
5.900589,0,0,0,0,0,0
5.902324,0,0,0,0,0,0
5.903983,0,0,0,0,0,0
5.905869,0,0,0,0,0,0
5.907707,0,0,0,0,0,0
5.909414,0,0,0,0,0,0
5.911224,0,0,0,0,0,0
5.912844,0,0,0,0,0,0
5.914585,0,0,0,0,0,0
5.916187,0,0,0,0,0,0
5.917650,0,0,0,0,0,0
5.919108,0,0,0,0,0,0
5.920594,0,0,0,0,0,0
5.922055,0,0,0,0,0,0
5.923576,0,0,0,0,0,0
5.925078,0,0,0,0,0,0
5.926745,0,0,0,0,0,0
5.928194,0,0,0,0,0,0
5.929934,0,0,0,0,0,0
5.932675,0,0,0,0,0,0
5.934252,0,0,0,0,0,0
5.936026,0,0,0,0,0,0
5.937855,0,0,0,0,0,0
5.939682,0,0,0,0,0,0
5.941515,0,0,0,0,0,0
5.943342,0,0,0,0,0,0
5.944985,0,0,0,0,0,0
5.946921,0,0,0,0,0,0
5.948823,0,0,0,0,0,0
5.950648,0,0,0,0,0,0
5.952476,0,0,0,0,0,0
5.954304,0,0,0,0,0,0
5.956150,0,0,0,0,0,0
5.957979,0,0,0,0,0,0
5.959791,0,0,0,0,0,0
5.961764,0,0,0,0,0,0
5.963330,0,0,0,0,0,0
5.964945,0,0,0,0,0,0
5.966651,0,0,0,0,0,0
5.968299,0,0,0,0,0,0
5.969918,0,0,0,0,0,0
5.971530,0,0,0,0,0,0
5.973159,0,0,0,0,0,0
5.974783,0,0,0,0,0,0
5.976349,0,0,0,0,0,0
5.978140,0,0,0,0,0,0
5.979965,0,0,0,0,0,0
5.981791,0,0,0,0,0,0
5.983489,0,0,0,0,0,0
5.985130,0,0,0,0,0,0
5.986776,0,0,0,0,0,0
5.988975,0,0,0,0,0,0
5.990444,0,0,0,0,0,0
5.991900,0,0,0,0,0,0
5.993350,0,0,0,0,0,0
5.996640,0,0,0,0,0,0
5.998215,0,0,0,0,0,0
5.999811,0,0,0,0,0,0
6.001384,0,0,0,0,0,0
6.002945,0,0,0,0,0,0
6.004573,0,0,0,0,0,0
6.006135,0,0,0,0,0,0
6.007908,0,0,0,0,0,0
6.009735,0,0,0,0,0,0
6.011375,0,0,0,0,0,0
6.013249,0,0,0,0,0,0
6.014908,0,0,0,0,0,0
6.016546,0,0,0,0,0,0
6.018136,0,0,0,0,0,0
6.019699,0,0,0,0,0,0
6.021330,0,0,0,0,0,0
6.023067,0,0,0,0,0,0
6.024757,0,0,0,0,0,0
6.026320,0,0,0,0,0,0
6.027877,0,0,0,0,0,0
6.029652,0,0,0,0,0,0
6.031425,0,0,0,0,0,0
6.033248,0,0,0,0,0,0
6.034895,0,0,0,0,0,0
6.036742,0,0,0,0,0,0
6.038358,0,0,0,0,0,0
6.040139,0,0,0,0,0,0
6.041969,0,0,0,0,0,0
6.043793,0,0,0,0,0,0
6.045442,0,0,0,0,0,0
6.047225,0,0,0,0,0,0
6.049047,0,0,0,0,0,0
6.050879,0,0,0,0,0,0
6.052778,0,0,0,0,0,0
6.054602,0,0,0,0,0,0
6.056250,0,0,0,0,0,0
6.058039,0,0,0,0,0,0
6.059863,0,0,0,0,0,0
6.061693,0,0,0,0,0,0
6.063520,0,0,0,0,0,0
6.065340,0,0,0,0,0,0
6.067274,0,0,0,0,0,0
6.068931,0,0,0,0,0,0
6.070768,0,0,0,0,0,0
6.072575,0,0,0,0,0,0
6.074190,0,0,0,0,0,0
6.075972,0,0,0,0,0,0
6.077622,0,0,0,0,0,0
6.079395,0,0,0,0,0,0
6.081205,0,0,0,0,0,0
6.082859,0,0,0,0,0,0
6.084430,0,0,0,0,0,0
6.086380,0,0,0,0,0,0
6.088244,0,0,0,0,0,0
6.090070,0,0,0,0,0,0
6.091890,0,0,0,0,0,0
6.093717,0,0,0,0,0,0
6.095539,0,0,0,0,0,0
6.097357,0,0,0,0,0,0
6.099145,0,0,0,0,0,0
6.101001,0,0,0,0,0,0
6.102910,0,0,0,0,0,0
6.104730,0,0,0,0,0,0
6.106552,0,0,0,0,0,0
6.108370,0,0,0,0,0,0
6.110293,0,0,0,0,0,0
6.112114,0,0,0,0,0,0
6.113939,0,0,0,0,0,0
6.115761,0,0,0,0,0,0
6.117583,0,0,0,0,0,0
6.119176,0,0,0,0,0,0
6.120766,0,0,0,0,0,0
6.122339,0,0,0,0,0,0
6.123907,0,0,0,0,0,0
6.125556,0,0,0,0,0,0
6.127132,0,0,0,0,0,0
6.128918,0,0,0,0,0,0
6.130894,0,0,0,0,0,0
6.132810,0,0,0,0,0,0
6.134638,0,0,0,0,0,0
6.136465,0,0,0,0,0,0
6.138292,0,0,0,0,0,0
6.140081,0,0,0,0,0,0
6.141681,0,0,0,0,0,0
6.143314,0,0,0,0,0,0
6.144996,0,0,0,0,0,0
6.146912,0,0,0,0,0,0
6.148776,0,0,0,0,0,0
6.150588,0,0,0,0,0,0
6.152411,0,0,0,0,0,0
6.154256,0,0,0,0,0,0
6.156076,0,0,0,0,0,0
6.157893,0,0,0,0,0,0
6.159714,0,0,0,0,0,0
6.161540,0,0,0,0,0,0
6.163363,0,0,0,0,0,0
6.165085,0,0,0,0,0,0
6.166875,0,0,0,0,0,0
6.168695,0,0,0,0,0,0
6.170518,0,0,0,0,0,0
6.172338,0,0,0,0,0,0
6.174246,0,0,0,0,0,0
6.176081,0,0,0,0,0,0
6.177811,0,0,0,0,0,0
6.179599,0,0,0,0,0,0
6.181505,0,0,0,0,0,0
6.183332,0,0,0,0,0,0
6.185154,0,0,0,0,0,0
6.186787,0,0,0,0,0,0
6.188366,0,0,0,0,0,0
6.190226,0,0,0,0,0,0
6.192050,0,0,0,0,0,0
6.193877,0,0,0,0,0,0
6.195702,0,0,0,0,0,0
6.197344,0,0,0,0,0,0
6.199168,0,0,0,0,0,0
6.200776,0,0,0,0,0,0
6.202751,0,0,0,0,0,0
6.204783,0,0,0,0,0,0
6.206645,0,0,0,0,0,0
6.208435,0,0,0,0,0,0
6.210027,0,0,0,0,0,0
6.211602,0,0,0,0,0,0
6.213243,0,0,0,0,0,0
6.214820,0,0,0,0,0,0
6.216387,0,0,0,0,0,0
6.218166,0,0,0,0,0,0
6.219814,0,0,0,0,0,0
6.221479,0,0,0,0,0,0
6.223054,0,0,0,0,0,0
6.224625,0,0,0,0,0,0
6.226198,0,0,0,0,0,0
6.227769,0,0,0,0,0,0
6.229550,0,0,0,0,0,0
6.231197,0,0,0,0,0,0
6.232981,0,0,0,0,0,0
6.234748,0,0,0,0,0,0
6.236532,0,0,0,0,0,0
6.238368,0,0,0,0,0,0
6.239991,0,0,0,0,0,0
6.241774,0,0,0,0,0,0
6.243504,0,0,0,0,0,0
6.245297,0,0,0,0,0,0
6.247035,0,0,0,0,0,0
6.248762,0,0,0,0,0,0
6.250495,0,0,0,0,0,0
6.252058,0,0,0,0,0,0
6.253814,0,0,0,0,0,0
6.255548,0,0,0,0,0,0
6.257277,0,0,0,0,0,0
6.259004,0,0,0,0,0,0
6.260783,0,0,0,0,0,0
6.262344,0,0,0,0,0,0
6.263917,0,0,0,0,0,0
6.265700,0,0,0,0,0,0
6.267459,0,0,0,0,0,0
6.269072,0,0,0,0,0,0
6.270859,0,0,0,0,0,0
6.272501,0,0,0,0,0,0
6.274082,0,0,0,0,0,0
6.275673,0,0,0,0,0,0
6.277260,0,0,0,0,0,0
6.278983,0,0,0,0,0,0
6.280572,0,0,0,0,0,0
6.282132,0,0,0,0,0,0
6.283715,0,0,0,0,0,0
6.285495,0,0,0,0,0,0
6.287336,0,0,0,0,0,0
6.289026,0,0,0,0,0,0
6.290994,0,0,0,0,0,0
6.292771,0,0,0,0,0,0
6.294388,0,0,0,0,0,0
6.296167,0,0,0,0,0,0
6.297994,0,0,0,0,0,0
6.299820,0,0,0,0,0,0
6.301648,0,0,0,0,0,0
6.303474,0,0,0,0,0,0
6.305305,0,0,0,0,0,0
6.306932,0,0,0,0,0,0
6.308603,0,0,0,0,0,0
6.310182,0,0,0,0,0,0
6.311749,0,0,0,0,0,0
6.313316,0,0,0,0,0,0
6.314935,0,0,0,0,0,0
6.316590,0,0,0,0,0,0
6.318149,0,0,0,0,0,0
6.319710,0,0,0,0,0,0
6.321267,0,0,0,0,0,0
6.322836,0,0,0,0,0,0
6.324455,0,0,0,0,0,0
6.326223,0,0,0,0,0,0
6.328022,0,0,0,0,0,0
6.329602,0,0,0,0,0,0
6.331169,0,0,0,0,0,0
6.332803,0,0,0,0,0,0
6.334372,0,0,0,0,0,0
6.336145,0,0,0,0,0,0
6.337970,0,0,0,0,0,0
6.339613,0,0,0,0,0,0
6.341477,0,0,0,0,0,0
6.343302,0,0,0,0,0,0
6.345120,0,0,0,0,0,0
6.346948,0,0,0,0,0,0
6.348845,0,0,0,0,0,0
6.350614,0,0,0,0,0,0
6.352449,0,0,0,0,0,0
6.354274,0,0,0,0,0,0
6.356091,0,0,0,0,0,0
6.357933,0,0,0,0,0,0
6.359761,0,0,0,0,0,0
6.361406,0,0,0,0,0,0
6.363188,0,0,0,0,0,0
6.365087,0,0,0,0,0,0
6.366915,0,0,0,0,0,0
6.368753,0,0,0,0,0,0
6.370581,0,0,0,0,0,0
6.372425,0,0,0,0,0,0
6.374329,0,0,0,0,0,0
6.376148,0,0,0,0,0,0
6.377970,0,0,0,0,0,0
6.379801,0,0,0,0,0,0
6.381605,0,0,0,0,0,0
6.383248,0,0,0,0,0,0
6.384782,0,0,0,0,0,0
6.386349,0,0,0,0,0,0
6.388125,0,0,0,0,0,0
6.389953,0,0,0,0,0,0
6.391779,0,0,0,0,0,0
6.393628,0,0,0,0,0,0
6.395454,0,0,0,0,0,0
6.397355,0,0,0,0,0,0
6.399334,0,0,0,0,0,0
6.401157,0,0,0,0,0,0
6.403075,0,0,0,0,0,0
6.404797,0,0,0,0,0,0
6.406584,0,0,0,0,0,0
6.408408,0,0,0,0,0,0
6.410235,0,0,0,0,0,0
6.412060,0,0,0,0,0,0
6.413886,0,0,0,0,0,0
6.415732,0,0,0,0,0,0
6.417560,0,0,0,0,0,0
6.419386,0,0,0,0,0,0
6.421285,0,0,0,0,0,0
6.423116,0,0,0,0,0,0
6.424938,0,0,0,0,0,0
6.426703,0,0,0,0,0,0
6.428487,0,0,0,0,0,0
6.430324,0,0,0,0,0,0
6.431947,0,0,0,0,0,0
6.433734,0,0,0,0,0,0
6.435559,0,0,0,0,0,0
6.437203,0,0,0,0,0,0
6.438994,0,0,0,0,0,0
6.440602,0,0,0,0,0,0
6.442324,0,0,0,0,0,0
6.444018,0,0,0,0,0,0
6.445896,0,0,0,0,0,0
6.447586,0,0,0,0,0,0
6.449161,0,0,0,0,0,0
6.450939,0,0,0,0,0,0
6.452836,0,0,0,0,0,0
6.454453,0,0,0,0,0,0
6.456235,0,0,0,0,0,0
6.458080,0,0,0,0,0,0
6.459904,0,0,0,0,0,0
6.461731,0,0,0,0,0,0
6.463553,0,0,0,0,0,0
6.465534,0,0,0,0,0,0
6.467241,0,0,0,0,0,0
6.468909,0,0,0,0,0,0
6.470742,0,0,0,0,0,0
6.472566,0,0,0,0,0,0
6.474389,0,0,0,0,0,0
6.476210,0,0,0,0,0,0
6.478117,0,0,0,0,0,0
6.479960,0,0,0,0,0,0
6.481784,0,0,0,0,0,0
6.483662,0,0,0,0,0,0
6.485489,0,0,0,0,0,0
6.487302,0,0,0,0,0,0
6.488917,0,0,0,0,0,0
6.490721,0,0,0,0,0,0
6.492498,0,0,0,0,0,0
6.494129,0,0,0,0,0,0
6.495909,0,0,0,0,0,0
6.497734,0,0,0,0,0,0
6.499510,0,0,0,0,0,0
6.501154,0,0,0,0,0,0
6.503204,0,0,0,0,0,0
6.505163,0,0,0,0,0,0
6.506761,0,0,0,0,0,0
6.508618,0,0,0,0,0,0
6.510446,0,0,0,0,0,0
6.512093,0,0,0,0,0,0
6.513881,0,0,0,0,0,0
6.515693,0,0,0,0,0,0
6.517697,0,0,0,0,0,0
6.519336,0,0,0,0,0,0
6.521116,0,0,0,0,0,0
6.522761,0,0,0,0,0,0
6.524636,0,0,0,0,0,0
6.526276,0,0,0,0,0,0
6.527870,0,0,0,0,0,0
6.529658,0,0,0,0,0,0
6.531483,0,0,0,0,0,0
6.533201,0,0,0,0,0,0
6.534840,0,0,0,0,0,0
6.536409,0,0,0,0,0,0
6.538184,0,0,0,0,0,0
6.539778,0,0,0,0,0,0
6.541744,0,0,0,0,0,0
6.543566,0,0,0,0,0,0
6.545777,0,0,0,0,0,0
6.547587,0,0,0,0,0,0
6.549736,0,0,0,0,0,0
6.551365,0,0,0,0,0,0
6.552942,0,0,0,0,0,0
6.554615,0,0,0,0,0,0
6.556188,0,0,0,0,0,0
6.557763,0,0,0,0,0,0
6.559527,0,0,0,0,0,0
6.561335,0,0,0,0,0,0
6.563042,0,0,0,0,0,0
6.564667,0,0,0,0,0,0
6.566257,0,0,0,0,0,0
6.567827,0,0,0,0,0,0
6.569398,0,0,0,0,0,0
6.570967,0,0,0,0,0,0
6.572818,0,0,0,0,0,0
6.574644,0,0,0,0,0,0
6.576285,0,0,0,0,0,0
6.578072,0,0,0,0,0,0
6.580035,0,0,0,0,0,0
6.581681,0,0,0,0,0,0
6.583463,0,0,0,0,0,0
6.585287,0,0,0,0,0,0
6.587139,0,0,0,0,0,0
6.589042,0,0,0,0,0,0
6.590865,0,0,0,0,0,0
6.592675,0,0,0,0,0,0
6.594291,0,0,0,0,0,0
6.596075,0,0,0,0,0,0
6.597797,0,0,0,0,0,0
6.599584,0,0,0,0,0,0
6.601414,0,0,0,0,0,0
6.603243,0,0,0,0,0,0
6.605146,0,0,0,0,0,0
6.606979,0,0,0,0,0,0
6.608815,0,0,0,0,0,0
6.610632,0,0,0,0,0,0
6.612454,0,0,0,0,0,0
6.614360,0,0,0,0,0,0
6.616185,0,0,0,0,0,0
6.618013,0,0,0,0,0,0
6.619644,0,0,0,0,0,0
6.621643,0,0,0,0,0,0
6.623438,0,0,0,0,0,0
6.625027,0,0,0,0,0,0
6.626695,0,0,0,0,0,0
6.628499,0,0,0,0,0,0
6.630351,0,0,0,0,0,0
6.631979,0,0,0,0,0,0
6.633769,0,0,0,0,0,0
6.635595,0,0,0,0,0,0
6.637502,0,0,0,0,0,0
6.639128,0,0,0,0,0,0
6.640731,0,0,0,0,0,0
6.642533,0,0,0,0,0,0
6.644192,0,0,0,0,0,0
6.645864,0,0,0,0,0,0
6.647644,0,0,0,0,0,0
6.649472,0,0,0,0,0,0
6.651319,0,0,0,0,0,0
6.653222,0,0,0,0,0,0
6.655055,0,0,0,0,0,0
6.656876,0,0,0,0,0,0
6.658654,0,0,0,0,0,0
6.660438,0,0,0,0,0,0
6.662170,0,0,0,0,0,0
6.663956,0,0,0,0,0,0
6.665784,0,0,0,0,0,0
6.667610,0,0,0,0,0,0
6.669516,0,0,0,0,0,0
6.671343,0,0,0,0,0,0
6.673184,0,0,0,0,0,0
6.674819,0,0,0,0,0,0
6.676385,0,0,0,0,0,0
6.678026,0,0,0,0,0,0
6.679789,0,0,0,0,0,0
6.681730,0,0,0,0,0,0
6.683397,0,0,0,0,0,0
6.685080,0,0,0,0,0,0
6.686656,0,0,0,0,0,0
6.688419,0,0,0,0,0,0
6.690030,0,0,0,0,0,0
6.691806,0,0,0,0,0,0
6.693454,0,0,0,0,0,0
6.695234,0,0,0,0,0,0
6.697062,0,0,0,0,0,0
6.698910,0,0,0,0,0,0
6.700487,0,0,0,0,0,0
6.702288,0,0,0,0,0,0
6.703934,0,0,0,0,0,0
6.705718,0,0,0,0,0,0
6.707542,0,0,0,0,0,0
6.709445,0,0,0,0,0,0
6.711266,0,0,0,0,0,0
6.713076,0,0,0,0,0,0
6.714719,0,0,0,0,0,0
6.716406,0,0,0,0,0,0
6.718206,0,0,0,0,0,0
6.719936,0,0,0,0,0,0
6.721665,0,0,0,0,0,0
6.723397,0,0,0,0,0,0
6.725021,0,0,0,0,0,0
6.726851,0,0,0,0,0,0
6.728396,0,0,0,0,0,0
6.730093,0,0,0,0,0,0
6.731824,0,0,0,0,0,0
6.733557,0,0,0,0,0,0
6.735454,0,0,0,0,0,0
6.737187,0,0,0,0,0,0
6.738874,0,0,0,0,0,0
6.740642,0,0,0,0,0,0
6.742325,0,0,0,0,0,0
6.743982,0,0,0,0,0,0
6.745784,0,0,0,0,0,0
6.747630,0,0,0,0,0,0
6.749248,0,0,0,0,0,0
6.751021,0,0,0,0,0,0
6.752682,0,0,0,0,0,0
6.754466,0,0,0,0,0,0
6.756309,0,0,0,0,0,0
6.758165,0,0,0,0,0,0
6.759988,0,0,0,0,0,0
6.761812,0,0,0,0,0,0
6.763635,0,0,0,0,0,0
6.765463,0,0,0,0,0,0
6.767108,0,0,0,0,0,0
6.768888,0,0,0,0,0,0
6.770861,0,0,0,0,0,0
6.774898,0,0,0,0,0,0
6.776499,0,0,0,0,0,0
6.778121,0,0,0,0,0,0
6.779861,0,0,0,0,0,0
6.781549,0,0,0,0,0,0
6.783109,0,0,0,0,0,0
6.784680,0,0,0,0,0,0
6.786244,0,0,0,0,0,0
6.787816,0,0,0,0,0,0
6.789520,0,0,0,0,0,0
6.791087,0,0,0,0,0,0
6.792645,0,0,0,0,0,0
6.794207,0,0,0,0,0,0
6.795786,0,0,0,0,0,0
6.797353,0,0,0,0,0,0
6.799157,0,0,0,0,0,0
6.800790,0,0,0,0,0,0
6.802532,0,0,0,0,0,0
6.804232,0,0,0,0,0,0
6.806139,0,0,0,0,0,0
6.807904,0,0,0,0,0,0
6.809487,0,0,0,0,0,0
6.811080,0,0,0,0,0,0
6.812732,0,0,0,0,0,0
6.814305,0,0,0,0,0,0
6.815874,0,0,0,0,0,0
6.817651,0,0,0,0,0,0
6.819476,0,0,0,0,0,0
6.821548,0,0,0,0,0,0
6.823185,0,0,0,0,0,0
6.824969,0,0,0,0,0,0
6.826950,0,0,0,0,0,0
6.828852,0,0,0,0,0,0
6.830782,0,0,0,0,0,0
6.832425,0,0,0,0,0,0
6.834213,0,0,0,0,0,0
6.836027,0,0,0,0,0,0
6.837648,0,0,0,0,0,0
6.839285,0,0,0,0,0,0
6.840860,0,0,0,0,0,0
6.842447,0,0,0,0,0,0
6.844019,0,0,0,0,0,0
6.845594,0,0,0,0,0,0
6.847163,0,0,0,0,0,0
6.848936,0,0,0,0,0,0
6.850937,0,0,0,0,0,0
6.852660,0,0,0,0,0,0
6.854448,0,0,0,0,0,0
6.856278,0,0,0,0,0,0
6.858104,0,0,0,0,0,0
6.859916,0,0,0,0,0,0
6.861779,0,0,0,0,0,0
6.863601,0,0,0,0,0,0
6.865307,0,0,0,0,0,0
6.867207,0,0,0,0,0,0
6.869123,0,0,0,0,0,0
6.870752,0,0,0,0,0,0
6.872532,0,0,0,0,0,0
6.874184,0,0,0,0,0,0
6.875973,0,0,0,0,0,0
6.877801,0,0,0,0,0,0
6.879627,0,0,0,0,0,0
6.881454,0,0,0,0,0,0
6.883281,0,0,0,0,0,0
6.885203,0,0,0,0,0,0
6.887038,0,0,0,0,0,0
6.888861,0,0,0,0,0,0
6.890840,0,0,0,0,0,0
6.892744,0,0,0,0,0,0
6.894572,0,0,0,0,0,0
6.896219,0,0,0,0,0,0
6.898006,0,0,0,0,0,0
6.899832,0,0,0,0,0,0
6.901663,0,0,0,0,0,0
6.903477,0,0,0,0,0,0
6.905286,0,0,0,0,0,0
6.906930,0,0,0,0,0,0
6.908792,0,0,0,0,0,0
6.910618,0,0,0,0,0,0
6.912443,0,0,0,0,0,0
6.914271,0,0,0,0,0,0
6.916097,0,0,0,0,0,0
6.917820,0,0,0,0,0,0
6.919594,0,0,0,0,0,0
6.921588,0,0,0,0,0,0
6.923528,0,0,0,0,0,0
6.925183,0,0,0,0,0,0
6.926754,0,0,0,0,0,0
6.928350,0,0,0,0,0,0
6.929971,0,0,0,0,0,0
6.931550,0,0,0,0,0,0
6.933560,0,0,0,0,0,0
6.935392,0,0,0,0,0,0
6.937212,0,0,0,0,0,0
6.938862,0,0,0,0,0,0
6.940723,0,0,0,0,0,0
6.942548,0,0,0,0,0,0
6.944373,0,0,0,0,0,0
6.946202,0,0,0,0,0,0
6.948026,0,0,0,0,0,0
6.949949,0,0,0,0,0,0
6.951775,0,0,0,0,0,0
6.953602,0,0,0,0,0,0
6.955428,0,0,0,0,0,0
6.957328,0,0,0,0,0,0
6.959189,0,0,0,0,0,0
6.960782,0,0,0,0,0,0
6.962563,0,0,0,0,0,0
6.964387,0,0,0,0,0,0
6.966294,0,0,0,0,0,0
6.968130,0,0,0,0,0,0
6.970045,0,0,0,0,0,0
6.971681,0,0,0,0,0,0
6.973324,0,0,0,0,0,0
6.974861,0,0,0,0,0,0
6.976422,0,0,0,0,0,0
6.977982,0,0,0,0,0,0
6.979743,0,0,0,0,0,0
6.983413,0,0,0,0,0,0
6.985032,0,0,0,0,0,0
6.986798,0,0,0,0,0,0
6.988374,0,0,0,0,0,0
6.990024,0,0,0,0,0,0
6.991597,0,0,0,0,0,0
6.993202,0,0,0,0,0,0
6.994825,0,0,0,0,0,0
6.996395,0,0,0,0,0,0
6.998033,0,0,0,0,0,0
6.999602,0,0,0,0,0,0
7.001172,0,0,0,0,0,0
7.002745,0,0,0,0,0,0
7.004342,0,0,0,0,0,0
7.006135,0,0,0,0,0,0
7.007949,0,0,0,0,0,0
7.009661,0,0,0,0,0,0
7.011496,0,0,0,0,0,0
7.013126,0,0,0,0,0,0
7.014934,0,0,0,0,0,0
7.016753,0,0,0,0,0,0
7.018575,0,0,0,0,0,0
7.020397,0,0,0,0,0,0
7.022306,0,0,0,0,0,0
7.024130,0,0,0,0,0,0
7.025776,0,0,0,0,0,0
7.027548,0,0,0,0,0,0
7.029166,0,0,0,0,0,0
7.031106,0,0,0,0,0,0
7.032563,0,0,0,0,0,0
7.034020,0,0,0,0,0,0
7.035473,0,0,0,0,0,0
7.036991,0,0,0,0,0,0
7.038438,0,0,0,0,0,0
7.039880,0,0,0,0,0,0
7.041328,0,0,0,0,0,0
7.043055,0,0,0,0,0,0
7.046049,0,0,0,0,0,0
7.047637,0,0,0,0,0,0
7.049202,0,0,0,0,0,0
7.050770,0,0,0,0,0,0
7.052341,0,0,0,0,0,0
7.053922,0,0,0,0,0,0
7.055697,0,0,0,0,0,0
7.057528,0,0,0,0,0,0
7.059359,0,0,0,0,0,0
7.061247,0,0,0,0,0,0
7.062845,0,0,0,0,0,0
7.064423,0,0,0,0,0,0
7.066204,0,0,0,0,0,0
7.068031,0,0,0,0,0,0
7.069754,0,0,0,0,0,0
7.071542,0,0,0,0,0,0
7.073364,0,0,0,0,0,0
7.075353,0,0,0,0,0,0
7.077255,0,0,0,0,0,0
7.079087,0,0,0,0,0,0
7.080927,0,0,0,0,0,0
7.082898,0,0,0,0,0,0
7.084707,0,0,0,0,0,0
7.086402,0,0,0,0,0,0
7.088092,0,0,0,0,0,0
7.089791,0,0,0,0,0,0
7.091355,0,0,0,0,0,0
7.093136,0,0,0,0,0,0
7.094765,0,0,0,0,0,0
7.096541,0,0,0,0,0,0
7.098361,0,0,0,0,0,0
7.100172,0,0,0,0,0,0
7.102052,0,0,0,0,0,0
7.103614,0,0,0,0,0,0
7.105479,0,0,0,0,0,0
7.107195,0,0,0,0,0,0
7.109054,0,0,0,0,0,0
7.110881,0,0,0,0,0,0
7.112515,0,0,0,0,0,0
7.114086,0,0,0,0,0,0
7.115864,0,0,0,0,0,0
7.117693,0,0,0,0,0,0
7.119518,0,0,0,0,0,0
7.121338,0,0,0,0,0,0
7.123037,0,0,0,0,0,0
7.124691,0,0,0,0,0,0
7.126467,0,0,0,0,0,0
7.128287,0,0,0,0,0,0
7.129938,0,0,0,0,0,0
7.131733,0,0,0,0,0,0
7.133461,0,0,0,0,0,0
7.135247,0,0,0,0,0,0
7.137072,0,0,0,0,0,0
7.138905,0,0,0,0,0,0
7.140806,0,0,0,0,0,0
7.142632,0,0,0,0,0,0
7.144479,0,0,0,0,0,0
7.146307,0,0,0,0,0,0
7.148134,0,0,0,0,0,0
7.149961,0,0,0,0,0,0
7.151788,0,0,0,0,0,0
7.153618,0,0,0,0,0,0
7.155265,0,0,0,0,0,0
7.157127,0,0,0,0,0,0
7.158951,0,0,0,0,0,0
7.160758,0,0,0,0,0,0
7.162555,0,0,0,0,0,0
7.164218,0,0,0,0,0,0
7.166096,0,0,0,0,0,0
7.167740,0,0,0,0,0,0
7.169319,0,0,0,0,0,0
7.170953,0,0,0,0,0,0
7.172604,0,0,0,0,0,0
7.174179,0,0,0,0,0,0
7.175747,0,0,0,0,0,0
7.177333,0,0,0,0,0,0
7.179112,0,0,0,0,0,0
7.181013,0,0,0,0,0,0
7.183012,0,0,0,0,0,0
7.184836,0,0,0,0,0,0
7.186660,0,0,0,0,0,0
7.188501,0,0,0,0,0,0
7.190136,0,0,0,0,0,0
7.191918,0,0,0,0,0,0
7.193747,0,0,0,0,0,0
7.195573,0,0,0,0,0,0
7.197480,0,0,0,0,0,0
7.199126,0,0,0,0,0,0
7.200911,0,0,0,0,0,0
7.202673,0,0,0,0,0,0
7.204456,0,0,0,0,0,0
7.206091,0,0,0,0,0,0
7.207669,0,0,0,0,0,0
7.209473,0,0,0,0,0,0
7.211300,0,0,0,0,0,0
7.213201,0,0,0,0,0,0
7.215035,0,0,0,0,0,0
7.216858,0,0,0,0,0,0
7.218824,0,0,0,0,0,0
7.220459,0,0,0,0,0,0
7.222325,0,0,0,0,0,0
7.223985,0,0,0,0,0,0
7.225874,0,0,0,0,0,0
7.227709,0,0,0,0,0,0
7.229330,0,0,0,0,0,0
7.231137,0,0,0,0,0,0
7.232959,0,0,0,0,0,0
7.234744,0,0,0,0,0,0
7.236319,0,0,0,0,0,0
7.237973,0,0,0,0,0,0
7.239541,0,0,0,0,0,0
7.241126,0,0,0,0,0,0
7.242699,0,0,0,0,0,0
7.244470,0,0,0,0,0,0
7.246303,0,0,0,0,0,0
7.247925,0,0,0,0,0,0
7.249706,0,0,0,0,0,0
7.251551,0,0,0,0,0,0
7.253451,0,0,0,0,0,0
7.255274,0,0,0,0,0,0
7.257093,0,0,0,0,0,0
7.258921,0,0,0,0,0,0
7.260818,0,0,0,0,0,0
7.262459,0,0,0,0,0,0
7.264242,0,0,0,0,0,0
7.266069,0,0,0,0,0,0
7.267893,0,0,0,0,0,0
7.269722,0,0,0,0,0,0
7.271546,0,0,0,0,0,0
7.273543,0,0,0,0,0,0
7.275178,0,0,0,0,0,0
7.277043,0,0,0,0,0,0
7.278867,0,0,0,0,0,0
7.280673,0,0,0,0,0,0
7.282400,0,0,0,0,0,0
7.284077,0,0,0,0,0,0
7.285964,0,0,0,0,0,0
7.287807,0,0,0,0,0,0
7.289457,0,0,0,0,0,0
7.291240,0,0,0,0,0,0
7.293136,0,0,0,0,0,0
7.294958,0,0,0,0,0,0
7.296535,0,0,0,0,0,0
7.298307,0,0,0,0,0,0
7.300127,0,0,0,0,0,0
7.301950,0,0,0,0,0,0
7.303771,0,0,0,0,0,0
7.305418,0,0,0,0,0,0
7.307201,0,0,0,0,0,0
7.309099,0,0,0,0,0,0
7.310927,0,0,0,0,0,0
7.312746,0,0,0,0,0,0
7.314565,0,0,0,0,0,0
7.316379,0,0,0,0,0,0
7.318048,0,0,0,0,0,0
7.319614,0,0,0,0,0,0
7.321176,0,0,0,0,0,0
7.322822,0,0,0,0,0,0
7.324380,0,0,0,0,0,0
7.326011,0,0,0,0,0,0
7.327589,0,0,0,0,0,0
7.329482,0,0,0,0,0,0
7.331139,0,0,0,0,0,0
7.333008,0,0,0,0,0,0
7.334973,0,0,0,0,0,0
7.336798,0,0,0,0,0,0
7.338436,0,0,0,0,0,0
7.340205,0,0,0,0,0,0
7.341901,0,0,0,0,0,0
7.343917,0,0,0,0,0,0
7.345799,0,0,0,0,0,0
7.347710,0,0,0,0,0,0
7.349343,0,0,0,0,0,0
7.351038,0,0,0,0,0,0
7.352667,0,0,0,0,0,0
7.354244,0,0,0,0,0,0
7.355811,0,0,0,0,0,0
7.357690,0,0,0,0,0,0
7.359418,0,0,0,0,0,0
7.360978,0,0,0,0,0,0
7.362755,0,0,0,0,0,0
7.364322,0,0,0,0,0,0
7.365906,0,0,0,0,0,0
7.367679,0,0,0,0,0,0
7.369298,0,0,0,0,0,0
7.370904,0,0,0,0,0,0
7.372759,0,0,0,0,0,0
7.374585,0,0,0,0,0,0
7.376408,0,0,0,0,0,0
7.378234,0,0,0,0,0,0
7.380023,0,0,0,0,0,0
7.381704,0,0,0,0,0,0
7.383359,0,0,0,0,0,0
7.384941,0,0,0,0,0,0
7.386658,0,0,0,0,0,0
7.388228,0,0,0,0,0,0
7.389871,0,0,0,0,0,0
7.391441,0,0,0,0,0,0
7.393040,0,0,0,0,0,0
7.394739,0,0,0,0,0,0
7.396514,0,0,0,0,0,0
7.398351,0,0,0,0,0,0
7.400005,0,0,0,0,0,0
7.402149,0,0,0,0,0,0
7.403938,0,0,0,0,0,0
7.405546,0,0,0,0,0,0
7.407180,0,0,0,0,0,0
7.408848,0,0,0,0,0,0
7.410411,0,0,0,0,0,0
7.412034,0,0,0,0,0,0
7.413604,0,0,0,0,0,0
7.415185,0,0,0,0,0,0
7.416752,0,0,0,0,0,0
7.418321,0,0,0,0,0,0
7.419884,0,0,0,0,0,0
7.421664,0,0,0,0,0,0
7.423454,0,0,0,0,0,0
7.425047,0,0,0,0,0,0
7.426863,0,0,0,0,0,0
7.428443,0,0,0,0,0,0
7.430085,0,0,0,0,0,0
7.431655,0,0,0,0,0,0
7.433434,0,0,0,0,0,0
7.435260,0,0,0,0,0,0
7.436982,0,0,0,0,0,0
7.438926,0,0,0,0,0,0
7.440751,0,0,0,0,0,0
7.442576,0,0,0,0,0,0
7.444404,0,0,0,0,0,0
7.446311,0,0,0,0,0,0
7.448159,0,0,0,0,0,0
7.449987,0,0,0,0,0,0
7.451812,0,0,0,0,0,0
7.453642,0,0,0,0,0,0
7.455468,0,0,0,0,0,0
7.457290,0,0,0,0,0,0
7.458932,0,0,0,0,0,0
7.460778,0,0,0,0,0,0
7.462505,0,0,0,0,0,0
7.464365,0,0,0,0,0,0
7.466191,0,0,0,0,0,0
7.468040,0,0,0,0,0,0
7.469959,0,0,0,0,0,0
7.471782,0,0,0,0,0,0
7.473608,0,0,0,0,0,0
7.475431,0,0,0,0,0,0
7.477329,0,0,0,0,0,0
7.478966,0,0,0,0,0,0
7.480759,0,0,0,0,0,0
7.482582,0,0,0,0,0,0
7.484403,0,0,0,0,0,0
7.486310,0,0,0,0,0,0
7.488130,0,0,0,0,0,0
7.489757,0,0,0,0,0,0
7.491565,0,0,0,0,0,0
7.493470,0,0,0,0,0,0
7.495294,0,0,0,0,0,0
7.497115,0,0,0,0,0,0
7.498943,0,0,0,0,0,0
7.500839,0,0,0,0,0,0
7.502615,0,0,0,0,0,0
7.504397,0,0,0,0,0,0
7.506225,0,0,0,0,0,0
7.508048,0,0,0,0,0,0
7.509874,0,0,0,0,0,0
7.511696,0,0,0,0,0,0
7.513594,0,0,0,0,0,0
7.515418,0,0,0,0,0,0
7.517316,0,0,0,0,0,0
7.519035,0,0,0,0,0,0
7.520805,0,0,0,0,0,0
7.522523,0,0,0,0,0,0
7.524229,0,0,0,0,0,0
7.526171,0,0,0,0,0,0
7.527990,0,0,0,0,0,0
7.529814,0,0,0,0,0,0
7.531445,0,0,0,0,0,0
7.533314,0,0,0,0,0,0
7.535167,0,0,0,0,0,0
7.536786,0,0,0,0,0,0
7.538570,0,0,0,0,0,0
7.540191,0,0,0,0,0,0
7.541846,0,0,0,0,0,0
7.543610,0,0,0,0,0,0
7.545242,0,0,0,0,0,0
7.546840,0,0,0,0,0,0
7.548401,0,0,0,0,0,0
7.550043,0,0,0,0,0,0
7.551811,0,0,0,0,0,0
7.553553,0,0,0,0,0,0
7.555304,0,0,0,0,0,0
7.557224,0,0,0,0,0,0
7.559057,0,0,0,0,0,0
7.560880,0,0,0,0,0,0
7.562854,0,0,0,0,0,0
7.564755,0,0,0,0,0,0
7.566575,0,0,0,0,0,0
7.568222,0,0,0,0,0,0
7.570011,0,0,0,0,0,0
7.571818,0,0,0,0,0,0
7.573743,0,0,0,0,0,0
7.575602,0,0,0,0,0,0
7.577431,0,0,0,0,0,0
7.579258,0,0,0,0,0,0
7.581141,0,0,0,0,0,0
7.582927,0,0,0,0,0,0
7.584497,0,0,0,0,0,0
7.586123,0,0,0,0,0,0
7.587692,0,0,0,0,0,0
7.589337,0,0,0,0,0,0
7.590898,0,0,0,0,0,0
7.592457,0,0,0,0,0,0
7.594017,0,0,0,0,0,0
7.595789,0,0,0,0,0,0
7.597414,0,0,0,0,0,0
7.599198,0,0,0,0,0,0
7.600839,0,0,0,0,0,0
7.602617,0,0,0,0,0,0
7.604440,0,0,0,0,0,0
7.606343,0,0,0,0,0,0
7.608166,0,0,0,0,0,0
7.609992,0,0,0,0,0,0
7.611636,0,0,0,0,0,0
7.613496,0,0,0,0,0,0
7.615318,0,0,0,0,0,0
7.617133,0,0,0,0,0,0
7.618960,0,0,0,0,0,0
7.620861,0,0,0,0,0,0
7.622631,0,0,0,0,0,0
7.624411,0,0,0,0,0,0
7.626237,0,0,0,0,0,0
7.628061,0,0,0,0,0,0
7.629882,0,0,0,0,0,0
7.631782,0,0,0,0,0,0
7.633435,0,0,0,0,0,0
7.635218,0,0,0,0,0,0
7.637113,0,0,0,0,0,0
7.638744,0,0,0,0,0,0
7.640515,0,0,0,0,0,0
7.642404,0,0,0,0,0,0
7.644039,0,0,0,0,0,0
7.645614,0,0,0,0,0,0
7.647213,0,0,0,0,0,0
7.648781,0,0,0,0,0,0
7.650350,0,0,0,0,0,0
7.651917,0,0,0,0,0,0
7.653699,0,0,0,0,0,0
7.655342,0,0,0,0,0,0
7.657125,0,0,0,0,0,0
7.658956,0,0,0,0,0,0
7.660858,0,0,0,0,0,0
7.662634,0,0,0,0,0,0
7.664417,0,0,0,0,0,0
7.666262,0,0,0,0,0,0
7.668088,0,0,0,0,0,0
7.669917,0,0,0,0,0,0
7.671743,0,0,0,0,0,0
7.673570,0,0,0,0,0,0
7.675397,0,0,0,0,0,0
7.677116,0,0,0,0,0,0
7.678909,0,0,0,0,0,0
7.680731,0,0,0,0,0,0
7.682555,0,0,0,0,0,0
7.684379,0,0,0,0,0,0
7.686286,0,0,0,0,0,0
7.688130,0,0,0,0,0,0
7.689958,0,0,0,0,0,0
7.691777,0,0,0,0,0,0
7.693599,0,0,0,0,0,0
7.695382,0,0,0,0,0,0
7.697206,0,0,0,0,0,0
7.698852,0,0,0,0,0,0
7.700697,0,0,0,0,0,0
7.702562,0,0,0,0,0,0
7.704215,0,0,0,0,0,0
7.705774,0,0,0,0,0,0
7.707629,0,0,0,0,0,0
7.709273,0,0,0,0,0,0
7.711063,0,0,0,0,0,0
7.712883,0,0,0,0,0,0
7.714876,0,0,0,0,0,0
7.716635,0,0,0,0,0,0
7.718422,0,0,0,0,0,0
7.720066,0,0,0,0,0,0
7.721852,0,0,0,0,0,0
7.723676,0,0,0,0,0,0
7.725504,0,0,0,0,0,0
7.727326,0,0,0,0,0,0
7.729147,0,0,0,0,0,0
7.730992,0,0,0,0,0,0
7.732975,0,0,0,0,0,0
7.734721,0,0,0,0,0,0
7.736500,0,0,0,0,0,0
7.738329,0,0,0,0,0,0
7.740156,0,0,0,0,0,0
7.741877,0,0,0,0,0,0
7.743665,0,0,0,0,0,0
7.745491,0,0,0,0,0,0
7.747315,0,0,0,0,0,0
7.749216,0,0,0,0,0,0
7.751050,0,0,0,0,0,0
7.752892,0,0,0,0,0,0
7.754663,0,0,0,0,0,0
7.756446,0,0,0,0,0,0
7.758354,0,0,0,0,0,0
7.760165,0,0,0,0,0,0
7.761781,0,0,0,0,0,0
7.763374,0,0,0,0,0,0
7.765265,0,0,0,0,0,0
7.766927,0,0,0,0,0,0
7.768736,0,0,0,0,0,0
7.770560,0,0,0,0,0,0
7.772386,0,0,0,0,0,0
7.774310,0,0,0,0,0,0
7.776135,0,0,0,0,0,0
7.777961,0,0,0,0,0,0
7.779785,0,0,0,0,0,0
7.781612,0,0,0,0,0,0
7.783435,0,0,0,0,0,0
7.785077,0,0,0,0,0,0
7.786864,0,0,0,0,0,0
7.788778,0,0,0,0,0,0
7.790442,0,0,0,0,0,0
7.792229,0,0,0,0,0,0
7.794056,0,0,0,0,0,0
7.795900,0,0,0,0,0,0
7.797730,0,0,0,0,0,0
7.799557,0,0,0,0,0,0
7.801531,0,0,0,0,0,0
7.803236,0,0,0,0,0,0
7.804889,0,0,0,0,0,0
7.806538,0,0,0,0,0,0
7.808316,0,0,0,0,0,0
7.810143,0,0,0,0,0,0
7.811968,0,0,0,0,0,0
7.813798,0,0,0,0,0,0
7.815622,0,0,0,0,0,0
7.817470,0,0,0,0,0,0
7.819283,0,0,0,0,0,0
7.821169,0,0,0,0,0,0
7.822821,0,0,0,0,0,0
7.824725,0,0,0,0,0,0
7.826382,0,0,0,0,0,0
7.828206,0,0,0,0,0,0
7.830116,0,0,0,0,0,0
7.831942,0,0,0,0,0,0
7.833772,0,0,0,0,0,0
7.835596,0,0,0,0,0,0
7.837503,0,0,0,0,0,0
7.839351,0,0,0,0,0,0
7.841172,0,0,0,0,0,0
7.842830,0,0,0,0,0,0
7.844405,0,0,0,0,0,0
7.846262,0,0,0,0,0,0
7.848088,0,0,0,0,0,0
7.849736,0,0,0,0,0,0
7.851522,0,0,0,0,0,0
7.853430,0,0,0,0,0,0
7.855254,0,0,0,0,0,0
7.857074,0,0,0,0,0,0
7.858898,0,0,0,0,0,0
7.860861,0,0,0,0,0,0
7.862858,0,0,0,0,0,0
7.864755,0,0,0,0,0,0
7.866581,0,0,0,0,0,0
7.868405,0,0,0,0,0,0
7.870315,0,0,0,0,0,0
7.871961,0,0,0,0,0,0
7.873748,0,0,0,0,0,0
7.875574,0,0,0,0,0,0
7.877478,0,0,0,0,0,0
7.879290,0,0,0,0,0,0
7.881097,0,0,0,0,0,0
7.882880,0,0,0,0,0,0
7.884625,0,0,0,0,0,0
7.886257,0,0,0,0,0,0
7.887838,0,0,0,0,0,0
7.889410,0,0,0,0,0,0
7.890978,0,0,0,0,0,0
7.892612,0,0,0,0,0,0
7.894192,0,0,0,0,0,0
7.895963,0,0,0,0,0,0
7.897790,0,0,0,0,0,0
7.899612,0,0,0,0,0,0
7.901514,0,0,0,0,0,0
7.903822,0,0,0,0,0,0
7.906125,0,0,0,0,0,0
7.907739,0,0,0,0,0,0
7.909317,0,0,0,0,0,0
7.910960,0,0,0,0,0,0
7.912574,0,0,0,0,0,0
7.914134,0,0,0,0,0,0
7.915694,0,0,0,0,0,0
7.917346,0,0,0,0,0,0
7.918925,0,0,0,0,0,0
7.920484,0,0,0,0,0,0
7.922121,0,0,0,0,0,0
7.923682,0,0,0,0,0,0
7.925242,0,0,0,0,0,0
7.927114,0,0,0,0,0,0
7.928957,0,0,0,0,0,0
7.930932,0,0,0,0,0,0
7.932635,0,0,0,0,0,0
7.934429,0,0,0,0,0,0
7.936256,0,0,0,0,0,0
7.938083,0,0,0,0,0,0
7.939716,0,0,0,0,0,0
7.941633,0,0,0,0,0,0
7.943404,0,0,0,0,0,0
7.945236,0,0,0,0,0,0
7.946879,0,0,0,0,0,0
7.948458,0,0,0,0,0,0
7.950331,0,0,0,0,0,0
7.952145,0,0,0,0,0,0
7.953757,0,0,0,0,0,0
7.955540,0,0,0,0,0,0
7.957446,0,0,0,0,0,0
7.959272,0,0,0,0,0,0
7.960915,0,0,0,0,0,0
7.962630,0,0,0,0,0,0
7.964406,0,0,0,0,0,0
7.966312,0,0,0,0,0,0
7.968136,0,0,0,0,0,0
7.970426,0,0,0,0,0,0
7.972026,0,0,0,0,0,0
7.973612,0,0,0,0,0,0
7.975175,0,0,0,0,0,0
7.976736,0,0,0,0,0,0
7.978298,0,0,0,0,0,0
7.980074,0,0,0,0,0,0
7.981903,0,0,0,0,0,0
7.983550,0,0,0,0,0,0
7.985332,0,0,0,0,0,0
7.987026,0,0,0,0,0,0
7.988883,0,0,0,0,0,0
7.990787,0,0,0,0,0,0
7.992609,0,0,0,0,0,0
7.994456,0,0,0,0,0,0
7.996283,0,0,0,0,0,0
7.998190,0,0,0,0,0,0
8.000002,0,0,0,0,0,0
8.001635,0,0,0,0,0,0
8.003653,0,0,0,0,0,0
8.005349,0,0,0,0,0,0
8.006920,0,0,0,0,0,0
8.008480,0,0,0,0,0,0
8.010052,0,0,0,0,0,0
8.011928,0,0,0,0,0,0
8.013759,0,0,0,0,0,0
8.015601,0,0,0,0,0,0
8.017427,0,0,0,0,0,0
8.019252,0,0,0,0,0,0
8.021149,0,0,0,0,0,0
8.022960,0,0,0,0,0,0
8.024684,0,0,0,0,0,0
8.026252,0,0,0,0,0,0
8.027942,0,0,0,0,0,0
8.029465,0,0,0,0,0,0
8.031154,0,0,0,0,0,0
8.032902,0,0,0,0,0,0
8.034875,0,0,0,0,0,0
8.036792,0,0,0,0,0,0
8.038614,0,0,0,0,0,0
8.040435,0,0,0,0,0,0
8.042259,0,0,0,0,0,0
8.044086,0,0,0,0,0,0
8.045914,0,0,0,0,0,0
8.047562,0,0,0,0,0,0
8.049346,0,0,0,0,0,0
8.051142,0,0,0,0,0,0
8.052797,0,0,0,0,0,0
8.054578,0,0,0,0,0,0
8.056404,0,0,0,0,0,0
8.058252,0,0,0,0,0,0
8.060064,0,0,0,0,0,0
8.061707,0,0,0,0,0,0
8.063424,0,0,0,0,0,0
8.065259,0,0,0,0,0,0
8.066901,0,0,0,0,0,0
8.068493,0,0,0,0,0,0
8.070302,0,0,0,0,0,0
8.072127,0,0,0,0,0,0
8.073957,0,0,0,0,0,0
8.075781,0,0,0,0,0,0
8.077608,0,0,0,0,0,0
8.079455,0,0,0,0,0,0
8.081277,0,0,0,0,0,0
8.083101,0,0,0,0,0,0
8.084986,0,0,0,0,0,0
8.087000,0,0,0,0,0,0
8.088822,0,0,0,0,0,0
8.090466,0,0,0,0,0,0
8.092250,0,0,0,0,0,0
8.094157,0,0,0,0,0,0
8.095982,0,0,0,0,0,0
8.097809,0,0,0,0,0,0
8.099633,0,0,0,0,0,0
8.101278,0,0,0,0,0,0
8.103068,0,0,0,0,0,0
8.104892,0,0,0,0,0,0
8.106866,0,0,0,0,0,0
8.108769,0,0,0,0,0,0
8.110594,0,0,0,0,0,0
8.114071,0,0,0,0,0,0
8.115709,0,0,0,0,0,0
8.117315,0,0,0,0,0,0
8.118849,0,0,0,0,0,0
8.120372,0,0,0,0,0,0
8.121893,0,0,0,0,0,0
8.123542,0,0,0,0,0,0
8.125093,0,0,0,0,0,0
8.126762,0,0,0,0,0,0
8.128333,0,0,0,0,0,0
8.129902,0,0,0,0,0,0
8.131467,0,0,0,0,0,0
8.133039,0,0,0,0,0,0
8.134754,0,0,0,0,0,0
8.136530,0,0,0,0,0,0
8.138354,0,0,0,0,0,0
8.140180,0,0,0,0,0,0
8.142088,0,0,0,0,0,0
8.143915,0,0,0,0,0,0
8.145761,0,0,0,0,0,0
8.147587,0,0,0,0,0,0
8.149494,0,0,0,0,0,0
8.151319,0,0,0,0,0,0
8.153141,0,0,0,0,0,0
8.154973,0,0,0,0,0,0
8.156698,0,0,0,0,0,0
8.158487,0,0,0,0,0,0
8.160313,0,0,0,0,0,0
8.162139,0,0,0,0,0,0
8.163965,0,0,0,0,0,0
8.165797,0,0,0,0,0,0
8.167644,0,0,0,0,0,0
8.169474,0,0,0,0,0,0
8.171300,0,0,0,0,0,0
8.173201,0,0,0,0,0,0
8.175034,0,0,0,0,0,0
8.176858,0,0,0,0,0,0
8.178630,0,0,0,0,0,0
8.180400,0,0,0,0,0,0
8.182331,0,0,0,0,0,0
8.183992,0,0,0,0,0,0
8.185871,0,0,0,0,0,0
8.187721,0,0,0,0,0,0
8.189365,0,0,0,0,0,0
8.191293,0,0,0,0,0,0
8.193117,0,0,0,0,0,0
8.194949,0,0,0,0,0,0
8.196850,0,0,0,0,0,0
8.198469,0,0,0,0,0,0
8.200070,0,0,0,0,0,0
8.201855,0,0,0,0,0,0
8.203681,0,0,0,0,0,0
8.205512,0,0,0,0,0,0
8.207394,0,0,0,0,0,0
8.209217,0,0,0,0,0,0
8.211070,0,0,0,0,0,0
8.212971,0,0,0,0,0,0
8.214953,0,0,0,0,0,0
8.216776,0,0,0,0,0,0
8.218602,0,0,0,0,0,0
8.220428,0,0,0,0,0,0
8.222155,0,0,0,0,0,0
8.223940,0,0,0,0,0,0
8.225769,0,0,0,0,0,0
8.227597,0,0,0,0,0,0
8.229501,0,0,0,0,0,0
8.231327,0,0,0,0,0,0
8.233170,0,0,0,0,0,0
8.234827,0,0,0,0,0,0
8.236403,0,0,0,0,0,0
8.238261,0,0,0,0,0,0
8.240074,0,0,0,0,0,0
8.241721,0,0,0,0,0,0
8.243523,0,0,0,0,0,0
8.245458,0,0,0,0,0,0
8.247172,0,0,0,0,0,0
8.248951,0,0,0,0,0,0
8.250982,0,0,0,0,0,0
8.252883,0,0,0,0,0,0
8.254811,0,0,0,0,0,0
8.256632,0,0,0,0,0,0
8.258455,0,0,0,0,0,0
8.260277,0,0,0,0,0,0
8.262187,0,0,0,0,0,0
8.264012,0,0,0,0,0,0
8.265662,0,0,0,0,0,0
8.267445,0,0,0,0,0,0
8.269346,0,0,0,0,0,0
8.270979,0,0,0,0,0,0
8.272760,0,0,0,0,0,0
8.274387,0,0,0,0,0,0
8.276189,0,0,0,0,0,0
8.278096,0,0,0,0,0,0
8.279919,0,0,0,0,0,0
8.281741,0,0,0,0,0,0
8.283563,0,0,0,0,0,0
8.285465,0,0,0,0,0,0
8.287111,0,0,0,0,0,0
8.288890,0,0,0,0,0,0
8.290718,0,0,0,0,0,0
8.292295,0,0,0,0,0,0
8.294116,0,0,0,0,0,0
8.295947,0,0,0,0,0,0
8.297796,0,0,0,0,0,0
8.299609,0,0,0,0,0,0
8.301636,0,0,0,0,0,0
8.303548,0,0,0,0,0,0
8.305323,0,0,0,0,0,0
8.307004,0,0,0,0,0,0
8.308673,0,0,0,0,0,0
8.310451,0,0,0,0,0,0
8.312108,0,0,0,0,0,0
8.313930,0,0,0,0,0,0
8.315753,0,0,0,0,0,0
8.317911,0,0,0,0,0,0
8.319570,0,0,0,0,0,0
8.321140,0,0,0,0,0,0
8.322891,0,0,0,0,0,0
8.324445,0,0,0,0,0,0
8.326079,0,0,0,0,0,0
8.327848,0,0,0,0,0,0
8.329712,0,0,0,0,0,0
8.331360,0,0,0,0,0,0
8.333230,0,0,0,0,0,0
8.334888,0,0,0,0,0,0
8.336676,0,0,0,0,0,0
8.338498,0,0,0,0,0,0
8.340321,0,0,0,0,0,0
8.342249,0,0,0,0,0,0
8.344072,0,0,0,0,0,0
8.345895,0,0,0,0,0,0
8.347717,0,0,0,0,0,0
8.349543,0,0,0,0,0,0
8.351363,0,0,0,0,0,0
8.353008,0,0,0,0,0,0
8.354972,0,0,0,0,0,0
8.356867,0,0,0,0,0,0
8.358777,0,0,0,0,0,0
8.360585,0,0,0,0,0,0
8.362400,0,0,0,0,0,0
8.364080,0,0,0,0,0,0
8.365972,0,0,0,0,0,0
8.367808,0,0,0,0,0,0
8.369437,0,0,0,0,0,0
8.371204,0,0,0,0,0,0
8.373093,0,0,0,0,0,0
8.374871,0,0,0,0,0,0
8.376745,0,0,0,0,0,0
8.378566,0,0,0,0,0,0
8.380351,0,0,0,0,0,0
8.382216,0,0,0,0,0,0
8.384042,0,0,0,0,0,0
8.385891,0,0,0,0,0,0
8.387716,0,0,0,0,0,0
8.389546,0,0,0,0,0,0
8.391372,0,0,0,0,0,0
8.393196,0,0,0,0,0,0
8.395029,0,0,0,0,0,0
8.396755,0,0,0,0,0,0
8.398542,0,0,0,0,0,0
8.400367,0,0,0,0,0,0
8.402195,0,0,0,0,0,0
8.404020,0,0,0,0,0,0
8.405848,0,0,0,0,0,0
8.407695,0,0,0,0,0,0
8.409523,0,0,0,0,0,0
8.411347,0,0,0,0,0,0
8.413248,0,0,0,0,0,0
8.415081,0,0,0,0,0,0
8.416901,0,0,0,0,0,0
8.418667,0,0,0,0,0,0
8.420436,0,0,0,0,0,0
8.422132,0,0,0,0,0,0
8.424129,0,0,0,0,0,0
8.426012,0,0,0,0,0,0
8.427938,0,0,0,0,0,0
8.429786,0,0,0,0,0,0
8.431614,0,0,0,0,0,0
8.433444,0,0,0,0,0,0
8.435268,0,0,0,0,0,0
8.437169,0,0,0,0,0,0
8.438827,0,0,0,0,0,0
8.440421,0,0,0,0,0,0
8.442204,0,0,0,0,0,0
8.444033,0,0,0,0,0,0
8.445859,0,0,0,0,0,0
8.447686,0,0,0,0,0,0
8.449513,0,0,0,0,0,0
8.451360,0,0,0,0,0,0
8.453259,0,0,0,0,0,0
8.455091,0,0,0,0,0,0
8.456914,0,0,0,0,0,0
8.458685,0,0,0,0,0,0
8.460467,0,0,0,0,0,0
8.462129,0,0,0,0,0,0
8.463711,0,0,0,0,0,0
8.465493,0,0,0,0,0,0
8.467318,0,0,0,0,0,0
8.469220,0,0,0,0,0,0
8.471052,0,0,0,0,0,0
8.472897,0,0,0,0,0,0
8.474868,0,0,0,0,0,0
8.476770,0,0,0,0,0,0
8.478594,0,0,0,0,0,0
8.480407,0,0,0,0,0,0
8.482022,0,0,0,0,0,0
8.483703,0,0,0,0,0,0
8.485569,0,0,0,0,0,0
8.487490,0,0,0,0,0,0
8.489112,0,0,0,0,0,0
8.490905,0,0,0,0,0,0
8.492800,0,0,0,0,0,0
8.494420,0,0,0,0,0,0
8.496104,0,0,0,0,0,0
8.497930,0,0,0,0,0,0
8.499830,0,0,0,0,0,0
8.501654,0,0,0,0,0,0
8.503475,0,0,0,0,0,0
8.505116,0,0,0,0,0,0
8.506904,0,0,0,0,0,0
8.508801,0,0,0,0,0,0
8.510622,0,0,0,0,0,0
8.512441,0,0,0,0,0,0
8.514266,0,0,0,0,0,0
8.516108,0,0,0,0,0,0
8.517930,0,0,0,0,0,0
8.519766,0,0,0,0,0,0
8.521405,0,0,0,0,0,0
8.523187,0,0,0,0,0,0
8.525083,0,0,0,0,0,0
8.526818,0,0,0,0,0,0
8.528600,0,0,0,0,0,0
8.530260,0,0,0,0,0,0
8.531877,0,0,0,0,0,0
8.533514,0,0,0,0,0,0
8.535291,0,0,0,0,0,0
8.536889,0,0,0,0,0,0
8.538455,0,0,0,0,0,0
8.540266,0,0,0,0,0,0
8.541936,0,0,0,0,0,0
8.543911,0,0,0,0,0,0
8.545832,0,0,0,0,0,0
8.547542,0,0,0,0,0,0
8.549485,0,0,0,0,0,0
8.551300,0,0,0,0,0,0
8.553123,0,0,0,0,0,0
8.554955,0,0,0,0,0,0
8.556853,0,0,0,0,0,0
8.558870,0,0,0,0,0,0
8.560524,0,0,0,0,0,0
8.562186,0,0,0,0,0,0
8.563991,0,0,0,0,0,0
8.565774,0,0,0,0,0,0
8.567543,0,0,0,0,0,0
8.569175,0,0,0,0,0,0
8.570931,0,0,0,0,0,0
8.572833,0,0,0,0,0,0
8.574453,0,0,0,0,0,0
8.576235,0,0,0,0,0,0
8.578062,0,0,0,0,0,0
8.579906,0,0,0,0,0,0
8.581736,0,0,0,0,0,0
8.583564,0,0,0,0,0,0
8.585542,0,0,0,0,0,0
8.587367,0,0,0,0,0,0
8.589268,0,0,0,0,0,0
8.590923,0,0,0,0,0,0
8.592705,0,0,0,0,0,0
8.594532,0,0,0,0,0,0
8.596340,0,0,0,0,0,0
8.598034,0,0,0,0,0,0
8.599801,0,0,0,0,0,0
8.601671,0,0,0,0,0,0
8.603438,0,0,0,0,0,0
8.605312,0,0,0,0,0,0
8.607119,0,0,0,0,0,0
8.608694,0,0,0,0,0,0
8.610471,0,0,0,0,0,0
8.612116,0,0,0,0,0,0
8.613899,0,0,0,0,0,0
8.615720,0,0,0,0,0,0
8.617756,0,0,0,0,0,0
8.619409,0,0,0,0,0,0
8.621263,0,0,0,0,0,0
8.622967,0,0,0,0,0,0
8.624544,0,0,0,0,0,0
8.626111,0,0,0,0,0,0
8.627674,0,0,0,0,0,0
8.629301,0,0,0,0,0,0
8.630875,0,0,0,0,0,0
8.632447,0,0,0,0,0,0
8.634038,0,0,0,0,0,0
8.635813,0,0,0,0,0,0
8.637643,0,0,0,0,0,0
8.639272,0,0,0,0,0,0
8.641053,0,0,0,0,0,0
8.642691,0,0,0,0,0,0
8.644500,0,0,0,0,0,0
8.646335,0,0,0,0,0,0
8.647957,0,0,0,0,0,0
8.649741,0,0,0,0,0,0
8.651567,0,0,0,0,0,0
8.653475,0,0,0,0,0,0
8.655123,0,0,0,0,0,0
8.656904,0,0,0,0,0,0
8.658675,0,0,0,0,0,0
8.660443,0,0,0,0,0,0
8.662326,0,0,0,0,0,0
8.663986,0,0,0,0,0,0
8.665798,0,0,0,0,0,0
8.667638,0,0,0,0,0,0
8.669259,0,0,0,0,0,0
8.671047,0,0,0,0,0,0
8.672868,0,0,0,0,0,0
8.674887,0,0,0,0,0,0
8.676609,0,0,0,0,0,0
8.678390,0,0,0,0,0,0
8.680215,0,0,0,0,0,0
8.682042,0,0,0,0,0,0
8.683865,0,0,0,0,0,0
8.685692,0,0,0,0,0,0
8.687537,0,0,0,0,0,0
8.689358,0,0,0,0,0,0
8.691310,0,0,0,0,0,0
8.693193,0,0,0,0,0,0
8.695082,0,0,0,0,0,0
8.696863,0,0,0,0,0,0
8.698635,0,0,0,0,0,0
8.700413,0,0,0,0,0,0
8.702317,0,0,0,0,0,0
8.704140,0,0,0,0,0,0
8.705963,0,0,0,0,0,0
8.707783,0,0,0,0,0,0
8.709430,0,0,0,0,0,0
8.711210,0,0,0,0,0,0
8.713029,0,0,0,0,0,0
8.715021,0,0,0,0,0,0
8.716765,0,0,0,0,0,0
8.718358,0,0,0,0,0,0
8.719947,0,0,0,0,0,0
8.721741,0,0,0,0,0,0
8.723537,0,0,0,0,0,0
8.725124,0,0,0,0,0,0
8.726738,0,0,0,0,0,0
8.728549,0,0,0,0,0,0
8.730389,0,0,0,0,0,0
8.732211,0,0,0,0,0,0
8.734118,0,0,0,0,0,0
8.735756,0,0,0,0,0,0
8.737549,0,0,0,0,0,0
8.739378,0,0,0,0,0,0
8.741101,0,0,0,0,0,0
8.742891,0,0,0,0,0,0
8.744716,0,0,0,0,0,0
8.746538,0,0,0,0,0,0
8.748362,0,0,0,0,0,0
8.750270,0,0,0,0,0,0
8.752116,0,0,0,0,0,0
8.753944,0,0,0,0,0,0
8.755768,0,0,0,0,0,0
8.757598,0,0,0,0,0,0
8.759423,0,0,0,0,0,0
8.761244,0,0,0,0,0,0
8.762900,0,0,0,0,0,0
8.764762,0,0,0,0,0,0
8.766587,0,0,0,0,0,0
8.768414,0,0,0,0,0,0
8.770241,0,0,0,0,0,0
8.772064,0,0,0,0,0,0
8.773985,0,0,0,0,0,0
8.775810,0,0,0,0,0,0
8.777636,0,0,0,0,0,0
8.779449,0,0,0,0,0,0
8.781333,0,0,0,0,0,0
8.783059,0,0,0,0,0,0
8.785077,0,0,0,0,0,0
8.786687,0,0,0,0,0,0
8.788505,0,0,0,0,0,0
8.790145,0,0,0,0,0,0
8.791930,0,0,0,0,0,0
8.793754,0,0,0,0,0,0
8.795396,0,0,0,0,0,0
8.797127,0,0,0,0,0,0
8.798715,0,0,0,0,0,0
8.800285,0,0,0,0,0,0
8.801858,0,0,0,0,0,0
8.803427,0,0,0,0,0,0
8.805277,0,0,0,0,0,0
8.806933,0,0,0,0,0,0
8.808717,0,0,0,0,0,0
8.810542,0,0,0,0,0,0
8.812367,0,0,0,0,0,0
8.814275,0,0,0,0,0,0
8.816100,0,0,0,0,0,0
8.817948,0,0,0,0,0,0
8.819775,0,0,0,0,0,0
8.821602,0,0,0,0,0,0
8.823429,0,0,0,0,0,0
8.825075,0,0,0,0,0,0
8.826868,0,0,0,0,0,0
8.828596,0,0,0,0,0,0
8.830379,0,0,0,0,0,0
8.832204,0,0,0,0,0,0
8.834030,0,0,0,0,0,0
8.835855,0,0,0,0,0,0
8.837715,0,0,0,0,0,0
8.839342,0,0,0,0,0,0
8.840910,0,0,0,0,0,0
8.842700,0,0,0,0,0,0
8.844296,0,0,0,0,0,0
8.846020,0,0,0,0,0,0
8.847592,0,0,0,0,0,0
8.849159,0,0,0,0,0,0
8.850744,0,0,0,0,0,0
8.852515,0,0,0,0,0,0
8.854349,0,0,0,0,0,0
8.855972,0,0,0,0,0,0
8.857752,0,0,0,0,0,0
8.859573,0,0,0,0,0,0
8.861217,0,0,0,0,0,0
8.863003,0,0,0,0,0,0
8.864822,0,0,0,0,0,0
8.866644,0,0,0,0,0,0
8.868466,0,0,0,0,0,0
8.870096,0,0,0,0,0,0
8.871897,0,0,0,0,0,0
8.873719,0,0,0,0,0,0
8.875341,0,0,0,0,0,0
8.877198,0,0,0,0,0,0
8.879030,0,0,0,0,0,0
8.880853,0,0,0,0,0,0
8.882622,0,0,0,0,0,0
8.884391,0,0,0,0,0,0
8.886090,0,0,0,0,0,0
8.887921,0,0,0,0,0,0
8.889749,0,0,0,0,0,0
8.891577,0,0,0,0,0,0
8.893302,0,0,0,0,0,0
8.895118,0,0,0,0,0,0
8.896940,0,0,0,0,0,0
8.898846,0,0,0,0,0,0
8.900732,0,0,0,0,0,0
8.902391,0,0,0,0,0,0
8.904121,0,0,0,0,0,0
8.905903,0,0,0,0,0,0
8.907743,0,0,0,0,0,0
8.909364,0,0,0,0,0,0
8.911293,0,0,0,0,0,0
8.913114,0,0,0,0,0,0
8.914765,0,0,0,0,0,0
8.916624,0,0,0,0,0,0
8.918450,0,0,0,0,0,0
8.920274,0,0,0,0,0,0
8.922101,0,0,0,0,0,0
8.923925,0,0,0,0,0,0
8.925574,0,0,0,0,0,0
8.927355,0,0,0,0,0,0
8.929175,0,0,0,0,0,0
8.931118,0,0,0,0,0,0
8.932768,0,0,0,0,0,0
8.934547,0,0,0,0,0,0
8.936303,0,0,0,0,0,0
8.938097,0,0,0,0,0,0
8.939921,0,0,0,0,0,0
8.941751,0,0,0,0,0,0
8.943577,0,0,0,0,0,0
8.945556,0,0,0,0,0,0
8.947409,0,0,0,0,0,0
8.949308,0,0,0,0,0,0
8.950891,0,0,0,0,0,0
8.952673,0,0,0,0,0,0
8.954498,0,0,0,0,0,0
8.956325,0,0,0,0,0,0
8.958057,0,0,0,0,0,0
8.959828,0,0,0,0,0,0
8.961739,0,0,0,0,0,0
8.963422,0,0,0,0,0,0
8.965028,0,0,0,0,0,0
8.966589,0,0,0,0,0,0
8.968231,0,0,0,0,0,0
8.969917,0,0,0,0,0,0
8.971439,0,0,0,0,0,0
8.973131,0,0,0,0,0,0
8.974975,0,0,0,0,0,0
8.976783,0,0,0,0,0,0
8.978421,0,0,0,0,0,0
8.980203,0,0,0,0,0,0
8.982108,0,0,0,0,0,0
8.983931,0,0,0,0,0,0
8.985760,0,0,0,0,0,0
8.987585,0,0,0,0,0,0
8.989230,0,0,0,0,0,0
8.991017,0,0,0,0,0,0
8.992839,0,0,0,0,0,0
8.994462,0,0,0,0,0,0
8.996244,0,0,0,0,0,0
8.998152,0,0,0,0,0,0
8.999801,0,0,0,0,0,0
9.001587,0,0,0,0,0,0
9.003411,0,0,0,0,0,0
9.005037,0,0,0,0,0,0
9.006740,0,0,0,0,0,0
9.008312,0,0,0,0,0,0
9.009903,0,0,0,0,0,0
9.011474,0,0,0,0,0,0
9.013111,0,0,0,0,0,0
9.014890,0,0,0,0,0,0
9.016713,0,0,0,0,0,0
9.018537,0,0,0,0,0,0
9.020174,0,0,0,0,0,0
9.021977,0,0,0,0,0,0
9.023577,0,0,0,0,0,0
9.025350,0,0,0,0,0,0
9.027787,0,0,0,0,0,0
9.029439,0,0,0,0,0,0
9.031190,0,0,0,0,0,0
9.032772,0,0,0,0,0,0
9.034356,0,0,0,0,0,0
9.035885,0,0,0,0,0,0
9.037853,0,0,0,0,0,0
9.039451,0,0,0,0,0,0
9.041015,0,0,0,0,0,0
9.042808,0,0,0,0,0,0
9.044645,0,0,0,0,0,0
9.046259,0,0,0,0,0,0
9.048027,0,0,0,0,0,0
9.049642,0,0,0,0,0,0
9.051411,0,0,0,0,0,0
9.053318,0,0,0,0,0,0
9.054941,0,0,0,0,0,0
9.056520,0,0,0,0,0,0
9.058302,0,0,0,0,0,0
9.060128,0,0,0,0,0,0
9.061955,0,0,0,0,0,0
9.063603,0,0,0,0,0,0
9.065536,0,0,0,0,0,0
9.067167,0,0,0,0,0,0
9.068821,0,0,0,0,0,0
9.070601,0,0,0,0,0,0
9.072412,0,0,0,0,0,0
9.074045,0,0,0,0,0,0
9.075829,0,0,0,0,0,0
9.077658,0,0,0,0,0,0
9.079471,0,0,0,0,0,0
9.081279,0,0,0,0,0,0
9.083030,0,0,0,0,0,0
9.084670,0,0,0,0,0,0
9.086247,0,0,0,0,0,0
9.087820,0,0,0,0,0,0
9.089394,0,0,0,0,0,0
9.090966,0,0,0,0,0,0
9.092602,0,0,0,0,0,0
9.094378,0,0,0,0,0,0
9.096227,0,0,0,0,0,0
9.098054,0,0,0,0,0,0
9.099876,0,0,0,0,0,0
9.101705,0,0,0,0,0,0
9.103530,0,0,0,0,0,0
9.105353,0,0,0,0,0,0
9.107137,0,0,0,0,0,0
9.108988,0,0,0,0,0,0
9.110907,0,0,0,0,0,0
9.112727,0,0,0,0,0,0
9.114349,0,0,0,0,0,0
9.116126,0,0,0,0,0,0
9.118045,0,0,0,0,0,0
9.119869,0,0,0,0,0,0
9.121693,0,0,0,0,0,0
9.123515,0,0,0,0,0,0
9.125416,0,0,0,0,0,0
9.127237,0,0,0,0,0,0
9.128879,0,0,0,0,0,0
9.130454,0,0,0,0,0,0
9.132228,0,0,0,0,0,0
9.134135,0,0,0,0,0,0
9.135956,0,0,0,0,0,0
9.137621,0,0,0,0,0,0
9.139419,0,0,0,0,0,0
9.141305,0,0,0,0,0,0
9.142999,0,0,0,0,0,0
9.144537,0,0,0,0,0,0
9.146413,0,0,0,0,0,0
9.148264,0,0,0,0,0,0
9.149995,0,0,0,0,0,0
9.151777,0,0,0,0,0,0
9.153602,0,0,0,0,0,0
9.155994,0,0,0,0,0,0
9.157856,0,0,0,0,0,0
9.159677,0,0,0,0,0,0
9.161360,0,0,0,0,0,0
9.163216,0,0,0,0,0,0
9.164870,0,0,0,0,0,0
9.166445,0,0,0,0,0,0
9.168019,0,0,0,0,0,0
9.169595,0,0,0,0,0,0
9.171166,0,0,0,0,0,0
9.172817,0,0,0,0,0,0
9.174594,0,0,0,0,0,0
9.176421,0,0,0,0,0,0
9.178250,0,0,0,0,0,0
9.180290,0,0,0,0,0,0
9.182198,0,0,0,0,0,0
9.184043,0,0,0,0,0,0
9.185871,0,0,0,0,0,0
9.187698,0,0,0,0,0,0
9.189527,0,0,0,0,0,0
9.191352,0,0,0,0,0,0
9.193173,0,0,0,0,0,0
9.194820,0,0,0,0,0,0
9.196399,0,0,0,0,0,0
9.198256,0,0,0,0,0,0
9.200067,0,0,0,0,0,0
9.201834,0,0,0,0,0,0
9.203562,0,0,0,0,0,0
9.205281,0,0,0,0,0,0
9.206853,0,0,0,0,0,0
9.208424,0,0,0,0,0,0
9.209998,0,0,0,0,0,0
9.211869,0,0,0,0,0,0
9.213700,0,0,0,0,0,0
9.215350,0,0,0,0,0,0
9.217132,0,0,0,0,0,0
9.218966,0,0,0,0,0,0
9.220867,0,0,0,0,0,0
9.222853,0,0,0,0,0,0
9.224679,0,0,0,0,0,0
9.226523,0,0,0,0,0,0
9.228349,0,0,0,0,0,0
9.230256,0,0,0,0,0,0
9.232083,0,0,0,0,0,0
9.233912,0,0,0,0,0,0
9.235738,0,0,0,0,0,0
9.237467,0,0,0,0,0,0
9.239255,0,0,0,0,0,0
9.241079,0,0,0,0,0,0
9.242910,0,0,0,0,0,0
9.244812,0,0,0,0,0,0
9.246636,0,0,0,0,0,0
9.248538,0,0,0,0,0,0
9.250362,0,0,0,0,0,0
9.252188,0,0,0,0,0,0
9.254098,0,0,0,0,0,0
9.255924,0,0,0,0,0,0
9.257751,0,0,0,0,0,0
9.259390,0,0,0,0,0,0
9.261236,0,0,0,0,0,0
9.262885,0,0,0,0,0,0
9.264471,0,0,0,0,0,0
9.266246,0,0,0,0,0,0
9.268088,0,0,0,0,0,0
9.269809,0,0,0,0,0,0
9.271591,0,0,0,0,0,0
9.273416,0,0,0,0,0,0
9.275109,0,0,0,0,0,0
9.276766,0,0,0,0,0,0
9.278541,0,0,0,0,0,0
9.280186,0,0,0,0,0,0
9.281970,0,0,0,0,0,0
9.283794,0,0,0,0,0,0
9.285622,0,0,0,0,0,0
9.287445,0,0,0,0,0,0
9.289264,0,0,0,0,0,0
9.290921,0,0,0,0,0,0
9.292783,0,0,0,0,0,0
9.294428,0,0,0,0,0,0
9.296213,0,0,0,0,0,0
9.298039,0,0,0,0,0,0
9.299863,0,0,0,0,0,0
9.301512,0,0,0,0,0,0
9.303295,0,0,0,0,0,0
9.305116,0,0,0,0,0,0
9.306944,0,0,0,0,0,0
9.308842,0,0,0,0,0,0
9.310462,0,0,0,0,0,0
9.312254,0,0,0,0,0,0
9.314081,0,0,0,0,0,0
9.315905,0,0,0,0,0,0
9.317730,0,0,0,0,0,0
9.319501,0,0,0,0,0,0
9.321087,0,0,0,0,0,0
9.322878,0,0,0,0,0,0
9.324442,0,0,0,0,0,0
9.326090,0,0,0,0,0,0
9.327652,0,0,0,0,0,0
9.329221,0,0,0,0,0,0
9.330830,0,0,0,0,0,0
9.332666,0,0,0,0,0,0
9.334300,0,0,0,0,0,0
9.336012,0,0,0,0,0,0
9.337736,0,0,0,0,0,0
9.339204,0,0,0,0,0,0
9.340717,0,0,0,0,0,0
9.342170,0,0,0,0,0,0
9.343614,0,0,0,0,0,0
9.345069,0,0,0,0,0,0
9.348299,0,0,0,0,0,0
9.349877,0,0,0,0,0,0
9.351367,0,0,0,0,0,0
9.352859,0,0,0,0,0,0
9.354353,0,0,0,0,0,0
9.355859,0,0,0,0,0,0
9.357418,0,0,0,0,0,0
9.359548,0,0,0,0,0,0
9.361527,0,0,0,0,0,0
9.363085,0,0,0,0,0,0
9.364933,0,0,0,0,0,0
9.366765,0,0,0,0,0,0
9.368317,0,0,0,0,0,0
9.370521,0,0,0,0,0,0
9.372288,0,0,0,0,0,0
9.373823,0,0,0,0,0,0
9.375369,0,0,0,0,0,0
9.377082,0,0,0,0,0,0
9.378723,0,0,0,0,0,0
9.380220,0,0,0,0,0,0
9.381787,0,0,0,0,0,0
9.383323,0,0,0,0,0,0
9.384764,0,0,0,0,0,0
9.386198,0,0,0,0,0,0
9.387647,0,0,0,0,0,0
9.389151,0,0,0,0,0,0
9.390629,0,0,0,0,0,0
9.392165,0,0,0,0,0,0
9.393701,0,0,0,0,0,0
9.395239,0,0,0,0,0,0
9.396837,0,0,0,0,0,0
9.398425,0,0,0,0,0,0
9.399942,0,0,0,0,0,0
9.401642,0,0,0,0,0,0
9.403098,0,0,0,0,0,0
9.404851,0,0,0,0,0,0
9.406631,0,0,0,0,0,0
9.408329,0,0,0,0,0,0
9.410123,0,0,0,0,0,0
9.412148,0,0,0,0,0,0
9.414125,0,0,0,0,0,0
9.415868,0,0,0,0,0,0
9.417960,0,0,0,0,0,0
9.419553,0,0,0,0,0,0
9.421197,0,0,0,0,0,0
9.422815,0,0,0,0,0,0
9.424374,0,0,0,0,0,0
9.425934,0,0,0,0,0,0
9.427495,0,0,0,0,0,0
9.429054,0,0,0,0,0,0
9.431006,0,0,0,0,0,0
9.432653,0,0,0,0,0,0
9.434435,0,0,0,0,0,0
9.436228,0,0,0,0,0,0
9.438037,0,0,0,0,0,0
9.439860,0,0,0,0,0,0
9.441684,0,0,0,0,0,0
9.443529,0,0,0,0,0,0
9.445427,0,0,0,0,0,0
9.447250,0,0,0,0,0,0
9.449072,0,0,0,0,0,0
9.450903,0,0,0,0,0,0
9.452803,0,0,0,0,0,0
9.454447,0,0,0,0,0,0
9.456233,0,0,0,0,0,0
9.458063,0,0,0,0,0,0
9.459874,0,0,0,0,0,0
9.461539,0,0,0,0,0,0
9.463171,0,0,0,0,0,0
9.464987,0,0,0,0,0,0
9.466630,0,0,0,0,0,0
9.468199,0,0,0,0,0,0
9.469839,0,0,0,0,0,0
9.471716,0,0,0,0,0,0
9.473541,0,0,0,0,0,0
9.475185,0,0,0,0,0,0
9.477043,0,0,0,0,0,0
9.478872,0,0,0,0,0,0
9.480690,0,0,0,0,0,0
9.482510,0,0,0,0,0,0
9.484331,0,0,0,0,0,0
9.486259,0,0,0,0,0,0
9.488081,0,0,0,0,0,0
9.489708,0,0,0,0,0,0
9.491492,0,0,0,0,0,0
9.493524,0,0,0,0,0,0
9.495109,0,0,0,0,0,0
9.496702,0,0,0,0,0,0
9.498476,0,0,0,0,0,0
9.500100,0,0,0,0,0,0
9.501885,0,0,0,0,0,0
9.503707,0,0,0,0,0,0
9.505529,0,0,0,0,0,0
9.507372,0,0,0,0,0,0
9.509269,0,0,0,0,0,0
9.511096,0,0,0,0,0,0
9.512913,0,0,0,0,0,0
9.514882,0,0,0,0,0,0
9.516777,0,0,0,0,0,0
9.518417,0,0,0,0,0,0
9.520284,0,0,0,0,0,0
9.521899,0,0,0,0,0,0
9.523904,0,0,0,0,0,0
9.525879,0,0,0,0,0,0
9.527768,0,0,0,0,0,0
9.529613,0,0,0,0,0,0
9.531438,0,0,0,0,0,0
9.533339,0,0,0,0,0,0
9.535152,0,0,0,0,0,0
9.536716,0,0,0,0,0,0
9.538289,0,0,0,0,0,0
9.540087,0,0,0,0,0,0
9.541964,0,0,0,0,0,0
9.543740,0,0,0,0,0,0
9.545709,0,0,0,0,0,0
9.547534,0,0,0,0,0,0
9.549440,0,0,0,0,0,0
9.551285,0,0,0,0,0,0
9.553109,0,0,0,0,0,0
9.554939,0,0,0,0,0,0
9.556838,0,0,0,0,0,0
9.558457,0,0,0,0,0,0
9.560241,0,0,0,0,0,0
9.561889,0,0,0,0,0,0
9.563675,0,0,0,0,0,0
9.565504,0,0,0,0,0,0
9.567328,0,0,0,0,0,0
9.569150,0,0,0,0,0,0
9.570972,0,0,0,0,0,0
9.572892,0,0,0,0,0,0
9.574654,0,0,0,0,0,0
9.576433,0,0,0,0,0,0
9.578258,0,0,0,0,0,0
9.580068,0,0,0,0,0,0
9.581706,0,0,0,0,0,0
9.583507,0,0,0,0,0,0
9.585283,0,0,0,0,0,0
9.586904,0,0,0,0,0,0
9.588807,0,0,0,0,0,0
9.590423,0,0,0,0,0,0
9.592206,0,0,0,0,0,0
9.594050,0,0,0,0,0,0
9.595874,0,0,0,0,0,0
9.597706,0,0,0,0,0,0
9.599531,0,0,0,0,0,0
9.601355,0,0,0,0,0,0
9.603342,0,0,0,0,0,0
9.605065,0,0,0,0,0,0
9.606854,0,0,0,0,0,0
9.608675,0,0,0,0,0,0
9.610500,0,0,0,0,0,0
9.612323,0,0,0,0,0,0
9.614231,0,0,0,0,0,0
9.616078,0,0,0,0,0,0
9.617902,0,0,0,0,0,0
9.619714,0,0,0,0,0,0
9.621670,0,0,0,0,0,0
9.623287,0,0,0,0,0,0
9.625066,0,0,0,0,0,0
9.626713,0,0,0,0,0,0
9.628493,0,0,0,0,0,0
9.630125,0,0,0,0,0,0
9.631940,0,0,0,0,0,0
9.633811,0,0,0,0,0,0
9.635632,0,0,0,0,0,0
9.637275,0,0,0,0,0,0
9.638896,0,0,0,0,0,0
9.640708,0,0,0,0,0,0
9.642683,0,0,0,0,0,0
9.644664,0,0,0,0,0,0
9.646299,0,0,0,0,0,0
9.648124,0,0,0,0,0,0
9.649952,0,0,0,0,0,0
9.651633,0,0,0,0,0,0
9.653348,0,0,0,0,0,0
9.655152,0,0,0,0,0,0
9.658816,0,0,0,0,0,0
9.660409,0,0,0,0,0,0
9.662049,0,0,0,0,0,0
9.663617,0,0,0,0,0,0
9.665184,0,0,0,0,0,0
9.666714,0,0,0,0,0,0
9.668484,0,0,0,0,0,0
9.670154,0,0,0,0,0,0
9.671745,0,0,0,0,0,0
9.673317,0,0,0,0,0,0
9.674888,0,0,0,0,0,0
9.676454,0,0,0,0,0,0
9.678092,0,0,0,0,0,0
9.679658,0,0,0,0,0,0
9.681449,0,0,0,0,0,0
9.683207,0,0,0,0,0,0
9.684964,0,0,0,0,0,0
9.686680,0,0,0,0,0,0
9.688251,0,0,0,0,0,0
9.689823,0,0,0,0,0,0
9.691407,0,0,0,0,0,0
9.693043,0,0,0,0,0,0
9.694782,0,0,0,0,0,0
9.696560,0,0,0,0,0,0
9.698402,0,0,0,0,0,0
9.700302,0,0,0,0,0,0
9.701904,0,0,0,0,0,0
9.703706,0,0,0,0,0,0
9.705291,0,0,0,0,0,0
9.706934,0,0,0,0,0,0
9.708503,0,0,0,0,0,0
9.710293,0,0,0,0,0,0
9.711940,0,0,0,0,0,0
9.713723,0,0,0,0,0,0
9.715538,0,0,0,0,0,0
9.717307,0,0,0,0,0,0
9.718894,0,0,0,0,0,0
9.720668,0,0,0,0,0,0
9.722511,0,0,0,0,0,0
9.724333,0,0,0,0,0,0
9.726241,0,0,0,0,0,0
9.728065,0,0,0,0,0,0
9.729891,0,0,0,0,0,0
9.731715,0,0,0,0,0,0
9.733441,0,0,0,0,0,0
9.735225,0,0,0,0,0,0
9.737047,0,0,0,0,0,0
9.738743,0,0,0,0,0,0
9.740535,0,0,0,0,0,0
9.742367,0,0,0,0,0,0
9.744011,0,0,0,0,0,0
9.745797,0,0,0,0,0,0
9.747622,0,0,0,0,0,0
9.749448,0,0,0,0,0,0
9.751273,0,0,0,0,0,0
9.753096,0,0,0,0,0,0
9.754749,0,0,0,0,0,0
9.756531,0,0,0,0,0,0
9.758167,0,0,0,0,0,0
9.759934,0,0,0,0,0,0
9.761743,0,0,0,0,0,0
9.763584,0,0,0,0,0,0
9.765239,0,0,0,0,0,0
9.766847,0,0,0,0,0,0
9.768618,0,0,0,0,0,0
9.770439,0,0,0,0,0,0
9.772262,0,0,0,0,0,0
9.774168,0,0,0,0,0,0
9.775811,0,0,0,0,0,0
9.777595,0,0,0,0,0,0
9.779416,0,0,0,0,0,0
9.781314,0,0,0,0,0,0
9.782952,0,0,0,0,0,0
9.784726,0,0,0,0,0,0
9.786369,0,0,0,0,0,0
9.788148,0,0,0,0,0,0
9.789969,0,0,0,0,0,0
9.791594,0,0,0,0,0,0
9.793550,0,0,0,0,0,0
9.795367,0,0,0,0,0,0
9.797299,0,0,0,0,0,0
9.798976,0,0,0,0,0,0
9.800551,0,0,0,0,0,0
9.802126,0,0,0,0,0,0
9.803696,0,0,0,0,0,0
9.805335,0,0,0,0,0,0
9.807109,0,0,0,0,0,0
9.808956,0,0,0,0,0,0
9.810717,0,0,0,0,0,0
9.812499,0,0,0,0,0,0
9.814333,0,0,0,0,0,0
9.815958,0,0,0,0,0,0
9.817744,0,0,0,0,0,0
9.819380,0,0,0,0,0,0
9.821225,0,0,0,0,0,0
9.822995,0,0,0,0,0,0
9.824545,0,0,0,0,0,0
9.826424,0,0,0,0,0,0
9.828246,0,0,0,0,0,0
9.829975,0,0,0,0,0,0
9.831759,0,0,0,0,0,0
9.833588,0,0,0,0,0,0
9.835413,0,0,0,0,0,0
9.837309,0,0,0,0,0,0
9.838946,0,0,0,0,0,0
9.840740,0,0,0,0,0,0
9.842563,0,0,0,0,0,0
9.844373,0,0,0,0,0,0
9.846279,0,0,0,0,0,0
9.848082,0,0,0,0,0,0
9.849872,0,0,0,0,0,0
9.851470,0,0,0,0,0,0
9.853102,0,0,0,0,0,0
9.854911,0,0,0,0,0,0
9.856480,0,0,0,0,0,0
9.858047,0,0,0,0,0,0
9.859608,0,0,0,0,0,0
9.861234,0,0,0,0,0,0
9.862853,0,0,0,0,0,0
9.864628,0,0,0,0,0,0
9.866455,0,0,0,0,0,0
9.868280,0,0,0,0,0,0
9.870186,0,0,0,0,0,0
9.872011,0,0,0,0,0,0
9.873860,0,0,0,0,0,0
9.875686,0,0,0,0,0,0
9.877516,0,0,0,0,0,0
9.879328,0,0,0,0,0,0
9.881135,0,0,0,0,0,0
9.882848,0,0,0,0,0,0
9.884635,0,0,0,0,0,0
9.886209,0,0,0,0,0,0
9.887773,0,0,0,0,0,0
9.889262,0,0,0,0,0,0
9.890763,0,0,0,0,0,0
9.892329,0,0,0,0,0,0
9.894120,0,0,0,0,0,0
9.895965,0,0,0,0,0,0
9.897793,0,0,0,0,0,0
9.899618,0,0,0,0,0,0
9.901524,0,0,0,0,0,0
9.903349,0,0,0,0,0,0
9.905171,0,0,0,0,0,0
9.906741,0,0,0,0,0,0
9.908415,0,0,0,0,0,0
9.910018,0,0,0,0,0,0
9.911780,0,0,0,0,0,0
9.913589,0,0,0,0,0,0
9.915339,0,0,0,0,0,0
9.917258,0,0,0,0,0,0
9.919084,0,0,0,0,0,0
9.920891,0,0,0,0,0,0
9.922856,0,0,0,0,0,0
9.924755,0,0,0,0,0,0
9.926577,0,0,0,0,0,0
9.928220,0,0,0,0,0,0
9.930004,0,0,0,0,0,0
9.931883,0,0,0,0,0,0
9.933710,0,0,0,0,0,0
9.935533,0,0,0,0,0,0
9.937350,0,0,0,0,0,0
9.939285,0,0,0,0,0,0
9.941137,0,0,0,0,0,0
9.943018,0,0,0,0,0,0
9.944971,0,0,0,0,0,0
9.946729,0,0,0,0,0,0
9.948508,0,0,0,0,0,0
9.950165,0,0,0,0,0,0
9.951742,0,0,0,0,0,0
9.953521,0,0,0,0,0,0
9.955343,0,0,0,0,0,0
9.957245,0,0,0,0,0,0
9.959077,0,0,0,0,0,0
9.960917,0,0,0,0,0,0
9.962888,0,0,0,0,0,0
9.964787,0,0,0,0,0,0
9.966610,0,0,0,0,0,0
9.968434,0,0,0,0,0,0
9.970259,0,0,0,0,0,0
9.972476,0,0,0,0,0,0
9.974056,0,0,0,0,0,0
9.975821,0,0,0,0,0,0
9.977767,0,0,0,0,0,0
9.979595,0,0,0,0,0,0
9.981499,0,0,0,0,0,0
9.983343,0,0,0,0,0,0
9.985166,0,0,0,0,0,0
9.986856,0,0,0,0,0,0
9.988714,0,0,0,0,0,0
9.990540,0,0,0,0,0,0
9.992365,0,0,0,0,0,0
9.994017,0,0,0,0,0,0
9.995802,0,0,0,0,0,0
9.997634,0,0,0,0,0,0
9.999446,0,0,0,0,0,0
10.000101,0,0,0,0,0,0
