elapsed_s,CP_MEMORY_POOL_BELOW_THRESH,CP_AHB_WR_STALL_PRE_DRAWS,CP_AHB_STALL_SQE_GMU,CP_AHB_STALL_SQE_WR_OTHER,CP_AHB_STALL_SQE_RD_OTHER,CP_CLUSTER_FE_U_EMPTY,CP_CLUSTER_FE_S_EMPTY,CP_CLUSTER_SP_VS_EMPTY,CP_CLUSTER_VPC_US_EMPTY,CP_CLUSTER_VPC_VS_EMPTY,CP_CLUSTER_GRAS_EMPTY,CP_CLUSTER_SP_PS_EMPTY,CP_CLUSTER_VPC_PS_EMPTY,CP_CLUSTER_PS_EMPTY
0.001124,0,0,0,0,0,393549,393603,394941,400819,401883,401964,402073,402727,403083
0.003012,0,0,0,0,0,363134,363078,361736,355884,354844,354789,354705,354077,353693
0.004713,0,0,0,0,0,391866,391863,391865,391834,391888,391888,391886,391858,391887
0.006502,0,0,0,0,0,313095,313096,313094,313092,313065,313064,313091,313171,313140
0.008140,0,0,0,0,0,312256,312253,312252,312281,312280,312251,312221,312167,312166
0.009803,0,0,0,0,0,318286,318286,318313,318285,318311,318337,318335,318333,318361
0.011612,0,0,0,0,0,361193,361190,361161,361214,361214,361242,361269,361268,361294
0.013579,0,0,0,0,0,354309,354120,353927,353651,353404,353183,352965,352773,352580
0.015417,0,0,0,0,0,317027,317052,317080,317106,317131,317131,317129,317157,317155
0.017107,0,0,0,0,0,380685,386564,387192,387163,399424,400777,400750,400745,400719
0.018911,0,0,0,0,0,325571,319661,318976,319005,306714,305330,305328,305301,305300
0.020539,0,0,0,0,0,386106,390545,391117,394804,395952,399973,401586,402759,409479
0.022416,0,0,0,0,0,358618,354177,353631,351035,352181,349145,347529,346355,339605
0.024061,0,0,0,0,0,310746,310749,310718,309624,307354,306395,306422,306421,306447
0.025631,0,0,0,0,0,304362,304360,304387,304355,304356,304356,304301,304271,304325
0.027198,0,0,0,0,0,305169,305168,305168,305225,305222,305219,305273,305300,305244
0.028763,0,0,0,0,0,317899,317897,319208,320956,323172,328530,337520,340834,341980
0.030401,0,0,0,0,0,318994,318583,316803,314617,311988,306218,296817,293063,291477
0.031904,0,0,0,0,0,345720,345720,345776,345745,345745,345745,345714,345716,345741
0.033568,0,0,0,0,0,285566,285591,285616,285671,285698,285697,285723,285747,285749
0.035063,0,0,0,0,0,284773,284746,284719,284688,284635,284634,284578,284603,284602
0.036561,0,0,0,0,0,326568,332499,339717,348025,353659,365327,378290,386197,384057
0.038211,0,0,0,0,0,356258,345075,332598,319033,308168,291240,273074,259906,256777
0.039614,0,0,0,0,0,255413,255391,255392,255382,255387,255394,255396,255384,255408
0.041030,0,0,0,0,0,213341,213690,214004,214326,214632,214941,215252,215548,215833
0.042385,0,0,0,0,0,213209,213193,213190,213190,213195,213186,213180,213185,213184
0.043733,0,0,0,0,0,216267,216330,216328,216356,216364,216376,216375,216386,216406
0.045081,0,0,0,0,0,259201,261391,263637,265912,268156,271040,273866,278438,281053
0.046592,0,0,0,0,0,272570,273730,273771,277895,279756,277197,277167,278910,277841
0.048095,0,0,0,0,0,273117,271926,271854,267715,265881,267863,267274,263122,263744
0.049566,0,0,0,0,0,259931,259905,259879,259763,259664,259524,259497,259479,259478
0.051031,0,0,0,0,0,260010,260005,259990,259989,259975,259974,259958,259973,259984
0.052547,0,0,0,0,0,260900,260913,292970,293097,297990,297056,297419,297936,297920
0.054092,0,0,0,0,0,288143,286221,252290,250273,243488,242528,240280,237872,235975
0.055502,0,0,0,0,0,233634,233896,234528,234757,234761,234851,234865,234953,235114
0.056908,0,0,0,0,0,236055,235914,235304,235136,235199,235269,235303,235260,235253
0.058311,0,0,0,0,0,233789,233670,233634,233576,233506,233337,233291,233285,233121
0.059706,0,0,0,0,0,233494,233494,233494,233483,233474,233493,233495,233487,233501
0.061106,0,0,0,0,0,253386,253391,253395,253417,253444,253452,253465,253434,253447
0.062555,0,0,0,0,0,233543,233551,233564,233564,233619,233610,233608,233607,233605
0.063952,0,0,1435,0,0,297041,297928,296466,296322,297841,297848,295760,298013,295386
0.065439,0,0,0,0,0,233123,233226,233327,233356,233438,233521,233478,233494,233548
0.066837,0,0,0,0,0,233399,233411,233398,233431,233438,233399,233359,233326,233283
0.068232,0,0,0,0,0,232429,232429,232392,232327,232235,232188,232163,232109,232092
0.069667,0,0,0,0,0,233451,233360,233288,233288,233287,233272,233279,233331,233375
0.071064,0,0,0,0,0,233118,233101,233101,233107,233140,233146,233145,233097,233061
0.072459,0,0,0,0,0,232299,232327,232368,232372,232345,232393,232400,232404,232396
0.073928,0,0,0,0,0,236894,236948,237178,237163,237498,238414,241610,242346,242954
0.075417,0,0,0,0,0,355272,708647,348315,345258,716352,718136,236481,719678,211627
0.076714,0,0,0,0,0,357494,1507009,375121,379948,1509228,1506351,60751,1506470,648
0.078164,0,0,0,0,0,400339,1514865,378469,372264,1512617,1515493,58526,1515394,648
0.079462,0,0,0,0,0,357564,1427949,355564,357104,1428003,1428021,58570,1428046,600
0.080760,0,0,0,0,0,357566,1432510,364843,366902,1432464,1432463,56376,1432446,600
0.082443,0,0,0,0,0,471263,1845621,459344,453587,1845606,1845594,71427,1845568,768
0.083738,0,0,0,0,0,357624,1423603,355624,354974,1423594,1423590,56420,1423622,624
0.085121,0,0,0,0,0,386147,1525858,383987,383285,1526461,1527237,60825,1533353,648
0.086461,0,0,0,0,0,371933,1469160,369853,369177,1468556,1467785,58643,1461738,600
0.087755,0,0,0,0,0,359447,1422288,357442,356792,1422299,1422311,58246,1422342,600
0.089155,0,0,0,0,0,652516,1033562,662491,667679,1033650,1033649,576294,1033558,566922
0.090699,0,0,0,0,0,467149,471178,469336,469319,469390,470993,471033,471014,471028
0.092144,0,0,0,0,0,462006,458094,460033,460181,460108,458574,458654,458680,458811
0.093629,0,0,0,0,0,467458,467338,467223,467089,467160,467088,466982,467031,466898
0.095067,0,0,0,0,0,457394,457378,457508,457638,457582,457712,457810,457882,458031
0.096506,0,0,0,0,0,457841,457976,457881,457810,457871,457792,457764,457805,457656
0.097948,0,0,0,0,0,464505,464416,464431,464358,464412,464445,464356,464323,464364
0.099393,0,0,0,0,0,463759,463724,463772,463810,463736,463708,463839,463811,463958
0.100849,0,0,0,0,0,487020,487048,486988,487107,487056,487127,487072,486966,486861
0.102596,0,0,0,0,0,472227,472301,472344,472413,472737,472647,472645,472954,473084
0.104041,0,0,0,0,0,484149,484249,484390,484423,484324,484499,484652,485050,486046
0.105814,0,0,0,0,0,1013450,1013333,1013333,1013129,1013033,1013110,1012966,1012465,1011363
0.107749,0,0,0,0,0,473061,472988,472871,472899,472899,472776,472880,472878,472910
0.109201,0,0,0,0,0,499807,499791,499686,499595,499462,499302,499107,498976,498828
0.110676,0,0,0,0,0,452698,452696,452666,452666,452653,452652,452664,452573,452561
0.112120,0,0,0,0,0,486965,486946,486963,487034,487050,487033,487030,487029,487029
0.116789,0,0,0,0,0,454146,454144,454154,454064,454046,454061,454078,454843,454867
0.118247,0,0,0,0,0,470732,470750,470737,470763,470779,470789,470776,470012,469978
0.119684,0,0,0,0,0,453588,453575,453558,453541,453542,453530,453524,453538,454142
0.121266,0,0,0,0,0,501872,501916,501987,502046,502087,502130,502173,502216,501671
0.122731,0,0,0,0,0,474865,474859,474858,474934,474934,474927,474932,474913,474912
0.124132,0,0,0,0,0,477818,477832,478975,483905,487743,490606,492172,493536,491519
0.125556,0,0,0,0,0,486327,486272,485054,479974,476084,473181,471623,470214,472185
0.126997,0,0,0,0,0,455638,455637,455665,455663,455652,455651,455579,455634,455632
0.128432,0,0,0,0,0,468560,468553,468552,468551,468581,468575,468591,468534,468534
0.129868,0,0,0,0,0,451100,451105,451104,451120,451099,451103,451085,451067,451065
0.131302,0,0,0,0,0,459704,459715,459699,459715,459712,459725,459734,459751,459751
0.132759,0,0,0,0,0,455605,456322,457524,457506,457507,458444,458450,460455,461675
0.134193,0,0,0,0,0,465046,464316,463126,463196,463199,462229,462222,460214,458992
0.135632,0,0,0,0,0,456679,456672,456673,456601,456584,456600,456599,456598,456586
0.137097,0,0,0,0,0,468644,468648,468628,468628,468627,468626,468615,468614,468625
0.138735,0,0,0,0,0,471759,471759,471759,471741,471756,471755,471764,471752,471761
0.140325,0,0,0,0,0,469409,469408,469406,469422,469432,469430,469402,469413,469401
0.141813,0,0,0,0,0,470023,470016,470005,470004,469975,469958,470044,470130,470129
0.143267,0,0,0,0,0,472188,472188,472204,472286,472303,472317,472257,472166,472165
0.144709,0,0,0,0,0,518183,518185,518195,518683,518666,518660,518664,518664,518708
0.146188,0,0,0,0,0,468253,468247,468245,467761,467786,467791,467790,467791,467745
0.149148,0,0,0,0,0,550732,550765,550791,550762,550805,550857,550899,550958,551013
0.150643,0,0,0,0,0,477210,477209,477208,477206,477277,477268,477267,477364,477336
0.152042,0,0,0,0,0,473105,473104,473138,473132,473049,473090,473085,473002,473017
0.153459,0,0,0,0,0,474452,474520,474507,474490,474506,474457,474459,474441,474468
0.154855,0,0,0,0,0,472046,471974,471968,471982,471964,471996,471996,471991,471961
0.156291,0,0,0,0,0,471740,471741,471817,471799,471797,471752,471751,471837,471852
0.157701,0,0,0,0,0,548652,548619,548486,548441,548397,548368,548318,548163,548114
0.159338,0,0,0,0,0,485003,484999,484999,485004,484986,484981,484985,484994,484965
0.160944,0,0,0,0,0,484402,484403,484413,484429,484427,484424,484423,484495,484510
0.162547,0,0,0,0,0,484145,484144,484159,484140,484141,484157,484139,484084,484083
0.164039,0,0,0,0,0,475763,475760,475748,475742,475773,475757,475747,475799,475781
0.165658,0,0,0,0,0,482593,482610,482602,482592,482559,482546,482571,482481,482498
0.167261,0,0,0,0,0,484187,484170,484168,484183,484199,484209,484209,484208,484206
0.168863,0,0,0,0,0,506388,506387,506359,506342,506340,506328,506326,506415,506414
0.170487,0,0,0,0,0,486089,486087,486104,486130,486113,486111,486083,486010,485991
0.172088,0,0,0,0,0,483283,483342,483340,483310,483320,483319,483329,483329,483346
0.173736,0,0,0,0,0,486476,486431,486425,486530,486534,486545,486665,486662,486661
0.175352,0,0,0,0,0,484611,484595,484617,484522,484522,484525,484414,484414,484402
0.176957,0,0,0,0,0,478379,478377,478360,478375,478356,478340,478327,478316,478327
0.178560,0,0,0,0,0,487647,487647,487643,487660,487675,487673,487673,487737,487725
0.180162,0,0,0,0,0,482323,482321,482338,482292,482286,482303,482319,482246,482255
0.181806,0,0,0,0,0,485634,485650,485633,485631,485619,485601,485584,485599,485597
0.183407,0,0,0,0,0,485974,485973,485972,485988,485999,486014,486029,486029,486029
0.185012,0,0,0,0,0,484463,484445,484443,484427,484425,484424,484422,484420,484402
0.186629,0,0,0,0,0,484677,484677,484693,484692,484691,484691,484702,484789,484793
0.188230,0,0,0,0,0,484383,484387,484380,484394,484393,484375,484361,484273,484284
0.189877,0,0,0,0,0,487113,487106,487094,487078,487078,487094,487093,487093,487076
0.191480,0,0,0,0,0,483941,483957,483972,484057,484045,484115,484126,484142,484157
0.193085,0,0,0,0,0,484659,484642,484637,484654,484668,484579,484561,484530,484529
0.194687,0,0,0,0,0,484363,484361,484347,484340,484324,484323,484329,484340,484340
0.196288,0,0,0,0,0,446969,446968,446953,446869,446868,446877,446876,446874,446855
0.197947,0,0,0,0,0,486804,486804,486819,486813,486827,486818,486800,486801,486800
0.199551,0,0,0,0,0,485637,485653,485662,485666,485660,485658,485657,485743,485759
0.201155,0,0,0,0,0,486850,486831,486834,486830,486834,486849,486859,486758,486757
0.202758,0,0,0,0,0,484734,484733,484717,484703,484685,484667,484671,484682,484665
0.204360,0,0,0,0,0,485070,485069,485052,485067,485084,485112,485111,485110,485125
0.206008,0,0,0,0,0,485543,485543,485559,485541,485523,485504,485503,485503,485485
0.207611,0,0,0,0,0,483396,483411,483392,483392,483391,483396,483396,483482,483498
0.209230,0,0,0,0,0,483493,483491,483508,483523,483533,483532,483531,483426,483424
0.210832,0,0,0,0,0,483144,483133,483159,483153,483229,483299,483298,483314,483313
0.212433,0,0,0,0,0,484087,484096,484051,484037,483950,483861,483825,483913,483898
0.214079,0,0,0,0,0,484336,484325,484334,484351,484366,484375,484391,484301,484315
0.215887,0,0,0,0,0,565709,565704,565709,565708,565689,565707,565707,565688,565687
0.217437,0,0,0,0,0,475584,475582,475582,475576,475663,475632,475647,475663,475662
0.218887,0,0,0,0,0,464246,464261,464260,464265,464187,464188,464170,464170,464168
0.220339,0,0,0,0,0,472806,472822,472831,472830,472829,472843,472859,472841,472841
0.221826,0,0,0,0,0,464641,464612,464584,464576,464581,464580,464562,464576,464575
0.223262,0,0,0,0,0,451574,451584,451610,451704,451697,451697,451697,451698,451713
0.224696,0,0,0,0,0,444378,444362,444367,444271,444275,444273,468849,466886,466923
0.226259,0,0,0,0,0,508155,508153,508135,508140,508133,508132,483554,485515,485460
0.227864,0,0,0,0,0,484680,484678,484661,484660,484661,484644,484632,484614,484613
0.229514,0,0,0,0,0,486282,486289,486316,486315,486301,486327,486338,486353,486334
0.231134,0,0,0,0,0,486373,486363,486367,486449,486482,486465,486462,486461,486467
0.232738,0,0,0,0,0,488334,488340,488306,488217,488199,488204,488214,488202,488212
0.234342,0,0,0,0,0,480990,480984,480998,481074,481074,481066,481144,481154,481153
0.235972,0,0,0,0,0,466625,466630,466624,466552,466533,466523,466432,466415,466404
0.237490,0,0,0,0,0,474642,474635,474639,474621,474708,474723,474721,474736,474729
0.239065,0,0,0,0,0,484083,484098,484081,484180,484093,484090,484163,484162,484176
0.240667,0,0,0,0,0,488848,488865,488876,488863,488950,488950,488877,488876,488876
0.242289,0,0,0,0,0,484513,484494,484498,484409,484331,484314,484329,484327,484326
0.243892,0,0,0,0,0,485130,485111,485110,485126,485124,485140,485123,485124,485122
0.245541,0,0,0,0,0,485987,485992,486003,485985,485991,486016,486016,485998,485998
0.247146,0,0,0,0,0,485268,485262,485277,485276,485284,485272,485269,485269,485269
0.248749,0,0,0,0,0,485961,485966,485932,485932,485903,485869,485869,485883,485881
0.250381,0,0,0,0,0,491551,492045,492051,492076,492093,492109,492109,492109,492337
0.251991,0,0,0,0,0,487706,487204,487202,487174,487167,487165,487162,487161,486948
0.253658,0,0,0,0,0,486582,486580,486594,486603,486607,486607,486619,486617,486599
0.255266,0,0,0,0,0,484491,484508,484502,484491,484476,484475,484473,484559,484558
0.256870,0,0,0,0,0,573023,573022,573011,573115,573111,573105,573093,573004,573005
0.258642,0,0,0,0,0,485910,485893,485892,485784,485802,485789,485876,485887,485900
0.260247,0,0,0,0,0,495236,495235,495233,495244,495227,495260,495155,495144,495215
0.261896,0,0,0,0,0,484572,484570,484570,484559,484567,484549,484580,484579,484491
0.263502,0,0,0,0,0,496453,496469,496451,496449,496453,496437,496421,496420,496417
0.265122,0,0,0,0,0,487346,487344,487354,487371,487371,487413,487411,487481,487464
0.266730,0,0,0,0,0,485044,485027,485058,485041,485039,485012,485022,485027,485044
0.268334,0,0,0,0,0,487727,487727,487701,487699,487691,487705,487693,487597,487579
0.269982,0,0,0,0,0,497566,497570,497551,497551,497552,497517,497532,497548,497547
0.271589,0,0,0,0,0,496474,496485,496527,496524,496529,496545,496539,496538,496553
0.273196,0,0,0,0,0,487534,487520,487504,487608,487601,487584,487589,487604,487603
0.274804,0,0,0,0,0,484657,484652,484656,484561,484567,484583,484577,484576,484558
0.276420,0,0,0,0,0,486075,486079,486116,486194,486191,486184,486171,486170,486186
0.278071,0,0,0,0,0,486670,486668,486607,486621,486621,486620,486619,486592,486591
0.279675,0,0,0,0,0,485709,485710,485709,485620,485617,485616,485649,485656,485640
0.281281,0,0,0,0,0,487784,487777,487797,487780,487776,487763,487745,487746,487760
0.282888,0,0,0,0,0,483333,483424,483403,483417,483520,483537,483519,483533,483532
0.284492,0,0,0,0,0,486038,485962,485975,485975,485858,485840,485839,485834,485833
0.286160,0,0,0,0,0,486529,486516,486489,486472,486471,486482,486469,486545,486554
0.287778,0,0,0,0,0,485980,485991,486018,486034,486045,486049,486077,486000,485987
0.289385,0,0,0,0,0,486554,486536,486523,486515,486536,486531,486528,486516,486500
0.290993,0,0,0,0,0,485575,485590,485600,485589,485571,485572,485643,485640,485640
0.292597,0,0,0,0,0,554132,554131,554114,582802,583240,583910,583840,583928,589772
0.294295,0,0,0,0,0,520313,520365,520369,491696,491250,490563,490560,490576,484746
0.295900,0,0,0,0,0,489391,489320,489330,489329,489423,489434,489433,489386,489385
0.297508,0,0,0,0,0,487619,487624,487669,487649,487559,487546,487540,487479,487512
0.299128,0,0,0,0,0,485843,485836,485779,485796,485778,485778,485777,485864,485829
0.300733,0,0,0,0,0,589194,589193,589208,589203,589202,589215,589205,589133,589132
0.302307,0,0,0,0,0,475962,475961,475955,475958,475973,475968,475966,475949,475949
0.303756,0,0,0,0,0,461606,461611,461610,461610,461604,461636,461651,461649,461631
0.305202,0,0,0,0,0,462470,462462,462462,462461,462465,462419,462401,462385,462401
0.306644,0,0,0,0,0,458619,458636,458623,458621,458616,458633,458648,458646,458644
0.308084,0,0,0,0,0,457965,457946,457956,458016,458013,458073,458056,458071,458070
0.309568,0,0,0,0,0,526828,526835,526817,526756,526762,526694,526691,526691,526706
0.311192,0,0,0,0,0,485553,485550,485566,485564,485558,485579,485592,485591,485575
0.312795,0,0,0,0,0,500745,500757,500745,500744,500743,500725,500713,500712,500693
0.314404,0,0,0,0,0,496329,496311,496309,496303,496307,496290,496289,496375,496391
0.316042,0,0,0,0,0,574583,574581,574581,574586,574579,574594,574608,574503,574503
0.317822,0,0,0,0,0,486670,486669,486667,486667,486666,486665,486735,486751,486748
0.319429,0,0,0,0,0,485180,485197,485214,485206,485210,485210,485121,485103,485103
0.321051,0,0,0,0,0,484013,484001,483977,483983,483981,483975,484051,484068,484155
0.322656,0,0,0,0,0,487097,487106,487094,487075,487076,487075,487014,486996,486907
0.324261,0,0,0,0,0,486756,486754,486781,486797,486794,486792,486791,486878,486866
0.325910,0,0,0,0,0,486027,486027,486015,486113,486113,486113,486112,486024,486048
0.327516,0,0,0,0,0,495937,495935,495916,495827,495826,495814,495796,495794,495777
0.329125,0,0,0,0,0,486913,486913,486930,486900,486894,486908,486908,486907,486909
0.330732,0,0,0,0,0,486553,486570,486580,486579,486566,486565,486565,486580,486562
0.332350,0,0,0,0,0,495678,495658,495659,495675,495690,495684,495681,495698,495712
0.334002,0,0,0,0,0,488663,488647,488648,488630,488626,488614,488631,488628,488629
0.335609,0,0,0,0,0,486843,486859,486858,486868,486855,486870,486869,486853,486834
0.337217,0,0,0,0,0,481804,481784,481779,481769,481785,481784,481777,481764,481779
0.338814,0,0,0,0,0,481405,481422,481409,481407,481406,481389,481388,481476,481475
0.340409,0,0,0,0,0,480873,480933,480916,480930,480924,480939,480927,480936,480919
0.342100,0,0,0,0,0,473336,473274,473284,473286,473289,473282,473298,473209,473242
0.343688,0,0,0,0,0,487419,487402,487391,487372,487353,487358,487358,487357,487339
0.345295,0,0,0,0,0,485032,485059,485089,485100,485117,485100,485168,485184,485167
0.346901,0,0,0,0,0,485933,485904,485887,485874,485868,485883,485811,485865,485880
0.348505,0,0,0,0,0,486756,486761,486755,486772,486775,486786,486752,486766,486755
0.350172,0,0,0,0,0,485523,485516,485503,485483,485484,485472,485487,485382,485391
0.351777,0,0,0,0,0,485680,485685,485712,485727,485720,485702,485703,485719,485806
0.353385,0,0,0,0,0,486457,486466,486456,486439,486444,486454,486451,486438,486349
0.355005,0,0,0,0,0,496324,496307,496322,496322,496303,496318,496334,496345,496344
0.356609,0,0,0,0,0,489991,489990,489956,489954,489970,489941,489940,490039,490028
0.358220,0,0,0,0,0,485336,485352,485367,485382,485365,485365,485347,485333,485326
0.359823,0,0,0,0,0,486599,486580,486590,486590,486589,486606,486606,486589,486587
0.361430,0,0,0,0,0,487379,487472,487470,487454,487469,487451,487460,487389,487404
0.363036,0,0,0,0,0,485514,485420,485408,485418,485416,485440,485446,485445,485446
0.364640,0,0,0,0,0,491536,491535,491551,491626,491620,491593,491607,491589,491587
0.366265,0,0,0,0,0,486272,486270,486269,486192,486198,486197,486164,486179,486179
0.367868,0,0,0,0,0,485676,485692,485675,485661,485654,485653,485669,485651,485649
0.369476,0,0,0,0,0,480760,480744,480726,480725,480730,480730,480722,480726,480726
0.371073,0,0,0,0,0,481294,481308,481323,481324,481317,481315,481336,481348,481346
0.372668,0,0,0,0,0,521127,520923,520922,521024,521023,521039,521023,521004,520987
0.374307,0,0,0,0,0,484455,484641,484651,484564,484639,484637,484631,484645,484647
0.375949,0,0,0,0,0,485913,485945,485928,486013,485942,485925,485922,485924,485936
0.377445,0,0,0,0,0,443697,443419,443254,442917,442651,442417,442143,441894,441630
0.379020,0,0,0,0,0,472778,472787,472734,472733,472741,472726,472756,472754,472768
0.380621,0,0,0,0,0,468506,468490,468462,468545,468544,468542,468541,468540,468538
0.382229,0,0,0,0,0,463903,463901,463901,463810,463884,463899,463866,463865,463866
0.383831,0,0,0,0,0,463779,463805,463818,463819,463749,463749,463773,463772,463770
0.385435,0,0,0,0,0,463029,463007,463002,463100,463099,463082,463088,463086,463086
0.387036,0,0,0,0,0,463992,464000,463988,463887,463886,463900,463893,463892,463880
0.388531,0,0,0,0,0,456980,456970,456964,456967,456966,456959,456963,457047,457057
0.390057,0,0,0,0,0,451077,451159,451147,451142,451126,451115,451100,451005,450987
0.391623,0,0,0,0,0,460311,460236,460234,460233,460233,460247,460261,460270,460296
0.393098,0,0,0,0,0,461820,461810,461809,461796,461805,461805,461804,461814,461801
0.394672,0,0,0,0,0,473205,473204,473231,473257,473261,473244,473226,473213,473214
0.396311,0,0,0,0,0,460742,460752,460724,460712,460706,460720,460721,460705,460718
0.397958,0,0,0,0,0,464605,464614,464644,464639,464627,464626,464640,464655,464640
0.399577,0,0,0,0,0,464402,464374,464374,464363,464372,464372,464355,464337,464336
0.401184,0,0,0,0,0,474762,474761,474744,474769,474773,474783,474797,474897,474911
0.402789,0,0,0,0,0,463530,463533,463516,463488,463514,463487,463456,463355,463338
0.404392,0,0,0,0,0,463404,463399,463414,463422,463395,463394,463408,463507,463506
0.406040,0,0,0,0,0,464891,464963,464946,465020,465004,465003,465011,464927,464941
0.407645,0,0,0,0,0,462604,462546,462578,462503,462516,462514,462520,462501,462485
0.409251,0,0,0,0,0,465359,465359,465351,465341,465340,465353,465347,465353,465436
0.410869,0,0,0,0,0,464278,464267,464251,464263,464263,464258,464264,464271,464171
0.412472,0,0,0,0,0,464335,464327,464347,464342,464326,464330,464312,464312,464326
0.414121,0,0,0,0,0,463707,463722,463730,463735,463749,463743,463741,463731,463730
0.415722,0,0,0,0,0,462434,462423,462408,462406,462388,462378,462387,462397,462385
0.417208,0,0,0,0,0,457330,457339,457337,457337,457353,457350,457337,457335,457346
0.418788,0,0,0,0,0,465677,465733,465717,465701,465700,465700,465716,465715,465696
0.420393,0,0,0,0,0,464328,464269,464258,464256,464239,464253,464248,464247,464253
0.422055,0,0,0,0,0,466594,466595,466591,466606,466622,466606,466594,466594,466588
0.423661,0,0,0,0,0,466464,466451,466464,466447,466445,466444,466443,466524,466523
0.425270,0,0,0,0,0,465166,465176,465162,465174,465157,465170,465196,465112,465127
0.426875,0,0,0,0,0,464658,464641,464657,464659,464657,464641,464624,464623,464610
0.428479,0,0,0,0,0,464731,464730,464728,464721,464722,464723,464711,464710,464719
0.430000,0,0,0,0,0,462666,462681,462665,462686,462694,462723,462733,462748,462749
0.431575,0,0,0,0,0,465339,465328,465354,465322,465310,465295,465352,465350,465332
0.433196,0,0,0,0,0,465921,465931,465903,465901,465900,465882,465823,465807,465822
0.434702,0,0,0,0,0,462474,462456,462487,462487,462497,462512,462517,462583,462566
0.436304,0,0,0,0,0,465381,465380,465373,465388,465392,465376,465368,465358,465440
0.437953,0,0,0,0,0,461416,461432,461446,461439,461438,461453,461451,461382,461297
0.439550,0,0,0,0,0,461058,461040,461014,461014,460997,460994,460985,461010,461010
0.441168,0,0,0,0,0,460126,460125,460123,460127,460127,460111,460109,460092,460109
0.442764,0,0,0,0,0,461200,461205,461199,461213,461212,461222,461237,461250,461247
0.444372,0,0,0,0,0,459998,460008,460012,459988,459988,459974,459973,459943,459943
0.445888,0,0,0,0,0,456123,456105,456105,456177,456187,456187,456186,456257,456256
0.447465,0,0,0,0,0,464302,464316,464314,464231,464218,464287,464268,464227,464226
0.449072,0,0,0,0,0,464404,464404,464419,464512,464527,464456,464473,464456,464438
0.450678,0,0,0,0,0,465373,465357,465351,465271,465254,465271,465264,465261,465276
0.452283,0,0,0,0,0,547654,547669,547668,547668,547666,547648,547679,547679,547679
0.453842,0,0,0,0,0,455367,455354,455411,455405,455420,455435,455403,455401,455400
0.455305,0,0,0,0,0,456589,456589,456514,456501,456485,456469,456456,456458,456455
0.456749,0,0,0,0,0,460637,460647,460662,460677,460687,460685,460685,460740,460725
0.458211,0,0,0,0,0,441686,441669,441684,441685,441684,441682,441697,441622,441635
0.459653,0,0,0,0,0,438833,438848,438821,438803,438801,438818,438817,438831,438830
0.461094,0,0,0,0,0,481285,481269,481251,481265,481255,481237,481288,481287,481288
0.462706,0,0,0,0,0,463163,463165,463190,463275,463283,463298,463228,463327,463325
0.464309,0,0,0,0,0,466116,466109,466125,466024,466012,466009,466025,466010,466009
0.465928,0,0,0,0,0,466308,466308,466292,466291,466307,466309,466275,466258,466246
0.467535,0,0,0,0,0,465116,465131,465202,465216,465210,465208,465224,465154,465164
0.469143,0,0,0,0,0,511937,511935,511850,511833,511836,511819,511818,511802,511800
0.470793,0,0,0,0,0,462757,462741,462751,462766,462766,462777,462775,462789,462778
0.472395,0,0,0,0,0,472708,472707,472682,472681,472679,472665,472675,472690,472700
0.474000,0,0,0,0,0,465169,465253,465282,465276,465259,465275,465264,465232,465230
0.475640,0,0,0,0,0,461434,461354,461332,461335,461336,461319,461334,461348,461347
0.477259,0,0,0,0,0,462994,463003,463033,463033,463032,463041,463023,463080,463080
0.478863,0,0,0,0,0,458308,458291,458264,458257,458286,458287,458286,458227,458226
0.480465,0,0,0,0,0,464023,464022,464021,464026,463994,463992,464022,464089,464089
0.482070,0,0,0,0,0,465178,465250,465260,465259,465273,465262,465257,465173,465170
0.483674,0,0,0,0,0,463219,463230,463233,463227,463227,463241,463224,463238,463238
0.485280,0,0,0,0,0,463432,463346,463340,463327,463325,463309,463298,463297,463296
0.486885,0,0,0,0,0,462592,462593,462581,462581,462592,462605,462604,462604,462602
0.488502,0,0,0,0,0,463172,463169,463170,463186,463158,463152,463167,463165,463165
0.490181,0,0,0,0,0,463684,463700,463709,463690,463773,463762,463746,463744,463743
0.491786,0,0,0,0,0,464559,464542,464545,464545,464460,464459,464467,464457,464457
0.493436,0,0,0,0,0,464138,464135,464121,464130,464145,464145,464134,464142,464125
0.495041,0,0,0,0,0,464314,464320,464311,464316,464314,464322,464336,464321,464324
0.496643,0,0,0,0,0,468220,468212,468216,468215,468200,468199,468199,468214,468207
0.498252,0,0,0,0,0,462438,462439,462422,462506,462504,462509,462491,462489,462505
0.499868,0,0,0,0,0,464742,464742,464773,464670,464679,464678,464678,464677,464677
0.501398,0,0,0,0,0,524246,524316,524300,524300,524289,524273,524271,524270,524252
0.502914,0,0,0,0,0,439826,439753,440481,440490,440563,440572,440588,440587,440586
0.504367,0,0,0,0,0,443370,443367,442648,442637,442561,442566,442549,442532,442537
0.505811,0,0,0,0,0,445458,445463,445461,445476,445486,445469,445483,445482,445490
0.507255,0,0,0,0,0,438170,438164,438162,438161,438150,438164,438147,438172,438162
0.508694,0,0,0,0,0,446781,447163,447683,447692,447634,447633,452373,452172,452165
0.511607,0,0,0,0,0,455777,455398,454862,454851,454933,454932,450217,450479,450495
0.513049,0,0,0,0,0,439468,439463,439552,439544,439548,439541,439505,439456,439454
0.514488,0,0,0,0,0,437637,437641,437550,437555,437539,437528,437546,437520,437520
0.515926,0,0,0,0,0,430009,430002,430005,430000,429999,429998,430002,429987,429985
0.517402,0,0,0,0,0,452896,452895,452905,452893,452876,452891,452859,452873,452870
0.518842,0,0,0,0,0,460954,460970,460958,460968,460983,460966,460965,460963,460952
0.520292,0,0,0,0,0,451214,451196,451180,451185,451179,451209,451235,451234,451245
0.521732,0,0,0,0,0,439790,439788,439803,439795,439784,439769,439739,439755,439754
0.523172,0,0,0,0,0,437195,437195,437205,437193,437192,437189,437222,437205,437205
0.524609,0,0,0,0,0,489536,489551,489539,489555,489564,489579,489573,514146,514004
0.526157,0,0,0,0,0,476901,476888,476883,476882,476885,476864,476852,452276,452430
0.527596,0,0,0,0,0,427021,427017,427020,427013,426997,427001,427000,426999,426983
0.529036,0,0,0,0,0,436705,436704,436703,436703,436717,436715,436714,436714,436712
0.530492,0,0,0,0,0,451621,451620,451635,451632,451632,451643,451641,451654,451638
0.531931,0,0,0,0,0,431036,431041,431018,431008,430989,430978,430993,430978,430993
0.533403,0,0,0,0,0,452060,452052,452057,452072,452083,452165,452151,452133,452133
0.534972,0,0,0,0,0,464160,464161,464174,464168,464157,464072,464069,464100,464098
0.536579,0,0,0,0,0,519529,523629,523309,523324,523340,523323,523322,523389,523388
0.538113,0,0,0,0,0,456676,452587,452886,452874,452872,452881,452896,452811,452810
0.539559,0,0,0,0,0,440921,440910,440923,440905,440889,440878,440845,440834,440833
0.541018,0,0,0,0,0,496048,496048,496048,496064,496073,496088,496119,496112,496111
0.542502,0,0,0,0,0,439757,439750,439754,439747,439750,439750,439743,439843,439842
0.543942,0,0,0,0,0,437749,437749,437744,437749,437749,437729,437728,437642,437643
0.545381,0,0,0,0,0,433178,433177,433218,433200,433183,433200,433205,433203,433200
0.546822,0,0,0,0,0,439764,439778,439722,439738,439747,439730,439728,439729,439728
0.548385,0,0,0,0,0,459428,459412,459413,459410,459410,459424,459424,459422,459421
0.549902,0,0,0,0,0,452329,452333,452328,452328,452332,452316,452299,452297,452297
0.551485,0,0,0,0,0,464256,464248,464260,464261,464261,464269,464284,464269,464256
0.553125,0,0,0,0,0,463020,463026,463027,463024,463017,463022,463021,463102,463112
0.554729,0,0,0,0,0,463702,463695,463681,463692,463696,463694,463689,463622,463610
0.556330,0,0,0,0,0,473901,473900,473900,473898,473898,473897,473895,473882,473892
0.557977,0,0,0,0,0,464120,464120,464119,464109,464159,464160,464148,464211,464210
0.559581,0,0,0,0,0,471984,471987,471982,472049,471996,471994,471992,471937,471937
0.561185,0,0,0,0,0,463265,463258,463278,463202,463202,463187,463203,463204,463201
0.562803,0,0,0,0,0,462722,462738,462720,462709,462703,462715,462714,462713,462739
0.564404,0,0,0,0,0,462791,462789,462785,462800,462802,462788,462781,462853,462809
0.566051,0,0,0,0,0,463970,463960,463948,464026,464026,464040,464029,463954,463980
0.567655,0,0,0,0,0,464306,464316,464314,464228,464210,464194,464208,464208,464265
0.569261,0,0,0,0,0,465377,465376,465399,465504,465512,465510,465510,465509,465440
0.570865,0,0,0,0,0,463174,463229,463215,463113,463187,463202,463186,463267,463266
0.572467,0,0,0,0,0,463892,463819,463823,463806,463733,463731,463745,463745,463744
0.573960,0,0,0,0,0,453462,453460,453459,453460,453459,453442,453440,453355,453338
0.575534,0,0,0,0,0,464073,464146,464155,464179,464183,464197,464192,464265,464263
0.577140,0,0,0,0,0,464348,464278,464251,464319,464317,464302,464374,464298,464383
0.578744,0,0,0,0,0,463735,463734,463744,463647,463631,463646,463576,463587,463602
0.580347,0,0,0,0,0,464455,464449,464478,464579,464588,464586,464570,464574,464472
0.581996,0,0,0,0,0,465677,465681,465639,465548,465553,465553,465646,465701,465700
0.583602,0,0,0,0,0,463986,463986,464011,464014,464009,464008,463912,463822,463837
0.585220,0,0,0,0,0,462164,462157,462145,462130,462127,462126,462143,462158,462241
0.586824,0,0,0,0,0,474254,474326,474327,474335,474339,474321,474320,474319,474234
0.588426,0,0,0,0,0,462947,462888,462901,462901,462885,462902,462899,462899,462898
0.590074,0,0,0,0,0,463481,463481,463464,463452,463461,463444,463428,463417,463417
0.591677,0,0,0,0,0,464076,464133,464134,464134,464148,464162,464172,464198,464196
0.593282,0,0,0,0,0,463188,463113,463137,463151,463124,463122,463110,463093,463093
0.594885,0,0,0,0,0,463454,463485,463467,463451,463466,463561,463561,463558,463556
0.596500,0,0,0,0,0,464260,464301,464300,464314,464309,464212,464225,464211,464211
0.598181,0,0,0,0,0,460348,460273,460273,460272,460275,460269,460253,460266,460255
0.599785,0,0,0,0,0,463795,463810,463793,463791,463790,463780,463789,463804,463812
0.601390,0,0,0,0,0,464398,464383,464398,464465,464465,464479,464535,464517,464501
0.602995,0,0,0,0,0,464741,464806,464794,464711,464710,464692,464624,464624,464721
0.604597,0,0,0,0,0,529018,529023,529022,557703,558473,559381,559480,563642,564081
0.606299,0,0,0,0,0,499395,499320,499321,470653,469875,468966,468882,464702,464177
0.607914,0,0,0,0,0,463570,463570,463594,463593,463581,463597,463589,463620,463635
0.609520,0,0,0,0,0,463711,463725,463693,463691,463775,463772,463773,463830,463798
0.611123,0,0,0,0,0,473995,473978,473993,474009,473934,473934,473921,473846,473846
0.612726,0,0,0,0,0,519371,519374,519431,519408,520169,521144,521142,521142,521157
0.614293,0,0,0,0,0,452551,452551,452490,452479,451722,450729,450728,450726,450708
0.615735,0,0,0,0,0,438574,438572,438573,438588,438580,438578,438568,438568,438594
0.617183,0,0,0,0,0,455907,455902,455890,455888,455889,455904,455928,455911,455899
0.618768,0,0,0,0,0,464930,464934,464928,464928,464931,464956,464942,464956,464954
0.620372,0,0,0,0,0,463942,463936,463940,463923,463916,463876,463956,464029,464013
0.622022,0,0,0,0,0,463950,463955,463949,463964,463954,463950,463867,463776,463790
0.623625,0,0,0,0,0,463910,463903,463891,463874,463888,463914,463912,463913,463912
0.625230,0,0,0,0,0,474255,474280,474312,474321,474321,474310,474319,474415,474414
0.626834,0,0,0,0,0,464291,464264,464246,464234,464233,464226,464216,464132,464132
0.628437,0,0,0,0,0,463475,463491,463516,463532,463531,463519,463586,463569,463567
0.629968,0,0,0,0,0,453340,453337,453310,453304,453286,453286,453231,453315,453316
0.631544,0,0,0,0,0,463838,463820,463820,463825,463835,463850,463849,463848,463845
0.633185,0,0,0,0,0,463881,463888,463911,463893,463893,463892,463875,463873,463873
0.634791,0,0,0,0,0,463454,463515,463504,463514,463543,463626,463626,463573,463572
0.636417,0,0,0,0,0,802550,803017,803010,804342,804694,804602,804617,804601,808696
0.638857,0,0,0,0,0,441674,441152,441143,439808,439414,439420,439402,439383,435302
0.640362,0,0,0,0,0,455119,455109,455102,455805,455802,455817,455801,455916,455883
0.641809,0,0,0,0,0,438729,438722,438736,438121,438137,438105,438119,438003,438003
0.643244,0,0,0,0,0,440109,440140,440154,440610,441433,441448,441448,441449,441462
0.644689,0,0,0,0,0,475641,475624,475597,475049,474955,474947,475004,475032,475016
0.646151,0,0,0,0,0,448027,448026,448020,448024,447345,447350,447308,447292,447290
0.647582,0,0,0,0,0,448672,448655,448644,448643,448574,448557,448550,448634,448650
0.649055,0,0,0,0,0,447952,447956,447955,448034,448046,448061,448059,447974,447973
0.650502,0,0,0,0,0,444445,444040,443651,443158,442731,442327,441919,441514,441116
0.651934,0,0,0,0,0,428687,428735,428739,428748,428825,428815,428823,428812,428835
0.653425,0,0,0,0,0,418194,417767,417419,417055,416707,416357,415998,415650,415262
0.654833,0,0,0,0,0,416547,416546,416543,416543,416492,416485,416485,416498,416497
0.656239,0,0,0,0,0,415028,415045,415017,415043,415013,415003,415035,415036,415049
0.657670,0,0,0,0,0,451286,451320,452391,452430,452545,452554,452520,452517,452502
0.659128,0,0,0,0,0,413426,413400,412355,412285,412198,412188,412172,412157,412155
0.660539,0,0,0,0,0,413763,413733,413742,413762,413716,413729,413728,413728,413728
0.661975,0,0,0,0,0,417460,417459,417448,417427,417480,417479,417493,417491,417538
0.663387,0,0,0,0,0,414840,414869,414868,414920,414895,414879,414849,414861,414837
0.664795,0,0,0,0,0,564385,564354,564363,564328,564323,576623,576533,576581,576571
0.667396,0,0,0,0,0,426045,426064,426063,426042,426060,413760,413861,413822,413820
0.668804,0,0,0,0,0,425317,425315,425286,425304,425273,425270,425270,425245,425230
0.670258,0,0,0,0,0,395750,395297,394859,394405,393979,393552,393126,392699,392271
0.671639,0,0,0,0,0,391396,391394,391394,391393,391392,391391,391390,391375,391374
0.673084,0,0,0,0,0,402110,402109,402108,402107,402106,402106,402104,402142,402143
0.674429,0,0,0,0,0,393389,393388,393386,393385,393384,393383,393383,393357,393355
0.675754,0,0,0,0,0,391809,391807,391806,391806,391805,391804,391802,391801,391799
0.677077,0,0,0,0,0,409121,409121,409122,409119,409117,409116,409117,409117,409116
0.678468,0,0,0,0,0,392613,392612,393848,396463,397057,397057,397055,397092,397386
0.679845,0,0,0,0,0,395561,395560,394321,391705,391110,391109,391107,391044,390735
0.681216,0,0,0,0,0,392964,392963,392946,392945,392944,392942,392941,392965,392964
0.682592,0,0,0,0,0,392178,392176,392191,392190,392190,392189,392188,392185,392183
0.683963,0,0,0,0,0,390913,390902,390901,390900,390921,390920,390920,390920,390957
0.685445,0,0,0,0,0,440416,441238,442049,442837,443600,444411,445206,445978,446729
0.687051,0,0,0,0,0,444480,444548,444545,444552,444552,444512,444512,444550,444548
0.688655,0,0,0,0,0,448251,448180,448172,448157,448170,448271,448262,448232,448244
0.690264,0,0,0,0,0,445816,445815,445814,445828,445814,445711,445718,445708,445692
0.691869,0,0,0,0,0,444778,444778,444786,444775,445518,445547,445521,446680,446667
0.693416,0,0,0,0,0,437732,443248,440582,440567,439830,439813,439838,438691,438752
0.694870,0,0,0,0,0,438193,432689,435338,435351,435339,435349,435348,435334,435297
0.696313,0,0,0,0,0,433911,433896,433901,433909,433911,433909,433898,433904,433906
0.697756,0,0,0,0,0,434189,434188,434186,434162,434144,434121,434152,434158,434141
0.699198,0,0,0,0,0,434342,434340,434325,434338,434361,434373,434349,434333,434333
0.700639,0,0,0,0,0,436469,436483,436482,436490,436482,436465,436439,436424,436422
0.702208,0,0,0,0,0,440482,440467,440475,440464,440472,440486,440510,440522,440523
0.703816,0,0,0,0,0,441772,441810,441810,441825,441823,441823,441836,441845,441858
0.706420,0,0,0,0,0,467774,468599,469347,469356,469332,469341,469316,469392,469391
0.707909,0,0,0,0,0,437237,436370,435635,435618,435630,435629,435638,435565,435549
0.709439,0,0,0,0,0,436952,436951,436948,436923,436947,436946,436937,436946,436969
0.710884,0,0,0,0,0,435954,436001,435992,435992,435953,435965,435948,435907,435881
0.712325,0,0,0,0,0,434258,434211,434220,434247,434283,434244,434268,434297,434306
0.713787,0,0,0,0,0,437706,437752,437726,437774,437749,437748,437745,437792,437782
0.715233,0,0,0,0,0,434107,434058,434081,434094,434094,434093,434093,434029,434028
0.716673,0,0,0,0,0,436625,436609,436608,436544,436568,436591,436581,436591,436604
0.718151,0,0,0,0,0,435191,435205,435180,435165,435125,435123,435108,435097,435097
0.719592,0,0,0,0,0,434311,434311,434334,434343,434355,434355,434368,434391,434374
0.721035,0,0,0,0,0,430495,430493,430468,430442,430452,430442,430426,430387,430386
0.722470,0,0,0,0,0,431424,431433,431455,431484,431483,431483,431482,431504,431518
0.723920,0,0,0,0,0,429990,429978,429955,429938,429974,429982,430011,430010,430009
0.725524,0,0,0,0,0,434732,434732,434744,434753,434768,434756,434749,434740,434724
0.727094,0,0,0,0,0,444811,444826,444820,444810,444755,444754,444730,444805,444790
0.728698,0,0,0,0,0,448933,448916,448921,448930,448919,448929,448942,448889,448901
0.730307,0,0,0,0,0,444328,444326,444320,444308,444317,444306,444315,444365,444366
0.731912,0,0,0,0,0,444350,444350,444362,444362,444352,444336,444311,444321,444334
0.733564,0,0,0,0,0,445856,445855,445831,445829,445838,445851,445850,445785,445769
0.735183,0,0,0,0,0,445730,445728,445741,445751,445740,445751,445826,445803,445801
0.736788,0,0,0,0,0,449524,449591,449586,449586,449599,449597,449533,449516,449516
0.738400,0,0,0,0,0,444908,444839,444852,444839,444824,444823,444822,444937,444937
0.740005,0,0,0,0,0,444065,444065,444064,444078,444062,444124,444125,444022,444020
0.741656,0,0,0,0,0,444785,444783,444767,444752,444776,444702,444723,444708,444708
0.743262,0,0,0,0,0,444734,444734,444787,444799,444773,444797,444781,444794,444793
0.744866,0,0,0,0,0,520221,520235,520180,520167,520180,520202,520178,520193,520177
0.746512,0,0,0,0,0,438708,438702,438717,438714,438715,438674,438688,438657,438669
0.747962,0,0,0,0,0,433620,433609,433594,433604,433617,433592,433601,433629,433639
0.749579,0,0,0,0,0,424000,423999,423987,423975,423969,423984,423996,424069,424059
0.751185,0,0,0,0,0,445970,445983,445982,446006,445981,445989,445965,445938,445936
0.752787,0,0,0,0,0,448838,448808,448822,448782,448804,448795,448790,448817,448814
0.754389,0,0,0,0,0,441538,441553,441560,441589,441604,441611,441613,441532,441547
0.755984,0,0,0,0,0,442089,442153,442115,442109,442083,442084,442083,442080,442081
0.757513,0,0,0,0,0,434579,434511,434539,434538,434537,434535,434534,434548,434532
0.759088,0,0,0,0,0,445164,445178,445162,445136,445120,445118,445144,445134,445143
0.760690,0,0,0,0,0,447902,447956,447979,448002,448016,448016,448027,448021,448024
0.762299,0,0,0,0,0,444293,444222,444221,444211,444210,444209,444169,444169,444167
0.763902,0,0,0,0,0,443190,443174,443163,443172,443171,443168,443169,443235,443229
0.765551,0,0,0,0,0,445944,445958,445957,445932,445941,445932,446002,446016,446006
0.767122,0,0,0,0,0,484317,484317,484315,484415,484404,484413,484325,484324,484332
0.768757,0,0,0,0,0,444245,444243,444965,445791,445790,445764,445802,445756,445762
0.770362,0,0,0,0,0,445354,445355,444642,443805,443804,443802,443848,443815,443798
0.771838,0,0,0,0,0,434659,434656,434645,434576,434574,434574,434473,434481,434479
0.773457,0,0,0,0,0,444060,444075,444069,444073,444083,444096,444133,444107,444108
0.775062,0,0,0,0,0,442096,442146,442145,442129,442128,442128,442114,442192,442204
0.776665,0,0,0,0,0,447343,447275,447275,447274,447274,447274,447286,447229,447229
0.778274,0,0,0,0,0,443954,443964,443977,443990,443987,444062,444038,444025,444023
0.779890,0,0,0,0,0,444004,443993,443982,443977,443967,443873,443871,443923,443908
0.781539,0,0,0,0,0,443232,443246,443230,443229,443226,443227,443251,443264,443263
0.783144,0,0,0,0,0,443192,443177,443191,443165,443176,443187,443161,443068,443067
0.784744,0,0,0,0,0,446345,446343,446352,446366,446354,446365,446380,446471,446479
0.786350,0,0,0,0,0,444033,444032,444008,444007,444070,444069,444066,444035,444039
0.787987,0,0,0,0,0,444387,444386,444398,444406,444343,444340,444404,444355,444339
0.789636,0,0,0,0,0,444731,444730,444739,444806,444804,444780,444724,444723,444723
0.791254,0,0,0,0,0,444676,444675,444674,444611,444620,444634,444633,444633,444632
0.792858,0,0,0,0,0,441641,441641,441640,441714,441688,441697,441686,441671,441671
0.794335,0,0,0,0,0,435689,435687,435686,435609,435633,435623,435632,435643,435657
0.795782,0,0,0,0,0,433805,433804,433774,433774,433772,433771,433770,433785,433779
0.797397,0,0,0,0,0,445287,445287,445301,445284,445283,445305,445294,445288,445291
0.799003,0,0,0,0,0,445200,445198,445202,445212,445202,445162,445209,445198,445183
0.800606,0,0,0,0,0,447343,447358,447342,447317,447301,447301,447237,447300,447322
0.802228,0,0,0,0,0,443676,443673,443681,443708,443730,443744,443770,443705,443757
0.803832,0,0,0,0,0,445635,445620,445625,445594,445595,445592,445590,445590,445513
0.805481,0,0,0,0,0,444713,444712,444720,444736,444725,444710,444684,444691,444705
0.807085,0,0,0,0,0,443345,443344,443343,443356,443363,443379,443440,443507,443505
0.808687,0,0,0,0,0,448144,448142,448130,448124,448116,448123,448074,448006,448005
0.810296,0,0,0,0,0,444090,444091,444101,444104,444087,444062,444071,444138,444123
0.811899,0,0,0,0,0,443905,443970,443941,443927,443940,443963,443953,443884,443897
0.813563,0,0,0,0,0,444569,444567,444580,444587,444602,444600,444599,444598,444582
0.815165,0,0,0,0,0,442088,442089,442101,442077,442134,442138,442148,442138,442137
0.816766,0,0,0,0,0,478948,478947,478947,478970,478974,478968,478940,478938,478938
0.818289,0,0,0,0,0,439615,439546,439544,439567,439502,439501,439517,439525,439537
0.819744,0,0,0,0,0,433005,433004,433002,432981,432976,432966,432950,432950,432949
0.821361,0,0,0,0,0,446169,446169,446160,446217,446221,446244,446266,446256,446243
0.822968,0,0,0,0,0,445575,445581,445579,445492,445485,445460,445436,445511,445518
0.824587,0,0,0,0,0,505183,505189,505169,505181,505171,529755,530500,531301,531300
0.826286,0,0,0,0,0,470397,470381,470384,470384,470392,445807,445083,444218,444193
0.827891,0,0,0,0,0,443473,443540,443551,443550,443525,443532,443522,443583,443582
0.829542,0,0,0,0,0,444958,444903,444902,444902,444926,444915,444923,444860,444883
0.831148,0,0,0,0,0,444611,444596,444609,444683,444696,444696,444695,444680,444669
0.832752,0,0,0,0,0,450126,450125,450124,450071,450045,450044,450043,450041,450040
0.834363,0,0,0,0,0,444813,444813,444802,444786,444787,444794,444784,444793,444793
0.835982,0,0,0,0,0,444259,444310,444304,444308,444330,444307,444290,444357,444365
0.837633,0,0,0,0,0,446043,446042,446041,446027,446012,446025,446034,445969,445959
0.839239,0,0,0,0,0,444649,444596,444609,444621,444596,444682,444672,444656,444655
0.840843,0,0,0,0,0,432056,432053,432053,432053,432076,432066,432088,432089,432087
0.842310,0,0,0,0,0,436104,436105,436105,436075,436048,435979,435970,436046,436055
0.843758,0,0,0,0,0,433526,433538,433521,433534,433548,433521,433532,433452,433442
0.845377,0,0,0,0,0,446397,446381,446395,446395,446395,446419,446407,446393,446391
0.846996,0,0,0,0,0,445176,445175,445175,445186,445195,445185,445193,445299,445321
0.848600,0,0,0,0,0,504950,504948,504907,529556,530316,531010,530999,530982,533434
0.850299,0,0,0,0,0,473727,473743,473755,449100,448328,447643,447640,447649,445172
0.851904,0,0,0,0,0,444808,444792,444808,444808,444806,444780,444791,444703,444702
0.853556,0,0,0,0,0,445247,445246,445253,445241,445241,445263,445252,445252,445237
0.855162,0,0,0,0,0,444114,444114,444182,444191,444189,444164,444158,444170,444183
0.856767,0,0,0,0,0,447962,447961,447853,447906,447916,447929,447919,447915,447929
0.858386,0,0,0,0,0,441312,441295,441334,441284,441282,441321,441344,441331,441315
0.859982,0,0,0,0,0,440803,440818,440831,440815,440815,440775,440773,440774,440850
0.861498,0,0,0,0,0,433555,433554,433538,433548,433536,433521,433521,433518,433441
0.863073,0,0,0,0,0,444803,444802,444800,444790,444867,444890,444877,444886,444899
0.864678,0,0,0,0,0,451777,451776,451765,451748,451681,451670,451665,451670,451653
0.866288,0,0,0,0,0,445476,445474,445483,445508,445559,445558,445548,445543,445557
0.867927,0,0,0,0,0,445036,445035,445012,444999,445008,445021,445044,445110,445096
0.869592,0,0,0,0,0,445755,445764,445776,445761,445672,445667,445656,445587,445585
0.871199,0,0,0,0,0,445274,445263,445233,445232,445256,445245,445317,445334,445344
0.872804,0,0,0,0,0,450316,450316,450352,450381,450380,450403,450330,450326,450315
0.874414,0,0,0,0,0,445942,445940,445903,445896,445908,445884,445880,445869,445866
0.876019,0,0,0,0,0,442847,442861,442883,442896,442886,442895,442897,442890,442890
0.877670,0,0,0,0,0,446947,446984,446969,446960,446954,447029,447042,447042,447055
0.879277,0,0,0,0,0,444770,444716,444744,444728,444718,444640,444624,444623,444700
0.880975,0,0,0,0,0,486046,486136,486134,486917,486916,486916,489013,489506,489443
0.882626,0,0,0,0,0,463520,464666,465337,464537,464546,464533,462509,462034,462013
0.884122,0,0,0,0,0,432943,431704,431217,431922,434371,434874,434863,434832,434821
0.885614,0,0,0,0,0,438481,438479,438284,437602,435140,434621,434541,434628,434643
0.887091,0,0,0,0,0,434101,434101,434109,434083,434069,434092,434168,434080,434063
0.888532,0,0,0,0,0,433963,433970,433970,433998,434021,434011,433958,433956,433955
0.890025,0,0,0,0,0,433861,433837,433825,433820,433809,433793,433753,433752,433752
0.891474,0,0,0,0,0,433499,433581,433552,433550,433549,433572,433663,433663,433661
0.893045,0,0,0,0,0,486175,486106,486133,486108,486117,486106,486028,486035,486049
0.894694,0,0,0,0,0,439992,440006,440000,440029,440027,440028,440064,440132,440125
0.896297,0,0,0,0,0,443583,443581,443595,443579,443579,443577,443562,443498,443498
0.897901,0,0,0,0,0,444447,444447,444408,444391,444404,444413,444388,444387,444362
0.899659,0,0,0,0,0,643813,644276,644352,644416,644438,644490,644558,644619,644672
0.901667,0,0,0,0,0,455313,454833,454783,454727,454757,454693,454648,454570,454529
0.903170,0,0,0,0,0,444253,444252,444262,444277,444196,444182,444180,444180,444179
0.904625,0,0,0,0,0,555612,555059,555042,555046,555056,555068,555068,555065,555283
0.906192,0,0,0,0,0,430795,431332,431346,431344,431343,431342,431339,431341,431121
0.907630,0,0,0,0,0,431001,431014,431003,431036,431026,431036,431027,431033,431046
0.909053,0,0,0,0,0,470828,470827,470813,470763,470772,470759,470769,470759,470745
0.910531,0,0,0,0,0,429231,429244,429267,429276,429264,429273,429323,429323,429321
0.911966,0,0,0,0,0,408791,408776,408764,408740,408749,408740,408672,408685,408684
0.913387,0,0,0,0,0,438598,438597,439341,439364,439353,439337,440264,440262,440262
0.914959,0,0,0,0,0,442954,442967,442208,442221,442230,442242,441304,441299,441312
0.916554,0,0,0,0,0,440055,440055,440053,620338,618815,618829,618852,618943,618942
0.918337,0,0,0,0,0,619654,619624,619647,439351,440873,440859,440834,440715,440700
0.919934,0,0,0,0,0,440398,440412,440386,440369,440344,440328,440350,440366,440364
0.921409,0,0,0,0,0,432214,432212,432227,432236,432248,432284,432284,432282,432282
0.922983,0,0,0,0,0,445892,445890,445899,445903,445912,445888,445886,445948,445946
0.924475,0,0,0,0,0,415900,415587,415286,414986,414676,414364,414033,413683,413376
0.926095,0,0,0,0,0,413975,413975,413936,413909,413888,413922,413931,413921,413916
0.927701,0,0,0,0,0,413551,413550,413551,413542,413550,413515,413513,413511,413523
0.929308,0,0,0,0,0,414539,414538,414550,414557,414570,414567,414567,414566,414551
0.930913,0,0,0,0,0,413435,413433,413433,413504,413489,413490,413489,413488,413488
0.932516,0,0,0,0,0,412703,412715,412700,412654,412653,412651,412652,412650,412650
0.934185,0,0,0,0,0,411547,411525,411538,411519,411509,411543,411540,411540,411539
0.935674,0,0,0,0,0,403590,403611,403620,403646,403677,403641,403666,403666,403701
0.937130,0,0,0,0,0,407166,407165,407199,407185,407225,407233,407292,407312,407316
0.938706,0,0,0,0,0,413723,413708,413684,413697,413668,413680,413593,413634,413686
0.940311,0,0,0,0,0,414896,414990,414953,414929,414928,414927,414940,414925,414841
0.941963,0,0,0,0,0,416721,416652,416659,416680,416679,416684,416693,416654,416654
0.943571,0,0,0,0,0,415459,415430,415456,415455,415441,415448,415423,415445,415473
0.945180,0,0,0,0,0,411442,411464,411441,411427,411417,411417,411438,411429,411436
0.946830,0,0,0,0,0,410598,410603,410634,410696,410716,410692,410678,410650,410649
0.948427,0,0,0,0,0,411687,411672,411663,411660,411647,411655,411682,411679,411633
0.949945,0,0,0,0,0,406328,406328,406327,406264,406276,406288,406273,406310,406308
0.951522,0,0,0,0,0,413346,413330,413342,413342,413326,413288,413265,413241,413272
0.953129,0,0,0,0,0,413766,413824,413786,413786,413764,413755,413834,413820,413797
0.954736,0,0,0,0,0,414572,414539,414535,414510,414523,414553,414498,414604,414603
0.956342,0,0,0,0,0,414644,414665,414689,414725,414732,414724,414710,414647,414660
0.958005,0,0,0,0,0,414439,414426,414411,414372,414363,414383,414463,414444,414429
0.959612,0,0,0,0,0,414802,414778,414765,414800,414799,414797,414715,414711,414758
0.961221,0,0,0,0,0,411213,411212,411225,411211,411209,411196,411172,411156,411107
0.962820,0,0,0,0,0,411184,411206,411196,411217,411241,411231,411261,411265,411286
0.964417,0,0,0,0,0,412434,412446,412453,412407,412440,412438,412428,412423,412427
0.965893,0,0,0,0,0,403547,403523,403546,403559,403522,403531,403531,403534,403513
0.967467,0,0,0,0,0,414449,414457,414468,414467,414453,414429,414414,414400,414383
0.969085,0,0,0,0,0,414103,414093,414070,414138,414163,414183,414197,414209,414216
0.970690,0,0,0,0,0,414001,413987,413973,413927,413913,413913,413924,413918,413918
0.972294,0,0,0,0,0,413015,413014,413034,413033,413009,413008,412980,412997,413005
0.973942,0,0,0,0,0,413862,413943,413897,413873,413881,413907,413965,413928,413955
0.975546,0,0,0,0,0,413904,413822,413866,413863,413862,413812,413752,413760,413736
0.977154,0,0,0,0,0,414058,414079,414069,414077,414055,414054,414043,414042,414062
0.978759,0,0,0,0,0,413239,413215,413224,413202,413200,413190,413208,413280,413235
0.980375,0,0,0,0,0,412668,412667,412629,412627,412627,412635,412626,412552,412587
0.981895,0,0,0,0,0,405412,405410,405425,405448,405517,405515,405576,405584,405655
0.983360,0,0,0,0,0,410882,410894,410891,410925,410890,410891,410853,410851,410764
0.984963,0,0,0,0,0,414335,414322,414321,414285,414274,414308,414290,414281,414267
0.986567,0,0,0,0,0,413343,413379,413392,413405,413413,413399,413415,413450,413448
0.988171,0,0,0,0,0,413735,413697,413669,413645,413643,413656,413714,413687,413676
0.989821,0,0,0,0,0,414031,414075,414065,414112,414085,414047,413973,413985,413994
0.991316,0,0,0,0,0,405812,405972,406160,406277,406437,406617,406770,406904,407084
0.992975,0,0,0,0,0,477807,477745,477734,477697,477698,477695,477708,477717,477680
0.994651,0,0,0,0,0,415515,415513,415513,415597,415620,415605,415605,415616,415652
0.996259,0,0,0,0,0,415440,415430,415438,415389,415363,415362,415361,415361,415359
0.997914,0,0,0,0,0,417066,417075,417065,417062,417062,417062,417060,417035,417021
0.999524,0,0,0,0,0,415618,415617,415678,415688,415671,415685,415684,415683,415694
1.001136,0,0,0,0,0,416915,416921,416858,416848,416849,416848,416823,416845,416832
1.002759,0,0,0,0,0,416936,416937,416935,416996,416981,416979,417002,417001,416986
1.004368,0,0,0,0,0,415722,415702,415702,415710,415754,415730,415778,415778,415777
1.006022,0,0,0,0,0,417563,417572,417560,417496,417486,417500,417450,417434,417437
1.007632,0,0,0,0,0,415476,415487,415505,415495,415484,415491,415490,415504,415512
1.009244,0,0,0,0,0,415681,415677,415668,415667,415666,415652,415651,415627,415612
1.010854,0,0,0,0,0,414686,414675,414665,414672,414680,414685,414670,414669,414683
1.012462,0,0,0,0,0,417069,417068,417076,417067,417067,417064,417077,417084,417072
1.013958,0,0,0,0,0,403995,404004,403994,404003,404001,403987,403985,403998,404021
1.015532,0,0,0,0,0,412453,412469,412486,412476,412476,412488,412488,412487,412472
1.017061,0,0,0,0,0,415454,415425,415405,415475,415474,415445,415445,415446,415459
1.018571,0,0,0,0,0,411634,411620,411620,411547,411547,411569,411625,411613,411599
1.020157,0,0,0,0,0,416706,416719,416726,416717,416724,416729,416669,416677,416689
1.021812,0,0,0,0,0,417190,417199,417198,417196,417196,417181,417252,417252,417251
1.023425,0,0,0,0,0,416493,416491,416491,416499,416478,416499,416415,416413,416411
1.025053,0,0,0,0,0,417557,417546,417535,417535,417545,417543,417541,417598,417575
1.026702,0,0,0,0,0,416880,416895,416903,416910,416872,416849,416931,416872,416895
1.028312,0,0,0,0,0,417747,417744,417757,417755,417791,417814,417720,417719,417717
1.029967,0,0,0,0,0,417624,417632,417632,417632,417621,417604,417625,417637,417638
1.031579,0,0,0,0,0,417141,417117,417103,417093,417102,417116,417106,417055,417051
1.033192,0,0,0,0,0,417328,417351,417348,417348,417337,417336,417417,417452,417510
1.034805,0,0,0,0,0,417923,417885,417876,417882,417867,417880,417794,417806,417747
1.036430,0,0,0,0,0,416739,416751,416759,416751,416773,416748,416746,416733,416732
1.038086,0,0,0,0,0,418093,418164,418176,418184,418182,418183,418196,418195,418194
1.039698,0,0,0,0,0,417377,417319,417313,417303,417294,417302,417309,417286,417249
1.041312,0,0,0,0,0,414003,414000,413991,414061,414078,414067,414058,414079,414100
1.042915,0,0,0,0,0,414249,414298,414307,414232,414199,414208,414170,414148,414160
1.044518,0,0,0,0,0,413394,413331,413319,413311,413320,413318,413354,413374,413375
1.046263,0,0,0,0,0,416456,416464,416464,416472,416475,416474,416474,416472,416455
1.047761,0,0,0,0,0,405741,405730,405720,405728,405727,405737,405725,405770,405761
1.049345,0,0,0,0,0,417783,417784,417791,417781,417780,417767,417777,417730,417752
1.050957,0,0,0,0,0,416991,417025,417035,417024,417019,417019,417017,417018,417016
1.052449,0,0,0,0,0,408133,408105,408094,408094,408105,408163,408161,408160,408160
1.054077,0,0,0,0,0,417474,417464,417454,417434,417425,417365,417352,417349,417348
1.055691,0,0,0,0,0,417594,417606,417623,417649,417648,417647,417659,417646,417632
1.057306,0,0,0,0,0,417545,417532,417521,417521,417521,417520,417578,417603,417601
1.058931,0,0,0,0,0,416335,416323,416333,416331,416337,416337,416254,416275,416288
1.060543,0,0,0,0,0,416550,416547,416526,416525,483782,483902,484018,484045,484031
1.062245,0,0,0,0,0,484761,484795,484795,484804,417547,417402,417356,417291,417302
1.063855,0,0,0,0,0,417143,417120,417128,417117,417116,417128,417065,417044,417041
1.065470,0,0,0,0,0,412644,412649,412640,412649,412601,412611,412622,412629,412644
1.067073,0,0,0,0,0,412224,412217,412215,412214,412251,412234,412233,412223,412209
1.068675,0,0,0,0,0,455510,455509,455525,455508,455513,455527,455549,455569,455555
1.070330,0,0,0,0,0,407836,407857,407849,407846,407856,407844,407822,407822,407821
1.071940,0,0,0,0,0,416825,416801,416799,416798,416797,416797,416794,416794,416792
1.073554,0,0,0,0,0,415557,415569,415555,415562,415543,415552,415552,415549,415563
1.075165,0,0,0,0,0,415310,415269,415281,415272,415266,415265,415335,415335,415319
1.076774,0,0,0,0,0,421523,421562,421561,421650,421663,421651,421579,421578,421591
1.078390,0,0,0,0,0,416572,416572,416643,416570,416560,416577,416568,416625,416610
1.080001,0,0,0,0,0,416789,416773,416700,416689,416699,416689,416760,416700,416713
1.081628,0,0,0,0,0,416442,416455,416463,416463,416452,416451,416387,416387,416387
1.083240,0,0,0,0,0,415946,415941,415931,415920,415936,415927,415926,415926,415924
1.084849,0,0,0,0,0,455718,455709,455707,455681,455662,455670,455668,455666,455665
1.086502,0,0,0,0,0,413565,413649,413663,413683,413691,413690,413688,413746,413722
1.088109,0,0,0,0,0,415359,415281,415294,415315,415377,415363,415340,415279,415287
1.089592,0,0,0,0,0,406899,406898,406860,406850,406786,406799,406820,406821,406821
1.091172,0,0,0,0,0,416083,416095,416103,416067,416067,416057,416043,416019,416017
1.092795,0,0,0,0,0,420272,420249,420248,420283,420272,420279,420291,420385,420384
1.094412,0,0,0,0,0,415598,415606,415605,415653,415674,415673,415673,415598,415598
1.096022,0,0,0,0,0,415618,415607,415606,415556,415534,415531,415531,415517,415529
1.097634,0,0,0,0,0,416253,416240,416239,416301,416316,416309,416308,416321,416319
1.099244,0,0,0,0,0,415616,415637,415636,415572,415563,415560,415557,415556,415542
1.100852,0,0,0,0,0,479758,479749,479748,479746,479746,479746,479745,479745,479759
1.102404,0,0,0,0,0,406460,406449,406457,406457,406455,406463,406453,406451,406435
1.103863,0,0,0,0,0,404992,404990,404989,404988,404987,404963,404972,405044,405056
1.105440,0,0,0,0,0,415262,415294,415283,415346,415346,415367,415367,415292,415292
1.107087,0,0,0,0,0,415807,415769,415769,415704,415693,415701,415691,415690,415662
1.108695,0,0,0,0,0,421096,421109,421108,421099,421115,421098,421092,421091,421130
1.110312,0,0,0,0,0,414779,414788,414786,414864,414854,414839,414852,414853,414839
1.111920,0,0,0,0,0,415843,415895,415904,415796,415796,415793,415792,415825,415802
1.113532,0,0,0,0,0,416540,416484,416473,416508,416508,416522,416519,416542,416550
1.115157,0,0,0,0,0,416003,415994,415985,416055,416125,416121,416099,416025,416023
1.116766,0,0,0,0,0,420138,420150,420167,420094,420012,420009,420031,420022,420021
1.118382,0,0,0,0,0,415396,415397,415395,415386,415394,415394,415392,415413,415425
1.119990,0,0,0,0,0,415233,415224,415215,415223,415222,415225,415226,415270,415248
1.121601,0,0,0,0,0,416602,416607,416614,416614,416612,416612,416572,416513,416547
1.123212,0,0,0,0,0,415143,415142,415142,415140,415141,415139,415161,415172,415123
1.124821,0,0,0,0,0,420465,420474,420454,420463,420439,420448,420460,420437,420445
1.126450,0,0,0,0,0,417404,417371,417416,417477,417507,417496,417496,417562,417564
1.128059,0,0,0,0,0,415077,415099,415071,414998,414980,414987,414986,414941,414963
1.129671,0,0,0,0,0,414995,415002,414983,414991,414997,414988,414988,414988,415046
1.131279,0,0,0,0,0,416083,416073,416091,416071,416071,416078,416063,416060,416000
1.133122,0,0,0,0,0,458635,458612,458610,458610,458618,458609,458607,458606,458606
1.134779,0,0,0,0,0,416701,416717,416707,416713,416695,416713,416716,416718,416702
1.136390,0,0,0,0,0,417132,417124,417124,417133,417140,417120,417128,417183,417173
1.138015,0,0,0,0,0,415159,415166,415164,415156,415146,415163,415153,415094,415103
1.139627,0,0,0,0,0,417881,417930,417942,417949,417935,417925,417934,417911,417922
1.141243,0,0,0,0,0,418100,418067,418063,418030,418065,418064,418050,418084,418070
1.142856,0,0,0,0,0,417155,417127,417116,417129,417114,417099,417110,417097,417088
1.144466,0,0,0,0,0,417041,417041,417031,417049,417047,417051,417049,417034,417055
1.146078,0,0,0,0,0,418094,418177,418194,418184,418184,418183,418170,418241,418218
1.147690,0,0,0,0,0,416988,416975,416978,416985,416975,416991,416995,416922,416943
1.149361,0,0,0,0,0,418102,418037,418014,418013,418012,418012,418011,417987,417986
1.150974,0,0,0,0,0,416588,416590,416607,416598,416605,416587,416595,416630,416615
1.152585,0,0,0,0,0,494001,494002,494001,505914,506445,507698,508215,508214,508213
1.154177,0,0,0,0,0,423358,423344,423335,411417,410885,409638,409111,409074,409088
1.155758,0,0,0,0,0,416372,416369,416357,416367,416357,416356,416363,416398,416383
1.157416,0,0,0,0,0,417754,417764,417772,417763,417761,417761,417831,417830,417842
1.159030,0,0,0,0,0,417659,417661,417670,417695,417713,417688,417616,417674,417664
1.160655,0,0,0,0,0,420707,420692,420673,420652,420633,420678,420691,420631,420710
1.162272,0,0,0,0,0,416714,416728,416744,416736,416735,416719,416697,416659,416574
1.163883,0,0,0,0,0,416341,416339,416339,416316,416324,416293,416298,416392,416404
1.165544,0,0,0,0,0,419533,419532,419494,419515,419514,419526,419597,419538,419511
1.167156,0,0,0,0,0,417715,417711,417738,417737,417727,417735,417663,417663,417688
1.168767,0,0,0,0,0,420025,420036,420049,420057,420066,420057,420054,420039,420037
1.170378,0,0,0,0,0,412166,412155,412149,412140,412137,412135,412195,412220,412207
1.171993,0,0,0,0,0,412916,412915,412905,412903,412868,412876,412816,412801,412813
1.173515,0,0,0,0,0,406471,406458,406457,406455,406482,406480,406479,406479,406465
1.175097,0,0,0,0,0,415624,415633,415622,415630,415635,415626,415697,415696,415694
1.176705,0,0,0,0,0,420760,420762,420771,420762,420771,420770,420696,420683,420696
1.178321,0,0,0,0,0,415703,415689,415688,415688,415678,415685,415676,415745,415709
1.179930,0,0,0,0,0,415170,415232,415241,415239,415238,415237,415237,415237,415271
1.181586,0,0,0,0,0,417278,417205,417193,417201,417191,417192,417184,417125,417124
1.183210,0,0,0,0,0,415975,415996,416005,415994,416002,415992,415991,415966,776413
1.185277,0,0,0,0,0,828797,828845,828844,828835,828834,828841,828855,828936,468474
1.186814,0,0,0,0,0,455885,455836,455826,455842,471466,471455,471455,471440,471430
1.188373,0,0,0,0,0,422683,422682,422681,422683,407056,407057,407126,407080,407087
1.189871,0,0,0,0,0,406008,405994,405991,405978,405933,405940,405868,405854,405867
1.191319,0,0,0,0,0,405783,405781,405772,405773,405817,405825,405814,405812,405811
1.192765,0,0,0,0,0,465312,469541,469388,469385,469374,469365,469373,469386,469372
1.194298,0,0,0,0,0,412219,408037,408212,408213,408231,408220,408219,408205,408217
1.195744,0,0,0,0,0,405684,405648,405642,405639,405621,405629,405628,405640,405626
1.197190,0,0,0,0,0,439272,439257,439247,439257,439264,439254,439255,439252,439250
1.198672,0,0,0,0,0,406022,406020,406019,406009,405998,406015,406005,405992,405969
1.200117,0,0,0,0,0,405815,405815,405815,405876,405884,405883,405867,405859,405893
1.201560,0,0,0,0,0,405246,405245,405244,405179,405144,405131,405144,405165,405166
1.203135,0,0,0,0,0,415196,415208,415215,415206,415240,415241,415250,415293,415268
1.204632,0,0,0,0,0,391989,391501,390991,390500,389980,389473,388972,388464,387953
1.206212,0,0,0,0,0,381830,381837,381849,381861,381878,381865,381909,381862,381887
1.207816,0,0,0,0,0,382795,382773,382774,382772,382784,382816,382770,382777,382764
1.209423,0,0,0,0,0,382674,382740,382738,382717,382704,382682,382660,382659,382658
1.211029,0,0,0,0,0,382850,382782,382779,382799,382810,382818,382809,382797,382795
1.212633,0,0,0,0,0,385392,385412,385412,385399,385445,385434,385440,385418,385438
1.214244,0,0,0,0,0,382838,382817,382791,382781,382713,382720,382733,382751,382721
1.215743,0,0,0,0,0,374823,374845,374890,374922,374950,374975,374995,375020,375049
1.217322,0,0,0,0,0,381362,381379,381349,381422,381425,381420,381397,381452,381475
1.218806,0,0,0,0,0,377772,377763,377803,377736,377757,377759,377788,377731,377718
1.220388,0,0,0,0,0,384831,384822,384810,384801,384786,384773,384796,384816,384793
1.222039,0,0,0,0,0,385125,385119,385109,385116,385083,385108,385095,385053,385061
1.223648,0,0,0,0,0,383128,383140,383146,383137,383148,383155,383141,383218,383238
1.225258,0,0,0,0,0,383842,383849,383840,383825,383838,383825,383903,383845,383835
1.226878,0,0,0,0,0,384327,384310,384305,384330,384336,384314,384213,384269,384256
1.228485,0,0,0,0,0,384561,384554,384558,384553,384544,384551,384542,384470,384482
1.230046,0,0,0,0,0,373685,373673,373672,373650,373669,373648,373658,373679,373676
1.231622,0,0,0,0,0,383486,383531,383529,383549,383528,383550,383548,383625,383605
1.233232,0,0,0,0,0,384724,384703,384710,384702,384709,384709,384727,384652,384672
1.234841,0,0,0,0,0,384297,384285,384273,384270,384270,384282,384282,384268,384246
1.236448,0,0,0,0,0,383869,383886,383901,383908,383898,383858,383848,383860,383866
1.237941,0,0,0,0,0,374457,374439,374423,374402,374413,374459,374445,374419,374431
1.239518,0,0,0,0,0,384243,384293,384273,384293,384281,384245,384267,384311,384376
1.241130,0,0,0,0,0,384805,384802,384823,384789,384775,384754,384744,384765,384676
1.242738,0,0,0,0,0,382685,382643,382621,382632,382630,382651,382650,382602,382601
1.244344,0,0,0,0,0,384761,384761,384768,384789,384788,384775,384785,384776,384785
1.245997,0,0,0,0,0,384249,384239,384259,384249,384282,384313,384287,384300,384311
1.247606,0,0,0,0,0,383057,383063,383050,383037,383014,383004,383026,383023,383022
1.249229,0,0,0,0,0,384934,384913,384916,384934,384934,384931,384899,384940,384932
1.250838,0,0,0,0,0,385165,385178,385184,385185,385163,385152,385173,385159,385145
1.252443,0,0,0,0,0,383888,383894,383907,383906,383979,383991,383990,383958,383976
1.254053,0,0,0,0,0,383697,383683,383660,383636,383583,383569,383642,383665,383657
1.255661,0,0,0,0,0,383812,383818,383804,383812,383810,383855,383812,383785,383805
1.257270,0,0,0,0,0,385013,385051,385051,385043,385029,384995,384961,384974,384973
1.258879,0,0,0,0,0,383622,383577,383589,383596,383607,383582,383582,383538,383524
1.260499,0,0,0,0,0,384904,384914,384933,384944,384964,384986,384972,385046,385025
1.262169,0,0,0,0,0,383471,383470,383436,383427,383459,383468,383500,383513,383533
1.263777,0,0,0,0,0,384161,384159,384168,384167,384112,384090,384088,384019,384005
1.265386,0,0,0,0,0,384585,384566,384576,384554,384562,384560,384560,384561,384539
1.267029,0,0,0,0,0,383461,383487,383457,383485,383476,383496,383461,383459,383491
1.268635,0,0,0,0,0,387149,387140,387168,387214,387187,387177,387177,387167,387174
1.270249,0,0,0,0,0,383972,383983,383969,383913,383924,383912,383912,383898,383890
1.271745,0,0,0,0,0,378083,378171,378320,378473,378638,378791,379001,379155,379286
1.273330,0,0,0,0,0,383928,384014,384000,383987,383954,383944,383864,383930,383916
1.274934,0,0,0,0,0,381649,381615,381614,381624,381645,381631,381643,381574,381574
1.276536,0,0,0,0,0,382916,382881,382881,382848,382813,382824,501606,503403,503415
1.278167,0,0,0,0,0,498546,498546,498545,498577,498622,498643,379866,378101,378111
1.279749,0,0,0,0,0,385647,385637,385636,385622,385601,385574,385566,385543,385530
1.281363,0,0,0,0,0,386249,386268,386246,386258,386264,386289,386287,386327,386318
1.282989,0,0,0,0,0,385889,385890,385909,385949,385952,385938,385937,385883,385879
1.284601,0,0,0,0,0,389133,389089,389097,389033,389028,389007,389007,389060,389062
1.286219,0,0,0,0,0,385227,385246,385245,385245,385243,385309,385320,385286,385294
1.287831,0,0,0,0,0,386118,386131,386142,386137,386095,386026,386013,386046,386044
1.289445,0,0,0,0,0,386968,386966,386952,386955,386997,387008,387015,386958,386970
1.291059,0,0,0,0,0,386375,386382,386361,386381,386380,386366,386357,386356,386330
1.292670,0,0,0,0,0,389383,389427,389440,389427,389470,389470,389468,389523,389514
1.294301,0,0,0,0,0,385409,385364,385382,385379,385313,385379,385379,385323,385331
1.295912,0,0,0,0,0,386221,386229,386220,386201,386253,386186,386184,386183,386180
1.297526,0,0,0,0,0,386236,386213,386188,386210,386144,386142,386175,386228,386240
1.299138,0,0,0,0,0,385950,385954,385952,385926,385969,386001,385975,385932,385933
1.300749,0,0,0,0,0,390612,390619,390651,390650,390604,390571,390583,390550,390534
1.302367,0,0,0,0,0,386044,386051,386042,386074,386173,386238,386215,386314,386327
1.303979,0,0,0,0,0,386117,386087,386074,386128,386051,385984,386004,385923,385922
1.305606,0,0,0,0,0,382506,382513,382511,382424,382421,382419,382376,382428,382440
1.307219,0,0,0,0,0,386134,386137,386124,386142,386132,386132,386153,386099,386072
1.308830,0,0,0,0,0,389489,389504,389517,389507,389493,389558,389556,389555,389567
1.310448,0,0,0,0,0,386440,386423,386429,386429,386449,386394,386460,386460,386445
1.312060,0,0,0,0,0,385142,385162,385174,385181,385184,385191,385124,385123,385123
1.313674,0,0,0,0,0,386795,386769,386746,386724,386731,386711,386763,386773,386785
1.315288,0,0,0,0,0,386332,386331,386331,386343,386388,386419,386385,386373,386371
1.316915,0,0,0,0,0,387131,387121,387141,387148,387081,387079,387057,387055,387055
1.318529,0,0,0,0,0,383076,383097,383095,383107,383106,383092,383092,383146,383144
1.320140,0,0,0,0,0,385686,385726,385718,385716,385748,385736,385714,385658,385645
1.321753,0,0,0,0,0,385494,385459,385458,385444,385478,385467,385486,385507,385497
1.323365,0,0,0,0,0,385446,385416,385411,385437,385455,385455,385454,385431,385439
1.324979,0,0,0,0,0,386749,386760,386738,386723,386668,386689,386722,386721,386732
1.326591,0,0,0,0,0,386039,386027,386046,386025,385978,385968,385954,385953,385952
1.328092,0,0,0,0,0,375777,375805,375796,375794,375805,375813,375792,375870,375943
1.329677,0,0,0,0,0,386068,386026,386045,386066,386086,386064,386083,385982,385907
1.331290,0,0,0,0,0,384582,384614,384579,384558,384548,384567,384546,384566,384553
1.332984,0,0,0,0,0,477421,477412,477421,477451,477450,477450,477448,477449,477447
1.334704,0,0,0,0,0,385793,385779,385803,385857,385877,385876,385875,385873,385885
1.336315,0,0,0,0,0,385701,385712,385711,385643,385643,385641,385641,385694,385739
1.337929,0,0,0,0,0,386429,386479,386457,386503,386456,386434,386432,386377,386317
1.339556,0,0,0,0,0,386529,386465,386451,386438,386457,386469,386469,386467,386466
1.341171,0,0,0,0,0,423663,423670,423682,423647,423713,423712,423711,423710,423711
1.342830,0,0,0,0,0,384682,384652,384693,384670,384617,384603,384601,384600,384597
1.344440,0,0,0,0,0,384957,384977,384954,384950,384939,384972,384972,384970,384983
1.345958,0,0,0,0,0,377473,377481,377458,377448,377468,377467,377486,377487,377485
1.347540,0,0,0,0,0,385347,385345,385347,385434,385412,385386,385363,385341,385340
1.349154,0,0,0,0,0,423574,423594,423604,423516,423523,423526,423546,423555,423521
1.350825,0,0,0,0,0,385951,385941,385948,385980,385991,385987,385978,385988,386020
1.352437,0,0,0,0,0,386395,386403,386395,386393,386369,386358,386345,386410,386388
1.354050,0,0,0,0,0,386487,386470,386443,386430,386420,386431,386452,386384,386404
1.355663,0,0,0,0,0,386492,386498,386498,386477,386475,386496,386493,386493,386493
1.357277,0,0,0,0,0,385373,385374,385384,385381,385401,385379,385380,385457,385464
1.358889,0,0,0,0,0,386854,386852,386847,386872,386871,386857,386835,386810,386792
1.360502,0,0,0,0,0,386413,386404,386395,386402,386455,386455,386445,386410,386405
1.362190,0,0,0,0,0,385591,385564,385563,385531,385443,385455,385482,385515,385506
1.363803,0,0,0,0,0,385370,385403,385423,385432,385477,385471,385463,385487,385506
1.365460,0,0,0,0,0,386546,386538,386516,386537,386523,386581,386566,386540,386540
1.367073,0,0,0,0,0,385546,385551,385583,385569,385547,385480,385480,385478,385490
1.368684,0,0,0,0,0,390005,389971,389937,389949,389969,389978,390000,390011,389997
1.370300,0,0,0,0,0,385841,385861,385873,385872,385925,385925,385902,385889,385900
1.371911,0,0,0,0,0,385753,385723,385742,385741,385686,385672,385670,385669,385655
1.373584,0,0,0,0,0,387242,387274,387260,387225,387205,387203,387203,387149,387148
1.375197,0,0,0,0,0,386545,386541,386534,386554,386551,386551,386550,386627,386648
1.376809,0,0,0,0,0,387481,387471,387468,387446,387479,387487,387498,387418,387395
1.378419,0,0,0,0,0,382713,382734,382742,382755,382728,382710,382705,382717,382716
1.380021,0,0,0,0,0,381283,381259,381249,381256,381249,381256,381313,381299,381320
1.381544,0,0,0,0,0,377369,377378,377365,377368,377399,377406,377352,377351,377395
1.383126,0,0,0,0,0,382622,382613,382645,382631,382616,382608,382592,382646,382559
1.384750,0,0,0,0,0,390716,390726,390693,390700,390679,390678,390679,390623,390641
1.386367,0,0,0,0,0,385351,385325,385348,385348,385347,385378,385376,385376,385376
1.387977,0,0,0,0,0,387495,387521,387495,387505,387504,387491,387490,387489,387488
1.389637,0,0,0,0,0,385874,385860,385859,385859,385879,385878,385890,385888,385873
1.391249,0,0,0,0,0,386191,386169,386189,386166,386177,386164,386150,386128,386141
1.392860,0,0,0,0,0,420323,420321,420320,420321,420294,420296,420296,420316,420303
1.394509,0,0,0,0,0,383064,383083,383095,383112,383125,383113,383112,383111,383121
1.396124,0,0,0,0,0,381398,381473,381451,381451,381430,381448,381447,381446,381459
1.397647,0,0,0,0,0,377104,377062,377081,377068,377078,377065,377043,377042,377027
1.399262,0,0,0,0,0,384685,384658,384649,384661,384669,384660,384680,384679,384667
1.400871,0,0,0,0,0,344956,344976,344975,345028,345019,345027,345025,345003,345015
1.402503,0,0,0,0,0,384354,384319,384318,384230,384237,384228,384226,384235,384244
1.404112,0,0,0,0,0,386218,386222,386217,386216,386206,386192,386191,386203,386190
1.405771,0,0,0,0,0,386420,386439,386437,386503,386490,386522,386535,386532,386520
1.407395,0,0,0,0,0,384893,384872,384850,384803,384814,384801,384800,384800,384809
1.409009,0,0,0,0,0,384244,384251,384263,384275,384283,384273,384260,384312,384313
1.410619,0,0,0,0,0,385726,385717,385704,385701,385700,385700,385752,385711,385709
1.412229,0,0,0,0,0,384925,384935,384969,384957,384947,384978,384944,384984,384984
1.413885,0,0,0,0,0,386022,386022,386018,386017,386015,385991,385981,385926,385912
1.415497,0,0,0,0,0,383557,383531,383532,383496,383484,383474,383461,383526,383538
1.417110,0,0,0,0,0,384285,384318,384283,384305,384303,384281,384281,384212,384198
1.418611,0,0,0,0,0,380672,380659,380670,380692,380701,380721,380711,380720,380697
1.420198,0,0,0,0,0,385977,385974,385975,385962,385965,385973,385980,385983,386017
1.421855,0,0,0,0,0,387112,387116,387110,387080,387087,387110,387175,387182,387172
1.423469,0,0,0,0,0,385770,385753,385756,385776,385774,385752,385673,385652,385647
1.425083,0,0,0,0,0,387929,387920,387939,387947,387926,387912,387924,387922,387934
1.426731,0,0,0,0,0,385809,385832,385831,385830,385842,385850,385848,385825,385823
1.428342,0,0,0,0,0,385737,385711,385710,385721,385728,385739,385718,385792,385805
1.430013,0,0,0,0,0,387267,387290,387257,387256,387241,387233,387252,387185,387171
1.431626,0,0,0,0,0,386465,386474,386493,386459,386464,386470,386536,386614,386613
1.433240,0,0,0,0,0,386816,386793,386784,386816,386823,386801,386734,386668,386666
1.434852,0,0,0,0,0,385799,385818,385839,385838,385803,385803,385801,385799,385799
1.436465,0,0,0,0,0,385877,385878,385864,385841,385860,385838,385838,385838,385823
1.438121,0,0,0,0,0,386873,386850,386861,386869,386860,386980,386999,387010,387024
1.439735,0,0,0,0,0,385404,385413,385389,385401,385421,385320,385286,385286,385283
1.441364,0,0,0,0,0,387272,387270,387272,387270,387283,387302,387313,387353,387352
1.442977,0,0,0,0,0,386681,386747,386745,386744,386743,386741,386740,386684,386684
1.444589,0,0,0,0,0,447077,446980,446975,446954,457616,458247,458246,458912,459388
1.446297,0,0,0,0,0,398480,398480,398503,398522,387858,387239,387259,386590,386112
1.447908,0,0,0,0,0,386549,386581,386567,386547,386545,386518,386576,386577,386630
1.449523,0,0,0,0,0,386235,386234,386213,386232,386219,386210,386129,386127,386060
1.451135,0,0,0,0,0,385622,385608,385630,385608,385594,385585,385592,385584,385580
1.452760,0,0,0,0,0,390068,390097,390085,390084,390108,390117,390128,390135,390135
1.454378,0,0,0,0,0,385087,385043,385064,385083,385082,385101,385147,385199,385224
1.455989,0,0,0,0,0,386681,386680,386666,386645,386612,386676,386609,386608,386574
1.457604,0,0,0,0,0,386954,386979,386956,386964,386963,386875,386872,386817,386837
1.459218,0,0,0,0,0,385468,385466,385467,385478,385509,385496,385531,385529,385516
1.460829,0,0,0,0,0,384966,384965,384985,384962,384915,384948,384912,384926,384935
1.462447,0,0,0,0,0,385532,385531,385507,385528,385529,385506,385506,385491,385492
1.464071,0,0,0,0,0,386242,386230,386265,386263,386307,386327,386325,386326,386304
1.465686,0,0,0,0,0,387288,387306,387303,387269,387234,387201,387200,387198,387216
1.467299,0,0,0,0,0,385934,385921,385900,385933,385932,385963,385962,385960,385960
1.468914,0,0,0,0,0,386237,386216,386193,386192,386211,386189,386190,386243,386255
1.470528,0,0,0,0,0,385222,385233,385254,385251,385219,385218,385215,385216,385202
1.472139,0,0,0,0,0,386181,386247,386234,386201,386244,386265,386264,386207,386207
1.473751,0,0,0,0,0,385831,385762,385793,385827,385781,385770,385778,385790,385777
1.475378,0,0,0,0,0,386032,386107,386086,386084,386183,386169,386159,386146,386157
1.476992,0,0,0,0,0,421580,421504,421504,421490,421413,421435,421433,421486,421497
1.478648,0,0,0,0,0,385250,385271,385278,385322,385310,385286,385285,385230,385218
1.480259,0,0,0,0,0,384227,384224,384235,384202,384209,384221,384222,384220,384230
1.481871,0,0,0,0,0,383184,383162,383149,383127,383125,383126,383124,383122,383108
1.483475,0,0,0,0,0,381640,381629,381681,381680,381683,381656,381655,381655,381655
1.485189,0,0,0,0,0,422352,422373,422298,422284,422293,422304,422304,422358,422369
1.486726,0,0,0,0,0,351399,350886,350404,349924,349410,348929,348436,347883,347371
1.488308,0,0,0,0,0,341611,341611,341610,341608,341607,341577,341587,341622,341610
1.489921,0,0,0,0,0,338342,338349,338347,338317,338327,338333,338313,338263,338251
1.491525,0,0,0,0,0,337132,337138,337130,337158,337117,337109,337116,337128,337137
1.493082,0,0,0,0,0,340984,340974,340973,340972,341011,341029,341010,341026,341026
1.494595,0,0,0,0,0,333288,333281,333288,333287,333287,333303,333331,333360,333369
1.496047,0,0,0,0,0,333315,333313,333313,333311,333317,333290,333261,333201,333200
1.497518,0,0,0,0,0,331754,331754,331752,331752,331733,331721,331719,331718,331696
1.498966,0,0,0,0,0,333400,333407,333406,333404,333413,333432,333459,333477,333487
1.500412,0,0,0,0,0,332822,332812,332812,332813,332812,332810,332798,332789,332799
1.501858,0,0,0,0,0,331453,331460,331458,331445,331415,331425,331425,331424,331401
1.503433,0,0,0,0,0,340498,340490,340489,340487,340497,340485,340467,340455,340483
1.505045,0,0,0,0,0,341264,341270,341261,341260,341277,341277,341287,341354,341354
1.506692,0,0,0,0,0,336443,336444,336439,336450,336420,336400,336386,336318,336316
1.508316,0,0,0,0,0,340265,340261,340272,340241,340259,340276,340287,340362,340354
1.509972,0,0,0,0,0,339497,339509,339490,339507,339488,339486,339485,339406,339413
1.511583,0,0,0,0,0,340585,340612,340629,340651,340638,340638,340637,340637,340635
1.513195,0,0,0,0,0,340959,340918,340917,340894,340932,340914,340919,340930,340928
1.514808,0,0,0,0,0,340145,340137,340136,340146,340147,340163,340163,340179,340161
1.516419,0,0,0,0,0,339663,339681,339680,339679,339666,339676,339686,339685,339683
1.518074,0,0,0,0,0,340919,340899,340899,340898,340908,340896,340896,340894,340912
1.519700,0,0,0,0,0,340134,340131,340129,340100,340087,340068,340067,340067,340037
1.521313,0,0,0,0,0,340451,340460,340460,340485,340485,340484,340471,340441,340462
1.522925,0,0,0,0,0,339830,339829,339827,339817,339808,339824,339835,339834,339834
1.524535,0,0,0,0,0,339601,339600,339569,340548,341083,394471,396386,396892,397566
1.526241,0,0,0,0,0,398378,398364,398375,397453,396925,343529,341581,341091,340425
1.527851,0,0,0,0,0,340037,340029,340047,339998,340007,340014,340013,340025,340030
1.529464,0,0,0,0,0,340793,340811,340798,340798,340797,340806,340824,340803,340792
1.531089,0,0,0,0,0,341185,341232,341253,341251,341250,341250,341220,341256,341248
1.532700,0,0,0,0,0,343773,343725,343713,343759,343770,343757,343767,343748,343725
1.534317,0,0,0,0,0,340281,340326,340317,340270,340247,340256,340255,340242,340263
1.535928,0,0,0,0,0,338408,338359,338360,338358,338356,338345,338354,338335,338341
1.537540,0,0,0,0,0,340017,340017,339992,339992,340003,339991,339990,339989,339988
1.539151,0,0,0,0,0,340086,340077,340124,340103,340091,340123,340131,340129,340139
1.540762,0,0,0,0,0,343449,343455,343425,343443,343434,343401,343392,343469,343450
1.542393,0,0,0,0,0,340037,339967,339970,339969,339986,339995,340002,339983,339981
1.544004,0,0,0,0,0,340053,340122,340126,340125,340113,340124,340123,340073,340073
1.545617,0,0,0,0,0,340380,340371,340343,340342,340330,340310,340289,340297,340295
1.547106,0,0,0,0,0,335538,335538,335584,335564,335585,335562,335580,335571,335590
1.548690,0,0,0,0,0,343964,343970,343940,343958,343927,343967,343947,343993,343981
1.550309,0,0,0,0,0,341627,341608,341619,341618,341636,341606,341605,341616,341603
1.551920,0,0,0,0,0,336837,336854,336853,336852,336850,336877,336907,336854,336856
1.553426,0,0,0,0,0,346651,349169,351622,354077,356548,359002,361454,363923,366397
1.555075,0,0,0,0,0,376018,375953,375957,375954,375950,375952,375953,375948,375951
1.556749,0,0,0,0,0,383777,385067,385062,385085,385083,385084,385081,385160,385155
1.558361,0,0,0,0,0,371628,370355,370356,370333,370354,370348,370371,370290,370289
1.559880,0,0,0,0,0,366823,366803,366802,366800,366777,366781,366755,366754,366775
1.561531,0,0,0,0,0,375118,375117,375118,375117,375116,375114,375115,375114,375094
1.563217,0,0,0,0,0,375638,375657,375673,375672,375675,375669,375668,375671,375667
1.564919,0,0,0,0,0,375770,375790,375768,375772,375768,375789,375787,375805,375804
1.566606,0,0,0,0,0,374937,374914,374917,374912,374931,374909,374909,374927,374948
1.568290,0,0,0,0,0,376756,376759,376774,376773,376751,376754,376753,376710,376708
1.569977,0,0,0,0,0,376608,376606,376584,376603,376602,376620,376619,376640,376618
1.571663,0,0,0,0,0,374819,374816,374820,374797,374795,374775,374776,374752,374754
1.573398,0,0,0,0,0,375608,375610,375604,375609,375608,375625,375622,375623,375623
1.575098,0,0,0,0,0,375834,375810,375810,375809,375809,375785,375789,375787,375804
1.576784,0,0,0,0,0,377804,377826,377846,377841,377839,377842,377835,377894,377875
1.578474,0,0,0,0,0,375398,375397,375375,375378,375376,375395,375395,375334,375332
1.580159,0,0,0,0,0,373486,373480,373484,373479,373480,373460,373458,373458,373457
1.581893,0,0,0,0,0,377296,377335,377328,377330,377329,377383,377388,377386,377380
1.583581,0,0,0,0,0,374891,374853,374852,374905,374908,374849,374843,374846,374847
1.585280,0,0,0,0,0,441245,441228,441228,441169,441166,441164,441186,441240,441239
1.587593,0,0,0,0,0,370416,370429,370430,370430,370426,370430,370405,370345,370365
1.589266,0,0,0,0,0,374922,374921,374938,374938,374941,374934,374934,374937,374915
1.590793,0,0,0,0,0,369637,369676,369657,369655,369651,369674,369673,369672,369670
1.592309,0,0,0,0,0,374314,374278,374432,374587,375918,375917,375935,375934,375933
1.593834,0,0,0,0,0,368390,368425,368271,368112,366777,366776,366756,366755,366756
1.595365,0,0,0,0,0,368974,368935,368929,368934,368993,368971,369010,369010,369025
1.596877,0,0,0,0,0,432582,432577,432579,432573,432513,432516,432475,432491,432474
1.598467,0,0,0,0,0,370035,370039,370058,370057,370057,370053,370052,370029,370048
1.599980,0,0,0,0,0,367016,367051,367031,367030,367028,367027,367026,367025,367006
1.601492,0,0,0,0,0,366743,366705,366701,366704,366703,366721,366721,366720,366717
1.603004,0,0,0,0,0,367379,367375,367376,367371,367370,367352,367350,367372,367369
1.604516,0,0,0,0,0,368166,368169,368165,368165,368167,405026,403629,403686,403684
1.606101,0,0,0,0,0,401322,401321,401343,401341,401358,364511,365910,365846,365852
1.607747,0,0,0,0,0,374215,374232,374209,374229,374207,374188,374187,374227,374220
1.609432,0,0,0,0,0,374265,374242,374246,374283,374305,374304,374299,374244,374243
1.611116,0,0,0,0,0,373968,373989,373982,373927,373903,373901,373904,373897,373919
1.612799,0,0,0,0,0,377292,377310,377310,377307,377308,377306,377304,377364,377340
1.614487,0,0,0,0,0,374963,374924,374945,374942,374961,374961,375038,374977,375000
1.616170,0,0,0,0,0,373337,373336,373313,373333,373311,373309,373231,373290,373266
1.617868,0,0,0,0,0,373136,373136,373156,373210,373231,373253,373249,373188,373190
1.619424,0,0,0,0,0,370874,370854,370849,370774,370751,370729,370733,370732,370727
1.621088,0,0,0,0,0,411287,411323,411307,411304,411302,411323,411338,411337,411359
1.622823,0,0,0,0,0,375537,375517,375536,375534,375555,375531,375508,375569,375544
1.624509,0,0,0,0,0,374718,374713,374694,436133,436172,436172,464866,464042,469882
1.626201,0,0,0,0,0,461969,461972,461967,400585,400526,400524,371828,372592,366751
1.627739,0,0,0,0,0,369217,369234,369255,369194,369189,369192,369191,369187,369191
1.629260,0,0,0,0,0,368116,368098,368075,368079,368078,368073,368076,368075,368090
1.630776,0,0,0,0,0,367320,367317,367316,367314,367313,367313,367311,367312,367289
1.632291,0,0,0,0,0,366415,366412,366414,366411,366410,366412,366408,366463,366445
1.633804,0,0,0,0,0,365938,365940,365934,365956,365955,365951,365954,365895,365935
1.635453,0,0,0,0,0,374578,374577,374596,374575,374575,374595,374590,374611,374587
1.637141,0,0,0,0,0,412702,412702,412682,412741,412759,412738,412739,412716,412719
1.638892,0,0,0,0,0,374753,374751,374750,374685,374669,374666,374664,374666,374661
1.640577,0,0,0,0,0,447288,444902,448997,449958,447405,447621,451716,451883,451882
1.642235,0,0,0,0,0,372896,375280,371203,370243,372789,372594,368554,368404,368403
1.643890,0,0,0,0,0,375060,375061,375063,375059,375080,375056,374998,374978,374977
1.645628,0,0,0,0,0,375143,375118,375175,375176,375175,375174,375172,375171,375170
1.647315,0,0,0,0,0,374722,374740,374663,374659,374638,374641,374640,374694,374697
1.648879,0,0,0,0,0,424585,424587,424600,424604,424603,424619,424677,424618,424616
1.650547,0,0,0,0,0,367511,367510,367490,367489,367545,367525,367469,367468,367486
1.652064,0,0,0,0,0,368260,368238,368260,368273,368216,368214,368209,368212,368189
1.653630,0,0,0,0,0,368511,368531,368507,368510,368507,368506,368509,368503,368523
1.655146,0,0,0,0,0,367243,367242,367241,367222,367221,367218,367218,367217,367177
1.656660,0,0,0,0,0,369330,369309,369311,369307,369305,369310,369303,369325,369361
1.658177,0,0,0,0,0,366677,366697,366693,366695,366714,366713,366713,366749,366733
1.659836,0,0,0,0,0,375005,375003,375024,375020,374999,374998,374997,374995,374972
1.661573,0,0,0,0,0,375483,375478,375459,375517,375516,375514,375513,375476,375493
1.663259,0,0,0,0,0,374765,374787,374783,374727,374725,374721,374724,374699,374721
1.664947,0,0,0,0,0,373749,373727,373728,373723,373724,373725,373720,373721,373679
1.666632,0,0,0,0,0,374696,374697,374693,374695,374694,374712,374728,374789,374807
1.668317,0,0,0,0,0,375070,375089,375128,375124,375126,375104,375108,375084,375082
1.669966,0,0,0,0,0,367923,367920,367880,367882,367877,367875,367856,367815,367815
1.671623,0,0,0,0,0,373826,373807,373805,373804,373805,373804,373803,373861,373841
1.673312,0,0,0,0,0,375199,375257,375275,375274,375272,375293,375289,375288,375308
1.674998,0,0,0,0,0,374968,374908,374888,374888,374886,374863,374864,374805,374801
1.676683,0,0,0,0,0,378025,378022,378025,378020,378019,378022,378018,378016,377997
1.678375,0,0,0,0,0,373917,373914,373914,373912,373912,373911,373909,373930,373966
1.680074,0,0,0,0,0,374941,374946,374940,374945,374942,374938,374940,374918,374940
1.681762,0,0,0,0,0,372346,372342,372341,372398,372399,372398,372457,372454,372412
1.683439,0,0,0,0,0,371430,371426,371429,371364,371422,371424,371380,371384,371381
1.685386,0,0,0,0,0,426140,426162,426157,426179,426118,426113,426097,426091,426115
1.687006,0,0,0,0,0,368482,368482,368557,368538,368537,368536,368536,368596,368570
1.688660,0,0,0,0,0,377314,377293,377216,377232,377232,377231,377230,377168,377169
1.690229,0,0,0,0,0,365610,365587,365590,365567,365565,365588,365604,365604,365603
1.691875,0,0,0,0,0,371554,371612,371630,371630,371651,371627,371603,371625,371623
1.693484,0,0,0,0,0,537223,537222,537221,537241,537218,537216,537220,537196,537216
1.695369,0,0,0,0,0,374017,373979,373956,373996,373996,374018,374013,374012,373994
1.697056,0,0,0,0,0,374019,374055,374054,373994,373993,374050,374050,374048,374025
1.698740,0,0,0,0,0,373569,373551,373549,373545,373546,373464,373521,373526,373543
1.700306,0,0,0,0,0,348639,347998,347381,346781,346231,345632,344974,344369,343749
1.702011,0,0,0,0,0,347895,347893,347894,347892,347839,347837,347835,347888,347906
1.703695,0,0,0,0,0,346063,346062,346061,346061,346060,346058,346058,346004,346004
1.705380,0,0,0,0,0,336937,336919,336933,336985,336984,336984,336982,336982,336961
1.707065,0,0,0,0,0,336992,337007,336991,336937,336936,336935,336935,336932,336952
1.708748,0,0,0,0,0,340671,340672,340671,340669,340667,340666,340664,340664,340643
1.710320,0,0,0,0,0,333446,333429,333444,333443,333443,333443,333443,333441,333459
1.711975,0,0,0,0,0,347165,347179,347162,347160,347159,347158,347156,347156,347155
1.713661,0,0,0,0,0,336259,336258,336256,336256,336254,336252,336252,336250,336250
1.715345,0,0,0,0,0,336823,336822,336838,336837,336836,336836,336834,336834,336832
1.717032,0,0,0,0,0,368080,368080,368062,368114,368112,368112,368110,368109,368088
1.718765,0,0,0,0,0,337111,337093,337108,337055,337055,337053,337052,337103,337103
1.720462,0,0,0,0,0,337394,337410,337392,337391,337390,337389,337389,337335,337334
1.722246,0,0,0,0,0,383035,383017,383034,383033,383032,383030,383029,383028,383047
1.723930,0,0,0,0,0,336464,336464,336462,336460,336459,336459,336457,336457,336456
1.725666,0,0,0,0,0,347812,347826,347810,347809,347808,347806,347807,347858,347856
1.727352,0,0,0,0,0,347126,347126,347124,347124,347123,347123,347121,347068,347067
1.729039,0,0,0,0,0,347093,347108,347106,347105,347105,347103,347102,347099,347079
1.730738,0,0,0,0,0,335571,335570,335569,335568,335566,335566,335565,335566,335582
1.732422,0,0,0,0,0,336133,336098,336131,336113,336112,336110,336111,336143,336111
1.734057,0,0,0,0,0,329723,329723,329705,329720,329719,329772,329769,329768,329766
1.735711,0,0,0,0,0,336393,336392,336391,336390,336390,336335,336335,336301,336334
1.737398,0,0,0,0,0,336598,336613,336597,336648,336647,336646,336644,336642,336642
1.739082,0,0,0,0,0,337270,337269,337266,337214,337214,337212,337212,337211,337209
1.740791,0,0,0,0,0,389623,389607,389639,389675,389671,389724,389723,389723,389722
1.742432,0,0,0,0,0,335463,335512,335496,335458,335459,335405,335456,335455,335455
1.743962,0,0,0,0,0,341068,341068,341067,341065,341116,341116,341062,341061,341058
1.745482,0,0,0,0,0,331100,331048,331048,331046,330992,330990,330989,330988,330989
1.746999,0,0,0,0,0,331379,331393,331374,331374,331374,331374,331373,331372,331370
1.748514,0,0,0,0,0,331134,331134,331133,331132,331130,367993,368774,368984,368983
1.750144,0,0,0,0,0,367108,367106,367105,367104,367103,330238,329455,329241,329241
1.751804,0,0,0,0,0,337442,337441,337439,337438,337438,337437,337489,337490,337468
1.753529,0,0,0,0,0,338093,338076,338092,338091,338090,338089,338035,338033,338053
1.755216,0,0,0,0,0,337967,337966,337965,337964,337962,337961,337961,337959,337957
1.756977,0,0,0,0,0,415385,415383,415383,415436,415436,415434,415432,415433,415432
1.758780,0,0,0,0,0,338051,338067,338066,337994,337993,337992,338044,338075,338042
1.760464,0,0,0,0,0,348180,348179,348162,348179,348176,348228,348174,348193,385089
1.762091,0,0,0,0,0,380033,380017,380031,380029,380029,380028,380028,379975,343162
1.763747,0,0,0,0,0,349160,349211,349210,349210,349208,349155,349154,349152,349098
1.765484,0,0,0,0,0,339334,339296,339279,339277,339277,339275,339275,339273,339253
1.767171,0,0,0,0,0,338468,338467,338466,338465,338465,338465,338462,338462,338480
1.768856,0,0,0,0,0,367797,367797,367795,367848,367845,367844,367844,367843,367823
1.770588,0,0,0,0,0,337445,337444,337443,337389,337389,337388,337386,337438,337456
1.772286,0,0,0,0,0,338438,338436,338436,338435,338434,338433,338432,338379,338378
1.774023,0,0,0,0,0,338042,338042,338041,338039,338092,338090,338090,338087,338087
1.775709,0,0,0,0,0,337675,337674,337673,337723,337668,337669,337667,337700,337719
1.777398,0,0,0,0,0,337929,337927,337925,337874,337873,337870,337870,337869,337814
1.779085,0,0,0,0,0,337480,337480,337480,337478,337479,337531,337530,337496,337528
1.780771,0,0,0,0,0,339836,339834,339834,339833,339831,339777,339828,339827,339807
1.782345,0,0,0,0,0,332096,332095,332093,332093,332091,332089,332036,332036,332054
1.784001,0,0,0,0,0,337697,337679,337696,337693,337693,337692,337691,337690,337688
1.785689,0,0,0,0,0,338800,338816,338797,338797,338796,338796,338793,338792,338793
1.787376,0,0,0,0,0,337702,337701,337699,337700,337699,337697,337697,337696,337695
1.789063,0,0,0,0,0,371181,371182,371181,371231,371229,371229,371228,371227,371226
1.790801,0,0,0,0,0,337438,337435,337435,337381,337380,337380,337378,337377,337355
1.792500,0,0,0,0,0,337893,337893,337892,337891,395235,395791,395758,395790,408064
1.794157,0,0,0,0,0,395825,395807,395823,395822,338476,337918,337950,337948,325660
1.795804,0,0,0,0,0,333975,333973,333972,333972,333972,333970,333970,333936,333967
1.797400,0,0,0,0,0,331481,331497,331479,331478,331476,331476,331473,331473,331453
1.799054,0,0,0,0,0,337996,337979,337995,337992,337992,337991,337991,337989,338008
1.800739,0,0,0,0,0,340272,340288,340270,340270,340269,340268,340267,340266,340245
1.802427,0,0,0,0,0,337745,337744,337742,337742,337741,337739,337738,337736,337754
1.804125,0,0,0,0,0,336986,336985,336984,336981,336980,336980,336979,336979,336979
1.805859,0,0,0,0,0,337653,337652,337668,337652,337651,337649,337649,337648,337626
1.807545,0,0,0,0,0,347521,347556,347556,347571,347569,347567,347566,347566,347586
1.809232,0,0,0,0,0,337480,337479,337477,337529,337528,337528,337526,337524,337503
1.810917,0,0,0,0,0,337841,337787,337802,337732,337731,337729,337729,337781,337800
1.812566,0,0,0,0,0,419191,417467,418738,422850,419577,424275,429342,428942,429748
1.814445,0,0,0,0,0,409471,411193,409905,405860,409131,416720,410627,410956,410146
1.816101,0,0,0,0,0,345836,345835,358137,356936,356920,348728,346478,350556,350453
1.817650,0,0,0,0,0,346315,346330,334009,335155,335170,331072,334344,330280,330383
1.819201,0,0,0,0,0,333011,333011,333010,333009,333006,333006,333005,333005,332983
1.820720,0,0,0,0,0,332813,332813,332811,332811,332811,332808,332807,332805,332826
1.822281,0,0,0,0,0,331041,331038,331038,331036,331036,331037,331035,331034,331032
1.823794,0,0,0,0,0,328760,328759,328758,328757,328755,328753,328753,328754,328752
1.825318,0,0,0,0,0,330669,330668,330667,330668,330667,330666,330665,330662,330641
1.826856,0,0,0,0,0,335504,335503,335502,335500,335498,335497,335496,335496,335516
1.828534,0,0,0,0,0,382459,382124,382297,382332,382333,402812,401038,401687,406012
1.830328,0,0,0,0,0,357420,357754,357579,357541,357538,337058,338829,338178,333831
1.832011,0,0,0,0,0,336807,336806,336805,336805,336806,336804,336803,336802,336821
1.833696,0,0,0,0,0,337548,337546,337562,337544,337541,337541,337540,337538,337537
1.835381,0,0,0,0,0,337207,337243,337241,337257,337257,337257,337308,337307,337305
1.837117,0,0,0,0,0,383496,383495,383494,383544,384020,384017,383965,383963,383963
1.838737,0,0,0,0,0,332120,332081,332064,332012,331534,331534,331532,331533,331532
1.840257,0,0,0,0,0,330752,330752,330750,330748,330747,330745,330746,330744,330742
1.841774,0,0,0,0,0,342122,342122,342122,342119,342118,342119,342117,342116,342115
1.843289,0,0,0,0,0,341602,341584,341599,341600,341600,341597,341595,341595,341595
1.844803,0,0,0,0,0,331306,331322,331304,331356,331355,331354,331354,331352,331350
1.846318,0,0,0,0,0,341060,341042,341059,341006,341003,341003,341001,341001,341000
1.847979,0,0,0,0,0,336770,336785,336767,336766,336766,336765,336764,336763,336762
1.849665,0,0,0,0,0,335415,335398,335414,335465,335463,335463,335462,335461,335461
1.851348,0,0,0,0,0,336221,336236,336218,336164,336164,336163,336162,336160,336139
1.852908,0,0,0,0,0,439590,440820,441172,441751,442084,442645,443014,443596,443983
1.854606,0,0,0,0,0,350174,348942,348589,352104,348447,347848,353227,350254,349852
1.856138,0,0,0,0,0,335588,335570,335584,331540,334862,334895,329145,331534,331565
1.857657,0,0,0,0,0,331269,331286,331268,331214,331213,331212,331211,331210,331190
1.859185,0,0,0,0,0,341239,341237,341254,341253,341304,341303,341301,341300,341351
1.860701,0,0,0,0,0,332443,332478,332476,332528,332475,332474,332473,332472,332439
1.862219,0,0,0,0,0,329596,329544,329544,329490,329489,329488,329487,329486,329485
1.863867,0,0,0,0,0,335677,335691,335673,335673,335671,335670,335670,335722,335720
1.865553,0,0,0,0,0,338715,338698,338713,338711,338711,338710,338709,338654,338654
1.867240,0,0,0,0,0,338061,338059,338060,338059,338057,338056,338056,338054,338052
1.868929,0,0,0,0,0,337357,337357,337353,337353,337351,337350,337348,337401,337401
1.870676,0,0,0,0,0,339481,339497,339480,339480,339479,339531,339529,339475,339474
1.872363,0,0,0,0,0,337991,337972,337989,337986,337986,337932,337932,337931,337910
1.874049,0,0,0,0,0,337591,337608,337590,337590,337590,337590,337588,337587,337585
1.875736,0,0,0,0,0,347208,347206,347204,347203,347201,347199,347199,347198,347198
1.877474,0,0,0,0,0,348833,348816,348849,348884,348884,348882,348934,348934,348952
1.879160,0,0,0,0,0,348411,348427,348393,348356,348355,348355,348300,348298,348279
1.880858,0,0,0,0,0,343351,343332,343347,343345,343343,343343,343342,343342,343359
1.882409,0,0,0,0,0,331772,331772,331771,331770,331769,331768,331768,331766,331766
1.883929,0,0,0,0,0,330924,330940,330923,330923,330922,330920,330919,330918,330896
1.885632,0,0,0,0,0,338279,338261,338276,338327,338327,338326,338325,338324,338344
1.887318,0,0,0,0,0,338847,338862,338846,338791,338790,338789,338787,338787,338786
1.889007,0,0,0,0,0,337013,337012,337009,337011,337008,337061,337061,337060,337038
1.890694,0,0,0,0,0,338525,338561,338576,338574,338575,338519,338518,338569,338588
1.892262,0,0,0,0,0,316154,315722,315298,314839,314380,313922,313462,312951,312492
1.893789,0,0,0,0,0,304909,304892,304890,304938,304937,304985,304984,304983,304982
1.895442,0,0,0,0,0,310352,310289,310255,310205,310252,310202,310202,310200,310248
1.897130,0,0,0,0,0,308268,308316,308365,308411,308362,308361,308359,308358,308309
1.898808,0,0,0,0,0,308480,308493,308442,308378,308377,308426,308473,308521,308519
1.900485,0,0,0,0,0,307488,307471,307471,307534,307533,307483,405738,403597,404325
1.902334,0,0,0,0,0,407144,407110,407093,407044,407043,407042,308786,310877,310146
1.904031,0,0,0,0,0,310983,311031,311045,311028,311076,311123,311073,311072,311120
1.905720,0,0,0,0,0,308804,308754,308739,308753,308701,308702,308701,308748,308699
1.907341,0,0,0,0,0,304222,304221,304220,304219,304220,304168,304246,304197,304197
1.909054,0,0,0,0,0,339207,339207,339269,339253,339251,339299,339219,339266,339314
1.910684,0,0,0,0,0,305314,305312,305296,305359,305359,305357,305357,305308,305258
1.912235,0,0,0,0,0,304623,304655,304622,304669,304666,304617,304617,304645,304661
1.913755,0,0,0,0,0,305112,305128,305173,305061,305062,305062,305058,305027,305009
1.915283,0,0,0,0,0,304945,304958,304894,304907,304906,304954,304953,304953,304951
1.916797,0,0,0,0,0,306147,306081,306129,306176,306223,306172,306173,306220,306268
1.918351,0,0,0,0,0,304514,304562,304576,304511,304462,304461,304460,304411,304409
1.920000,0,0,0,0,0,310092,310044,309981,310044,310043,310043,310090,310088,310039
1.921687,0,0,0,0,0,311202,311184,311246,311197,311244,311242,311193,311193,311193
1.923374,0,0,0,0,0,310574,310672,310669,310668,310668,310667,310666,310664,310663
1.925063,0,0,0,0,0,340877,340794,340730,340777,340727,340727,340726,340773,340821
1.926682,0,0,0,0,0,302976,303023,303070,303022,303020,303019,303065,303066,303063
1.928337,0,0,0,0,0,311647,311646,311646,311645,311742,311740,311691,311690,311640
1.930024,0,0,0,0,0,310679,310664,310629,310677,310627,310626,310626,310576,310606
1.931709,0,0,0,0,0,310515,310512,310576,310511,310510,310509,310506,310553,310523
1.933448,0,0,0,0,0,312835,312787,312770,312832,312782,312781,312782,312780,312779
1.935135,0,0,0,0,0,310826,310839,310823,310773,310773,310773,310771,310722,310721
1.936834,0,0,0,0,0,311059,311043,311008,311057,311055,311103,311102,311102,311082
1.938521,0,0,0,0,0,310241,310255,310270,310253,310253,310202,310201,310248,310266
1.940207,0,0,0,0,0,310765,310779,310747,310715,310714,310761,310809,310759,310806
1.941942,0,0,0,0,0,312115,312099,312147,312143,312190,312191,312141,312190,312189
1.943630,0,0,0,0,0,311599,311631,311597,311596,311547,311497,311496,311445,311378
1.945319,0,0,0,0,0,310430,310397,310428,310428,310474,310523,310522,310521,310586
1.947020,0,0,0,0,0,311282,311281,311232,311231,311231,311228,311276,311275,311274
1.948705,0,0,0,0,0,312802,312833,312897,312993,312944,312893,312843,312892,312843
1.950394,0,0,0,0,0,310493,310444,310393,310295,310342,310392,310439,310388,310387
1.952079,0,0,0,0,0,310387,310402,310385,310384,310335,310284,310284,310333,310380
1.953765,0,0,0,0,0,311875,311922,311971,312018,312066,312066,312015,311965,311964
1.955452,0,0,0,0,0,310952,310936,310901,310900,310849,310847,310848,310845,310845
1.957154,0,0,0,0,0,341492,341505,341538,341489,341489,341489,341488,341488,341419
1.958891,0,0,0,0,0,309437,309388,309338,309336,309334,309332,309331,309330,309348
1.960575,0,0,0,0,0,374578,375209,376601,377359,381473,381146,381518,381503,381501
1.962379,0,0,0,0,0,318717,318070,316739,315978,311863,312190,311814,311828,311828
1.964065,0,0,0,0,0,310622,310635,310571,310572,310571,310617,310618,310664,310663
1.965803,0,0,0,0,0,311802,311835,311849,311896,311894,311893,311891,311892,311871
1.967503,0,0,0,0,0,310602,310567,310551,310502,310551,310501,310548,310498,310516
1.969190,0,0,0,0,0,310897,310881,310944,310942,310893,310940,310892,310889,310889
1.970877,0,0,0,0,0,310702,310716,310715,310715,310761,310713,310711,310712,310709
1.972563,0,0,0,0,0,351526,351510,367973,368632,369409,369407,372222,372675,372725
1.974356,0,0,0,0,0,331015,331031,314550,313937,313158,313158,310340,309934,309865
1.976040,0,0,0,0,0,310066,310064,310014,309965,309916,309914,309914,309864,309881
1.977612,0,0,0,0,0,309396,309443,309458,309457,309504,309504,309503,309550,309550
1.979268,0,0,0,0,0,311692,311627,311626,311625,311625,311622,311622,311602,311619
1.980956,0,0,0,0,0,310846,310845,310844,310891,310890,310890,310889,310907,310917
1.982644,0,0,0,0,0,311747,311794,311793,311793,311743,311743,311741,311740,311709
1.984329,0,0,0,0,0,311337,311303,311336,311286,311333,311331,311380,311428,311427
1.986015,0,0,0,0,0,311661,311659,311610,311706,311656,311655,311653,311602,311602
1.987702,0,0,0,0,0,310841,310857,310856,310757,310756,310756,310707,310658,310687
1.989453,0,0,0,0,0,311063,311046,311109,311093,311092,311090,311089,311089,311056
1.991139,0,0,0,0,0,310726,310774,310709,310724,310723,310722,310720,310718,310718
1.992824,0,0,0,0,0,313634,313634,313632,313630,313630,313678,313725,313725,313774
1.994515,0,0,0,0,0,310969,310920,310935,310968,311014,310965,310916,310914,310846
1.996200,0,0,0,0,0,310949,310946,310993,310993,310945,310992,310992,311040,311039
1.997934,0,0,0,0,0,310952,310967,310903,310916,310914,310865,310911,310911,310928
1.999635,0,0,0,0,0,311170,311202,311249,311247,311296,311293,311244,311194,311192
